player_id,player_name,season,evt_50/50,evt_Bad Behaviour,evt_Ball Receipt*,evt_Ball Recovery,evt_Block,evt_Carry,evt_Clearance,evt_Dispossessed,evt_Dribble,evt_Dribbled Past,evt_Duel,evt_Error,evt_Foul Committed,evt_Foul Won,evt_Goal Keeper,evt_Injury Stoppage,evt_Interception,evt_Miscontrol,evt_Offside,evt_Own Goal Against,evt_Own Goal For,evt_Pass,evt_Player Off,evt_Player On,evt_Pressure,evt_Shield,evt_Shot,evt_Substitution,shots,xg_sum,xg_per_shot,total_events,events_per90
2941,Ismaïla Sarr,2023,0.0048543689320388345,0.0,0.3155339805825243,0.014563106796116505,0.0048543689320388345,0.2111650485436893,0.0024271844660194173,0.01699029126213592,0.021844660194174758,0.0048543689320388345,0.009708737864077669,0.0,0.007281553398058253,0.03398058252427184,0.0,0.0024271844660194173,0.0,0.021844660194174758,0.0,0.0,0.0,0.14805825242718446,0.0024271844660194173,0.0024271844660194173,0.14805825242718446,0.0,0.01699029126213592,0.009708737864077669,7.0,1.018452204,0.14549317199999998,412,114.33857539315447
2956,Bertrand Isidore Traoré,2023,0.0,0.0,0.31921824104234525,0.02280130293159609,0.003257328990228013,0.23452768729641693,0.0,0.003257328990228013,0.006514657980456026,0.0,0.029315960912052116,0.0,0.006514657980456026,0.02280130293159609,0.0,0.003257328990228013,0.003257328990228013,0.029315960912052116,0.0,0.0,0.0,0.2247557003257329,0.003257328990228013,0.003257328990228013,0.04234527687296417,0.0,0.035830618892508145,0.006514657980456026,11.0,2.5324120826,0.23021928023636365,307,0.0
2989,Alexander Djiku,2023,0.0,0.0,0.2453416149068323,0.018633540372670808,0.015527950310559006,0.21739130434782608,0.06832298136645963,0.003105590062111801,0.003105590062111801,0.006211180124223602,0.015527950310559006,0.0,0.006211180124223602,0.009316770186335404,0.0,0.006211180124223602,0.015527950310559006,0.0,0.0,0.0,0.0,0.2919254658385093,0.0,0.0,0.07453416149068323,0.0,0.003105590062111801,0.0,1.0,0.09743535,0.09743535,322,101.68421052631578
2995,Ángel Fabián Di María Hernández,2013-2014,0.0,0.0,0.26813880126182965,0.03785488958990536,0.00946372239747634,0.28391167192429023,0.0,0.015772870662460567,0.022082018927444796,0.0031545741324921135,0.0,0.0,0.0031545741324921135,0.012618296529968454,0.0,0.0,0.0031545741324921135,0.0031545741324921135,0.0,0.0,0.0,0.3028391167192429,0.0,0.0,0.028391167192429023,0.0,0.006309148264984227,0.0,2.0,0.223125344,0.111562672,317,0.0
2995,Ángel Fabián Di María Hernández,2024,0.0,0.0,0.30498533724340177,0.01906158357771261,0.007331378299120235,0.24633431085043989,0.001466275659824047,0.007331378299120235,0.026392961876832845,0.007331378299120235,0.008797653958944282,0.0,0.001466275659824047,0.010263929618768328,0.0,0.001466275659824047,0.0,0.005865102639296188,0.0,0.0,0.0,0.25513196480938416,0.0,0.0,0.08211143695014662,0.0,0.008797653958944282,0.005865102639296188,6.0,0.548604542,0.09143409033333333,682,0.0
3013,Nicolas Pépé,2023,0.00625,0.0,0.31875,0.025,0.003125,0.2125,0.0,0.0125,0.028125,0.0,0.01875,0.0,0.009375,0.015625,0.0,0.003125,0.00625,0.009375,0.0,0.0,0.0,0.246875,0.0,0.0,0.0625,0.0,0.015625,0.00625,5.0,1.063434039,0.21268680780000002,320,140.41930765480254
3017,Ibrahim Sangaré,2023,0.002577319587628866,0.0,0.25773195876288657,0.01804123711340206,0.014175257731958763,0.21649484536082475,0.01288659793814433,0.005154639175257732,0.001288659793814433,0.006443298969072165,0.01675257731958763,0.0,0.01288659793814433,0.015463917525773196,0.0,0.003865979381443299,0.005154639175257732,0.002577319587628866,0.0,0.0,0.0,0.27319587628865977,0.001288659793814433,0.001288659793814433,0.12371134020618557,0.0,0.006443298969072165,0.002577319587628866,5.0,0.25626416550000003,0.051252833100000006,776,177.664716357161
3035,Steeve Yago,2023,0.0033112582781456954,0.0,0.2119205298013245,0.039735099337748346,0.016556291390728478,0.19205298013245034,0.013245033112582781,0.009933774834437087,0.0,0.0033112582781456954,0.029801324503311258,0.0,0.016556291390728478,0.006622516556291391,0.0,0.0,0.019867549668874173,0.0,0.0,0.0,0.0,0.31788079470198677,0.0,0.0,0.11589403973509933,0.0,0.0,0.0033112582781456954,0.0,0.0,0.0,302,107.05001969279245
3044,Chancel Mbemba Mangulu,2023,0.0,0.001863932898415657,0.2749301025163094,0.022367194780987885,0.007455731593662628,0.24044734389561975,0.03727865796831314,0.001863932898415657,0.0,0.0009319664492078285,0.011183597390493943,0.0,0.0009319664492078285,0.0065237651444548,0.0,0.0027958993476234857,0.0027958993476234857,0.0009319664492078285,0.0,0.0,0.0,0.3317800559179869,0.0009319664492078285,0.0009319664492078285,0.046598322460391424,0.0009319664492078285,0.0065237651444548,0.0,7.0,2.308154674,0.329736382,1073,0.0
3053,Leroy Sané,2015-2016,0.002932551319648094,0.0,0.2844574780058651,0.04398826979472141,0.008797653958944282,0.21407624633431085,0.0,0.005865102639296188,0.06744868035190615,0.005865102639296188,0.026392961876832845,0.0,0.005865102639296188,0.008797653958944282,0.0,0.0,0.005865102639296188,0.02346041055718475,0.0,0.0,0.0,0.1495601173020528,0.0,0.0,0.13196480938416422,0.0,0.01466275659824047,0.0,5.0,0.664624497,0.13292489940000002,341,161.5263157894737
3053,Leroy Sané,2023-2024,0.0,0.0,0.2922705314009662,0.033816425120772944,0.0024154589371980675,0.2608695652173913,0.0,0.00966183574879227,0.024154589371980676,0.0024154589371980675,0.00966183574879227,0.0,0.00966183574879227,0.007246376811594203,0.0,0.0,0.0,0.004830917874396135,0.0,0.0,0.0,0.2584541062801932,0.0,0.0,0.07729468599033816,0.0,0.007246376811594203,0.0,3.0,0.207877836,0.069292612,414,196.10526315789474
3058,Javier Hernández Balcázar,2015-2016,0.00128783000643915,0.00128783000643915,0.41661300708306503,0.018995492594977462,0.0051513200257566,0.16419832582099164,0.00128783000643915,0.011912427559562138,0.014488087572440437,0.000643915003219575,0.027366387636831937,0.0,0.008370895041854474,0.019317450096587252,0.0,0.0009658725048293626,0.0019317450096587251,0.019317450096587252,0.00128783000643915,0.0,0.0,0.17675466838377335,0.0003219575016097875,0.0003219575016097875,0.08403090792015454,0.0,0.0206052801030264,0.0035415325177076628,64.0,11.5035092055,0.1797423313359375,3106,124.05804819597923
3063,Danilo Luiz da Silva,2024,0.004243281471004243,0.0,0.28005657708628007,0.009900990099009901,0.011315417256011316,0.2446958981612447,0.016973125884016973,0.0,0.002828854314002829,0.004243281471004243,0.01272984441301273,0.0,0.007072135785007072,0.0,0.0,0.0,0.009900990099009901,0.0,0.0,0.0,0.0,0.36633663366336633,0.0,0.0,0.028288543140028287,0.0,0.0014144271570014145,0.0,1.0,0.07658868,0.07658868,707,0.0
3077,Jan Vertonghen,2018-2019,0.0,0.0,0.2794759825327511,0.017467248908296942,0.013100436681222707,0.27510917030567683,0.03056768558951965,0.0,0.0,0.008733624454148471,0.004366812227074236,0.0,0.0,0.0,0.0,0.0,0.004366812227074236,0.0,0.0,0.0,0.0,0.3406113537117904,0.0,0.0,0.021834061135371178,0.0,0.004366812227074236,0.0,1.0,0.057148643,0.057148643,229,216.94736842105263
3090,Nicolás Hernán Otamendi,2024,0.0,0.0,0.2916666666666667,0.010416666666666666,0.010416666666666666,0.2604166666666667,0.017361111111111112,0.0,0.0,0.006944444444444444,0.010416666666666666,0.0,0.0,0.0,0.0,0.0,0.003472222222222222,0.0,0.0,0.0,0.0,0.3472222222222222,0.0,0.0,0.03125,0.0,0.010416666666666666,0.0,3.0,1.50706665,0.50235555,288,0.0
3097,Pascal Groß,2015-2016,0.0,0.0,0.26997840172786175,0.01511879049676026,0.0021598272138228943,0.20086393088552915,0.0021598272138228943,0.004319654427645789,0.01079913606911447,0.004319654427645789,0.03023758099352052,0.0,0.0021598272138228943,0.004319654427645789,0.0,0.0021598272138228943,0.008639308855291577,0.012958963282937365,0.0,0.0,0.0,0.3282937365010799,0.0,0.0,0.09719222462203024,0.0,0.004319654427645789,0.0,2.0,0.12506877,0.062534385,463,219.3157894736842
3130,Gaël Kakuta,2023,0.007792207792207792,0.0,0.2805194805194805,0.02077922077922078,0.0,0.22597402597402597,0.0,0.025974025974025976,0.033766233766233764,0.0,0.01818181818181818,0.0,0.01038961038961039,0.01038961038961039,0.0,0.0025974025974025974,0.0,0.01038961038961039,0.0,0.0,0.0,0.1974025974025974,0.0,0.0,0.12207792207792208,0.0025974025974025974,0.02077922077922078,0.01038961038961039,8.0,0.340079048,0.042509881,385,130.80407701019254
3138,Abdoulaye Touré,2023,0.003703703703703704,0.0,0.27037037037037037,0.02962962962962963,0.007407407407407408,0.25925925925925924,0.0,0.007407407407407408,0.0,0.0,0.018518518518518517,0.0,0.007407407407407408,0.011111111111111112,0.0,0.0,0.011111111111111112,0.0,0.0,0.0,0.0,0.3148148148148148,0.0,0.0,0.05925925925925926,0.0,0.0,0.0,0.0,0.0,0.0,270,184.0909090909091
3141,André-Frank Zambo Anguissa,2023,0.001443001443001443,0.0,0.26262626262626265,0.030303030303030304,0.008658008658008658,0.22366522366522368,0.01443001443001443,0.005772005772005772,0.005772005772005772,0.001443001443001443,0.017316017316017316,0.0,0.012987012987012988,0.007215007215007215,0.0,0.0,0.007215007215007215,0.002886002886002886,0.0,0.0,0.0,0.29148629148629146,0.0,0.0,0.10533910533910534,0.0,0.001443001443001443,0.0,1.0,0.20195088,0.20195088,693,0.0
3159,Gregory Leigh,2024,0.00980392156862745,0.0,0.2107843137254902,0.029411764705882353,0.0392156862745098,0.18137254901960784,0.024509803921568627,0.004901960784313725,0.0,0.004901960784313725,0.03431372549019608,0.0,0.00980392156862745,0.004901960784313725,0.0,0.0,0.024509803921568627,0.00980392156862745,0.0,0.0,0.0,0.3284313725490196,0.0,0.0,0.0784313725490196,0.004901960784313725,0.0,0.0,0.0,0.0,0.0,204,0.0
3164,Marcelo Antônio Guedes Filho,2015-2016,0.0,0.0,0.15841584158415842,0.07425742574257425,0.024752475247524754,0.20297029702970298,0.04950495049504951,0.0,0.0049504950495049506,0.0049504950495049506,0.024752475247524754,0.0049504950495049506,0.009900990099009901,0.0,0.0,0.0,0.024752475247524754,0.0,0.0,0.0,0.0,0.35148514851485146,0.0,0.0,0.06435643564356436,0.0,0.0,0.0,0.0,0.0,0.0,202,0.0
3191,Ramy Bensebaini,2023,0.0,0.0,0.2731707317073171,0.024390243902439025,0.004878048780487805,0.25365853658536586,0.00975609756097561,0.0,0.0,0.0024390243902439024,0.007317073170731708,0.0,0.007317073170731708,0.00975609756097561,0.0,0.00975609756097561,0.00975609756097561,0.0,0.0,0.0,0.0,0.35121951219512193,0.0,0.0,0.03414634146341464,0.0024390243902439024,0.0,0.0,0.0,0.0,0.0,410,194.21052631578948
3197,Dante Bonfim da Costa Santos,2015-2016,0.0,0.0,0.26591760299625467,0.011235955056179775,0.0,0.26217228464419473,0.018726591760299626,0.003745318352059925,0.003745318352059925,0.003745318352059925,0.0149812734082397,0.0,0.0149812734082397,0.003745318352059925,0.0,0.003745318352059925,0.0149812734082397,0.0,0.0,0.0,0.0,0.33707865168539325,0.003745318352059925,0.003745318352059925,0.033707865168539325,0.0,0.0,0.0,0.0,0.0,0.0,267,0.0
3198,Moussa Niakhate,2023,0.0,0.0,0.2612359550561798,0.019662921348314606,0.025280898876404494,0.21348314606741572,0.011235955056179775,0.0,0.0,0.0028089887640449437,0.016853932584269662,0.0,0.0056179775280898875,0.014044943820224719,0.0,0.0,0.0056179775280898875,0.0,0.0,0.0,0.0,0.33146067415730335,0.0028089887640449437,0.0028089887640449437,0.08146067415730338,0.0,0.0028089887640449437,0.0028089887640449437,1.0,0.7835,0.7835,356,0.0
3248,Hamari Traoré,2023,0.0009775171065493646,0.0009775171065493646,0.2697947214076246,0.020527859237536656,0.006842619745845552,0.24926686217008798,0.010752688172043012,0.0009775171065493646,0.0019550342130987292,0.005865102639296188,0.017595307917888565,0.0,0.005865102639296188,0.002932551319648094,0.0,0.0,0.007820136852394917,0.005865102639296188,0.0,0.0,0.0,0.3391984359726295,0.0019550342130987292,0.0019550342130987292,0.044965786901270774,0.0009775171065493646,0.002932551319648094,0.0,3.0,0.9214151079999999,0.3071383693333333,1023,184.80529907667605
3250,Edson André Sitoe,2023,0.0,0.00196078431372549,0.2607843137254902,0.029411764705882353,0.00784313725490196,0.2549019607843137,0.03333333333333333,0.00196078431372549,0.0058823529411764705,0.00196078431372549,0.00980392156862745,0.0,0.00392156862745098,0.00784313725490196,0.0,0.00196078431372549,0.00784313725490196,0.0,0.0,0.0,0.0,0.3352941176470588,0.0,0.0,0.03333333333333333,0.0,0.00196078431372549,0.0,1.0,0.0058102724,0.0058102724,510,0.0
3255,Guessouma Fofana,2023,0.004878048780487805,0.0,0.16585365853658537,0.04878048780487805,0.014634146341463415,0.16585365853658537,0.02926829268292683,0.00975609756097561,0.004878048780487805,0.014634146341463415,0.04878048780487805,0.0,0.01951219512195122,0.004878048780487805,0.0,0.0,0.00975609756097561,0.004878048780487805,0.0,0.0,0.0,0.2048780487804878,0.0,0.0,0.23414634146341465,0.0,0.004878048780487805,0.00975609756097561,1.0,0.2393546,0.2393546,205,87.73181169757488
3275,Henrikh Mkhitaryan,2015-2016,0.007936507936507936,0.0,0.25396825396825395,0.037037037037037035,0.018518518518518517,0.19576719576719576,0.005291005291005291,0.015873015873015872,0.026455026455026454,0.005291005291005291,0.03439153439153439,0.0,0.005291005291005291,0.013227513227513227,0.0,0.005291005291005291,0.010582010582010581,0.018518518518518517,0.0,0.0,0.0,0.19047619047619047,0.0,0.0,0.14285714285714285,0.0,0.010582010582010581,0.0026455026455026454,4.0,0.349483478,0.0873708695,378,194.4
3294,Juan Manuel Mata García,2011-2012,0.0,0.0,0.26693227091633465,0.01195219123505976,0.0,0.23904382470119523,0.0,0.01195219123505976,0.00796812749003984,0.00796812749003984,0.00398406374501992,0.0,0.0,0.01195219123505976,0.0,0.0,0.0,0.00398406374501992,0.0,0.0,0.0,0.24701195219123506,0.0,0.0,0.17131474103585656,0.00398406374501992,0.01195219123505976,0.0,3.0,0.864018997,0.28800633233333334,251,0.0
3312,Demarai Gray,2024,0.0047169811320754715,0.0,0.2688679245283019,0.04716981132075472,0.014150943396226415,0.23113207547169812,0.0047169811320754715,0.02358490566037736,0.018867924528301886,0.0047169811320754715,0.014150943396226415,0.0,0.0,0.0047169811320754715,0.0,0.0,0.014150943396226415,0.0330188679245283,0.0,0.0,0.0,0.2028301886792453,0.0,0.0,0.09433962264150944,0.0,0.009433962264150943,0.009433962264150943,2.0,0.09875226000000001,0.049376130000000004,212,93.34637964774952
3313,Giovani Lo Celso,2024,0.0,0.0,0.2691131498470948,0.03058103975535168,0.0061162079510703364,0.23853211009174313,0.0061162079510703364,0.0061162079510703364,0.0061162079510703364,0.0061162079510703364,0.012232415902140673,0.0,0.012232415902140673,0.012232415902140673,0.0,0.0,0.0030581039755351682,0.0061162079510703364,0.0,0.0,0.0,0.2782874617737003,0.0,0.0,0.09480122324159021,0.0,0.009174311926605505,0.0030581039755351682,3.0,0.625199887,0.20839996233333333,327,206.09243697478993
3317,Kasey Palmer,2024,0.0024875621890547263,0.0,0.23134328358208955,0.04228855721393035,0.02736318407960199,0.19651741293532338,0.007462686567164179,0.009950248756218905,0.014925373134328358,0.012437810945273632,0.03233830845771144,0.0,0.007462686567164179,0.009950248756218905,0.0,0.0,0.007462686567164179,0.004975124378109453,0.0,0.0024875621890547263,0.0,0.263681592039801,0.0,0.0,0.12189054726368159,0.0,0.004975124378109453,0.0,2.0,0.08005852799999999,0.040029263999999995,402,126.94736842105263
3349,Michail Antonio,2024,0.0,0.0,0.2842465753424658,0.03767123287671233,0.02054794520547945,0.18493150684931506,0.0,0.017123287671232876,0.017123287671232876,0.003424657534246575,0.06164383561643835,0.0,0.0136986301369863,0.02054794520547945,0.0,0.0,0.003424657534246575,0.0273972602739726,0.0,0.0,0.0,0.1952054794520548,0.0,0.0,0.0958904109589041,0.0,0.010273972602739725,0.00684931506849315,3.0,0.481412436,0.160470812,292,109.0004147656574
3359,Jean Michaël Seri,2023,0.0015082956259426848,0.0,0.25188536953242835,0.030165912518853696,0.006033182503770739,0.24132730015082957,0.004524886877828055,0.004524886877828055,0.007541478129713424,0.006033182503770739,0.016591251885369532,0.0,0.007541478129713424,0.012066365007541479,0.0,0.0015082956259426848,0.004524886877828055,0.0030165912518853697,0.0,0.0,0.0,0.3167420814479638,0.0,0.0,0.07692307692307693,0.0,0.0030165912518853697,0.004524886877828055,2.0,0.033532087,0.0167660435,663,179.3507664562669
3385,Alexis Alejandro Sánchez Sánchez,2024,0.004464285714285714,0.002232142857142857,0.27232142857142855,0.03571428571428571,0.011160714285714286,0.21875,0.002232142857142857,0.026785714285714284,0.015625,0.002232142857142857,0.029017857142857144,0.0,0.004464285714285714,0.024553571428571428,0.0,0.0,0.002232142857142857,0.020089285714285716,0.0,0.0,0.0,0.20758928571428573,0.0,0.0,0.109375,0.0,0.008928571428571428,0.002232142857142857,4.0,0.642160375,0.16054009375,448,0.0
3417,Saidy Janko,2023,0.0,0.0045662100456621,0.182648401826484,0.0593607305936073,0.0365296803652968,0.182648401826484,0.0273972602739726,0.0,0.0091324200913242,0.0091324200913242,0.0228310502283105,0.0,0.0091324200913242,0.0045662100456621,0.0,0.0,0.0091324200913242,0.0045662100456621,0.0,0.0,0.0,0.3378995433789954,0.0,0.0,0.1004566210045662,0.0,0.0,0.0,0.0,0.0,0.0,219,103.73684210526316
3433,Lassana Coulibaly,2023,0.0,0.0,0.26356589147286824,0.02131782945736434,0.007751937984496124,0.23062015503875968,0.013565891472868217,0.001937984496124031,0.003875968992248062,0.003875968992248062,0.02131782945736434,0.0,0.025193798449612403,0.005813953488372093,0.0,0.005813953488372093,0.005813953488372093,0.009689922480620155,0.0,0.0,0.0,0.26356589147286824,0.001937984496124031,0.001937984496124031,0.1065891472868217,0.0,0.001937984496124031,0.003875968992248062,1.0,0.037891313,0.037891313,516,157.53052917232023
3447,Ademola Lookman,2023,0.002560819462227913,0.0,0.2676056338028169,0.029449423815621,0.014084507042253521,0.17797695262483995,0.0,0.011523687580025609,0.01792573623559539,0.008962868117797696,0.01792573623559539,0.0,0.029449423815621,0.02176696542893726,0.0,0.0012804097311139564,0.0038412291933418692,0.012804097311139564,0.0,0.0,0.0,0.19590268886043533,0.0,0.0,0.17157490396927016,0.0,0.010243277848911651,0.005121638924455826,8.0,1.319634856,0.164954357,781,125.83243823845328
3450,Jordan Ayew,2023,0.002304147465437788,0.002304147465437788,0.2534562211981567,0.02534562211981567,0.009216589861751152,0.21428571428571427,0.004608294930875576,0.018433179723502304,0.02304147465437788,0.0069124423963133645,0.016129032258064516,0.0,0.02304147465437788,0.029953917050691243,0.0,0.0,0.004608294930875576,0.016129032258064516,0.0,0.0,0.0,0.18202764976958524,0.0,0.0,0.15668202764976957,0.002304147465437788,0.0069124423963133645,0.002304147465437788,3.0,1.586494837,0.5288316123333333,434,137.92372881355934
3481,Serge Aurier,2023,0.0,0.0015337423312883436,0.24386503067484663,0.02607361963190184,0.013803680981595092,0.23159509202453987,0.009202453987730062,0.007668711656441718,0.009202453987730062,0.0015337423312883436,0.029141104294478526,0.0,0.010736196319018405,0.003067484662576687,0.0,0.003067484662576687,0.009202453987730062,0.010736196319018405,0.0,0.0,0.0,0.3205521472392638,0.003067484662576687,0.003067484662576687,0.05214723926380368,0.003067484662576687,0.003067484662576687,0.004601226993865031,2.0,0.8063846259999999,0.40319231299999997,652,156.48
3493,Emre Can,2023-2024,0.0035714285714285713,0.0,0.2357142857142857,0.02857142857142857,0.017857142857142856,0.225,0.014285714285714285,0.010714285714285714,0.007142857142857143,0.0035714285714285713,0.010714285714285714,0.0035714285714285713,0.025,0.0035714285714285713,0.0,0.0,0.010714285714285714,0.007142857142857143,0.0,0.0,0.0,0.2571428571428571,0.0,0.0,0.12857142857142856,0.0,0.0035714285714285713,0.0035714285714285713,1.0,0.14243458,0.14243458,280,153.7522879804759
3494,Davinson Sánchez Mina,2024,0.002926829268292683,0.0,0.27902439024390246,0.018536585365853658,0.004878048780487805,0.24097560975609755,0.023414634146341463,0.001951219512195122,0.002926829268292683,0.003902439024390244,0.021463414634146343,0.0,0.006829268292682927,0.001951219512195122,0.0,0.000975609756097561,0.004878048780487805,0.003902439024390244,0.0,0.0,0.0,0.33463414634146343,0.0,0.0,0.04,0.0,0.006829268292682927,0.0,7.0,1.276888118,0.1824125882857143,1025,0.0
3499,Jean-Eric Maxim Choupo-Moting,2015-2016,0.002352941176470588,0.0,0.27294117647058824,0.02823529411764706,0.018823529411764704,0.23529411764705882,0.009411764705882352,0.01411764705882353,0.05411764705882353,0.0,0.023529411764705882,0.0,0.01411764705882353,0.018823529411764704,0.0,0.0,0.007058823529411765,0.02823529411764706,0.0,0.0,0.0,0.1623529411764706,0.0,0.0,0.09647058823529411,0.0,0.01411764705882353,0.0,6.0,0.6865639210000001,0.11442732016666668,425,0.0
3500,Granit Xhaka,2015-2016,0.0,0.0,0.24017467248908297,0.024017467248908297,0.017467248908296942,0.22707423580786026,0.008733624454148471,0.006550218340611353,0.015283842794759825,0.002183406113537118,0.03056768558951965,0.0,0.024017467248908297,0.006550218340611353,0.0,0.002183406113537118,0.004366812227074236,0.004366812227074236,0.0,0.0,0.0,0.27510917030567683,0.002183406113537118,0.002183406113537118,0.10480349344978165,0.0,0.002183406113537118,0.0,1.0,0.04528919,0.04528919,458,216.94736842105263
3500,Granit Xhaka,2023-2024,0.0008887133405747013,9.874592673052236e-05,0.30591488101115827,0.01886047200552977,0.006418485237483954,0.2736249629702775,0.004542312629604029,0.003258615582107238,0.001876172607879925,0.0023699022415325367,0.006813468944406043,0.0,0.0033573615088377602,0.0048385504097955955,0.0,0.0008887133405747013,0.0017774266811494026,0.0022711563148020146,0.0,0.0,0.0,0.3257628122839933,0.0002962377801915671,0.0002962377801915671,0.03051249135973141,0.00019749185346104473,0.004344820776142984,0.0007899674138441789,44.0,1.5709195790000001,0.03570271770454546,10127,308.9907448215073
3502,Joël Andre Job Matip,2015-2016,0.0031645569620253164,0.0,0.21518987341772153,0.04430379746835443,0.006329113924050633,0.22151898734177214,0.03481012658227848,0.0,0.0031645569620253164,0.0031645569620253164,0.02531645569620253,0.0,0.015822784810126583,0.012658227848101266,0.0,0.0,0.00949367088607595,0.0031645569620253164,0.0,0.0,0.0,0.33544303797468356,0.0,0.0,0.060126582278481014,0.0031645569620253164,0.0031645569620253164,0.0,1.0,0.11071476,0.11071476,316,0.0
3510,Sead Kolašinac,2015-2016,0.0,0.0,0.23293172690763053,0.024096385542168676,0.01606425702811245,0.20481927710843373,0.008032128514056224,0.004016064257028112,0.01606425702811245,0.004016064257028112,0.028112449799196786,0.0,0.024096385542168676,0.0,0.0,0.0,0.012048192771084338,0.004016064257028112,0.0,0.0,0.0,0.321285140562249,0.0,0.0,0.10040160642570281,0.0,0.0,0.0,0.0,0.0,0.0,249,200.0892857142857
3530,Hiroki Sakai,2015-2016,0.0,0.0,0.21774193548387097,0.016129032258064516,0.024193548387096774,0.1532258064516129,0.012096774193548387,0.012096774193548387,0.008064516129032258,0.0,0.036290322580645164,0.0,0.016129032258064516,0.012096774193548387,0.0,0.0,0.008064516129032258,0.012096774193548387,0.0,0.0,0.0,0.3790322580645161,0.0,0.0,0.09274193548387097,0.0,0.0,0.0,0.0,0.0,0.0,248,117.47368421052632
3531,Mohamed Salah,2023,0.0,0.0,0.29515418502202645,0.048458149779735685,0.00881057268722467,0.22026431718061673,0.0,0.013215859030837005,0.004405286343612335,0.0,0.004405286343612335,0.0,0.004405286343612335,0.013215859030837005,0.0,0.0,0.0,0.013215859030837005,0.0,0.0,0.0,0.22466960352422907,0.0,0.0,0.1277533039647577,0.0,0.01762114537444934,0.004405286343612335,4.0,0.934787797,0.23369694925,227,144.27966101694915
3545,Luiz Gustavo Dias,2015-2016,0.0,0.0,0.19,0.06,0.015,0.23,0.005,0.035,0.01,0.0,0.03,0.0,0.015,0.01,0.0,0.0,0.005,0.015,0.0,0.0,0.0,0.21,0.0,0.0,0.17,0.0,0.0,0.0,0.0,0.0,0.0,200,0.0
3551,Karl Brillant Toko Ekambi,2023,0.0030864197530864196,0.0,0.38271604938271603,0.027777777777777776,0.006172839506172839,0.1882716049382716,0.0,0.006172839506172839,0.015432098765432098,0.0030864197530864196,0.009259259259259259,0.0,0.0030864197530864196,0.009259259259259259,0.0,0.0030864197530864196,0.006172839506172839,0.027777777777777776,0.0,0.0,0.0,0.19753086419753085,0.0,0.0,0.08950617283950617,0.0,0.018518518518518517,0.0030864197530864196,6.0,0.806399778,0.13439996299999998,324,0.0
3568,Mohamed Naser Elsayed Elneny,2023,0.002109704641350211,0.0,0.2552742616033755,0.029535864978902954,0.008438818565400843,0.26371308016877637,0.002109704641350211,0.0,0.002109704641350211,0.004219409282700422,0.010548523206751054,0.0,0.002109704641350211,0.008438818565400843,0.0,0.0,0.002109704641350211,0.002109704641350211,0.0,0.0,0.0,0.3143459915611814,0.0,0.0,0.08438818565400844,0.0,0.002109704641350211,0.006329113924050633,1.0,0.049188964,0.049188964,474,0.0
3570,Pierre-Emile Højbjerg,2015-2016,0.0,0.0,0.2445141065830721,0.03761755485893417,0.02821316614420063,0.21316614420062696,0.003134796238244514,0.025078369905956112,0.0,0.009404388714733543,0.006269592476489028,0.0,0.01567398119122257,0.006269592476489028,0.0,0.0,0.018808777429467086,0.009404388714733543,0.0,0.0,0.0,0.26332288401253917,0.0,0.0,0.109717868338558,0.0,0.003134796238244514,0.006269592476489028,1.0,0.04630008,0.04630008,319,191.27248500999335
3587,Arthur Masuaku,2023,0.002654867256637168,0.0,0.22831858407079647,0.035398230088495575,0.011504424778761062,0.2327433628318584,0.01504424778761062,0.007079646017699115,0.007964601769911504,0.002654867256637168,0.020353982300884955,0.0,0.004424778761061947,0.007964601769911504,0.0,0.0,0.0035398230088495575,0.002654867256637168,0.0,0.0,0.0,0.3495575221238938,0.0,0.0,0.061946902654867256,0.0,0.006194690265486726,0.0,7.0,0.933232468,0.133318924,1130,178.42105263157893
3625,Sofiane Boufal,2023,0.003355704697986577,0.0,0.28859060402684567,0.020134228187919462,0.010067114093959731,0.27181208053691275,0.0,0.016778523489932886,0.03355704697986577,0.006711409395973154,0.006711409395973154,0.0,0.013422818791946308,0.010067114093959731,0.0,0.003355704697986577,0.006711409395973154,0.020134228187919462,0.0,0.0,0.0,0.21476510067114093,0.0,0.0,0.053691275167785234,0.0,0.013422818791946308,0.006711409395973154,4.0,0.312180844,0.078045211,298,185.2209944751381
3629,Sadio Mané,2023,0.002789400278940028,0.0,0.3207810320781032,0.02510460251046025,0.015341701534170154,0.21896792189679218,0.0041841004184100415,0.012552301255230125,0.019525801952580194,0.008368200836820083,0.009762900976290097,0.0,0.008368200836820083,0.01813110181311018,0.0,0.001394700139470014,0.008368200836820083,0.01813110181311018,0.0,0.0,0.0,0.19665271966527198,0.0,0.0,0.10181311018131102,0.0,0.009762900976290097,0.0,7.0,1.544098893,0.22058555614285713,717,160.36282306163022
3639,Georges-Kévin Nkoudou Mbida,2023,0.0,0.0,0.28545454545454546,0.03090909090909091,0.007272727272727273,0.22181818181818183,0.0018181818181818182,0.012727272727272728,0.023636363636363636,0.0,0.007272727272727273,0.0,0.0036363636363636364,0.034545454545454546,0.0,0.0036363636363636364,0.0,0.023636363636363636,0.0,0.0,0.0,0.2581818181818182,0.0018181818181818182,0.0018181818181818182,0.06909090909090909,0.0,0.01090909090909091,0.0018181818181818182,6.0,0.455457451,0.07590957516666667,550,0.0
3647,Alex Iwobi,2023,0.0012903225806451613,0.0,0.2567741935483871,0.04645161290322581,0.00903225806451613,0.24516129032258063,0.007741935483870968,0.0012903225806451613,0.00903225806451613,0.003870967741935484,0.007741935483870968,0.0,0.0012903225806451613,0.003870967741935484,0.0,0.0025806451612903226,0.0025806451612903226,0.0064516129032258064,0.0,0.0,0.0,0.2929032258064516,0.0,0.0,0.08774193548387096,0.0,0.00903225806451613,0.005161290322580645,7.0,0.358936295,0.05127661357142858,775,130.17917133258678
3710,Fousseni Diabaté,2023,0.002512562814070352,0.0,0.30402010050251255,0.03015075376884422,0.01256281407035176,0.20603015075376885,0.002512562814070352,0.007537688442211055,0.005025125628140704,0.002512562814070352,0.010050251256281407,0.0,0.01507537688442211,0.01256281407035176,0.0,0.0,0.002512562814070352,0.01256281407035176,0.0,0.0,0.0,0.2537688442211055,0.0,0.0,0.11306532663316583,0.0,0.005025125628140704,0.002512562814070352,2.0,0.059205406,0.029602703,398,176.36632200886262
3712,Pierre-Emerick Aubameyang,2015-2016,0.0,0.0,0.38571428571428573,0.03214285714285714,0.0,0.16428571428571428,0.0035714285714285713,0.010714285714285714,0.014285714285714285,0.0,0.017857142857142856,0.0,0.007142857142857143,0.0035714285714285713,0.0,0.0,0.007142857142857143,0.010714285714285714,0.0,0.0,0.0,0.18571428571428572,0.0,0.0,0.1357142857142857,0.0,0.017857142857142856,0.0035714285714285713,5.0,2.3698543,0.47397086,280,138.6901485965878
3767,Ellyes Joris Skhiri,2023,0.0,0.0,0.246684350132626,0.029177718832891247,0.021220159151193633,0.1724137931034483,0.010610079575596816,0.002652519893899204,0.002652519893899204,0.007957559681697613,0.03183023872679045,0.0,0.005305039787798408,0.0,0.0,0.002652519893899204,0.010610079575596816,0.002652519893899204,0.0,0.0,0.0,0.3076923076923077,0.002652519893899204,0.002652519893899204,0.13262599469496023,0.0,0.005305039787798408,0.002652519893899204,2.0,0.076199407,0.0380997035,377,124.05850091407677
3767,Ellyes Joris Skhiri,2023-2024,0.0,0.0,0.26108374384236455,0.019704433497536946,0.0049261083743842365,0.22660098522167488,0.014778325123152709,0.0,0.0,0.009852216748768473,0.014778325123152709,0.0,0.0049261083743842365,0.0,0.0,0.0,0.0049261083743842365,0.0049261083743842365,0.0,0.0,0.0,0.3103448275862069,0.0,0.0,0.11822660098522167,0.0,0.0,0.0049261083743842365,0.0,0.0,0.0,203,181.610337972167
3806,Bright Osayi-Samuel,2023,0.0035211267605633804,0.0,0.2605633802816901,0.03873239436619718,0.01056338028169014,0.22887323943661972,0.007042253521126761,0.0035211267605633804,0.017605633802816902,0.0035211267605633804,0.0035211267605633804,0.0,0.007042253521126761,0.0035211267605633804,0.0,0.0,0.01056338028169014,0.0035211267605633804,0.0,0.0,0.0,0.2992957746478873,0.0,0.0,0.08098591549295775,0.0035211267605633804,0.007042253521126761,0.007042253521126761,2.0,0.13910630000000002,0.06955315000000001,284,0.0
3814,Riyad Mahrez,2023,0.00684931506849315,0.0,0.2808219178082192,0.03424657534246575,0.0,0.2363013698630137,0.0,0.017123287671232876,0.010273972602739725,0.003424657534246575,0.0273972602739726,0.0,0.00684931506849315,0.0136986301369863,0.0,0.0,0.00684931506849315,0.010273972602739725,0.0,0.0,0.0,0.2773972602739726,0.0,0.0,0.06164383561643835,0.0,0.003424657534246575,0.003424657534246575,1.0,0.045389127,0.045389127,292,120.49518569463548
3856,Joe Aribo,2023,0.003861003861003861,0.0,0.2625482625482625,0.03088803088803089,0.007722007722007722,0.2471042471042471,0.003861003861003861,0.007722007722007722,0.003861003861003861,0.0,0.015444015444015444,0.0,0.0,0.007722007722007722,0.0,0.003861003861003861,0.0,0.007722007722007722,0.0,0.0,0.0,0.277992277992278,0.0,0.0,0.11196911196911197,0.0,0.003861003861003861,0.003861003861003861,1.0,0.054864164,0.054864164,259,222.42366412213744
3923,Oluwasemilogo Adesewo Ibidapo Ajayi,2023,0.0015267175572519084,0.0,0.26717557251908397,0.016793893129770993,0.013740458015267175,0.22442748091603054,0.01984732824427481,0.0015267175572519084,0.004580152671755725,0.0015267175572519084,0.0183206106870229,0.0,0.010687022900763359,0.0030534351145038168,0.0,0.0015267175572519084,0.0061068702290076335,0.0030534351145038168,0.0015267175572519084,0.0,0.0,0.332824427480916,0.0,0.0,0.07022900763358779,0.0,0.0015267175572519084,0.0,1.0,0.19362459,0.19362459,655,0.0
3959,Andreas Christensen,2015-2016,0.0,0.0,0.2434017595307918,0.02932551319648094,0.011730205278592375,0.24926686217008798,0.011730205278592375,0.0,0.0,0.0,0.020527859237536656,0.0,0.002932551319648094,0.0,0.0,0.0,0.02346041055718475,0.0,0.0,0.0,0.0,0.3460410557184751,0.0,0.0,0.05865102639296188,0.002932551319648094,0.0,0.0,0.0,0.0,0.0,341,161.5263157894737
4041,José Salomón Rondón Giménez,2024,0.0024813895781637717,0.0,0.36228287841191065,0.034739454094292806,0.0,0.141439205955335,0.009925558312655087,0.01240694789081886,0.01488833746898263,0.0024813895781637717,0.03722084367245657,0.0,0.004962779156327543,0.01240694789081886,0.0,0.0,0.0024813895781637717,0.01488833746898263,0.0,0.0,0.0,0.19851116625310175,0.0,0.0,0.09429280397022333,0.0,0.04714640198511166,0.007444168734491315,19.0,3.1016917,0.16324693157894737,403,0.0
4063,Ahmed Elsayed Ali Elsayed Hegazy,2023,0.0,0.0,0.28895184135977336,0.012747875354107648,0.014164305949008499,0.24787535410764872,0.021246458923512748,0.00141643059490085,0.00141643059490085,0.00141643059490085,0.014164305949008499,0.0,0.00424929178470255,0.00424929178470255,0.0,0.0028328611898017,0.007082152974504249,0.0,0.0,0.0,0.0,0.32011331444759206,0.00141643059490085,0.00141643059490085,0.05099150141643059,0.0,0.00424929178470255,0.0,3.0,1.14095054,0.38031684666666665,706,0.0
4267,Mouctar Diakhaby,2023,0.0017482517482517483,0.0,0.263986013986014,0.024475524475524476,0.015734265734265736,0.2534965034965035,0.03671328671328671,0.0017482517482517483,0.0017482517482517483,0.0017482517482517483,0.012237762237762238,0.0017482517482517483,0.01048951048951049,0.0017482517482517483,0.0,0.0034965034965034965,0.0034965034965034965,0.0017482517482517483,0.0,0.0,0.0,0.32342657342657344,0.0,0.0,0.03671328671328671,0.0,0.0034965034965034965,0.0,2.0,0.11709414200000001,0.058547071000000006,572,135.47368421052633
4320,Neymar da Silva Santos Junior,2014-2015,0.0,0.0,0.2863849765258216,0.028169014084507043,0.0,0.27230046948356806,0.0,0.014084507042253521,0.023474178403755867,0.0,0.014084507042253521,0.0,0.009389671361502348,0.014084507042253521,0.0,0.0,0.004694835680751174,0.018779342723004695,0.0,0.0,0.0,0.22065727699530516,0.0,0.0,0.07981220657276995,0.0,0.014084507042253521,0.0,3.0,0.37359617,0.12453205666666667,213,0.0
4324,Daniel Alves da Silva,2010-2011,0.0,0.0,0.2572463768115942,0.036231884057971016,0.0,0.2826086956521739,0.0,0.007246376811594203,0.021739130434782608,0.0,0.007246376811594203,0.0,0.007246376811594203,0.007246376811594203,0.0,0.0,0.0036231884057971015,0.007246376811594203,0.0,0.0,0.0,0.2971014492753623,0.0,0.0,0.05434782608695652,0.0036231884057971015,0.0036231884057971015,0.0036231884057971015,1.0,0.07287654,0.07287654,276,0.0
4324,Daniel Alves da Silva,2014-2015,0.0,0.0,0.26785714285714285,0.025,0.0,0.24642857142857144,0.010714285714285714,0.0035714285714285713,0.007142857142857143,0.0,0.025,0.0,0.007142857142857143,0.014285714285714285,0.0,0.0035714285714285713,0.0,0.0,0.0,0.0,0.0,0.325,0.0,0.0,0.060714285714285714,0.0,0.0035714285714285713,0.0,1.0,0.10685889,0.10685889,280,0.0
4352,Issiaga Sylla,2023,0.0,0.0,0.22011385199240988,0.026565464895635674,0.009487666034155597,0.23719165085388993,0.030360531309297913,0.003795066413662239,0.013282732447817837,0.0056925996204933585,0.024667931688804556,0.0,0.013282732447817837,0.003795066413662239,0.0,0.0,0.0056925996204933585,0.007590132827324478,0.0,0.0,0.0,0.3301707779886148,0.0,0.0,0.06641366223908918,0.0,0.0018975332068311196,0.0,1.0,0.037500933,0.037500933,527,124.8157894736842
4372,Marcos Aoás Corrêa,2024,0.0,0.0,0.28641975308641976,0.011111111111111112,0.013580246913580247,0.254320987654321,0.01728395061728395,0.0012345679012345679,0.0,0.0,0.01728395061728395,0.0,0.0012345679012345679,0.003703703703703704,0.0,0.0012345679012345679,0.003703703703703704,0.0,0.0012345679012345679,0.0,0.0,0.35802469135802467,0.0,0.0,0.028395061728395062,0.0,0.0012345679012345679,0.0,1.0,0.16580674,0.16580674,810,0.0
4385,Yves Bissouma,2023,0.0,0.0,0.27647058823529413,0.014705882352941176,0.0058823529411764705,0.23529411764705882,0.014705882352941176,0.008823529411764706,0.0058823529411764705,0.0,0.029411764705882353,0.0,0.0058823529411764705,0.0058823529411764705,0.0,0.0,0.0058823529411764705,0.0058823529411764705,0.0,0.0,0.0,0.2676470588235294,0.0,0.0,0.09705882352941177,0.0,0.01764705882352941,0.0029411764705882353,6.0,0.21768283700000002,0.036280472833333334,340,186.13138686131387
4388,Kouakou Herve Koffi,2023,0.0,0.0,0.1461794019933555,0.06312292358803986,0.0,0.2026578073089701,0.0,0.0,0.0033222591362126247,0.0,0.0,0.0,0.0,0.0033222591362126247,0.16943521594684385,0.023255813953488372,0.0,0.0,0.0,0.0,0.0,0.38870431893687707,0.0,0.0,0.0,0.0,0.0,0.0,0.0,0.0,0.0,301,71.28947368421053
4412,Samuel Moutoussamy,2023,0.0,0.0,0.24008350730688935,0.026096033402922755,0.009394572025052192,0.20981210855949894,0.011482254697286013,0.0041753653444676405,0.0041753653444676405,0.009394572025052192,0.020876826722338204,0.0,0.013569937369519834,0.003131524008350731,0.0,0.0,0.0041753653444676405,0.0020876826722338203,0.0,0.0,0.0,0.2620041753653445,0.0,0.0,0.16910229645093947,0.0010438413361169101,0.009394572025052192,0.0,9.0,2.276364762,0.252929418,958,129.65413533834587
4416,Max-Alain Gradel,2023,0.003952569169960474,0.0,0.274703557312253,0.037549407114624504,0.005928853754940711,0.22134387351778656,0.007905138339920948,0.015810276679841896,0.009881422924901186,0.003952569169960474,0.017786561264822136,0.0,0.015810276679841896,0.025691699604743084,0.0,0.0,0.001976284584980237,0.015810276679841896,0.0,0.0,0.0,0.22727272727272727,0.0,0.0,0.09486166007905138,0.0,0.011857707509881422,0.007905138339920948,6.0,0.4168034425,0.06946724041666667,506,0.0
4440,Kevin Trapp,2023-2024,0.0,0.0,0.2328767123287671,0.0410958904109589,0.0,0.2511415525114155,0.0,0.0,0.0,0.0,0.0,0.0,0.0,0.0,0.1232876712328767,0.0,0.0,0.0,0.0,0.0,0.0,0.3515981735159817,0.0,0.0,0.0,0.0,0.0,0.0,0.0,0.0,0.0,219,103.73684210526316
4464,Adama Traoré,2023,0.0,0.0,0.28185328185328185,0.02702702702702703,0.011583011583011582,0.21621621621621623,0.0,0.007722007722007722,0.011583011583011582,0.003861003861003861,0.019305019305019305,0.0,0.003861003861003861,0.011583011583011582,0.0,0.0,0.003861003861003861,0.003861003861003861,0.003861003861003861,0.0,0.0,0.22393822393822393,0.0,0.0,0.138996138996139,0.0,0.023166023166023165,0.007722007722007722,6.0,0.9772653944999999,0.16287756574999998,259,156.02409638554218
4471,Ablie Jallow,2023,0.0,0.004032258064516129,0.2701612903225806,0.03225806451612903,0.012096774193548387,0.21774193548387097,0.004032258064516129,0.020161290322580645,0.036290322580645164,0.0,0.012096774193548387,0.0,0.012096774193548387,0.016129032258064516,0.0,0.004032258064516129,0.0,0.012096774193548387,0.0,0.0,0.0,0.21370967741935484,0.004032258064516129,0.004032258064516129,0.10080645161290322,0.0,0.020161290322580645,0.004032258064516129,5.0,0.416383705,0.083276741,248,124.69273743016761
4506,Nampalys Mendy,2023,0.0,0.0,0.2590909090909091,0.02727272727272727,0.01818181818181818,0.24545454545454545,0.0,0.0,0.0,0.00909090909090909,0.013636363636363636,0.0,0.01818181818181818,0.013636363636363636,0.0,0.004545454545454545,0.00909090909090909,0.004545454545454545,0.0,0.0,0.0,0.2545454545454545,0.0,0.0,0.10909090909090909,0.0,0.013636363636363636,0.0,3.0,0.095958924,0.031986308,220,176.78571428571428
4600,Diego Orlando Benaglio,2015-2016,0.0,0.0,0.2079207920792079,0.06435643564356436,0.0,0.21287128712871287,0.0,0.0,0.0,0.0,0.0,0.0,0.0,0.0,0.13366336633663367,0.0,0.0,0.0,0.0,0.0,0.0,0.3811881188118812,0.0,0.0,0.0,0.0,0.0,0.0,0.0,0.0,0.0,202,0.0
4610,Ethan Pinnock,2024,0.00205761316872428,0.0,0.24074074074074073,0.030864197530864196,0.01440329218106996,0.23868312757201646,0.043209876543209874,0.00205761316872428,0.00411522633744856,0.00205761316872428,0.02263374485596708,0.0,0.0,0.00411522633744856,0.0,0.0,0.00411522633744856,0.00205761316872428,0.0,0.0,0.0,0.35185185185185186,0.0,0.0,0.03497942386831276,0.0,0.00205761316872428,0.0,1.0,0.1256686,0.1256686,486,153.4736842105263
4614,Antonee Robinson,2024,0.004975124378109453,0.0,0.19402985074626866,0.04477611940298507,0.017412935323383085,0.19651741293532338,0.02736318407960199,0.0024875621890547263,0.009950248756218905,0.007462686567164179,0.012437810945273632,0.0,0.009950248756218905,0.014925373134328358,0.0,0.0,0.014925373134328358,0.0024875621890547263,0.0,0.0,0.0,0.3482587064676617,0.0,0.0,0.08208955223880597,0.0024875621890547263,0.007462686567164179,0.0,3.0,0.097232191,0.03241073033333333,402,126.94736842105263
4633,Magdalena Lilly Eriksson,2019-2020,0.0,0.0,0.27100646352723917,0.017082179132040628,0.008310249307479225,0.25069252077562326,0.0443213296398892,0.0009233610341643582,0.0,0.0013850415512465374,0.012927054478301015,0.0,0.006001846722068329,0.0013850415512465374,0.0,0.0004616805170821791,0.0046168051708217915,0.0018467220683287165,0.0,0.0,0.0,0.34025854108956605,0.0,0.0,0.030009233610341645,0.0018467220683287165,0.006925207756232687,0.0,15.0,2.0719664780000002,0.13813109853333336,2166,186.54545454545456
4633,Magdalena Lilly Eriksson,2020-2021,0.00022624434389140272,0.0,0.29366515837104074,0.015610859728506787,0.0058823529411764705,0.2644796380090498,0.027149321266968326,0.0009049773755656109,0.0006787330316742081,0.0011312217194570137,0.011085972850678734,0.00022624434389140272,0.0029411764705882353,0.0022624434389140274,0.0,0.0009049773755656109,0.004072398190045249,0.0009049773755656109,0.0,0.00022624434389140272,0.0,0.3398190045248869,0.00022624434389140272,0.00022624434389140272,0.021040723981900454,0.0006787330316742081,0.005429864253393665,0.00022624434389140272,24.0,2.630974351,0.10962393129166666,4420,245.67687747035575
4636,Maria Thorisdottir,2020-2021,0.0,0.0,0.24156692056583243,0.030467899891186073,0.013057671381936888,0.2295973884657236,0.02720348204570185,0.003264417845484222,0.013057671381936888,0.003264417845484222,0.009793253536452665,0.0,0.006528835690968444,0.002176278563656148,0.0,0.001088139281828074,0.00544069640914037,0.00544069640914037,0.0,0.0,0.0,0.36561479869423286,0.0,0.0,0.036996735582154515,0.0,0.004352557127312296,0.001088139281828074,4.0,0.257995312,0.064498828,919,166.88861985472155
4636,Maria Thorisdottir,2023-2024,0.0011843663639952626,0.0,0.22542439794709832,0.031188314251875248,0.02250296091590999,0.2463482037110146,0.048164232135807346,0.0007895775759968417,0.005921831819976312,0.002368732727990525,0.011843663639952625,0.0015791551519936833,0.0043426766679826295,0.002368732727990525,0.0,0.0019739439399921043,0.008685353335965259,0.0027635215159889457,0.0,0.0,0.0,0.3091196210027635,0.00039478878799842083,0.00039478878799842083,0.07106198183971575,0.0,0.0007895775759968417,0.0007895775759968417,2.0,0.16235380500000002,0.08117690250000001,2533,126.53752220248668
4637,Ellie Roebuck,2019-2020,0.0,0.0,0.22941546197360152,0.03268384663733501,0.0,0.24890006285355123,0.0,0.0,0.0,0.0,0.0,0.0,0.0,0.00251414204902577,0.1169076052796983,0.00251414204902577,0.0,0.0006285355122564425,0.0,0.0,0.0,0.36455059710873666,0.0,0.0,0.001257071024512885,0.0,0.0,0.0006285355122564425,0.0,0.0,0.0,1591,93.96902480640506
4637,Ellie Roebuck,2020-2021,0.0,0.0,0.2575892857142857,0.04151785714285714,0.0,0.26651785714285714,0.0,0.0004464285714285714,0.0004464285714285714,0.0013392857142857143,0.0,0.0,0.0004464285714285714,0.0008928571428571428,0.0625,0.003125,0.0,0.0004464285714285714,0.0,0.0,0.0,0.3620535714285714,0.0,0.0,0.0026785714285714286,0.0,0.0,0.0,0.0,0.0,0.0,2240,106.10526315789473
4638,Drew Spence,2019-2020,0.0009319664492078285,0.0,0.2479030754892824,0.05032618825722274,0.0027958993476234857,0.2190121155638397,0.008387698042870456,0.013979496738117428,0.015843429636533086,0.0027958993476234857,0.028890959925442685,0.0,0.0065237651444548,0.005591798695246971,0.0,0.0027958993476234857,0.004659832246039142,0.010251630941286114,0.0,0.0,0.0,0.2413793103448276,0.0,0.0,0.11742777260018639,0.0009319664492078285,0.014911463187325256,0.004659832246039142,16.0,1.8889621220000001,0.11806013262500001,1073,143.3214603739982
4638,Drew Spence,2020-2021,0.0,0.0,0.2903225806451613,0.022770398481973434,0.003795066413662239,0.2125237191650854,0.003795066413662239,0.011385199240986717,0.0056925996204933585,0.0018975332068311196,0.015180265654648957,0.0,0.007590132827324478,0.009487666034155597,0.0,0.0,0.011385199240986717,0.003795066413662239,0.0,0.0,0.0,0.3055028462998102,0.0,0.0,0.08349146110056926,0.0,0.009487666034155597,0.0018975332068311196,5.0,0.745795625,0.149159125,527,168.49023090586144
4638,Drew Spence,2023-2024,0.0020964360587002098,0.0,0.2802236198462614,0.029350104821802937,0.009084556254367574,0.23060796645702306,0.0020964360587002098,0.006289308176100629,0.008385744234800839,0.0006988120195667365,0.011180992313067784,0.0,0.006289308176100629,0.005590496156533892,0.0,0.0020964360587002098,0.005590496156533892,0.010482180293501049,0.0,0.0,0.0,0.2634521313766597,0.0006988120195667365,0.0006988120195667365,0.103424178895877,0.0,0.015373864430468204,0.006289308176100629,22.0,2.477411443,0.11260961104545454,1431,183.01833167542986
4641,Francesca Kirby,2019-2020,0.0027247956403269754,0.0,0.3188010899182561,0.0326975476839237,0.010899182561307902,0.23160762942779292,0.0,0.008174386920980926,0.01634877384196185,0.0027247956403269754,0.010899182561307902,0.0,0.0027247956403269754,0.005449591280653951,0.0,0.0027247956403269754,0.0027247956403269754,0.008174386920980926,0.0,0.0,0.0,0.20708446866485014,0.0,0.0,0.10354223433242507,0.0,0.027247956403269755,0.005449591280653951,10.0,0.803950068,0.0803950068,367,161.1219512195122
4641,Francesca Kirby,2020-2021,0.0,0.0,0.31206147677915136,0.03174072836618777,0.011359839625793518,0.2191780821917808,0.0013364517206815904,0.011025726695623121,0.018376211159371866,0.007684597393919144,0.014700968927497494,0.0,0.0023387905111927833,0.0070163715335783495,0.0,0.0003341129301703976,0.0053458068827263614,0.014032743067156699,0.0,0.0,0.0,0.21282993651854326,0.0003341129301703976,0.0003341129301703976,0.11259605746742399,0.0003341129301703976,0.014700968927497494,0.0023387905111927833,44.0,7.059816355,0.16045037170454546,2993,187.32267037552154
4641,Francesca Kirby,2023-2024,0.003083247687564234,0.0,0.32476875642343267,0.026207605344295993,0.010277492291880781,0.21428571428571427,0.0025693730729701952,0.011819116135662899,0.008221993833504625,0.0020554984583761563,0.017985611510791366,0.0,0.0005138746145940391,0.003083247687564234,0.0,0.0020554984583761563,0.0046248715313463515,0.009763617677286743,0.0005138746145940391,0.0,0.0,0.23741007194244604,0.0,0.0,0.10483042137718397,0.0,0.012332990750256937,0.0035971223021582736,24.0,4.826024493,0.201084353875,1946,180.78034682080926
4642,Millie Bright,2019-2020,0.0003654970760233918,0.0,0.26864035087719296,0.02412280701754386,0.005847953216374269,0.2631578947368421,0.033625730994152045,0.0014619883040935672,0.001827485380116959,0.0021929824561403508,0.014619883040935672,0.0,0.0043859649122807015,0.0010964912280701754,0.0,0.0007309941520467836,0.005847953216374269,0.0025584795321637425,0.0,0.0,0.0,0.33223684210526316,0.0,0.0,0.03216374269005848,0.0007309941520467836,0.0043859649122807015,0.0,12.0,1.35196483,0.11266373583333333,2736,172.79999999999998
4642,Millie Bright,2020-2021,0.0002185792349726776,0.0,0.28327868852459015,0.019890710382513662,0.005027322404371585,0.27169398907103826,0.02841530054644809,0.0013114754098360656,0.002622950819672131,0.0017486338797814208,0.006994535519125683,0.0004371584699453552,0.0034972677595628415,0.0002185792349726776,0.0,0.0006557377049180328,0.008087431693989072,0.0008743169398907104,0.0,0.0,0.0,0.3359562841530055,0.0,0.0,0.027103825136612022,0.0002185792349726776,0.0015300546448087432,0.0002185792349726776,7.0,0.730989934,0.10442713342857143,4575,214.7103300829118
4642,Millie Bright,2023-2024,0.0009099181073703367,0.0,0.27797998180163785,0.021383075523202913,0.005914467697907188,0.26387625113739765,0.021383075523202913,0.001364877161055505,0.001364877161055505,0.0022747952684258415,0.012738853503184714,0.0009099181073703367,0.0018198362147406734,0.00045495905368516835,0.0,0.00045495905368516835,0.00545950864422202,0.001364877161055505,0.0,0.0,0.0,0.3343949044585987,0.0,0.0,0.03867151956323931,0.0009099181073703367,0.00545950864422202,0.0009099181073703367,12.0,1.034655333,0.08622127774999999,2198,218.73065015479878
4643,Georgia Stanway,2019-2020,0.0,0.0,0.2691072575465639,0.0224791265253693,0.01348747591522158,0.2113037893384714,0.005780346820809248,0.014129736673089274,0.02119460500963391,0.005780346820809248,0.014771997430956968,0.0,0.01348747591522158,0.006422607578676943,0.0,0.0019267822736030828,0.010276172125883108,0.011560693641618497,0.0,0.0006422607578676942,0.0,0.22350674373795762,0.0012845215157353885,0.0012845215157353885,0.12845215157353887,0.0012845215157353885,0.021836865767501604,0.0,34.0,4.276368898,0.12577555582352942,1557,153.46621399627642
4643,Georgia Stanway,2020-2021,0.0,0.0,0.28401852924145915,0.02721482339316734,0.007527504342790967,0.22785176606832658,0.004632310364794441,0.011870295309785756,0.017371163867979156,0.008106543138390272,0.021424435437174292,0.0,0.01013317892298784,0.006948465547191662,0.0,0.0005790387955993051,0.006658946149392009,0.010422698320787493,0.0,0.0,0.0,0.2423277359583092,0.0,0.0,0.09640995946728431,0.0,0.015344528083381586,0.0011580775911986102,53.0,8.1595512705,0.15395379755660377,3454,197.53447289826522
4645,Isobel Mary Christiansen,2020-2021,0.000505050505050505,0.0,0.2681818181818182,0.036616161616161616,0.009595959595959595,0.20707070707070707,0.0073232323232323236,0.005808080808080808,0.006818181818181818,0.0073232323232323236,0.012121212121212121,0.0,0.004545454545454545,0.005303030303030303,0.0,0.0012626262626262627,0.005303030303030303,0.006060606060606061,0.0,0.0,0.0,0.3186868686868687,0.0,0.0,0.08964646464646464,0.0,0.006818181818181818,0.00101010101010101,27.0,3.8203281497,0.14149363517407407,3960,177.3752052953765
4646,Claire Emslie,2020-2021,0.0004889975550122249,0.0,0.29144254278728604,0.03863080684596577,0.011246943765281174,0.2097799511002445,0.003911980440097799,0.014180929095354523,0.018581907090464547,0.0058679706601467,0.022982885085574573,0.0,0.004889975550122249,0.006356968215158924,0.0,0.0,0.006356968215158924,0.023960880195599023,0.0,0.0,0.0,0.20244498777506112,0.0,0.0,0.11931540342298289,0.0,0.015158924205378973,0.004400977995110024,31.0,2.731187952,0.08810283716129032,2045,137.4020156774916
4647,So-Yun Ji,2019-2020,0.0011655011655011655,0.0,0.2789432789432789,0.03613053613053613,0.006604506604506605,0.2529137529137529,0.0019425019425019425,0.007381507381507382,0.013986013986013986,0.005439005439005439,0.012043512043512044,0.0,0.005050505050505051,0.004273504273504274,0.0,0.0019425019425019425,0.003885003885003885,0.009712509712509712,0.0,0.0,0.0,0.27583527583527584,0.0003885003885003885,0.0003885003885003885,0.06293706293706294,0.000777000777000777,0.01554001554001554,0.0027195027195027195,40.0,2.139751718,0.053493792949999994,2574,0.0
4647,So-Yun Ji,2020-2021,0.0,0.0,0.2785796766743649,0.03579676674364896,0.009815242494226328,0.25519630484988454,0.0017321016166281756,0.006351039260969977,0.007505773672055427,0.002598152424942263,0.015300230946882216,0.0,0.002886836027713626,0.0031755196304849883,0.0,0.0008660508083140878,0.006062355658198615,0.00779445727482679,0.0,0.0,0.0,0.2909930715935335,0.0,0.0,0.06293302540415704,0.0002886836027713626,0.008371824480369515,0.0037528868360277136,29.0,1.415010538,0.04879346682758621,3464,0.0
4648,Abbie McManus,2019-2020,0.0006277463904582549,0.0,0.23666038920276208,0.04205900816070308,0.008788449466415568,0.24795982423101068,0.032642812303829254,0.0012554927809165098,0.0025109855618330196,0.003138731952291274,0.011299435028248588,0.0,0.004394224733207784,0.0006277463904582549,0.0,0.0006277463904582549,0.005021971123666039,0.0012554927809165098,0.0,0.0,0.0,0.3396107972379159,0.0006277463904582549,0.0006277463904582549,0.0583804143126177,0.0012554927809165098,0.0006277463904582549,0.0,1.0,0.08793788,0.08793788,1593,137.1961722488038
4648,Abbie McManus,2020-2021,0.00039856516540454366,0.0,0.24551614188919887,0.03188521323236349,0.012754085292945397,0.25627740135512156,0.03427660422479075,0.0015942606616181746,0.0015942606616181746,0.0039856516540454365,0.011956954962136309,0.0007971303308090873,0.0023913909924272616,0.0007971303308090873,0.0,0.0015942606616181746,0.011159824631327222,0.0007971303308090873,0.0,0.0007971303308090873,0.0,0.3371861299322439,0.00039856516540454366,0.00039856516540454366,0.04224790753288163,0.0007971303308090873,0.0,0.00039856516540454366,0.0,0.0,0.0,2509,164.22545454545454
4649,Esme Beth Morgan,2019-2020,0.0,0.0,0.19730010384215993,0.032191069574247146,0.01973001038421599,0.17653167185877466,0.036344755970924195,0.005192107995846314,0.008307372793354102,0.008307372793354102,0.018691588785046728,0.0,0.005192107995846314,0.0020768431983385254,0.0,0.0010384215991692627,0.007268951194184839,0.007268951194184839,0.0,0.0,0.0,0.3541017653167186,0.0,0.0,0.1142263759086189,0.003115264797507788,0.0020768431983385254,0.0010384215991692627,2.0,0.065070397,0.0325351985,963,0.0
4649,Esme Beth Morgan,2020-2021,0.0003756574004507889,0.0,0.277610818933133,0.015777610818933134,0.0067618332081141996,0.2554470323065364,0.009391435011269721,0.003005259203606311,0.0067618332081141996,0.0018782870022539444,0.012021036814425245,0.0,0.0033809166040570998,0.0007513148009015778,0.0,0.0,0.009767092411720512,0.0018782870022539444,0.0,0.0,0.0,0.3395942900075131,0.0,0.0,0.05221637866265966,0.0011269722013523666,0.0018782870022539444,0.0003756574004507889,5.0,0.613871929,0.1227743858,2662,0.0
4649,Esme Beth Morgan,2023-2024,0.00505902192242833,0.0,0.2639123102866779,0.0193929173693086,0.010961214165261383,0.2327150084317032,0.0193929173693086,0.0016863406408094434,0.0008431703204047217,0.005902192242833052,0.01517706576728499,0.0008431703204047217,0.0016863406408094434,0.0008431703204047217,0.0,0.0,0.002529510961214165,0.0016863406408094434,0.0,0.0,0.0,0.35413153456998314,0.0,0.0,0.05733558178752108,0.0016863406408094434,0.002529510961214165,0.0016863406408094434,3.0,0.184571314,0.06152377133333333,1186,0.0
4651,Demi Stokes,2019-2020,0.002126754572522331,0.0,0.23862186303700553,0.02679710761378137,0.013611229264142918,0.24712888132709485,0.008081667375584857,0.005104210974053594,0.009783071033602722,0.004678860059549128,0.01658868566567418,0.0,0.0034028073160357296,0.0012760527435133986,0.0,0.0004253509145044662,0.0029774564015312634,0.005954912803062527,0.0,0.0,0.0,0.3241173968524032,0.0,0.0,0.0854955338153977,0.002126754572522331,0.0004253509145044662,0.0012760527435133986,1.0,0.08066113,0.08066113,2351,177.65743073047858
4651,Demi Stokes,2020-2021,0.0011695906432748538,0.0,0.23742690058479532,0.03391812865497076,0.009941520467836258,0.252046783625731,0.008771929824561403,0.005263157894736842,0.011695906432748537,0.0029239766081871343,0.01871345029239766,0.0,0.0023391812865497076,0.004093567251461989,0.0,0.0,0.004093567251461989,0.007017543859649123,0.0,0.0,0.0,0.32923976608187133,0.0,0.0,0.06783625730994151,0.0005847953216374269,0.0023391812865497076,0.0005847953216374269,4.0,0.18905133000000002,0.047262832500000004,1710,198.5038049787179
4653,Jane Ross,2019-2020,0.0,0.0,0.3308641975308642,0.022222222222222223,0.0049382716049382715,0.1814814814814815,0.0,0.012345679012345678,0.008641975308641974,0.003703703703703704,0.04567901234567901,0.0,0.008641975308641974,0.011111111111111112,0.0,0.0,0.003703703703703704,0.025925925925925925,0.0,0.0,0.0,0.1814814814814815,0.0,0.0,0.14074074074074075,0.0012345679012345679,0.011111111111111112,0.006172839506172839,9.0,1.384616396,0.15384626622222222,810,121.4392803598201
4653,Jane Ross,2020-2021,0.0,0.0,0.3216374269005848,0.029239766081871343,0.007797270955165692,0.1539961013645224,0.005847953216374269,0.021442495126705652,0.009746588693957114,0.011695906432748537,0.02729044834307992,0.001949317738791423,0.009746588693957114,0.0,0.0,0.0,0.005847953216374269,0.017543859649122806,0.0,0.0,0.0,0.18323586744639375,0.0,0.0,0.16764132553606237,0.001949317738791423,0.017543859649122806,0.005847953216374269,9.0,1.6444451039999999,0.18271612266666665,513,118.08184143222506
4654,Nikita Parris,2023-2024,0.0045662100456621,0.0005073566717402334,0.29883307965499745,0.028411973617453068,0.017250126839167934,0.1750380517503805,0.0045662100456621,0.008625063419583967,0.011161846778285134,0.005580923389142567,0.025367833587011668,0.0,0.0060882800608828,0.015220700152207,0.0,0.0020294266869609334,0.004058853373921867,0.0167427701674277,0.0005073566717402334,0.0,0.0,0.16489091831557584,0.0005073566717402334,0.0005073566717402334,0.18366311516996447,0.0,0.018772196854388634,0.007102993404363267,37.0,4.54106582,0.12273150864864865,1971,143.68216426372916
4657,Anita Amma Ankyewah Asante,2020-2021,0.0005230125523012552,0.0,0.18985355648535565,0.04707112970711297,0.023535564853556484,0.20135983263598325,0.04288702928870293,0.009414225941422594,0.010460251046025104,0.007845188284518828,0.03294979079497908,0.0,0.00993723849372385,0.0010460251046025104,0.0,0.0,0.020397489539748955,0.004707112970711297,0.0,0.0,0.0,0.27405857740585776,0.0,0.0,0.1192468619246862,0.0015690376569037657,0.0020920502092050207,0.0010460251046025104,4.0,0.183590209,0.04589755225,1912,0.0
4658,Keira Walsh,2019-2020,0.00034722222222222224,0.0,0.271875,0.02673611111111111,0.009375,0.26631944444444444,0.003472222222222222,0.00625,0.007638888888888889,0.005555555555555556,0.009027777777777777,0.0,0.0045138888888888885,0.0038194444444444443,0.0,0.0006944444444444445,0.004861111111111111,0.0038194444444444443,0.0,0.0,0.0,0.2923611111111111,0.0,0.0,0.0798611111111111,0.00034722222222222224,0.003125,0.0,9.0,0.304896916,0.03387743511111111,2880,194.33198380566802
4658,Keira Walsh,2020-2021,0.00023223409196470042,0.0,0.2768230376219229,0.02624245239201115,0.0074314909428704135,0.24872271249419414,0.0041802136553646075,0.003947979563399907,0.007663725034835114,0.004876915931258709,0.011843938690199722,0.00023223409196470042,0.003483511379470506,0.0030190431955411053,0.0,0.001625638643752903,0.00557361820715281,0.0041802136553646075,0.0,0.0,0.0,0.3100325127728751,0.0,0.0,0.07756618671620993,0.00023223409196470042,0.0018578727357176034,0.00023223409196470042,8.0,0.265372589,0.033171573625,4306,207.129877071085
4659,Ramona Bachmann,2019-2020,0.0009794319294809011,0.0,0.2820763956904995,0.03232125367286973,0.00881488736532811,0.23702252693437806,0.0009794319294809011,0.013712047012732615,0.024485798237022526,0.009794319294809012,0.024485798237022526,0.0,0.00881488736532811,0.007835455435847209,0.0,0.0,0.002938295788442703,0.01762977473065622,0.0,0.0,0.0,0.21449559255631734,0.0,0.0,0.0940254652301665,0.0009794319294809011,0.014691478942213516,0.0039177277179236044,15.0,2.2044806074,0.14696537382666666,1021,151.65868955273146
4660,Erin Cuthbert,2019-2020,0.000508646998982706,0.0,0.2466937945066124,0.0340793489318413,0.0076297049847405905,0.22075279755849442,0.006612410986775178,0.013224821973550356,0.013224821973550356,0.009664292980671414,0.023397761953204477,0.0,0.009664292980671414,0.010681586978636826,0.0,0.001525940996948118,0.005595116988809766,0.013224821973550356,0.000508646998982706,0.0,0.0,0.24821973550356052,0.0,0.0,0.12207527975584945,0.000508646998982706,0.010681586978636826,0.001525940996948118,21.0,2.640507296,0.12573844266666667,1966,157.72865038331253
4660,Erin Cuthbert,2020-2021,0.0008449514152936206,0.0,0.2327841149133925,0.03929024081115336,0.017743979721166033,0.21504013519222645,0.005492184199408534,0.009716941275876637,0.01351922264469793,0.009294465568229826,0.02323616392057457,0.0,0.009716941275876637,0.009294465568229826,0.0,0.0004224757076468103,0.010561892691170258,0.008449514152936205,0.0,0.0,0.0,0.23912125052809463,0.0,0.0,0.13814955640050697,0.0004224757076468103,0.01394169835234474,0.002957329953527672,33.0,2.893275058,0.08767500175757575,2367,165.88537610964022
4660,Erin Cuthbert,2023-2024,0.00354997269251775,0.0,0.21900600764609504,0.05079191698525396,0.012015292190060076,0.2310212998361551,0.004369197160021846,0.010922992900054615,0.007919169852539596,0.004642271982523211,0.022938285090114693,0.0,0.006280720917531403,0.008465319497542327,0.0,0.0005461496450027307,0.007919169852539596,0.007646095030038231,0.0,0.0,0.0,0.2588749317312944,0.0005461496450027307,0.0005461496450027307,0.1269797924631349,0.001365374112506827,0.011742217367558712,0.0019115237575095577,43.0,3.022110412,0.07028163748837209,3662,213.45854922279793
4691,Claudio Andrés Bravo Muñoz,2024,0.0,0.0,0.16113744075829384,0.05687203791469194,0.0,0.21800947867298578,0.0,0.0,0.0,0.0,0.0,0.0,0.0,0.009478672985781991,0.17061611374407584,0.018957345971563982,0.0,0.0,0.0,0.0,0.0,0.36492890995260663,0.0,0.0,0.0,0.0,0.0,0.0,0.0,0.0,0.0,211,0.0
4751,Michael Carrick,2008-2009,0.0,0.0,0.2871287128712871,0.0049504950495049506,0.0,0.2376237623762376,0.0049504950495049506,0.009900990099009901,0.0049504950495049506,0.01485148514851485,0.019801980198019802,0.0,0.0049504950495049506,0.01485148514851485,0.0,0.0,0.009900990099009901,0.009900990099009901,0.0,0.0,0.0,0.30198019801980197,0.0,0.0,0.07425742574257425,0.0,0.0,0.0,0.0,0.0,0.0,202,191.36842105263156
4753,Aaron Tshibola,2023,0.0037593984962406013,0.0,0.21804511278195488,0.03007518796992481,0.018796992481203006,0.20676691729323307,0.0037593984962406013,0.0,0.0,0.0037593984962406013,0.015037593984962405,0.0,0.022556390977443608,0.0037593984962406013,0.0,0.0037593984962406013,0.011278195488721804,0.0037593984962406013,0.0,0.0,0.0,0.2631578947368421,0.0,0.0,0.18421052631578946,0.0,0.0037593984962406013,0.0037593984962406013,1.0,0.7835,0.7835,266,180.0
4846,Lucia Leon,2020-2021,0.0,0.0,0.2826086956521739,0.04891304347826087,0.016304347826086956,0.22010869565217392,0.002717391304347826,0.021739130434782608,0.04076086956521739,0.002717391304347826,0.03260869565217391,0.0,0.005434782608695652,0.010869565217391304,0.0,0.0,0.0,0.029891304347826088,0.0,0.0,0.0,0.13858695652173914,0.0,0.0,0.13043478260869565,0.0,0.010869565217391304,0.005434782608695652,4.0,0.390060149,0.09751503725,368,122.80311457174638
4848,Ashleigh Neville,2019-2020,0.0007189072609633358,0.0,0.1768511861969806,0.03163191948238677,0.026599568655643422,0.17972681524083392,0.05751258087706686,0.005751258087706686,0.012221423436376708,0.013659237958303379,0.037383177570093455,0.0,0.010064701653486701,0.007189072609633357,0.0,0.0014378145219266715,0.014378145219266714,0.006470165348670022,0.0,0.0007189072609633358,0.0,0.28540618260244427,0.0,0.0,0.12940330697340044,0.002156721782890007,0.0007189072609633358,0.0,1.0,0.0065171747,0.0065171747,1391,108.29584775086505
4848,Ashleigh Neville,2020-2021,0.0011019283746556473,0.0005509641873278236,0.18622589531680442,0.03966942148760331,0.017079889807162536,0.20275482093663913,0.029201101928374655,0.004407713498622589,0.015426997245179064,0.011570247933884297,0.03581267217630854,0.0,0.008815426997245178,0.005509641873278237,0.0,0.001652892561983471,0.011570247933884297,0.008815426997245178,0.0,0.0,0.0,0.3179063360881543,0.0005509641873278236,0.0005509641873278236,0.09311294765840221,0.0011019283746556473,0.004407713498622589,0.0022038567493112946,8.0,1.324888722,0.16561109025,1815,154.9516220830962
4848,Ashleigh Neville,2023-2024,0.0024837007140639552,0.0003104625892579944,0.21452964917727413,0.03011487115802546,0.01614405464141571,0.19869605712511643,0.02607885749767153,0.003725551071095933,0.009934802856255821,0.010245265445513815,0.03228810928283142,0.0,0.006830176963675877,0.0049674014281279105,0.0,0.0009313877677739833,0.01055572803477181,0.007140639552933871,0.0,0.0,0.0,0.2995963986339646,0.0003104625892579944,0.0003104625892579944,0.11828624650729587,0.001552312946289972,0.0046569388388699165,0.0003104625892579944,15.0,1.5772118735,0.10514745823333334,3221,171.0063709296838
4865,Josie Green,2019-2020,0.0008333333333333334,0.0008333333333333334,0.20166666666666666,0.055,0.014166666666666666,0.185,0.015,0.006666666666666667,0.015833333333333335,0.015833333333333335,0.035833333333333335,0.0,0.015,0.0125,0.0,0.0025,0.006666666666666667,0.010833333333333334,0.0,0.0,0.0,0.22,0.0008333333333333334,0.0008333333333333334,0.175,0.0,0.008333333333333333,0.0008333333333333334,10.0,0.282445521,0.028244552099999997,1200,92.10301893228723
4865,Josie Green,2020-2021,0.0020352781546811396,0.0,0.20013568521031208,0.05834464043419267,0.011533242876526458,0.20081411126187246,0.012890094979647219,0.0101763907734057,0.008141112618724558,0.012211668928086838,0.027137042062415198,0.0006784260515603799,0.014246947082767978,0.013568521031207599,0.0,0.004070556309362279,0.009497964721845319,0.0067842605156037995,0.0,0.0,0.0,0.24830393487109906,0.0,0.0,0.14993215739484397,0.0,0.006105834464043419,0.0033921302578018998,9.0,0.563132944,0.06257032711111112,1474,126.52360515021459
4865,Josie Green,2023-2024,0.0015015015015015015,0.0005005005005005005,0.23023023023023023,0.04054054054054054,0.009009009009009009,0.23873873873873874,0.023023023023023025,0.0035035035035035035,0.0035035035035035035,0.0035035035035035035,0.017517517517517518,0.0,0.01001001001001001,0.009009009009009009,0.0,0.003003003003003003,0.007007007007007007,0.0055055055055055055,0.0,0.0,0.0,0.30930930930930933,0.002002002002002002,0.002002002002002002,0.07507507507507508,0.0,0.001001001001001001,0.0045045045045045045,2.0,0.09601217000000001,0.048006085000000004,1998,180.0540702913788
4909,Jeremie Boga,2023,0.0,0.0,0.2996845425867508,0.022082018927444796,0.00946372239747634,0.2618296529968454,0.0031545741324921135,0.012618296529968454,0.01892744479495268,0.006309148264984227,0.015772870662460567,0.0,0.0,0.0031545741324921135,0.0,0.0,0.0,0.01892744479495268,0.0,0.0,0.0,0.28391167192429023,0.0,0.0,0.03785488958990536,0.0,0.0031545741324921135,0.0031545741324921135,1.0,0.078778915,0.078778915,317,0.0
4949,Rosemary Kathleen Lavelle,2020-2021,0.0,0.0,0.28085443037974683,0.038765822784810125,0.00949367088607595,0.23022151898734178,0.0023734177215189874,0.00870253164556962,0.0245253164556962,0.007120253164556962,0.01740506329113924,0.0,0.003955696202531646,0.003955696202531646,0.0,0.0023734177215189874,0.0031645569620253164,0.020569620253164556,0.0,0.0,0.0,0.2286392405063291,0.0007911392405063291,0.0007911392405063291,0.09889240506329114,0.0,0.015822784810126583,0.0015822784810126582,20.0,2.624680591,0.13123402955000002,1264,214.035747883349
4961,Samantha May Kerr,2019-2020,0.0,0.0,0.3906633906633907,0.02457002457002457,0.014742014742014743,0.18427518427518427,0.002457002457002457,0.014742014742014743,0.014742014742014743,0.002457002457002457,0.014742014742014743,0.0,0.002457002457002457,0.002457002457002457,0.0,0.002457002457002457,0.0,0.019656019656019656,0.0,0.0,0.0,0.16707616707616707,0.0,0.0,0.10319410319410319,0.0,0.03194103194103194,0.007371007371007371,13.0,3.16695973,0.2436122869230769,407,209.19474585950886
4961,Samantha May Kerr,2020-2021,0.0,0.0,0.39691151919866446,0.025459098497495825,0.005425709515859766,0.17529215358931552,0.00333889816360601,0.008764607679465776,0.007929883138564273,0.00333889816360601,0.018363939899833055,0.0,0.00333889816360601,0.002921535893155259,0.0,0.0008347245409015025,0.004173622704507512,0.013772954924874792,0.00041736227045075126,0.0,0.0,0.22328881469115192,0.0,0.0,0.06552587646076795,0.0,0.03589315525876461,0.005008347245409015,86.0,17.925850435,0.20844012133720932,2396,149.1286307053942
4961,Samantha May Kerr,2023-2024,0.002129925452609159,0.0,0.4249201277955272,0.01597444089456869,0.006389776357827476,0.16187433439829607,0.002129925452609159,0.012779552715654952,0.0010649627263045794,0.0010649627263045794,0.01597444089456869,0.0,0.003194888178913738,0.005324813631522897,0.0,0.0010649627263045794,0.004259850905218318,0.019169329073482427,0.0010649627263045794,0.0,0.0,0.20340788072417465,0.0,0.0,0.08519701810436635,0.0,0.026624068157614485,0.006389776357827476,25.0,4.364392301,0.17457569203999998,939,0.0
4979,Katrina Gorry,2023-2024,0.0029175784099197666,0.0007293946024799417,0.2224653537563822,0.05324580598103574,0.016776075857038657,0.23559445660102116,0.005105762217359592,0.0175054704595186,0.015317286652078774,0.00437636761487965,0.02188183807439825,0.0014587892049598833,0.008023340627279359,0.009482129832239242,0.0,0.0014587892049598833,0.010211524434719184,0.007293946024799417,0.0,0.0,0.0,0.2275711159737418,0.0014587892049598833,0.0014587892049598833,0.12326768781911014,0.0029175784099197666,0.006564551422319475,0.0029175784099197666,9.0,0.44758786700000003,0.049731985222222226,1371,214.9651567944251
4984,Rachel Corsie,2020-2021,0.0,0.0,0.2423580786026201,0.03384279475982533,0.018558951965065504,0.2423580786026201,0.03384279475982533,0.002183406113537118,0.004366812227074236,0.001091703056768559,0.024017467248908297,0.001091703056768559,0.002183406113537118,0.006550218340611353,0.0,0.001091703056768559,0.0,0.0,0.0,0.0,0.0,0.3318777292576419,0.0,0.0,0.04912663755458515,0.002183406113537118,0.0032751091703056767,0.0,3.0,0.211322352,0.07044078399999999,916,123.96992481203007
4984,Rachel Corsie,2023-2024,0.000998003992015968,0.0,0.26979374584165006,0.02694610778443114,0.00998003992015968,0.2345309381237525,0.020958083832335328,0.0013306719893546241,0.001996007984031936,0.003659347970725216,0.01330671989354624,0.00033266799733865603,0.00665335994677312,0.001996007984031936,0.0,0.000998003992015968,0.003992015968063872,0.00166333998669328,0.0,0.0,0.0,0.32435129740518964,0.0006653359946773121,0.0006653359946773121,0.07019294743845642,0.00033266799733865603,0.003659347970725216,0.000998003992015968,11.0,1.405249639,0.1277499671818182,3006,171.65154495273143
4989,Rebekah Ashley Stott,2020-2021,0.0,0.0,0.21559633027522937,0.05045871559633028,0.009174311926605505,0.2324159021406728,0.04892966360856269,0.00764525993883792,0.0030581039755351682,0.009174311926605505,0.010703363914373088,0.0,0.0015290519877675841,0.0015290519877675841,0.0,0.0,0.0030581039755351682,0.0045871559633027525,0.0,0.0,0.0,0.3195718654434251,0.0,0.0,0.07339449541284404,0.0030581039755351682,0.0030581039755351682,0.0030581039755351682,2.0,0.31223467,0.156117335,654,138.82075471698113
4992,Janine Elizabeth Beckie,2019-2020,0.0003943217665615142,0.0003943217665615142,0.2752365930599369,0.02917981072555205,0.01222397476340694,0.23935331230283913,0.00749211356466877,0.00749211356466877,0.016561514195583597,0.003943217665615142,0.011829652996845425,0.0003943217665615142,0.0011829652996845426,0.003548895899053628,0.0,0.0,0.0011829652996845426,0.010646687697160883,0.0,0.0,0.0,0.2854889589905363,0.0,0.0,0.08438485804416404,0.0,0.008280757097791799,0.0007886435331230284,21.0,2.1537309054,0.10255861454285713,2536,186.13603001141738
4992,Janine Elizabeth Beckie,2020-2021,0.0006958942240779402,0.0,0.28879610299234515,0.03409881697981907,0.009742519137091163,0.23451635351426584,0.0020876826722338203,0.009046624913013222,0.015309672929714684,0.0055671537926235215,0.010438413361169102,0.0,0.0020876826722338203,0.007654836464857342,0.0,0.0,0.0027835768963117608,0.013917884481558803,0.0,0.0,0.0,0.26235212247738343,0.0,0.0,0.08002783576896312,0.0,0.018789144050104383,0.0020876826722338203,27.0,5.487856074,0.20325392866666667,1437,195.95454545454544
5000,Stephanie-Elise Catley,2020-2021,0.0,0.0,0.2521186440677966,0.03389830508474576,0.01694915254237288,0.2627118644067797,0.012711864406779662,0.00847457627118644,0.019067796610169493,0.00211864406779661,0.006355932203389831,0.0,0.0,0.006355932203389831,0.0,0.00211864406779661,0.00211864406779661,0.0,0.0,0.0,0.0,0.3347457627118644,0.0,0.0,0.03389830508474576,0.0,0.00211864406779661,0.00423728813559322,1.0,0.041093934,0.041093934,472,203.44827586206895
5000,Stephanie-Elise Catley,2023-2024,0.0011524056467876692,0.0,0.2667819072313454,0.027369634111207145,0.01181215787957361,0.2561221549985595,0.008066839527513685,0.00432152117545376,0.0023048112935753384,0.0031691155286660906,0.010659752232785941,0.0,0.002016709881878421,0.0014405070584845865,0.0,0.0031691155286660906,0.0031691155286660906,0.003745318352059925,0.0,0.0,0.0,0.3445692883895131,0.0005762028233938346,0.0005762028233938346,0.04206280610774993,0.0002881014116969173,0.005185825410544511,0.0014405070584845865,18.0,1.161681502,0.06453786122222221,3471,0.0
5013,Tobin Powell Heath,2020-2021,0.0010131712259371835,0.0,0.28976697061803447,0.03242147922998987,0.0060790273556231,0.21073961499493415,0.004052684903748734,0.010131712259371834,0.016210739614994935,0.004052684903748734,0.013171225937183385,0.0,0.00911854103343465,0.010131712259371834,0.0,0.0010131712259371835,0.010131712259371834,0.0060790273556231,0.0,0.0,0.0,0.24113475177304963,0.0,0.0,0.10435663627152988,0.0,0.02634245187436677,0.004052684903748734,26.0,2.609022742,0.10034702853846154,987,149.14372061786432
5016,Jessica Fishlock,2020-2021,0.0010162601626016261,0.0,0.22865853658536586,0.0494579945799458,0.020663956639566397,0.22764227642276422,0.011178861788617886,0.008468834688346883,0.011856368563685637,0.007113821138211382,0.021341463414634148,0.0,0.00508130081300813,0.009146341463414634,0.0,0.004403794037940379,0.01084010840108401,0.010501355013550135,0.0,0.0,0.0,0.25846883468834686,0.0006775067750677507,0.0006775067750677507,0.09959349593495935,0.0006775067750677507,0.011517615176151762,0.0010162601626016261,34.0,1.947872625,0.05729037132352941,2952,157.9735997145915
5058,Rachel Daly,2020-2021,0.0006711409395973154,0.0006711409395973154,0.2644295302013423,0.028187919463087248,0.0087248322147651,0.2,0.010738255033557046,0.00738255033557047,0.019463087248322148,0.003355704697986577,0.022818791946308724,0.0,0.006040268456375839,0.011409395973154362,0.0,0.004697986577181208,0.004697986577181208,0.011409395973154362,0.0,0.0,0.0,0.30134228187919465,0.0020134228187919465,0.0020134228187919465,0.08456375838926175,0.0006711409395973154,0.004697986577181208,0.0,7.0,1.418525853,0.20264655042857144,1490,165.55555555555554
5058,Rachel Daly,2023-2024,0.004022795843110962,0.0010056989607777405,0.30506201810258127,0.03184713375796178,0.01609118337244385,0.1635936976198458,0.010056989607777405,0.0073751257123700975,0.011062688568555145,0.006034193764666443,0.027153871940998994,0.0,0.005028494803888703,0.013074086490110626,0.0,0.006369426751592357,0.005028494803888703,0.015085484411666107,0.0006704659738518271,0.0,0.0,0.19208850150854845,0.0026818638954073082,0.0026818638954073082,0.151190077103587,0.0,0.022460610124036204,0.00033523298692591353,67.0,7.3669723508,0.10995481120597016,2983,141.72517552657973
5066,Lydia Grace Yilkari Williams,2020-2021,0.0,0.0,0.23804780876494025,0.04780876494023904,0.0,0.27091633466135456,0.00099601593625498,0.0,0.0,0.0,0.0,0.00099601593625498,0.0,0.0,0.07171314741035857,0.00298804780876494,0.0,0.0,0.0,0.0,0.0,0.3665338645418327,0.0,0.0,0.0,0.0,0.0,0.0,0.0,0.0,0.0,1004,118.89473684210527
5074,Shelina Laura Zadorsky,2020-2021,0.0,0.0,0.24241424802110817,0.03891820580474934,0.010554089709762533,0.2595646437994723,0.030013192612137203,0.002308707124010554,0.001978891820580475,0.0036279683377308707,0.012532981530343008,0.00032981530343007914,0.00395778364116095,0.002968337730870712,0.0,0.002308707124010554,0.008575197889182058,0.001978891820580475,0.0,0.0,0.0,0.3255277044854881,0.0,0.0,0.05112137203166227,0.0,0.0013192612137203166,0.0,4.0,0.337411915,0.08435297875,3032,151.18005540166203
5074,Shelina Laura Zadorsky,2023-2024,0.0029433406916850625,0.0,0.23178807947019867,0.037527593818984545,0.013980868285504048,0.22663723325974983,0.034584253127299486,0.002207505518763797,0.002207505518763797,0.004415011037527594,0.01913171449595291,0.0,0.0029433406916850625,0.0014716703458425313,0.0,0.0,0.009565857247976454,0.0029433406916850625,0.0,0.0,0.0,0.3215599705665931,0.0,0.0,0.08462104488594555,0.0,0.0007358351729212656,0.0007358351729212656,1.0,0.10650888,0.10650888,1359,0.0
5076,Emily Louise van Egmond,2020-2021,0.0,0.0,0.3133245382585752,0.03496042216358839,0.011873350923482849,0.18139841688654354,0.010554089709762533,0.009564643799472295,0.008905013192612138,0.008245382585751979,0.029683377308707123,0.00032981530343007914,0.004287598944591029,0.0036279683377308707,0.0,0.0013192612137203166,0.007255936675461741,0.010883905013192613,0.0,0.00032981530343007914,0.0,0.24802110817941952,0.0,0.0,0.10356200527704486,0.0,0.011873350923482849,0.0,36.0,3.192747629,0.08868743413888888,3032,159.8781345207406
5078,Alanna Stephanie Kennedy,2020-2021,0.0007855459544383347,0.0,0.24862529457973293,0.03927729772191673,0.010997643362136685,0.21641791044776118,0.022388059701492536,0.010604870384917517,0.01178318931657502,0.007462686567164179,0.02199528672427337,0.00039277297721916735,0.007069913589945012,0.005106048703849175,0.0,0.0019638648860958365,0.01021209740769835,0.014532600157109192,0.0,0.0,0.0,0.2663000785545954,0.0,0.0,0.08915946582875098,0.0,0.012961508248232521,0.0019638648860958365,33.0,1.8544006772,0.05619395991515151,2546,148.07108239095317
5078,Alanna Stephanie Kennedy,2023-2024,0.0006828269033799932,0.0,0.2789347900307272,0.02628883578012974,0.008193922840559918,0.27517924206213723,0.023898941618299762,0.0010242403550699897,0.0027313076135199728,0.0010242403550699897,0.009900990099009901,0.0006828269033799932,0.0006828269033799932,0.002389894161829976,0.0,0.0003414134516899966,0.0037555479685899623,0.001707067258449983,0.0,0.0,0.0,0.3298053943325367,0.0,0.0,0.02731307613519973,0.0,0.004438374871969956,0.0010242403550699897,13.0,1.216393015,0.09356869346153845,2929,0.0
5081,Abby Dahlkemper,2020-2021,0.0,0.0,0.2992446252178966,0.01336432306798373,0.002324230098779779,0.2823939570017432,0.017431725740848343,0.0005810575246949448,0.0011621150493898896,0.0011621150493898896,0.005229517722254503,0.0,0.0005810575246949448,0.0005810575246949448,0.0,0.0017431725740848344,0.005229517722254503,0.0005810575246949448,0.0,0.0,0.0,0.3399186519465427,0.0,0.0,0.02672864613596746,0.0005810575246949448,0.0011621150493898896,0.0,2.0,0.314460785,0.1572303925,1721,226.44736842105263
5084,Denise O'Sullivan,2020-2021,0.0007396449704142012,0.0,0.23372781065088757,0.05029585798816568,0.011094674556213017,0.19748520710059173,0.005177514792899409,0.016272189349112426,0.015532544378698224,0.01257396449704142,0.036242603550295856,0.0,0.005917159763313609,0.006656804733727811,0.0,0.0007396449704142012,0.0073964497041420114,0.01257396449704142,0.0,0.0,0.0,0.20931952662721892,0.0,0.0,0.17085798816568049,0.0,0.006656804733727811,0.0007396449704142012,9.0,0.703222071,0.07813578566666667,1352,151.89114966920482
5085,Alexandra Morgan Carrasco,2020-2021,0.0,0.0,0.34375,0.022727272727272728,0.005681818181818182,0.20170454545454544,0.0,0.019886363636363636,0.022727272727272728,0.005681818181818182,0.017045454545454544,0.0,0.005681818181818182,0.008522727272727272,0.0,0.002840909090909091,0.002840909090909091,0.028409090909090908,0.0,0.0,0.0,0.19318181818181818,0.0,0.0,0.09659090909090909,0.0,0.017045454545454544,0.005681818181818182,6.0,2.26927362,0.37821226999999996,352,126.11464968152868
5087,Samantha June Mewis,2020-2021,0.0013869625520110957,0.0,0.2912621359223301,0.03143781784558484,0.012020342117429497,0.22237632917244568,0.005085529357374018,0.010171058714748035,0.013407304669440592,0.0036985668053629217,0.018030513176144243,0.0,0.006934812760055479,0.006472491909385114,0.0,0.0018492834026814608,0.0036985668053629217,0.012482662968099861,0.0,0.0,0.0,0.2515025427646787,0.0,0.0,0.07859454461396209,0.0,0.025889967637540454,0.0036985668053629217,56.0,6.614583819,0.11811756819642857,2163,163.13584178329003
5102,Sabrina D’Angelo,2023-2024,0.0,0.0,0.24205378973105135,0.04645476772616137,0.0,0.25183374083129584,0.0,0.0,0.0,0.0,0.0,0.0024449877750611247,0.0,0.0024449877750611247,0.10513447432762836,0.0024449877750611247,0.0,0.0024449877750611247,0.0,0.0,0.0,0.3422982885085575,0.0,0.0,0.0024449877750611247,0.0,0.0,0.0,0.0,0.0,0.0,409,96.86842105263158
5199,Jorge Resurrección Merodio,2013-2014,0.0,0.004366812227074236,0.2576419213973799,0.017467248908296942,0.013100436681222707,0.2445414847161572,0.008733624454148471,0.017467248908296942,0.026200873362445413,0.008733624454148471,0.026200873362445413,0.0,0.013100436681222707,0.008733624454148471,0.0,0.0,0.004366812227074236,0.017467248908296942,0.0,0.0,0.0,0.2663755458515284,0.0,0.0,0.0611353711790393,0.0,0.004366812227074236,0.0,1.0,0.13996542,0.13996542,229,0.0
5199,Jorge Resurrección Merodio,2015-2016,0.0,0.0,0.3096590909090909,0.008522727272727272,0.008522727272727272,0.26420454545454547,0.002840909090909091,0.005681818181818182,0.005681818181818182,0.002840909090909091,0.005681818181818182,0.0,0.005681818181818182,0.005681818181818182,0.0,0.0,0.0,0.002840909090909091,0.0,0.0,0.0,0.3210227272727273,0.0,0.0,0.03977272727272727,0.0,0.008522727272727272,0.002840909090909091,3.0,0.11224049,0.037413496666666664,352,0.0
5201,Sergio Ramos García,2013-2014,0.0,0.0035087719298245615,0.24561403508771928,0.028070175438596492,0.0035087719298245615,0.22807017543859648,0.028070175438596492,0.0035087719298245615,0.0035087719298245615,0.0,0.014035087719298246,0.0,0.007017543859649123,0.007017543859649123,0.0,0.0,0.0035087719298245615,0.0,0.0,0.0,0.0,0.4105263157894737,0.0,0.0,0.010526315789473684,0.0,0.0035087719298245615,0.0,1.0,0.059337225,0.059337225,285,0.0
5201,Sergio Ramos García,2017-2018,0.0,0.0,0.2869198312236287,0.016877637130801686,0.004219409282700422,0.22784810126582278,0.016877637130801686,0.0,0.0,0.008438818565400843,0.016877637130801686,0.0,0.0,0.012658227848101266,0.0,0.004219409282700422,0.0,0.0,0.0,0.0,0.0,0.35864978902953587,0.0,0.0,0.046413502109704644,0.0,0.0,0.0,0.0,0.0,0.0,237,0.0
5203,Sergio Busquets i Burgos,2010-2011,0.0,0.0,0.2783882783882784,0.01098901098901099,0.014652014652014652,0.2564102564102564,0.003663003663003663,0.003663003663003663,0.0,0.007326007326007326,0.018315018315018316,0.0,0.0,0.007326007326007326,0.0,0.0,0.003663003663003663,0.0,0.0,0.0,0.0,0.31135531135531136,0.0,0.0,0.08058608058608059,0.003663003663003663,0.0,0.0,0.0,0.0,0.0,273,0.0
5207,Cristiano Ronaldo dos Santos Aveiro,2013-2014,0.0,0.004807692307692308,0.34134615384615385,0.019230769230769232,0.004807692307692308,0.23557692307692307,0.004807692307692308,0.009615384615384616,0.009615384615384616,0.004807692307692308,0.014423076923076924,0.0,0.0,0.014423076923076924,0.0,0.0,0.0,0.0,0.0,0.0,0.0,0.27884615384615385,0.0,0.0,0.014423076923076924,0.0,0.04326923076923077,0.0,9.0,1.2593387273999999,0.13992652526666666,208,0.0
5208,Thiago Alcântara do Nascimento,2015-2016,0.0,0.0,0.23255813953488372,0.03488372093023256,0.011627906976744186,0.2248062015503876,0.011627906976744186,0.011627906976744186,0.015503875968992248,0.003875968992248062,0.03875968992248062,0.0,0.007751937984496124,0.011627906976744186,0.0,0.0,0.0,0.003875968992248062,0.0,0.0,0.0,0.26356589147286824,0.0,0.0,0.1124031007751938,0.0,0.011627906976744186,0.003875968992248062,3.0,0.201304563,0.067101521,258,0.0
5211,Jordi Alba Ramos,2014-2015,0.0,0.0,0.2636363636363636,0.031818181818181815,0.004545454545454545,0.2818181818181818,0.00909090909090909,0.004545454545454545,0.0,0.0,0.004545454545454545,0.0,0.004545454545454545,0.004545454545454545,0.0,0.0,0.0,0.004545454545454545,0.0,0.0,0.0,0.31363636363636366,0.0,0.0,0.06818181818181818,0.0,0.004545454545454545,0.0,1.0,0.06602102,0.06602102,220,0.0
5216,Andrés Iniesta Luján,2008-2009,0.0,0.0,0.2782258064516129,0.028225806451612902,0.004032258064516129,0.28225806451612906,0.0,0.004032258064516129,0.008064516129032258,0.008064516129032258,0.004032258064516129,0.0,0.0,0.008064516129032258,0.0,0.0,0.004032258064516129,0.008064516129032258,0.0,0.0,0.0,0.2862903225806452,0.0,0.0,0.06451612903225806,0.0,0.008064516129032258,0.004032258064516129,2.0,0.079452524,0.039726262,248,0.0
5216,Andrés Iniesta Luján,2010-2011,0.0,0.0,0.30904522613065327,0.010050251256281407,0.002512562814070352,0.30402010050251255,0.0,0.005025125628140704,0.007537688442211055,0.002512562814070352,0.0,0.0,0.0,0.007537688442211055,0.0,0.0,0.0,0.002512562814070352,0.0,0.0,0.0,0.29396984924623115,0.0,0.0,0.04271356783919598,0.0,0.01256281407035176,0.0,5.0,0.109651148,0.0219302296,398,0.0
5219,Romain Saïss,2023,0.0,0.0,0.2894211576846307,0.015968063872255488,0.003992015968063872,0.23952095808383234,0.027944111776447105,0.003992015968063872,0.0,0.001996007984031936,0.00998003992015968,0.0,0.015968063872255488,0.003992015968063872,0.0,0.0,0.005988023952095809,0.003992015968063872,0.0,0.0,0.0,0.3413173652694611,0.0,0.0,0.033932135728542916,0.0,0.001996007984031936,0.0,1.0,0.40616646,0.40616646,501,158.21052631578948
5234,Sofyan Amrabat,2023,0.0030257186081694403,0.0,0.24205748865355523,0.03479576399394856,0.0030257186081694403,0.2344931921331316,0.006051437216338881,0.0045385779122541605,0.0015128593040847202,0.0045385779122541605,0.02118003025718608,0.0,0.012102874432677761,0.007564296520423601,0.0,0.0015128593040847202,0.0015128593040847202,0.0030257186081694403,0.0,0.0,0.0,0.3146747352496218,0.0,0.0,0.1043872919818457,0.0,0.0,0.0,0.0,0.0,0.0,661,158.13397129186603
5237,Hakim Ziyech,2023,0.00437636761487965,0.0,0.31072210065645517,0.0175054704595186,0.006564551422319475,0.2603938730853392,0.002188183807439825,0.0087527352297593,0.01312910284463895,0.002188183807439825,0.00437636761487965,0.0,0.00437636761487965,0.010940919037199124,0.0,0.0,0.006564551422319475,0.01312910284463895,0.0,0.0,0.0,0.2603938730853392,0.002188183807439825,0.002188183807439825,0.04814004376367615,0.0,0.015317286652078774,0.006564551422319475,7.0,0.2945824247,0.04208320352857143,457,166.58566221142163
5245,Achraf Hakimi Mouh,2023,0.0012315270935960591,0.0,0.27586206896551724,0.01847290640394089,0.009852216748768473,0.23645320197044334,0.003694581280788177,0.003694581280788177,0.006157635467980296,0.006157635467980296,0.012315270935960592,0.0,0.008620689655172414,0.009852216748768473,0.0,0.0012315270935960591,0.0024630541871921183,0.006157635467980296,0.0,0.0,0.0,0.32019704433497537,0.0,0.0,0.07019704433497537,0.0,0.007389162561576354,0.0,6.0,1.059443958,0.17657399299999998,812,0.0
5247,Nahitan Michel Nández Acosta,2024,0.002770083102493075,0.0,0.20498614958448755,0.023545706371191136,0.013850415512465374,0.2077562326869806,0.018005540166204988,0.008310249307479225,0.009695290858725761,0.012465373961218837,0.02631578947368421,0.0,0.02077562326869806,0.015235457063711912,0.0,0.0013850415512465374,0.013850415512465374,0.002770083102493075,0.0,0.0,0.0,0.29085872576177285,0.0,0.0,0.12465373961218837,0.0013850415512465374,0.0013850415512465374,0.0,1.0,0.16986394,0.16986394,722,0.0
5258,Giorgian Daniel De Arrascaeta Benedetti,2024,0.0,0.0,0.26440677966101694,0.01694915254237288,0.010169491525423728,0.2033898305084746,0.0,0.006779661016949152,0.003389830508474576,0.010169491525423728,0.023728813559322035,0.0,0.010169491525423728,0.006779661016949152,0.0,0.0,0.0,0.023728813559322035,0.0,0.0,0.0,0.29152542372881357,0.0,0.0,0.11186440677966102,0.0,0.013559322033898305,0.003389830508474576,4.0,1.670259695,0.41756492375,295,0.0
5259,José María Giménez de Vargas,2024,0.0020964360587002098,0.0,0.24109014675052412,0.020964360587002098,0.018867924528301886,0.20545073375262055,0.033542976939203356,0.0020964360587002098,0.0020964360587002098,0.008385744234800839,0.027253668763102725,0.0,0.014675052410901468,0.0020964360587002098,0.0,0.0041928721174004195,0.018867924528301886,0.0020964360587002098,0.0,0.0,0.0,0.3081761006289308,0.0020964360587002098,0.0020964360587002098,0.07337526205450734,0.0,0.010482180293501049,0.0,5.0,1.150039476,0.23000789519999998,477,0.0
5260,Rodrigo Bentancur Colmán,2024,0.003472222222222222,0.0,0.19791666666666666,0.041666666666666664,0.017361111111111112,0.1909722222222222,0.010416666666666666,0.020833333333333332,0.013888888888888888,0.010416666666666666,0.020833333333333332,0.0,0.03819444444444445,0.003472222222222222,0.0,0.003472222222222222,0.020833333333333332,0.0,0.0,0.0,0.0,0.2152777777777778,0.0,0.0,0.1736111111111111,0.0,0.013888888888888888,0.003472222222222222,4.0,1.8748032399999999,0.46870080999999997,288,0.0
5261,Mahmoud Ibrahim Hassan,2023,0.0053475935828877,0.0,0.339572192513369,0.013368983957219251,0.0053475935828877,0.2192513368983957,0.0,0.008021390374331552,0.0213903743315508,0.0053475935828877,0.0106951871657754,0.0,0.008021390374331552,0.0053475935828877,0.0,0.00267379679144385,0.0053475935828877,0.0106951871657754,0.0,0.0,0.0,0.232620320855615,0.0,0.0,0.0855614973262032,0.0,0.016042780748663103,0.0053475935828877,6.0,0.4361061705,0.07268436175,374,0.0
5455,William Troost-Ekong,2023,0.0017482517482517483,0.0,0.2534965034965035,0.024475524475524476,0.012237762237762238,0.2062937062937063,0.06293706293706294,0.0,0.0017482517482517483,0.0017482517482517483,0.019230769230769232,0.0,0.012237762237762238,0.0017482517482517483,0.0,0.0034965034965034965,0.006993006993006993,0.0,0.0,0.0,0.0,0.32167832167832167,0.0017482517482517483,0.0017482517482517483,0.055944055944055944,0.0,0.01048951048951049,0.0,6.0,2.543382617,0.4238971028333333,572,90.3157894736842
5463,Luka Modrić,2013-2014,0.0,0.0,0.2540192926045016,0.03215434083601286,0.012861736334405145,0.27009646302250806,0.0,0.012861736334405145,0.01607717041800643,0.00964630225080386,0.006430868167202572,0.0,0.003215434083601286,0.012861736334405145,0.0,0.0,0.003215434083601286,0.003215434083601286,0.0,0.0,0.0,0.3054662379421222,0.0,0.0,0.05466237942122187,0.0,0.003215434083601286,0.0,1.0,0.028465914,0.028465914,311,100.14311270125224
5463,Luka Modrić,2015-2016,0.0,0.0,0.2540322580645161,0.036290322580645164,0.016129032258064516,0.25,0.004032258064516129,0.004032258064516129,0.004032258064516129,0.028225806451612902,0.008064516129032258,0.0,0.012096774193548387,0.0,0.0,0.0,0.004032258064516129,0.008064516129032258,0.0,0.0,0.0,0.2862903225806452,0.0,0.0,0.08064516129032258,0.0,0.004032258064516129,0.0,1.0,0.024222028,0.024222028,248,7.903682719546742
5463,Luka Modrić,2016-2017,0.0,0.0,0.25821596244131456,0.03286384976525822,0.009389671361502348,0.29107981220657275,0.0,0.004694835680751174,0.014084507042253521,0.0,0.004694835680751174,0.0,0.004694835680751174,0.028169014084507043,0.0,0.0,0.004694835680751174,0.0,0.0,0.0,0.0,0.27230046948356806,0.0,0.0,0.07042253521126761,0.0,0.004694835680751174,0.0,1.0,0.036176078,0.036176078,213,67.26315789473684
5463,Luka Modrić,2017-2018,0.0,0.0,0.2948207171314741,0.01593625498007968,0.00796812749003984,0.26693227091633465,0.0,0.01593625498007968,0.0199203187250996,0.00398406374501992,0.01195219123505976,0.0,0.0,0.00398406374501992,0.0,0.0,0.00398406374501992,0.0,0.0,0.0,0.0,0.2868525896414343,0.0,0.0,0.06374501992031872,0.0,0.00398406374501992,0.0,1.0,0.03428409,0.03428409,251,79.26315789473684
5475,John Michael Nchekwube Obinna,2011-2012,0.0,0.0,0.2073170731707317,0.04065040650406504,0.036585365853658534,0.2682926829268293,0.012195121951219513,0.0040650406504065045,0.016260162601626018,0.012195121951219513,0.016260162601626018,0.0,0.008130081300813009,0.0,0.0,0.0,0.012195121951219513,0.0,0.0,0.0,0.0,0.3008130081300813,0.0,0.0,0.06504065040650407,0.0,0.0,0.0,0.0,0.0,0.0,246,0.0
5481,Mathew Leckie,2015-2016,0.0,0.0,0.31486880466472306,0.03498542274052478,0.023323615160349854,0.18075801749271136,0.0029154518950437317,0.008746355685131196,0.01749271137026239,0.0,0.023323615160349854,0.0,0.01749271137026239,0.01749271137026239,0.0,0.0,0.0029154518950437317,0.03498542274052478,0.0,0.0,0.0,0.1924198250728863,0.0,0.0,0.11661807580174927,0.0,0.008746355685131196,0.0029154518950437317,3.0,1.09567451,0.36522483666666666,343,197.25239616613416
5487,Antoine Griezmann,2015-2016,0.0,0.0,0.2786885245901639,0.03278688524590164,0.00819672131147541,0.2581967213114754,0.004098360655737705,0.00819672131147541,0.01639344262295082,0.004098360655737705,0.012295081967213115,0.0,0.004098360655737705,0.004098360655737705,0.0,0.0,0.0,0.012295081967213115,0.0,0.0,0.0,0.27049180327868855,0.0,0.0,0.05737704918032787,0.0,0.028688524590163935,0.0,7.0,1.877176356,0.26816805085714285,244,6.747994960513781
5494,Robbie Kruse,2015-2016,0.0029282576866764276,0.0014641288433382138,0.3191800878477306,0.024890190336749635,0.01171303074670571,0.18448023426061494,0.0,0.01171303074670571,0.004392386530014641,0.004392386530014641,0.024890190336749635,0.0,0.005856515373352855,0.017569546120058566,0.0,0.0014641288433382138,0.004392386530014641,0.007320644216691069,0.0014641288433382138,0.0,0.0,0.20937042459736457,0.0,0.0,0.15373352855051245,0.0,0.007320644216691069,0.0014641288433382138,5.0,0.439834274,0.08796685480000001,683,160.03644884144754
5503,Lionel Andrés Messi Cuccittini,2008-2009,0.0,0.0,0.3058823529411765,0.0196078431372549,0.00784313725490196,0.2627450980392157,0.0,0.03137254901960784,0.00784313725490196,0.0,0.00392156862745098,0.0,0.00392156862745098,0.011764705882352941,0.0,0.0,0.00392156862745098,0.0196078431372549,0.0,0.0,0.0,0.2235294117647059,0.0,0.0,0.09019607843137255,0.0,0.00784313725490196,0.0,2.0,0.243071227,0.1215356135,255,0.0
5503,Lionel Andrés Messi Cuccittini,2010-2011,0.0,0.0,0.31476997578692495,0.012106537530266344,0.0,0.3050847457627119,0.0,0.012106537530266344,0.03631961259079903,0.0,0.002421307506053269,0.0,0.0,0.014527845036319613,0.0,0.0,0.0,0.004842615012106538,0.0,0.0,0.0,0.25181598062953997,0.0,0.0,0.03389830508474576,0.0,0.012106537530266344,0.0,5.0,0.96816815,0.19363363,413,0.0
5503,Lionel Andrés Messi Cuccittini,2014-2015,0.0,0.0,0.29310344827586204,0.03103448275862069,0.006896551724137931,0.28620689655172415,0.0,0.017241379310344827,0.034482758620689655,0.0,0.0034482758620689655,0.0,0.010344827586206896,0.020689655172413793,0.0,0.0,0.0,0.020689655172413793,0.0,0.0,0.0,0.24482758620689654,0.0,0.0,0.020689655172413793,0.0,0.010344827586206896,0.0,3.0,0.13878946,0.046263153333333334,290,0.0
5503,Lionel Andrés Messi Cuccittini,2024,0.0014084507042253522,0.0,0.3295774647887324,0.011267605633802818,0.005633802816901409,0.23098591549295774,0.0,0.018309859154929577,0.02676056338028169,0.005633802816901409,0.0028169014084507044,0.0,0.0014084507042253522,0.014084507042253521,0.0,0.0028169014084507044,0.0,0.009859154929577466,0.0,0.0,0.0,0.2563380281690141,0.004225352112676056,0.004225352112676056,0.05352112676056338,0.0,0.01971830985915493,0.0014084507042253522,14.0,2.833272779,0.2023766270714286,710,0.0
5507,Nicolás Alejandro Tagliafico,2024,0.001226993865030675,0.0,0.2687116564417178,0.0098159509202454,0.007361963190184049,0.25030674846625767,0.013496932515337423,0.00245398773006135,0.006134969325153374,0.0036809815950920245,0.023312883435582823,0.0,0.0049079754601227,0.012269938650306749,0.0,0.0,0.007361963190184049,0.0049079754601227,0.0,0.0,0.0,0.32515337423312884,0.0,0.0,0.05276073619631902,0.0,0.0036809815950920245,0.00245398773006135,3.0,0.147872279,0.04929075966666666,815,0.0
5525,Édison Michael Flores Peralta,2024,0.0,0.0,0.2548076923076923,0.038461538461538464,0.004807692307692308,0.16826923076923078,0.004807692307692308,0.019230769230769232,0.009615384615384616,0.004807692307692308,0.04326923076923077,0.0,0.03365384615384615,0.02403846153846154,0.0,0.009615384615384616,0.0,0.009615384615384616,0.0,0.0,0.0,0.15865384615384615,0.0,0.0,0.19230769230769232,0.0,0.009615384615384616,0.014423076923076924,2.0,0.058889148,0.029444574,208,0.0
5537,Fabian Lukas Schär,2015-2016,0.004651162790697674,0.0,0.18604651162790697,0.027906976744186046,0.037209302325581395,0.17209302325581396,0.06976744186046512,0.0,0.004651162790697674,0.037209302325581395,0.05116279069767442,0.0,0.009302325581395349,0.013953488372093023,0.0,0.0,0.009302325581395349,0.004651162790697674,0.0,0.0,0.0,0.2837209302325581,0.0,0.0,0.08837209302325581,0.0,0.0,0.0,0.0,0.0,0.0,215,0.0
5539,Carlos Henrique Casimiro,2015-2016,0.0,0.0,0.1853448275862069,0.04741379310344827,0.021551724137931036,0.21982758620689655,0.017241379310344827,0.004310344827586207,0.01293103448275862,0.021551724137931036,0.034482758620689655,0.0,0.017241379310344827,0.008620689655172414,0.0,0.0,0.004310344827586207,0.0,0.0,0.0,0.0,0.3017241379310345,0.0,0.0,0.09482758620689655,0.0,0.008620689655172414,0.0,2.0,0.07816885,0.039084425,232,0.0
5544,Ricardo Iván Rodríguez Araya,2015-2016,0.0,0.0,0.21587301587301588,0.0380952380952381,0.015873015873015872,0.24126984126984127,0.012698412698412698,0.006349206349206349,0.009523809523809525,0.006349206349206349,0.012698412698412698,0.0031746031746031746,0.006349206349206349,0.009523809523809525,0.0,0.0,0.0031746031746031746,0.006349206349206349,0.0,0.0,0.0,0.3396825396825397,0.0,0.0,0.06666666666666667,0.0,0.006349206349206349,0.0,2.0,0.0380539083,0.01902695415,315,0.0
5547,Alisson Ramsés Becker,2024,0.0,0.0,0.21613832853025935,0.0345821325648415,0.0,0.19596541786743515,0.0,0.0,0.0,0.0,0.0,0.002881844380403458,0.0,0.0,0.15561959654178675,0.008645533141210375,0.0,0.0,0.0,0.0,0.0,0.38328530259365995,0.0,0.0,0.0,0.002881844380403458,0.0,0.0,0.0,0.0,0.0,347,0.0
5552,Marcelo Vieira da Silva Júnior,2015-2016,0.0,0.0,0.2672413793103448,0.03017241379310345,0.017241379310344827,0.2543103448275862,0.008620689655172414,0.0,0.008620689655172414,0.0,0.008620689655172414,0.0,0.0,0.0,0.0,0.0,0.004310344827586207,0.017241379310344827,0.0,0.0,0.0,0.31896551724137934,0.0,0.0,0.05603448275862069,0.0,0.008620689655172414,0.0,2.0,0.816152855,0.4080764275,232,0.0
5552,Marcelo Vieira da Silva Júnior,2016-2017,0.0,0.0,0.2610619469026549,0.030973451327433628,0.030973451327433628,0.26991150442477874,0.004424778761061947,0.0,0.01327433628318584,0.008849557522123894,0.004424778761061947,0.0,0.0,0.008849557522123894,0.0,0.0,0.0,0.008849557522123894,0.0,0.0,0.0,0.3141592920353982,0.0,0.0,0.035398230088495575,0.0,0.008849557522123894,0.0,2.0,0.08177975200000001,0.040889876000000006,226,0.0
5552,Marcelo Vieira da Silva Júnior,2017-2018,0.00390625,0.0,0.296875,0.03125,0.00390625,0.25,0.00390625,0.0078125,0.0078125,0.0,0.0078125,0.0,0.0078125,0.00390625,0.0,0.0,0.00390625,0.0,0.0,0.0,0.0,0.328125,0.0,0.0,0.0390625,0.0,0.00390625,0.0,1.0,0.023375953,0.023375953,256,0.0
5555,Julian Brandt,2015-2016,0.0014992503748125937,0.0,0.3292353823088456,0.02848575712143928,0.008395802098950524,0.2029985007496252,0.0023988005997001498,0.012293853073463269,0.016791604197901048,0.005097451274362818,0.020389805097451273,0.0,0.003598200899550225,0.00719640179910045,0.0,0.0008995502248875562,0.0029985007496251873,0.018590704647676162,0.0002998500749625187,0.0,0.0,0.22038980509745126,0.0,0.0,0.10614692653673163,0.0,0.008995502248875561,0.003298350824587706,30.0,4.565383644,0.1521794548,3335,175.67013929532953
5555,Julian Brandt,2023-2024,0.0,0.0,0.27419354838709675,0.025806451612903226,0.0032258064516129032,0.20967741935483872,0.016129032258064516,0.00967741935483871,0.0032258064516129032,0.00967741935483871,0.02258064516129032,0.0,0.0,0.00967741935483871,0.0,0.0032258064516129032,0.0064516129032258064,0.012903225806451613,0.0,0.0,0.0,0.23870967741935484,0.0,0.0,0.14516129032258066,0.0,0.0064516129032258064,0.0032258064516129032,2.0,0.0647908016,0.0323954008,310,157.18309859154928
5557,Timo Werner,2015-2016,0.0,0.0,0.4189189189189189,0.016891891891891893,0.006756756756756757,0.11486486486486487,0.0,0.02702702702702703,0.010135135135135136,0.006756756756756757,0.0472972972972973,0.0,0.013513513513513514,0.010135135135135136,0.0,0.0,0.0,0.030405405405405407,0.0,0.0,0.0,0.14189189189189189,0.0,0.0,0.13513513513513514,0.0,0.013513513513513514,0.006756756756756757,4.0,0.382376632,0.095594158,296,175.49407114624506
5562,Thomas Müller,2015-2016,0.0,0.0,0.3617021276595745,0.02127659574468085,0.01702127659574468,0.17446808510638298,0.00425531914893617,0.01702127659574468,0.01276595744680851,0.01276595744680851,0.03404255319148936,0.0,0.00425531914893617,0.01276595744680851,0.0,0.0,0.0,0.01702127659574468,0.0,0.0,0.0,0.2170212765957447,0.0,0.0,0.06382978723404255,0.0,0.029787234042553193,0.0,7.0,1.83104991,0.2615785585714286,235,161.8209640397858
5569,Marvin Plattenhardt,2015-2016,0.0,0.0,0.2345360824742268,0.03608247422680412,0.005154639175257732,0.2190721649484536,0.020618556701030927,0.002577319587628866,0.01288659793814433,0.002577319587628866,0.01804123711340206,0.0,0.015463917525773196,0.010309278350515464,0.0,0.0,0.005154639175257732,0.007731958762886598,0.0,0.0,0.0,0.33762886597938147,0.002577319587628866,0.002577319587628866,0.06701030927835051,0.0,0.0,0.0,0.0,0.0,0.0,388,183.78947368421055
5570,Manuel Neuer,2015-2016,0.0,0.0,0.24434389140271492,0.04072398190045249,0.0,0.2398190045248869,0.0,0.0,0.0,0.0,0.0,0.0,0.0,0.0,0.09049773755656108,0.0,0.0,0.0,0.0,0.0,0.0,0.38461538461538464,0.0,0.0,0.0,0.0,0.0,0.0,0.0,0.0,0.0,221,104.6842105263158
5572,Mats Hummels,2015-2016,0.0057306590257879654,0.0,0.20916905444126074,0.02005730659025788,0.017191977077363897,0.22063037249283668,0.03724928366762178,0.0028653295128939827,0.0,0.008595988538681949,0.03151862464183381,0.0,0.008595988538681949,0.0057306590257879654,0.0,0.0028653295128939827,0.014326647564469915,0.0,0.0,0.0,0.0,0.34097421203438394,0.0,0.0,0.07449856733524356,0.0,0.0,0.0,0.0,0.0,0.0,349,165.3157894736842
5572,Mats Hummels,2023-2024,0.002857142857142857,0.0,0.23142857142857143,0.017142857142857144,0.017142857142857144,0.22,0.05714285714285714,0.0,0.0,0.011428571428571429,0.037142857142857144,0.0,0.002857142857142857,0.005714285714285714,0.0,0.0,0.014285714285714285,0.002857142857142857,0.0,0.0,0.0,0.29714285714285715,0.0,0.0,0.08285714285714285,0.0,0.0,0.0,0.0,0.0,0.0,350,165.78947368421052
5574,Toni Kroos,2011-2012,0.0,0.0,0.2735294117647059,0.01764705882352941,0.0,0.25882352941176473,0.0,0.0029411764705882353,0.0029411764705882353,0.01764705882352941,0.0058823529411764705,0.0,0.008823529411764706,0.011764705882352941,0.0,0.0,0.0,0.0029411764705882353,0.0,0.0,0.0,0.28823529411764703,0.0,0.0,0.09117647058823529,0.0,0.01764705882352941,0.0,6.0,0.166068038,0.027678006333333335,340,322.10526315789474
5574,Toni Kroos,2016-2017,0.0,0.0,0.26337448559670784,0.01646090534979424,0.00823045267489712,0.2757201646090535,0.0,0.00411522633744856,0.00823045267489712,0.00823045267489712,0.0,0.0,0.00823045267489712,0.024691358024691357,0.0,0.0,0.00823045267489712,0.0,0.0,0.0,0.0,0.3045267489711934,0.0,0.0,0.06172839506172839,0.0,0.00411522633744856,0.00411522633744856,1.0,0.059818856,0.059818856,243,119.05280348394122
5574,Toni Kroos,2017-2018,0.0,0.0,0.2889733840304182,0.022813688212927757,0.0076045627376425855,0.2661596958174905,0.0,0.0076045627376425855,0.0,0.0076045627376425855,0.0076045627376425855,0.0,0.0038022813688212928,0.0038022813688212928,0.0,0.0,0.0,0.0,0.0,0.0,0.0,0.34980988593155893,0.0,0.0,0.034220532319391636,0.0,0.0,0.0,0.0,0.0,0.0,263,86.4184008762322
5579,Joshua Kimmich,2023-2024,0.003105590062111801,0.0,0.2919254658385093,0.009316770186335404,0.009316770186335404,0.2422360248447205,0.0,0.0,0.0,0.006211180124223602,0.015527950310559006,0.0,0.003105590062111801,0.0,0.0,0.0,0.0,0.003105590062111801,0.003105590062111801,0.0,0.0,0.3447204968944099,0.0,0.0,0.062111801242236024,0.0,0.003105590062111801,0.003105590062111801,1.0,0.020028673,0.020028673,322,301.56087408949014
5581,Joel Nathaniel Campbell Samuels,2024,0.006779661016949152,0.0,0.2440677966101695,0.030508474576271188,0.006779661016949152,0.2305084745762712,0.0,0.013559322033898305,0.020338983050847456,0.003389830508474576,0.013559322033898305,0.003389830508474576,0.013559322033898305,0.030508474576271188,0.0,0.010169491525423728,0.0,0.013559322033898305,0.0,0.0,0.0,0.22033898305084745,0.0,0.0,0.13559322033898305,0.0,0.0,0.003389830508474576,0.0,0.0,0.0,295,0.0
5600,Francisco Javier Calvo Quesada,2024,0.0028011204481792717,0.0,0.21288515406162464,0.03361344537815126,0.022408963585434174,0.21568627450980393,0.022408963585434174,0.0056022408963585435,0.022408963585434174,0.014005602240896359,0.011204481792717087,0.0,0.0028011204481792717,0.011204481792717087,0.0,0.0,0.011204481792717087,0.0028011204481792717,0.0,0.0,0.0,0.3165266106442577,0.0,0.0,0.0896358543417367,0.0,0.0028011204481792717,0.0,1.0,0.23077281,0.23077281,357,0.0
5623,Jae-Sung Lee,2023-2024,0.003787878787878788,0.0,0.26136363636363635,0.041666666666666664,0.03787878787878788,0.20075757575757575,0.003787878787878788,0.0,0.003787878787878788,0.003787878787878788,0.022727272727272728,0.0,0.007575757575757576,0.007575757575757576,0.0,0.0,0.015151515151515152,0.003787878787878788,0.0,0.0,0.0,0.23484848484848486,0.0,0.0,0.14015151515151514,0.0,0.007575757575757576,0.003787878787878788,2.0,0.42510944500000003,0.21255472250000002,264,0.0
5624,Albin Ekdal,2015-2016,0.007633587786259542,0.0,0.17938931297709923,0.04580152671755725,0.007633587786259542,0.15648854961832062,0.022900763358778626,0.007633587786259542,0.003816793893129771,0.007633587786259542,0.04198473282442748,0.0,0.026717557251908396,0.026717557251908396,0.0,0.003816793893129771,0.019083969465648856,0.007633587786259542,0.0,0.003816793893129771,0.0,0.2633587786259542,0.0,0.0,0.16412213740458015,0.0,0.003816793893129771,0.0,1.0,0.026466848,0.026466848,262,124.10526315789474
5627,Ja-Cheol Koo,2015-2016,0.0,0.0,0.29261363636363635,0.045454545454545456,0.008522727272727272,0.17897727272727273,0.0,0.014204545454545454,0.022727272727272728,0.002840909090909091,0.03409090909090909,0.0,0.008522727272727272,0.014204545454545454,0.0,0.0,0.002840909090909091,0.028409090909090908,0.0,0.0,0.0,0.1875,0.0,0.0,0.14772727272727273,0.0,0.011363636363636364,0.0,4.0,0.764926015,0.19123150375,352,0.0
5634,Erick Javier Davis Grajales,2024,0.0034423407917383822,0.0,0.26506024096385544,0.020654044750430294,0.008605851979345954,0.22375215146299485,0.0189328743545611,0.008605851979345954,0.0068846815834767644,0.008605851979345954,0.010327022375215147,0.0,0.012048192771084338,0.0034423407917383822,0.0,0.0,0.0034423407917383822,0.0034423407917383822,0.0,0.0,0.0,0.3373493975903614,0.0,0.0,0.06196213425129088,0.0,0.0017211703958691911,0.0017211703958691911,1.0,0.04029999,0.04029999,581,0.0
5637,Edgar Yoel Bárcenas Herrera,2024,0.0,0.0,0.28620102214650767,0.027257240204429302,0.0017035775127768314,0.2402044293015332,0.0,0.0068143100511073255,0.008517887563884156,0.0017035775127768314,0.015332197614991482,0.0,0.01192504258943782,0.020442930153321975,0.0,0.0,0.008517887563884156,0.018739352640545145,0.0,0.0,0.0,0.24701873935264054,0.0,0.0,0.09369676320272573,0.0,0.010221465076660987,0.0017035775127768314,6.0,0.380882643,0.0634804405,587,0.0
5641,Michael Amir Murillo Bermudez,2024,0.0037174721189591076,0.0,0.26394052044609667,0.022304832713754646,0.011152416356877323,0.24535315985130113,0.011152416356877323,0.011152416356877323,0.01858736059479554,0.0018587360594795538,0.013011152416356878,0.0,0.007434944237918215,0.00929368029739777,0.0,0.0,0.007434944237918215,0.0037174721189591076,0.0,0.0,0.0,0.3048327137546468,0.0,0.0,0.05390334572490706,0.0018587360594795538,0.007434944237918215,0.0018587360594795538,4.0,0.26400665,0.0660016625,538,0.0
5647,Ali Maâloul,2023,0.0,0.0,0.30097087378640774,0.014563106796116505,0.014563106796116505,0.21359223300970873,0.0,0.0,0.0,0.0048543689320388345,0.0,0.0,0.0048543689320388345,0.0,0.0,0.0,0.0,0.0,0.0,0.0,0.0,0.4029126213592233,0.0,0.0,0.043689320388349516,0.0,0.0,0.0,0.0,0.0,0.0,206,195.1578947368421
5651,Yassine Meriah,2023,0.004008016032064128,0.0,0.2545090180360721,0.02404809619238477,0.004008016032064128,0.22845691382765532,0.04208416833667335,0.0,0.002004008016032064,0.0,0.012024048096192385,0.0,0.004008016032064128,0.008016032064128256,0.0,0.0,0.008016032064128256,0.0,0.0,0.0,0.0,0.3466933867735471,0.0,0.0,0.056112224448897796,0.002004008016032064,0.004008016032064128,0.0,2.0,0.29377392,0.14688696,499,157.57894736842104
5668,Robert Lewandowski,2015-2016,0.0,0.0,0.398576512455516,0.03202846975088968,0.0035587188612099642,0.18505338078291814,0.010676156583629894,0.021352313167259787,0.014234875444839857,0.0,0.03202846975088968,0.0,0.0071174377224199285,0.021352313167259787,0.0,0.0,0.0,0.028469750889679714,0.0,0.0,0.0,0.14590747330960854,0.0,0.0,0.08540925266903915,0.0,0.014234875444839857,0.0,4.0,0.29246389,0.0731159725,281,133.10526315789474
5675,Kalidou Koulibaly,2023,0.0,0.0,0.27794561933534745,0.010574018126888218,0.0075528700906344415,0.24169184290030213,0.021148036253776436,0.0015105740181268882,0.0015105740181268882,0.0075528700906344415,0.013595166163141994,0.0,0.010574018126888218,0.0030211480362537764,0.0,0.0015105740181268882,0.0030211480362537764,0.0030211480362537764,0.0,0.0,0.0,0.33534743202416917,0.0,0.0,0.054380664652567974,0.0,0.006042296072507553,0.0,4.0,0.965902484,0.241475621,662,156.78947368421052
5678,Jefferson Andrés Lerma Solís,2024,0.0028368794326241137,0.0014184397163120568,0.26099290780141843,0.02553191489361702,0.015602836879432624,0.21843971631205675,0.005673758865248227,0.00425531914893617,0.0014184397163120568,0.0014184397163120568,0.02553191489361702,0.0,0.00851063829787234,0.005673758865248227,0.0,0.005673758865248227,0.011347517730496455,0.0,0.0,0.0,0.0,0.32340425531914896,0.0,0.0,0.06666666666666667,0.0,0.011347517730496455,0.00425531914893617,8.0,0.32915960099999997,0.041144950124999996,705,0.0
5681,Makoto Hasebe,2015-2016,0.0,0.0,0.21524663677130046,0.04484304932735426,0.008968609865470852,0.20179372197309417,0.004484304932735426,0.004484304932735426,0.004484304932735426,0.013452914798206279,0.03139013452914798,0.0,0.0,0.013452914798206279,0.0,0.0,0.013452914798206279,0.004484304932735426,0.0,0.0,0.0,0.2914798206278027,0.0,0.0,0.13901345291479822,0.0,0.004484304932735426,0.004484304932735426,1.0,0.015044529,0.015044529,223,117.16287215411558
5684,Shinji Kagawa,2015-2016,0.003875968992248062,0.0,0.31007751937984496,0.027131782945736434,0.003875968992248062,0.2364341085271318,0.0,0.007751937984496124,0.007751937984496124,0.0,0.011627906976744186,0.0,0.007751937984496124,0.003875968992248062,0.0,0.0,0.003875968992248062,0.015503875968992248,0.0,0.0,0.0,0.2558139534883721,0.0,0.0,0.09302325581395349,0.0,0.011627906976744186,0.0,3.0,0.41661857,0.13887285666666668,258,244.42105263157896
5691,Johan Andrés Mojica Palacio,2024,0.0040858018386108275,0.0,0.2512768130745659,0.0296220633299285,0.011235955056179775,0.24821246169560776,0.006128702757916241,0.005107252298263534,0.005107252298263534,0.005107252298263534,0.018386108273748723,0.0010214504596527069,0.0030643513789581204,0.008171603677221655,0.0,0.0010214504596527069,0.007150153217568948,0.0030643513789581204,0.0,0.0,0.0,0.33299284984678246,0.0,0.0,0.05515832482124617,0.0030643513789581204,0.0010214504596527069,0.0,1.0,0.061551858,0.061551858,979,0.0
5695,James David Rodríguez Rubio,2024,0.002152852529601722,0.001076426264800861,0.271259418729817,0.021528525296017224,0.005382131324004306,0.22927879440258342,0.0,0.006458557588805167,0.006458557588805167,0.002152852529601722,0.00968783638320775,0.0,0.006458557588805167,0.012917115177610334,0.0,0.0032292787944025836,0.002152852529601722,0.010764262648008612,0.001076426264800861,0.0,0.0,0.3304628632938644,0.001076426264800861,0.001076426264800861,0.060279870828848225,0.0,0.008611410118406888,0.006458557588805167,8.0,1.1123867645,0.1390483455625,929,0.0
5696,Santiago Arias Naranjo,2024,0.0,0.0,0.23383084577114427,0.009950248756218905,0.009950248756218905,0.1890547263681592,0.009950248756218905,0.004975124378109453,0.0,0.01990049751243781,0.04477611940298507,0.0,0.014925373134328358,0.009950248756218905,0.0,0.0,0.0,0.004975124378109453,0.0,0.0,0.0,0.3283582089552239,0.0,0.0,0.1044776119402985,0.009950248756218905,0.004975124378109453,0.0,1.0,0.022013947,0.022013947,201,0.0
5697,Genki Haraguchi,2015-2016,0.004201680672268907,0.0,0.2605042016806723,0.01680672268907563,0.012605042016806723,0.21008403361344538,0.004201680672268907,0.008403361344537815,0.025210084033613446,0.02100840336134454,0.037815126050420166,0.0,0.01680672268907563,0.004201680672268907,0.0,0.0,0.004201680672268907,0.01680672268907563,0.0,0.0,0.0,0.20168067226890757,0.0,0.0,0.14705882352941177,0.0,0.004201680672268907,0.004201680672268907,1.0,0.024078913,0.024078913,238,167.34375
5721,Daniel Carvajal Ramos,2013-2014,0.0,0.0,0.22846441947565543,0.0299625468164794,0.00749063670411985,0.250936329588015,0.00749063670411985,0.011235955056179775,0.011235955056179775,0.0149812734082397,0.0149812734082397,0.0,0.00749063670411985,0.011235955056179775,0.0,0.0,0.003745318352059925,0.011235955056179775,0.0,0.0,0.0,0.3295880149812734,0.0,0.0,0.0599250936329588,0.0,0.0,0.0,0.0,0.0,0.0,267,0.0
5837,Douglas Costa de Souza,2015-2016,0.002840909090909091,0.0,0.3096590909090909,0.017045454545454544,0.011363636363636364,0.23011363636363635,0.002840909090909091,0.017045454545454544,0.04261363636363636,0.002840909090909091,0.014204545454545454,0.0,0.002840909090909091,0.017045454545454544,0.0,0.0,0.002840909090909091,0.017045454545454544,0.0,0.0,0.0,0.23579545454545456,0.0,0.0,0.06534090909090909,0.0,0.008522727272727272,0.0,3.0,0.227757215,0.07591907166666667,352,0.0
6040,Jonas Hector,2015-2016,0.0,0.0,0.22641509433962265,0.031446540880503145,0.018867924528301886,0.20125786163522014,0.009433962264150943,0.0031446540880503146,0.012578616352201259,0.0031446540880503146,0.009433962264150943,0.0,0.006289308176100629,0.0220125786163522,0.0,0.0,0.0,0.006289308176100629,0.0,0.0,0.0,0.39308176100628933,0.0,0.0,0.05660377358490566,0.0,0.0,0.0,0.0,0.0,0.0,318,150.63157894736844
6193,Andrés Mateus Uribe Villa,2024,0.0,0.0,0.22590361445783133,0.02108433734939759,0.018072289156626505,0.21084337349397592,0.009036144578313253,0.006024096385542169,0.006024096385542169,0.009036144578313253,0.018072289156626505,0.0,0.009036144578313253,0.006024096385542169,0.0,0.0,0.006024096385542169,0.0,0.0,0.0,0.0,0.3132530120481928,0.0,0.0,0.13253012048192772,0.0,0.009036144578313253,0.0,3.0,0.758672121,0.252890707,332,0.0
6301,Youssef En-Nesyri,2023,0.0,0.0,0.3867924528301887,0.02358490566037736,0.0047169811320754715,0.06132075471698113,0.009433962264150943,0.0047169811320754715,0.0047169811320754715,0.0,0.06132075471698113,0.0,0.014150943396226415,0.009433962264150943,0.0,0.0,0.0,0.018867924528301886,0.0,0.0,0.0,0.10849056603773585,0.0,0.0,0.24528301886792453,0.0,0.03773584905660377,0.009433962264150943,8.0,1.512106646,0.18901333075,212,74.41497659906396
6309,Tin Jedvaj,2015-2016,0.0026702269692923898,0.0013351134846461949,0.2096128170894526,0.02870493991989319,0.02069425901201602,0.17690253671562084,0.02336448598130841,0.004672897196261682,0.008678237650200267,0.010013351134846462,0.03337783711615487,0.0,0.011348464619492658,0.008678237650200267,0.0,0.0013351134846461949,0.012016021361815754,0.006675567423230975,0.0,0.0,0.0,0.3137516688918558,0.0013351134846461949,0.0013351134846461949,0.11815754339118825,0.0,0.0020026702269692926,0.0033377837116154874,3.0,0.067261614,0.022420538,1498,134.49720670391062
6313,Wilder José Cartagena Mendoza,2024,0.0035211267605633804,0.0,0.1619718309859155,0.04225352112676056,0.02112676056338028,0.16549295774647887,0.0035211267605633804,0.007042253521126761,0.0035211267605633804,0.017605633802816902,0.03169014084507042,0.0,0.045774647887323945,0.0035211267605633804,0.0,0.0,0.007042253521126761,0.0,0.0,0.0,0.0,0.23943661971830985,0.0,0.0,0.23943661971830985,0.0,0.0035211267605633804,0.0035211267605633804,1.0,0.007564963,0.007564963,284,0.0
6320,Filipe Luís Kasmirski,2015-2016,0.0,0.0,0.27697841726618705,0.01079136690647482,0.01079136690647482,0.2841726618705036,0.007194244604316547,0.0035971223021582736,0.02158273381294964,0.0,0.007194244604316547,0.0,0.0035971223021582736,0.007194244604316547,0.0,0.0,0.0,0.0,0.0,0.0,0.0,0.3237410071942446,0.0,0.0,0.039568345323741004,0.0,0.0,0.0035971223021582736,0.0,0.0,0.0,278,0.0
6321,Milos Veljkovic,2023-2024,0.0,0.0,0.2903225806451613,0.005376344086021506,0.013440860215053764,0.25268817204301075,0.01881720430107527,0.0,0.002688172043010753,0.005376344086021506,0.016129032258064516,0.0,0.0,0.0,0.0,0.0,0.008064516129032258,0.002688172043010753,0.0,0.0,0.0,0.33602150537634407,0.0,0.0,0.0456989247311828,0.002688172043010753,0.0,0.0,0.0,0.0,0.0,372,176.21052631578948
6322,Niklas Süle,2015-2016,0.004424778761061947,0.0,0.2168141592920354,0.048672566371681415,0.017699115044247787,0.1902654867256637,0.06637168141592921,0.004424778761061947,0.0,0.0,0.03982300884955752,0.0,0.0,0.008849557522123894,0.0,0.0,0.0,0.0,0.0,0.0,0.0,0.3495575221238938,0.0,0.0,0.05309734513274336,0.0,0.0,0.0,0.0,0.0,0.0,226,107.05263157894736
6324,Leon Goretzka,2023-2024,0.0,0.0,0.3025936599423631,0.01440922190201729,0.008645533141210375,0.24495677233429394,0.0,0.002881844380403458,0.0,0.0,0.002881844380403458,0.0,0.005763688760806916,0.002881844380403458,0.0,0.0,0.002881844380403458,0.002881844380403458,0.0,0.0,0.0,0.3170028818443804,0.0,0.0,0.07780979827089338,0.0,0.011527377521613832,0.002881844380403458,4.0,0.46368738900000006,0.11592184725000002,347,188.7009063444109
6359,Johan Danon Djourou-Gbadjere,2015-2016,0.0,0.0,0.20754716981132076,0.02830188679245283,0.0330188679245283,0.2028301886792453,0.04716981132075472,0.0047169811320754715,0.0,0.0047169811320754715,0.0330188679245283,0.0,0.0,0.009433962264150943,0.0,0.0047169811320754715,0.009433962264150943,0.0,0.0,0.0,0.0,0.33962264150943394,0.0,0.0,0.07547169811320754,0.0,0.0,0.0,0.0,0.0,0.0,212,0.0
6384,Gabriel Fernández Arenas,2013-2014,0.0,0.0,0.18518518518518517,0.07777777777777778,0.018518518518518517,0.23703703703703705,0.003703703703703704,0.003703703703703704,0.02962962962962963,0.014814814814814815,0.018518518518518517,0.0,0.022222222222222223,0.007407407407407408,0.0,0.007407407407407408,0.0,0.007407407407407408,0.0,0.0,0.0,0.26296296296296295,0.0,0.0,0.1037037037037037,0.0,0.0,0.0,0.0,0.0,0.0,270,0.0
6384,Gabriel Fernández Arenas,2015-2016,0.0,0.002824858757062147,0.2570621468926554,0.031073446327683617,0.00847457627118644,0.2627118644067797,0.005649717514124294,0.0,0.005649717514124294,0.011299435028248588,0.022598870056497175,0.0,0.002824858757062147,0.002824858757062147,0.0,0.002824858757062147,0.002824858757062147,0.00847457627118644,0.0,0.0,0.0,0.3333333333333333,0.0,0.0,0.03389830508474576,0.0,0.005649717514124294,0.0,2.0,0.798940093,0.3994700465,354,0.0
6399,Gareth Frank Bale,2015-2016,0.0,0.0,0.3127962085308057,0.004739336492890996,0.009478672985781991,0.21800947867298578,0.009478672985781991,0.014218009478672985,0.04265402843601896,0.009478672985781991,0.02843601895734597,0.0,0.018957345971563982,0.018957345971563982,0.0,0.0,0.0,0.009478672985781991,0.0,0.0,0.0,0.1990521327014218,0.0,0.0,0.05687203791469194,0.0,0.04739336492890995,0.0,10.0,1.2984363316,0.12984363316,211,0.0
6648,Aïssa Mandi,2023,0.0,0.0,0.3096774193548387,0.012903225806451613,0.012903225806451613,0.2693548387096774,0.01129032258064516,0.0016129032258064516,0.0,0.0032258064516129032,0.0064516129032258064,0.0,0.0,0.0032258064516129032,0.0,0.0016129032258064516,0.0,0.004838709677419355,0.0016129032258064516,0.0,0.0,0.3435483870967742,0.0,0.0,0.012903225806451613,0.0,0.004838709677419355,0.0,3.0,0.46648276,0.15549425333333333,620,195.78947368421055
6773,Federico Santiago Valverde Dipetta,2024,0.0009784735812133072,0.0,0.2857142857142857,0.02837573385518591,0.004892367906066536,0.24266144814090018,0.005870841487279843,0.004892367906066536,0.003913894324853229,0.004892367906066536,0.009784735812133072,0.0,0.003913894324853229,0.003913894324853229,0.0,0.0,0.004892367906066536,0.0029354207436399216,0.0,0.0,0.0,0.3062622309197652,0.0,0.0,0.06653620352250489,0.0009784735812133072,0.016634050880626222,0.0019569471624266144,17.0,2.1569283052,0.1268781356,1022,0.0
6785,Yassine Bounou,2023,0.0,0.0,0.1794871794871795,0.06593406593406594,0.0,0.1575091575091575,0.0,0.0,0.0,0.0,0.0,0.0,0.0,0.003663003663003663,0.1391941391941392,0.029304029304029304,0.0,0.0,0.0,0.0,0.0,0.42124542124542125,0.0,0.0,0.003663003663003663,0.0,0.0,0.0,0.0,0.0,0.0,273,64.65789473684211
6817,Christen Annemarie Press,2020-2021,0.002079002079002079,0.0,0.3437283437283437,0.036036036036036036,0.009702009702009701,0.17117117117117117,0.004851004851004851,0.014553014553014554,0.020097020097020097,0.005544005544005544,0.018018018018018018,0.0,0.006237006237006237,0.006237006237006237,0.0,0.001386001386001386,0.004851004851004851,0.02079002079002079,0.001386001386001386,0.0,0.0,0.16146916146916146,0.0,0.0,0.13582813582813583,0.0,0.030492030492030493,0.005544005544005544,44.0,5.233675634,0.1189471735,1443,131.4207650273224
6818,Hayley Emma Raso,2020-2021,0.0003707823507601038,0.0,0.27549128661475714,0.03744901742677049,0.01557285873192436,0.21319985168705968,0.004078605858361142,0.018168335187245088,0.018909899888765295,0.008157211716722283,0.02335928809788654,0.0,0.014089729328883945,0.009269558769002595,0.0,0.0007415647015202076,0.006303299962921765,0.0192806822395254,0.0007415647015202076,0.0,0.0,0.19206525769373378,0.0003707823507601038,0.0003707823507601038,0.12458286985539488,0.0007415647015202076,0.012977382276603633,0.0037078235076010383,35.0,5.020336197,0.14343817705714285,2697,172.93388429752068
6862,Cédric Bakambu,2023,0.002583979328165375,0.0,0.4315245478036176,0.007751937984496124,0.002583979328165375,0.11369509043927649,0.007751937984496124,0.00516795865633075,0.01808785529715762,0.00516795865633075,0.04909560723514212,0.0,0.03875968992248062,0.015503875968992248,0.0,0.007751937984496124,0.002583979328165375,0.020671834625323,0.0,0.0,0.0,0.09043927648578812,0.0,0.0,0.13953488372093023,0.002583979328165375,0.025839793281653745,0.012919896640826873,10.0,2.225272947,0.22252729470000002,387,91.22577265584076
6874,Ermedin Demirović,2023-2024,0.0,0.0,0.2680851063829787,0.05106382978723404,0.0,0.14893617021276595,0.00425531914893617,0.00851063829787234,0.01702127659574468,0.01702127659574468,0.029787234042553193,0.0,0.00851063829787234,0.01276595744680851,0.0,0.0,0.00425531914893617,0.01702127659574468,0.0,0.0,0.0,0.16170212765957448,0.0,0.0,0.2170212765957447,0.0,0.02553191489361702,0.00851063829787234,6.0,0.387866333,0.06464438883333333,235,124.41176470588235
6909,Damián Emiliano Martínez,2024,0.0,0.0,0.20949263502454993,0.03764320785597381,0.0,0.24713584288052373,0.0,0.0,0.0,0.0,0.0,0.0,0.0,0.0016366612111292963,0.132569558101473,0.01309328968903437,0.0,0.0,0.0,0.0,0.0,0.35842880523731585,0.0,0.0,0.0,0.0,0.0,0.0,0.0,0.0,0.0,611,0.0
6919,Guilherme Antonio Arana Lopes,2024,0.0023584905660377358,0.0,0.2759433962264151,0.02122641509433962,0.007075471698113208,0.25943396226415094,0.0047169811320754715,0.0,0.0023584905660377358,0.0023584905660377358,0.014150943396226415,0.0,0.0023584905660377358,0.007075471698113208,0.0,0.0023584905660377358,0.007075471698113208,0.009433962264150943,0.0,0.0,0.0,0.33726415094339623,0.0,0.0,0.04009433962264151,0.0023584905660377358,0.0023584905660377358,0.0,1.0,0.053021528,0.053021528,424,0.0
6988,Musa Barrow,2023,0.0,0.0,0.3,0.042222222222222223,0.0044444444444444444,0.22444444444444445,0.006666666666666667,0.015555555555555555,0.017777777777777778,0.0044444444444444444,0.006666666666666667,0.0,0.008888888888888889,0.013333333333333334,0.0,0.0,0.0,0.0044444444444444444,0.0,0.0,0.0,0.26,0.0,0.0,0.07333333333333333,0.0,0.017777777777777778,0.0,8.0,0.266971905,0.033371488125,450,142.10526315789474
7023,Franck Yannick Kessié,2023,0.0010277492291880781,0.0,0.2692702980472765,0.03699897225077081,0.010277492291880781,0.23535457348406988,0.007194244604316547,0.008221993833504625,0.008221993833504625,0.0020554984583761563,0.017471736896197326,0.0,0.012332990750256937,0.019527235354573486,0.0,0.0010277492291880781,0.0041109969167523125,0.0051387461459403904,0.0,0.0,0.0,0.25488180883864336,0.0010277492291880781,0.0010277492291880781,0.09146968139773895,0.0020554984583761563,0.011305241521068859,0.0,11.0,2.139116852,0.19446516836363636,973,0.0
7039,Hakan Çalhanoğlu,2015-2016,0.0015287597936174278,0.00019109497420217848,0.2797630422319893,0.027135486336709345,0.012230078348939423,0.21115994649340722,0.006115039174469711,0.008599273839098032,0.010319128606917638,0.0038218994840435697,0.020829352188037456,0.00019109497420217848,0.006497229122874069,0.006497229122874069,0.0,0.0009554748710108924,0.0017198547678196063,0.013376648194152494,0.0,0.0,0.0,0.27842537741257406,0.00038218994840435696,0.00038218994840435696,0.09077011274603478,0.00019109497420217848,0.01643416778138735,0.0024842346646283204,86.0,5.3141085596,0.06179195999534884,5233,200.4298238147927
7044,Patrik Schick,2023-2024,0.004325883201153569,0.0,0.37707281903388606,0.014419610670511895,0.007209805335255948,0.16222062004325882,0.005767844268204758,0.01658255227108868,0.012977649603460706,0.0,0.023792357606344627,0.0,0.008651766402307137,0.010814708002883922,0.0,0.0014419610670511895,0.0021629416005767843,0.02090843547224225,0.0007209805335255948,0.0,0.0,0.1651045421773612,0.0007209805335255948,0.0007209805335255948,0.12905551550108146,0.0,0.02883922134102379,0.006488824801730353,40.0,5.447158103,0.13617895257499998,1387,111.57490168037184
7095,Marvin Schwäbe,2023-2024,0.0,0.0,0.2236842105263158,0.03070175438596491,0.0,0.20175438596491227,0.0,0.0,0.0,0.0,0.0,0.0,0.0,0.0043859649122807015,0.19298245614035087,0.0,0.0,0.0,0.0,0.0,0.0,0.34649122807017546,0.0,0.0,0.0,0.0,0.0,0.0,0.0,0.0,0.0,228,108.0
7104,Mathías Olivera Miramontes,2024,0.001364256480218281,0.0,0.2373806275579809,0.03137789904502047,0.01227830832196453,0.24965893587994542,0.010914051841746248,0.009549795361527967,0.0,0.002728512960436562,0.023192360163710776,0.0,0.002728512960436562,0.005457025920873124,0.0,0.005457025920873124,0.0068212824010914054,0.0,0.0,0.0,0.0,0.31241473396998637,0.0,0.0,0.08049113233287858,0.0,0.005457025920873124,0.002728512960436562,4.0,0.771223499,0.19280587475,733,0.0
7143,Gianluca Lapadula Vargas,2024,0.0,0.0,0.39545454545454545,0.013636363636363636,0.00909090909090909,0.1318181818181818,0.0,0.013636363636363636,0.0,0.004545454545454545,0.05454545454545454,0.0,0.02727272727272727,0.03636363636363636,0.0,0.004545454545454545,0.0,0.01818181818181818,0.0,0.0,0.0,0.11818181818181818,0.0,0.0,0.1318181818181818,0.0,0.03636363636363636,0.004545454545454545,8.0,0.5001205485,0.0625150685625,220,97.15407262021589
7175,Erick Antonio Pulgar Farfán,2024,0.0029239766081871343,0.0,0.20760233918128654,0.04678362573099415,0.023391812865497075,0.21052631578947367,0.008771929824561403,0.005847953216374269,0.0029239766081871343,0.011695906432748537,0.03216374269005848,0.0,0.0029239766081871343,0.008771929824561403,0.0,0.0,0.011695906432748537,0.005847953216374269,0.0,0.0,0.0,0.2894736842105263,0.0,0.0,0.12573099415204678,0.0,0.0,0.0029239766081871343,0.0,0.0,0.0,342,0.0
7197,Steven Moreira,2023,0.0,0.0,0.25872093023255816,0.030523255813953487,0.010174418604651164,0.2369186046511628,0.007267441860465116,0.007267441860465116,0.0029069767441860465,0.007267441860465116,0.01744186046511628,0.0,0.005813953488372093,0.0014534883720930232,0.0,0.0,0.005813953488372093,0.0029069767441860465,0.0,0.0,0.0,0.31976744186046513,0.0,0.0,0.08139534883720931,0.0,0.0014534883720930232,0.0029069767441860465,1.0,0.046164576,0.046164576,688,158.64719446579554
7198,Franck Honorat,2023-2024,0.0,0.0,0.27307692307692305,0.007692307692307693,0.011538461538461539,0.18846153846153846,0.015384615384615385,0.0,0.015384615384615385,0.007692307692307693,0.0038461538461538464,0.0038461538461538464,0.0,0.0,0.0,0.0,0.0,0.007692307692307693,0.0,0.0,0.0,0.27307692307692305,0.0,0.0,0.18076923076923077,0.0,0.0038461538461538464,0.007692307692307693,1.0,0.070884824,0.070884824,260,157.57575757575756
7294,Yoane Wissa,2023,0.0013986013986013986,0.0,0.3020979020979021,0.04055944055944056,0.016783216783216783,0.2111888111888112,0.002797202797202797,0.006993006993006993,0.022377622377622378,0.002797202797202797,0.022377622377622378,0.0,0.011188811188811189,0.02097902097902098,0.0,0.0013986013986013986,0.002797202797202797,0.01818181818181818,0.0,0.0,0.0,0.1944055944055944,0.0013986013986013986,0.0013986013986013986,0.08251748251748252,0.0013986013986013986,0.02937062937062937,0.005594405594405594,21.0,4.241705342,0.20198596866666668,715,117.06385301073313
7295,Sikou Niakate,2023,0.0,0.0,0.2851153039832285,0.014675052410901468,0.005241090146750524,0.2589098532494759,0.029350104821802937,0.0,0.0020964360587002098,0.0010482180293501049,0.011530398322851153,0.0,0.0031446540880503146,0.0041928721174004195,0.0,0.0031446540880503146,0.0031446540880503146,0.0,0.0010482180293501049,0.0,0.0,0.3490566037735849,0.0010482180293501049,0.0010482180293501049,0.025157232704402517,0.0010482180293501049,0.0,0.0,0.0,0.0,0.0,954,0.0
7355,Olivier Michel Kemen,2023,0.003257328990228013,0.0,0.2899022801302932,0.029315960912052116,0.013029315960912053,0.21498371335504887,0.0,0.006514657980456026,0.0,0.013029315960912053,0.009771986970684038,0.003257328990228013,0.013029315960912053,0.013029315960912053,0.0,0.0,0.0,0.009771986970684038,0.0,0.0,0.0,0.254071661237785,0.0,0.0,0.11400651465798045,0.0,0.009771986970684038,0.003257328990228013,3.0,0.07072429499999999,0.023574764999999998,307,0.0
7360,Julian Jeanvier,2023,0.0,0.001851851851851852,0.2740740740740741,0.007407407407407408,0.001851851851851852,0.24074074074074073,0.044444444444444446,0.0,0.0,0.0,0.011111111111111112,0.001851851851851852,0.009259259259259259,0.007407407407407408,0.0,0.001851851851851852,0.009259259259259259,0.0,0.0,0.0,0.0,0.3388888888888889,0.0,0.0,0.04259259259259259,0.0,0.007407407407407408,0.0,4.0,0.252973788,0.063243447,540,127.89473684210526
7379,Edouard Mendy,2023,0.0,0.0,0.15702479338842976,0.06887052341597796,0.0,0.19834710743801653,0.0027548209366391185,0.0,0.0,0.0,0.0,0.0,0.0027548209366391185,0.0027548209366391185,0.15151515151515152,0.01928374655647383,0.0,0.0027548209366391185,0.0,0.0,0.0,0.3884297520661157,0.0,0.0,0.005509641873278237,0.0,0.0,0.0,0.0,0.0,0.0,363,85.97368421052632
7426,Jean-Charles Castelletto,2023,0.0015552099533437014,0.0,0.26127527216174184,0.03576982892690513,0.01088646967340591,0.24572317262830481,0.02332814930015552,0.0015552099533437014,0.0015552099533437014,0.0015552099533437014,0.013996889580093312,0.0,0.006220839813374806,0.0015552099533437014,0.0,0.0015552099533437014,0.012441679626749611,0.0015552099533437014,0.0,0.0,0.0,0.3483670295489891,0.0,0.0,0.024883359253499222,0.003110419906687403,0.003110419906687403,0.0,2.0,0.135759529,0.0678797645,643,152.28947368421052
7568,Opa Sangante,2023,0.0031847133757961785,0.0,0.2611464968152866,0.01592356687898089,0.01592356687898089,0.21019108280254778,0.025477707006369428,0.0,0.0,0.01592356687898089,0.025477707006369428,0.0031847133757961785,0.012738853503184714,0.0031847133757961785,0.0,0.0031847133757961785,0.009554140127388535,0.0,0.0,0.0031847133757961785,0.0,0.31528662420382164,0.0,0.0,0.07006369426751592,0.0031847133757961785,0.0031847133757961785,0.0,1.0,0.050328754,0.050328754,314,148.73684210526315
7713,Obite Evan Ndicka,2023,0.0007288629737609329,0.0007288629737609329,0.2944606413994169,0.015306122448979591,0.009475218658892129,0.2521865889212828,0.021137026239067054,0.0,0.0,0.002186588921282799,0.009475218658892129,0.0,0.008746355685131196,0.0058309037900874635,0.0,0.0014577259475218659,0.0007288629737609329,0.0,0.0,0.0,0.0,0.3360058309037901,0.0007288629737609329,0.0007288629737609329,0.03498542274052478,0.0,0.00510204081632653,0.0,7.0,0.42781618,0.061116597142857144,1372,0.0
7753,Jamiro Gregory Monteiro Alvarenga,2023,0.0014641288433382138,0.0,0.30453879941434847,0.02342606149341142,0.010248901903367497,0.20790629575402636,0.0014641288433382138,0.013177159590043924,0.007320644216691069,0.010248901903367497,0.010248901903367497,0.0014641288433382138,0.007320644216691069,0.021961932650073207,0.0,0.0,0.004392386530014641,0.01171303074670571,0.0,0.0,0.0,0.2518301610541728,0.0,0.0,0.10248901903367497,0.0,0.004392386530014641,0.004392386530014641,3.0,0.595205722,0.19840190733333332,683,0.0
7791,Seko Fofana,2023,0.0010775862068965517,0.0010775862068965517,0.2984913793103448,0.034482758620689655,0.007543103448275862,0.24245689655172414,0.003232758620689655,0.010775862068965518,0.015086206896551725,0.00646551724137931,0.008620689655172414,0.0,0.007543103448275862,0.010775862068965518,0.0,0.0021551724137931034,0.0010775862068965517,0.007543103448275862,0.0,0.0,0.0,0.25,0.0010775862068965517,0.0010775862068965517,0.06788793103448276,0.0,0.018318965517241378,0.003232758620689655,17.0,0.6192507607,0.03642651533529412,928,135.32080362929358
7797,Rodrigo Javier De Paul,2024,0.001998001998001998,0.0,0.2777222777222777,0.01898101898101898,0.017982017982017984,0.23276723276723277,0.0,0.002997002997002997,0.005994005994005994,0.01098901098901099,0.011988011988011988,0.0,0.006993006993006993,0.012987012987012988,0.0,0.001998001998001998,0.000999000999000999,0.008991008991008992,0.0,0.0,0.0,0.28771228771228774,0.0,0.0,0.09490509490509491,0.0,0.003996003996003996,0.0,4.0,0.10416586,0.026041465,1001,0.0
7829,Wout Weghorst,2023-2024,0.0,0.0038910505836575876,0.29571984435797666,0.0038910505836575876,0.011673151750972763,0.11284046692607004,0.011673151750972763,0.007782101167315175,0.007782101167315175,0.0038910505836575876,0.03501945525291829,0.0,0.007782101167315175,0.019455252918287938,0.0,0.0038910505836575876,0.007782101167315175,0.01556420233463035,0.0,0.0,0.0,0.15953307392996108,0.0038910505836575876,0.0038910505836575876,0.26848249027237353,0.0,0.011673151750972763,0.0038910505836575876,3.0,1.0999520999999999,0.36665069999999994,257,134.3205574912892
7900,Tiago Manuel Dias Correia,2023,0.0,0.0,0.3342696629213483,0.028089887640449437,0.0056179775280898875,0.19662921348314608,0.0028089887640449437,0.014044943820224719,0.033707865168539325,0.0028089887640449437,0.019662921348314606,0.0,0.011235955056179775,0.008426966292134831,0.0,0.019662921348314606,0.0056179775280898875,0.019662921348314606,0.0,0.0,0.0,0.19382022471910113,0.0,0.0,0.047752808988764044,0.0,0.047752808988764044,0.008426966292134831,17.0,1.2917067127,0.07598274780588235,356,0.0
8060,Klaas-Jan Huntelaar,2015-2016,0.003816793893129771,0.0,0.44656488549618323,0.007633587786259542,0.003816793893129771,0.09541984732824428,0.007633587786259542,0.007633587786259542,0.0,0.0,0.03435114503816794,0.0,0.007633587786259542,0.007633587786259542,0.0,0.0,0.0,0.022900763358778626,0.0,0.0,0.0,0.16793893129770993,0.0,0.0,0.16030534351145037,0.0,0.026717557251908396,0.0,7.0,1.3540918659999999,0.1934416951428571,262,124.10526315789474
8206,Arturo Erasmo Vidal Pardo,2015-2016,0.006734006734006734,0.0,0.22895622895622897,0.03367003367003367,0.02356902356902357,0.20202020202020202,0.013468013468013467,0.010101010101010102,0.006734006734006734,0.003367003367003367,0.04713804713804714,0.0,0.020202020202020204,0.020202020202020204,0.0,0.003367003367003367,0.003367003367003367,0.0,0.0,0.0,0.0,0.265993265993266,0.0,0.0,0.10774410774410774,0.0,0.0,0.003367003367003367,0.0,0.0,0.0,297,0.0
8207,Dominik Kohr,2015-2016,0.004132231404958678,0.0,0.19008264462809918,0.02066115702479339,0.012396694214876033,0.12396694214876033,0.03305785123966942,0.004132231404958678,0.004132231404958678,0.012396694214876033,0.04132231404958678,0.0,0.02066115702479339,0.0,0.0,0.004132231404958678,0.02066115702479339,0.0,0.0,0.0,0.0,0.2603305785123967,0.004132231404958678,0.004132231404958678,0.2396694214876033,0.0,0.0,0.0,0.0,0.0,0.0,242,114.63157894736841
8207,Dominik Kohr,2023-2024,0.0,0.0,0.25951557093425603,0.006920415224913495,0.006920415224913495,0.2179930795847751,0.020761245674740483,0.0,0.0,0.006920415224913495,0.031141868512110725,0.0,0.01384083044982699,0.006920415224913495,0.0,0.0,0.010380622837370242,0.0034602076124567475,0.0,0.0,0.0,0.28719723183391005,0.0,0.0,0.11418685121107267,0.0,0.010380622837370242,0.0034602076124567475,3.0,0.298050947,0.09935031566666667,289,158.59756097560975
8210,Charles Mariano Aránguiz Sandoval,2015-2016,0.0035545023696682463,0.0,0.2037914691943128,0.04028436018957346,0.02132701421800948,0.18009478672985782,0.011848341232227487,0.005924170616113744,0.002369668246445498,0.014218009478672985,0.02014218009478673,0.0,0.018957345971563982,0.016587677725118485,0.0,0.002369668246445498,0.0071090047393364926,0.0035545023696682463,0.0,0.0,0.0,0.26540284360189575,0.0,0.0,0.16824644549763032,0.0,0.014218009478672985,0.0,12.0,1.412958444,0.117746537,844,0.0
8211,Benjamin Henrichs,2015-2016,0.0,0.0,0.15443037974683543,0.043037974683544304,0.021518987341772152,0.16835443037974684,0.02911392405063291,0.006329113924050633,0.002531645569620253,0.013924050632911392,0.049367088607594936,0.0,0.01139240506329114,0.013924050632911392,0.0,0.0012658227848101266,0.024050632911392405,0.006329113924050633,0.0,0.0,0.0,0.3,0.002531645569620253,0.002531645569620253,0.14936708860759493,0.0,0.0,0.0,0.0,0.0,0.0,790,121.3103565944378
8211,Benjamin Henrichs,2023-2024,0.0,0.0,0.26548672566371684,0.017699115044247787,0.004424778761061947,0.26548672566371684,0.0,0.0,0.008849557522123894,0.008849557522123894,0.008849557522123894,0.0,0.0,0.01327433628318584,0.0,0.0,0.008849557522123894,0.004424778761061947,0.0,0.0,0.0,0.3053097345132743,0.0,0.0,0.061946902654867256,0.0,0.02654867256637168,0.0,6.0,0.354313116,0.059052186,226,175.64766839378237
8212,Wendell Nascimento Borges,2015-2016,0.0016138793625176519,0.00040346984062941297,0.21767197901956828,0.03792616501916482,0.014928384103288278,0.20112971555376236,0.017147468226750052,0.006657252370385313,0.007867661892273553,0.008876336493847085,0.02461166027839419,0.0,0.012305830139197095,0.008472866653217672,0.0,0.0006052047609441194,0.013314504740770627,0.007060722211014727,0.0,0.0,0.0,0.31954811377849507,0.0006052047609441194,0.0006052047609441194,0.09380673794633851,0.0008069396812588259,0.0036312285656647167,0.00040346984062941297,18.0,0.7436483774,0.04131379874444444,4957,0.0
8212,Wendell Nascimento Borges,2024,0.003401360544217687,0.003401360544217687,0.23809523809523808,0.04081632653061224,0.017006802721088437,0.2585034013605442,0.013605442176870748,0.01020408163265306,0.01020408163265306,0.003401360544217687,0.02040816326530612,0.0,0.006802721088435374,0.006802721088435374,0.0,0.0,0.003401360544217687,0.01020408163265306,0.0,0.0,0.0,0.30612244897959184,0.0,0.0,0.04421768707482993,0.0,0.0,0.003401360544217687,0.0,0.0,0.0,294,0.0
8213,Karim Bellarabi,2015-2016,0.0017871326449563146,0.0007942811755361397,0.2962668784749801,0.035941223193010324,0.011914217633042097,0.20869737887212073,0.0015885623510722795,0.02084988085782367,0.028594122319301033,0.007744241461477363,0.016282764098490866,0.0,0.013899920571882446,0.013701350277998412,0.0,0.0003971405877680699,0.004368546465448769,0.01886417791898332,0.0003971405877680699,0.0,0.0,0.1737490071485306,0.00019857029388403494,0.00019857029388403494,0.12648927720413025,0.0,0.014297061159650517,0.0029785544082605244,72.0,5.509495304,0.07652076811111111,5036,168.40306160362636
8215,Kevin Volland,2015-2016,0.0,0.0,0.34297520661157027,0.01652892561983471,0.008264462809917356,0.1322314049586777,0.0,0.024793388429752067,0.01652892561983471,0.008264462809917356,0.06198347107438017,0.0,0.01652892561983471,0.004132231404958678,0.0,0.0,0.004132231404958678,0.004132231404958678,0.0,0.0,0.0,0.16942148760330578,0.0,0.0,0.18181818181818182,0.0,0.004132231404958678,0.004132231404958678,1.0,0.07443392,0.07443392,242,127.36842105263158
8218,Arjen Robben,2009-2010,0.0,0.0,0.2926829268292683,0.024390243902439025,0.0,0.2682926829268293,0.0,0.0040650406504065045,0.028455284552845527,0.008130081300813009,0.008130081300813009,0.0,0.0,0.02032520325203252,0.0,0.0,0.0,0.012195121951219513,0.0,0.0,0.0,0.2601626016260163,0.0,0.0,0.04065040650406504,0.0,0.032520325203252036,0.0,8.0,0.2281975376,0.0285246922,246,233.05263157894737
8218,Arjen Robben,2011-2012,0.0,0.0,0.26143790849673204,0.026143790849673203,0.0032679738562091504,0.2647058823529412,0.0,0.0032679738562091504,0.0392156862745098,0.0196078431372549,0.006535947712418301,0.0,0.0032679738562091504,0.0032679738562091504,0.0,0.0,0.0,0.006535947712418301,0.0,0.0,0.0,0.2581699346405229,0.0,0.0,0.05555555555555555,0.0,0.049019607843137254,0.0,15.0,1.468170588,0.0978780392,306,289.89473684210526
8218,Arjen Robben,2015-2016,0.0,0.0,0.34782608695652173,0.01932367149758454,0.00966183574879227,0.1932367149758454,0.004830917874396135,0.014492753623188406,0.04830917874396135,0.004830917874396135,0.004830917874396135,0.0,0.004830917874396135,0.00966183574879227,0.0,0.0,0.004830917874396135,0.033816425120772944,0.0,0.0,0.0,0.2028985507246377,0.0,0.0,0.07246376811594203,0.0,0.014492753623188406,0.00966183574879227,3.0,0.903116583,0.301038861,207,136.18421052631578
8219,Admir Mehmedi,2015-2016,0.0022701475595913734,0.00037835792659856227,0.29701097237987134,0.028755202421490732,0.012864169504351116,0.20923193340900492,0.003026863412788498,0.015512674990541053,0.01664774877033674,0.0056753688989784334,0.02686341278849792,0.0,0.012107453651153992,0.00832387438516837,0.0,0.0007567158531971245,0.0011350737797956867,0.01362088535754824,0.00037835792659856227,0.0,0.0,0.2133938706015891,0.0,0.0,0.1191827468785471,0.00037835792659856227,0.009837306091562617,0.0026485054861899358,26.0,2.072289997,0.07970346142307692,2643,165.72841914582318
8220,David Olatukunbo Alaba,2012-2013,0.0,0.0,0.2413793103448276,0.024630541871921183,0.014778325123152709,0.24630541871921183,0.0,0.0,0.0049261083743842365,0.0,0.019704433497536946,0.0,0.0,0.0,0.0,0.0,0.0,0.0,0.0,0.0,0.0,0.3891625615763547,0.0,0.0,0.054187192118226604,0.0,0.0049261083743842365,0.0,1.0,0.029493675,0.029493675,203,0.0
8220,David Olatukunbo Alaba,2015-2016,0.0,0.0,0.26666666666666666,0.02962962962962963,0.009876543209876543,0.26666666666666666,0.022222222222222223,0.0049382716049382715,0.0024691358024691358,0.0,0.007407407407407408,0.0,0.0024691358024691358,0.009876543209876543,0.0,0.0024691358024691358,0.0049382716049382715,0.0024691358024691358,0.0,0.0,0.0,0.3308641975308642,0.0,0.0,0.0345679012345679,0.0024691358024691358,0.0,0.0,0.0,0.0,0.0,405,0.0
8221,Jonathan Tah,2015-2016,0.0010612894667020429,0.0002653223666755107,0.19739984080658,0.05518705226850624,0.015123374900504112,0.222340143274078,0.03608384186786946,0.00344919076678164,0.0042451578668081715,0.0066330591668877685,0.022817723534093923,0.0002653223666755107,0.0066330591668877685,0.00689838153356328,0.0,0.0002653223666755107,0.013000795967100026,0.0018572565667285751,0.0,0.0,0.0,0.31679490581055986,0.0002653223666755107,0.0002653223666755107,0.08278057840275935,0.0021225789334040858,0.003979835500132661,0.0002653223666755107,15.0,1.251210143,0.08341400953333333,3769,125.4011090573013
8221,Jonathan Tah,2023-2024,0.0003091667954861648,0.0,0.28505178543824394,0.017777090740454474,0.007729169887154119,0.2722213634255681,0.019786674911114546,0.0009275003864584944,0.0010820837842015767,0.0013912505796877415,0.008656670273612613,0.0003091667954861648,0.005719585716494048,0.0009275003864584944,0.0,0.0003091667954861648,0.003091667954861648,0.0009275003864584944,0.0,0.0,0.0,0.33498222290925955,0.0,0.0,0.033390013912505796,0.0009275003864584944,0.004019168341320142,0.0004637501932292472,26.0,1.805862676,0.06945625676923077,6469,210.0627796218791
8222,Kevin Kampl,2015-2016,0.001533350370559673,0.0005111167901865576,0.2560695118834654,0.04318936877076412,0.013544594939943777,0.2389470994122157,0.004088934321492461,0.006644518272425249,0.009711219013544594,0.005622284692052134,0.016100178890876567,0.0,0.009455660618451316,0.005366726296958855,0.0,0.0007666751852798365,0.006644518272425249,0.00434449271658574,0.0,0.0,0.0,0.26603628929210327,0.0005111167901865576,0.0005111167901865576,0.10273447482749809,0.0002555583950932788,0.006900076667518528,0.0005111167901865576,27.0,2.0033967067,0.07419987802592592,3913,190.68168281986027
8223,Franck Bilal Ribéry,2011-2012,0.0,0.0,0.252,0.012,0.004,0.26,0.0,0.012,0.024,0.02,0.032,0.0,0.012,0.016,0.0,0.004,0.0,0.02,0.004,0.0,0.0,0.204,0.004,0.004,0.1,0.0,0.012,0.004,3.0,0.104339296,0.03477976533333333,250,0.0
8223,Franck Bilal Ribéry,2012-2013,0.0,0.004524886877828055,0.25339366515837103,0.049773755656108594,0.00904977375565611,0.26244343891402716,0.0,0.013574660633484163,0.027149321266968326,0.0,0.01809954751131222,0.0,0.004524886877828055,0.013574660633484163,0.0,0.004524886877828055,0.0,0.01809954751131222,0.0,0.0,0.0,0.24434389140271492,0.0,0.0,0.06787330316742081,0.0,0.004524886877828055,0.004524886877828055,1.0,0.038802557,0.038802557,221,0.0
8225,Roman Bürki,2015-2016,0.0,0.0,0.20535714285714285,0.06696428571428571,0.0,0.22767857142857142,0.0,0.0,0.0,0.0,0.0,0.0,0.0,0.0,0.10267857142857142,0.0,0.0,0.0,0.0,0.0,0.0,0.39732142857142855,0.0,0.0,0.0,0.0,0.0,0.0,0.0,0.0,0.0,224,106.10526315789473
8226,Dan-Axel Zagadou,2023-2024,0.0,0.0,0.30416666666666664,0.016666666666666666,0.0125,0.26666666666666666,0.016666666666666666,0.0,0.004166666666666667,0.004166666666666667,0.008333333333333333,0.0,0.004166666666666667,0.0,0.0,0.0,0.0,0.0,0.0,0.0,0.0,0.32083333333333336,0.0,0.0,0.0375,0.0,0.004166666666666667,0.0,1.0,0.07588608,0.07588608,240,227.36842105263156
8227,Mario Götze,2023-2024,0.002717391304347826,0.0,0.2608695652173913,0.021739130434782608,0.002717391304347826,0.23097826086956522,0.002717391304347826,0.002717391304347826,0.0,0.010869565217391304,0.016304347826086956,0.0,0.008152173913043478,0.0,0.0,0.0,0.010869565217391304,0.010869565217391304,0.0,0.0,0.0,0.29891304347826086,0.0,0.0,0.11141304347826086,0.0,0.005434782608695652,0.002717391304347826,2.0,0.095075496,0.047537748,368,209.09090909090907
8230,Josuha Guilavogui,2015-2016,0.0,0.0,0.2149122807017544,0.021929824561403508,0.013157894736842105,0.15789473684210525,0.017543859649122806,0.0043859649122807015,0.008771929824561403,0.008771929824561403,0.039473684210526314,0.0,0.021929824561403508,0.0,0.0,0.0,0.013157894736842105,0.0043859649122807015,0.0,0.0,0.0,0.2850877192982456,0.0,0.0,0.18421052631578946,0.0,0.0043859649122807015,0.0,1.0,0.007168148,0.007168148,228,158.2112567463377
8231,Yannick Gerhardt,2023-2024,0.0040650406504065045,0.0,0.25609756097560976,0.016260162601626018,0.012195121951219513,0.1910569105691057,0.0040650406504065045,0.0040650406504065045,0.0040650406504065045,0.0040650406504065045,0.008130081300813009,0.0,0.016260162601626018,0.0040650406504065045,0.0,0.0,0.008130081300813009,0.0040650406504065045,0.0,0.0,0.0,0.22764227642276422,0.0,0.0,0.21951219512195122,0.0,0.008130081300813009,0.008130081300813009,2.0,0.07783462,0.03891731,246,134.6715328467153
8235,Maximilian Arnold,2015-2016,0.002770083102493075,0.002770083102493075,0.22160664819944598,0.05817174515235457,0.0110803324099723,0.19390581717451524,0.008310249307479225,0.0110803324099723,0.0110803324099723,0.002770083102493075,0.024930747922437674,0.0,0.01662049861495845,0.013850415512465374,0.0,0.002770083102493075,0.002770083102493075,0.008310249307479225,0.0,0.0,0.0,0.24653739612188366,0.0,0.0,0.1523545706371191,0.0,0.00554016620498615,0.002770083102493075,2.0,0.041721131300000006,0.020860565650000003,361,193.39285714285714
8235,Maximilian Arnold,2023-2024,0.0031847133757961785,0.0,0.22611464968152867,0.050955414012738856,0.009554140127388535,0.2070063694267516,0.009554140127388535,0.0031847133757961785,0.0,0.009554140127388535,0.009554140127388535,0.0,0.009554140127388535,0.012738853503184714,0.0,0.0031847133757961785,0.022292993630573247,0.0031847133757961785,0.0,0.0,0.0,0.3057324840764331,0.0,0.0,0.11146496815286625,0.0,0.0031847133757961785,0.0,1.0,0.00993443,0.00993443,314,148.73684210526315
8237,Paul Verhaegh,2015-2016,0.0,0.0,0.2558139534883721,0.027131782945736434,0.011627906976744186,0.22868217054263565,0.046511627906976744,0.0,0.003875968992248062,0.0,0.003875968992248062,0.0,0.0,0.015503875968992248,0.0,0.0,0.0,0.003875968992248062,0.0,0.003875968992248062,0.0,0.3488372093023256,0.0,0.0,0.050387596899224806,0.0,0.0,0.0,0.0,0.0,0.0,258,122.21052631578948
8238,Mahmoud Dahoud,2015-2016,0.0,0.0,0.23902439024390243,0.026829268292682926,0.007317073170731708,0.22439024390243903,0.0024390243902439024,0.01707317073170732,0.012195121951219513,0.012195121951219513,0.036585365853658534,0.0,0.014634146341463415,0.0024390243902439024,0.0,0.0,0.007317073170731708,0.00975609756097561,0.0,0.0,0.0,0.25365853658536586,0.0,0.0,0.12195121951219512,0.0,0.007317073170731708,0.004878048780487805,3.0,0.065451566,0.021817188666666668,410,235.9335038363171
8243,Daniel Didavi,2015-2016,0.0,0.0,0.34099616858237547,0.011494252873563218,0.0038314176245210726,0.18773946360153257,0.0038314176245210726,0.011494252873563218,0.011494252873563218,0.0038314176245210726,0.01532567049808429,0.0,0.0,0.011494252873563218,0.0,0.0,0.0,0.02681992337164751,0.0,0.0,0.0,0.23371647509578544,0.0,0.0,0.11877394636015326,0.0,0.01532567049808429,0.0038314176245210726,4.0,0.24258661199999998,0.060646652999999995,261,157.96906523201076
8244,Sokratis Papastathopoulos,2015-2016,0.0,0.0,0.25326370757180156,0.020887728459530026,0.007832898172323759,0.24281984334203655,0.02349869451697128,0.005221932114882507,0.005221932114882507,0.0026109660574412533,0.033942558746736295,0.0,0.010443864229765013,0.005221932114882507,0.0,0.005221932114882507,0.007832898172323759,0.005221932114882507,0.0,0.0,0.0,0.31592689295039167,0.0026109660574412533,0.0026109660574412533,0.044386422976501305,0.0026109660574412533,0.0,0.0026109660574412533,0.0,0.0,0.0,383,0.0
8245,Felix Uduokhai,2023-2024,0.0,0.0,0.2459016393442623,0.020491803278688523,0.036885245901639344,0.21721311475409835,0.06147540983606557,0.0,0.0,0.0,0.01639344262295082,0.0,0.004098360655737705,0.0,0.0,0.0,0.012295081967213115,0.00819672131147541,0.0,0.0,0.0,0.29918032786885246,0.0,0.0,0.0778688524590164,0.0,0.0,0.0,0.0,0.0,0.0,244,115.57894736842105
8246,Christian Pulisic,2024,0.0,0.0,0.26520681265206814,0.029197080291970802,0.009732360097323601,0.22384428223844283,0.0,0.014598540145985401,0.019464720194647202,0.0024330900243309003,0.031630170316301706,0.0,0.004866180048661801,0.0170316301703163,0.0,0.0,0.0024330900243309003,0.0267639902676399,0.0,0.0,0.0,0.24817518248175183,0.0,0.0,0.08759124087591241,0.0,0.0170316301703163,0.0,7.0,0.37448127200000003,0.05349732457142858,411,129.78947368421052
8270,Daniel Schwaab,2015-2016,0.0,0.0,0.21052631578947367,0.022556390977443608,0.015037593984962405,0.16917293233082706,0.015037593984962405,0.0037593984962406013,0.0037593984962406013,0.011278195488721804,0.045112781954887216,0.0,0.015037593984962405,0.018796992481203006,0.0,0.0,0.011278195488721804,0.0037593984962406013,0.0,0.0,0.0,0.3157894736842105,0.0,0.0,0.13533834586466165,0.0,0.0037593984962406013,0.0,1.0,0.034621723,0.034621723,266,125.99999999999999
8284,Amadou Diawara,2023,0.002207505518763797,0.002207505518763797,0.25386313465783666,0.026490066225165563,0.013245033112582781,0.25386313465783666,0.013245033112582781,0.002207505518763797,0.0,0.0,0.01545253863134658,0.0,0.008830022075055188,0.002207505518763797,0.0,0.0,0.002207505518763797,0.008830022075055188,0.0,0.0,0.0,0.31346578366445915,0.0,0.0,0.07947019867549669,0.0,0.0,0.002207505518763797,0.0,0.0,0.0,453,151.56133828996283
8297,Adriana Kristina Leon,2019-2020,0.0,0.0,0.2892690513219285,0.03265940902021773,0.01088646967340591,0.17884914463452567,0.004665629860031105,0.017107309486780714,0.015552099533437015,0.01088646967340591,0.02021772939346812,0.0,0.007776049766718507,0.012441679626749611,0.0,0.0,0.007776049766718507,0.026438569206842923,0.0,0.0,0.0,0.18662519440124417,0.0,0.0,0.16174183514774496,0.0,0.012441679626749611,0.004665629860031105,8.0,1.204268791,0.150533598875,643,85.75874333135745
8297,Adriana Kristina Leon,2020-2021,0.0013097576948264572,0.0006548788474132286,0.3091028159790439,0.047151277013752456,0.011132940406024885,0.1859855926653569,0.0006548788474132286,0.01309757694826457,0.03143418467583497,0.008513425016371971,0.02226588081204977,0.0006548788474132286,0.015062213490504257,0.010478061558611657,0.0,0.0026195153896529143,0.0006548788474132286,0.023575638506876228,0.0,0.0,0.0,0.16830386378519974,0.0006548788474132286,0.0006548788474132286,0.12573673870333987,0.0,0.016371971185330715,0.003929273084479371,25.0,1.9495220327,0.077980881308,1527,132.16964800923256
8297,Adriana Kristina Leon,2023-2024,0.0030441400304414,0.0010147133434804667,0.2810755961440893,0.04058853373921867,0.015728056823947234,0.20649416539827498,0.0035514967021816335,0.017250126839167934,0.0289193302891933,0.0060882800608828,0.0182648401826484,0.0,0.005580923389142567,0.0106544901065449,0.0,0.0015220700152207,0.004058853373921867,0.0167427701674277,0.0010147133434804667,0.0,0.0,0.1796042617960426,0.0005073566717402334,0.0005073566717402334,0.13800101471334347,0.0005073566717402334,0.013191273465246067,0.0060882800608828,26.0,2.7519764985,0.10584524994230769,1971,0.0
8302,Nicolai Müller,2015-2016,0.0,0.0033333333333333335,0.2833333333333333,0.03666666666666667,0.03333333333333333,0.17,0.01,0.023333333333333334,0.02,0.0,0.03333333333333333,0.0,0.01,0.02,0.0,0.0,0.0033333333333333335,0.02,0.0,0.0,0.0,0.16333333333333333,0.0,0.0,0.16,0.0,0.006666666666666667,0.0033333333333333335,2.0,0.120430743,0.0602153715,300,168.75
8308,Aaron Hunt,2015-2016,0.0029411764705882353,0.0029411764705882353,0.3323529411764706,0.026470588235294117,0.0058823529411764705,0.16470588235294117,0.0,0.008823529411764706,0.014705882352941176,0.0,0.03529411764705882,0.0,0.011764705882352941,0.023529411764705882,0.0,0.0029411764705882353,0.0,0.01764705882352941,0.0,0.0,0.0,0.2411764705882353,0.0,0.0,0.09117647058823529,0.0,0.014705882352941176,0.0029411764705882353,5.0,0.294080596,0.0588161192,340,172.8813559322034
8311,Jonathan Schmid,2015-2016,0.0,0.0,0.28512396694214875,0.0371900826446281,0.045454545454545456,0.13636363636363635,0.004132231404958678,0.012396694214876033,0.012396694214876033,0.008264462809917356,0.04132231404958678,0.0,0.0,0.012396694214876033,0.0,0.0,0.008264462809917356,0.004132231404958678,0.0,0.0,0.0,0.19421487603305784,0.0,0.0,0.1859504132231405,0.004132231404958678,0.004132231404958678,0.004132231404958678,1.0,0.068733,0.068733,242,130.5755395683453
8313,Kyriakos Papadopoulos,2015-2016,0.0008547008547008547,0.0017094017094017094,0.18803418803418803,0.03162393162393162,0.021367521367521368,0.1606837606837607,0.04871794871794872,0.0017094017094017094,0.002564102564102564,0.011111111111111112,0.04957264957264957,0.0008547008547008547,0.015384615384615385,0.005128205128205128,0.0,0.0017094017094017094,0.011111111111111112,0.0017094017094017094,0.0,0.0,0.0,0.32564102564102565,0.0,0.0,0.1076923076923077,0.0017094017094017094,0.010256410256410256,0.0008547008547008547,12.0,1.44922245,0.1207685375,1170,100.3813155386082
8314,Marwin Hitz,2015-2016,0.0,0.004739336492890996,0.15165876777251186,0.05687203791469194,0.0,0.16587677725118483,0.0,0.0,0.0,0.0,0.0,0.0,0.0,0.004739336492890996,0.2132701421800948,0.004739336492890996,0.0,0.0,0.0,0.0,0.0,0.3981042654028436,0.0,0.0,0.0,0.0,0.0,0.0,0.0,0.0,0.0,211,99.94736842105262
8318,Jeffrey Gouweleeuw,2023-2024,0.0,0.0,0.24324324324324326,0.019305019305019305,0.023166023166023165,0.2471042471042471,0.03474903474903475,0.0,0.003861003861003861,0.003861003861003861,0.019305019305019305,0.0,0.007722007722007722,0.0,0.0,0.0,0.011583011583011582,0.0,0.0,0.0,0.0,0.30115830115830117,0.0,0.0,0.08494208494208494,0.0,0.0,0.0,0.0,0.0,0.0,259,122.6842105263158
8349,Deroy Duarte,2023,0.006369426751592357,0.0,0.2611464968152866,0.022292993630573247,0.01910828025477707,0.2197452229299363,0.0,0.0,0.0,0.006369426751592357,0.01910828025477707,0.0,0.012738853503184714,0.009554140127388535,0.0,0.0031847133757961785,0.009554140127388535,0.012738853503184714,0.0,0.0,0.0,0.27388535031847133,0.0,0.0,0.09872611464968153,0.0,0.01592356687898089,0.009554140127388535,5.0,0.248879774,0.0497759548,314,129.63302752293578
8352,Julian Chabot,2023-2024,0.00390625,0.0,0.234375,0.03125,0.04296875,0.21484375,0.046875,0.0,0.0,0.0,0.01171875,0.0,0.0,0.0078125,0.0,0.0,0.015625,0.0078125,0.0,0.0,0.0,0.32421875,0.0,0.0,0.046875,0.00390625,0.0078125,0.0,2.0,0.23884054,0.11942027,256,121.26315789473684
8361,Ritsu Doan,2023-2024,0.005,0.0,0.265,0.03,0.015,0.22,0.025,0.035,0.025,0.005,0.045,0.0,0.005,0.01,0.0,0.0,0.01,0.01,0.0,0.0,0.0,0.185,0.0,0.0,0.105,0.0,0.005,0.0,1.0,0.076960765,0.076960765,200,94.73684210526315
8388,Jérôme Gondorf,2015-2016,0.0,0.0,0.19457013574660634,0.05429864253393665,0.027149321266968326,0.13574660633484162,0.03619909502262444,0.01809954751131222,0.004524886877828055,0.013574660633484163,0.05429864253393665,0.0,0.02262443438914027,0.013574660633484163,0.0,0.0,0.00904977375565611,0.004524886877828055,0.0,0.0,0.0,0.19909502262443438,0.0,0.0,0.20361990950226244,0.0,0.004524886877828055,0.004524886877828055,1.0,0.0322151,0.0322151,221,113.7221269296741
8393,Oliver Baumann,2015-2016,0.0,0.0,0.12264150943396226,0.04245283018867924,0.0047169811320754715,0.16981132075471697,0.0,0.0,0.0,0.0,0.0,0.0,0.0,0.0,0.25,0.014150943396226415,0.0,0.0,0.0,0.0,0.0,0.39622641509433965,0.0,0.0,0.0,0.0,0.0,0.0,0.0,0.0,0.0,212,100.42105263157895
8393,Oliver Baumann,2023-2024,0.0,0.0,0.232,0.024,0.004,0.16,0.0,0.0,0.0,0.0,0.0,0.0,0.0,0.008,0.204,0.0,0.0,0.0,0.0,0.0,0.0,0.368,0.0,0.0,0.0,0.0,0.0,0.0,0.0,0.0,0.0,250,118.42105263157896
8395,Håvard Nordtveit,2015-2016,0.0,0.0,0.2607449856733524,0.034383954154727794,0.011461318051575931,0.24355300859598855,0.017191977077363897,0.0,0.0028653295128939827,0.011461318051575931,0.02005730659025788,0.0,0.0057306590257879654,0.0,0.0,0.0,0.0028653295128939827,0.0028653295128939827,0.0,0.0,0.0,0.3438395415472779,0.0,0.0,0.04297994269340974,0.0,0.0,0.0,0.0,0.0,0.0,349,165.3157894736842
8396,Theodor Gebre Selassie,2015-2016,0.0,0.0,0.14485981308411214,0.04672897196261682,0.02336448598130841,0.1542056074766355,0.0514018691588785,0.014018691588785047,0.009345794392523364,0.018691588785046728,0.037383177570093455,0.0,0.014018691588785047,0.0,0.0,0.0,0.014018691588785047,0.0,0.0,0.0,0.0,0.3130841121495327,0.0,0.0,0.1542056074766355,0.0,0.004672897196261682,0.0,1.0,0.020836186,0.020836186,214,101.36842105263158
8397,Kevin Vogt,2015-2016,0.0,0.0,0.28019323671497587,0.028985507246376812,0.024154589371980676,0.18357487922705315,0.01932367149758454,0.0,0.004830917874396135,0.0,0.03864734299516908,0.0,0.00966183574879227,0.004830917874396135,0.0,0.0,0.0,0.0,0.0,0.0,0.0,0.2898550724637681,0.0,0.0,0.1111111111111111,0.0,0.0,0.004830917874396135,0.0,0.0,0.0,207,133.07142857142858
8397,Kevin Vogt,2023-2024,0.0,0.0,0.29222520107238603,0.0160857908847185,0.010723860589812333,0.257372654155496,0.02680965147453083,0.0,0.0,0.005361930294906166,0.0,0.0,0.002680965147453083,0.005361930294906166,0.0,0.0,0.00804289544235925,0.0,0.0,0.0,0.0,0.34048257372654156,0.0,0.0,0.032171581769437,0.002680965147453083,0.0,0.0,0.0,0.0,0.0,373,176.6842105263158
8403,Nadiem Amiri,2023-2024,0.003669724770642202,0.0,0.27706422018348625,0.025688073394495414,0.003669724770642202,0.27155963302752295,0.001834862385321101,0.007339449541284404,0.009174311926605505,0.0,0.003669724770642202,0.0,0.005504587155963303,0.009174311926605505,0.0,0.0,0.005504587155963303,0.003669724770642202,0.0,0.0,0.0,0.28440366972477066,0.0,0.0,0.07889908256880734,0.0,0.007339449541284404,0.001834862385321101,4.0,0.154173838,0.0385434595,545,235.70398846708315
8454,Mohamed Bayo,2023,0.0,0.0,0.4658536585365854,0.007317073170731708,0.012195121951219513,0.13170731707317074,0.004878048780487805,0.00975609756097561,0.004878048780487805,0.007317073170731708,0.02195121951219512,0.0,0.007317073170731708,0.007317073170731708,0.0,0.0024390243902439024,0.0,0.00975609756097561,0.0,0.0,0.0,0.16097560975609757,0.0,0.0,0.11707317073170732,0.0,0.02195121951219512,0.007317073170731708,9.0,1.769741011,0.1966378901111111,410,93.65482233502537
8504,Bastian Oczipka,2015-2016,0.0,0.0,0.21338912133891214,0.03347280334728033,0.016736401673640166,0.20502092050209206,0.0041841004184100415,0.0041841004184100415,0.02510460251046025,0.0,0.03347280334728033,0.0,0.0041841004184100415,0.008368200836820083,0.0,0.0,0.012552301255230125,0.0041841004184100415,0.0,0.0,0.0,0.3514644351464435,0.0,0.0,0.0794979079497908,0.0041841004184100415,0.0,0.0,0.0,0.0,0.0,239,113.21052631578947
8505,Naby Deco Keïta,2023,0.0,0.0,0.2678062678062678,0.042735042735042736,0.011396011396011397,0.25071225071225073,0.005698005698005698,0.002849002849002849,0.008547008547008548,0.002849002849002849,0.022792022792022793,0.0,0.005698005698005698,0.002849002849002849,0.0,0.005698005698005698,0.0,0.014245014245014245,0.0,0.0,0.0,0.27635327635327633,0.0,0.0,0.07407407407407407,0.0,0.002849002849002849,0.002849002849002849,1.0,0.10781306,0.10781306,351,0.0
8506,Konrad Laimer,2023-2024,0.009009009009009009,0.0,0.21621621621621623,0.03153153153153153,0.02702702702702703,0.21621621621621623,0.0045045045045045045,0.0045045045045045045,0.0,0.013513513513513514,0.02702702702702703,0.0,0.0,0.0,0.0,0.0,0.013513513513513514,0.0045045045045045045,0.0,0.0,0.0,0.2747747747747748,0.0,0.0,0.14414414414414414,0.0,0.009009009009009009,0.0045045045045045045,2.0,0.136887546,0.068443773,222,235.61320754716982
8508,Max Meyer,2015-2016,0.0,0.0,0.2932551319648094,0.04105571847507331,0.002932551319648094,0.25806451612903225,0.0,0.01466275659824047,0.017595307917888565,0.002932551319648094,0.008797653958944282,0.0,0.002932551319648094,0.008797653958944282,0.0,0.0,0.0,0.02346041055718475,0.0,0.0,0.0,0.2287390029325513,0.0,0.0,0.07624633431085044,0.0,0.017595307917888565,0.002932551319648094,6.0,0.392575182,0.06542919700000001,341,167.98029556650246
8509,Willi Orban,2023-2024,0.0,0.0,0.302158273381295,0.0035971223021582736,0.007194244604316547,0.26258992805755393,0.01079136690647482,0.0,0.0,0.0035971223021582736,0.014388489208633094,0.0,0.014388489208633094,0.0035971223021582736,0.0,0.0,0.007194244604316547,0.0035971223021582736,0.0,0.0,0.0,0.3345323741007194,0.0,0.0,0.03237410071942446,0.0,0.0,0.0,0.0,0.0,0.0,278,263.3684210526316
8517,Ralf Fährmann,2015-2016,0.0,0.0,0.18316831683168316,0.054455445544554455,0.0049504950495049506,0.16336633663366337,0.0,0.0,0.0,0.0,0.0,0.0049504950495049506,0.0,0.0,0.19306930693069307,0.0,0.0,0.0,0.0,0.0,0.0,0.39603960396039606,0.0,0.0,0.0,0.0,0.0,0.0,0.0,0.0,0.0,202,95.68421052631578
8518,Marcel Sabitzer,2023-2024,0.009174311926605505,0.0,0.26605504587155965,0.03211009174311927,0.022935779816513763,0.16972477064220184,0.027522935779816515,0.0045871559633027525,0.0,0.0045871559633027525,0.027522935779816515,0.0,0.0045871559633027525,0.009174311926605505,0.0,0.0,0.009174311926605505,0.009174311926605505,0.0,0.0,0.0,0.25688073394495414,0.0,0.0,0.13302752293577982,0.0045871559633027525,0.009174311926605505,0.0,2.0,0.117821273,0.0589106365,218,103.26315789473685
8519,Dayotchanculle Upamecano,2023-2024,0.0021598272138228943,0.0,0.27429805615550756,0.03023758099352052,0.0064794816414686825,0.27645788336933047,0.0064794816414686825,0.0,0.0,0.008639308855291577,0.01079913606911447,0.0,0.0021598272138228943,0.0,0.0,0.0,0.0064794816414686825,0.0,0.0,0.0,0.0,0.31533477321814257,0.0,0.0,0.05399568034557235,0.0021598272138228943,0.0021598272138228943,0.0021598272138228943,1.0,0.0514962,0.0514962,463,270.4088254380273
8520,Nabil Bentaleb,2023,0.00273224043715847,0.0,0.28688524590163933,0.02185792349726776,0.00546448087431694,0.2459016393442623,0.0,0.0,0.0,0.0,0.01639344262295082,0.0,0.00819672131147541,0.00273224043715847,0.0,0.00546448087431694,0.00546448087431694,0.00546448087431694,0.0,0.0,0.0,0.3333333333333333,0.0,0.0,0.05191256830601093,0.0,0.00273224043715847,0.00546448087431694,1.0,0.107717924,0.107717924,366,178.1503515413737
8521,Daniel Caligiuri,2015-2016,0.0,0.0,0.22580645161290322,0.055299539170506916,0.02304147465437788,0.2119815668202765,0.0,0.009216589861751152,0.03686635944700461,0.0,0.027649769585253458,0.0,0.03225806451612903,0.004608294930875576,0.0,0.0,0.004608294930875576,0.027649769585253458,0.0,0.0,0.0,0.17972350230414746,0.0,0.0,0.15668202764976957,0.0,0.004608294930875576,0.0,1.0,0.050755527,0.050755527,217,205.57894736842104
8526,Weston McKennie,2024,0.0061162079510703364,0.0,0.28134556574923547,0.024464831804281346,0.01834862385321101,0.1743119266055046,0.0061162079510703364,0.01834862385321101,0.012232415902140673,0.0061162079510703364,0.03669724770642202,0.0,0.009174311926605505,0.009174311926605505,0.0,0.0,0.0030581039755351682,0.009174311926605505,0.0,0.0,0.0,0.26605504587155965,0.0,0.0,0.11009174311926606,0.0,0.0061162079510703364,0.0030581039755351682,2.0,0.2374265,0.11871325,327,110.22471910112361
8538,Waldemar Anton,2023-2024,0.0,0.0,0.27233115468409586,0.02178649237472767,0.008714596949891068,0.27450980392156865,0.015250544662309368,0.002178649237472767,0.002178649237472767,0.004357298474945534,0.013071895424836602,0.0,0.0,0.002178649237472767,0.0,0.0,0.010893246187363835,0.006535947712418301,0.0,0.0,0.0,0.31808278867102396,0.002178649237472767,0.002178649237472767,0.04139433551198257,0.0,0.002178649237472767,0.0,1.0,0.01512756,0.01512756,459,217.42105263157896
8543,Manuel Schmiedebach,2015-2016,0.007547169811320755,0.0,0.24528301886792453,0.03018867924528302,0.011320754716981131,0.18867924528301888,0.0037735849056603774,0.0,0.011320754716981131,0.0037735849056603774,0.03773584905660377,0.0,0.018867924528301886,0.01509433962264151,0.0,0.0,0.0037735849056603774,0.0037735849056603774,0.0,0.0,0.0,0.24528301886792453,0.0,0.0,0.16226415094339622,0.0,0.0037735849056603774,0.007547169811320755,1.0,0.04035852,0.04035852,265,176.27494456762747
8546,Niclas Füllkrug,2023-2024,0.003816793893129771,0.0,0.35877862595419846,0.015267175572519083,0.019083969465648856,0.11450381679389313,0.015267175572519083,0.003816793893129771,0.0,0.003816793893129771,0.04580152671755725,0.0,0.026717557251908396,0.015267175572519083,0.0,0.003816793893129771,0.003816793893129771,0.019083969465648856,0.0,0.0,0.0,0.17938931297709923,0.003816793893129771,0.003816793893129771,0.15267175572519084,0.0,0.011450381679389313,0.0,3.0,0.45942525,0.15314175,262,124.10526315789474
8547,Matthias Ostrzolek,2015-2016,0.0035335689045936395,0.0,0.21201413427561838,0.04240282685512368,0.028268551236749116,0.18021201413427562,0.0176678445229682,0.007067137809187279,0.007067137809187279,0.007067137809187279,0.0353356890459364,0.0,0.01060070671378092,0.0176678445229682,0.0,0.0,0.007067137809187279,0.0,0.0,0.0,0.0,0.3215547703180212,0.0,0.0,0.10247349823321555,0.0,0.0,0.0,0.0,0.0,0.0,283,134.05263157894737
8549,Giulio Donati,2015-2016,0.0017953321364452424,0.0005984440454817474,0.2232196289646918,0.028126870137642132,0.012567324955116697,0.1717534410532615,0.02154398563734291,0.0017953321364452424,0.0047875523638539795,0.008378216636744464,0.02872531418312388,0.0,0.008378216636744464,0.014961101137043686,0.0,0.0011968880909634949,0.009575104727707959,0.004189108318372232,0.0,0.0,0.0,0.360263315380012,0.0005984440454817474,0.0005984440454817474,0.09156193895870736,0.0023937761819269898,0.0017953321364452424,0.0011968880909634949,3.0,0.071605302,0.023868433999999997,1671,139.62491876334605
8553,Abdou Diallo,2023,0.0,0.002331002331002331,0.2867132867132867,0.009324009324009324,0.006993006993006993,0.2331002331002331,0.009324009324009324,0.0,0.0,0.004662004662004662,0.02097902097902098,0.0,0.016317016317016316,0.004662004662004662,0.0,0.0,0.004662004662004662,0.0,0.0,0.0,0.0,0.3356643356643357,0.0,0.0,0.055944055944055944,0.0,0.004662004662004662,0.004662004662004662,2.0,0.163593614,0.081796807,429,143.1590656284761
8554,Levin Mete Öztunali,2015-2016,0.0,0.0,0.30278884462151395,0.035856573705179286,0.01195219123505976,0.20717131474103587,0.00796812749003984,0.0199203187250996,0.05179282868525897,0.0,0.027888446215139442,0.0,0.00796812749003984,0.00796812749003984,0.0,0.0,0.0,0.035856573705179286,0.0,0.0,0.0,0.14741035856573706,0.0,0.0,0.12350597609561753,0.00398406374501992,0.00398406374501992,0.00398406374501992,1.0,0.11198446,0.11198446,251,0.0
8555,Pablo Ezequiel De Blasis,2015-2016,0.0,0.0,0.2875536480686695,0.02145922746781116,0.017167381974248927,0.1630901287553648,0.008583690987124463,0.012875536480686695,0.004291845493562232,0.008583690987124463,0.030042918454935622,0.0,0.004291845493562232,0.008583690987124463,0.0,0.0,0.004291845493562232,0.02145922746781116,0.0,0.0,0.0,0.22317596566523606,0.0,0.0,0.1759656652360515,0.0,0.0,0.008583690987124463,0.0,0.0,0.0,233,0.0
8571,Vedad Ibišević,2015-2016,0.0,0.003424657534246575,0.4006849315068493,0.02054794520547945,0.0,0.16095890410958905,0.003424657534246575,0.0,0.0136986301369863,0.0,0.023972602739726026,0.0,0.0136986301369863,0.003424657534246575,0.0,0.0,0.0,0.00684931506849315,0.0,0.0,0.0,0.21232876712328766,0.0,0.0,0.11986301369863013,0.0,0.017123287671232876,0.0,5.0,0.46415306500000003,0.092830613,292,138.3157894736842
8573,Ömer Toprak,2015-2016,0.0004462293618920125,0.0,0.1994645247657296,0.043284248103525214,0.020526550647032574,0.20615796519410978,0.03480589022757698,0.0013386880856760374,0.0035698348951361,0.00535475234270415,0.0321285140562249,0.0,0.0107095046854083,0.005800981704596163,0.0,0.0035698348951361,0.014725568942436412,0.0031236055332440876,0.0004462293618920125,0.0,0.0,0.322177599286033,0.0022311468094600626,0.0022311468094600626,0.07898259705488621,0.0013386880856760374,0.0049085229808121375,0.002677376171352075,11.0,1.623481716,0.1475892469090909,2241,136.83175033921302
8574,Alexander Esswein,2015-2016,0.0,0.0,0.25630252100840334,0.05042016806722689,0.012605042016806723,0.15966386554621848,0.004201680672268907,0.0,0.02100840336134454,0.012605042016806723,0.025210084033613446,0.0,0.012605042016806723,0.008403361344537815,0.0,0.0,0.008403361344537815,0.012605042016806723,0.0,0.0,0.0,0.17647058823529413,0.0,0.0,0.22268907563025211,0.0,0.008403361344537815,0.008403361344537815,2.0,0.07997993,0.039989965,238,142.99065420560748
8575,Salomon Armand Magloire Kalou,2015-2016,0.0,0.0,0.36637931034482757,0.017241379310344827,0.01293103448275862,0.1896551724137931,0.0,0.021551724137931036,0.021551724137931036,0.0,0.03017241379310345,0.0,0.01293103448275862,0.017241379310344827,0.0,0.0,0.0,0.017241379310344827,0.0,0.0,0.0,0.1724137931034483,0.0,0.0,0.10775862068965517,0.0,0.004310344827586207,0.008620689655172414,1.0,0.06732282,0.06732282,232,0.0
8576,Mitchell Weiser,2015-2016,0.0,0.0,0.290519877675841,0.03058103975535168,0.01529051987767584,0.20489296636085627,0.0,0.01834862385321101,0.03669724770642202,0.0030581039755351682,0.021406727828746176,0.0,0.012232415902140673,0.012232415902140673,0.0,0.0,0.0030581039755351682,0.021406727828746176,0.0,0.0,0.0,0.1620795107033639,0.0,0.0,0.1651376146788991,0.0,0.0030581039755351682,0.0,1.0,0.07355023,0.07355023,327,154.89473684210526
8576,Mitchell Weiser,2023-2024,0.0033003300330033004,0.0,0.2838283828382838,0.019801980198019802,0.0033003300330033004,0.22112211221122113,0.0,0.009900990099009901,0.013201320132013201,0.006600660066006601,0.013201320132013201,0.0,0.0033003300330033004,0.0033003300330033004,0.0,0.0,0.0033003300330033004,0.0165016501650165,0.0033003300330033004,0.0,0.0,0.27722772277227725,0.0,0.0,0.11551155115511551,0.0,0.0033003300330033004,0.0,1.0,0.3757361,0.3757361,303,143.5263157894737
8578,Per Ciljan Skjelbred,2015-2016,0.0,0.0,0.25,0.036458333333333336,0.020833333333333332,0.22916666666666666,0.0026041666666666665,0.005208333333333333,0.005208333333333333,0.005208333333333333,0.018229166666666668,0.0,0.018229166666666668,0.010416666666666666,0.0,0.0026041666666666665,0.0,0.005208333333333333,0.0,0.0,0.0,0.2708333333333333,0.0026041666666666665,0.0026041666666666665,0.109375,0.0,0.0026041666666666665,0.0026041666666666665,1.0,0.11882395,0.11882395,384,201.8691588785047
8579,Vladimír Darida,2015-2016,0.0038314176245210726,0.0,0.26436781609195403,0.019157088122605363,0.0038314176245210726,0.26053639846743293,0.0038314176245210726,0.007662835249042145,0.007662835249042145,0.0038314176245210726,0.0038314176245210726,0.0,0.01532567049808429,0.0038314176245210726,0.0,0.0,0.0038314176245210726,0.0,0.0,0.0,0.0,0.3333333333333333,0.0,0.0,0.05747126436781609,0.0,0.0038314176245210726,0.0038314176245210726,1.0,0.3479533,0.3479533,261,279.64285714285717
8606,Emir Karic,2023-2024,0.0,0.0,0.2576271186440678,0.04067796610169491,0.03389830508474576,0.21694915254237288,0.020338983050847456,0.0,0.013559322033898305,0.006779661016949152,0.01694915254237288,0.0,0.0,0.003389830508474576,0.0,0.0,0.0,0.003389830508474576,0.0,0.0,0.0,0.3016949152542373,0.0,0.0,0.07796610169491526,0.0,0.006779661016949152,0.0,2.0,0.135688124,0.067844062,295,161.20218579234972
8623,Dejan Ljubicic,2023-2024,0.008032128514056224,0.004016064257028112,0.22088353413654618,0.024096385542168676,0.012048192771084338,0.17269076305220885,0.01606425702811245,0.0,0.0,0.004016064257028112,0.004016064257028112,0.0,0.008032128514056224,0.0,0.0,0.0,0.012048192771084338,0.004016064257028112,0.0,0.0,0.0,0.24497991967871485,0.0,0.0,0.2570281124497992,0.0,0.008032128514056224,0.0,2.0,0.20414526500000002,0.10207263250000001,249,117.94736842105264
8667,Lukáš Hrádecký,2023-2024,0.0,0.0008525149190110827,0.19735720375106564,0.0494458653026428,0.0,0.2144075021312873,0.00042625745950554135,0.0,0.0,0.00042625745950554135,0.0,0.00042625745950554135,0.0,0.0008525149190110827,0.15601023017902813,0.0025575447570332483,0.0,0.0008525149190110827,0.0,0.0,0.0,0.37595907928388744,0.0,0.0,0.00042625745950554135,0.0,0.0,0.0,0.0,0.0,0.0,2346,67.34928229665071
8670,Timothy Chandler,2015-2016,0.0,0.0,0.21739130434782608,0.017391304347826087,0.02608695652173913,0.1956521739130435,0.013043478260869565,0.0,0.013043478260869565,0.004347826086956522,0.0391304347826087,0.0,0.008695652173913044,0.021739130434782608,0.0,0.0,0.017391304347826087,0.013043478260869565,0.0,0.0,0.0,0.29130434782608694,0.0,0.0,0.12173913043478261,0.0,0.0,0.0,0.0,0.0,0.0,230,122.99465240641712
8673,Sébastien Haller,2023,0.0028169014084507044,0.0,0.37464788732394366,0.016901408450704224,0.0,0.11549295774647887,0.008450704225352112,0.011267605633802818,0.0028169014084507044,0.0,0.05070422535211268,0.0,0.014084507042253521,0.014084507042253521,0.0,0.014084507042253521,0.005633802816901409,0.01971830985915493,0.0028169014084507044,0.0,0.0,0.17464788732394365,0.0,0.0,0.1352112676056338,0.0,0.030985915492957747,0.005633802816901409,11.0,1.883707936,0.171246176,355,127.95354425310371
8676,Danny Vieira da Costa,2015-2016,0.0,0.0,0.1927710843373494,0.03313253012048193,0.02108433734939759,0.1686746987951807,0.012048192771084338,0.0030120481927710845,0.015060240963855422,0.0030120481927710845,0.0391566265060241,0.0,0.009036144578313253,0.006024096385542169,0.0,0.0030120481927710845,0.012048192771084338,0.012048192771084338,0.0,0.0,0.0,0.32831325301204817,0.0030120481927710845,0.0030120481927710845,0.13253012048192772,0.0,0.0030120481927710845,0.0,1.0,0.018916301,0.018916301,332,0.0
8678,David Ángel Abraham,2015-2016,0.0,0.0,0.12,0.075,0.04,0.145,0.05,0.0,0.0,0.005,0.075,0.0,0.025,0.01,0.0,0.0,0.02,0.0,0.0,0.0,0.0,0.295,0.0,0.0,0.13,0.005,0.005,0.0,1.0,0.038707618,0.038707618,200,0.0
8679,Yunus Mallı,2015-2016,0.0,0.0,0.2537878787878788,0.03787878787878788,0.030303030303030304,0.17424242424242425,0.007575757575757576,0.015151515151515152,0.01893939393939394,0.007575757575757576,0.01893939393939394,0.0,0.011363636363636364,0.011363636363636364,0.0,0.0,0.0,0.015151515151515152,0.0,0.0,0.0,0.1856060606060606,0.0,0.0,0.17045454545454544,0.0,0.03787878787878788,0.003787878787878788,10.0,2.047798441,0.2047798441,264,131.12582781456953
8759,Diadie Samassekou,2023,0.0,0.0,0.22448979591836735,0.03206997084548105,0.008746355685131196,0.18658892128279883,0.023323615160349854,0.0029154518950437317,0.0029154518950437317,0.011661807580174927,0.043731778425655975,0.0,0.014577259475218658,0.014577259475218658,0.0,0.0029154518950437317,0.026239067055393587,0.0029154518950437317,0.0,0.0,0.0,0.26239067055393583,0.0029154518950437317,0.0029154518950437317,0.12536443148688048,0.0029154518950437317,0.0,0.0058309037900874635,0.0,0.0,0.0,343,0.0
8762,Zlatko Junuzović,2015-2016,0.0,0.0,0.21739130434782608,0.043478260869565216,0.007246376811594203,0.15217391304347827,0.007246376811594203,0.010869565217391304,0.010869565217391304,0.018115942028985508,0.043478260869565216,0.0,0.010869565217391304,0.018115942028985508,0.0,0.0,0.0036231884057971015,0.010869565217391304,0.0,0.0,0.0,0.25,0.0,0.0,0.18840579710144928,0.0,0.007246376811594203,0.0,2.0,0.051321545999999996,0.025660772999999998,276,130.73684210526318
8769,Xaver Schlager,2023-2024,0.003367003367003367,0.0,0.21885521885521886,0.04377104377104377,0.016835016835016835,0.23905723905723905,0.003367003367003367,0.006734006734006734,0.003367003367003367,0.0,0.020202020202020204,0.0,0.016835016835016835,0.003367003367003367,0.0,0.0,0.006734006734006734,0.006734006734006734,0.0,0.0,0.0,0.25252525252525254,0.0,0.0,0.15151515151515152,0.0,0.003367003367003367,0.003367003367003367,1.0,0.021753032,0.021753032,297,150.1685393258427
8774,Amadou Haïdara,2023,0.0,0.0,0.24481327800829875,0.03112033195020747,0.01867219917012448,0.1950207468879668,0.002074688796680498,0.002074688796680498,0.002074688796680498,0.008298755186721992,0.03319502074688797,0.0,0.014522821576763486,0.006224066390041493,0.0,0.008298755186721992,0.008298755186721992,0.0,0.0,0.0,0.0,0.2551867219917012,0.004149377593360996,0.004149377593360996,0.13278008298755187,0.002074688796680498,0.01867219917012448,0.008298755186721992,9.0,0.6687183348,0.0743020372,482,149.792817679558
8784,Romano Schmid,2023-2024,0.002352941176470588,0.0,0.2752941176470588,0.03529411764705882,0.011764705882352941,0.23529411764705882,0.004705882352941176,0.021176470588235293,0.009411764705882352,0.002352941176470588,0.018823529411764704,0.002352941176470588,0.007058823529411765,0.007058823529411765,0.0,0.0,0.004705882352941176,0.004705882352941176,0.0,0.0,0.0,0.24705882352941178,0.0,0.0,0.10588235294117647,0.0,0.002352941176470588,0.002352941176470588,1.0,0.03447609,0.03447609,425,215.49295774647888
8785,Patson Daka,2023,0.0035211267605633804,0.0,0.34507042253521125,0.02464788732394366,0.02112676056338028,0.1267605633802817,0.01056338028169014,0.007042253521126761,0.0035211267605633804,0.0035211267605633804,0.045774647887323945,0.0,0.02464788732394366,0.01056338028169014,0.0,0.007042253521126761,0.0,0.02464788732394366,0.0,0.0,0.0,0.14084507042253522,0.007042253521126761,0.007042253521126761,0.16549295774647887,0.0035211267605633804,0.017605633802816902,0.0,5.0,0.504027343,0.10080546859999999,284,89.6842105263158
8804,Jonas Hofmann,2023-2024,0.0013242527430949679,0.00018917896329928113,0.3036322360953462,0.01740446462353386,0.007188800605372683,0.2273931138857359,0.0013242527430949679,0.004729474082482028,0.004918653045781309,0.003216042376087779,0.0056753688989784334,0.0,0.003026863412788498,0.004351116155883465,0.0,0.00037835792659856227,0.00170261066969353,0.005864547862277715,0.00018917896329928113,0.0,0.0,0.28906545592130156,0.0,0.0,0.10291335603480893,0.00018917896329928113,0.01172909572455543,0.0035944003026863415,62.0,5.7091595225,0.09208321810483872,5286,208.85025681548794
8805,Christoph Kramer,2015-2016,0.002240896358543417,0.0,0.24183006535947713,0.035480859010270774,0.011391223155929038,0.21475256769374415,0.006909430438842203,0.010644257703081233,0.007282913165266107,0.008963585434173669,0.023716153127917833,0.0,0.00784313725490196,0.007096171802054155,0.0,0.00037348272642390287,0.002987861811391223,0.005975723622782446,0.00018674136321195143,0.0,0.0,0.2909430438842204,0.00018674136321195143,0.00018674136321195143,0.11858076563958916,0.00018674136321195143,0.0016806722689075631,0.0005602240896358543,9.0,0.606413493,0.067379277,5355,191.04530859793078
8806,Lars Edi Stindl,2015-2016,0.0,0.0,0.3359580052493438,0.02099737532808399,0.015748031496062992,0.2020997375328084,0.005249343832020997,0.015748031496062992,0.015748031496062992,0.005249343832020997,0.013123359580052493,0.0,0.007874015748031496,0.007874015748031496,0.0,0.0,0.0026246719160104987,0.010498687664041995,0.0,0.0,0.0,0.2283464566929134,0.0,0.0,0.10761154855643044,0.0,0.005249343832020997,0.0,2.0,0.11978150000000001,0.059890750000000006,381,180.4736842105263
8808,Matthias Ginter,2015-2016,0.0030120481927710845,0.0,0.2620481927710843,0.018072289156626505,0.012048192771084338,0.19578313253012047,0.009036144578313253,0.009036144578313253,0.0030120481927710845,0.0030120481927710845,0.04216867469879518,0.0,0.006024096385542169,0.009036144578313253,0.0,0.0,0.0,0.009036144578313253,0.0,0.0,0.0,0.31626506024096385,0.0,0.0,0.0963855421686747,0.0,0.006024096385542169,0.0,2.0,0.054158530999999996,0.027079265499999998,332,157.26315789473685
8808,Matthias Ginter,2023-2024,0.0,0.0,0.25471698113207547,0.02358490566037736,0.014150943396226415,0.22641509433962265,0.0330188679245283,0.0047169811320754715,0.0,0.02358490566037736,0.02358490566037736,0.0,0.0047169811320754715,0.0047169811320754715,0.0,0.009433962264150943,0.0,0.0,0.0,0.0,0.0,0.30660377358490565,0.0,0.0,0.0660377358490566,0.0,0.0,0.0047169811320754715,0.0,0.0,0.0,212,122.38614496472097
8809,Oscar Wendt,2015-2016,0.0,0.0,0.28291316526610644,0.022408963585434174,0.01680672268907563,0.20448179271708683,0.011204481792717087,0.0056022408963585435,0.01680672268907563,0.0,0.0196078431372549,0.0,0.0028011204481792717,0.0,0.0,0.0,0.0028011204481792717,0.0056022408963585435,0.0,0.0,0.0,0.3333333333333333,0.0,0.0,0.07282913165266107,0.0,0.0028011204481792717,0.0,1.0,0.08317012,0.08317012,357,169.10526315789474
8810,Raffael Caetano de Araújo,2015-2016,0.004048582995951417,0.0,0.3319838056680162,0.016194331983805668,0.004048582995951417,0.20242914979757085,0.0,0.004048582995951417,0.024291497975708502,0.0,0.004048582995951417,0.0,0.004048582995951417,0.020242914979757085,0.0,0.0,0.0,0.024291497975708502,0.0,0.0,0.0,0.23076923076923078,0.0,0.0,0.11740890688259109,0.0,0.008097165991902834,0.004048582995951417,2.0,0.08443083500000001,0.042215417500000005,247,0.0
8814,Nico Elvedi,2015-2016,0.003205128205128205,0.0,0.266025641025641,0.016025641025641024,0.01282051282051282,0.24358974358974358,0.016025641025641024,0.00641025641025641,0.003205128205128205,0.003205128205128205,0.016025641025641024,0.0,0.003205128205128205,0.0,0.0,0.003205128205128205,0.003205128205128205,0.003205128205128205,0.0,0.0,0.0,0.3557692307692308,0.0,0.0,0.04487179487179487,0.0,0.0,0.0,0.0,0.0,0.0,312,193.65517241379308
8816,Julian Weigl,2015-2016,0.01327433628318584,0.0,0.23008849557522124,0.030973451327433628,0.0,0.2168141592920354,0.008849557522123894,0.004424778761061947,0.0,0.008849557522123894,0.02654867256637168,0.0,0.004424778761061947,0.008849557522123894,0.0,0.0,0.004424778761061947,0.004424778761061947,0.0,0.0,0.0,0.2743362831858407,0.0,0.0,0.1592920353982301,0.004424778761061947,0.0,0.0,0.0,0.0,0.0,226,179.36507936507937
8816,Julian Weigl,2023-2024,0.0,0.0029940119760479044,0.2275449101796407,0.011976047904191617,0.03293413173652695,0.19161676646706588,0.014970059880239521,0.0,0.0029940119760479044,0.0,0.017964071856287425,0.0,0.005988023952095809,0.0029940119760479044,0.0,0.0,0.011976047904191617,0.0,0.0,0.0,0.0,0.2904191616766467,0.0,0.0,0.18562874251497005,0.0,0.0,0.0,0.0,0.0,0.0,334,158.21052631578948
8817,Jhon Andrés Córdoba Copete,2015-2016,0.0,0.0,0.38388625592417064,0.023696682464454975,0.004739336492890996,0.17061611374407584,0.009478672985781991,0.014218009478672985,0.004739336492890996,0.004739336492890996,0.04739336492890995,0.0,0.018957345971563982,0.03317535545023697,0.0,0.0,0.0,0.04739336492890995,0.004739336492890996,0.0,0.0,0.10426540284360189,0.0,0.0,0.11374407582938388,0.0,0.014218009478672985,0.0,3.0,0.42225352,0.14075117333333334,211,0.0
8817,Jhon Andrés Córdoba Copete,2024,0.008928571428571428,0.002232142857142857,0.3125,0.026785714285714284,0.022321428571428572,0.11830357142857142,0.015625,0.011160714285714286,0.013392857142857142,0.0,0.04241071428571429,0.0,0.026785714285714284,0.008928571428571428,0.0,0.004464285714285714,0.0,0.03794642857142857,0.0,0.0,0.0,0.140625,0.002232142857142857,0.002232142857142857,0.16517857142857142,0.002232142857142857,0.024553571428571428,0.011160714285714286,11.0,1.36769334,0.12433575818181818,448,0.0
8823,Marcel Risse,2015-2016,0.0,0.0,0.20658682634730538,0.03592814371257485,0.011976047904191617,0.218562874251497,0.011976047904191617,0.008982035928143712,0.0,0.005988023952095809,0.020958083832335328,0.0,0.005988023952095809,0.0029940119760479044,0.0,0.0,0.023952095808383235,0.0029940119760479044,0.0,0.0,0.0,0.3652694610778443,0.0,0.0,0.0748502994011976,0.0,0.0029940119760479044,0.0,1.0,0.05987145,0.05987145,334,158.21052631578948
8826,Leonardo Bittencourt,2015-2016,0.002824858757062147,0.0,0.3248587570621469,0.014124293785310734,0.002824858757062147,0.20056497175141244,0.0,0.014124293785310734,0.025423728813559324,0.005649717514124294,0.03389830508474576,0.0,0.00847457627118644,0.02824858757062147,0.0,0.0,0.014124293785310734,0.00847457627118644,0.0,0.0,0.0,0.20056497175141244,0.0,0.0,0.10451977401129943,0.0,0.00847457627118644,0.002824858757062147,3.0,0.16711292,0.05570430666666667,354,180.40770101925256
8826,Leonardo Bittencourt,2023-2024,0.0,0.0049382716049382715,0.25679012345679014,0.024691358024691357,0.0049382716049382715,0.2419753086419753,0.0024691358024691358,0.0049382716049382715,0.007407407407407408,0.0049382716049382715,0.009876543209876543,0.0,0.0049382716049382715,0.012345679012345678,0.0,0.0,0.007407407407407408,0.0,0.0,0.0,0.0,0.24444444444444444,0.0,0.0,0.1580246913580247,0.0,0.0049382716049382715,0.0049382716049382715,2.0,0.10505227,0.052526135,405,247.45417515274949
8827,Matthias Lehmann,2015-2016,0.008620689655172414,0.0,0.23275862068965517,0.021551724137931036,0.008620689655172414,0.1896551724137931,0.01293103448275862,0.004310344827586207,0.0,0.017241379310344827,0.008620689655172414,0.0,0.017241379310344827,0.01293103448275862,0.0,0.0,0.01293103448275862,0.0,0.0,0.0,0.0,0.31896551724137934,0.0,0.0,0.12931034482758622,0.0,0.0,0.004310344827586207,0.0,0.0,0.0,232,128.72996300863133
8828,Dominique Heintz,2015-2016,0.0,0.0,0.23624595469255663,0.045307443365695796,0.009708737864077669,0.23300970873786409,0.012944983818770227,0.0,0.009708737864077669,0.0,0.038834951456310676,0.0,0.012944983818770227,0.0,0.0,0.003236245954692557,0.016181229773462782,0.003236245954692557,0.0,0.0,0.0,0.33980582524271846,0.0,0.0,0.02912621359223301,0.003236245954692557,0.006472491909385114,0.0,2.0,0.109959786,0.054979893,309,146.36842105263156
8891,Lewis Harry Holtby,2015-2016,0.0027100271002710027,0.0,0.1951219512195122,0.04878048780487805,0.016260162601626018,0.16531165311653118,0.013550135501355014,0.013550135501355014,0.016260162601626018,0.005420054200542005,0.04065040650406504,0.0,0.02168021680216802,0.013550135501355014,0.0,0.0,0.008130081300813009,0.0027100271002710027,0.0,0.0,0.0,0.25745257452574527,0.0,0.0,0.17344173441734417,0.0,0.0027100271002710027,0.0027100271002710027,1.0,0.19154167,0.19154167,369,0.0
8918,Roberto Hilbert,2015-2016,0.0013577732518669382,0.0,0.20706042090970808,0.03054989816700611,0.015614392396469789,0.19959266802443992,0.027155465037338764,0.006109979633401222,0.015614392396469789,0.011541072640868975,0.027834351663272233,0.0006788866259334691,0.010183299389002037,0.0047522063815342835,0.0,0.0013577732518669382,0.010183299389002037,0.004073319755600814,0.0,0.0,0.0,0.3170400543109301,0.0013577732518669382,0.0013577732518669382,0.10047522063815342,0.0006788866259334691,0.0027155465037338763,0.0027155465037338763,4.0,0.14839138899999998,0.037097847249999996,1473,164.51973194341028
8919,Marcel Schuhen,2023-2024,0.0,0.0,0.18627450980392157,0.029411764705882353,0.0,0.18627450980392157,0.0,0.0,0.0,0.0,0.0,0.004901960784313725,0.0,0.0,0.23529411764705882,0.0,0.0,0.0,0.0,0.0,0.0,0.35784313725490197,0.0,0.0,0.0,0.0,0.0,0.0,0.0,0.0,0.0,204,96.63157894736842
8939,Nicolas Höfler,2023-2024,0.0,0.0,0.2017167381974249,0.03862660944206009,0.008583690987124463,0.18454935622317598,0.008583690987124463,0.012875536480686695,0.0,0.008583690987124463,0.04291845493562232,0.0,0.012875536480686695,0.008583690987124463,0.0,0.0,0.004291845493562232,0.0,0.0,0.0,0.0,0.26609442060085836,0.0,0.0,0.19742489270386265,0.0,0.004291845493562232,0.0,1.0,0.032508153,0.032508153,233,110.36842105263159
8965,Fabian Lustenberger,2015-2016,0.0024813895781637717,0.0024813895781637717,0.2729528535980149,0.022332506203473945,0.004962779156327543,0.26054590570719605,0.009925558312655087,0.0,0.0,0.004962779156327543,0.01488833746898263,0.0,0.004962779156327543,0.007444168734491315,0.0,0.0,0.0024813895781637717,0.0,0.0,0.0,0.0,0.34739454094292804,0.0,0.0,0.03970223325062035,0.0,0.0024813895781637717,0.0,1.0,0.059954572,0.059954572,403,190.8947368421053
8969,Lars Bender,2015-2016,0.0005396654074473826,0.0,0.2423097679438748,0.028602266594711278,0.015650296815974095,0.1829465731246627,0.0124123043712898,0.002698327037236913,0.0059363194819212085,0.008634646519158122,0.03345925526173772,0.0,0.011332973556395036,0.007015650296815974,0.0,0.0016189962223421479,0.0064759848893685915,0.005396654074473826,0.0,0.0,0.0,0.29411764705882354,0.0005396654074473826,0.0005396654074473826,0.13167835941716136,0.0,0.0059363194819212085,0.0021586616297895305,11.0,0.78693441,0.07153949181818181,1853,181.40976830196888
9095,Manuel Riemann,2023-2024,0.0,0.0,0.1951219512195122,0.03832752613240418,0.0,0.18815331010452963,0.0,0.0,0.0,0.0,0.0,0.0,0.003484320557491289,0.0,0.18815331010452963,0.0,0.0,0.0,0.0,0.0,0.0,0.3797909407665505,0.0,0.0,0.006968641114982578,0.0,0.0,0.0,0.0,0.0,0.0,287,135.94736842105263
9102,Serhou Guirassy,2023-2024,0.0,0.0,0.4095238095238095,0.009523809523809525,0.0031746031746031746,0.18412698412698414,0.012698412698412698,0.009523809523809525,0.009523809523809525,0.0031746031746031746,0.006349206349206349,0.0,0.0,0.015873015873015872,0.0,0.0,0.0,0.022222222222222223,0.0,0.0,0.0,0.20634920634920634,0.0,0.0,0.07936507936507936,0.0,0.02857142857142857,0.0,9.0,1.871088387,0.20789870966666665,315,149.21052631578948
9106,Marvin Matip,2015-2016,0.0,0.0,0.2112676056338028,0.028169014084507043,0.009389671361502348,0.18779342723004694,0.07981220657276995,0.0,0.0,0.009389671361502348,0.03286384976525822,0.0,0.004694835680751174,0.004694835680751174,0.0,0.0,0.004694835680751174,0.0,0.0,0.0,0.0,0.352112676056338,0.0,0.0,0.06103286384976526,0.0,0.014084507042253521,0.0,3.0,0.197485122,0.06582837400000001,213,100.89473684210526
9109,Jonas Föhrenbach,2023-2024,0.0,0.0,0.234375,0.01953125,0.02734375,0.19140625,0.01953125,0.00390625,0.00390625,0.0078125,0.01171875,0.0,0.0234375,0.00390625,0.0,0.0,0.015625,0.0,0.0,0.0,0.0,0.3515625,0.0,0.0,0.08203125,0.00390625,0.0,0.0,0.0,0.0,0.0,256,121.26315789473684
9159,Grischa Prömel,2023-2024,0.0,0.0,0.29901960784313725,0.0196078431372549,0.004901960784313725,0.20588235294117646,0.0196078431372549,0.004901960784313725,0.004901960784313725,0.004901960784313725,0.014705882352941176,0.0,0.004901960784313725,0.00980392156862745,0.0,0.0,0.004901960784313725,0.004901960784313725,0.0,0.0,0.0,0.3137254901960784,0.0,0.0,0.0784313725490196,0.0,0.004901960784313725,0.0,1.0,0.08963502,0.08963502,204,137.9413974455297
9174,Marvin Friedrich,2023-2024,0.007067137809187279,0.0,0.24381625441696114,0.0176678445229682,0.0353356890459364,0.2049469964664311,0.07420494699646643,0.0,0.0,0.0035335689045936395,0.01060070671378092,0.0,0.0,0.0,0.0,0.0,0.007067137809187279,0.0035335689045936395,0.0,0.0,0.0,0.2826855123674912,0.0,0.0,0.09540636042402827,0.0,0.014134275618374558,0.0,4.0,0.203116767,0.05077919175,283,134.05263157894737
9195,Robert Andrich,2023-2024,0.002435783879539415,0.00022143489813994686,0.2849867139061116,0.01970770593445527,0.005535872453498672,0.25398582816651905,0.006200177147918512,0.0011071744906997344,0.002435783879539415,0.001992914083259522,0.011514614703277236,0.00022143489813994686,0.0059787422497785654,0.003985828166519044,0.0,0.0004428697962798937,0.003321523472099203,0.001992914083259522,0.0,0.0,0.0,0.33237378210806023,0.0,0.0,0.05580159433126661,0.00022143489813994686,0.005093002657218778,0.0004428697962798937,23.0,1.7017574875,0.07398945597826087,4516,223.9585629270443
9198,Niklas Dorsch,2023-2024,0.0,0.0,0.22641509433962265,0.04150943396226415,0.01509433962264151,0.2490566037735849,0.022641509433962263,0.011320754716981131,0.0037735849056603774,0.007547169811320755,0.011320754716981131,0.0,0.007547169811320755,0.007547169811320755,0.0,0.0,0.007547169811320755,0.0037735849056603774,0.0,0.0,0.0,0.27169811320754716,0.0,0.0,0.10943396226415095,0.0,0.0037735849056603774,0.0,1.0,0.034268443,0.034268443,265,125.52631578947367
9201,Nikola Dovedan,2023-2024,0.004366812227074236,0.0,0.1703056768558952,0.05240174672489083,0.021834061135371178,0.18777292576419213,0.008733624454148471,0.021834061135371178,0.017467248908296942,0.013100436681222707,0.03056768558951965,0.0,0.004366812227074236,0.013100436681222707,0.0,0.0,0.0,0.021834061135371178,0.0,0.0,0.0,0.16593886462882096,0.0,0.0,0.2576419213973799,0.0,0.004366812227074236,0.004366812227074236,1.0,0.056982346,0.056982346,229,182.38938053097343
9205,Kevin Müller,2023-2024,0.0,0.0,0.18636363636363637,0.031818181818181815,0.0,0.19545454545454546,0.0,0.0,0.0,0.004545454545454545,0.004545454545454545,0.0,0.0,0.0,0.20454545454545456,0.0,0.0,0.0,0.0,0.0,0.0,0.36363636363636365,0.0,0.0,0.00909090909090909,0.0,0.0,0.0,0.0,0.0,0.0,220,104.21052631578948
9221,Phillip Tietz,2023-2024,0.0,0.0,0.2782608695652174,0.030434782608695653,0.02608695652173913,0.1565217391304348,0.017391304347826087,0.008695652173913044,0.004347826086956522,0.0,0.021739130434782608,0.0,0.017391304347826087,0.0,0.0,0.004347826086956522,0.008695652173913044,0.013043478260869565,0.0,0.0,0.0,0.20869565217391303,0.0,0.0,0.19130434782608696,0.0,0.004347826086956522,0.008695652173913044,1.0,0.12377237,0.12377237,230,134.94132985658408
9222,Fabian Holland,2023-2024,0.004273504273504274,0.0,0.21794871794871795,0.02564102564102564,0.01282051282051282,0.19230769230769232,0.01282051282051282,0.004273504273504274,0.0,0.004273504273504274,0.029914529914529916,0.004273504273504274,0.017094017094017096,0.01282051282051282,0.0,0.004273504273504274,0.008547008547008548,0.017094017094017096,0.0,0.0,0.0,0.20085470085470086,0.004273504273504274,0.004273504273504274,0.21794871794871795,0.0,0.0,0.004273504273504274,0.0,0.0,0.0,234,130.56416615003099
9286,Antoine Semenyo,2023,0.0034602076124567475,0.0,0.328719723183391,0.01384083044982699,0.006920415224913495,0.15916955017301038,0.0,0.01384083044982699,0.006920415224913495,0.006920415224913495,0.04152249134948097,0.0,0.03806228373702422,0.0,0.0,0.006920415224913495,0.0034602076124567475,0.02768166089965398,0.0,0.0,0.0,0.1522491349480969,0.0,0.0,0.17647058823529413,0.0,0.006920415224913495,0.006920415224913495,2.0,0.079064034,0.039532017,289,113.87915936952713
9363,André Ramalho Silva,2015-2016,0.0005047955577990914,0.0005047955577990914,0.22362443210499747,0.027763755678950026,0.016153457849570924,0.21756688541140837,0.03382130237253912,0.002523977788995457,0.002523977788995457,0.008076728924785462,0.030792529025744572,0.0,0.009086320040383645,0.004038364462392731,0.0,0.001514386673397274,0.008076728924785462,0.002523977788995457,0.0,0.0,0.0,0.3089348813730439,0.0005047955577990914,0.0005047955577990914,0.09641595153962645,0.0005047955577990914,0.004038364462392731,0.0,8.0,0.563494663,0.070436832875,1981,0.0
9401,Marcel Heller,2015-2016,0.0037735849056603774,0.0,0.2792452830188679,0.052830188679245285,0.01509433962264151,0.1509433962264151,0.0,0.01509433962264151,0.01509433962264151,0.026415094339622643,0.045283018867924525,0.0,0.01509433962264151,0.022641509433962263,0.0,0.0,0.0037735849056603774,0.022641509433962263,0.0,0.0,0.0,0.13584905660377358,0.0,0.0,0.19245283018867926,0.0,0.0037735849056603774,0.0,1.0,0.023182256,0.023182256,265,125.52631578947367
9406,Holger Badstuber,2009-2010,0.0,0.0,0.2534562211981567,0.03225806451612903,0.004608294930875576,0.2672811059907834,0.004608294930875576,0.0,0.0,0.0,0.018433179723502304,0.0,0.013824884792626729,0.004608294930875576,0.0,0.0,0.004608294930875576,0.0,0.0,0.0,0.0,0.33640552995391704,0.0,0.0,0.059907834101382486,0.0,0.0,0.0,0.0,0.0,0.0,217,205.57894736842104
9410,Marius Wolf,2023-2024,0.0038461538461538464,0.0038461538461538464,0.23461538461538461,0.023076923076923078,0.026923076923076925,0.2,0.0038461538461538464,0.0,0.007692307692307693,0.0038461538461538464,0.019230769230769232,0.0,0.0038461538461538464,0.0038461538461538464,0.0,0.0,0.007692307692307693,0.0038461538461538464,0.0,0.0,0.0,0.3153846153846154,0.0,0.0,0.1346153846153846,0.0,0.0038461538461538464,0.0,1.0,0.05357171,0.05357171,260,161.3793103448276
9723,Sandro Wagner,2015-2016,0.0,0.0,0.3925619834710744,0.0371900826446281,0.01652892561983471,0.09090909090909091,0.012396694214876033,0.008264462809917356,0.0,0.0,0.07851239669421488,0.0,0.004132231404958678,0.01652892561983471,0.0,0.004132231404958678,0.0,0.0371900826446281,0.0,0.0,0.0,0.1487603305785124,0.0,0.0,0.13636363636363635,0.0,0.01652892561983471,0.0,4.0,0.695709066,0.1739272665,242,175.08038585209002
9728,Florian Klein,2015-2016,0.0,0.0,0.1308411214953271,0.03271028037383177,0.04205607476635514,0.11682242990654206,0.056074766355140186,0.0,0.0,0.014018691588785047,0.037383177570093455,0.0,0.009345794392523364,0.004672897196261682,0.0,0.0,0.014018691588785047,0.009345794392523364,0.0,0.0,0.0,0.308411214953271,0.0,0.0,0.21495327102803738,0.0,0.009345794392523364,0.0,2.0,0.054661846,0.027330923,214,101.36842105263158
9923,Bobby Armani De Cordova-Reid,2024,0.006872852233676976,0.0,0.21305841924398625,0.061855670103092786,0.010309278350515464,0.20962199312714777,0.006872852233676976,0.006872852233676976,0.01718213058419244,0.006872852233676976,0.03436426116838488,0.0,0.010309278350515464,0.003436426116838488,0.0,0.003436426116838488,0.003436426116838488,0.010309278350515464,0.0,0.0,0.0,0.28865979381443296,0.0,0.0,0.09278350515463918,0.003436426116838488,0.006872852233676976,0.003436426116838488,2.0,0.07731305499999999,0.038656527499999996,291,0.0
9933,Willy Boly,2023,0.0,0.0,0.26941747572815533,0.012135922330097087,0.0048543689320388345,0.21844660194174756,0.03398058252427184,0.0,0.0,0.0,0.021844660194174758,0.0,0.014563106796116505,0.0024271844660194173,0.0,0.0024271844660194173,0.0024271844660194173,0.0024271844660194173,0.0,0.0,0.0,0.3422330097087379,0.0,0.0,0.06796116504854369,0.0,0.0024271844660194173,0.0024271844660194173,1.0,0.18379834,0.18379834,412,150.42596348884382
10039,Ghislain Konan,2023,0.002523128679562658,0.0,0.2413793103448276,0.034482758620689655,0.010092514718250631,0.2523128679562658,0.012615643397813289,0.005046257359125316,0.00672834314550042,0.0008410428931875525,0.021026072329688814,0.0,0.00672834314550042,0.00672834314550042,0.0,0.0008410428931875525,0.00672834314550042,0.001682085786375105,0.0,0.0,0.0,0.3313708999158957,0.0,0.0,0.05550883095037847,0.0008410428931875525,0.0008410428931875525,0.001682085786375105,1.0,0.052294273,0.052294273,1189,170.3167276778609
10040,Youcef Atal,2023,0.0,0.0,0.2494172494172494,0.02564102564102564,0.006993006993006993,0.2494172494172494,0.018648018648018648,0.002331002331002331,0.016317016317016316,0.002331002331002331,0.016317016317016316,0.0,0.006993006993006993,0.02097902097902098,0.0,0.0,0.009324009324009324,0.004662004662004662,0.0,0.0,0.0,0.3076923076923077,0.0,0.0,0.05128205128205128,0.0,0.006993006993006993,0.004662004662004662,3.0,0.070518092,0.023506030666666667,429,151.29310344827587
10088,Katrine Veje,2023-2024,0.0,0.0,0.25787106446776614,0.03698150924537731,0.005497251374312844,0.2748625687156422,0.00849575212393803,0.005997001499250375,0.004497751124437781,0.0024987506246876563,0.00849575212393803,0.0,0.0009995002498750624,0.0009995002498750624,0.0,0.0004997501249375312,0.005997001499250375,0.0034982508745627187,0.0,0.0,0.0,0.3353323338330835,0.0,0.0,0.04447776111944028,0.0004997501249375312,0.0014992503748125937,0.0009995002498750624,3.0,0.077271299,0.02575709966666667,2001,195.92036553524804
10093,Yana Daniëls,2019-2020,0.0012376237623762376,0.0,0.2332920792079208,0.05693069306930693,0.022896039603960396,0.18811881188118812,0.009900990099009901,0.011757425742574257,0.019801980198019802,0.009282178217821782,0.0426980198019802,0.0,0.013613861386138614,0.01547029702970297,0.0,0.0012376237623762376,0.007425742574257425,0.013613861386138614,0.0,0.0,0.0,0.20482673267326731,0.0,0.0,0.13861386138613863,0.0,0.008044554455445545,0.0012376237623762376,13.0,3.2128875213,0.24714519394615383,1616,117.92751155436633
10093,Yana Daniëls,2020-2021,0.00038284839203675346,0.0,0.2557427258805513,0.04096477794793262,0.02258805513016845,0.18185298621745788,0.011485451761102604,0.014165390505359877,0.023736600306278714,0.009188361408882083,0.045941807044410414,0.00038284839203675346,0.008422664624808576,0.02105666156202144,0.0,0.002297090352220521,0.018376722817764167,0.017228177641653904,0.0,0.00038284839203675346,0.0,0.19831546707503828,0.00038284839203675346,0.00038284839203675346,0.11944869831546708,0.00038284839203675346,0.005359877488514548,0.0015313935681470138,14.0,0.5783100175,0.041307858392857146,2612,130.25987698786503
10093,Yana Daniëls,2023-2024,0.0,0.002136752136752137,0.25,0.029914529914529916,0.03418803418803419,0.17307692307692307,0.02564102564102564,0.008547008547008548,0.008547008547008548,0.004273504273504274,0.049145299145299144,0.0,0.01282051282051282,0.008547008547008548,0.0,0.0,0.00641025641025641,0.008547008547008548,0.0,0.0,0.0,0.2692307692307692,0.0,0.0,0.09829059829059829,0.002136752136752137,0.004273504273504274,0.004273504273504274,2.0,0.34253928,0.17126964,468,120.93023255813954
10099,Tessa Wullaert,2019-2020,0.0,0.0,0.2878479293957909,0.027155465037338764,0.008146639511201629,0.22674813306177868,0.002036659877800407,0.005431093007467753,0.012219959266802444,0.005431093007467753,0.016293279022403257,0.0,0.004073319755600814,0.004073319755600814,0.0,0.0,0.0027155465037338763,0.016293279022403257,0.0,0.0,0.0,0.2484725050916497,0.0,0.0,0.11948404616429056,0.0,0.010183299389002037,0.0033944331296673455,15.0,1.543712017,0.10291413446666667,1473,144.86941317888756
10100,Janice Cayman,2023-2024,0.0024271844660194173,0.0,0.23855755894590847,0.03155339805825243,0.019764216366158115,0.19174757281553398,0.014216366158113732,0.005547850208044383,0.0038141470180305132,0.009361997226074895,0.022538141470180306,0.0,0.005201109570041609,0.005201109570041609,0.0,0.0010402219140083217,0.0048543689320388345,0.009708737864077669,0.0,0.0,0.0,0.3040915395284327,0.0,0.0,0.11893203883495146,0.0017337031900138697,0.008321775312066574,0.0013869625520110957,24.0,2.3217379129999998,0.09673907970833333,2884,143.0240246859158
10102,Stine Larsen,2020-2021,0.0012760527435133986,0.0,0.33517652062951936,0.03232666950233943,0.014036580178647383,0.1471714164185453,0.011484474691620587,0.025095703955763504,0.019140791152700978,0.005954912803062527,0.05146746065504041,0.0,0.012760527435133985,0.00893236920459379,0.0,0.0004253509145044662,0.00552956188855806,0.02552105487026797,0.0,0.0,0.0,0.1284559761803488,0.0,0.0,0.1599319438536793,0.0008507018290089324,0.013611229264142918,0.0008507018290089324,32.0,3.467063544,0.10834573575,2351,138.4570082449941
10108,Pernille Mosegaard Harder,2020-2021,0.0008126777732629012,0.0,0.304754164973588,0.028037383177570093,0.010158472165786265,0.205607476635514,0.001219016659894352,0.0077204388459975615,0.015847216578626575,0.00690776107273466,0.029662738724095895,0.0,0.007314099959366111,0.008533116619260463,0.0,0.0008126777732629012,0.005282405526208858,0.01300284437220642,0.0,0.0,0.0,0.2031694433157253,0.0004063388866314506,0.0004063388866314506,0.12027631044290939,0.0004063388866314506,0.025599349857781388,0.0040633888663145065,63.0,7.4314559455,0.11795961818253968,2461,171.49825783972125
10124,Dagný Brynjarsdóttir,2020-2021,0.0017873100983020554,0.0,0.2359249329758713,0.032171581769437,0.014298480786416443,0.11706881143878463,0.02323503127792672,0.006255585344057194,0.0035746201966041107,0.012511170688114389,0.040214477211796246,0.0,0.013404825737265416,0.0071492403932082215,0.0,0.006255585344057194,0.01876675603217158,0.009830205540661306,0.0,0.0,0.0,0.2386058981233244,0.0008936550491510277,0.0008936550491510277,0.20732797140303844,0.0,0.00804289544235925,0.0017873100983020554,9.0,1.20932886,0.13436987333333333,1119,119.80728051391863
10158,María Victoria Losada Gómez,2023-2024,0.0030873726458783574,0.00030873726458783575,0.22568694041370793,0.04137079345476999,0.017906761346094473,0.22229083050324175,0.006174745291756715,0.00802716887928373,0.004939796233405372,0.005866008027168879,0.021611608521148504,0.00030873726458783575,0.007409694350108058,0.006174745291756715,0.0,0.001234949058351343,0.008335906143871565,0.01018832973139858,0.0,0.0,0.0,0.2618092003704847,0.00030873726458783575,0.00030873726458783575,0.1407841926520531,0.0,0.002469898116702686,0.0033961099104661933,8.0,0.965735578,0.12071694725,3239,0.0
10159,Diana Micaela Abreu de Sousa e Silva,2020-2021,0.0011098779134295228,0.0,0.293007769145394,0.04439511653718091,0.01220865704772475,0.20865704772475027,0.005549389567147614,0.018867924528301886,0.023307436182019976,0.006659267480577136,0.03218645948945616,0.0,0.00776914539400666,0.01220865704772475,0.0,0.0011098779134295228,0.006659267480577136,0.017758046614872364,0.0011098779134295228,0.0,0.0,0.1709211986681465,0.0,0.0,0.1220865704772475,0.0,0.009988901220865706,0.004439511653718091,9.0,0.857436298,0.09527069977777777,901,0.0
10163,Leila Ouahabi El Ouahabi,2023-2024,0.001515610791148833,0.0,0.26098817823582904,0.023643528341921793,0.013943619278569264,0.2458320703243407,0.007274931797514398,0.003637465898757199,0.003940588056986966,0.004849954531676266,0.01515610791148833,0.0,0.0018187329493785996,0.0009093664746892998,0.0,0.0003031221582297666,0.004849954531676266,0.006062443164595332,0.0,0.0,0.0,0.3313125189451349,0.0003031221582297666,0.0003031221582297666,0.06850560775992726,0.0006062443164595332,0.0033343437405274324,0.0009093664746892998,11.0,1.054811282,0.09589193472727273,3299,0.0
10167,Tatiana Vanessa Ferreira Pinto,2023-2024,0.0038510911424903724,0.0006418485237483953,0.25866495507060333,0.03465982028241335,0.014120667522464698,0.1944801026957638,0.007060333761232349,0.014762516046213094,0.006418485237483954,0.007060333761232349,0.025673940949935817,0.0006418485237483953,0.013478818998716302,0.00834403080872914,0.0,0.0025673940949935813,0.0019255455712451862,0.012836970474967908,0.0,0.0,0.0,0.20410783055198972,0.0,0.0,0.17586649550706032,0.0,0.007702182284980745,0.005134788189987163,12.0,2.1217200305,0.17681000254166668,1558,0.0
10171,Frankie Brown,2019-2020,0.003463203463203463,0.0,0.19307359307359306,0.050216450216450215,0.025108225108225107,0.19047619047619047,0.050216450216450215,0.009523809523809525,0.005194805194805195,0.011255411255411256,0.022510822510822513,0.0017316017316017316,0.011255411255411256,0.008658008658008658,0.0,0.0,0.011255411255411256,0.004329004329004329,0.0,0.0,0.0,0.24415584415584415,0.0,0.0,0.15324675324675324,0.0,0.003463203463203463,0.0008658008658008658,4.0,0.081105854,0.0202764635,1155,86.2655601659751
10172,Jill Scott,2019-2020,0.0026041666666666665,0.0,0.23828125,0.03732638888888889,0.014756944444444444,0.19791666666666666,0.013020833333333334,0.009548611111111112,0.009548611111111112,0.009982638888888888,0.024739583333333332,0.0,0.007378472222222222,0.003472222222222222,0.0,0.0008680555555555555,0.005208333333333333,0.010850694444444444,0.0,0.0,0.0,0.2400173611111111,0.0,0.0,0.16883680555555555,0.0,0.004340277777777778,0.0013020833333333333,10.0,0.583622143,0.05836221430000001,2304,153.64552459988147
10172,Jill Scott,2020-2021,0.00037650602409638556,0.0,0.24849397590361447,0.03426204819277109,0.010542168674698794,0.20896084337349397,0.009789156626506024,0.01016566265060241,0.011671686746987951,0.00941265060240964,0.025225903614457833,0.0,0.0037650602409638554,0.004518072289156626,0.0,0.0018825301204819277,0.007153614457831325,0.010918674698795181,0.0,0.0,0.0,0.2571536144578313,0.0,0.0,0.13855421686746988,0.0,0.006400602409638554,0.0007530120481927711,17.0,1.812532719,0.10661957170588235,2656,181.9455015984168
10178,Lucy Bronze,2020-2021,0.0004709206498704968,0.0,0.25994819872851427,0.030138921591711797,0.009889333647280433,0.2437014363079821,0.010124793972215681,0.005415587473510714,0.012008476571697669,0.0018836825994819873,0.011066635271956676,0.0,0.0028255238992229807,0.007534730397927949,0.0,0.0004709206498704968,0.006828349423122204,0.006828349423122204,0.0,0.0,0.0,0.34235931245585116,0.0,0.0,0.04026371556392748,0.0004709206498704968,0.007063809748057453,0.0007063809748057452,30.0,2.362365431,0.07874551436666667,4247,238.84896581890897
10179,Lisa Evans,2019-2020,0.001813236627379873,0.0,0.2910244786944696,0.023118766999093383,0.006346328195829556,0.2384406165004533,0.004986400725294651,0.006799637352674524,0.0058930190389845875,0.006346328195829556,0.01042611060743427,0.00045330915684496827,0.001813236627379873,0.0027198549410698096,0.0,0.0009066183136899365,0.0009066183136899365,0.0077062556663644605,0.0,0.0,0.0,0.3046237533998187,0.00045330915684496827,0.00045330915684496827,0.07932910244786945,0.00045330915684496827,0.004986400725294651,0.0,11.0,1.838384391,0.16712585372727273,2206,149.0428646498011
10179,Lisa Evans,2020-2021,0.0,0.0,0.29854096520763185,0.020202020202020204,0.008978675645342313,0.2222222222222222,0.008978675645342313,0.007856341189674524,0.006734006734006734,0.007856341189674524,0.012345679012345678,0.0,0.001122334455667789,0.001122334455667789,0.0,0.0,0.006734006734006734,0.004489337822671156,0.0,0.0,0.0,0.32996632996632996,0.0,0.0,0.05723905723905724,0.001122334455667789,0.004489337822671156,0.0,4.0,0.8712074650000001,0.21780186625000003,891,153.70902817711325
10179,Lisa Evans,2023-2024,0.0017543859649122807,0.0005847953216374269,0.291812865497076,0.026900584795321637,0.009941520467836258,0.20292397660818715,0.008187134502923977,0.011111111111111112,0.00935672514619883,0.00760233918128655,0.00935672514619883,0.0,0.004093567251461989,0.0035087719298245615,0.0,0.0005847953216374269,0.005263157894736842,0.013450292397660818,0.0,0.0,0.0,0.2894736842105263,0.0,0.0,0.09590643274853801,0.0005847953216374269,0.004093567251461989,0.0035087719298245615,7.0,0.624948422,0.089278346,1710,136.89734922611635
10180,Ellen White,2019-2020,0.0016570008285004142,0.0,0.3388566694283347,0.020712510356255178,0.016570008285004142,0.1275890637945319,0.004142502071251036,0.004971002485501243,0.008285004142502071,0.0024855012427506215,0.02236951118475559,0.0,0.008285004142502071,0.00579950289975145,0.0,0.0,0.0024855012427506215,0.0231980115990058,0.0016570008285004142,0.0,0.0,0.1375310687655344,0.0,0.0,0.23943661971830985,0.0,0.02899751449875725,0.004971002485501243,35.0,5.570095145,0.15914557557142855,1207,122.28976697061803
10180,Ellen White,2020-2021,0.0,0.0,0.3730750124192747,0.024341778440139097,0.014406358668653751,0.14157973174366617,0.0014903129657228018,0.013909587680079483,0.009438648782911079,0.0029806259314456036,0.011425732737208148,0.0,0.007948335817188276,0.010432190760059613,0.0,0.0024838549428713363,0.0029806259314456036,0.02334823646299056,0.0009935419771485345,0.0,0.0,0.17685047193243913,0.0,0.0,0.14853452558370592,0.0004967709885742673,0.025832091405861898,0.007451564828614009,52.0,8.375950954,0.1610759798846154,2013,114.95558375634518
10183,Toni Duggan,2023-2024,0.0,0.0,0.28426395939086296,0.04060913705583756,0.015228426395939087,0.1700507614213198,0.0,0.012690355329949238,0.01015228426395939,0.005076142131979695,0.02030456852791878,0.0,0.005076142131979695,0.0025380710659898475,0.0,0.0025380710659898475,0.0025380710659898475,0.012690355329949238,0.0,0.0,0.0,0.23857868020304568,0.0,0.0,0.1649746192893401,0.0,0.01015228426395939,0.0025380710659898475,4.0,0.270202813,0.06755070325,394,140.770146883684
10185,Stephanie Houghton,2019-2020,0.0,0.0,0.2835018963337547,0.019595448798988623,0.0050568900126422255,0.2718078381795196,0.03381795195954488,0.0006321112515802782,0.0028445006321112516,0.0015802781289506952,0.00663716814159292,0.0,0.0009481668773704172,0.0009481668773704172,0.0,0.0009481668773704172,0.0022123893805309734,0.0012642225031605564,0.0,0.0,0.0,0.33691529709228824,0.0006321112515802782,0.0006321112515802782,0.027496839443742097,0.0,0.0025284450063211127,0.0,8.0,0.9615456809999999,0.12019321012499999,3164,187.3421052631579
10185,Stephanie Houghton,2020-2021,0.0,0.0,0.3012173012173012,0.01605801605801606,0.004403004403004403,0.2784252784252784,0.0214970214970215,0.001554001554001554,0.001554001554001554,0.001295001295001295,0.003885003885003885,0.000259000259000259,0.001295001295001295,0.001295001295001295,0.0,0.001036001036001036,0.001554001554001554,0.000777000777000777,0.0,0.0,0.0,0.3411033411033411,0.000259000259000259,0.000259000259000259,0.016835016835016835,0.000259000259000259,0.004662004662004662,0.000518000518000518,18.0,1.5197019595999999,0.08442788664444444,3861,233.74815014126193
10185,Stephanie Houghton,2023-2024,0.0,0.0,0.28292682926829266,0.014634146341463415,0.004878048780487805,0.24878048780487805,0.03414634146341464,0.0,0.0,0.0,0.0,0.0,0.0,0.0,0.0,0.004878048780487805,0.00975609756097561,0.0,0.0,0.0,0.0,0.37073170731707317,0.0,0.0,0.01951219512195122,0.0,0.00975609756097561,0.0,2.0,0.093905023,0.0469525115,205,237.45173745173744
10188,Caroline Weir,2019-2020,0.0,0.0,0.2509716823986674,0.042754025541365905,0.006662965019433648,0.25930038867295946,0.00416435313714603,0.00694058856191005,0.012215435868961688,0.004719600222098834,0.013325930038867296,0.0,0.002498611882287618,0.003886729594669628,0.0,0.000277623542476402,0.00694058856191005,0.006107717934480844,0.0,0.0,0.0,0.29677956690727375,0.0,0.0,0.07301499167129373,0.0,0.009439200444197668,0.0,34.0,2.720610853,0.08001796626470589,3602,212.74445465284157
10188,Caroline Weir,2020-2021,0.00031289111389236547,0.0,0.2834793491864831,0.03754693366708386,0.005632040050062578,0.2453066332916145,0.0018773466833541927,0.010012515644555695,0.019086357947434292,0.0031289111389236545,0.014080100125156446,0.0,0.0018773466833541927,0.004380475594493116,0.0,0.0,0.005632040050062578,0.010012515644555695,0.0,0.0,0.0,0.26063829787234044,0.0,0.0,0.08166458072590739,0.0,0.012828535669586983,0.0025031289111389237,41.0,6.318129663,0.15410072348780487,3196,191.38997937321176
10190,Jade Moore,2019-2020,0.0011154489682097045,0.0005577244841048522,0.21360847741215838,0.05911879531511433,0.012269938650306749,0.2147239263803681,0.018404907975460124,0.012269938650306749,0.005577244841048522,0.008365867261572783,0.025655326268823202,0.0,0.016731734523145567,0.008923591745677636,0.0,0.002230897936419409,0.006692693809258227,0.007250418293363078,0.0,0.0,0.0,0.26882320133853876,0.0005577244841048522,0.0005577244841048522,0.10708310094813163,0.0005577244841048522,0.008365867261572783,0.0005577244841048522,15.0,2.5760576678,0.1717371778533333,1793,125.03486750348677
10192,Jordan Nobbs,2019-2020,0.0015022533800701052,0.0,0.313970956434652,0.02904356534802203,0.005007511266900351,0.242864296444667,0.00100150225338007,0.010015022533800702,0.00801201802704056,0.00400600901352028,0.009514271407110666,0.0,0.000500751126690035,0.0025037556334501754,0.0,0.0,0.00100150225338007,0.010015022533800702,0.0,0.0,0.0,0.26089133700550826,0.000500751126690035,0.000500751126690035,0.08462694041061593,0.0,0.012018027040560842,0.0025037556334501754,24.0,2.827345725,0.11780607187499999,1997,166.70995269455526
10192,Jordan Nobbs,2020-2021,0.0008169934640522876,0.0,0.306781045751634,0.030637254901960783,0.005718954248366013,0.2540849673202614,0.0004084967320261438,0.006535947712418301,0.007352941176470588,0.006535947712418301,0.008169934640522876,0.0,0.003676470588235294,0.002042483660130719,0.0,0.0008169934640522876,0.0024509803921568627,0.012663398692810458,0.0008169934640522876,0.0,0.0,0.2716503267973856,0.0,0.0,0.06372549019607843,0.0,0.012663398692810458,0.0024509803921568627,31.0,4.7853809402,0.15436712710322578,2448,200.12716868017074
10192,Jordan Nobbs,2023-2024,0.0009970089730807576,0.0006646726487205051,0.29411764705882354,0.03290129611166501,0.013625789298770355,0.22366234629444998,0.004320372216683284,0.005649717514124294,0.002326354270521768,0.007643735460285809,0.01163177135260884,0.0,0.001661681621801263,0.0009970089730807576,0.0,0.0009970089730807576,0.0036556995679627785,0.009637753406447324,0.0,0.0,0.0,0.28082419408441345,0.0,0.0,0.09371884346959122,0.00033233632436025255,0.007643735460285809,0.0029910269192422734,23.0,1.951394324,0.08484323147826087,3009,177.89529002167774
10193,Chloe Arthur,2019-2020,0.0008278145695364238,0.0,0.20943708609271522,0.048841059602649006,0.014900662251655629,0.2326158940397351,0.012417218543046357,0.012417218543046357,0.016556291390728478,0.0074503311258278145,0.028145695364238412,0.0,0.006622516556291391,0.0074503311258278145,0.0,0.0,0.0074503311258278145,0.013245033112582781,0.0,0.0,0.0,0.2293046357615894,0.0,0.0,0.14652317880794702,0.0,0.004966887417218543,0.0008278145695364238,6.0,0.0842962846,0.014049380766666666,1208,96.83797986995636
10193,Chloe Arthur,2020-2021,0.0004847309743092584,0.0,0.18952981095492002,0.043625787687833255,0.015996122152205527,0.19680077556955888,0.02084343189529811,0.013087736306349976,0.030538051381483276,0.011148812409112942,0.041202132816286964,0.0009694619486185168,0.010664081434803683,0.0067862336403296175,0.0,0.0009694619486185168,0.018904507998061076,0.010664081434803683,0.0,0.0,0.0,0.2166747455162385,0.0004847309743092584,0.0004847309743092584,0.159476490547746,0.0004847309743092584,0.007270964614638876,0.00290838584585555,15.0,1.053733098,0.07024887319999999,2063,134.290467235643
10196,Kirsty Smith,2019-2020,0.0009250693802035153,0.0009250693802035153,0.20074005550416282,0.03145235892691952,0.01572617946345976,0.1933395004625347,0.009250693802035153,0.0074005550416281225,0.009250693802035153,0.012025901942645698,0.022201665124884366,0.0,0.0064754856614246065,0.0009250693802035153,0.0,0.0009250693802035153,0.0037002775208140612,0.011100832562442183,0.0,0.0,0.0,0.34782608695652173,0.0009250693802035153,0.0009250693802035153,0.1211840888066605,0.0009250693802035153,0.0018501387604070306,0.0,2.0,0.047441633,0.0237208165,1081,144.9277521227469
10196,Kirsty Smith,2020-2021,0.0,0.0,0.22006302521008403,0.027836134453781514,0.01838235294117647,0.20115546218487396,0.01365546218487395,0.004201680672268907,0.012605042016806723,0.009453781512605041,0.023634453781512604,0.0,0.003676470588235294,0.0026260504201680674,0.0,0.0005252100840336134,0.01050420168067227,0.006827731092436975,0.0,0.0,0.0,0.33088235294117646,0.0005252100840336134,0.0005252100840336134,0.11134453781512606,0.0005252100840336134,0.0005252100840336134,0.0005252100840336134,1.0,0.088569745,0.088569745,1904,153.34228187919462
10196,Kirsty Smith,2023-2024,0.0031705770450221942,0.0003170577045022194,0.21686746987951808,0.03329105897273304,0.016169942929613188,0.19911223842739378,0.017438173747622066,0.007926442612555484,0.013316423589093214,0.008560558021559923,0.018706404565630944,0.0,0.00538998097653773,0.0015852885225110971,0.0,0.0012682308180088776,0.007609384908053266,0.008243500317057704,0.0,0.0,0.0,0.3043753963221306,0.0,0.0,0.13284717818642994,0.0,0.0034876347495244133,0.0003170577045022194,11.0,1.308590047,0.11896273154545454,3154,137.11056368642227
10198,Josanne Potter,2019-2020,0.0,0.0,0.21791320406278855,0.04709141274238227,0.013850415512465374,0.22807017543859648,0.04986149584487535,0.0009233610341643582,0.003693444136657433,0.003693444136657433,0.01662049861495845,0.0,0.003693444136657433,0.0046168051708217915,0.0,0.0009233610341643582,0.002770083102493075,0.0009233610341643582,0.0,0.0,0.0,0.3397968605724838,0.0,0.0,0.05909510618651893,0.0018467220683287165,0.003693444136657433,0.0009233610341643582,4.0,0.887684527,0.22192113175,1083,130.1856551355683
10222,Jonna Ann-Charlotte Andersson,2019-2020,0.00043346337234503684,0.0,0.2401387082791504,0.035977459904638055,0.011703511053315995,0.22540095361941917,0.022540095361941917,0.006501950585175552,0.002600780234070221,0.004768097095795405,0.01517121803207629,0.00043346337234503684,0.002600780234070221,0.0013003901170351106,0.0,0.0,0.006935413957520589,0.005201560468140442,0.0,0.0,0.0,0.34503684438664933,0.0,0.0,0.06892067620286085,0.00043346337234503684,0.0039011703511053317,0.0,9.0,0.659974218,0.07333046866666666,2307,154.32585104801544
10222,Jonna Ann-Charlotte Andersson,2020-2021,0.0003312355084465055,0.0,0.2477641603179861,0.02716131169261345,0.01689301093077178,0.21994037760847962,0.017224246439218285,0.004306061609804571,0.00364359059291156,0.002649884067572044,0.015568068896985757,0.0,0.001987413050679033,0.001324942033786022,0.0,0.0003312355084465055,0.007949652202716132,0.007949652202716132,0.0,0.0,0.0,0.3514408744617423,0.0,0.0,0.06856575024842664,0.0009937065253395165,0.0023186485591255384,0.0016561775422325273,7.0,0.5508991,0.07869987142857142,3019,174.6096009253904
10225,Aurora Galli,2023-2024,0.0034746351633078527,0.00034746351633078526,0.22724113968033358,0.044822793606671296,0.014940931202223767,0.23210562890896455,0.008686587908269632,0.007296733842946491,0.012161223071577484,0.0031271716469770676,0.017373175816539264,0.0,0.004864489228630994,0.003822098679638638,0.0,0.0034746351633078527,0.006949270326615705,0.010076441973592773,0.0,0.0,0.0,0.26997915218902013,0.00034746351633078526,0.00034746351633078526,0.12126476719944405,0.0,0.004517025712300208,0.002779708130646282,13.0,1.6690202479999998,0.1283861729230769,2878,160.57281011716572
10229,Emma Stina Blackstenius,2023-2024,0.0008802816901408451,0.0,0.3732394366197183,0.032570422535211266,0.01056338028169014,0.1813380281690141,0.0017605633802816902,0.01936619718309859,0.01056338028169014,0.002640845070422535,0.017605633802816902,0.0,0.002640845070422535,0.0044014084507042256,0.0,0.0017605633802816902,0.0008802816901408451,0.022007042253521125,0.0,0.0,0.0,0.15404929577464788,0.0,0.0,0.11883802816901408,0.0008802816901408451,0.03873239436619718,0.00528169014084507,44.0,7.932528004,0.18028472736363635,1136,0.0
10235,Viktoria Schnaderbeck,2019-2020,0.0,0.0,0.279491833030853,0.021778584392014518,0.006049606775559589,0.2752571082879613,0.013914095583787053,0.0006049606775559589,0.0024198427102238356,0.0018148820326678765,0.0102843315184513,0.0,0.0018148820326678765,0.0,0.0,0.0,0.003629764065335753,0.0024198427102238356,0.0,0.0,0.0,0.33998790078644886,0.0,0.0,0.03750756200846945,0.0018148820326678765,0.0006049606775559589,0.0006049606775559589,1.0,0.02005473,0.02005473,1653,161.49587494572296
10235,Viktoria Schnaderbeck,2020-2021,0.0,0.0,0.2842304060434372,0.01794145420207743,0.0066100094428706326,0.24929178470254956,0.023607176581680833,0.003777148253068933,0.004721435316336166,0.0028328611898017,0.014164305949008499,0.0,0.0018885741265344666,0.003777148253068933,0.0,0.0009442870632672333,0.003777148253068933,0.0009442870632672333,0.0,0.0,0.0,0.3371104815864023,0.0,0.0,0.04154863078375826,0.0009442870632672333,0.0,0.0018885741265344666,0.0,0.0,0.0,1059,198.8939899833055
10237,Manuela Zinsberger,2019-2020,0.0,0.0008169934640522876,0.22630718954248366,0.04330065359477124,0.0008169934640522876,0.2508169934640523,0.0008169934640522876,0.0008169934640522876,0.0008169934640522876,0.0,0.0,0.0008169934640522876,0.0016339869281045752,0.0008169934640522876,0.0988562091503268,0.0016339869281045752,0.0,0.0,0.0,0.0,0.0,0.3684640522875817,0.0,0.0,0.0032679738562091504,0.0,0.0,0.0,0.0,0.0,0.0,1224,96.63157894736842
10237,Manuela Zinsberger,2020-2021,0.0,0.0,0.2528548123980424,0.040783034257748776,0.0,0.26101141924959215,0.000543773790103317,0.000543773790103317,0.0,0.0,0.0,0.001087547580206634,0.0,0.000543773790103317,0.07449700924415444,0.0016313213703099511,0.0,0.000543773790103317,0.0,0.0,0.0,0.36541598694942906,0.0,0.0,0.000543773790103317,0.0,0.0,0.0,0.0,0.0,0.0,1839,134.01619433198383
10237,Manuela Zinsberger,2023-2024,0.0,0.0,0.24385964912280703,0.03625730994152047,0.0,0.25321637426900584,0.0,0.0,0.0,0.0,0.0,0.0023391812865497076,0.0,0.0,0.10701754385964912,0.006432748538011696,0.0,0.0005847953216374269,0.0,0.0,0.0,0.3502923976608187,0.0,0.0,0.0,0.0,0.0,0.0,0.0,0.0,0.0,1710,90.0
10251,Fara Williams,2019-2020,0.0,0.0,0.3018867924528302,0.03719676549865229,0.007008086253369272,0.21617250673854446,0.00431266846361186,0.012398921832884097,0.011859838274932614,0.0016172506738544475,0.019946091644204852,0.0,0.007547169811320755,0.0037735849056603774,0.0,0.00215633423180593,0.004851752021563342,0.013477088948787063,0.0,0.0,0.0,0.2668463611859838,0.0,0.0,0.0646900269541779,0.0,0.022641509433962263,0.0016172506738544475,42.0,4.904984027,0.11678533397619048,1855,131.4773980154355
10251,Fara Williams,2020-2021,0.0,0.0004952947003467063,0.2857850421000495,0.03566121842496285,0.003467062902426944,0.22734026745913818,0.004952947003467063,0.006934125804853888,0.009905894006934125,0.0029717682020802376,0.013868251609707775,0.0004952947003467063,0.004952947003467063,0.004952947003467063,0.0,0.0014858841010401188,0.0014858841010401188,0.006934125804853888,0.0,0.0,0.0,0.3026250619118375,0.0,0.0,0.06488360574541853,0.0004952947003467063,0.0158494304110946,0.004457652303120356,32.0,2.4416982901,0.076303071565625,2019,161.6061899679829
10252,Alex Greenwood,2020-2021,0.0,0.0,0.2659729448491155,0.023100936524453695,0.007492195629552549,0.2628511966701353,0.01768990634755463,0.002081165452653486,0.006867845993756503,0.002705515088449532,0.012278876170655567,0.0,0.003537981269510926,0.003537981269510926,0.0,0.0012486992715920915,0.004786680541103018,0.0022892819979188346,0.0,0.0,0.0,0.35109261186264307,0.0002081165452653486,0.0002081165452653486,0.029136316337148804,0.0006243496357960458,0.0022892819979188346,0.0,11.0,0.423489481,0.038499043727272725,4805,262.791686922703
10252,Alex Greenwood,2023-2024,0.00017056114617090227,0.00017056114617090227,0.28313150264369774,0.022855193586900906,0.006140201262152482,0.28227869691284324,0.010063107624083235,0.0013644891693672181,0.0028995394849053386,0.0005116834385127068,0.010063107624083235,0.00017056114617090227,0.0020467337540508272,0.0028995394849053386,0.0,0.00034112229234180454,0.0066518847006651885,0.0011939280231963159,0.0,0.0,0.0,0.3395872420262664,0.00017056114617090227,0.00017056114617090227,0.023537438171584515,0.0006822445846836091,0.0028995394849053386,0.0,17.0,1.126621022,0.0662718248235294,5863,277.72105263157897
10260,Lena Petermann,2023-2024,0.002094972067039106,0.00034916201117318437,0.32192737430167595,0.027583798882681563,0.015013966480446927,0.14629888268156424,0.011522346368715084,0.012569832402234637,0.007332402234636872,0.007332402234636872,0.02967877094972067,0.0,0.010125698324022346,0.00558659217877095,0.0,0.002094972067039106,0.002094972067039106,0.026187150837988827,0.0006983240223463687,0.0,0.0,0.16689944134078213,0.001047486033519553,0.001047486033519553,0.1878491620111732,0.0,0.0111731843575419,0.0034916201117318434,32.0,4.0558594050000005,0.12674560640625002,2864,162.27650465877613
10274,Nicoline Sørensen,2020-2021,0.00043308791684711995,0.0,0.2992637505413599,0.02468601126028584,0.0173235166738848,0.20701602425292334,0.0034647033347769596,0.0129926375054136,0.018189692507579038,0.00563014291901256,0.014724989172802079,0.0,0.00563014291901256,0.0034647033347769596,0.0,0.0,0.0038977912516240795,0.020355132091814637,0.0,0.0,0.0,0.22520571676050238,0.0,0.0,0.12732784755305326,0.00043308791684711995,0.0073624945864010395,0.00259852750108272,17.0,1.630198962,0.09589405658823529,2309,149.35316946959895
10274,Nicoline Sørensen,2023-2024,0.000999000999000999,0.0,0.3246753246753247,0.024975024975024976,0.007992007992007992,0.17882117882117882,0.001998001998001998,0.007992007992007992,0.00999000999000999,0.008991008991008992,0.014985014985014986,0.0,0.001998001998001998,0.003996003996003996,0.0,0.000999000999000999,0.002997002997002997,0.02097902097902098,0.0,0.0,0.0,0.2007992007992008,0.0,0.0,0.16683316683316685,0.0,0.013986013986013986,0.005994005994005994,14.0,1.013800632,0.07241433085714286,1001,135.98490566037736
10281,André Schürrle,2015-2016,0.0,0.0,0.3333333333333333,0.023809523809523808,0.01020408163265306,0.19387755102040816,0.0,0.017006802721088437,0.006802721088435374,0.0,0.02040816326530612,0.0,0.01020408163265306,0.01020408163265306,0.0,0.0,0.0,0.02040816326530612,0.0,0.0,0.0,0.17346938775510204,0.0,0.0,0.1564625850340136,0.0,0.023809523809523808,0.0,7.0,0.725866095,0.10369515642857143,294,139.26315789473682
10287,İlkay Gündoğan,2015-2016,0.012875536480686695,0.0,0.24892703862660945,0.02145922746781116,0.017167381974248927,0.21888412017167383,0.0,0.008583690987124463,0.008583690987124463,0.008583690987124463,0.017167381974248927,0.0,0.008583690987124463,0.02575107296137339,0.0,0.0,0.004291845493562232,0.008583690987124463,0.0,0.0,0.0,0.2446351931330472,0.0,0.0,0.12875536480686695,0.0,0.017167381974248927,0.0,4.0,0.18891661599999998,0.047229153999999995,233,220.73684210526318
10290,Fabián Cornelio Balbuena González,2024,0.002849002849002849,0.002849002849002849,0.22792022792022792,0.037037037037037035,0.014245014245014245,0.22792022792022792,0.02564102564102564,0.0,0.0,0.005698005698005698,0.042735042735042736,0.0,0.0,0.0,0.0,0.0,0.011396011396011397,0.0,0.0,0.0,0.0,0.33903133903133903,0.0,0.0,0.05128205128205128,0.0,0.011396011396011397,0.0,4.0,0.302620874,0.0756552185,351,0.0
10303,Patrick Mainka,2023-2024,0.0,0.0,0.2041522491349481,0.01730103806228374,0.04152249134948097,0.19377162629757785,0.03806228373702422,0.0034602076124567475,0.006920415224913495,0.010380622837370242,0.031141868512110725,0.0,0.0034602076124567475,0.0,0.0,0.0,0.0034602076124567475,0.0034602076124567475,0.0,0.0,0.0,0.2837370242214533,0.0,0.0,0.15916955017301038,0.0,0.0,0.0,0.0,0.0,0.0,289,136.89473684210526
10323,Alfa Semedo Esteves,2023,0.012698412698412698,0.0,0.26031746031746034,0.022222222222222223,0.006349206349206349,0.21587301587301588,0.009523809523809525,0.006349206349206349,0.009523809523809525,0.0031746031746031746,0.025396825396825397,0.0,0.009523809523809525,0.012698412698412698,0.0,0.0031746031746031746,0.012698412698412698,0.009523809523809525,0.0,0.0,0.0,0.23174603174603176,0.0031746031746031746,0.0031746031746031746,0.13015873015873017,0.0,0.009523809523809525,0.0031746031746031746,3.0,0.05379542,0.017931806666666664,315,0.0
10336,Alejandro Grimaldo García,2023-2024,0.0009021199819576004,0.00015035333032626674,0.28401744098631787,0.023755826191550145,0.009923319801533603,0.2498872350022553,0.006465193204029469,0.003307773267177868,0.006014133213050669,0.003458126597504135,0.009772966471207338,0.0,0.0022552999548940008,0.0045105999097880016,0.0,0.00030070666065253347,0.0043602465794617355,0.005563073222071869,0.00030070666065253347,0.0,0.0,0.3246128401744099,0.00015035333032626674,0.00015035333032626674,0.04826341903473162,0.0004510599909788002,0.010675086453164938,0.0007517666516313336,71.0,5.2094820464,0.07337298656901409,6651,0.0
10337,Yordan Hernando Osorio Paredes,2024,0.0016,0.0,0.2624,0.0272,0.0064,0.2384,0.0288,0.0016,0.0032,0.0016,0.024,0.0016,0.0048,0.0032,0.0,0.0,0.0048,0.0016,0.0,0.0,0.0,0.3408,0.0,0.0,0.04,0.0016,0.0048,0.0016,3.0,0.69815016,0.23271672,625,0.0
10380,Leonie Maier,2019-2020,0.0007733952049497294,0.0,0.25212683681361175,0.026295436968290797,0.0069605568445475635,0.23201856148491878,0.010054137664346482,0.007733952049497293,0.0069605568445475635,0.008507347254447023,0.016241299303944315,0.0,0.006187161639597835,0.007733952049497293,0.0,0.0015467904098994587,0.002320185614849188,0.0015467904098994587,0.0,0.0,0.0,0.3271461716937355,0.0,0.0,0.08120649651972157,0.0,0.0038669760247486465,0.0007733952049497294,5.0,0.162072408,0.0324144816,1293,157.59750812567714
10380,Leonie Maier,2020-2021,0.0009157509157509158,0.0,0.24084249084249085,0.02564102564102564,0.0173992673992674,0.21611721611721613,0.009157509157509158,0.008241758241758242,0.0009157509157509158,0.00641025641025641,0.016483516483516484,0.0,0.00641025641025641,0.005494505494505495,0.0,0.0,0.007326007326007326,0.008241758241758242,0.0,0.0,0.0,0.33974358974358976,0.0,0.0,0.08424908424908426,0.0,0.0027472527472527475,0.003663003663003663,3.0,0.095092512,0.031697504,1092,182.33766233766232
10382,Ingrid Moe Wold,2020-2021,0.0,0.0,0.24002659574468085,0.02892287234042553,0.007646276595744681,0.2081117021276596,0.022938829787234043,0.0019946808510638296,0.007313829787234043,0.005651595744680851,0.011303191489361703,0.0,0.0019946808510638296,0.0026595744680851063,0.0,0.0009973404255319148,0.012300531914893617,0.002327127659574468,0.0,0.0,0.0,0.3796542553191489,0.0003324468085106383,0.0003324468085106383,0.061170212765957445,0.0009973404255319148,0.0019946808510638296,0.0013297872340425532,6.0,0.150417604,0.025069600666666667,3008,150.10812309398392
10387,Lisa-Marie Utland,2019-2020,0.0,0.0,0.3804100227790433,0.03416856492027335,0.01366742596810934,0.15945330296127563,0.0,0.02733485193621868,0.002277904328018223,0.0,0.05011389521640091,0.0,0.018223234624145785,0.004555808656036446,0.0,0.002277904328018223,0.002277904328018223,0.009111617312072893,0.0,0.0,0.0,0.17312072892938496,0.002277904328018223,0.002277904328018223,0.11161731207289294,0.0,0.002277904328018223,0.004555808656036446,1.0,0.31772932,0.31772932,439,101.93498452012383
10395,Maren Nævdal Mjelde,2019-2020,0.0012690355329949238,0.0,0.26692047377326567,0.030879864636209814,0.00972927241962775,0.24746192893401014,0.012690355329949238,0.006345177664974619,0.01353637901861252,0.00338409475465313,0.010575296108291032,0.0,0.002961082910321489,0.004230118443316413,0.0,0.0,0.0038071065989847717,0.00676818950930626,0.0,0.0,0.0,0.3164128595600677,0.0,0.0,0.05710659898477157,0.00042301184433164127,0.005076142131979695,0.00042301184433164127,12.0,2.4629482235,0.20524568529166667,2364,0.0
10395,Maren Nævdal Mjelde,2020-2021,0.0,0.0,0.25161521895190236,0.026920315865039485,0.007896625987078248,0.24766690595836324,0.015434314429289303,0.003589375448671931,0.008255563531945441,0.005025125628140704,0.013280689160086146,0.0007178750897343862,0.005025125628140704,0.0017946877243359654,0.0,0.0,0.0021536252692031586,0.003230437903804738,0.0,0.0,0.0,0.36109117013639624,0.0,0.0,0.043072505384063174,0.0007178750897343862,0.0017946877243359654,0.0007178750897343862,5.0,1.660998943,0.3321997886,2786,0.0
10395,Maren Nævdal Mjelde,2023-2024,0.0017167381974248926,0.0,0.2798283261802575,0.01888412017167382,0.008583690987124463,0.26609442060085836,0.02145922746781116,0.0034334763948497852,0.002575107296137339,0.0034334763948497852,0.010300429184549357,0.0,0.004291845493562232,0.0034334763948497852,0.0,0.0,0.005150214592274678,0.0008583690987124463,0.0,0.0,0.0,0.3244635193133047,0.0,0.0,0.041201716738197426,0.0,0.0017167381974248926,0.002575107296137339,2.0,0.116719612,0.058359806,1165,0.0
10404,Noelle Maritz,2020-2021,0.0,0.0,0.2509283819628647,0.0259946949602122,0.009018567639257295,0.24615384615384617,0.011140583554376658,0.007427055702917772,0.015915119363395226,0.002652519893899204,0.01273209549071618,0.0,0.004244031830238726,0.004774535809018567,0.0,0.0,0.004244031830238726,0.002652519893899204,0.0,0.0,0.0,0.3384615384615385,0.0,0.0,0.05623342175066313,0.0015915119363395225,0.002652519893899204,0.003183023872679045,5.0,0.684538141,0.1369076282,1885,193.79712131596986
10404,Noelle Maritz,2023-2024,0.0026954177897574125,0.0,0.25202156334231807,0.01954177897574124,0.01650943396226415,0.22809973045822102,0.014824797843665768,0.006064690026954178,0.004380053908355795,0.0026954177897574125,0.018867924528301886,0.0,0.006064690026954178,0.0033692722371967657,0.0,0.0,0.0047169811320754715,0.0026954177897574125,0.0,0.0,0.0,0.3278301886792453,0.0,0.0,0.08591644204851752,0.0013477088948787063,0.0013477088948787063,0.0010107816711590297,4.0,0.146421253,0.03660531325,2968,174.62247499509706
10405,Lia Wälti,2019-2020,0.0,0.0,0.24871355060034306,0.03316180674671241,0.009719839908519153,0.2550028587764437,0.00686106346483705,0.005717552887364208,0.009719839908519153,0.008576329331046312,0.025157232704402517,0.0,0.004574042309891366,0.005717552887364208,0.0,0.0017152658662092624,0.004002287021154946,0.004002287021154946,0.0,0.0,0.0,0.2881646655231561,0.0,0.0,0.08690680388793597,0.0,0.0017152658662092624,0.0005717552887364208,3.0,0.17824997,0.05941665666666667,1749,187.54914809960684
10405,Lia Wälti,2020-2021,0.00024894199651481205,0.0,0.26362957430918593,0.02788150360965895,0.007966143888473986,0.26412745830221557,0.011202389843166542,0.006472491909385114,0.0069703759024147376,0.005476723923325865,0.020413243714214588,0.0,0.0024894199651481204,0.0069703759024147376,0.0,0.0009957679860592482,0.005476723923325865,0.0024894199651481204,0.0,0.0,0.0,0.309932785660941,0.0,0.0,0.0557630072193179,0.00024894199651481205,0.00024894199651481205,0.0009957679860592482,1.0,0.033620242,0.033620242,4017,219.32176656151418
10405,Lia Wälti,2023-2024,0.002556610664718773,0.0003652300949598247,0.24908692476260044,0.03360116873630387,0.011322132943754566,0.2512783053323594,0.009861212563915266,0.004747991234477721,0.00547845142439737,0.005843681519357195,0.018261504747991233,0.0,0.006574141709276844,0.007669831994156318,0.0,0.001095690284879474,0.008035062089116142,0.002191380569758948,0.0,0.0,0.0,0.2907231555880205,0.0003652300949598247,0.0003652300949598247,0.08692476260043827,0.0003652300949598247,0.0018261504747991235,0.0014609203798392988,5.0,0.314544227,0.0629088454,2738,204.51489750186735
10418,Eve Perisset,2023-2024,0.0008684324793747286,0.0,0.24489795918367346,0.026921406860616587,0.007381676074685193,0.24663482414242294,0.009552757273122015,0.0013026487190620929,0.0039079461571862786,0.0039079461571862786,0.016500217108119844,0.0004342162396873643,0.004342162396873643,0.0021710811984368217,0.0,0.0004342162396873643,0.0060790273556231,0.0013026487190620929,0.0,0.0,0.0,0.3556231003039514,0.0,0.0,0.06469821971341728,0.0008684324793747286,0.0008684324793747286,0.0013026487190620929,2.0,0.156902395,0.0784511975,2303,224.80477223427332
10448,Adam Ounas,2023,0.0,0.0,0.3302325581395349,0.018604651162790697,0.0,0.2651162790697674,0.0,0.018604651162790697,0.04186046511627907,0.0,0.013953488372093023,0.0,0.0,0.013953488372093023,0.0,0.0,0.0,0.018604651162790697,0.0,0.0,0.0,0.22325581395348837,0.0,0.0,0.04186046511627907,0.0,0.009302325581395349,0.004651162790697674,2.0,0.0364182407,0.01820912035,215,172.92225201072384
10480,Anthony Caci,2023-2024,0.0,0.0,0.22761194029850745,0.03731343283582089,0.014925373134328358,0.22014925373134328,0.007462686567164179,0.0,0.0037313432835820895,0.007462686567164179,0.014925373134328358,0.0,0.014925373134328358,0.0,0.0,0.0,0.011194029850746268,0.0037313432835820895,0.0,0.0,0.0,0.31716417910447764,0.0,0.0,0.11194029850746269,0.0037313432835820895,0.0037313432835820895,0.0,1.0,0.025662301,0.025662301,268,126.94736842105263
10483,Ørjan Håskjold Nyland,2015-2016,0.0,0.0,0.19658119658119658,0.05555555555555555,0.0,0.27350427350427353,0.0,0.0,0.0,0.004273504273504274,0.0,0.0,0.0,0.0,0.11965811965811966,0.004273504273504274,0.0,0.0,0.0,0.0,0.0,0.3418803418803419,0.0,0.0,0.004273504273504274,0.0,0.0,0.0,0.0,0.0,0.0,234,0.0
10514,Guro Reiten,2019-2020,0.0005112474437627812,0.0,0.2719836400817996,0.03374233128834356,0.012269938650306749,0.21012269938650308,0.00408997955010225,0.008691206543967281,0.014826175869120654,0.009713701431492843,0.01789366053169734,0.0,0.0035787321063394683,0.009713701431492843,0.0,0.0,0.0035787321063394683,0.01278118609406953,0.0005112474437627812,0.0,0.0,0.24591002044989774,0.0,0.0,0.12167689161554192,0.0005112474437627812,0.014314928425357873,0.0035787321063394683,28.0,2.707913684,0.09671120300000001,1956,141.590927370707
10514,Guro Reiten,2020-2021,0.0018867924528301887,0.0,0.279874213836478,0.028930817610062894,0.016981132075471698,0.1918238993710692,0.005031446540880503,0.006289308176100629,0.010062893081761006,0.00880503144654088,0.02012578616352201,0.0006289308176100629,0.005031446540880503,0.00440251572327044,0.0,0.0,0.007547169811320755,0.01761006289308176,0.0,0.0,0.0,0.259748427672956,0.0,0.0,0.11257861635220126,0.0,0.018238993710691823,0.00440251572327044,29.0,2.6015088285,0.08970720098275863,1590,151.33248730964465
10514,Guro Reiten,2023-2024,0.0005461496450027307,0.0,0.3173129437465866,0.025122883670125613,0.012561441835062807,0.20480611687602404,0.006007646095030038,0.007646095030038231,0.010376843255051884,0.005461496450027308,0.017476788640087382,0.0,0.0032768978700163844,0.006007646095030038,0.0,0.0005461496450027307,0.004369197160021846,0.012015292190060076,0.0005461496450027307,0.0,0.0,0.2468596395412343,0.0,0.0,0.09994538503549973,0.0,0.015292190060076462,0.0038230475150191155,28.0,5.518741027,0.19709789382142856,1831,150.4381960927515
10516,Frida Maanum,2023-2024,0.0014461315979754157,0.0007230657989877079,0.30585683297180044,0.03253796095444685,0.005061460592913955,0.2096890817064353,0.0014461315979754157,0.011569052783803326,0.010845986984815618,0.005061460592913955,0.015184381778741865,0.0,0.007953723788864787,0.0036153289949385392,0.0,0.0021691973969631237,0.006507592190889371,0.01373825018076645,0.0007230657989877079,0.0,0.0,0.21258134490238612,0.0007230657989877079,0.0007230657989877079,0.11713665943600868,0.0,0.02964569775849602,0.005061460592913955,41.0,2.622705814,0.06396843448780488,1383,146.5905075962784
10530,Jules Olivier Ntcham,2023,0.005208333333333333,0.0,0.2795138888888889,0.026041666666666668,0.008680555555555556,0.24305555555555555,0.008680555555555556,0.0,0.003472222222222222,0.006944444444444444,0.012152777777777778,0.0,0.001736111111111111,0.006944444444444444,0.0,0.0,0.003472222222222222,0.005208333333333333,0.0,0.0,0.0,0.3090277777777778,0.0,0.0,0.07118055555555555,0.0,0.008680555555555556,0.0,5.0,0.121409542,0.0242819084,576,0.0
10573,Jonathan Buatu Mananga,2023,0.0,0.0,0.22587719298245615,0.02631578947368421,0.019736842105263157,0.21271929824561403,0.04824561403508772,0.0,0.0,0.006578947368421052,0.02412280701754386,0.0,0.015350877192982455,0.0043859649122807015,0.0,0.0,0.006578947368421052,0.0,0.0,0.0,0.0,0.31359649122807015,0.0021929824561403508,0.0021929824561403508,0.08552631578947369,0.0,0.006578947368421052,0.0,3.0,0.56800329,0.18933443000000003,456,0.0
10577,Jacinto Muondo Dala,2023,0.0,0.0,0.3037475345167653,0.03550295857988166,0.007889546351084813,0.22090729783037474,0.0039447731755424065,0.023668639053254437,0.01972386587771203,0.0019723865877712033,0.01775147928994083,0.0,0.013806706114398421,0.021696252465483234,0.0,0.0039447731755424065,0.0039447731755424065,0.02564102564102564,0.0,0.0,0.0,0.16370808678500987,0.0019723865877712033,0.0019723865877712033,0.10059171597633136,0.0,0.01775147928994083,0.009861932938856016,9.0,1.5216910620000001,0.16907678466666667,507,0.0
10595,Raphael Dias Belloli,2024,0.00468384074941452,0.0,0.27634660421545665,0.0234192037470726,0.0,0.22716627634660422,0.00468384074941452,0.00468384074941452,0.02576112412177986,0.00936768149882904,0.00936768149882904,0.0,0.00936768149882904,0.01405152224824356,0.0,0.00234192037470726,0.00468384074941452,0.0117096018735363,0.0,0.0,0.0,0.2529274004683841,0.0,0.0,0.0936768149882904,0.00234192037470726,0.01873536299765808,0.00468384074941452,8.0,0.8367528120000001,0.10459410150000001,427,0.0
10598,Jovane Eduardo Borges Cabral,2023,0.0,0.0,0.27972027972027974,0.03671328671328671,0.008741258741258742,0.21328671328671328,0.0,0.008741258741258742,0.017482517482517484,0.0017482517482517483,0.02972027972027972,0.0,0.013986013986013986,0.013986013986013986,0.0,0.006993006993006993,0.0034965034965034965,0.022727272727272728,0.0,0.0,0.0,0.19755244755244755,0.0017482517482517483,0.0017482517482517483,0.11713286713286714,0.0017482517482517483,0.015734265734265736,0.006993006993006993,9.0,0.724079656,0.08045329511111111,572,0.0
10648,Shanice van de Sanden,2023-2024,0.0010615711252653928,0.0010615711252653928,0.3248407643312102,0.03078556263269639,0.014861995753715499,0.16878980891719744,0.0,0.025477707006369428,0.013800424628450107,0.004246284501061571,0.02335456475583864,0.0,0.0,0.006369426751592357,0.0,0.0010615711252653928,0.0031847133757961785,0.025477707006369428,0.0,0.0,0.0,0.1326963906581741,0.0,0.0,0.2059447983014862,0.0010615711252653928,0.010615711252653927,0.005307855626326964,10.0,1.565708272,0.15657082719999998,942,159.4508181305247
10650,Jill Roord,2019-2020,0.0,0.0,0.2893491124260355,0.028402366863905324,0.007100591715976331,0.24792899408284025,0.0035502958579881655,0.008875739644970414,0.010059171597633136,0.008875739644970414,0.017159763313609466,0.0,0.008875739644970414,0.0035502958579881655,0.0,0.001183431952662722,0.001183431952662722,0.01242603550295858,0.0,0.0,0.0,0.24023668639053256,0.0,0.0,0.09940828402366864,0.0,0.011242603550295858,0.000591715976331361,19.0,2.430664613,0.1279297164736842,1690,167.19797735517204
10650,Jill Roord,2020-2021,0.0004020908725371934,0.0,0.2983514274225975,0.03498190591073583,0.009650180940892641,0.23562525130679535,0.0036188178528347406,0.014475271411338963,0.012062726176115802,0.006433453960595094,0.013671089666264576,0.0,0.004422999597909127,0.006031363088057901,0.0,0.0012062726176115801,0.0048250904704463205,0.010052271813429835,0.0,0.0,0.0,0.24688379573783675,0.0,0.0,0.07760353839967833,0.0,0.017289907519099316,0.0024125452352231603,43.0,6.093292473,0.14170447611627907,2487,162.5018150137941
10650,Jill Roord,2023-2024,0.003289473684210526,0.0005482456140350877,0.2746710526315789,0.03344298245614035,0.01206140350877193,0.22094298245614036,0.0043859649122807015,0.010964912280701754,0.008771929824561403,0.008223684210526315,0.022478070175438597,0.0,0.003289473684210526,0.0043859649122807015,0.0,0.0005482456140350877,0.0043859649122807015,0.009868421052631578,0.0,0.0,0.0,0.2461622807017544,0.0,0.0,0.11348684210526316,0.0,0.014802631578947368,0.003289473684210526,27.0,4.361307711,0.16152991522222224,1824,174.4712509299607
10651,Kika van Es,2019-2020,0.0,0.0,0.2125984251968504,0.03937007874015748,0.015748031496062992,0.2152230971128609,0.04330708661417323,0.0026246719160104987,0.006561679790026247,0.014435695538057743,0.014435695538057743,0.0026246719160104987,0.0026246719160104987,0.0013123359580052493,0.0,0.0,0.009186351706036745,0.003937007874015748,0.0,0.0,0.0,0.3123359580052493,0.0,0.0,0.09711286089238845,0.0013123359580052493,0.0013123359580052493,0.003937007874015748,1.0,0.021841602,0.021841602,762,102.63394193355282
10654,Jackie Groenen,2019-2020,0.0005837711617046118,0.0,0.2574430823117338,0.050204319906596614,0.01576182136602452,0.21891418563922943,0.002335084646818447,0.011091652072387624,0.017513134851138354,0.0099241097489784,0.01634559252772913,0.0,0.008172796263864565,0.009340338587273789,0.0,0.002335084646818447,0.002335084646818447,0.01926444833625219,0.0,0.0,0.0,0.21015761821366025,0.0017513134851138354,0.0017513134851138354,0.1336835960303561,0.0,0.008756567425569177,0.002335084646818447,15.0,1.616507417,0.10776716113333333,1713,144.91023592442897
10654,Jackie Groenen,2020-2021,0.0006856359273225917,0.0,0.24305793623585875,0.04628042509427494,0.014741172437435722,0.22763112787110046,0.005142269454919438,0.00994172094617758,0.013027082619129242,0.01062735687350017,0.0164552622557422,0.0,0.006856359273225917,0.0075419952005485085,0.0,0.0023997257456290708,0.005827905382242029,0.00994172094617758,0.00034281796366129587,0.0,0.0,0.25197120329105244,0.00034281796366129587,0.00034281796366129587,0.12272883099074391,0.0,0.002742543709290367,0.0013712718546451835,8.0,0.588261956,0.0735327445,2917,153.1144290213461
10658,Danielle van de Donk,2019-2020,0.0008908685968819599,0.0,0.28596881959910914,0.024053452115812918,0.008017817371937639,0.23207126948775056,0.0017817371937639199,0.016035634743875277,0.009799554565701559,0.010690423162583519,0.014699331848552339,0.0,0.0026726057906458797,0.008463251670378619,0.0,0.00044543429844097997,0.004899777282850779,0.009354120267260579,0.0,0.0,0.0,0.24187082405345212,0.0,0.0,0.12026726057906459,0.0,0.0075723830734966595,0.00044543429844097997,17.0,2.807950662,0.16517356835294117,2245,149.9888649691931
10658,Danielle van de Donk,2020-2021,0.0,0.0,0.2830342577487765,0.033442088091353996,0.01468189233278956,0.21859706362153344,0.004893964110929853,0.006933115823817292,0.0065252854812398045,0.006933115823817292,0.020799347471451877,0.0004078303425774878,0.00367047308319739,0.006117455138662317,0.0,0.0032626427406199023,0.0032626427406199023,0.013050570962479609,0.0,0.0,0.0,0.25856443719412725,0.0,0.0,0.10562805872756934,0.0004078303425774878,0.0065252854812398045,0.0032626427406199023,16.0,1.712726089,0.1070453805625,2452,166.626396858955
10790,Adelino André Vieira Freitas,2015-2016,0.0033444816053511705,0.0,0.2709030100334448,0.020066889632107024,0.030100334448160536,0.20066889632107024,0.010033444816053512,0.016722408026755852,0.013377926421404682,0.006688963210702341,0.023411371237458192,0.0,0.0,0.010033444816053512,0.0,0.0,0.010033444816053512,0.0033444816053511705,0.0,0.0,0.0,0.27424749163879597,0.0,0.0,0.10033444816053512,0.0,0.0033444816053511705,0.0033444816053511705,1.0,0.029802794,0.029802794,299,0.0
10836,Sergio Fernando Peña Flores,2024,0.00211864406779661,0.00211864406779661,0.2457627118644068,0.025423728813559324,0.01694915254237288,0.21610169491525424,0.00211864406779661,0.00423728813559322,0.00847457627118644,0.00423728813559322,0.01694915254237288,0.0,0.014830508474576272,0.00847457627118644,0.0,0.0,0.012711864406779662,0.01059322033898305,0.0,0.0,0.0,0.2860169491525424,0.0,0.0,0.11864406779661017,0.0,0.00211864406779661,0.00211864406779661,1.0,0.005737929,0.005737929,472,0.0
10844,Alfredo Kulembe Ribeiro,2023,0.0029282576866764276,0.0,0.22108345534407028,0.029282576866764276,0.014641288433382138,0.18740849194729137,0.010248901903367497,0.004392386530014641,0.007320644216691069,0.016105417276720352,0.017569546120058566,0.0,0.010248901903367497,0.016105417276720352,0.0,0.0014641288433382138,0.005856515373352855,0.004392386530014641,0.0,0.0,0.0,0.2869692532942899,0.0,0.0,0.15080527086383602,0.0,0.005856515373352855,0.007320644216691069,4.0,0.397270034,0.0993175085,683,0.0
10848,Reinildo Isnard Mandava,2023,0.002207505518763797,0.0,0.23178807947019867,0.033112582781456956,0.01545253863134658,0.24724061810154527,0.02207505518763797,0.002207505518763797,0.004415011037527594,0.004415011037527594,0.01545253863134658,0.0,0.017660044150110375,0.013245033112582781,0.0,0.0,0.017660044150110375,0.004415011037527594,0.0,0.0,0.0,0.30242825607064017,0.0,0.0,0.06181015452538632,0.0,0.004415011037527594,0.0,2.0,0.086473097,0.0432365485,453,0.0
10854,Euciodálcio Gomes,2023,0.0,0.0,0.3203125,0.0078125,0.0,0.21484375,0.0,0.015625,0.0078125,0.00390625,0.0078125,0.0,0.0078125,0.03125,0.0,0.00390625,0.00390625,0.0078125,0.0,0.0,0.0,0.23046875,0.0,0.0,0.12109375,0.0,0.01171875,0.00390625,3.0,0.102611429,0.03420380966666667,256,0.0
10865,Witiness Chimoio João Quembo,2023,0.0,0.0,0.32231404958677684,0.03305785123966942,0.01652892561983471,0.2024793388429752,0.004132231404958678,0.024793388429752067,0.012396694214876033,0.008264462809917356,0.01652892561983471,0.0,0.008264462809917356,0.02066115702479339,0.0,0.004132231404958678,0.0,0.024793388429752067,0.0,0.0,0.0,0.17768595041322313,0.0,0.0,0.09504132231404959,0.0,0.01652892561983471,0.012396694214876033,4.0,0.26494335049999995,0.06623583762499999,242,0.0
10896,Marc Stendera,2015-2016,0.0,0.0,0.19718309859154928,0.04929577464788732,0.007042253521126761,0.16549295774647887,0.0,0.014084507042253521,0.017605633802816902,0.014084507042253521,0.045774647887323945,0.0,0.01056338028169014,0.007042253521126761,0.0,0.0,0.0035211267605633804,0.007042253521126761,0.0,0.0,0.0,0.176056338028169,0.0,0.0,0.2711267605633803,0.0,0.01056338028169014,0.0035211267605633804,3.0,0.122453282,0.04081776066666667,284,182.57142857142856
10956,Eric Dier,2023-2024,0.0,0.0,0.3,0.0058823529411764705,0.0058823529411764705,0.27647058823529413,0.011764705882352941,0.0,0.0,0.0,0.011764705882352941,0.0,0.011764705882352941,0.0029411764705882353,0.0,0.0,0.0,0.0,0.0,0.0,0.0,0.35,0.0,0.0,0.023529411764705882,0.0,0.0,0.0,0.0,0.0,0.0,340,322.10526315789474
11132,Claudio Miguel Pizarro Bossio,2015-2016,0.0,0.0,0.38562091503267976,0.03594771241830065,0.013071895424836602,0.1503267973856209,0.013071895424836602,0.00980392156862745,0.0196078431372549,0.0,0.05228758169934641,0.0,0.013071895424836602,0.0,0.0,0.0,0.0,0.02287581699346405,0.0,0.0,0.0,0.1895424836601307,0.0,0.0,0.0784313725490196,0.0,0.013071895424836602,0.0032679738562091504,4.0,1.2194896229999999,0.30487240574999996,306,0.0
11175,Diogo Filipe Monteiro Pinto Leite,2023-2024,0.003205128205128205,0.0,0.22115384615384615,0.035256410256410256,0.022435897435897436,0.21474358974358973,0.01282051282051282,0.0,0.00641025641025641,0.00641025641025641,0.022435897435897436,0.0,0.009615384615384616,0.01282051282051282,0.0,0.0,0.016025641025641024,0.00641025641025641,0.0,0.0,0.0,0.28525641025641024,0.0,0.0,0.12179487179487179,0.0,0.003205128205128205,0.0,1.0,0.07846915,0.07846915,312,0.0
11187,Stephen Antunes Eustáquio,2024,0.002224694104560623,0.0,0.24805339265850945,0.026696329254727477,0.012235817575083427,0.21023359288097887,0.012235817575083427,0.0033370411568409346,0.0055617352614015575,0.006674082313681869,0.018909899888765295,0.0,0.013348164627363738,0.002224694104560623,0.0,0.006674082313681869,0.0055617352614015575,0.004449388209121246,0.0,0.0,0.0,0.3092324805339266,0.0,0.0,0.1067853170189099,0.0,0.004449388209121246,0.0011123470522803114,4.0,1.18728356,0.29682089,899,179.40133037694014
11277,Victor James Osimhen,2023,0.00258732212160414,0.0,0.4049159120310479,0.029754204398447608,0.00258732212160414,0.129366106080207,0.009055627425614488,0.009055627425614488,0.016817593790426907,0.00129366106080207,0.027166882276843468,0.0,0.0258732212160414,0.02069857697283312,0.0,0.01164294954721863,0.00129366106080207,0.028460543337645538,0.00129366106080207,0.0,0.0,0.11254851228978008,0.00517464424320828,0.00517464424320828,0.11901681759379043,0.0,0.031047865459249677,0.00517464424320828,24.0,3.1125595417,0.12968998090416667,773,0.0
11278,Karim Onisiwo,2023-2024,0.003472222222222222,0.0,0.375,0.010416666666666666,0.003472222222222222,0.13194444444444445,0.003472222222222222,0.013888888888888888,0.013888888888888888,0.006944444444444444,0.04861111111111111,0.0,0.010416666666666666,0.024305555555555556,0.0,0.0,0.0,0.03125,0.0,0.0,0.0,0.125,0.0,0.0,0.17708333333333334,0.0,0.013888888888888888,0.006944444444444444,4.0,0.192694513,0.04817362825,288,156.14457831325302
11285,Ibrahima Traoré,2015-2016,0.0,0.0,0.2852233676975945,0.027491408934707903,0.010309278350515464,0.23367697594501718,0.006872852233676976,0.006872852233676976,0.024054982817869417,0.003436426116838488,0.024054982817869417,0.0,0.003436426116838488,0.006872852233676976,0.0,0.0,0.0,0.020618556701030927,0.0,0.0,0.0,0.22336769759450173,0.0,0.0,0.09965635738831616,0.0,0.01718213058419244,0.006872852233676976,5.0,0.30487175299999997,0.06097435059999999,291,209.85576923076923
11286,Dominik Maroh,2015-2016,0.006430868167202572,0.0,0.24115755627009647,0.03858520900321544,0.006430868167202572,0.2347266881028939,0.02572347266881029,0.003215434083601286,0.0,0.0,0.03536977491961415,0.0,0.0,0.0,0.0,0.0,0.012861736334405145,0.006430868167202572,0.0,0.0,0.0,0.31189710610932475,0.0,0.0,0.05466237942122187,0.0,0.022508038585209004,0.0,7.0,0.722935086,0.10327644085714285,311,147.31578947368422
11338,Caitlin Jade Foord,2020-2021,0.0009442870632672333,0.0,0.3243626062322946,0.032577903682719546,0.009442870632672332,0.22521246458923513,0.00141643059490085,0.021246458923512748,0.017469310670443813,0.0066100094428706326,0.015108593012275733,0.0,0.008970727101038715,0.008970727101038715,0.0,0.00141643059490085,0.0028328611898017,0.024551463644948063,0.0,0.0,0.0,0.18696883852691218,0.00047214353163361664,0.00047214353163361664,0.08923512747875353,0.00047214353163361664,0.017469310670443813,0.003777148253068933,37.0,7.583340851,0.20495515813513512,2118,153.4411977783144
11338,Caitlin Jade Foord,2023-2024,0.0013067624959163672,0.0003266906239790918,0.29369487095720354,0.03462920614178373,0.011434171839268212,0.24011760862463247,0.0009800718719372753,0.01633453119895459,0.022868343678536424,0.003266906239790918,0.01470107807905913,0.0,0.010127409343351846,0.005227049983665469,0.0,0.0,0.003266906239790918,0.014374387455080039,0.0,0.0,0.0,0.20777523685070237,0.0,0.0,0.10062071218556028,0.0,0.016007840574975497,0.0029402156158118264,49.0,5.2193362465,0.10651706625510204,3061,0.0
11382,Tim Kleindienst,2023-2024,0.0,0.0,0.36099585062240663,0.02074688796680498,0.012448132780082987,0.1078838174273859,0.008298755186721992,0.012448132780082987,0.0,0.004149377593360996,0.05394190871369295,0.0,0.016597510373443983,0.0,0.0,0.0,0.004149377593360996,0.016597510373443983,0.0,0.0,0.0,0.17842323651452283,0.0,0.0,0.18672199170124482,0.0,0.012448132780082987,0.004149377593360996,3.0,0.545285775,0.181761925,241,123.23863636363637
11391,Borja Iglesias Quintas,2023-2024,0.0,0.0,0.35038363171355497,0.017902813299232736,0.005115089514066497,0.1918158567774936,0.0025575447570332483,0.010230179028132993,0.005115089514066497,0.0025575447570332483,0.028132992327365727,0.0,0.0076726342710997444,0.0076726342710997444,0.0,0.005115089514066497,0.0025575447570332483,0.020460358056265986,0.0,0.0,0.0,0.1969309462915601,0.0,0.0,0.12276214833759591,0.0,0.020460358056265986,0.0025575447570332483,8.0,1.191540991,0.148942623875,391,0.0
11394,Stefan Kießling,2015-2016,0.001966292134831461,0.0,0.3851123595505618,0.02359550561797753,0.009831460674157303,0.12443820224719102,0.006179775280898876,0.01348314606741573,0.011797752808988765,0.0044943820224719105,0.056460674157303374,0.0,0.01348314606741573,0.020786516853932586,0.0,0.0028089887640449437,0.0022471910112359553,0.020786516853932586,0.0002808988764044944,0.0,0.0,0.17808988764044945,0.0011235955056179776,0.0011235955056179776,0.10926966292134832,0.0,0.011235955056179775,0.0014044943820224719,40.0,8.303001422,0.20757503554999998,3560,159.4426474247325
11395,Lukas Rupp,2015-2016,0.0,0.0,0.25142857142857145,0.037142857142857144,0.03142857142857143,0.15142857142857144,0.005714285714285714,0.011428571428571429,0.014285714285714285,0.008571428571428572,0.037142857142857144,0.002857142857142857,0.005714285714285714,0.011428571428571429,0.0,0.0,0.002857142857142857,0.011428571428571429,0.0,0.0,0.0,0.21428571428571427,0.002857142857142857,0.002857142857142857,0.18857142857142858,0.0,0.008571428571428572,0.0,3.0,0.648796387,0.21626546233333332,350,165.78947368421052
11456,Lautaro Javier Martínez,2024,0.0,0.0,0.3291139240506329,0.028481012658227847,0.022151898734177215,0.16455696202531644,0.00949367088607595,0.03164556962025317,0.022151898734177215,0.0,0.028481012658227847,0.0,0.02531645569620253,0.015822784810126583,0.0,0.0031645569620253164,0.006329113924050633,0.0189873417721519,0.0,0.0,0.0,0.12341772151898735,0.0031645569620253164,0.0031645569620253164,0.12658227848101267,0.0,0.03481012658227848,0.0031645569620253164,11.0,2.888439742,0.2625854310909091,316,0.0
11492,Temitayo Olufisayo Olaoluwa Aina,2023,0.0011049723756906078,0.0,0.2176795580110497,0.032044198895027624,0.014364640883977901,0.20773480662983426,0.01878453038674033,0.008839779005524863,0.0077348066298342545,0.0055248618784530384,0.02541436464088398,0.0,0.0077348066298342545,0.011049723756906077,0.0,0.0011049723756906078,0.0077348066298342545,0.008839779005524863,0.0,0.0,0.0,0.31933701657458563,0.0,0.0,0.09502762430939227,0.0033149171270718232,0.004419889502762431,0.0022099447513812156,4.0,1.098638466,0.2746596165,905,0.0
12034,David Raum,2023-2024,0.0,0.0,0.24607329842931938,0.015706806282722512,0.020942408376963352,0.2486910994764398,0.005235602094240838,0.005235602094240838,0.010471204188481676,0.002617801047120419,0.013089005235602094,0.0,0.002617801047120419,0.0,0.0,0.0,0.010471204188481676,0.0,0.0,0.0,0.0,0.3586387434554974,0.0,0.0,0.05759162303664921,0.002617801047120419,0.0,0.0,0.0,0.0,0.0,382,180.94736842105263
12111,Rayan Aït Nouri,2023,0.0015082956259426848,0.0,0.2594268476621418,0.021116138763197588,0.004524886877828055,0.25339366515837103,0.006033182503770739,0.00904977375565611,0.015082956259426848,0.0,0.016591251885369532,0.0,0.012066365007541479,0.015082956259426848,0.0,0.0030165912518853697,0.0030165912518853697,0.004524886877828055,0.0,0.0,0.0,0.3076923076923077,0.0015082956259426848,0.0015082956259426848,0.06033182503770739,0.0,0.004524886877828055,0.0,3.0,0.069728709,0.023242903,663,209.3684210526316
12149,Nayef Aguerd,2023,0.0,0.0,0.30479896238651105,0.016861219195849545,0.0038910505836575876,0.2594033722438392,0.01556420233463035,0.0012970168612191958,0.0,0.0,0.009079118028534372,0.0,0.0025940337224383916,0.0025940337224383916,0.0,0.0038910505836575876,0.0025940337224383916,0.0012970168612191958,0.0,0.0,0.0,0.34889753566796367,0.0012970168612191958,0.0012970168612191958,0.023346303501945526,0.0,0.0012970168612191958,0.0,1.0,0.064011805,0.064011805,771,182.60526315789477
12259,Denis Odoi,2023,0.005681818181818182,0.0,0.23295454545454544,0.022727272727272728,0.019886363636363636,0.1903409090909091,0.03409090909090909,0.005681818181818182,0.008522727272727272,0.011363636363636364,0.019886363636363636,0.0,0.019886363636363636,0.005681818181818182,0.0,0.0,0.002840909090909091,0.0,0.0,0.0,0.0,0.30113636363636365,0.0,0.0,0.11647727272727272,0.0,0.0,0.002840909090909091,0.0,0.0,0.0,352,121.19357306809489
12299,Marvin Ducksch,2023-2024,0.0,0.0,0.37142857142857144,0.014285714285714285,0.0,0.15714285714285714,0.01904761904761905,0.004761904761904762,0.0,0.004761904761904762,0.004761904761904762,0.0,0.004761904761904762,0.009523809523809525,0.0,0.0,0.0,0.004761904761904762,0.0,0.0,0.0,0.2619047619047619,0.0,0.0,0.14285714285714285,0.0,0.0,0.0,0.0,0.0,0.0,210,99.47368421052633
12303,Kevin Stöger,2023-2024,0.0,0.0,0.27314814814814814,0.027777777777777776,0.0,0.24537037037037038,0.0,0.009259259259259259,0.004629629629629629,0.0,0.018518518518518517,0.0,0.004629629629629629,0.013888888888888888,0.0,0.0,0.013888888888888888,0.004629629629629629,0.0,0.0,0.0,0.2962962962962963,0.0,0.0,0.08333333333333333,0.0,0.004629629629629629,0.0,1.0,0.038659126,0.038659126,216,204.6315789473684
12323,Florian Neuhaus,2023-2024,0.0,0.0,0.21912350597609562,0.043824701195219126,0.00796812749003984,0.20717131474103587,0.01195219123505976,0.00796812749003984,0.00398406374501992,0.01195219123505976,0.0199203187250996,0.0,0.00398406374501992,0.0199203187250996,0.0,0.00398406374501992,0.00796812749003984,0.00796812749003984,0.0,0.0,0.0,0.24302788844621515,0.0,0.0,0.16733067729083664,0.0,0.00398406374501992,0.00796812749003984,1.0,0.038628068,0.038628068,251,155.4714384033035
12327,John Anthony Brooks,2015-2016,0.0,0.0,0.2796934865900383,0.01532567049808429,0.007662835249042145,0.2835249042145594,0.01532567049808429,0.0,0.0,0.0,0.011494252873563218,0.0,0.0,0.0038314176245210726,0.0,0.007662835249042145,0.0,0.0,0.0,0.0,0.0,0.3371647509578544,0.0,0.0,0.03065134099616858,0.0,0.007662835249042145,0.0,2.0,0.172291976,0.086145988,261,0.0
12352,Matthew Charles Turner,2024,0.0,0.0,0.19911504424778761,0.02654867256637168,0.0,0.19469026548672566,0.0,0.0,0.0,0.0,0.0,0.0,0.0,0.004424778761061947,0.1415929203539823,0.03982300884955752,0.0,0.0,0.0,0.0,0.0,0.3893805309734513,0.0,0.0,0.0,0.0,0.0,0.004424778761061947,0.0,0.0,0.0,226,0.0
12365,Alphonso Davies,2023-2024,0.004651162790697674,0.0,0.2837209302325581,0.009302325581395349,0.009302325581395349,0.2651162790697674,0.009302325581395349,0.004651162790697674,0.013953488372093023,0.004651162790697674,0.013953488372093023,0.0,0.009302325581395349,0.004651162790697674,0.0,0.0,0.018604651162790697,0.013953488372093023,0.0,0.0,0.0,0.28837209302325584,0.0,0.0,0.046511627906976744,0.0,0.0,0.0,0.0,0.0,0.0,215,203.2563025210084
12365,Alphonso Davies,2024,0.001310615989515072,0.0,0.2162516382699869,0.04980340760157274,0.01834862385321101,0.2437745740498034,0.009174311926605505,0.015727391874180863,0.027522935779816515,0.0,0.01310615989515072,0.0,0.005242463958060288,0.007863695937090432,0.0,0.002621231979030144,0.009174311926605505,0.007863695937090432,0.0,0.0,0.0,0.28440366972477066,0.001310615989515072,0.001310615989515072,0.07339449541284404,0.0,0.010484927916120577,0.001310615989515072,8.0,1.9673806759999999,0.24592258449999999,763,141.7044985555097
12387,Julian Ryerson,2023-2024,0.0036231884057971015,0.0,0.18840579710144928,0.05434782608695652,0.021739130434782608,0.2318840579710145,0.021739130434782608,0.014492753623188406,0.010869565217391304,0.007246376811594203,0.03260869565217391,0.0,0.0036231884057971015,0.021739130434782608,0.0,0.0,0.014492753623188406,0.007246376811594203,0.0,0.0,0.0,0.2536231884057971,0.0,0.0,0.10507246376811594,0.0,0.007246376811594203,0.0,2.0,0.407171217,0.2035856085,276,130.73684210526318
12407,Maximilian Mittelstädt,2023-2024,0.0,0.0,0.23249299719887956,0.008403361344537815,0.022408963585434174,0.23529411764705882,0.0028011204481792717,0.0056022408963585435,0.0056022408963585435,0.014005602240896359,0.036414565826330535,0.0,0.011204481792717087,0.0,0.0,0.0,0.022408963585434174,0.0,0.0,0.0,0.0,0.31092436974789917,0.0,0.0,0.08683473389355742,0.0,0.0028011204481792717,0.0028011204481792717,1.0,0.023887914,0.023887914,357,188.2249560632689
12411,Arne Maier,2023-2024,0.0,0.0,0.22869955156950672,0.017937219730941704,0.013452914798206279,0.21973094170403587,0.008968609865470852,0.004484304932735426,0.013452914798206279,0.004484304932735426,0.004484304932735426,0.0,0.0,0.0,0.0,0.0,0.004484304932735426,0.008968609865470852,0.0,0.0,0.0,0.242152466367713,0.0,0.0,0.2242152466367713,0.0,0.0,0.004484304932735426,0.0,0.0,0.0,223,161.98547215496367
12418,Lucas Höler,2023-2024,0.0037735849056603774,0.0,0.32452830188679244,0.04905660377358491,0.018867924528301886,0.1471698113207547,0.011320754716981131,0.0037735849056603774,0.007547169811320755,0.01509433962264151,0.052830188679245285,0.0,0.018867924528301886,0.007547169811320755,0.0,0.0,0.007547169811320755,0.007547169811320755,0.0,0.0,0.0,0.22264150943396227,0.0,0.0,0.08679245283018867,0.0,0.011320754716981131,0.0037735849056603774,3.0,0.266401384,0.08880046133333334,265,140.2941176470588
12420,Frederik Rønnow,2023-2024,0.0,0.00425531914893617,0.19574468085106383,0.0425531914893617,0.0,0.2127659574468085,0.0,0.0,0.0,0.0,0.0,0.0,0.0,0.0,0.18723404255319148,0.0,0.0,0.0,0.0,0.0,0.0,0.3446808510638298,0.0,0.0,0.00425531914893617,0.0,0.00851063829787234,0.0,2.0,0.20156666,0.10078333,235,111.31578947368422
12422,Manuel Gulde,2023-2024,0.004901960784313725,0.0,0.27941176470588236,0.014705882352941176,0.0,0.24019607843137256,0.0392156862745098,0.0,0.0,0.004901960784313725,0.029411764705882353,0.0,0.004901960784313725,0.00980392156862745,0.0,0.0,0.00980392156862745,0.004901960784313725,0.0,0.0,0.0,0.30392156862745096,0.0,0.0,0.04411764705882353,0.0,0.00980392156862745,0.0,2.0,0.34743501,0.173717505,204,148.42360549717057
12496,Christian Kouamé,2023,0.0,0.007220216606498195,0.3971119133574007,0.02527075812274368,0.007220216606498195,0.1407942238267148,0.0036101083032490976,0.010830324909747292,0.010830324909747292,0.007220216606498195,0.02527075812274368,0.0,0.01444043321299639,0.0036101083032490976,0.0,0.007220216606498195,0.0,0.021660649819494584,0.0036101083032490976,0.0,0.0,0.1552346570397112,0.0,0.0,0.1263537906137184,0.0036101083032490976,0.018050541516245487,0.010830324909747292,5.0,1.384620867,0.2769241734,277,103.31537505180273
12498,Omar Colley,2023,0.0,0.0,0.2288135593220339,0.025423728813559324,0.025423728813559324,0.2175141242937853,0.06779661016949153,0.0,0.0,0.0,0.01694915254237288,0.0,0.011299435028248588,0.011299435028248588,0.0,0.00847457627118644,0.014124293785310734,0.002824858757062147,0.0,0.0,0.0,0.2740112994350282,0.00847457627118644,0.00847457627118644,0.06779661016949153,0.002824858757062147,0.005649717514124294,0.002824858757062147,2.0,0.17653805,0.088269025,354,123.34494773519162
12557,Falaye Sacko,2023,0.0,0.0,0.238544474393531,0.02830188679245283,0.009433962264150943,0.2371967654986523,0.012129380053908356,0.008086253369272238,0.006738544474393531,0.0013477088948787063,0.013477088948787063,0.0,0.005390835579514825,0.008086253369272238,0.0,0.0,0.005390835579514825,0.005390835579514825,0.0,0.0,0.0,0.330188679245283,0.0,0.0,0.09029649595687332,0.0,0.0,0.0,0.0,0.0,0.0,742,175.73684210526318
12603,Miguel Ángel Almirón Rejala,2024,0.008849557522123894,0.0,0.2079646017699115,0.04424778761061947,0.008849557522123894,0.21238938053097345,0.004424778761061947,0.0,0.01327433628318584,0.004424778761061947,0.02654867256637168,0.0,0.017699115044247787,0.008849557522123894,0.0,0.004424778761061947,0.008849557522123894,0.02654867256637168,0.0,0.0,0.0,0.19911504424778761,0.004424778761061947,0.004424778761061947,0.17699115044247787,0.0,0.004424778761061947,0.01327433628318584,1.0,0.032701593,0.032701593,226,0.0
12626,Emiliano Adrián Insúa Zapata,2015-2016,0.0,0.0,0.18944099378881987,0.052795031055900624,0.024844720496894408,0.19254658385093168,0.009316770186335404,0.006211180124223602,0.021739130434782608,0.015527950310559006,0.012422360248447204,0.0,0.012422360248447204,0.012422360248447204,0.0,0.006211180124223602,0.015527950310559006,0.0,0.0,0.0,0.0,0.32298136645962733,0.0,0.0,0.10559006211180125,0.0,0.0,0.0,0.0,0.0,0.0,322,0.0
12630,Ridle Bote Baku,2023-2024,0.0033783783783783786,0.0033783783783783786,0.28040540540540543,0.006756756756756757,0.010135135135135136,0.21283783783783783,0.02027027027027027,0.0,0.0033783783783783786,0.0033783783783783786,0.02027027027027027,0.0,0.013513513513513514,0.013513513513513514,0.0,0.0,0.02364864864864865,0.010135135135135136,0.0,0.0,0.0,0.27364864864864863,0.0,0.0,0.0945945945945946,0.0,0.006756756756756757,0.0,2.0,0.134731178,0.067365589,296,0.0
12751,Tyler Adams,2024,0.0,0.0,0.2029520295202952,0.04797047970479705,0.02952029520295203,0.1881918819188192,0.014760147601476014,0.0036900369003690036,0.0036900369003690036,0.007380073800738007,0.014760147601476014,0.0,0.01845018450184502,0.007380073800738007,0.0,0.0,0.0036900369003690036,0.007380073800738007,0.0,0.0,0.0,0.3173431734317343,0.0,0.0,0.12546125461254612,0.0,0.0,0.007380073800738007,0.0,0.0,0.0,271,131.83783783783784
12770,Jonathan Osorio,2024,0.0038095238095238095,0.0,0.24952380952380954,0.02095238095238095,0.02095238095238095,0.2038095238095238,0.007619047619047619,0.005714285714285714,0.0038095238095238095,0.0038095238095238095,0.02095238095238095,0.0019047619047619048,0.007619047619047619,0.007619047619047619,0.0,0.0019047619047619048,0.0019047619047619048,0.0038095238095238095,0.0,0.0,0.0,0.29523809523809524,0.0,0.0,0.13142857142857142,0.0,0.0038095238095238095,0.0038095238095238095,2.0,0.6755532200000001,0.33777661000000003,525,140.37433155080214
13014,Anatoliy Tymoshchuk,2011-2012,0.0,0.0,0.25316455696202533,0.016877637130801686,0.008438818565400843,0.25316455696202533,0.004219409282700422,0.0,0.0,0.016877637130801686,0.012658227848101266,0.0,0.0,0.004219409282700422,0.0,0.0,0.008438818565400843,0.004219409282700422,0.0,0.0,0.0,0.33755274261603374,0.0,0.0,0.07172995780590717,0.0,0.008438818565400843,0.0,2.0,0.0175204438,0.0087602219,237,224.5263157894737
13294,Robin Koch,2023-2024,0.0,0.0,0.298050139275766,0.002785515320334262,0.005571030640668524,0.2757660167130919,0.027855153203342618,0.0,0.0,0.002785515320334262,0.011142061281337047,0.0,0.002785515320334262,0.0,0.0,0.002785515320334262,0.008356545961002786,0.0,0.0,0.0,0.0,0.32590529247910865,0.002785515320334262,0.002785515320334262,0.027855153203342618,0.0,0.0,0.002785515320334262,0.0,0.0,0.0,359,204.49367088607596
13329,Silas Katompa Mvumpa,2023,0.008902077151335312,0.0,0.2818991097922849,0.02967359050445104,0.020771513353115726,0.20771513353115728,0.005934718100890208,0.02373887240356083,0.01483679525222552,0.005934718100890208,0.020771513353115726,0.0,0.01483679525222552,0.008902077151335312,0.0,0.0,0.005934718100890208,0.026706231454005934,0.0,0.0,0.0,0.1513353115727003,0.0,0.0,0.1513353115727003,0.0,0.01483679525222552,0.005934718100890208,5.0,1.84593537,0.369187074,337,133.90728476821192
13435,Andy Jorman Polo Andrade,2024,0.0,0.0,0.22264150943396227,0.026415094339622643,0.01509433962264151,0.20754716981132076,0.007547169811320755,0.0037735849056603774,0.01509433962264151,0.007547169811320755,0.018867924528301886,0.0,0.01509433962264151,0.007547169811320755,0.0,0.007547169811320755,0.022641509433962263,0.011320754716981131,0.0,0.0,0.0,0.2943396226415094,0.0,0.0,0.11320754716981132,0.0,0.0,0.0037735849056603774,0.0,0.0,0.0,265,0.0
13454,Nouhou Tolo,2023,0.0,0.0,0.22371967654986524,0.03773584905660377,0.018867924528301886,0.2210242587601078,0.0431266846361186,0.008086253369272238,0.01078167115902965,0.005390835579514825,0.0215633423180593,0.0,0.005390835579514825,0.016172506738544475,0.0,0.0026954177897574125,0.008086253369272238,0.0026954177897574125,0.0,0.0,0.0,0.2830188679245283,0.0026954177897574125,0.0026954177897574125,0.07547169811320754,0.0026954177897574125,0.008086253369272238,0.0,3.0,0.137241428,0.045747142666666664,371,116.54450261780106
13493,Cristian Sleiker Cásseres Yepes,2024,0.0041841004184100415,0.0,0.200836820083682,0.05439330543933055,0.0041841004184100415,0.22594142259414227,0.0041841004184100415,0.02092050209205021,0.008368200836820083,0.008368200836820083,0.029288702928870293,0.0,0.012552301255230125,0.012552301255230125,0.0,0.0041841004184100415,0.0041841004184100415,0.012552301255230125,0.0,0.0,0.0,0.2594142259414226,0.0,0.0,0.11715481171548117,0.0,0.008368200836820083,0.008368200836820083,2.0,0.075228715,0.0376143575,239,0.0
13581,Emilio Nsue López,2023,0.0,0.0,0.4444444444444444,0.01084010840108401,0.008130081300813009,0.13550135501355012,0.01084010840108401,0.0,0.005420054200542005,0.0027100271002710027,0.056910569105691054,0.0,0.016260162601626018,0.01084010840108401,0.0,0.0027100271002710027,0.0,0.013550135501355014,0.0,0.0,0.0,0.15989159891598917,0.0,0.0,0.0921409214092141,0.0,0.024390243902439025,0.005420054200542005,9.0,2.9520512869999997,0.3280056985555555,369,0.0
13620,Éder Gabriel Militão,2024,0.0,0.0,0.26626323751891073,0.015128593040847202,0.009077155824508321,0.24962178517397882,0.02723146747352496,0.0,0.0030257186081694403,0.0015128593040847202,0.019667170953101363,0.0,0.009077155824508321,0.007564296520423601,0.0,0.0,0.01664145234493192,0.0030257186081694403,0.0,0.0,0.0,0.3207261724659607,0.0,0.0,0.046898638426626324,0.0,0.0030257186081694403,0.0015128593040847202,2.0,0.848519414,0.424259707,661,0.0
13857,Tinja-Riikka Tellervo Korpela,2019-2020,0.0,0.0,0.18011811023622049,0.05905511811023622,0.0,0.234251968503937,0.0,0.0,0.0,0.0,0.0,0.0,0.0,0.0,0.1437007874015748,0.000984251968503937,0.0,0.0,0.0,0.0,0.0,0.3799212598425197,0.0,0.0,0.001968503937007874,0.0,0.0,0.0,0.0,0.0,0.0,1016,87.50239234449761
13857,Tinja-Riikka Tellervo Korpela,2020-2021,0.0,0.0,0.2488619119878604,0.03490136570561457,0.0,0.2701062215477997,0.0,0.0,0.0,0.0,0.0,0.0,0.0,0.0,0.08801213960546282,0.0030349013657056147,0.0,0.0,0.0,0.0,0.0,0.3550834597875569,0.0,0.0,0.0,0.0,0.0,0.0,0.0,0.0,0.0,659,129.86643310707248
13861,Nora Heroum,2020-2021,0.0,0.0,0.30218068535825543,0.02336448598130841,0.018691588785046728,0.1806853582554517,0.00778816199376947,0.003115264797507788,0.006230529595015576,0.014018691588785047,0.029595015576323987,0.0,0.00778816199376947,0.004672897196261682,0.0,0.0,0.004672897196261682,0.012461059190031152,0.0,0.0,0.0,0.22897196261682243,0.0,0.0,0.13707165109034267,0.001557632398753894,0.010903426791277258,0.006230529595015576,7.0,0.8712742689999999,0.1244677527142857,642,119.55307262569832
15116,Paolo Maldini,2004-2005,0.004291845493562232,0.0,0.26180257510729615,0.02145922746781116,0.0,0.23605150214592274,0.008583690987124463,0.004291845493562232,0.012875536480686695,0.008583690987124463,0.04721030042918455,0.0,0.004291845493562232,0.0,0.0,0.0,0.004291845493562232,0.004291845493562232,0.0,0.0,0.0,0.31759656652360513,0.0,0.0,0.05150214592274678,0.0,0.012875536480686695,0.0,3.0,0.117497831,0.03916594366666667,233,220.73684210526318
15155,Janis Blaswich,2023-2024,0.0,0.0,0.23102310231023102,0.0297029702970297,0.0,0.25412541254125415,0.0,0.0,0.0,0.0,0.0,0.0,0.0,0.0,0.1188118811881188,0.009900990099009901,0.0,0.0,0.0,0.0,0.0,0.3564356435643564,0.0,0.0,0.0,0.0,0.0,0.0,0.0,0.0,0.0,303,143.5263157894737
15218,Jessica Anne Clarke,2019-2020,0.0,0.0,0.32299270072992703,0.025547445255474453,0.009124087591240875,0.2281021897810219,0.0,0.016423357664233577,0.02737226277372263,0.005474452554744526,0.020072992700729927,0.0,0.016423357664233577,0.016423357664233577,0.0,0.0,0.0036496350364963502,0.025547445255474453,0.0,0.0,0.0,0.15693430656934307,0.0,0.0,0.11313868613138686,0.0,0.0072992700729927005,0.005474452554744526,4.0,0.36270102200000004,0.09067525550000001,548,0.0
15290,Ashley Elizabeth Marie Lawrence,2023-2024,0.0009685230024213075,0.0,0.25278450363196125,0.027602905569007265,0.006295399515738499,0.2334140435835351,0.01162227602905569,0.008716707021791767,0.011138014527845037,0.001937046004842615,0.020338983050847456,0.00048426150121065375,0.006295399515738499,0.00387409200968523,0.0,0.00048426150121065375,0.003389830508474576,0.006295399515738499,0.0,0.0,0.0,0.3026634382566586,0.0,0.0,0.09685230024213075,0.0,0.002421307506053269,0.002421307506053269,5.0,0.731609811,0.1463219622,2065,0.0
15357,Kadeisha Buchanan,2023-2024,0.0017777777777777779,0.0,0.2551111111111111,0.03288888888888889,0.008,0.2577777777777778,0.014222222222222223,0.0026666666666666666,0.0008888888888888889,0.0026666666666666666,0.02311111111111111,0.0,0.0017777777777777779,0.005333333333333333,0.0,0.0,0.009777777777777778,0.0017777777777777779,0.0,0.0,0.0,0.328,0.0,0.0,0.050666666666666665,0.0,0.0017777777777777779,0.0017777777777777779,2.0,0.20441036,0.10220518,1125,213.51750316322227
15402,Gary Neville,1999-2000,0.0,0.0,0.3137254901960784,0.00980392156862745,0.0,0.25980392156862747,0.004901960784313725,0.0,0.0,0.004901960784313725,0.004901960784313725,0.0,0.004901960784313725,0.0,0.0,0.0,0.0,0.0,0.0,0.0,0.0,0.3872549019607843,0.0,0.0,0.00980392156862745,0.0,0.0,0.0,0.0,0.0,0.0,204,193.26315789473685
15421,Kenza Dali,2019-2020,0.0005649717514124294,0.0005649717514124294,0.28700564971751413,0.03502824858757062,0.012429378531073447,0.2384180790960452,0.006779661016949152,0.01694915254237288,0.01807909604519774,0.007344632768361582,0.012994350282485875,0.0,0.005084745762711864,0.0062146892655367235,0.0,0.0,0.001694915254237288,0.01694915254237288,0.0,0.0,0.0,0.24350282485875707,0.0,0.0,0.08135593220338982,0.0,0.00847457627118644,0.0005649717514124294,15.0,1.740658031,0.11604386873333333,1770,128.8001293661061
15421,Kenza Dali,2020-2021,0.0011156563778356265,0.0003718854592785422,0.29825213834139086,0.039419858683525474,0.008181480104127928,0.22573447378207512,0.002231312755671253,0.014875418371141688,0.021569356638155446,0.003718854592785422,0.012272220156191893,0.0,0.005578281889178133,0.004834510970621049,0.0,0.0011156563778356265,0.004462625511342506,0.019338043882484196,0.0,0.0,0.0,0.23837857939754556,0.0,0.0,0.08590554109334325,0.0,0.011156563778356266,0.0014875418371141688,30.0,2.4463242903999998,0.08154414301333332,2689,169.74819386967806
15421,Kenza Dali,2023-2024,0.0011207621182404036,0.0002801905295601009,0.2905575791538246,0.03502381619501261,0.007284953768562623,0.2513309050154105,0.0030820958251611096,0.012328383300644438,0.009246287475483329,0.0033622863547212102,0.005884001120762118,0.0002801905295601009,0.0014009526478005044,0.005323620061641917,0.0,0.0,0.0047632390025217144,0.011487811711964136,0.0,0.0,0.0,0.27963014850098067,0.0,0.0,0.06864667974222471,0.0,0.007565144298122724,0.0014009526478005044,27.0,1.423045034,0.052705371629629634,3569,215.64954682779458
15452,Carlos Uriel Antuna Romero,2024,0.006802721088435374,0.003401360544217687,0.3163265306122449,0.034013605442176874,0.017006802721088437,0.19387755102040816,0.003401360544217687,0.003401360544217687,0.003401360544217687,0.0,0.023809523809523808,0.0,0.003401360544217687,0.0,0.0,0.0,0.003401360544217687,0.006802721088435374,0.0,0.0,0.0,0.2857142857142857,0.0,0.0,0.08163265306122448,0.0,0.006802721088435374,0.006802721088435374,2.0,0.08697321499999999,0.043486607499999996,294,0.0
15458,Sepp van den Berg,2023-2024,0.0,0.0,0.24475524475524477,0.017482517482517484,0.024475524475524476,0.2202797202797203,0.038461538461538464,0.0,0.0034965034965034965,0.0,0.038461538461538464,0.0034965034965034965,0.0,0.0034965034965034965,0.0,0.0,0.027972027972027972,0.0034965034965034965,0.0,0.0034965034965034965,0.0,0.32167832167832167,0.0,0.0,0.04895104895104895,0.0,0.0,0.0,0.0,0.0,0.0,286,135.47368421052633
15481,Alexander Martín Marquinho Callens Asín,2024,0.003472222222222222,0.0,0.2152777777777778,0.024305555555555556,0.027777777777777776,0.2013888888888889,0.024305555555555556,0.0,0.017361111111111112,0.006944444444444444,0.03125,0.0,0.010416666666666666,0.010416666666666666,0.0,0.003472222222222222,0.0,0.0,0.0,0.0,0.0,0.3263888888888889,0.0,0.0,0.09027777777777778,0.003472222222222222,0.0,0.003472222222222222,0.0,0.0,0.0,288,0.0
15547,Melissa Lawley,2019-2020,0.0005834305717619603,0.0,0.2322053675612602,0.047841306884480746,0.012252042007001166,0.21353558926487748,0.0,0.01575262543757293,0.03325554259043174,0.013418903150525088,0.015169194865810968,0.0,0.010501750291715286,0.009334889148191364,0.0,0.0011668611435239206,0.004084014002333722,0.01633605600933489,0.0,0.0,0.0,0.1866977829638273,0.0,0.0,0.17736289381563594,0.0005834305717619603,0.008168028004667444,0.001750291715285881,14.0,1.3405581727,0.09575415519285714,1714,121.56028368794325
15547,Melissa Lawley,2023-2024,0.0018450184501845018,0.0018450184501845018,0.283210332103321,0.03874538745387454,0.01014760147601476,0.1974169741697417,0.0009225092250922509,0.011992619926199263,0.026752767527675275,0.004612546125461255,0.017527675276752766,0.0,0.01107011070110701,0.0036900369003690036,0.0,0.0009225092250922509,0.0036900369003690036,0.017527675276752766,0.0009225092250922509,0.0,0.0,0.16236162361623616,0.0,0.0,0.1918819188191882,0.0009225092250922509,0.007380073800738007,0.004612546125461255,8.0,0.221133531,0.027641691375,1084,152.12848900670514
15549,Sophie Louise Ingle,2019-2020,0.0009852216748768472,0.0,0.2482758620689655,0.03891625615763547,0.010344827586206896,0.22610837438423645,0.017733990147783252,0.0024630541871921183,0.004433497536945813,0.006896551724137931,0.015763546798029555,0.0,0.008866995073891626,0.0034482758620689655,0.0,0.0009852216748768472,0.003940886699507389,0.0034482758620689655,0.0,0.0,0.0,0.3221674876847291,0.0,0.0,0.07536945812807881,0.0,0.007881773399014778,0.0019704433497536944,16.0,2.404666044,0.15029162775,2030,183.10282621767888
15549,Sophie Louise Ingle,2020-2021,0.0,0.0,0.26356925749023014,0.028658271819366043,0.007815892314372557,0.2323056882327399,0.011723838471558836,0.0013026487190620929,0.0026052974381241857,0.004342162396873643,0.01606600086843248,0.0004342162396873643,0.00998697351280938,0.004776378636561007,0.0,0.0008684324793747286,0.006513243595310464,0.0026052974381241857,0.0,0.0,0.0,0.3300043421623969,0.0,0.0,0.0694745983499783,0.0,0.0060790273556231,0.0008684324793747286,14.0,0.952781831,0.06805584507142858,2303,171.65217391304347
15549,Sophie Louise Ingle,2023-2024,0.0015839493136219642,0.0,0.27243928194297784,0.026399155227032733,0.013199577613516367,0.2317845828933474,0.007391763463569166,0.0015839493136219642,0.0005279831045406547,0.0031678986272439284,0.014255543822597676,0.0,0.0005279831045406547,0.0021119324181626186,0.0,0.0021119324181626186,0.005279831045406547,0.0015839493136219642,0.0,0.0,0.0,0.3310454065469905,0.0,0.0,0.0791974656810982,0.0,0.003695881731784583,0.0021119324181626186,7.0,0.653002483,0.093286069,1894,0.0
15550,Bethany England,2019-2020,0.0015698587127158557,0.0,0.3338566195709053,0.03192046049188906,0.00837257980115123,0.16535845107273678,0.004186289900575615,0.007849293563579277,0.010465724751439037,0.0052328623757195184,0.02773417059131345,0.0,0.004709576138147566,0.004186289900575615,0.0,0.0005232862375719519,0.0005232862375719519,0.02040816326530612,0.0,0.0,0.0,0.1794871794871795,0.0,0.0,0.1554160125588697,0.0,0.037153322867608585,0.0010465724751439038,71.0,12.550793216,0.17677173543661973,1911,124.07300533833501
15550,Bethany England,2020-2021,0.0,0.0,0.3686274509803922,0.02857142857142857,0.017366946778711485,0.16134453781512606,0.00392156862745098,0.011204481792717087,0.009523809523809525,0.007282913165266107,0.032492997198879554,0.0,0.002240896358543417,0.0033613445378151263,0.0,0.002240896358543417,0.0011204481792717086,0.017366946778711485,0.0005602240896358543,0.0,0.0,0.19103641456582632,0.0005602240896358543,0.0005602240896358543,0.115406162464986,0.0,0.02296918767507003,0.002240896358543417,41.0,6.556558668,0.15991606507317074,1785,150.76013513513516
15550,Bethany England,2023-2024,0.008004926108374385,0.0,0.3078817733990148,0.02401477832512315,0.01600985221674877,0.18411330049261085,0.011699507389162561,0.011083743842364532,0.009852216748768473,0.003078817733990148,0.02894088669950739,0.0006157635467980296,0.0012315270935960591,0.0049261083743842365,0.0,0.0006157635467980296,0.0024630541871921183,0.023399014778325122,0.0,0.0,0.0,0.18657635467980296,0.0,0.0,0.15270935960591134,0.0,0.019088669950738917,0.003694581280788177,31.0,5.138543846,0.16575947890322582,1624,138.47465656087164
15554,Gemma Bonner,2019-2020,0.0006391818472355385,0.0,0.2914669223394056,0.016618728028124002,0.008309364014062001,0.28028124001278365,0.023969319271332695,0.0019175455417066154,0.0015979546180888463,0.0031959092361776927,0.008309364014062001,0.00031959092361776926,0.002556727388942154,0.001278363694471077,0.0,0.0006391818472355385,0.003515500159795462,0.0015979546180888463,0.0,0.0,0.0,0.32246724193032916,0.0,0.0,0.02620645573665708,0.0006391818472355385,0.0044742729306487695,0.0,14.0,1.8010048220000001,0.12864320157142858,3129,185.2697368421053
15554,Gemma Bonner,2020-2021,0.0,0.0,0.29069767441860467,0.008527131782945736,0.008527131782945736,0.27209302325581397,0.011627906976744186,0.0007751937984496124,0.0015503875968992248,0.0031007751937984496,0.017829457364341085,0.0015503875968992248,0.002325581395348837,0.005426356589147287,0.0,0.0015503875968992248,0.0015503875968992248,0.002325581395348837,0.0,0.0,0.0,0.33410852713178296,0.0,0.0,0.03178294573643411,0.0,0.0031007751937984496,0.0015503875968992248,4.0,0.451775875,0.11294396875,1290,225.52447552447555
15554,Gemma Bonner,2023-2024,0.0003937007874015748,0.0,0.23031496062992127,0.026771653543307086,0.01732283464566929,0.2125984251968504,0.06653543307086614,0.001968503937007874,0.003937007874015748,0.004724409448818898,0.024803149606299212,0.0,0.00905511811023622,0.001968503937007874,0.0,0.004330708661417323,0.006299212598425197,0.0015748031496062992,0.0,0.0003937007874015748,0.0,0.2996062992125984,0.0007874015748031496,0.0007874015748031496,0.07716535433070866,0.0,0.0066929133858267716,0.001968503937007874,17.0,1.184212667,0.06965956864705881,2540,134.45477002705564
15555,Lauren Hemp,2019-2020,0.0,0.0,0.24242424242424243,0.026049973418394472,0.019670388091440724,0.21371610845295055,0.003189792663476874,0.014885699096225412,0.020202020202020204,0.006911217437533227,0.03083466241360978,0.000531632110579479,0.007442849548112706,0.006379585326953748,0.0,0.000531632110579479,0.011164274322169059,0.013290802764486975,0.0,0.0,0.0,0.2025518341307815,0.0,0.0,0.16640085061137694,0.000531632110579479,0.011164274322169059,0.002126528442317916,21.0,2.9161328855,0.13886347073809524,1881,142.92106373997467
15555,Lauren Hemp,2020-2021,0.0009385265133740028,0.0,0.28390427029563586,0.03050211168465509,0.015016424213984044,0.22853120600656968,0.0028155795401220087,0.011731581417175035,0.02674800563115908,0.005631159080244017,0.02346316283435007,0.0,0.004692632566870014,0.008916001877053027,0.0,0.002346316283435007,0.0070389488503050214,0.011262318160488035,0.0,0.0,0.0,0.21679962458939464,0.0004692632566870014,0.0004692632566870014,0.1018301267010793,0.0004692632566870014,0.012670107930549039,0.003754106053496011,27.0,3.802502101,0.14083341114814815,2131,174.71986881661655
15555,Lauren Hemp,2023-2024,0.0017953321364452424,0.0002992220227408737,0.2869539198084979,0.03141831238779174,0.014063435068821066,0.23758228605625373,0.0017953321364452424,0.016756433273488927,0.016756433273488927,0.002094554159186116,0.01944943147815679,0.0,0.003590664272890485,0.008677438659485339,0.0,0.0014961101137043686,0.003590664272890485,0.017055655296229804,0.0002992220227408737,0.0,0.0,0.20825852782764812,0.0008976660682226212,0.0008976660682226212,0.10532615200478755,0.0008976660682226212,0.018850987432675045,0.0011968880909634949,63.0,7.06814718,0.11219281238095238,3342,163.06858227161834
15556,Chantelle Boye-Hlorkah,2019-2020,0.0,0.0,0.2845100105374078,0.04741833508956796,0.01685985247629083,0.1970495258166491,0.004214963119072708,0.01791359325605901,0.03477344573234984,0.006322444678609062,0.026343519494204427,0.0,0.006322444678609062,0.002107481559536354,0.0,0.0,0.0,0.020021074815595362,0.0,0.0,0.0,0.1791359325605901,0.0,0.0,0.1475237091675448,0.0,0.008429926238145416,0.001053740779768177,8.0,0.69300697,0.08662587125,949,129.62513279708605
15556,Chantelle Boye-Hlorkah,2020-2021,0.0,0.0,0.3230240549828179,0.013745704467353952,0.010309278350515464,0.18213058419243985,0.003436426116838488,0.013745704467353952,0.027491408934707903,0.006872852233676976,0.024054982817869417,0.0,0.01718213058419244,0.0,0.0,0.003436426116838488,0.003436426116838488,0.010309278350515464,0.0,0.0,0.0,0.18213058419243985,0.0,0.0,0.16151202749140894,0.0,0.01718213058419244,0.0,5.0,0.282437475,0.056487495,291,120.91412742382272
15557,Emma Follis,2020-2021,0.0016542597187758478,0.0,0.2696443341604632,0.034739454094292806,0.01240694789081886,0.20926385442514475,0.0016542597187758478,0.015715467328370553,0.02729528535980149,0.017369727047146403,0.019851116625310174,0.0,0.004962779156327543,0.0024813895781637717,0.0,0.0008271298593879239,0.0033085194375516956,0.021505376344086023,0.0,0.0,0.0,0.20926385442514475,0.0,0.0,0.13564929693961952,0.0,0.006617038875103391,0.005789909015715467,8.0,0.569948518,0.07124356475,1209,141.7350527549824
15559,Simone Magill,2019-2020,0.0008605851979345956,0.0,0.31411359724612736,0.027538726333907058,0.01549053356282272,0.1686746987951807,0.0017211703958691911,0.014629948364888123,0.01721170395869191,0.00774526678141136,0.0387263339070568,0.0,0.004302925989672977,0.008605851979345954,0.0,0.0,0.0025817555938037868,0.0189328743545611,0.0008605851979345956,0.0,0.0008605851979345956,0.14888123924268504,0.0,0.0,0.19535283993115318,0.0,0.011187607573149742,0.0017211703958691911,13.0,1.507370363,0.11595156638461537,1162,111.17253109386625
15559,Simone Magill,2020-2021,0.0016570008285004142,0.0,0.323943661971831,0.03148301574150787,0.01739850869925435,0.1632145816072908,0.0033140016570008283,0.021541010770505385,0.004971002485501243,0.007456503728251864,0.03811101905550953,0.0,0.004142502071251036,0.009942004971002486,0.0,0.0016570008285004142,0.0033140016570008283,0.030654515327257662,0.0008285004142502071,0.0,0.0,0.15575807787903895,0.0,0.0,0.1623860811930406,0.0008285004142502071,0.0115990057995029,0.00579950289975145,14.0,3.189442622,0.22781733014285716,1207,149.6899545266639
15559,Simone Magill,2023-2024,0.002105263157894737,0.0,0.3031578947368421,0.02,0.022105263157894735,0.16631578947368422,0.007368421052631579,0.02736842105263158,0.009473684210526316,0.002105263157894737,0.03684210526315789,0.0,0.004210526315789474,0.003157894736842105,0.0,0.0010526315789473684,0.004210526315789474,0.015789473684210527,0.0,0.0,0.0,0.1736842105263158,0.0010526315789473684,0.0010526315789473684,0.18842105263157893,0.0,0.005263157894736842,0.005263157894736842,5.0,0.331121402,0.0662242804,950,163.13680595306238
15560,Ann-Katrin Berger,2019-2020,0.0,0.0,0.2127659574468085,0.05831363278171789,0.0,0.24428684003152087,0.0,0.0,0.0,0.0,0.0,0.0,0.0,0.0031520882584712374,0.10401891252955082,0.003940110323089046,0.0,0.0,0.0,0.0,0.0,0.3727344365642238,0.0,0.0,0.0007880220646178094,0.0,0.0,0.0,0.0,0.0,0.0,1269,92.47773279352226
15560,Ann-Katrin Berger,2020-2021,0.0,0.0,0.22549609140108237,0.05772699939867709,0.0,0.22790138304269392,0.0006013229104028864,0.0006013229104028864,0.0006013229104028864,0.0006013229104028864,0.0,0.0024052916416115455,0.0,0.0,0.09981960312687914,0.003006614552014432,0.0,0.0,0.0,0.0,0.0,0.38063740228502707,0.0,0.0,0.0006013229104028864,0.0,0.0,0.0,0.0,0.0,0.0,1663,92.6749226006192
15560,Ann-Katrin Berger,2023-2024,0.0,0.0,0.23713235294117646,0.03308823529411765,0.0,0.2555147058823529,0.0,0.0,0.0,0.0,0.0,0.001838235294117647,0.003676470588235294,0.0,0.10477941176470588,0.001838235294117647,0.0,0.0,0.0,0.0,0.0,0.36213235294117646,0.0,0.0,0.0,0.0,0.0,0.0,0.0,0.0,0.0,544,103.07368421052631
15562,Lucy Staniforth,2019-2020,0.002067539627842867,0.0,0.23845623707787733,0.03652653342522398,0.010337698139214336,0.2315644383184011,0.004824259131633356,0.007580978635423846,0.012405237767057202,0.008270158511371467,0.012405237767057202,0.0,0.0013783597518952446,0.011026878015161957,0.0,0.0006891798759476223,0.007580978635423846,0.00895933838731909,0.0,0.0,0.0,0.2694693314955203,0.0,0.0,0.12198483804272915,0.0,0.014472777394900068,0.0,21.0,0.5004496629,0.02383093632857143,1451,137.46315789473684
15562,Lucy Staniforth,2020-2021,0.0,0.0,0.2608089260808926,0.03626220362622036,0.0041841004184100415,0.21478382147838215,0.003486750348675035,0.005578800557880056,0.011157601115760111,0.011854951185495118,0.009762900976290097,0.0,0.008368200836820083,0.009762900976290097,0.0,0.001394700139470014,0.00906555090655509,0.014644351464435146,0.0,0.0,0.0,0.27615062761506276,0.0,0.0,0.10808926080892609,0.0,0.011157601115760111,0.003486750348675035,16.0,0.90078511,0.056299069375,1434,180.85762331838563
15562,Lucy Staniforth,2023-2024,0.0011641443538998836,0.0,0.24330616996507567,0.041327124563445866,0.007566938300349243,0.22351571594877764,0.00989522700814901,0.009313154831199068,0.005820721769499418,0.006984866123399301,0.014551804423748545,0.0,0.005820721769499418,0.004656577415599534,0.0,0.0011641443538998836,0.00989522700814901,0.007566938300349243,0.0,0.0,0.0,0.29627473806752036,0.0005820721769499418,0.0005820721769499418,0.10477299185098952,0.0,0.004074505238649592,0.0011641443538998836,7.0,0.1191691111,0.01702415872857143,1718,198.71481814676775
15563,Charlie Wellings,2019-2020,0.0013966480446927375,0.0,0.29120111731843573,0.04329608938547486,0.011871508379888268,0.1941340782122905,0.009078212290502794,0.0223463687150838,0.01675977653631285,0.009776536312849162,0.023743016759776536,0.0006983240223463687,0.00558659217877095,0.012569832402234637,0.0,0.002094972067039106,0.004888268156424581,0.0223463687150838,0.0,0.0,0.0,0.1627094972067039,0.002094972067039106,0.002094972067039106,0.1494413407821229,0.0,0.01047486033519553,0.0013966480446927375,15.0,1.568404015,0.10456026766666666,1432,106.45960680654223
15563,Charlie Wellings,2020-2021,0.0015060240963855422,0.0,0.2996987951807229,0.04618473895582329,0.010542168674698794,0.18022088353413654,0.00853413654618474,0.012550200803212851,0.01355421686746988,0.011546184738955823,0.024096385542168676,0.0,0.0030120481927710845,0.008032128514056224,0.0,0.0035140562248995983,0.009538152610441768,0.016566265060240965,0.0,0.0,0.0,0.18825301204819278,0.0,0.0,0.14407630522088352,0.001004016064257028,0.014056224899598393,0.0035140562248995983,28.0,3.102124216,0.11079015057142858,1992,117.47591900923925
15564,Lucy Quinn,2019-2020,0.0,0.0,0.2639138240574506,0.05385996409335727,0.017953321364452424,0.20466786355475763,0.01436265709156194,0.02872531418312388,0.026929982046678635,0.012567324955116697,0.01615798922800718,0.0,0.0017953321364452424,0.01436265709156194,0.0,0.003590664272890485,0.005385996409335727,0.010771992818671455,0.0,0.0,0.0,0.20287253141831238,0.0,0.0,0.11669658886894076,0.0,0.0017953321364452424,0.003590664272890485,1.0,0.025887897,0.025887897,557,86.50560828300259
15564,Lucy Quinn,2020-2021,0.0,0.0,0.28530534351145037,0.03625954198473282,0.01049618320610687,0.21087786259541985,0.0009541984732824427,0.013358778625954198,0.020038167938931296,0.012404580152671756,0.02767175572519084,0.0,0.003816793893129771,0.004770992366412214,0.0,0.0,0.009541984732824428,0.025763358778625955,0.0,0.0,0.0,0.2099236641221374,0.0,0.0,0.1183206106870229,0.0,0.0057251908396946565,0.004770992366412214,6.0,0.409836256,0.06830604266666666,1048,144.41892512632063
15565,Marisa Ewers,2020-2021,0.0005385029617662897,0.0,0.21809369951534732,0.04254173397953689,0.012385568120624663,0.18524501884760367,0.024771136241249325,0.007000538502961767,0.008616047388260635,0.015078082929456112,0.030156165858912225,0.0,0.009154550350026925,0.008077544426494346,0.0,0.0026925148088314485,0.0210016155088853,0.006462035541195477,0.0,0.0,0.0,0.24986537425955843,0.0005385029617662897,0.0005385029617662897,0.14808831448572968,0.0,0.004846526655896607,0.004308023694130318,9.0,0.358839828,0.039871092000000004,1857,122.96203649205415
15569,Kerys Harrop,2019-2020,0.0026041666666666665,0.0,0.22135416666666666,0.033854166666666664,0.020833333333333332,0.22916666666666666,0.049479166666666664,0.0026041666666666665,0.0,0.010416666666666666,0.020833333333333332,0.0,0.010416666666666666,0.005208333333333333,0.0,0.0,0.005208333333333333,0.0,0.0,0.0,0.0,0.3203125,0.0,0.0,0.0625,0.0,0.005208333333333333,0.0,2.0,0.073539534,0.036769767,384,58.49695328368315
15569,Kerys Harrop,2020-2021,0.0004608294930875576,0.0,0.21474654377880184,0.03824884792626728,0.01889400921658986,0.21705069124423962,0.022119815668202765,0.005990783410138249,0.005069124423963134,0.005990783410138249,0.02165898617511521,0.0004608294930875576,0.011059907834101382,0.0013824884792626728,0.0,0.0009216589861751152,0.005990783410138249,0.005529953917050691,0.0,0.0,0.0,0.3294930875576037,0.0,0.0,0.09170506912442396,0.0,0.002304147465437788,0.0009216589861751152,5.0,0.18995908,0.037991816,2170,169.56068761937837
15570,Chloe Kelly,2019-2020,0.0,0.0,0.26607256524506684,0.03946530872056015,0.008911521323997454,0.20942075111394018,0.0038192234245703373,0.01782304264799491,0.03500954805856143,0.006365372374283896,0.033099936346276254,0.0,0.010821133036282623,0.019096117122851686,0.0,0.0006365372374283895,0.003182686187141948,0.016549968173138127,0.0,0.0,0.0,0.16422660725652452,0.0006365372374283895,0.0006365372374283895,0.13876511775938893,0.0006365372374283895,0.0241884150222788,0.0006365372374283895,38.0,4.6340216535,0.12194793824999998,1571,126.16222004104579
15570,Chloe Kelly,2020-2021,0.0006297229219143577,0.0,0.27928211586901763,0.030226700251889168,0.012909319899244332,0.22984886649874056,0.001889168765743073,0.012909319899244332,0.030856423173803528,0.012279596977329974,0.01952141057934509,0.0,0.004093198992443325,0.007241813602015114,0.0,0.00031486146095717883,0.005667506297229219,0.010705289672544081,0.0,0.0,0.0,0.211272040302267,0.0,0.0,0.11146095717884132,0.0006297229219143577,0.015428211586901764,0.0028337531486146094,49.0,8.5076460036,0.17362542864489794,3176,161.77485992416095
15570,Chloe Kelly,2023-2024,0.0018099547511312218,0.00030165912518853697,0.28627450980392155,0.023529411764705882,0.009653092006033183,0.2377073906485671,0.0030165912518853697,0.009954751131221719,0.02171945701357466,0.00392156862745098,0.011764705882352941,0.0,0.006033182503770739,0.007541478129713424,0.0,0.0006033182503770739,0.0018099547511312218,0.014177978883861237,0.00030165912518853697,0.0,0.0,0.2343891402714932,0.0,0.0,0.10045248868778281,0.00030165912518853697,0.02171945701357466,0.0030165912518853697,72.0,5.8681747525,0.08150242711805555,3315,180.69771667373269
15571,Danielle Turner,2019-2020,0.0,0.0,0.20833333333333334,0.01997716894977169,0.015410958904109588,0.1752283105022831,0.03767123287671233,0.0028538812785388126,0.010273972602739725,0.007420091324200913,0.023972602739726026,0.001141552511415525,0.007420091324200913,0.007990867579908675,0.0,0.0,0.012557077625570776,0.007990867579908675,0.0,0.0,0.0,0.375,0.0,0.0,0.08276255707762557,0.0017123287671232876,0.00228310502283105,0.0,4.0,0.49361140000000003,0.12340285000000001,1752,118.55639097744361
15571,Danielle Turner,2020-2021,0.0,0.0,0.22915674130538352,0.022391615054787994,0.016674606955693186,0.19723677941877085,0.0252501191043354,0.005717008099094807,0.0023820867079561697,0.009528346831824679,0.020009528346831826,0.0,0.007146260123868509,0.004764173415912339,0.0,0.0004764173415912339,0.007146260123868509,0.004287756074321105,0.0,0.0,0.0,0.3549309194854693,0.0,0.0,0.08527870414483087,0.0004764173415912339,0.005240590757503573,0.0019056693663649356,11.0,0.77035597,0.07003236090909092,2099,160.12035938294625
15571,Danielle Turner,2023-2024,0.0007132667617689016,0.0,0.2660485021398003,0.020684736091298145,0.014265335235378032,0.24536376604850213,0.033880171184022825,0.0010699001426533524,0.0003566333808844508,0.0028530670470756064,0.01355206847360913,0.0,0.0028530670470756064,0.0003566333808844508,0.0,0.0007132667617689016,0.011055634807417974,0.0,0.0,0.0,0.0,0.33523537803138376,0.0,0.0,0.0456490727532097,0.0007132667617689016,0.003209700427960057,0.0014265335235378032,9.0,0.431116671,0.047901852333333335,2804,177.69328263624843
15572,Siri Worm,2019-2020,0.0,0.0,0.206993006993007,0.02937062937062937,0.015384615384615385,0.2153846153846154,0.026573426573426574,0.005594405594405594,0.008391608391608392,0.006993006993006993,0.023776223776223775,0.0,0.012587412587412588,0.002797202797202797,0.0,0.0,0.0013986013986013986,0.0013986013986013986,0.0,0.0,0.0,0.34685314685314683,0.0,0.0,0.08391608391608392,0.002797202797202797,0.002797202797202797,0.006993006993006993,2.0,0.067460962,0.033730481,715,86.62000269215238
15572,Siri Worm,2020-2021,0.0011757789535567313,0.0,0.2204585537918871,0.024691358024691357,0.012345679012345678,0.19400352733686066,0.02704291593180482,0.006466784244562022,0.010582010582010581,0.007642563198118754,0.024103468547912992,0.0,0.011757789535567314,0.001763668430335097,0.0,0.0011757789535567313,0.003527336860670194,0.0029394473838918285,0.0,0.0,0.0,0.36860670194003525,0.0,0.0,0.07642563198118754,0.0005878894767783657,0.00411522633744856,0.0005878894767783657,7.0,0.303074987,0.04329642671428572,1701,141.2921089063221
15573,Abbey-Leigh Stringer,2019-2020,0.0013440860215053765,0.0,0.21370967741935484,0.03763440860215054,0.010752688172043012,0.19489247311827956,0.012096774193548387,0.006720430107526882,0.012096774193548387,0.01747311827956989,0.025537634408602152,0.0013440860215053765,0.01747311827956989,0.0,0.0,0.0,0.013440860215053764,0.01747311827956989,0.0,0.0,0.0,0.24865591397849462,0.0,0.0,0.16532258064516128,0.0,0.0,0.004032258064516129,0.0,0.0,0.0,744,124.11492122335497
15573,Abbey-Leigh Stringer,2020-2021,0.0029304029304029304,0.0,0.22783882783882783,0.03882783882783883,0.01098901098901099,0.210989010989011,0.009523809523809525,0.005128205128205128,0.009523809523809525,0.014652014652014652,0.024175824175824177,0.0,0.018315018315018316,0.00805860805860806,0.0,0.0007326007326007326,0.009523809523809525,0.002197802197802198,0.0,0.0,0.0,0.2725274725274725,0.0,0.0,0.12454212454212454,0.0,0.005860805860805861,0.003663003663003663,8.0,0.375355989,0.046919498625,1365,166.53111020740138
15573,Abbey-Leigh Stringer,2023-2024,0.003770028275212064,0.0,0.21300659754948162,0.043355325164938736,0.013195098963242224,0.1988689915174364,0.00942507068803016,0.00471253534401508,0.007540056550424128,0.005655042412818096,0.015080113100848256,0.0,0.01413760603204524,0.00471253534401508,0.0,0.000942507068803016,0.017907634307257305,0.008482563619227144,0.0,0.0,0.0,0.24976437323279924,0.0,0.0,0.18473138548539114,0.0,0.001885014137606032,0.002827521206409048,2.0,0.082646263,0.0413231315,1061,146.52447445143468
15574,Georgia Brougham,2020-2021,0.0,0.0,0.2172430589381393,0.03604481246955674,0.016561130053580127,0.23623964929371652,0.043838285435947394,0.004870920603994155,0.00438382854359474,0.00876765708718948,0.018509498295177788,0.0004870920603994155,0.0024354603019970775,0.0014612761811982464,0.0,0.0014612761811982464,0.012177301509985387,0.0034096444227959084,0.0,0.0,0.0,0.31563565513882125,0.0004870920603994155,0.0004870920603994155,0.0725767169995129,0.0014612761811982464,0.0014612761811982464,0.0,3.0,0.153330085,0.051110028333333335,2053,102.36565096952909
15575,Gabrielle George,2019-2020,0.0,0.0,0.24459134615384615,0.033052884615384616,0.019230769230769232,0.2620192307692308,0.034254807692307696,0.0018028846153846155,0.01201923076923077,0.0006009615384615385,0.015625,0.0,0.006009615384615385,0.005408653846153846,0.0,0.001201923076923077,0.0078125,0.002403846153846154,0.0,0.0,0.0006009615384615385,0.3046875,0.0006009615384615385,0.0006009615384615385,0.043870192307692304,0.0006009615384615385,0.0030048076923076925,0.0,5.0,0.2898933295,0.057978665900000004,1664,121.26315789473684
15575,Gabrielle George,2020-2021,0.0,0.0,0.26256281407035176,0.022613065326633167,0.013819095477386936,0.24371859296482412,0.022613065326633167,0.00628140703517588,0.0037688442211055275,0.002512562814070352,0.010050251256281407,0.0,0.005025125628140704,0.0,0.0,0.0,0.010050251256281407,0.002512562814070352,0.0,0.0,0.0,0.3454773869346734,0.0,0.0,0.04648241206030151,0.0,0.001256281407035176,0.001256281407035176,1.0,0.23190677,0.23190677,796,165.22140221402213
15575,Gabrielle George,2023-2024,0.0,0.0,0.2541899441340782,0.013966480446927373,0.019553072625698324,0.24022346368715083,0.027932960893854747,0.0,0.013966480446927373,0.008379888268156424,0.0111731843575419,0.0,0.00558659217877095,0.0,0.0,0.002793296089385475,0.002793296089385475,0.0,0.0,0.0,0.0,0.31843575418994413,0.0,0.0,0.07541899441340782,0.0,0.002793296089385475,0.002793296089385475,1.0,0.04246144,0.04246144,358,162.3991935483871
15577,Angharad James,2019-2020,0.0013386880856760374,0.0006693440428380187,0.21552878179384202,0.050870147255689425,0.0107095046854083,0.19812583668005354,0.01673360107095047,0.014056224899598393,0.009370816599732263,0.012048192771084338,0.03748326639892905,0.0,0.008701472556894244,0.004685408299866131,0.0,0.0,0.007362784471218206,0.009370816599732263,0.0,0.0,0.0,0.2684069611780455,0.0,0.0,0.1285140562248996,0.0,0.004016064257028112,0.002008032128514056,6.0,0.330568052,0.055094675333333336,1494,113.10565275908479
15577,Angharad James,2020-2021,0.0,0.0,0.22806081621765803,0.04241130968258202,0.017071218991731127,0.2168578287543345,0.009869298479594559,0.008268871699119766,0.006935182715390771,0.014937316617764738,0.027740730861563083,0.00026673779674579886,0.0040010669511869835,0.005601493731661776,0.0,0.00026673779674579886,0.013870365430781541,0.005334755934915978,0.0,0.0,0.0,0.2686049613230195,0.00026673779674579886,0.00026673779674579886,0.12056548412910109,0.00026673779674579886,0.008535609495865563,0.0,32.0,2.345313614,0.0732910504375,3749,161.44019138755982
15577,Angharad James,2023-2024,0.0010035122930255895,0.0,0.2614149523331661,0.026593075765178123,0.013547415955845458,0.20672353236327146,0.014049172102358254,0.0035122930255895636,0.002007024586051179,0.009533366783743101,0.015554440541896638,0.0005017561465127947,0.0035122930255895636,0.0,0.0,0.002007024586051179,0.008529854490717512,0.005017561465127948,0.0,0.0,0.0,0.3176116407425991,0.0005017561465127947,0.0005017561465127947,0.10235825388861014,0.0005017561465127947,0.004515805318615153,0.0005017561465127947,9.0,0.611634133,0.06795934811111111,1993,173.30434782608694
15578,Faye Bryson,2019-2020,0.0,0.0,0.23809523809523808,0.05238095238095238,0.009523809523809525,0.21904761904761905,0.02857142857142857,0.004761904761904762,0.014285714285714285,0.0,0.02857142857142857,0.0,0.0,0.004761904761904762,0.0,0.0,0.004761904761904762,0.004761904761904762,0.0,0.0,0.0,0.3047619047619048,0.0,0.0,0.08571428571428572,0.0,0.0,0.0,0.0,0.0,0.0,210,85.9090909090909
15578,Faye Bryson,2020-2021,0.0016116035455278,0.0,0.15551974214343273,0.037066881547139406,0.020950846091861403,0.17969379532634971,0.037066881547139406,0.0128928283642224,0.0249798549556809,0.014504431909750202,0.0394842868654311,0.0,0.016116035455278,0.008863819500402902,0.0,0.0032232070910556,0.024174053182917002,0.0056406124093473006,0.0,0.0,0.0,0.26833199033037874,0.0008058017727639,0.0008058017727639,0.14020950846091862,0.0,0.004834810636583401,0.0032232070910556,6.0,0.2761419744,0.0460236624,1241,144.84502658539748
15579,Inessa Kaagman,2019-2020,0.0016666666666666668,0.0,0.26666666666666666,0.03333333333333333,0.009166666666666667,0.19,0.010833333333333334,0.010833333333333334,0.0125,0.009166666666666667,0.021666666666666667,0.0,0.009166666666666667,0.0025,0.0,0.0,0.005833333333333334,0.013333333333333334,0.0,0.0,0.0,0.22333333333333333,0.0,0.0,0.16166666666666665,0.0008333333333333334,0.013333333333333334,0.004166666666666667,16.0,1.694340503,0.1058962814375,1200,106.13207547169812
15579,Inessa Kaagman,2020-2021,0.00033967391304347825,0.0,0.250679347826087,0.04110054347826087,0.018682065217391304,0.1922554347826087,0.009510869565217392,0.008491847826086956,0.007133152173913043,0.012228260869565218,0.014945652173913044,0.00033967391304347825,0.004415760869565217,0.004076086956521739,0.0,0.0006793478260869565,0.0033967391304347825,0.01154891304347826,0.0,0.0,0.0,0.2425271739130435,0.0,0.0,0.16236413043478262,0.0,0.013247282608695652,0.0020380434782608695,39.0,5.1826338073,0.13288804634102563,2944,133.9670340782688
15580,Claudia Walker,2019-2020,0.0,0.0013717421124828531,0.30315500685871055,0.03566529492455418,0.00823045267489712,0.20438957475994513,0.0027434842249657062,0.0205761316872428,0.006858710562414266,0.00823045267489712,0.015089163237311385,0.0,0.0027434842249657062,0.006858710562414266,0.0,0.0013717421124828531,0.0027434842249657062,0.023319615912208505,0.0,0.0,0.0,0.16872427983539096,0.0,0.0,0.16598079561042525,0.0,0.019204389574759947,0.0027434842249657062,14.0,0.4043468789,0.02888191992142857,729,69.1650853889943
15580,Claudia Walker,2020-2021,0.0006865774116031583,0.0,0.36937864744249915,0.0312392722279437,0.008582217645039478,0.16340542396155167,0.004119464469618949,0.01991074493649159,0.009955372468245795,0.004806041881222108,0.03535873669756265,0.0,0.01132852729145211,0.01613456917267422,0.0,0.0037761757638173706,0.0020597322348094747,0.03741846893237213,0.00034328870580157915,0.00034328870580157915,0.0,0.11465842773772743,0.00034328870580157915,0.00034328870580157915,0.15447991761071062,0.0,0.010298661174047374,0.0010298661174047373,30.0,3.181004888,0.10603349626666667,2913,136.44738211720622
15581,Bernd Leno,2015-2016,0.0,0.0,0.1818825194621373,0.0629865534324133,0.0007077140835102619,0.20382165605095542,0.0,0.00035385704175513094,0.0,0.00035385704175513094,0.0,0.0007077140835102619,0.0,0.0010615711252653928,0.15498938428874734,0.0028308563340410475,0.0,0.0007077140835102619,0.0,0.00035385704175513094,0.0,0.386411889596603,0.0,0.0,0.0028308563340410475,0.0,0.0,0.0,0.0,0.0,0.0,2826,81.12918660287082
15611,Courtney Sweetman-Kirk,2019-2020,0.0,0.0,0.37375415282392027,0.018272425249169437,0.006644518272425249,0.1378737541528239,0.0,0.0033222591362126247,0.0033222591362126247,0.006644518272425249,0.044850498338870434,0.0,0.0016611295681063123,0.0049833887043189366,0.0,0.0,0.0049833887043189366,0.018272425249169437,0.0,0.0,0.0,0.15946843853820597,0.0,0.0,0.19435215946843853,0.0,0.016611295681063124,0.0049833887043189366,10.0,0.751310994,0.0751310994,602,85.93180015860429
15613,Rinsola Babajide,2019-2020,0.0017301038062283738,0.0,0.27162629757785467,0.050173010380622836,0.01643598615916955,0.2102076124567474,0.0025951557093425604,0.01730103806228374,0.04152249134948097,0.0025951557093425604,0.02249134948096886,0.0,0.009515570934256055,0.012975778546712802,0.0,0.0008650519031141869,0.0034602076124567475,0.026816608996539794,0.0,0.0,0.0,0.12283737024221453,0.0,0.0,0.1704152249134948,0.0,0.01643598615916955,0.0,19.0,2.764187424,0.14548354863157895,1156,131.01624480544012
15614,Sophie Elizabeth Bradley-Auckland,2019-2020,0.0,0.0,0.2273105745212323,0.042464612822647796,0.014154870940882597,0.2248126561199001,0.08576186511240633,0.0016652789342214821,0.0008326394671107411,0.002497918401332223,0.013322231473771857,0.0,0.0016652789342214821,0.002497918401332223,0.0,0.0033305578684429643,0.006661115736885929,0.004163197335553705,0.0,0.0,0.0,0.32306411323896755,0.0,0.0,0.04329725228975854,0.0,0.002497918401332223,0.0,3.0,0.20027182699999999,0.06675727566666666,1201,0.0
15615,Pauline Peyraud Magnin,2019-2020,0.0,0.0,0.24210526315789474,0.04912280701754386,0.0,0.2807017543859649,0.0,0.0,0.0035087719298245615,0.0035087719298245615,0.0,0.0035087719298245615,0.0,0.0,0.056140350877192984,0.0,0.0,0.0,0.0,0.0,0.0,0.35789473684210527,0.0,0.0,0.0035087719298245615,0.0,0.0,0.0,0.0,0.0,0.0,285,90.0
15616,Kim Little,2019-2020,0.0,0.0,0.27905731119442956,0.03642206748794858,0.0096411355115158,0.2629887520085699,0.0016068559185859668,0.012319228709159078,0.013926084627745045,0.004284949116229245,0.012319228709159078,0.0,0.003749330476700589,0.009105516871987145,0.0,0.0005356186395286556,0.0032137118371719335,0.00856989823245849,0.0005356186395286556,0.0,0.0,0.27423674343867166,0.0,0.0,0.05945366898768077,0.0005356186395286556,0.006963042313872523,0.0005356186395286556,13.0,2.175922933,0.16737868715384613,1867,151.28297470063924
15616,Kim Little,2020-2021,0.0,0.0,0.2631794033510421,0.04331834899877401,0.006538618716796077,0.25991009399264403,0.007764609726195341,0.008990600735594606,0.011851246424192888,0.004495300367797303,0.012259910093992644,0.0,0.0008173273395995096,0.004495300367797303,0.0,0.0016346546791990192,0.006538618716796077,0.0073559460563955865,0.0,0.0,0.0,0.29137719656722516,0.0,0.0,0.06129955046996322,0.0004086636697997548,0.006538618716796077,0.0012259910093992644,16.0,4.466415363,0.2791509601875,2447,165.3626670671272
15616,Kim Little,2023-2024,0.0017556179775280898,0.0,0.2735252808988764,0.03932584269662921,0.007724719101123595,0.24473314606741572,0.004564606741573034,0.007022471910112359,0.007022471910112359,0.0038623595505617976,0.011587078651685394,0.0,0.0049157303370786515,0.0052668539325842695,0.0,0.002106741573033708,0.0028089887640449437,0.006320224719101123,0.0,0.0,0.0,0.2833567415730337,0.00035112359550561797,0.00035112359550561797,0.0860252808988764,0.0007022471910112359,0.0059691011235955055,0.0007022471910112359,17.0,3.143615787,0.18491857570588235,2848,187.94544654641444
15618,Jasmine Matthews,2019-2020,0.0013271400132714001,0.0,0.19774386197743862,0.043795620437956206,0.0225613802256138,0.23025879230258792,0.0676841406768414,0.0053085600530856005,0.0092899800928998,0.006635700066357001,0.025215660252156602,0.0006635700066357001,0.003981420039814201,0.0013271400132714001,0.0,0.0006635700066357001,0.009953550099535502,0.0026542800265428003,0.0,0.0,0.0,0.2780358327803583,0.0,0.0,0.09090909090909091,0.0,0.0019907100199071004,0.0,3.0,0.349831103,0.11661036766666666,1507,109.82186234817814
15618,Jasmine Matthews,2020-2021,0.0,0.0,0.17598343685300208,0.07142857142857142,0.032091097308488616,0.21842650103519667,0.06832298136645963,0.010351966873706004,0.015527950310559006,0.003105590062111801,0.023809523809523808,0.0010351966873706005,0.009316770186335404,0.0010351966873706005,0.0,0.0,0.006211180124223602,0.003105590062111801,0.0,0.0,0.0,0.2712215320910973,0.0,0.0,0.08281573498964803,0.0010351966873706005,0.003105590062111801,0.002070393374741201,3.0,0.397398746,0.13246624866666667,966,103.36464154083937
15618,Jasmine Matthews,2023-2024,0.0031031807602792862,0.0,0.23506594259115593,0.04034134988363072,0.022498060512024826,0.20713731574864236,0.013964313421256789,0.009309542280837859,0.013188518231186967,0.0031031807602792862,0.02404965089216447,0.0007757951900698216,0.0062063615205585725,0.0031031807602792862,0.0,0.0,0.0069821567106283944,0.004654771140418929,0.0,0.0,0.0,0.30256012412723043,0.0,0.0,0.09930178432893716,0.0007757951900698216,0.0023273855702094647,0.0015515903801396431,3.0,0.37473211,0.12491070333333333,1289,151.29107981220656
15619,Bethany Mead,2019-2020,0.000580046403712297,0.0,0.28132250580046403,0.027262180974477957,0.00580046403712297,0.22795823665893272,0.002900232018561485,0.016241299303944315,0.017981438515081206,0.008120649651972157,0.01334106728538283,0.0,0.004060324825986079,0.015081206496519721,0.0,0.001160092807424594,0.002900232018561485,0.011020881670533642,0.0,0.0,0.0,0.24129930394431554,0.0,0.0,0.10730858468677494,0.0,0.01334106728538283,0.002320185614849188,23.0,1.6185946743000001,0.07037368149130435,1724,150.43630017452006
15619,Bethany Mead,2020-2021,0.0005865102639296188,0.0,0.2850439882697947,0.03372434017595308,0.012023460410557185,0.22932551319648095,0.002346041055718475,0.011143695014662757,0.01994134897360704,0.005571847507331379,0.020527859237536656,0.0,0.005571847507331379,0.013489736070381233,0.0,0.0017595307917888563,0.005278592375366569,0.01466275659824047,0.0002932551319648094,0.0,0.0,0.22609970674486804,0.0002932551319648094,0.0002932551319648094,0.09853372434017596,0.0,0.011436950146627566,0.0020527859237536657,39.0,3.4950874215,0.08961762619230769,3410,175.01140510948906
15619,Bethany Mead,2023-2024,0.003121098626716604,0.0,0.28558052434456926,0.03058676654182272,0.010299625468164793,0.2215980024968789,0.0018726591760299626,0.010611735330836454,0.013108614232209739,0.004993757802746567,0.023096129837702872,0.0,0.0056179775280898875,0.00717852684144819,0.0,0.0009363295880149813,0.003121098626716604,0.013108614232209739,0.0,0.0,0.0,0.24001248439450687,0.0006242197253433209,0.0006242197253433209,0.10611735330836454,0.0012484394506866417,0.014044943820224719,0.0024968789013732834,45.0,6.791705062,0.15092677915555555,3204,199.73678742120939
15620,Katie McCabe,2019-2020,0.000425531914893617,0.000425531914893617,0.2604255319148936,0.026808510638297874,0.01148936170212766,0.24893617021276596,0.009361702127659575,0.007659574468085106,0.008085106382978723,0.005106382978723404,0.012340425531914894,0.0,0.005106382978723404,0.003404255319148936,0.0,0.001276595744680851,0.003829787234042553,0.005957446808510639,0.0,0.0,0.0,0.33361702127659576,0.0,0.0,0.04978723404255319,0.000851063829787234,0.004680851063829788,0.000425531914893617,11.0,0.58207206,0.05291564181818182,2350,191.87154132268896
15620,Katie McCabe,2020-2021,0.00022276676319893073,0.0,0.25573624415237245,0.026509244820672757,0.00957897081755402,0.2466028068612163,0.008910670527957229,0.0064602361327689905,0.01202940521274226,0.003787034974381822,0.013588772555134774,0.0,0.002450434395188238,0.00601470260637113,0.0,0.00022276676319893073,0.007351303185564714,0.005569169079973268,0.0,0.0,0.0,0.3381599465359768,0.0,0.0,0.04923145466696369,0.001559367342392515,0.0051236355535754065,0.0008910670527957229,23.0,2.171018585,0.09439211239130435,4489,221.87379867098684
15620,Katie McCabe,2023-2024,0.0007796257796257797,0.0012993762993762994,0.24064449064449064,0.037681912681912684,0.008835758835758836,0.2403846153846154,0.008056133056133057,0.004677754677754678,0.006496881496881497,0.007796257796257797,0.012733887733887735,0.0,0.005197505197505198,0.008316008316008316,0.0,0.0012993762993762994,0.004158004158004158,0.004677754677754678,0.0002598752598752599,0.0,0.0,0.32978170478170477,0.0007796257796257797,0.0005197505197505198,0.06600831600831601,0.0,0.007536382536382537,0.002079002079002079,29.0,1.7934540049999999,0.06184324155172413,3848,201.71238860737375
15621,Louise Quinn,2019-2020,0.0,0.0,0.287292817679558,0.020718232044198894,0.004143646408839779,0.27900552486187846,0.027624309392265192,0.0,0.0027624309392265192,0.0013812154696132596,0.015193370165745856,0.0,0.0027624309392265192,0.0,0.0,0.0013812154696132596,0.0027624309392265192,0.0013812154696132596,0.0,0.0,0.0,0.319060773480663,0.0,0.0,0.031767955801104975,0.0,0.0013812154696132596,0.0013812154696132596,1.0,0.10182243,0.10182243,724,228.4712482468443
15623,Vivianne Miedema,2019-2020,0.0012406947890818859,0.0,0.3573200992555831,0.02543424317617866,0.008064516129032258,0.19851116625310175,0.003101736972704715,0.013647642679900745,0.019230769230769232,0.003101736972704715,0.017990074441687345,0.0,0.0037220843672456576,0.003101736972704715,0.0,0.0018610421836228288,0.0012406947890818859,0.019230769230769232,0.0,0.0,0.0,0.1792803970223325,0.0006203473945409429,0.0006203473945409429,0.1141439205955335,0.0,0.02791563275434243,0.0006203473945409429,45.0,7.8848320329999995,0.17521848962222222,1612,112.73603232574403
15623,Vivianne Miedema,2020-2021,0.0,0.0,0.3521891978267817,0.027165228507510387,0.006711409395973154,0.2307446468520294,0.0031959092361776927,0.01693831895174177,0.029721955896452542,0.003835091083413231,0.011185682326621925,0.0,0.004793863854266539,0.003835091083413231,0.0,0.0015979546180888463,0.0019175455417066154,0.015340364333652923,0.00031959092361776926,0.0,0.0,0.1891978267817194,0.0,0.0,0.06487695749440715,0.0,0.03547459252157239,0.0009587727708533077,111.0,17.714759853,0.1595924311081081,3129,143.72990353697747
15623,Vivianne Miedema,2023-2024,0.004511278195488722,0.0,0.2992481203007519,0.03007518796992481,0.007518796992481203,0.21654135338345865,0.0,0.019548872180451128,0.009022556390977444,0.004511278195488722,0.015037593984962405,0.0,0.010526315789473684,0.007518796992481203,0.0,0.0,0.0015037593984962407,0.013533834586466165,0.0,0.0,0.0,0.21052631578947367,0.0,0.0,0.12180451127819548,0.0,0.02406015037593985,0.004511278195488722,16.0,1.87233396,0.1170208725,665,191.7654597885293
15626,Anke Preuß,2019-2020,0.0,0.0,0.13854351687388988,0.07815275310834814,0.0,0.1811722912966252,0.0017761989342806395,0.0,0.0,0.0,0.0,0.0,0.0,0.0,0.20071047957371227,0.0,0.0,0.0,0.0,0.0,0.0,0.3978685612788632,0.0,0.0,0.0017761989342806395,0.0,0.0,0.0,0.0,0.0,0.0,563,53.33684210526316
15628,Christie Murray,2020-2021,0.0033285782215882074,0.0,0.19067998097955302,0.061816452686638136,0.015216357584403234,0.20494531621493106,0.014740846409890632,0.010461245839277223,0.00903471231573942,0.01331431288635283,0.03946742748454589,0.0,0.0042796005706134095,0.011412268188302425,0.0,0.0009510223490252021,0.010936757013789824,0.006181645268663814,0.0,0.0,0.0,0.26676176890156916,0.00047551117451260106,0.00047551117451260106,0.13076557299096528,0.0,0.004755111745126011,0.0,10.0,1.160863891,0.11608638909999999,2103,128.3186440677966
15630,Leigh-Anne Robe,2019-2020,0.0007518796992481203,0.0,0.1849624060150376,0.02481203007518797,0.013533834586466165,0.18796992481203006,0.03458646616541353,0.005263157894736842,0.006766917293233083,0.009774436090225564,0.0443609022556391,0.0007518796992481203,0.013533834586466165,0.006015037593984963,0.0,0.0015037593984962407,0.006766917293233083,0.0037593984962406013,0.0,0.0,0.0,0.3218045112781955,0.0007518796992481203,0.0007518796992481203,0.13007518796992482,0.0,0.0015037593984962407,0.0,2.0,0.012830127,0.0064150635,1330,90.0
15631,Niamh Charles,2019-2020,0.0,0.0,0.24878387769284224,0.043085476025017375,0.014593467685892982,0.1813759555246699,0.007644197359277276,0.01320361362056984,0.027102154273801252,0.010423905489923557,0.034051424600416956,0.0,0.008339124391938846,0.009728978457261988,0.0,0.0,0.009034051424600417,0.018068102849200834,0.0,0.0,0.0,0.16886726893676163,0.0,0.0,0.19735927727588604,0.0,0.0034746351633078527,0.004864489228630994,5.0,0.39912516600000003,0.0798250332,1439,118.0906355429926
15631,Niamh Charles,2020-2021,0.0,0.0,0.2572002679169457,0.02277294038847957,0.012726054922973878,0.23442732752846618,0.013395847287340924,0.007367716008037508,0.013395847287340924,0.0053583389149363695,0.018754186202277295,0.0,0.003348961821835231,0.0013395847287340924,0.0,0.0006697923643670462,0.014735432016075016,0.010716677829872739,0.0,0.0,0.0,0.28801071667782985,0.0,0.0,0.08640321500334897,0.0,0.006028131279303416,0.003348961821835231,9.0,1.5230953489999999,0.16923281655555555,1493,194.68270066647347
15631,Niamh Charles,2023-2024,0.001101079057476327,0.0,0.24135652939881083,0.038537767011671435,0.00990971151728694,0.24510019819423035,0.009689495705791676,0.0041841004184100415,0.011010790574763268,0.0026425897379431843,0.014974675181678044,0.0,0.0035234529839242457,0.004624532041400573,0.0,0.0006606474344857961,0.009249064082801146,0.007267121779343757,0.0,0.0,0.0,0.32768112750495487,0.00022021581149526536,0.00022021581149526536,0.0609997797841885,0.001101079057476327,0.005064963664391103,0.0008808632459810614,23.0,1.8435155,0.08015284782608696,4541,206.01371105958262
15648,Melanie Leupolz,2020-2021,0.00034246575342465754,0.0,0.2523972602739726,0.028424657534246577,0.009246575342465754,0.21883561643835617,0.009589041095890411,0.004794520547945206,0.005136986301369863,0.013013698630136987,0.02089041095890411,0.0,0.011986301369863013,0.00410958904109589,0.0,0.0017123287671232876,0.007534246575342466,0.008904109589041096,0.0,0.0,0.0,0.2797945205479452,0.0,0.0,0.11301369863013698,0.0,0.008561643835616438,0.0017123287671232876,25.0,3.6993227566,0.147972910264,2920,175.28179817248048
15648,Melanie Leupolz,2023-2024,0.000550357732526142,0.0,0.2515134837644469,0.040176114474408366,0.009356081452944413,0.21023665382498624,0.011557512383048982,0.0049532195927352776,0.007154650522839846,0.00825536598789213,0.01926252063841497,0.0,0.009356081452944413,0.0049532195927352776,0.0,0.001651073197578426,0.006604292790313704,0.00550357732526142,0.0,0.0,0.0,0.2938910291689598,0.0,0.0,0.10291689598238855,0.001651073197578426,0.008805723720418272,0.001651073197578426,16.0,1.16862755,0.073039221875,1817,190.8613445378151
15661,David Beckham,1999-2000,0.0,0.003937007874015748,0.32677165354330706,0.011811023622047244,0.003937007874015748,0.24015748031496062,0.003937007874015748,0.0,0.01968503937007874,0.0,0.003937007874015748,0.0,0.007874015748031496,0.015748031496062992,0.0,0.0,0.0,0.01968503937007874,0.0,0.0,0.0,0.32677165354330706,0.0,0.0,0.015748031496062992,0.0,0.0,0.0,0.0,0.0,0.0,254,240.6315789473684
15666,Paul Scholes,1999-2000,0.0,0.0,0.31877729257641924,0.021834061135371178,0.0,0.2183406113537118,0.008733624454148471,0.0,0.017467248908296942,0.013100436681222707,0.008733624454148471,0.0,0.008733624454148471,0.004366812227074236,0.0,0.0,0.0,0.0,0.0,0.0,0.0,0.31004366812227074,0.0,0.0,0.05240174672489083,0.0,0.017467248908296942,0.0,4.0,0.56932386,0.142330965,229,216.94736842105263
15704,Lily Woodham,2020-2021,0.0006561679790026247,0.0,0.2073490813648294,0.03543307086614173,0.016404199475065617,0.19028871391076116,0.024278215223097113,0.007217847769028871,0.011811023622047244,0.012467191601049869,0.024278215223097113,0.0,0.004593175853018373,0.007874015748031496,0.0,0.001968503937007874,0.013123359580052493,0.010498687664041995,0.0,0.0,0.0,0.3169291338582677,0.0006561679790026247,0.0006561679790026247,0.10826771653543307,0.0006561679790026247,0.001968503937007874,0.0026246719160104987,3.0,0.196267192,0.06542239733333334,1524,146.2727951370374
15706,Rachel Furness,2019-2020,0.0008312551953449709,0.0,0.2817955112219451,0.03740648379052369,0.010806317539484621,0.19035743973399832,0.013300083125519535,0.017456359102244388,0.01828761429758936,0.00831255195344971,0.04156275976724855,0.0,0.007481296758104738,0.00914380714879468,0.0,0.0008312551953449709,0.007481296758104738,0.013300083125519535,0.0,0.0,0.0,0.22111388196176227,0.0,0.0,0.09808811305070657,0.0,0.022443890274314215,0.0,27.0,2.9514731258999998,0.10931381947777777,1203,87.66801619433198
15706,Rachel Furness,2023-2024,0.00850546780072904,0.0,0.24179829890643986,0.046172539489671933,0.009720534629404616,0.16889428918590524,0.024301336573511544,0.006075334143377886,0.012150668286755772,0.009720534629404616,0.03523693803159174,0.0,0.012150668286755772,0.009720534629404616,0.0,0.001215066828675577,0.00850546780072904,0.013365735115431349,0.0,0.0,0.0,0.21506682867557717,0.0,0.0,0.16281895504252733,0.0,0.00850546780072904,0.006075334143377886,7.0,0.2716061233,0.038800874757142854,823,125.52109811896288
15709,Megan Walsh,2019-2020,0.0,0.0,0.1687192118226601,0.059113300492610835,0.0,0.21428571428571427,0.0,0.0,0.0,0.0024630541871921183,0.0,0.0012315270935960591,0.0,0.0012315270935960591,0.15147783251231528,0.0012315270935960591,0.0,0.0,0.0,0.0012315270935960591,0.0,0.39408866995073893,0.0,0.0,0.0049261083743842365,0.0,0.0,0.0,0.0,0.0,0.0,812,51.28421052631579
15709,Megan Walsh,2020-2021,0.0,0.0,0.16122961104140526,0.06148055207026349,0.0012547051442910915,0.2164366373902133,0.0,0.0,0.0,0.0006273525721455458,0.0,0.002509410288582183,0.0,0.0012547051442910915,0.17628607277289837,0.0006273525721455458,0.0,0.0,0.0,0.0,0.0,0.37578419071518193,0.0,0.0,0.002509410288582183,0.0,0.0,0.0,0.0,0.0,0.0,1594,100.67368421052632
15709,Megan Walsh,2023-2024,0.0,0.0,0.18731117824773413,0.05740181268882175,0.0,0.2326283987915408,0.0,0.0,0.0,0.0,0.0,0.0,0.0,0.0,0.1540785498489426,0.0030211480362537764,0.0,0.0,0.0,0.0,0.0,0.36555891238670696,0.0,0.0,0.0,0.0,0.0,0.0,0.0,0.0,0.0,331,104.52631578947368
15716,Emily Syme,2020-2021,0.0,0.0,0.232,0.048,0.013333333333333334,0.19733333333333333,0.010666666666666666,0.013333333333333334,0.021333333333333333,0.008,0.04,0.0,0.0,0.013333333333333334,0.0,0.0,0.013333333333333334,0.008,0.0,0.0,0.0,0.232,0.0,0.0,0.13866666666666666,0.0,0.008,0.0026666666666666666,3.0,0.086133456,0.028711152,375,99.8816217815922
15716,Emily Syme,2023-2024,0.005917159763313609,0.0,0.23816568047337278,0.03994082840236687,0.02514792899408284,0.19230769230769232,0.011094674556213017,0.009615384615384616,0.005917159763313609,0.011834319526627219,0.026627218934911243,0.0,0.0007396449704142012,0.008136094674556213,0.0,0.0014792899408284023,0.0073964497041420114,0.01257396449704142,0.0,0.0,0.0,0.2448224852071006,0.0,0.0,0.14866863905325445,0.0,0.005177514792899409,0.004437869822485207,7.0,0.363091359,0.051870194142857144,1352,110.08775897946259
15719,Grace Moloney,2019-2020,0.0,0.001349527665317139,0.1862348178137652,0.06612685560053981,0.0,0.2388663967611336,0.0,0.0,0.0,0.001349527665317139,0.0,0.001349527665317139,0.002699055330634278,0.0,0.11875843454790823,0.004048582995951417,0.0,0.0,0.0,0.0,0.0,0.37786774628879893,0.0,0.0,0.001349527665317139,0.0,0.0,0.0,0.0,0.0,0.0,741,70.2
15719,Grace Moloney,2020-2021,0.0,0.0004177109440267335,0.1758563074352548,0.06349206349206349,0.0012531328320802004,0.21010860484544694,0.0,0.0,0.0,0.001670843776106934,0.0004177109440267335,0.0,0.0004177109440267335,0.000835421888053467,0.15204678362573099,0.005012531328320802,0.0,0.0,0.0,0.0,0.0,0.38220551378446116,0.0,0.0,0.006265664160401002,0.0,0.0,0.0,0.0,0.0,0.0,2394,103.0909090909091
15720,Sophie Howard,2019-2020,0.0,0.0,0.2239448751076658,0.03617571059431524,0.009474590869939707,0.23169681309216192,0.07924203273040482,0.002583979328165375,0.0008613264427217916,0.004306632213608958,0.024978466838931956,0.0017226528854435831,0.006029285099052541,0.00516795865633075,0.0,0.006029285099052541,0.004306632213608958,0.0,0.0,0.0,0.0,0.31093884582256676,0.0,0.0,0.04823428079242033,0.0,0.002583979328165375,0.0017226528854435831,3.0,0.1697556,0.0565852,1161,109.86226474608348
15720,Sophie Howard,2023-2024,0.0014727540500736377,0.0,0.23505154639175257,0.023564064801178203,0.01443298969072165,0.2256259204712813,0.04241531664212077,0.000589101620029455,0.0017673048600883653,0.005007363770250369,0.026509572901325478,0.000589101620029455,0.00942562592047128,0.003240058910162003,0.0,0.002650957290132548,0.012371134020618556,0.002061855670103093,0.0,0.0,0.0,0.31192930780559647,0.00235640648011782,0.00235640648011782,0.07157584683357879,0.000589101620029455,0.0035346097201767305,0.0008836524300441826,12.0,0.982756961,0.08189641341666666,3395,167.93998021325712
15721,Gemma Suzanne Davison,2019-2020,0.0,0.0,0.3005405405405405,0.03783783783783784,0.006486486486486486,0.2454054054054054,0.0075675675675675675,0.016216216216216217,0.02810810810810811,0.003243243243243243,0.01945945945945946,0.0,0.005405405405405406,0.012972972972972972,0.0,0.0,0.002162162162162162,0.023783783783783784,0.001081081081081081,0.0,0.0,0.21081081081081082,0.0,0.0,0.06702702702702702,0.0,0.010810810810810811,0.001081081081081081,10.0,0.2567045584,0.025670455840000002,925,0.0
15721,Gemma Suzanne Davison,2020-2021,0.0,0.0,0.27782162588792425,0.03393843725335438,0.006314127861089187,0.23993685872138912,0.0055248618784530384,0.018153117600631413,0.020520915548539857,0.003946329913180742,0.021310181531176007,0.0,0.008681925808997633,0.012628255722178374,0.0,0.0023677979479084454,0.003946329913180742,0.014206787687450671,0.0,0.0,0.0,0.22573007103393844,0.0,0.0,0.09155485398579322,0.0,0.006314127861089187,0.007103393843725336,8.0,0.772401689,0.096550211125,1267,0.0
15723,Brooke Chaplen,2019-2020,0.0007849293563579278,0.0,0.33516483516483514,0.03296703296703297,0.01020408163265306,0.206436420722135,0.003924646781789639,0.02433281004709576,0.01805337519623234,0.006279434850863423,0.027472527472527472,0.0,0.007849293563579277,0.01098901098901099,0.0,0.0007849293563579278,0.002354788069073783,0.022762951334379906,0.0007849293563579278,0.0,0.0,0.1546310832025118,0.0,0.0,0.10989010989010989,0.0,0.02040816326530612,0.003924646781789639,26.0,2.2733043451,0.08743478250384616,1274,109.31451997330537
15723,Brooke Chaplen,2020-2021,0.0,0.0,0.2893175074183976,0.037091988130563795,0.013353115727002967,0.22106824925816024,0.005934718100890208,0.013353115727002967,0.010385756676557863,0.008902077151335312,0.011869436201780416,0.0,0.011869436201780416,0.010385756676557863,0.0,0.0,0.004451038575667656,0.02373887240356083,0.0,0.0,0.0,0.20029673590504452,0.0,0.0,0.1142433234421365,0.0,0.019287833827893175,0.004451038575667656,13.0,1.0413804636,0.0801061895076923,674,121.6850551654965
15724,Mayumi Pacheco,2019-2020,0.0,0.0,0.16687898089171974,0.050955414012738856,0.02038216560509554,0.1859872611464968,0.024203821656050957,0.003821656050955414,0.006369426751592357,0.012738853503184714,0.035668789808917196,0.0,0.005095541401273885,0.003821656050955414,0.0,0.0,0.008917197452229299,0.008917197452229299,0.0,0.0,0.0,0.33375796178343947,0.0012738853503184713,0.0012738853503184713,0.12484076433121019,0.0,0.0025477707006369425,0.0025477707006369425,2.0,0.030768163,0.0153840815,785,98.43945938414379
15724,Mayumi Pacheco,2020-2021,0.0,0.0,0.20567755757900374,0.04392072844134976,0.0289234065345474,0.1628280664167113,0.018746652383502947,0.009105516871987145,0.011247991430101767,0.012319228709159078,0.025174076057846814,0.0005356186395286556,0.006427423674343867,0.005356186395286556,0.0,0.0010712372790573112,0.010712372790573112,0.010712372790573112,0.0005356186395286556,0.0,0.0,0.27423674343867166,0.0005356186395286556,0.0005356186395286556,0.1676486341724692,0.0005356186395286556,0.0032137118371719335,0.0,6.0,0.836516162,0.13941936033333333,1867,146.06223922114046
15724,Mayumi Pacheco,2023-2024,0.0020383204239706482,0.0008153281695882593,0.23562984101100692,0.03505911129229515,0.012637586628618018,0.21361598043212393,0.010191602119853241,0.0040766408479412965,0.007337953526294333,0.006930289441500204,0.016714227476559314,0.00040766408479412964,0.004484304932735426,0.0024459845087647777,0.0,0.0012229922543823889,0.010191602119853241,0.006522625356706074,0.0,0.0,0.0,0.31308601712189155,0.0,0.0,0.11088463106400326,0.00040766408479412964,0.003261312678353037,0.0020383204239706482,8.0,1.1404596610000002,0.14255745762500002,2453,184.26675569651948
15725,Natasha Harding,2019-2020,0.0,0.0,0.2229580573951435,0.03532008830022075,0.01434878587196468,0.18211920529801323,0.033112582781456956,0.009933774834437087,0.01545253863134658,0.013245033112582781,0.03421633554083885,0.0,0.0033112582781456954,0.008830022075055188,0.0,0.0,0.011037527593818985,0.02097130242825607,0.0,0.0,0.0,0.282560706401766,0.0,0.0,0.10596026490066225,0.0,0.005518763796909493,0.0011037527593818985,5.0,0.2922882815,0.05845765630000001,906,134.55445544554456
15725,Natasha Harding,2020-2021,0.001567398119122257,0.0,0.2754702194357367,0.030564263322884012,0.009404388714733543,0.17358934169278997,0.02233542319749216,0.012147335423197491,0.007445141065830721,0.008620689655172414,0.02664576802507837,0.00039184952978056425,0.007836990595611285,0.003918495297805642,0.0,0.001959247648902821,0.009796238244514107,0.016849529780564265,0.00039184952978056425,0.0,0.0,0.2511755485893417,0.0007836990595611285,0.0007836990595611285,0.12539184952978055,0.0007836990595611285,0.011755485893416929,0.00039184952978056425,30.0,4.070529114,0.13568430380000002,2552,113.55119394868244
15726,Lauren Bruton,2020-2021,0.0009191176470588235,0.0,0.29503676470588236,0.03308823529411765,0.009191176470588236,0.1801470588235294,0.003676470588235294,0.02389705882352941,0.009191176470588236,0.009191176470588236,0.02849264705882353,0.0,0.014705882352941176,0.011948529411764705,0.0,0.001838235294117647,0.0055147058823529415,0.022058823529411766,0.0,0.0,0.0,0.17738970588235295,0.0,0.0,0.15808823529411764,0.0,0.01011029411764706,0.0055147058823529415,11.0,2.045094181,0.18591765281818182,1088,128.33551769331586
15788,Amalie Grønbak Thestrup,2023-2024,0.0027799841143764893,0.0003971405877680699,0.33359809372517873,0.02779984114376489,0.014297061159650517,0.1278792692613185,0.004765687053216839,0.015091342335186657,0.003971405877680699,0.006354249404289118,0.03256552819698173,0.0,0.006751389992057188,0.003971405877680699,0.0,0.0019857029388403494,0.0023828435266084196,0.017077045274027005,0.0007942811755361397,0.0,0.0,0.13899920571882446,0.0007942811755361397,0.0007942811755361397,0.23947577442414614,0.0,0.013105639396346307,0.004368546465448769,33.0,5.9772004134,0.18112728525454547,2518,0.0
15789,Rikke Læntver Sevecke,2020-2021,0.00026737967914438503,0.0,0.26149732620320854,0.03074866310160428,0.008823529411764706,0.25614973262032087,0.028877005347593583,0.0008021390374331551,0.0029411764705882353,0.0032085561497326204,0.0106951871657754,0.00026737967914438503,0.0053475935828877,0.00267379679144385,0.0,0.0016042780748663102,0.008021390374331552,0.0018716577540106951,0.0,0.00026737967914438503,0.0,0.3296791443850267,0.00026737967914438503,0.00026737967914438503,0.04251336898395722,0.00026737967914438503,0.0021390374331550803,0.0008021390374331551,8.0,0.596604336,0.074575542,3740,0.0
15797,Matthias Bader,2023-2024,0.0033003300330033004,0.0,0.17491749174917492,0.039603960396039604,0.013201320132013201,0.20462046204620463,0.013201320132013201,0.006600660066006601,0.006600660066006601,0.019801980198019802,0.0429042904290429,0.0,0.0033003300330033004,0.0033003300330033004,0.0,0.0033003300330033004,0.006600660066006601,0.006600660066006601,0.0,0.0,0.0,0.2607260726072607,0.0,0.0,0.19141914191419143,0.0,0.0,0.0,0.0,0.0,0.0,303,143.5263157894737
15890,Noussair Mazraoui,2023-2024,0.0,0.0,0.2656826568265683,0.01845018450184502,0.0036900369003690036,0.24354243542435425,0.007380073800738007,0.0,0.01107011070110701,0.0036900369003690036,0.025830258302583026,0.0,0.0036900369003690036,0.0,0.0,0.0,0.014760147601476014,0.01107011070110701,0.0,0.0,0.0,0.2952029520295203,0.0,0.0,0.09225092250922509,0.0,0.0036900369003690036,0.0,1.0,0.030153356,0.030153356,271,187.61538461538464
16001,Garry Mendes Rodrigues,2023,0.0,0.0035211267605633804,0.3204225352112676,0.02464788732394366,0.01056338028169014,0.2007042253521127,0.0035211267605633804,0.01056338028169014,0.035211267605633804,0.0035211267605633804,0.017605633802816902,0.0,0.007042253521126761,0.02112676056338028,0.0,0.0,0.0,0.007042253521126761,0.0,0.0,0.0,0.15492957746478872,0.0,0.0,0.14084507042253522,0.0,0.03169014084507042,0.007042253521126761,9.0,1.5398325689999999,0.17109250766666664,284,0.0
16015,Nicolas Moumi Ngamaleu,2023,0.00819672131147541,0.0,0.23770491803278687,0.05737704918032787,0.02459016393442623,0.21311475409836064,0.0,0.00819672131147541,0.02459016393442623,0.004098360655737705,0.012295081967213115,0.0,0.004098360655737705,0.028688524590163935,0.0,0.004098360655737705,0.00819672131147541,0.012295081967213115,0.0,0.0,0.0,0.24180327868852458,0.004098360655737705,0.004098360655737705,0.08196721311475409,0.004098360655737705,0.00819672131147541,0.00819672131147541,2.0,0.052072821,0.0260364105,244,0.0
16120,Richie Laryea,2024,0.004395604395604396,0.0,0.2175824175824176,0.04835164835164835,0.017582417582417582,0.1956043956043956,0.006593406593406593,0.02197802197802198,0.01098901098901099,0.006593406593406593,0.026373626373626374,0.0,0.01098901098901099,0.026373626373626374,0.0,0.002197802197802198,0.006593406593406593,0.015384615384615385,0.0,0.0,0.0,0.2087912087912088,0.0,0.0,0.15384615384615385,0.002197802197802198,0.008791208791208791,0.008791208791208791,4.0,0.141861754,0.0354654385,455,108.33333333333333
16249,Yangel Clemente Herrera Ravelo,2024,0.0057553956834532375,0.0,0.28345323741007195,0.02014388489208633,0.008633093525179856,0.20863309352517986,0.004316546762589928,0.010071942446043165,0.012949640287769784,0.004316546762589928,0.02877697841726619,0.0,0.010071942446043165,0.011510791366906475,0.0,0.0028776978417266188,0.004316546762589928,0.011510791366906475,0.0,0.0,0.0,0.26187050359712233,0.0014388489208633094,0.0014388489208633094,0.09064748201438849,0.0014388489208633094,0.011510791366906475,0.004316546762589928,8.0,1.0905576787,0.1363197098375,695,0.0
16275,Ikoma Loïs Openda,2023-2024,0.0,0.0,0.27184466019417475,0.06310679611650485,0.024271844660194174,0.19902912621359223,0.0,0.014563106796116505,0.019417475728155338,0.0048543689320388345,0.019417475728155338,0.0,0.009708737864077669,0.024271844660194174,0.0,0.0048543689320388345,0.0048543689320388345,0.014563106796116505,0.0,0.0,0.0,0.16019417475728157,0.0,0.0,0.13106796116504854,0.0,0.02912621359223301,0.0048543689320388345,6.0,1.358278705,0.22637978416666668,206,0.0
16308,Leandro Daniel Paredes,2024,0.0,0.002288329519450801,0.2974828375286041,0.011441647597254004,0.004576659038901602,0.2494279176201373,0.006864988558352402,0.004576659038901602,0.0,0.004576659038901602,0.018306636155606407,0.0,0.011441647597254004,0.016018306636155607,0.0,0.0,0.004576659038901602,0.0,0.0,0.0,0.0,0.3180778032036613,0.0,0.0,0.036613272311212815,0.0,0.009153318077803204,0.004576659038901602,4.0,0.8386089438,0.20965223595,437,0.0
16335,Samuel Chimerenka Chukwueze,2023,0.0,0.0,0.28835978835978837,0.037037037037037035,0.007936507936507936,0.2222222222222222,0.0026455026455026454,0.015873015873015872,0.0291005291005291,0.0026455026455026454,0.015873015873015872,0.0,0.007936507936507936,0.013227513227513227,0.0,0.0,0.0026455026455026454,0.023809523809523808,0.0,0.0,0.0,0.20105820105820105,0.0,0.0,0.1111111111111111,0.0,0.010582010582010581,0.007936507936507936,4.0,0.117304772,0.029326193,378,0.0
16374,Aileen Whelan,2019-2020,0.0,0.0,0.23640319071791152,0.03118201595358956,0.016678752719361856,0.18274111675126903,0.00870195794053662,0.012327773749093546,0.01740391588107324,0.012327773749093546,0.03335750543872371,0.0,0.00870195794053662,0.00870195794053662,0.0,0.0014503263234227702,0.005801305293691081,0.02102973168963017,0.0,0.0,0.0,0.18346627991298042,0.0,0.0,0.20522117476432197,0.0,0.014503263234227702,0.0,20.0,2.4040230975,0.12020115487500001,1379,82.82282282282283
16374,Aileen Whelan,2020-2021,0.0009871668311944718,0.0,0.2622573214873314,0.035538005923000986,0.017439947351102335,0.1727541954590326,0.016123724909509706,0.009542612701546561,0.012504113195129977,0.014807502467917079,0.03586706153339914,0.0006581112207963146,0.006581112207963146,0.009213557091148404,0.0,0.0013162224415926291,0.01217505758473182,0.014807502467917079,0.0,0.0,0.0,0.21125370187561698,0.0006581112207963146,0.0006581112207963146,0.1533399144455413,0.0009871668311944718,0.010200723922342876,0.0003290556103981573,31.0,3.84416162,0.12400521354838709,3039,132.02838385788763
16374,Aileen Whelan,2023-2024,0.0038503850385038503,0.0,0.3069306930693069,0.025302530253025302,0.019801980198019802,0.1639163916391639,0.00605060506050605,0.007700770077007701,0.007150715071507151,0.0049504950495049506,0.02695269526952695,0.0,0.009900990099009901,0.00825082508250825,0.0,0.00055005500550055,0.005500550055005501,0.020902090209020903,0.00055005500550055,0.0,0.0,0.19581958195819582,0.00055005500550055,0.00055005500550055,0.16721672167216722,0.0011001100110011,0.013751375137513752,0.0027502750275027505,25.0,2.453743205,0.0981497282,1818,144.5278685628478
16376,Sophie Baggaley,2019-2020,0.0,0.0,0.1556743909685086,0.05525846702317291,0.0005941770647653001,0.19667260843731432,0.0005941770647653001,0.0,0.0,0.0017825311942959,0.0,0.0,0.0,0.0029708853238265003,0.1895424836601307,0.0023767082590612004,0.0,0.0,0.0,0.0,0.0,0.3939393939393939,0.0,0.0,0.0005941770647653001,0.0,0.0,0.0,0.0,0.0,0.0,1683,113.88721804511277
16376,Sophie Baggaley,2020-2021,0.0,0.0,0.12749762131303521,0.06374881065651761,0.0,0.17507136060894388,0.0014272121788772598,0.0,0.0,0.0009514747859181732,0.0,0.0009514747859181732,0.0,0.005233111322549952,0.2269267364414843,0.0019029495718363464,0.0,0.0,0.0,0.0004757373929590866,0.0,0.3943862987630828,0.0,0.0,0.0014272121788772598,0.0,0.0,0.0,0.0,0.0,0.0,2102,94.82706766917293
16376,Sophie Baggaley,2023-2024,0.0,0.0,0.20681265206812652,0.031630170316301706,0.00048661800486618007,0.2194647201946472,0.0,0.0,0.0,0.0009732360097323601,0.0,0.00145985401459854,0.0,0.0009732360097323601,0.17615571776155717,0.00535279805352798,0.0,0.0,0.0,0.0,0.0,0.3557177615571776,0.0,0.0,0.0009732360097323601,0.0,0.0,0.0,0.0,0.0,0.0,2055,102.46537396121883
16378,Iniabasi Anefiok Umotong,2019-2020,0.0,0.0,0.32007233273056057,0.018083182640144666,0.003616636528028933,0.16455696202531644,0.014466546112115732,0.014466546112115732,0.0216998191681736,0.003616636528028933,0.023508137432188065,0.0,0.014466546112115732,0.0162748643761302,0.0,0.0,0.0018083182640144665,0.018083182640144666,0.0,0.0,0.0,0.14285714285714285,0.0,0.0,0.2007233273056058,0.0,0.0162748643761302,0.0054249547920434,9.0,0.772675636,0.08585284844444445,553,0.0
16381,Gemma Evans,2019-2020,0.0007374631268436578,0.0,0.17994100294985252,0.029498525073746312,0.032448377581120944,0.18436578171091444,0.05530973451327434,0.004424778761061947,0.004424778761061947,0.007374631268436578,0.03392330383480826,0.0022123893805309734,0.0058997050147492625,0.00663716814159292,0.0,0.0,0.01327433628318584,0.0029498525073746312,0.0,0.0,0.0,0.2890855457227139,0.0,0.0,0.14454277286135694,0.0007374631268436578,0.0022123893805309734,0.0,3.0,0.08402759950000001,0.028009199833333335,1356,114.04541631623214
16381,Gemma Evans,2020-2021,0.0,0.0,0.16170431211498973,0.037987679671457907,0.038501026694045176,0.16529774127310062,0.07186858316221766,0.003593429158110883,0.002053388090349076,0.008726899383983572,0.039014373716632446,0.001026694045174538,0.008726899383983572,0.006673511293634497,0.0,0.002566735112936345,0.023100616016427104,0.001540041067761807,0.0,0.0,0.0,0.2797741273100616,0.000513347022587269,0.000513347022587269,0.1391170431211499,0.006160164271047228,0.001540041067761807,0.0,3.0,0.247568116,0.08252270533333333,1948,92.27368421052631
16381,Gemma Evans,2023-2024,0.0021253985122210413,0.0,0.23379383634431455,0.021253985122210415,0.015940488841657812,0.2263549415515409,0.01700318809776833,0.005313496280552604,0.0010626992561105207,0.004250797024442083,0.020191285866099893,0.0,0.005313496280552604,0.003188097768331562,0.0,0.0021253985122210413,0.007438894792773645,0.004250797024442083,0.0,0.0,0.0,0.3432518597236982,0.0010626992561105207,0.0010626992561105207,0.08289054197662062,0.0,0.0,0.0021253985122210413,0.0,0.0,0.0,941,176.65832290362954
16382,Heather Payne,2023-2024,0.0034065102195306586,0.0003785011355034065,0.20590461771385316,0.03747161241483724,0.020060560181680544,0.19379258137774413,0.012490537471612415,0.014761544284632853,0.025359576078728237,0.009462528387585163,0.025359576078728237,0.0003785011355034065,0.007191521574564724,0.009084027252081756,0.0,0.0003785011355034065,0.00757002271006813,0.015518546555639667,0.0,0.0,0.0,0.21839515518546557,0.0003785011355034065,0.0003785011355034065,0.18849356548069643,0.0,0.0018925056775170325,0.0018925056775170325,5.0,0.380147456,0.0760294912,2642,169.84285714285716
16383,Danique Kerkdijk,2019-2020,0.0,0.0,0.217,0.028,0.028,0.204,0.042,0.001,0.002,0.007,0.019,0.0,0.006,0.003,0.0,0.006,0.013,0.003,0.0,0.0,0.0,0.291,0.002,0.002,0.121,0.001,0.003,0.001,3.0,0.4365948028,0.14553160093333334,1000,72.80964323274816
16383,Danique Kerkdijk,2020-2021,0.0,0.0,0.22981700753498385,0.023143164693218515,0.016146393972012917,0.2147470398277718,0.05005382131324004,0.001076426264800861,0.0016146393972012918,0.005382131324004306,0.02099031216361679,0.0005382131324004305,0.00914962325080732,0.002691065662002153,0.0,0.0032292787944025836,0.01022604951560818,0.0005382131324004305,0.0,0.0,0.0,0.3207750269106566,0.0005382131324004305,0.0005382131324004305,0.08665231431646932,0.0016146393972012918,0.0,0.0005382131324004305,0.0,0.0,0.0,1858,104.20639371845205
16384,Carla Humphrey,2019-2020,0.0,0.0,0.2119815668202765,0.04516129032258064,0.016589861751152075,0.1889400921658986,0.009216589861751152,0.020276497695852536,0.01935483870967742,0.014746543778801843,0.030414746543778803,0.0,0.0027649769585253456,0.009216589861751152,0.0,0.0009216589861751152,0.011059907834101382,0.013824884792626729,0.0,0.0,0.0,0.19170506912442398,0.0,0.0,0.20184331797235022,0.0,0.009216589861751152,0.0027649769585253456,10.0,0.457836262,0.0457836262,1085,136.91811553561413
16384,Carla Humphrey,2020-2021,0.000502008032128514,0.0,0.21987951807228914,0.05271084337349398,0.01355421686746988,0.19176706827309237,0.01104417670682731,0.012550200803212851,0.01606425702811245,0.019076305220883535,0.026606425702811246,0.000502008032128514,0.0035140562248995983,0.0050200803212851405,0.0,0.0,0.009036144578313253,0.011546184738955823,0.0,0.0,0.0,0.2113453815261044,0.0,0.0,0.18323293172690763,0.0,0.007028112449799197,0.0050200803212851405,14.0,0.6721080353,0.04800771680714285,1992,105.64525633470832
16386,Lucy Hope,2019-2020,0.0,0.0,0.26713124274099886,0.04123112659698026,0.014518002322880372,0.21196283391405343,0.007549361207897794,0.008130081300813009,0.015098722415795587,0.009872241579558653,0.02032520325203252,0.0,0.009872241579558653,0.012195121951219513,0.0,0.0017421602787456446,0.006387921022067364,0.016260162601626018,0.0,0.0,0.0,0.23809523809523808,0.0011614401858304297,0.0011614401858304297,0.10743321718931476,0.0,0.008710801393728223,0.0011614401858304297,15.0,1.3374520468,0.08916346978666666,1722,119.78667491111455
16386,Lucy Hope,2020-2021,0.0,0.0,0.28364905284147557,0.03140578265204387,0.01794616151545364,0.19292123629112662,0.006480558325024925,0.010967098703888335,0.014456630109670987,0.014456630109670987,0.018444666001994018,0.0,0.00847457627118644,0.013459621136590228,0.0,0.0014955134596211367,0.007477567298105683,0.01794616151545364,0.0,0.0,0.0,0.22582253240279163,0.0004985044865403788,0.0004985044865403788,0.12063808574277168,0.0,0.011465603190428714,0.0014955134596211367,23.0,4.521801309,0.19660005691304347,2006,135.64237415477086
16386,Lucy Hope,2023-2024,0.0006591957811470006,0.0,0.23665128543177325,0.032300593276203035,0.016479894528675015,0.2168754119973632,0.017139090309822018,0.005932762030323006,0.013183915622940013,0.00988793671720501,0.017798286090969017,0.0006591957811470006,0.0032959789057350032,0.008569545154911009,0.0,0.0026367831245880024,0.004614370468029005,0.01054713249835201,0.0,0.0,0.0,0.28081740276862227,0.0013183915622940012,0.0013183915622940012,0.10678971654581411,0.0006591957811470006,0.008569545154911009,0.0032959789057350032,13.0,1.303663376,0.10028179815384616,1517,146.06825719482185
16391,Loren Dykes,2019-2020,0.0,0.0,0.16880093131548313,0.027939464493597205,0.013969732246798603,0.16065192083818394,0.06635622817229336,0.006984866123399301,0.0034924330616996507,0.011641443538998836,0.03958090803259604,0.0011641443538998836,0.008149010477299184,0.0011641443538998836,0.0,0.0,0.010477299185098952,0.009313154831199068,0.0,0.0,0.0,0.3061699650756694,0.0,0.0,0.16181606519208383,0.0,0.0,0.002328288707799767,0.0,0.0,0.0,859,87.30660643704122
16392,Felicity Gibbons,2019-2020,0.0,0.0,0.18545454545454546,0.05527272727272727,0.01309090909090909,0.20872727272727273,0.03490909090909091,0.008727272727272728,0.016,0.004363636363636364,0.02181818181818182,0.0,0.006545454545454545,0.008727272727272728,0.0,0.0007272727272727272,0.008727272727272728,0.007272727272727273,0.0,0.0,0.0,0.3229090909090909,0.0,0.0,0.09454545454545454,0.0014545454545454545,0.0007272727272727272,0.0,1.0,0.007713919,0.007713919,1375,86.84210526315789
16392,Felicity Gibbons,2020-2021,0.0,0.0,0.2231784279977051,0.0378657487091222,0.020080321285140562,0.19965576592082615,0.030407343660355707,0.0068846815834767644,0.005737234652897304,0.009753298909925417,0.021801491681009755,0.0,0.0051635111876075735,0.012048192771084338,0.0,0.004589787722317842,0.009179575444635685,0.0051635111876075735,0.0,0.0,0.0,0.3230063109581182,0.0,0.0,0.08089500860585198,0.0005737234652897303,0.0034423407917383822,0.0005737234652897303,6.0,0.355131327,0.0591885545,1743,136.87287322223193
16393,Ellie Brazil,2019-2020,0.0016611295681063123,0.0,0.25249169435215946,0.03488372093023256,0.016611295681063124,0.17109634551495018,0.006644518272425249,0.011627906976744186,0.006644518272425249,0.008305647840531562,0.018272425249169437,0.0,0.009966777408637873,0.0016611295681063123,0.0,0.0,0.011627906976744186,0.011627906976744186,0.0,0.0,0.0,0.16943521594684385,0.0,0.0,0.25249169435215946,0.0016611295681063123,0.011627906976744186,0.0016611295681063123,7.0,0.9121959930000001,0.1303137132857143,602,114.71522337497355
16393,Ellie Brazil,2020-2021,0.0004909180166912126,0.0,0.2857142857142857,0.030927835051546393,0.023564064801178203,0.16151202749140894,0.009327442317133039,0.013745704467353952,0.006381934216985763,0.007363770250368188,0.031909671084928815,0.0,0.008836524300441826,0.004909180166912126,0.0,0.0,0.011291114383897889,0.01914580265095729,0.0004909180166912126,0.0,0.0,0.16691212567501226,0.0,0.0,0.20913107511045656,0.0004909180166912126,0.007363770250368188,0.0004909180166912126,15.0,1.845810744,0.1230540496,2037,142.12729668966585
16394,Laura Rafferty,2020-2021,0.001697792869269949,0.0,0.1765704584040747,0.042444821731748725,0.03735144312393888,0.19015280135823429,0.06281833616298811,0.003395585738539898,0.006791171477079796,0.013582342954159592,0.03225806451612903,0.0,0.008488964346349746,0.003395585738539898,0.0,0.006791171477079796,0.011884550084889643,0.0,0.0,0.0,0.0,0.2631578947368421,0.0,0.0,0.13242784380305603,0.0,0.003395585738539898,0.003395585738539898,2.0,0.1250521013,0.06252605065,589,83.07475317348378
16395,Victoria Williams,2019-2020,0.0,0.0,0.2140468227424749,0.045707915273132664,0.017837235228539576,0.22630992196209587,0.055741360089186176,0.0011148272017837235,0.0011148272017837235,0.002229654403567447,0.020066889632107024,0.0,0.005574136008918618,0.0011148272017837235,0.0,0.0033444816053511705,0.011148272017837236,0.0011148272017837235,0.0,0.0,0.0,0.30657748049052397,0.0,0.0,0.08249721293199554,0.0,0.004459308807134894,0.0,4.0,0.31182194,0.077955485,897,76.05992085924251
16395,Victoria Williams,2020-2021,0.0,0.0,0.2227668845315904,0.0392156862745098,0.02178649237472767,0.20043572984749455,0.05718954248366013,0.0027233115468409588,0.0054466230936819175,0.006535947712418301,0.026688453159041396,0.0,0.00980392156862745,0.0027233115468409588,0.0,0.0010893246187363835,0.007080610021786492,0.004901960784313725,0.0,0.0,0.0,0.2968409586056645,0.0,0.0,0.09041394335511982,0.0,0.0027233115468409588,0.0016339869281045752,5.0,0.5236904693,0.10473809385999999,1836,115.90096093147227
16397,Chloe Peplow,2019-2020,0.0,0.0,0.20021881838074398,0.060175054704595186,0.014223194748358862,0.2275711159737418,0.010940919037199124,0.010940919037199124,0.0087527352297593,0.009846827133479213,0.02188183807439825,0.0,0.009846827133479213,0.00437636761487965,0.0,0.002188183807439825,0.007658643326039387,0.002188183807439825,0.0,0.0,0.0,0.27461706783369805,0.0,0.0,0.12253829321663019,0.0010940919037199124,0.005470459518599562,0.005470459518599562,5.0,0.1680237266,0.033604745320000004,914,96.01961013190149
16397,Chloe Peplow,2020-2021,0.0,0.0,0.2598684210526316,0.04276315789473684,0.009868421052631578,0.2532894736842105,0.013157894736842105,0.006578947368421052,0.006578947368421052,0.0,0.01644736842105263,0.0,0.0,0.006578947368421052,0.0,0.0,0.009868421052631578,0.003289473684210526,0.0,0.0,0.0,0.27631578947368424,0.0,0.0,0.08881578947368421,0.0,0.003289473684210526,0.003289473684210526,1.0,0.010821143,0.010821143,304,165.1176825588413
16399,Kate Natkiel,2019-2020,0.0,0.0,0.288135593220339,0.020338983050847456,0.01694915254237288,0.15932203389830507,0.006779661016949152,0.010169491525423728,0.0,0.010169491525423728,0.023728813559322035,0.0,0.003389830508474576,0.003389830508474576,0.0,0.0,0.010169491525423728,0.01694915254237288,0.0,0.0,0.0,0.21694915254237288,0.0,0.0,0.19661016949152543,0.0,0.010169491525423728,0.006779661016949152,3.0,0.247806013,0.08260200433333333,295,65.28153430046719
16400,Kayleigh Green,2019-2020,0.0,0.0014326647564469914,0.2987106017191977,0.0329512893982808,0.013610315186246419,0.17765042979942694,0.00501432664756447,0.012177650429799427,0.013610315186246419,0.007879656160458453,0.03008595988538682,0.0007163323782234957,0.004297994269340974,0.009312320916905445,0.0,0.0014326647564469914,0.013610315186246419,0.025787965616045846,0.0007163323782234957,0.0,0.0,0.18911174785100288,0.0014326647564469914,0.0014326647564469914,0.1489971346704871,0.0,0.008595988538681949,0.0014326647564469914,12.0,1.8989269739999999,0.1582439145,1396,94.4590632283287
16400,Kayleigh Green,2020-2021,0.0010282776349614395,0.0005141388174807198,0.2565552699228792,0.037532133676092545,0.017480719794344474,0.19125964010282775,0.012339331619537276,0.010282776349614395,0.017994858611825194,0.012853470437017995,0.03650385604113111,0.0,0.009254498714652956,0.008226221079691516,0.0,0.0035989717223650387,0.016452442159383032,0.015938303341902313,0.0005141388174807198,0.0,0.0,0.22262210796915166,0.0010282776349614395,0.0010282776349614395,0.11465295629820052,0.0010282776349614395,0.008740359897172237,0.002570694087403599,17.0,1.1001083839999999,0.06471225788235294,1945,140.10725148071074
16459,Cyle Larin,2024,0.004301075268817204,0.0,0.3333333333333333,0.03225806451612903,0.012903225806451613,0.15913978494623657,0.010752688172043012,0.023655913978494623,0.015053763440860216,0.002150537634408602,0.04516129032258064,0.0,0.021505376344086023,0.0064516129032258064,0.0,0.004301075268817204,0.0,0.021505376344086023,0.0,0.0,0.0,0.15913978494623657,0.0,0.0,0.12473118279569892,0.0,0.015053763440860216,0.008602150537634409,7.0,0.631961409,0.09028020128571428,465,103.89771598808342
16532,Daniel Olmo Carvajal,2023-2024,0.0,0.0,0.24113475177304963,0.03546099290780142,0.0035460992907801418,0.24113475177304963,0.0035460992907801418,0.0035460992907801418,0.010638297872340425,0.010638297872340425,0.02127659574468085,0.0,0.0035460992907801418,0.0070921985815602835,0.0,0.0,0.0070921985815602835,0.010638297872340425,0.0,0.0,0.0,0.2375886524822695,0.0,0.0,0.1524822695035461,0.0,0.0070921985815602835,0.0035460992907801418,2.0,0.12934547600000001,0.06467273800000001,282,0.0
16548,Mbwana Ally Samatta,2023,0.0,0.0,0.3250620347394541,0.02729528535980149,0.01240694789081886,0.20595533498759305,0.004962779156327543,0.009925558312655087,0.009925558312655087,0.007444168734491315,0.017369727047146403,0.0,0.007444168734491315,0.01488833746898263,0.0,0.007444168734491315,0.0024813895781637717,0.017369727047146403,0.0,0.0,0.0,0.19602977667493796,0.004962779156327543,0.004962779156327543,0.1141439205955335,0.0,0.004962779156327543,0.004962779156327543,2.0,0.056758404,0.028379202,403,0.0
16637,Cristian Jesús Martínez,2024,0.005110732538330494,0.0,0.2708688245315162,0.027257240204429302,0.008517887563884156,0.23509369676320271,0.005110732538330494,0.005110732538330494,0.0034071550255536627,0.008517887563884156,0.028960817717206135,0.0,0.0068143100511073255,0.017035775127768313,0.0,0.0034071550255536627,0.005110732538330494,0.0068143100511073255,0.0,0.0,0.0,0.26916524701873934,0.0017035775127768314,0.0017035775127768314,0.07836456558773425,0.0,0.005110732538330494,0.0068143100511073255,3.0,0.115412567,0.038470855666666665,587,0.0
16768,Michael Hector,2024,0.0,0.0,0.2465277777777778,0.05555555555555555,0.024305555555555556,0.2569444444444444,0.03125,0.003472222222222222,0.003472222222222222,0.0,0.0,0.0,0.010416666666666666,0.0,0.0,0.0,0.003472222222222222,0.0,0.0,0.0,0.0,0.3020833333333333,0.0,0.0,0.059027777777777776,0.0,0.003472222222222222,0.0,1.0,0.025376994,0.025376994,288,150.5226480836237
17033,Mohammed Kudus,2023,0.0,0.0,0.29411764705882354,0.04779411764705882,0.0,0.2536764705882353,0.0,0.014705882352941176,0.029411764705882353,0.0,0.01838235294117647,0.0,0.011029411764705883,0.022058823529411766,0.0,0.0,0.0,0.014705882352941176,0.0,0.0,0.0,0.1948529411764706,0.0,0.0,0.0625,0.0,0.03308823529411765,0.003676470588235294,9.0,0.409797858,0.045533095333333336,272,133.18824809575625
17274,Poppy Pattinson,2019-2020,0.0,0.0,0.16923076923076924,0.037606837606837605,0.02735042735042735,0.1623931623931624,0.037606837606837605,0.011965811965811967,0.010256410256410256,0.013675213675213675,0.023931623931623933,0.0,0.008547008547008548,0.006837606837606838,0.0,0.003418803418803419,0.005128205128205128,0.006837606837606838,0.0,0.0,0.0,0.3094017094017094,0.0,0.0,0.15726495726495726,0.003418803418803419,0.003418803418803419,0.0017094017094017094,2.0,0.24554651800000002,0.12277325900000001,585,95.08759255914754
17274,Poppy Pattinson,2020-2021,0.0006839945280437756,0.0,0.21956224350205197,0.03283173734610123,0.012995896032831737,0.20451436388508892,0.019835841313269494,0.005471956224350205,0.01094391244870041,0.01094391244870041,0.019151846785225718,0.0,0.0047879616963064295,0.0013679890560875513,0.0,0.0006839945280437756,0.009575923392612859,0.0047879616963064295,0.0,0.0,0.0,0.31053351573187415,0.0006839945280437756,0.0006839945280437756,0.1265389876880985,0.0006839945280437756,0.0013679890560875513,0.0013679890560875513,2.0,0.11967330600000001,0.059836653000000004,1462,165.6344410876133
17274,Poppy Pattinson,2023-2024,0.0013805798435342844,0.0,0.21859180855959504,0.03635526921306949,0.017027151403589506,0.21583064887252645,0.011044638748274275,0.010124252185918085,0.008283479061205707,0.0050621260929590425,0.022549470777726646,0.0,0.008283479061205707,0.0036815462494247586,0.0,0.002300966405890474,0.007823285780027611,0.007823285780027611,0.0,0.0,0.0,0.29590427979751494,0.0009203865623561896,0.0009203865623561896,0.11826967326277037,0.002300966405890474,0.0036815462494247586,0.0018407731247123793,8.0,0.40419231,0.05052403875,2173,149.5069184313126
17275,Hannah Jayne Blundell,2019-2020,0.0,0.0,0.25920679886685555,0.039660056657223795,0.009915014164305949,0.24079320113314448,0.0028328611898017,0.007082152974504249,0.007082152974504249,0.007082152974504249,0.015580736543909348,0.0,0.0,0.00424929178470255,0.0,0.0,0.007082152974504249,0.00424929178470255,0.0,0.0,0.0,0.31869688385269124,0.0,0.0,0.0708215297450425,0.0,0.00424929178470255,0.00141643059490085,3.0,0.25188906,0.08396302,706,0.0
17275,Hannah Jayne Blundell,2020-2021,0.0,0.0,0.2651576394502829,0.0274858528698464,0.009700889248181084,0.25788197251414713,0.008084074373484237,0.005658852061438965,0.0032336297493936943,0.004850444624090542,0.0032336297493936943,0.0,0.0016168148746968471,0.002425222312045271,0.0,0.0,0.010509296685529508,0.007275666936135812,0.0,0.0,0.0,0.34438156831042843,0.0,0.0,0.0444624090541633,0.0016168148746968471,0.0016168148746968471,0.0008084074373484236,2.0,0.08677911399999999,0.043389556999999995,1237,0.0
17275,Hannah Jayne Blundell,2023-2024,0.00020542317173377156,0.0,0.2510271158586689,0.024650780608052588,0.013557929334428924,0.2442481511914544,0.009038619556285949,0.004313886606409203,0.004313886606409203,0.0030813475760065735,0.013763352506162695,0.00020542317173377156,0.001437962202136401,0.0024650780608052587,0.0,0.0004108463434675431,0.005751848808545604,0.003492193919474117,0.0,0.0,0.0,0.3370994248151191,0.0,0.0,0.07764995891536565,0.0004108463434675431,0.0022596548890714873,0.0006162695152013147,11.0,0.70527164,0.06411560363636364,4868,0.0
17524,Jennifer Patricia Beattie,2019-2020,0.0006734006734006734,0.0,0.29764309764309765,0.015488215488215488,0.0053872053872053875,0.2841750841750842,0.016835016835016835,0.0,0.0,0.0026936026936026937,0.010774410774410775,0.0,0.0006734006734006734,0.0006734006734006734,0.0,0.0,0.003367003367003367,0.0006734006734006734,0.0,0.0,0.0,0.3400673400673401,0.0,0.0,0.016835016835016835,0.0013468013468013469,0.00202020202020202,0.0006734006734006734,3.0,0.211923464,0.07064115466666666,1485,173.2339598185353
17524,Jennifer Patricia Beattie,2020-2021,0.0,0.0,0.2936848559166156,0.017780502759043533,0.004904966278356836,0.27406499080318825,0.011036174126302882,0.002452483139178418,0.002452483139178418,0.001226241569589209,0.014101778050275904,0.0,0.001226241569589209,0.0006131207847946045,0.0,0.001226241569589209,0.0030656039239730227,0.0006131207847946045,0.0,0.0,0.0,0.3421213979153893,0.0006131207847946045,0.0006131207847946045,0.022685469037400367,0.0,0.0030656039239730227,0.002452483139178418,5.0,0.715385282,0.14307705639999999,1631,240.2061855670103
17524,Jennifer Patricia Beattie,2023-2024,0.0,0.0,0.3014705882352941,0.022058823529411766,0.007352941176470588,0.22794117647058823,0.01838235294117647,0.003676470588235294,0.0,0.0,0.022058823529411766,0.0,0.003676470588235294,0.003676470588235294,0.0,0.0,0.003676470588235294,0.0,0.0,0.0,0.0,0.34191176470588236,0.003676470588235294,0.003676470588235294,0.029411764705882353,0.0,0.003676470588235294,0.003676470588235294,1.0,0.13681437,0.13681437,272,0.0
17618,Carlos Akapo Martínez,2023,0.0,0.0,0.1918158567774936,0.020460358056265986,0.020460358056265986,0.1815856777493606,0.03324808184143223,0.010230179028132993,0.020460358056265986,0.0076726342710997444,0.03580562659846547,0.0,0.01278772378516624,0.0025575447570332483,0.0,0.0025575447570332483,0.010230179028132993,0.0076726342710997444,0.0,0.0,0.0,0.28388746803069054,0.0,0.0,0.15089514066496162,0.005115089514066497,0.0,0.0025575447570332483,0.0,0.0,0.0,391,0.0
17974,Gregor Kobel,2023-2024,0.0,0.0,0.23371647509578544,0.03065134099616858,0.0,0.19540229885057472,0.0,0.0,0.0038314176245210726,0.0,0.0,0.0,0.0,0.0,0.16091954022988506,0.0038314176245210726,0.0,0.0,0.0,0.0,0.0,0.3716475095785441,0.0,0.0,0.0,0.0,0.0,0.0,0.0,0.0,0.0,261,123.63157894736842
18144,Rebecca Jane,2019-2020,0.0012618296529968455,0.0,0.2031545741324921,0.044794952681388014,0.012618296529968454,0.21324921135646688,0.022712933753943218,0.008201892744479496,0.008832807570977918,0.004416403785488959,0.019558359621451103,0.0,0.0037854889589905363,0.0018927444794952682,0.0,0.0006309148264984228,0.006309148264984227,0.0056782334384858045,0.0,0.0,0.0,0.35205047318611987,0.0,0.0,0.08832807570977919,0.0006309148264984228,0.0012618296529968455,0.0006309148264984228,2.0,0.06941117969999999,0.034705589849999996,1585,107.92918211394415
18145,Ria Percival,2019-2020,0.0008116883116883117,0.0,0.21672077922077923,0.03977272727272727,0.01461038961038961,0.18506493506493507,0.020292207792207792,0.005681818181818182,0.007305194805194805,0.017857142857142856,0.03409090909090909,0.0,0.015422077922077922,0.008116883116883116,0.0,0.0,0.015422077922077922,0.008116883116883116,0.0,0.0,0.0,0.2532467532467532,0.0,0.0,0.15016233766233766,0.0008116883116883117,0.006493506493506494,0.0,8.0,0.373497137,0.046687142125,1232,83.36842105263158
18145,Ria Percival,2020-2021,0.0012914334911752045,0.0,0.21782178217821782,0.037882049074472665,0.017649591046061126,0.1829530779164873,0.012914334911752045,0.0064571674558760225,0.009040034438226431,0.009470512268618166,0.03702109341368919,0.00043047783039173483,0.012914334911752045,0.016788635385277657,0.0,0.002152389151958674,0.009900990099009901,0.01420576840292725,0.0,0.0,0.0,0.2600086095566078,0.00043047783039173483,0.00043047783039173483,0.14334911752044768,0.0008609556607834697,0.006026689625484288,0.0,14.0,1.779706966,0.12712192614285714,2323,137.54605263157896
18145,Ria Percival,2023-2024,0.0,0.0,0.2639593908629442,0.025380710659898477,0.02030456852791878,0.18274111675126903,0.0025380710659898475,0.0,0.0025380710659898475,0.012690355329949238,0.017766497461928935,0.0,0.017766497461928935,0.015228426395939087,0.0,0.005076142131979695,0.012690355329949238,0.007614213197969543,0.0,0.0,0.0,0.24619289340101522,0.0,0.0,0.1548223350253807,0.0,0.01015228426395939,0.0025380710659898475,4.0,0.250923279,0.06273081975,394,178.91019172552978
18146,Leanne Kiernan,2019-2020,0.0,0.001594896331738437,0.3014354066985646,0.03349282296650718,0.014354066985645933,0.17703349282296652,0.003189792663476874,0.014354066985645933,0.014354066985645933,0.006379585326953748,0.03827751196172249,0.0,0.017543859649122806,0.014354066985645933,0.0,0.003189792663476874,0.004784688995215311,0.03189792663476874,0.003189792663476874,0.0,0.0,0.1547049441786284,0.0,0.0,0.14992025518341306,0.0,0.007974481658692184,0.007974481658692184,5.0,0.8436997416,0.16873994832,627,103.65540044085233
18146,Leanne Kiernan,2020-2021,0.0,0.0,0.26956521739130435,0.0463768115942029,0.005797101449275362,0.2144927536231884,0.0,0.034782608695652174,0.028985507246376812,0.011594202898550725,0.02608695652173913,0.0,0.008695652173913044,0.008695652173913044,0.0,0.0,0.008695652173913044,0.020289855072463767,0.0,0.0,0.0,0.15072463768115943,0.0,0.0,0.1536231884057971,0.0,0.005797101449275362,0.005797101449275362,2.0,0.087444682,0.043722341,345,129.59098497495827
18146,Leanne Kiernan,2023-2024,0.0,0.0,0.3098125689084895,0.030871003307607496,0.014332965821389196,0.17089305402425578,0.002205071664829107,0.013230429988974642,0.014332965821389196,0.014332965821389196,0.024255788313120176,0.0,0.012127894156560088,0.007717750826901874,0.0,0.002205071664829107,0.005512679162072767,0.025358324145534728,0.0,0.0,0.0,0.1444321940463065,0.0011025358324145535,0.0011025358324145535,0.185226019845645,0.0,0.016538037486218304,0.004410143329658214,15.0,3.1425297135,0.2095019809,907,175.39750752041255
18147,Kate Longhurst,2019-2020,0.0,0.0008460236886632825,0.22588832487309646,0.04314720812182741,0.023688663282571912,0.19627749576988154,0.014382402707275803,0.009306260575296108,0.012690355329949238,0.01353637901861252,0.021150592216582064,0.0008460236886632825,0.014382402707275803,0.008460236886632826,0.0,0.00338409475465313,0.005922165820642978,0.01015228426395939,0.0,0.0,0.0,0.2470389170896785,0.0025380710659898475,0.0025380710659898475,0.13790186125211507,0.0,0.00338409475465313,0.0025380710659898475,4.0,0.184652115,0.04616302875,1182,104.5812033031852
18147,Kate Longhurst,2020-2021,0.0010256410256410256,0.0,0.19230769230769232,0.05282051282051282,0.01641025641025641,0.1641025641025641,0.02,0.006666666666666667,0.007692307692307693,0.014871794871794871,0.022564102564102566,0.0,0.011794871794871795,0.0056410256410256415,0.0,0.0035897435897435897,0.008205128205128205,0.007692307692307693,0.0,0.0,0.0,0.261025641025641,0.0005128205128205128,0.0005128205128205128,0.19743589743589743,0.0005128205128205128,0.002564102564102564,0.0020512820512820513,5.0,0.365758388,0.07315167759999999,1950,119.08800977132388
18149,Remi Allen,2019-2020,0.0013253810470510272,0.0013253810470510272,0.21868787276341947,0.060304837640821736,0.01855533465871438,0.19814446653412857,0.013253810470510271,0.00927766732935719,0.012591119946984758,0.012591119946984758,0.033797216699801194,0.0,0.012591119946984758,0.02054340622929092,0.0,0.0006626905235255136,0.0066269052352551355,0.0066269052352551355,0.0,0.0,0.0,0.24254473161033796,0.0006626905235255136,0.0006626905235255136,0.11994698475811796,0.0,0.00927766732935719,0.0,14.0,3.1480593199999998,0.22486137999999997,1509,119.13157894736842
18150,Julia Simic,2019-2020,0.0,0.0,0.2885375494071146,0.05138339920948617,0.007905138339920948,0.22529644268774704,0.003952569169960474,0.019762845849802372,0.007905138339920948,0.0,0.007905138339920948,0.0,0.007905138339920948,0.007905138339920948,0.0,0.0,0.0,0.02766798418972332,0.0,0.0,0.0,0.25691699604743085,0.0,0.0,0.07905138339920949,0.0,0.003952569169960474,0.003952569169960474,1.0,0.03677738,0.03677738,253,102.89200180750112
18151,Gilly Louise Scarlett Flaherty,2019-2020,0.0007739938080495357,0.0,0.22523219814241485,0.034055727554179564,0.020123839009287926,0.22678018575851394,0.053405572755417956,0.0030959752321981426,0.0007739938080495357,0.00696594427244582,0.01238390092879257,0.0007739938080495357,0.009287925696594427,0.003869969040247678,0.0,0.0030959752321981426,0.00696594427244582,0.0015479876160990713,0.0,0.0,0.0,0.33591331269349844,0.0,0.0,0.05030959752321981,0.0007739938080495357,0.003869969040247678,0.0,5.0,0.389874147,0.0779748294,1292,0.0
18151,Gilly Louise Scarlett Flaherty,2020-2021,0.000425531914893617,0.000851063829787234,0.22595744680851063,0.023829787234042554,0.017872340425531916,0.2093617021276596,0.059574468085106386,0.001702127659574468,0.000851063829787234,0.002127659574468085,0.019148936170212766,0.001276595744680851,0.005531914893617021,0.00425531914893617,0.0,0.000425531914893617,0.01148936170212766,0.002127659574468085,0.0,0.0,0.0,0.3302127659574468,0.0,0.0,0.07829787234042553,0.001702127659574468,0.0029787234042553193,0.0,7.0,0.548213182,0.07831616885714286,2350,0.0
18153,Alisha Lehmann,2019-2020,0.0009718172983479105,0.0009718172983479105,0.3304178814382896,0.03984450923226433,0.008746355685131196,0.20505344995140914,0.0029154518950437317,0.028182701652089408,0.0184645286686103,0.012633624878522837,0.013605442176870748,0.0,0.009718172983479106,0.010689990281827016,0.0,0.0009718172983479105,0.004859086491739553,0.019436345966958212,0.0,0.0,0.0,0.16715257531584063,0.0009718172983479105,0.0009718172983479105,0.10884353741496598,0.0,0.012633624878522837,0.001943634596695821,13.0,1.7609521099999998,0.1354578546153846,1029,91.0977769034035
18153,Alisha Lehmann,2020-2021,0.0,0.0,0.3122895622895623,0.041245791245791245,0.012626262626262626,0.2037037037037037,0.0008417508417508417,0.01430976430976431,0.02861952861952862,0.009259259259259259,0.026094276094276093,0.0,0.008417508417508417,0.008417508417508417,0.0,0.0016835016835016834,0.0008417508417508417,0.03787878787878788,0.0,0.0,0.0,0.1675084175084175,0.0,0.0,0.1069023569023569,0.0016835016835016834,0.011784511784511785,0.005892255892255892,14.0,1.4056977773,0.10040698409285713,1188,134.79576399394855
18153,Alisha Lehmann,2023-2024,0.0020942408376963353,0.0010471204188481676,0.2942408376963351,0.04293193717277487,0.013612565445026177,0.19581151832460733,0.0020942408376963353,0.020942408376963352,0.01780104712041885,0.010471204188481676,0.012565445026178011,0.0,0.0062827225130890054,0.0062827225130890054,0.0,0.0,0.0062827225130890054,0.01780104712041885,0.0,0.0,0.0,0.16753926701570682,0.0,0.0,0.15916230366492146,0.0010471204188481676,0.011518324607329843,0.010471204188481676,11.0,1.622595701,0.1475087000909091,955,125.93406593406593
18157,Brianna Visalli,2019-2020,0.0,0.0,0.2392638036809816,0.03987730061349693,0.0,0.2331288343558282,0.012269938650306749,0.02147239263803681,0.012269938650306749,0.012269938650306749,0.03680981595092025,0.0,0.006134969325153374,0.006134969325153374,0.0,0.006134969325153374,0.006134969325153374,0.03374233128834356,0.0,0.0,0.0,0.19325153374233128,0.0,0.0,0.13190184049079753,0.0,0.009202453987730062,0.0,3.0,0.192169685,0.06405656166666666,326,44.68473956746878
18158,Rebecca Leigh Spencer,2019-2020,0.0,0.0,0.18363064008394545,0.04512067156348373,0.0,0.21091290661070305,0.001049317943336831,0.0,0.0,0.001049317943336831,0.0,0.001049317943336831,0.0,0.001049317943336831,0.1783840503672613,0.004197271773347324,0.0,0.0,0.0,0.0,0.0,0.37145855194123817,0.0,0.0,0.0,0.0,0.0,0.002098635886673662,0.0,0.0,0.0,953,0.0
18158,Rebecca Leigh Spencer,2020-2021,0.0,0.0,0.21083978558665872,0.034544371649791544,0.0,0.2144133412745682,0.0,0.0,0.0023823704586063135,0.0,0.0,0.0,0.0,0.0,0.14472900536033353,0.001786777843954735,0.0,0.0,0.0,0.0005955926146515784,0.0,0.3901131625967838,0.0,0.0,0.0005955926146515784,0.0,0.0,0.0,0.0,0.0,0.0,1679,0.0
18158,Rebecca Leigh Spencer,2023-2024,0.0,0.0,0.21957186544342508,0.044036697247706424,0.0006116207951070336,0.21467889908256882,0.0,0.0,0.0,0.0,0.0,0.0006116207951070336,0.0,0.003669724770642202,0.13944954128440368,0.0061162079510703364,0.0,0.0,0.0,0.0,0.0,0.37003058103975534,0.0,0.0,0.0012232415902140672,0.0,0.0,0.0,0.0,0.0,0.0,1635,0.0
18159,Brooke Hendrix,2019-2020,0.0,0.0,0.17725752508361203,0.023411371237458192,0.05016722408026756,0.15384615384615385,0.0802675585284281,0.0,0.0,0.0,0.033444816053511704,0.0033444816053511705,0.013377926421404682,0.016722408026755852,0.0,0.0033444816053511705,0.023411371237458192,0.0033444816053511705,0.0,0.0,0.0,0.3177257525083612,0.0,0.0,0.09364548494983277,0.0,0.0033444816053511705,0.0033444816053511705,1.0,0.041794177,0.041794177,299,62.727272727272734
18163,Moses Daddy-Ajala Simon,2023,0.0015360983102918587,0.0,0.2903225806451613,0.027649769585253458,0.010752688172043012,0.2350230414746544,0.0030721966205837174,0.018433179723502304,0.030721966205837174,0.004608294930875576,0.027649769585253458,0.0,0.004608294930875576,0.010752688172043012,0.0,0.0015360983102918587,0.006144393241167435,0.013824884792626729,0.0,0.0,0.0,0.18740399385560677,0.0,0.0,0.11367127496159754,0.0,0.007680491551459293,0.004608294930875576,5.0,0.4594232695,0.0918846539,651,0.0
18242,Tim Ream,2024,0.002717391304347826,0.0,0.26358695652173914,0.01358695652173913,0.008152173913043478,0.24456521739130435,0.029891304347826088,0.0,0.0,0.002717391304347826,0.008152173913043478,0.002717391304347826,0.002717391304347826,0.0,0.0,0.002717391304347826,0.002717391304347826,0.002717391304347826,0.002717391304347826,0.0,0.0,0.358695652173913,0.002717391304347826,0.002717391304347826,0.03804347826086957,0.002717391304347826,0.0,0.005434782608695652,0.0,0.0,0.0,368,123.07692307692307
18253,Hannah Cain,2019-2020,0.002570694087403599,0.0,0.33033419023136246,0.02699228791773779,0.011568123393316195,0.16195372750642673,0.002570694087403599,0.011568123393316195,0.014138817480719794,0.0038560411311053984,0.02313624678663239,0.0,0.005141388174807198,0.0,0.0,0.0012853470437017994,0.0,0.032133676092544985,0.0,0.0,0.0,0.14138817480719795,0.0,0.0,0.21079691516709512,0.0,0.015424164524421594,0.005141388174807198,12.0,0.8247984660000001,0.0687332055,778,118.67796610169492
18253,Hannah Cain,2023-2024,0.001455604075691412,0.001455604075691412,0.3027656477438137,0.042212518195050945,0.021834061135371178,0.17903930131004367,0.0,0.010189228529839884,0.01601164483260553,0.00727802037845706,0.020378457059679767,0.0,0.004366812227074236,0.00727802037845706,0.0,0.001455604075691412,0.002911208151382824,0.018922852983988356,0.0,0.0,0.0,0.17758369723435224,0.001455604075691412,0.001455604075691412,0.17321688500727803,0.0,0.004366812227074236,0.004366812227074236,3.0,0.178812552,0.059604184000000004,687,129.297365119197
18254,Megan Finnigan,2019-2020,0.0,0.0,0.22065727699530516,0.027386541471048513,0.008607198748043818,0.23552425665101723,0.04538341158059468,0.004694835680751174,0.004694835680751174,0.008607198748043818,0.024256651017214397,0.0,0.003129890453834116,0.003912363067292645,0.0,0.002347417840375587,0.006259780907668232,0.0,0.0,0.0,0.0,0.3161189358372457,0.0,0.0,0.08528951486697965,0.0,0.003129890453834116,0.0,4.0,0.421787081,0.10544677025,1278,121.07368421052632
18254,Megan Finnigan,2020-2021,0.0,0.00024348672997321646,0.272218164110056,0.017774531288044803,0.008522035549062576,0.2673484295105917,0.02824446067689311,0.0017044071098125152,0.0034088142196250304,0.0029218407596785976,0.011930849768687607,0.00024348672997321646,0.003165327489651814,0.0017044071098125152,0.0,0.00024348672997321646,0.007304601899196494,0.0007304601899196494,0.00024348672997321646,0.0,0.0,0.31872412953494034,0.0,0.0,0.04967129291453616,0.0007304601899196494,0.002678354029705381,0.00024348672997321646,11.0,1.02591945,0.09326540454545454,4107,181.19117647058823
18254,Megan Finnigan,2023-2024,0.0005546311702717693,0.00027731558513588466,0.27454242928452577,0.012479201331114808,0.013588463671658347,0.26234054353854686,0.03466444814198558,0.0011092623405435386,0.0024958402662229617,0.0019412090959511925,0.01552967276760954,0.0005546311702717693,0.0036051026067665,0.0011092623405435386,0.0,0.0008319467554076539,0.0024958402662229617,0.0005546311702717693,0.0,0.0,0.0,0.31475318912922906,0.00027731558513588466,0.00027731558513588466,0.05268996117581808,0.00027731558513588466,0.003050471436494731,0.0,11.0,0.9911458980000001,0.09010417254545455,3606,162.67669172932332
18395,Vinícius José Paixão de Oliveira Júnior,2024,0.009950248756218905,0.0024875621890547263,0.3009950248756219,0.029850746268656716,0.012437810945273632,0.2462686567164179,0.0,0.012437810945273632,0.05721393034825871,0.0024875621890547263,0.004975124378109453,0.0,0.007462686567164179,0.01990049751243781,0.0,0.0,0.0,0.02736318407960199,0.0,0.0,0.0,0.16666666666666666,0.0,0.0,0.08706467661691543,0.0,0.009950248756218905,0.0024875621890547263,4.0,0.731924793,0.18298119825,402,0.0
18414,Bastian Schweinsteiger,2009-2010,0.0,0.0,0.30193905817174516,0.01662049861495845,0.002770083102493075,0.296398891966759,0.00554016620498615,0.0,0.002770083102493075,0.002770083102493075,0.00554016620498615,0.0,0.002770083102493075,0.008310249307479225,0.0,0.0,0.0,0.002770083102493075,0.0,0.0,0.0,0.31301939058171746,0.0,0.0,0.038781163434903045,0.0,0.0,0.0,0.0,0.0,0.0,361,342.0
18414,Bastian Schweinsteiger,2011-2012,0.0,0.0,0.25249169435215946,0.019933554817275746,0.006644518272425249,0.23920265780730898,0.006644518272425249,0.006644518272425249,0.013289036544850499,0.019933554817275746,0.013289036544850499,0.0,0.006644518272425249,0.006644518272425249,0.0,0.0,0.006644518272425249,0.0,0.0,0.0,0.0,0.31561461794019935,0.0,0.0,0.07641196013289037,0.0,0.009966777408637873,0.0,3.0,0.991387005,0.330462335,301,285.15789473684214
18414,Bastian Schweinsteiger,2012-2013,0.004166666666666667,0.0,0.25,0.05416666666666667,0.0,0.25833333333333336,0.0,0.008333333333333333,0.0,0.016666666666666666,0.004166666666666667,0.0,0.004166666666666667,0.0,0.0,0.0,0.004166666666666667,0.0,0.0,0.0,0.0,0.35,0.0,0.0,0.03333333333333333,0.0,0.0125,0.0,3.0,0.174224389,0.05807479633333334,240,227.36842105263156
18516,Habibou Mouhamadou Diallo,2023,0.005555555555555556,0.0,0.3388888888888889,0.025,0.008333333333333333,0.125,0.005555555555555556,0.011111111111111112,0.002777777777777778,0.002777777777777778,0.030555555555555555,0.0,0.016666666666666666,0.011111111111111112,0.0,0.002777777777777778,0.013888888888888888,0.019444444444444445,0.0,0.0,0.0,0.12777777777777777,0.002777777777777778,0.002777777777777778,0.2222222222222222,0.0,0.013888888888888888,0.011111111111111112,5.0,1.6376466699999999,0.32752933399999995,360,0.0
18639,Mathieu Choiniere,2024,0.0,0.0,0.25833333333333336,0.029166666666666667,0.008333333333333333,0.225,0.008333333333333333,0.008333333333333333,0.004166666666666667,0.004166666666666667,0.020833333333333332,0.0,0.0125,0.0125,0.0,0.004166666666666667,0.004166666666666667,0.004166666666666667,0.0,0.0,0.0,0.30416666666666664,0.0,0.0,0.0875,0.0,0.004166666666666667,0.0,1.0,0.7835,0.7835,240,0.0
18874,Mauricio Aníbal Isla Isla,2024,0.0021551724137931034,0.0,0.2650862068965517,0.015086206896551725,0.008620689655172414,0.23060344827586207,0.017241379310344827,0.004310344827586207,0.00646551724137931,0.00646551724137931,0.017241379310344827,0.0,0.004310344827586207,0.00646551724137931,0.0,0.004310344827586207,0.004310344827586207,0.004310344827586207,0.0,0.0,0.0,0.35129310344827586,0.0,0.0,0.04741379310344827,0.0021551724137931034,0.0,0.0021551724137931034,0.0,0.0,0.0,464,0.0
18998,Emma Mukandi,2019-2020,0.001652892561983471,0.0,0.2049586776859504,0.04132231404958678,0.01652892561983471,0.21652892561983472,0.03305785123966942,0.003305785123966942,0.009917355371900827,0.01487603305785124,0.021487603305785124,0.0,0.0049586776859504135,0.008264462809917356,0.0,0.0,0.008264462809917356,0.011570247933884297,0.0,0.0,0.0,0.30247933884297523,0.0,0.0,0.08925619834710743,0.003305785123966942,0.008264462809917356,0.0,5.0,0.485380518,0.09707610359999999,605,144.00952129066386
18998,Emma Mukandi,2020-2021,0.0012636899747262005,0.0,0.2076663858466723,0.03664700926705981,0.014321819713563605,0.20977253580454927,0.02148272957034541,0.005475989890480202,0.013900589721988205,0.010951979780960405,0.020219039595619208,0.00042122999157540015,0.006739679865206402,0.004633529907329402,0.0,0.0012636899747262005,0.012215669755686605,0.0037910699241786015,0.0,0.0,0.0,0.33277169334456613,0.0,0.0,0.09056444818871104,0.0008424599831508003,0.004212299915754001,0.0008424599831508003,10.0,0.3685596094,0.03685596094,2374,169.00806834361651
18999,Leah Williamson,2019-2020,0.0003502626970227671,0.0,0.27600700525394045,0.0276707530647986,0.004553415061295972,0.2746059544658494,0.012609457092819614,0.0007005253940455342,0.0031523642732049035,0.0024518388791593695,0.007355516637478109,0.0,0.0007005253940455342,0.003852889667250438,0.0,0.0003502626970227671,0.005253940455341506,0.0017513134851138354,0.0,0.0,0.0,0.3474605954465849,0.0,0.0,0.028021015761821366,0.0,0.0024518388791593695,0.0007005253940455342,7.0,0.715872398,0.10226748542857143,2855,190.16429840142098
18999,Leah Williamson,2020-2021,0.00038752179810114316,0.0,0.28385971710908736,0.023832590583220306,0.006394109668668863,0.2782406510366208,0.014919589226894013,0.0007750435962022863,0.0021313698895562877,0.0011625653943034295,0.008913001356326293,0.0005812826971517147,0.0031001743848091453,0.001937608990505716,0.0,0.00019376089905057158,0.007750435962022864,0.001937608990505716,0.00019376089905057158,0.0,0.0,0.33191242007362914,0.0,0.0,0.02673900406897888,0.0005812826971517147,0.004068978880062003,0.00038752179810114316,21.0,1.5494654144,0.07378406735238095,5161,263.28647545629747
18999,Leah Williamson,2023-2024,0.0,0.0,0.29365079365079366,0.019140989729225025,0.002334267040149393,0.27871148459383754,0.010737628384687208,0.00046685340802987864,0.0014005602240896359,0.0014005602240896359,0.008403361344537815,0.0,0.0014005602240896359,0.0009337068160597573,0.0,0.00046685340802987864,0.0056022408963585435,0.0018674136321195146,0.0,0.0,0.0,0.35154061624649857,0.0,0.0,0.018674136321195144,0.00046685340802987864,0.0014005602240896359,0.0014005602240896359,3.0,0.183181457,0.061060485666666664,2142,286.27858627858626
19109,Steven Gerrard,2004-2005,0.0,0.0,0.24897959183673468,0.02857142857142857,0.024489795918367346,0.2163265306122449,0.012244897959183673,0.004081632653061225,0.004081632653061225,0.0163265306122449,0.024489795918367346,0.0,0.0,0.00816326530612245,0.0,0.0,0.0,0.00816326530612245,0.0,0.0,0.0,0.30612244897959184,0.0,0.0,0.08979591836734693,0.0,0.00816326530612245,0.0,2.0,0.09243311800000001,0.046216559000000004,245,232.10526315789474
19295,Philipp Lahm,2009-2010,0.0,0.0,0.2845849802371542,0.015810276679841896,0.011857707509881422,0.26877470355731226,0.003952569169960474,0.0,0.0,0.011857707509881422,0.019762845849802372,0.0,0.007905138339920948,0.0,0.0,0.0,0.0,0.0,0.0,0.0,0.0,0.3241106719367589,0.0,0.0,0.05138339920948617,0.0,0.0,0.0,0.0,0.0,0.0,253,239.68421052631578
19295,Philipp Lahm,2011-2012,0.0,0.0,0.2323943661971831,0.04225352112676056,0.0035211267605633804,0.27816901408450706,0.01056338028169014,0.0035211267605633804,0.017605633802816902,0.0035211267605633804,0.028169014084507043,0.0,0.0,0.0035211267605633804,0.0,0.0,0.01056338028169014,0.0035211267605633804,0.0,0.0,0.0,0.3274647887323944,0.0,0.0,0.03169014084507042,0.0,0.0035211267605633804,0.0,1.0,0.7835,0.7835,284,269.05263157894734
19295,Philipp Lahm,2015-2016,0.002551020408163265,0.0,0.26785714285714285,0.015306122448979591,0.007653061224489796,0.25255102040816324,0.00510204081632653,0.0,0.002551020408163265,0.002551020408163265,0.017857142857142856,0.0,0.002551020408163265,0.002551020408163265,0.0,0.0,0.00510204081632653,0.0,0.0,0.0,0.0,0.38010204081632654,0.0,0.0,0.03571428571428571,0.0,0.0,0.0,0.0,0.0,0.0,392,185.6842105263158
19296,Mark van Bommel,2009-2010,0.0,0.0,0.25274725274725274,0.02564102564102564,0.01098901098901099,0.2600732600732601,0.003663003663003663,0.0,0.003663003663003663,0.007326007326007326,0.007326007326007326,0.0,0.02564102564102564,0.003663003663003663,0.0,0.0,0.003663003663003663,0.0,0.0,0.0,0.0,0.2893772893772894,0.0,0.0,0.09157509157509157,0.0,0.014652014652014652,0.0,4.0,0.076994873,0.01924871825,273,258.63157894736844
19414,Kirsty Barton,2019-2020,0.0,0.0032102728731942215,0.19101123595505617,0.04975922953451043,0.009630818619582664,0.17495987158908508,0.04333868378812199,0.0016051364365971107,0.004815409309791332,0.0032102728731942215,0.025682182985553772,0.0,0.0032102728731942215,0.006420545746388443,0.0,0.0,0.009630818619582664,0.0016051364365971107,0.0,0.0,0.0,0.3579454253611557,0.0,0.0,0.10593900481540931,0.0032102728731942215,0.0032102728731942215,0.0016051364365971107,2.0,0.040262981,0.0201314905,623,59.226787789162344
19416,Laura Coombs,2020-2021,0.0006738544474393531,0.0,0.29043126684636117,0.03099730458221024,0.004043126684636119,0.25336927223719674,0.0026954177897574125,0.006738544474393531,0.0047169811320754715,0.0033692722371967657,0.012129380053908356,0.0,0.0020215633423180594,0.0006738544474393531,0.0,0.0,0.006738544474393531,0.006064690026954178,0.0,0.0,0.0,0.3005390835579515,0.0,0.0,0.0673854447439353,0.0,0.005390835579514825,0.0020215633423180594,8.0,1.035581232,0.129447654,1484,195.77836411609496
19416,Laura Coombs,2023-2024,0.0035231943628890195,0.0,0.2524955960070464,0.028772753963593658,0.011156782149148562,0.21374045801526717,0.005871990604815032,0.011156782149148562,0.008807985907222548,0.008220786846741044,0.011156782149148562,0.0,0.0064591896652965355,0.002935995302407516,0.0,0.0017615971814445098,0.004697592483852026,0.011156782149148562,0.0,0.0,0.0,0.22842043452730476,0.0,0.0,0.1644157369348209,0.0,0.0182031708749266,0.007046388725778039,31.0,3.495896216,0.11277084567741935,1703,143.90198103464465
19417,Amy Rodgers,2019-2020,0.0,0.0,0.20567375886524822,0.06028368794326241,0.01773049645390071,0.1702127659574468,0.0070921985815602835,0.0070921985815602835,0.0035460992907801418,0.014184397163120567,0.04609929078014184,0.0,0.0070921985815602835,0.0070921985815602835,0.0,0.0,0.0,0.0070921985815602835,0.0,0.0,0.0,0.19148936170212766,0.0,0.0,0.2375886524822695,0.0,0.0070921985815602835,0.010638297872340425,2.0,0.07162555,0.035812775,282,109.02061855670102
19417,Amy Rodgers,2023-2024,0.0032541490400260333,0.0,0.16400911161731208,0.04718516108037748,0.021477383664171817,0.16498535632931988,0.011389521640091117,0.009437032216075496,0.00683371298405467,0.013016596160104133,0.03644646924829157,0.0003254149040026033,0.015294500488122356,0.006182883176049463,0.0,0.00292873413602343,0.01171493654409372,0.005206638464041653,0.0,0.0003254149040026033,0.0,0.22941750732183533,0.0,0.0,0.24308493328994468,0.0006508298080052066,0.005532053368044257,0.0013016596160104132,17.0,0.946258859,0.05566228582352941,3073,136.3555687028546
19418,Kirsty Linnett,2019-2020,0.0031847133757961785,0.0015923566878980893,0.25796178343949044,0.03821656050955414,0.006369426751592357,0.19904458598726116,0.007961783439490446,0.025477707006369428,0.01910828025477707,0.004777070063694267,0.02388535031847134,0.0,0.009554140127388535,0.014331210191082803,0.0,0.0031847133757961785,0.004777070063694267,0.014331210191082803,0.0,0.0,0.0,0.17834394904458598,0.0,0.0,0.17038216560509553,0.0,0.012738853503184714,0.004777070063694267,8.0,0.52068373,0.06508546625,628,87.90046656298601
19421,Carly Mitchell Telford,2020-2021,0.0,0.0,0.2217391304347826,0.04782608695652174,0.0,0.24347826086956523,0.0,0.0,0.0,0.0,0.0,0.0,0.0,0.004347826086956522,0.10869565217391304,0.0,0.0,0.0,0.0,0.0,0.0,0.3739130434782609,0.0,0.0,0.0,0.0,0.0,0.0,0.0,0.0,0.0,230,0.0
19422,Jessica Carter,2019-2020,0.0,0.0,0.24857142857142858,0.03428571428571429,0.011428571428571429,0.23714285714285716,0.025714285714285714,0.0,0.0,0.002857142857142857,0.017142857142857144,0.0,0.002857142857142857,0.005714285714285714,0.0,0.0,0.002857142857142857,0.002857142857142857,0.0,0.0,0.0,0.3028571428571429,0.0,0.0,0.09714285714285714,0.002857142857142857,0.005714285714285714,0.0,2.0,0.47172879900000003,0.23586439950000002,350,150.7898516036381
19422,Jessica Carter,2020-2021,0.0,0.0,0.24522760646108663,0.020558002936857563,0.010279001468428781,0.2261380323054332,0.022026431718061675,0.004405286343612335,0.00881057268722467,0.007342143906020558,0.01908957415565345,0.0,0.0014684287812041115,0.005873715124816446,0.0,0.002936857562408223,0.013215859030837005,0.007342143906020558,0.0,0.0,0.0,0.31718061674008813,0.0,0.0,0.08223201174743025,0.0014684287812041115,0.0014684287812041115,0.002936857562408223,1.0,0.0639543,0.0639543,681,171.87324733595062
19422,Jessica Carter,2023-2024,0.0007040600797934757,0.0,0.26191034968317295,0.02722365641868106,0.009622154423844167,0.2691856371743722,0.01994836892748181,0.0018774935461159353,0.0011734334663224596,0.002346866932644919,0.015254635062191975,0.0002346866932644919,0.0021121802393804273,0.002346866932644919,0.0,0.0002346866932644919,0.003989673785496362,0.0014081201595869514,0.0002346866932644919,0.0002346866932644919,0.0,0.3278573104904952,0.0,0.0,0.05022295235860127,0.0007040600797934757,0.0009387467730579676,0.0002346866932644919,4.0,0.43550192,0.10887548,4261,210.46594588661438
19498,Jessica Park,2020-2021,0.0,0.0,0.2918149466192171,0.017793594306049824,0.014234875444839857,0.20640569395017794,0.0035587188612099642,0.0071174377224199285,0.010676156583629894,0.0071174377224199285,0.017793594306049824,0.0,0.010676156583629894,0.0035587188612099642,0.0,0.0,0.0035587188612099642,0.017793594306049824,0.0,0.0,0.0,0.21708185053380782,0.0,0.0,0.15658362989323843,0.0,0.010676156583629894,0.0035587188612099642,3.0,0.078178464,0.026059488000000002,281,117.62790697674419
19498,Jessica Park,2023-2024,0.0018433179723502304,0.0,0.25990783410138246,0.03778801843317972,0.012903225806451613,0.24516129032258063,0.002304147465437788,0.009216589861751152,0.016589861751152075,0.004147465437788019,0.01566820276497696,0.0,0.0013824884792626728,0.005990783410138249,0.0,0.0009216589861751152,0.0013824884792626728,0.010599078341013824,0.0004608294930875576,0.0,0.0,0.24147465437788018,0.0,0.0,0.11797235023041475,0.0,0.013824884792626729,0.0004608294930875576,30.0,3.7742577355,0.12580859118333335,2170,185.94687232219366
19499,Shania Hayles,2020-2021,0.0,0.0,0.32459016393442625,0.030327868852459017,0.00819672131147541,0.1598360655737705,0.001639344262295082,0.01639344262295082,0.018032786885245903,0.00819672131147541,0.022131147540983605,0.0,0.010655737704918032,0.002459016393442623,0.0,0.001639344262295082,0.009016393442622951,0.023770491803278688,0.0,0.0,0.0,0.14672131147540984,0.000819672131147541,0.000819672131147541,0.18934426229508197,0.0,0.01557377049180328,0.009836065573770493,19.0,3.271100938,0.1721632072631579,1220,110.89788910211091
19499,Shania Hayles,2023-2024,0.00597609561752988,0.0,0.2788844621513944,0.043824701195219126,0.017928286852589643,0.1852589641434263,0.00796812749003984,0.01195219123505976,0.0199203187250996,0.00199203187250996,0.027888446215139442,0.0,0.01195219123505976,0.0099601593625498,0.0,0.00398406374501992,0.00199203187250996,0.029880478087649404,0.0,0.0,0.0,0.1394422310756972,0.0,0.0,0.1852589641434263,0.0,0.0099601593625498,0.00597609561752988,5.0,0.84131471,0.168262942,502,129.67853042479908
19500,Sarah Emma Mayling,2019-2020,0.0013192612137203166,0.0,0.2532981530343008,0.03430079155672823,0.00395778364116095,0.22163588390501318,0.009234828496042216,0.013192612137203167,0.013192612137203167,0.006596306068601583,0.022427440633245383,0.0,0.002638522427440633,0.002638522427440633,0.0,0.0,0.00395778364116095,0.0079155672823219,0.0,0.0,0.0,0.28100263852242746,0.0,0.0,0.11741424802110818,0.0,0.00395778364116095,0.0013192612137203166,3.0,0.261395991,0.087131997,758,0.0
19500,Sarah Emma Mayling,2020-2021,0.0008496176720475786,0.0,0.2179269328802039,0.04248088360237893,0.0237892948173322,0.17926932880203908,0.013593882752761258,0.012744265080713678,0.014018691588785047,0.009770603228547154,0.0318606627017842,0.0,0.0055225148683092605,0.004248088360237893,0.0,0.001274426508071368,0.009345794392523364,0.011469838572642312,0.0,0.0,0.0,0.27655055225148684,0.0,0.0,0.14103653355989804,0.0016992353440951572,0.0021240441801189465,0.0004248088360237893,5.0,0.194765409,0.0389530818,2354,0.0
19500,Sarah Emma Mayling,2023-2024,0.0011554015020219526,0.00028885037550548814,0.24032351242056615,0.026863084922010397,0.019641825534373193,0.21403812824956672,0.013287117273252455,0.003755054881571346,0.006354708261120739,0.004910456383593298,0.0170421721548238,0.00028885037550548814,0.0034662045060658577,0.0034662045060658577,0.0,0.0005777007510109763,0.00924321201617562,0.004910456383593298,0.00028885037550548814,0.0,0.0,0.317735413056037,0.0005777007510109763,0.0005777007510109763,0.10774119006354708,0.0011554015020219526,0.0008665511265164644,0.0014442518775274408,3.0,0.848653562,0.28288452066666664,3462,0.0
19501,Hayley Ladd,2019-2020,0.0006211180124223603,0.0,0.1906832298136646,0.049689440993788817,0.018012422360248446,0.20993788819875778,0.014906832298136646,0.0037267080745341614,0.0068322981366459624,0.012422360248447204,0.04285714285714286,0.0,0.009937888198757764,0.018012422360248446,0.0,0.002484472049689441,0.0068322981366459624,0.0055900621118012426,0.0,0.0,0.0,0.27888198757763977,0.0,0.0,0.11987577639751552,0.0,0.007453416149068323,0.0012422360248447205,12.0,0.7428320336,0.06190266946666667,1610,112.22118959107807
19501,Hayley Ladd,2020-2021,0.0005701254275940707,0.0,0.2291904218928164,0.036488027366020526,0.01539338654503991,0.2120866590649943,0.010262257696693273,0.005131128848346636,0.007411630558722919,0.009122006841505131,0.026795895096921322,0.0,0.010832383124287344,0.0068415051311288486,0.0,0.0005701254275940707,0.009692132269099202,0.006271379703534778,0.0,0.0,0.0,0.28734321550741165,0.0,0.0,0.11858608893956671,0.0,0.005131128848346636,0.002280501710376283,9.0,1.1710925794,0.13012139771111111,1754,133.81368144443502
19501,Hayley Ladd,2023-2024,0.003663003663003663,0.0,0.22527472527472528,0.03663003663003663,0.0173992673992674,0.18772893772893773,0.0173992673992674,0.004578754578754579,0.003663003663003663,0.0027472527472527475,0.039377289377289376,0.0,0.013736263736263736,0.003663003663003663,0.0,0.0018315018315018315,0.011904761904761904,0.01098901098901099,0.0,0.0,0.0,0.2554945054945055,0.0009157509157509158,0.0009157509157509158,0.15018315018315018,0.0,0.007326007326007326,0.004578754578754579,8.0,0.893114549,0.111639318625,1092,153.9714867617108
19502,Meaghan Sargeant,2019-2020,0.0,0.0,0.19221604447974583,0.03971405877680699,0.021445591739475776,0.19142176330420968,0.07466243050039714,0.006354249404289118,0.0015885623510722795,0.014297061159650517,0.020651310563939634,0.0,0.003971405877680699,0.003177124702144559,0.0,0.0023828435266084196,0.009531374106433678,0.0015885623510722795,0.0,0.0,0.0,0.29864972200158857,0.0007942811755361397,0.0007942811755361397,0.11040508339952343,0.0023828435266084196,0.0023828435266084196,0.0015885623510722795,3.0,0.409126256,0.13637541866666666,1259,102.86881525192919
19502,Meaghan Sargeant,2020-2021,0.0,0.0,0.17272727272727273,0.045454545454545456,0.031818181818181815,0.16818181818181818,0.07727272727272727,0.0,0.0,0.013636363636363636,0.013636363636363636,0.0,0.0,0.0,0.0,0.00909090909090909,0.031818181818181815,0.0,0.0,0.004545454545454545,0.0,0.33181818181818185,0.0,0.0,0.08181818181818182,0.0,0.00909090909090909,0.00909090909090909,2.0,0.113460738,0.056730369,220,77.58620689655173
19503,Aoife Mannion,2019-2020,0.0,0.0,0.2353870458135861,0.02843601895734597,0.014218009478672985,0.24644549763033174,0.022116903633491312,0.007898894154818325,0.00631911532385466,0.001579778830963665,0.011058451816745656,0.0,0.007898894154818325,0.0,0.0,0.001579778830963665,0.004739336492890996,0.0,0.0,0.0,0.0,0.3459715639810427,0.0,0.0,0.06477093206951026,0.0,0.001579778830963665,0.0,1.0,0.06666231,0.06666231,633,153.31001076426264
19503,Aoife Mannion,2020-2021,0.0,0.0,0.2913752913752914,0.013986013986013986,0.004662004662004662,0.289044289044289,0.016317016317016316,0.002331002331002331,0.0,0.0,0.016317016317016316,0.0,0.004662004662004662,0.0,0.0,0.002331002331002331,0.006993006993006993,0.002331002331002331,0.0,0.0,0.0,0.32400932400932403,0.0,0.0,0.023310023310023312,0.002331002331002331,0.0,0.0,0.0,0.0,0.0,429,282.85714285714283
19503,Aoife Mannion,2023-2024,0.0,0.0,0.226,0.04,0.002,0.246,0.012,0.006,0.008,0.008,0.01,0.0,0.014,0.0,0.0,0.0,0.002,0.004,0.0,0.0,0.0,0.334,0.0,0.0,0.086,0.0,0.0,0.002,0.0,0.0,0.0,500,197.3684210526316
19592,Harriet Scott,2019-2020,0.0012077294685990338,0.0,0.19685990338164253,0.03864734299516908,0.021739130434782608,0.22946859903381642,0.03743961352657005,0.006038647342995169,0.008454106280193236,0.008454106280193236,0.027777777777777776,0.0,0.00966183574879227,0.00966183574879227,0.0,0.0012077294685990338,0.007246376811594203,0.0024154589371980675,0.0,0.0,0.0,0.2922705314009662,0.0,0.0,0.0966183574879227,0.0012077294685990338,0.0024154589371980675,0.0012077294685990338,2.0,0.09088734200000001,0.045443671000000005,828,88.89419062388167
19592,Harriet Scott,2020-2021,0.0,0.00043233895373973193,0.16731517509727625,0.03761348897535668,0.01729355814958928,0.18201469952442714,0.03977518374405534,0.008214440121054907,0.010808473843493299,0.013834846519671422,0.041504539559014265,0.0008646779074794639,0.01297016861219196,0.012537829658452227,0.0,0.0025940337224383916,0.012105490704712495,0.007349762213575443,0.0,0.0,0.0,0.28793774319066145,0.00043233895373973193,0.00043233895373973193,0.1392131431041937,0.00043233895373973193,0.0030263726761781237,0.0012970168612191958,7.0,0.449889128,0.06426987542857143,2313,112.85373522714951
19687,Taylor Hinds,2019-2020,0.0,0.0,0.23011363636363635,0.03409090909090909,0.002840909090909091,0.22443181818181818,0.017045454545454544,0.005681818181818182,0.011363636363636364,0.0,0.03125,0.0,0.002840909090909091,0.005681818181818182,0.0,0.002840909090909091,0.005681818181818182,0.005681818181818182,0.0,0.0,0.0,0.32670454545454547,0.002840909090909091,0.002840909090909091,0.08238636363636363,0.005681818181818182,0.0,0.0,0.0,0.0,0.0,352,130.8550185873606
19687,Taylor Hinds,2023-2024,0.0015854141894569957,0.0007927070947284979,0.2374157748711851,0.03408640507332541,0.01823226317875545,0.20729290527150218,0.01823226317875545,0.008323424494649227,0.01070154577883472,0.004359889021006738,0.02219579865239794,0.00039635354736424893,0.0047562425683709865,0.006341656757827983,0.0,0.0031708283789139914,0.012683313515655966,0.009512485136741973,0.0,0.0,0.0,0.3071739992072929,0.0007927070947284979,0.0007927070947284979,0.08283789139912802,0.0,0.006341656757827983,0.0019817677368212444,16.0,0.7134432708,0.044590204425,2523,171.12819353380058
19757,Anderson Luís de Souza,2003-2004,0.0,0.0,0.33,0.03,0.025,0.2,0.0,0.015,0.035,0.01,0.015,0.0,0.01,0.005,0.0,0.0,0.0,0.02,0.005,0.0,0.0,0.21,0.0,0.0,0.075,0.0,0.01,0.005,2.0,0.197919147,0.0989595735,200,0.0
19777,Niamh Fahey,2019-2020,0.0009551098376313276,0.0,0.20057306590257878,0.049665711556829036,0.019102196752626553,0.19675262655205347,0.06685768863419293,0.0009551098376313276,0.0009551098376313276,0.0057306590257879654,0.025787965616045846,0.0009551098376313276,0.007640878701050621,0.0028653295128939827,0.0,0.0,0.010506208213944603,0.0,0.0,0.0,0.0,0.3046800382043935,0.0009551098376313276,0.0009551098376313276,0.09742120343839542,0.0019102196752626551,0.004775549188156638,0.0,5.0,0.6527269880000001,0.1305453976,1047,76.29959514170041
19777,Niamh Fahey,2023-2024,0.0010080645161290322,0.0010080645161290322,0.22983870967741934,0.03125,0.020161290322580645,0.22278225806451613,0.036290322580645164,0.004032258064516129,0.0010080645161290322,0.0010080645161290322,0.02217741935483871,0.0,0.0030241935483870967,0.0030241935483870967,0.0,0.0030241935483870967,0.009072580645161291,0.0020161290322580645,0.0,0.0,0.0,0.31048387096774194,0.0,0.0,0.09375,0.0,0.0030241935483870967,0.0020161290322580645,3.0,0.19422853499999998,0.064742845,992,161.21343445287107
19778,Frances Kitching,2019-2020,0.0,0.0,0.1206896551724138,0.05172413793103448,0.0,0.1724137931034483,0.004310344827586207,0.0,0.0,0.0,0.0,0.0,0.0,0.0,0.24568965517241378,0.0,0.0,0.0,0.0,0.0,0.0,0.4051724137931034,0.0,0.0,0.0,0.0,0.0,0.0,0.0,0.0,0.0,232,54.94736842105263
19779,Rhiannon Roberts,2019-2020,0.0,0.0,0.21063607924921793,0.04275286757038582,0.011470281543274244,0.1991657977059437,0.013555787278415016,0.009384775808133473,0.011470281543274244,0.010427528675703858,0.03128258602711158,0.0,0.010427528675703858,0.006256517205422315,0.0,0.0031282586027111575,0.0031282586027111575,0.008342022940563087,0.0,0.0,0.0,0.23774765380604795,0.0,0.0,0.17831074035453598,0.0,0.010427528675703858,0.0020855057351407717,10.0,0.479632249,0.047963224900000004,959,92.84638554216868
19780,Rachel Rowe,2019-2020,0.0,0.000630119722747322,0.18462507876496534,0.05671077504725898,0.01575299306868305,0.21550094517958412,0.028985507246376812,0.00945179584120983,0.02205419029615627,0.011342155009451797,0.03087586641461878,0.0,0.005040957781978576,0.006931316950220542,0.0,0.000630119722747322,0.005040957781978576,0.010712035286704474,0.0,0.0,0.0,0.30245746691871456,0.0,0.0,0.08758664146187775,0.000630119722747322,0.004410838059231254,0.000630119722747322,7.0,0.3266808196,0.04666868851428572,1587,136.43136880313307
19780,Rachel Rowe,2020-2021,0.0,0.0,0.2614622057001239,0.03676166873192895,0.00950020652622883,0.21561338289962825,0.00784799669558034,0.016522098306484923,0.026022304832713755,0.007021891780256092,0.02271788517141677,0.0004130524576621231,0.00660883932259397,0.012804626187525816,0.0,0.0020652622883106154,0.007434944237918215,0.016522098306484923,0.0,0.0,0.0,0.22924411400247832,0.0,0.0,0.10863279636513837,0.0004130524576621231,0.011565468814539447,0.0008261049153242462,28.0,2.686845553,0.09595876974999999,2421,165.23090922878592
19849,Andrea Pirlo,2004-2005,0.002777777777777778,0.0,0.26944444444444443,0.022222222222222223,0.0,0.275,0.0,0.011111111111111112,0.016666666666666666,0.002777777777777778,0.008333333333333333,0.0,0.002777777777777778,0.013888888888888888,0.0,0.0,0.002777777777777778,0.002777777777777778,0.0,0.0,0.0,0.3138888888888889,0.0,0.0,0.04722222222222222,0.0,0.008333333333333333,0.0,3.0,0.8165038339999999,0.27216794466666666,360,341.05263157894734
19849,Andrea Pirlo,2006-2007,0.0,0.0,0.27391304347826084,0.030434782608695653,0.008695652173913044,0.2391304347826087,0.008695652173913044,0.004347826086956522,0.004347826086956522,0.004347826086956522,0.008695652173913044,0.0,0.004347826086956522,0.017391304347826087,0.0,0.0,0.0,0.0,0.0,0.0,0.0,0.34347826086956523,0.0,0.0,0.043478260869565216,0.0,0.008695652173913044,0.0,2.0,0.081675798,0.040837899,230,217.89473684210526
20005,Toby Alderweireld,2018-2019,0.0,0.0,0.29107981220657275,0.014084507042253521,0.004694835680751174,0.27230046948356806,0.03286384976525822,0.0,0.0,0.0,0.004694835680751174,0.0,0.0,0.0,0.0,0.0,0.004694835680751174,0.0,0.0,0.0,0.0,0.3568075117370892,0.0,0.0,0.014084507042253521,0.004694835680751174,0.0,0.0,0.0,0.0,0.0,213,201.78947368421052
20008,Patrice Evra,2003-2004,0.0,0.0,0.28640776699029125,0.014563106796116505,0.0048543689320388345,0.21844660194174756,0.0,0.014563106796116505,0.014563106796116505,0.009708737864077669,0.03398058252427184,0.0,0.0048543689320388345,0.009708737864077669,0.0,0.0,0.0048543689320388345,0.0048543689320388345,0.0,0.0,0.0,0.3106796116504854,0.0,0.0,0.06310679611650485,0.0,0.0048543689320388345,0.0,1.0,0.117621645,0.117621645,206,195.1578947368421
20010,Clemens Fritz,2015-2016,0.0,0.0,0.21585903083700442,0.08370044052863436,0.02643171806167401,0.18061674008810572,0.004405286343612335,0.013215859030837005,0.01762114537444934,0.00881057268722467,0.06607929515418502,0.0,0.00881057268722467,0.02643171806167401,0.0,0.004405286343612335,0.004405286343612335,0.004405286343612335,0.0,0.0,0.0,0.18061674008810572,0.0,0.0,0.14537444933920704,0.0,0.004405286343612335,0.004405286343612335,1.0,0.040131427,0.040131427,227,112.25274725274726
20034,Danielle Buet,2019-2020,0.0,0.0,0.18744769874476988,0.049372384937238493,0.019246861924686193,0.20502092050209206,0.01506276150627615,0.011715481171548118,0.0066945606694560665,0.018410041841004185,0.02510460251046025,0.0,0.0100418410041841,0.011715481171548118,0.0,0.002510460251046025,0.005857740585774059,0.0100418410041841,0.0,0.0,0.0,0.24518828451882846,0.0,0.0,0.17154811715481172,0.0,0.0041841004184100415,0.0008368200836820083,5.0,0.11115222899999999,0.022230445799999998,1195,76.71731221913117
20034,Danielle Buet,2020-2021,0.0,0.0,0.21801566579634465,0.06201044386422976,0.014360313315926894,0.22845953002610966,0.01174934725848564,0.00587467362924282,0.016971279373368148,0.00587467362924282,0.016971279373368148,0.0,0.009138381201044387,0.008485639686684074,0.0,0.0045691906005221935,0.0097911227154047,0.008485639686684074,0.0,0.0,0.0,0.2839425587467363,0.0,0.0,0.08550913838120104,0.0006527415143603133,0.007832898172323759,0.0013054830287206266,12.0,0.5359452775,0.04466210645833333,1532,126.055951727921
20035,Bethan Roe,2020-2021,0.002824858757062147,0.0,0.192090395480226,0.03389830508474576,0.01977401129943503,0.20056497175141244,0.031073446327683617,0.01694915254237288,0.014124293785310734,0.022598870056497175,0.022598870056497175,0.0,0.005649717514124294,0.002824858757062147,0.0,0.002824858757062147,0.014124293785310734,0.002824858757062147,0.0,0.0,0.0,0.3163841807909605,0.0,0.0,0.09322033898305085,0.002824858757062147,0.002824858757062147,0.0,1.0,0.110190794,0.110190794,354,136.9733447979364
20037,Julian Baumgartlinger,2015-2016,0.0030211480362537764,0.0,0.1540785498489426,0.04833836858006042,0.012084592145015106,0.15709969788519637,0.03323262839879154,0.00906344410876133,0.0,0.01812688821752266,0.03323262839879154,0.0,0.00906344410876133,0.015105740181268883,0.0,0.0,0.00906344410876133,0.006042296072507553,0.0,0.0,0.0,0.22658610271903323,0.0,0.0,0.2628398791540785,0.0030211480362537764,0.0,0.0,0.0,0.0,0.0,331,156.78947368421052
20061,Deanna Cooper,2020-2021,0.0,0.00033772374197906115,0.23505572441742653,0.029381965552178316,0.017223910840932118,0.23269165822357313,0.05403579871664978,0.002026342451874367,0.00303951367781155,0.007429922323539345,0.016886187098953058,0.00033772374197906115,0.004728132387706856,0.004390408645727794,0.0,0.003377237419790611,0.008780817291455589,0.0016886187098953055,0.0,0.0,0.0,0.31171901384667344,0.0016886187098953055,0.0016886187098953055,0.061127997298210064,0.0,0.002026342451874367,0.00033772374197906115,6.0,0.512034993,0.0853391655,2961,145.06014914811388
20131,Xavier Hernández Creus,2008-2009,0.0,0.0,0.2723735408560311,0.019455252918287938,0.0,0.2723735408560311,0.0,0.007782101167315175,0.0038910505836575876,0.007782101167315175,0.007782101167315175,0.0,0.0,0.0038910505836575876,0.0,0.0,0.0,0.0,0.0,0.0,0.0,0.32684824902723736,0.0,0.0,0.07003891050583658,0.0,0.007782101167315175,0.0,2.0,0.10016939849999999,0.050084699249999996,257,0.0
20131,Xavier Hernández Creus,2010-2011,0.0,0.0,0.30869565217391304,0.013043478260869565,0.0,0.29782608695652174,0.0,0.002173913043478261,0.004347826086956522,0.0,0.0,0.0,0.0,0.002173913043478261,0.0,0.0,0.0,0.004347826086956522,0.0,0.0,0.0,0.3282608695652174,0.0,0.0,0.03260869565217391,0.0,0.006521739130434782,0.0,3.0,0.113048965,0.037682988333333334,460,0.0
20133,Xabier Alonso Olano,2004-2005,0.0035714285714285713,0.0,0.2357142857142857,0.03571428571428571,0.0035714285714285713,0.23214285714285715,0.0,0.0035714285714285713,0.007142857142857143,0.02142857142857143,0.02142857142857143,0.0,0.010714285714285714,0.010714285714285714,0.0,0.0,0.0035714285714285713,0.0,0.0,0.0,0.0,0.3,0.0,0.0,0.09642857142857143,0.0,0.014285714285714285,0.0,4.0,1.3347171745000002,0.33367929362500004,280,0.0
20133,Xabier Alonso Olano,2015-2016,0.0,0.0,0.24269662921348314,0.008988764044943821,0.011235955056179775,0.2202247191011236,0.015730337078651686,0.0044943820224719105,0.0,0.01348314606741573,0.04269662921348315,0.0,0.006741573033707865,0.0044943820224719105,0.0,0.0022471910112359553,0.0,0.006741573033707865,0.0,0.0,0.0,0.3325842696629214,0.0,0.0,0.08764044943820225,0.0,0.0,0.0,0.0,0.0,0.0,445,0.0
20142,Ivan Gennaro Gattuso,2004-2005,0.0,0.0,0.20833333333333334,0.04861111111111111,0.017361111111111112,0.22569444444444445,0.006944444444444444,0.010416666666666666,0.006944444444444444,0.020833333333333332,0.024305555555555556,0.0,0.013888888888888888,0.006944444444444444,0.0,0.0,0.003472222222222222,0.006944444444444444,0.0,0.0,0.0,0.2708333333333333,0.0,0.0,0.11805555555555555,0.003472222222222222,0.003472222222222222,0.003472222222222222,1.0,0.006152208,0.006152208,288,0.0
20142,Ivan Gennaro Gattuso,2006-2007,0.0,0.0,0.178743961352657,0.04830917874396135,0.014492753623188406,0.20772946859903382,0.024154589371980676,0.014492753623188406,0.004830917874396135,0.014492753623188406,0.043478260869565216,0.0,0.01932367149758454,0.014492753623188406,0.0,0.0,0.004830917874396135,0.00966183574879227,0.0,0.0,0.0,0.26570048309178745,0.0,0.0,0.13526570048309178,0.0,0.0,0.0,0.0,0.0,0.0,207,0.0
20330,Frank Lampard,2011-2012,0.0,0.0,0.27169811320754716,0.0,0.022641509433962263,0.25660377358490566,0.026415094339622643,0.0,0.022641509433962263,0.018867924528301886,0.018867924528301886,0.0,0.0037735849056603774,0.0,0.0,0.0,0.007547169811320755,0.0,0.0,0.0,0.0,0.2830188679245283,0.0,0.0,0.06037735849056604,0.0,0.007547169811320755,0.0,2.0,0.811641033,0.4058205165,265,251.05263157894734
20415,Sebastian Boenisch,2015-2016,0.0009293680297397769,0.0,0.2211895910780669,0.03345724907063197,0.020446096654275093,0.18866171003717472,0.016728624535315983,0.0018587360594795538,0.0055762081784386614,0.0055762081784386614,0.028810408921933085,0.0,0.007434944237918215,0.0055762081784386614,0.0,0.0009293680297397769,0.013011152416356878,0.008364312267657992,0.0,0.0,0.0,0.3559479553903346,0.0009293680297397769,0.0009293680297397769,0.07527881040892194,0.0,0.007434944237918215,0.0009293680297397769,8.0,0.2733840535,0.0341730066875,1076,141.8693231760914
20572,Cristian Gabriel Romero,2024,0.0,0.0,0.27611940298507465,0.010261194029850746,0.010261194029850746,0.271455223880597,0.014925373134328358,0.0,0.0,0.0009328358208955224,0.01585820895522388,0.0009328358208955224,0.0018656716417910447,0.002798507462686567,0.0,0.0037313432835820895,0.007462686567164179,0.0046641791044776115,0.0,0.0,0.0,0.3302238805970149,0.0,0.0,0.0457089552238806,0.0018656716417910447,0.0009328358208955224,0.0,1.0,0.084791526,0.084791526,1072,0.0
20662,Alexander Nübel,2023-2024,0.0,0.0,0.22580645161290322,0.035483870967741936,0.0,0.24838709677419354,0.0,0.0,0.0,0.0,0.0,0.0,0.0,0.0032258064516129032,0.14193548387096774,0.0032258064516129032,0.0,0.0,0.0,0.0,0.0,0.3419354838709677,0.0,0.0,0.0,0.0,0.0,0.0,0.0,0.0,0.0,310,146.8421052631579
20687,Nicolás Iván González,2024,0.0,0.0,0.2734375,0.028645833333333332,0.018229166666666668,0.22135416666666666,0.010416666666666666,0.0078125,0.013020833333333334,0.0078125,0.03125,0.0,0.018229166666666668,0.0078125,0.0,0.005208333333333333,0.010416666666666666,0.026041666666666668,0.0,0.0,0.0,0.22916666666666666,0.0,0.0,0.07552083333333333,0.0,0.013020833333333334,0.0026041666666666665,5.0,0.661967284,0.1323934568,384,0.0
20725,Pauline Bremer,2019-2020,0.0,0.0,0.3263473053892216,0.027944111776447105,0.012974051896207584,0.16766467065868262,0.000998003992015968,0.015968063872255488,0.005988023952095809,0.003992015968063872,0.016966067864271458,0.0,0.005988023952095809,0.00499001996007984,0.0,0.000998003992015968,0.001996007984031936,0.017964071856287425,0.000998003992015968,0.0,0.0,0.13972055888223553,0.0,0.0,0.19860279441117765,0.0,0.04590818363273453,0.003992015968063872,46.0,5.6357866205,0.12251710044565219,1002,145.8515283842795
20725,Pauline Bremer,2023-2024,0.003176043557168784,0.0,0.27586206896551724,0.036297640653357534,0.018602540834845735,0.19464609800362975,0.009528130671506351,0.011343012704174229,0.012250453720508167,0.008620689655172414,0.02676950998185118,0.0,0.003176043557168784,0.004537205081669692,0.0,0.00045372050816696913,0.008620689655172414,0.021778584392014518,0.0,0.0,0.0,0.2132486388384755,0.00045372050816696913,0.00045372050816696913,0.14019963702359348,0.00045372050816696913,0.006805807622504537,0.0027223230490018148,15.0,2.39917783,0.15994518866666668,2204,157.44106675132946
20758,Krépin Diatta,2023,0.0,0.0,0.24175824175824176,0.018315018315018316,0.009157509157509158,0.20146520146520147,0.016483516483516484,0.01282051282051282,0.009157509157509158,0.003663003663003663,0.027472527472527472,0.0,0.009157509157509158,0.01098901098901099,0.0,0.0,0.007326007326007326,0.007326007326007326,0.0,0.0,0.0,0.32051282051282054,0.0,0.0,0.09523809523809523,0.005494505494505495,0.003663003663003663,0.0,2.0,0.08823331400000001,0.044116657000000004,546,122.11729622266404
20770,Ozan Muhammed Kabak,2023-2024,0.0,0.0,0.2567049808429119,0.011494252873563218,0.02681992337164751,0.21839080459770116,0.022988505747126436,0.0,0.0,0.0038314176245210726,0.019157088122605363,0.0,0.011494252873563218,0.0,0.0,0.0038314176245210726,0.022988505747126436,0.0038314176245210726,0.0,0.0,0.0,0.28735632183908044,0.0,0.0,0.1111111111111111,0.0,0.0,0.0,0.0,0.0,0.0,261,0.0
20947,Atakan Karazor,2023-2024,0.0,0.0,0.23376623376623376,0.025974025974025976,0.008658008658008658,0.21428571428571427,0.010822510822510822,0.008658008658008658,0.0021645021645021645,0.0021645021645021645,0.017316017316017316,0.0,0.008658008658008658,0.008658008658008658,0.0,0.004329004329004329,0.010822510822510822,0.0,0.0,0.0,0.0,0.2792207792207792,0.0021645021645021645,0.0021645021645021645,0.15800865800865802,0.0,0.0021645021645021645,0.0,1.0,0.031105785,0.031105785,462,218.8421052631579
21021,Molly Bartrip,2019-2020,0.0,0.0,0.2188365650969529,0.027700831024930747,0.008310249307479225,0.22437673130193905,0.07202216066481995,0.002770083102493075,0.0,0.002770083102493075,0.0221606648199446,0.0,0.008310249307479225,0.002770083102493075,0.0,0.0,0.008310249307479225,0.0,0.0,0.0,0.0,0.3157894736842105,0.0,0.0,0.08310249307479224,0.002770083102493075,0.0,0.0,0.0,0.0,0.0,361,123.11481621826451
21021,Molly Bartrip,2020-2021,0.0,0.0,0.24316500482470246,0.02026375040205854,0.017368928916050175,0.2341588935348987,0.04696043743969122,0.002573174654229656,0.0019298809906722419,0.005789642972016726,0.018012222579607592,0.000643293663557414,0.006111289803795433,0.0041814088131231905,0.0,0.0009649404953361209,0.0077195239626889674,0.0009649404953361209,0.0,0.0,0.0,0.3187520102926986,0.000321646831778707,0.000321646831778707,0.06786748150530718,0.001286587327114828,0.000643293663557414,0.0,2.0,0.087534622,0.043767311,3109,145.59030126437378
21021,Molly Bartrip,2023-2024,0.0,0.0003201024327784891,0.27304737516005123,0.017605633802816902,0.012163892445582587,0.25480153649167736,0.027208706786171575,0.0016005121638924455,0.0006402048655569782,0.0012804097311139564,0.016005121638924456,0.0003201024327784891,0.002560819462227913,0.002240717029449424,0.0,0.0019206145966709346,0.005121638924455826,0.0012804097311139564,0.0,0.0,0.0,0.3258642765685019,0.0006402048655569782,0.0006402048655569782,0.05441741357234315,0.0003201024327784891,0.0,0.0,0.0,0.0,0.0,3124,177.0194547629541
21023,Amanda Nildén,2019-2020,0.006134969325153374,0.0,0.29141104294478526,0.03067484662576687,0.012269938650306749,0.17791411042944785,0.018404907975460124,0.012269938650306749,0.006134969325153374,0.006134969325153374,0.018404907975460124,0.0,0.009202453987730062,0.015337423312883436,0.0,0.0,0.006134969325153374,0.012269938650306749,0.0,0.0,0.0,0.20552147239263804,0.0,0.0,0.16257668711656442,0.0,0.006134969325153374,0.003067484662576687,2.0,0.309645761,0.1548228805,326,67.32446076181735
21023,Amanda Nildén,2023-2024,0.0030959752321981426,0.0,0.21671826625386997,0.043343653250773995,0.022291021671826627,0.23157894736842105,0.018575851393188854,0.009287925696594427,0.014860681114551083,0.0037151702786377707,0.014241486068111455,0.0,0.0030959752321981426,0.0043343653250774,0.0,0.0018575851393188853,0.0086687306501548,0.0086687306501548,0.0,0.0,0.0,0.3046439628482972,0.0,0.0,0.08359133126934984,0.0006191950464396285,0.005572755417956657,0.001238390092879257,9.0,0.6689184625,0.0743242736111111,1615,166.57116662846664
21026,Pape Gueye,2023,0.0,0.0,0.26552462526766596,0.03640256959314775,0.006423982869379015,0.25481798715203424,0.008565310492505354,0.006423982869379015,0.0021413276231263384,0.004282655246252677,0.014989293361884369,0.0,0.006423982869379015,0.008565310492505354,0.0,0.004282655246252677,0.0021413276231263384,0.0,0.0,0.0,0.0,0.31049250535331907,0.0021413276231263384,0.0021413276231263384,0.05353319057815846,0.0021413276231263384,0.004282655246252677,0.004282655246252677,2.0,0.17368129999999998,0.08684064999999999,467,172.32472324723247
21048,Rosella Ayane,2019-2020,0.0,0.003236245954692557,0.28317152103559873,0.0372168284789644,0.003236245954692557,0.21035598705501618,0.0016181229773462784,0.014563106796116505,0.01779935275080906,0.011326860841423949,0.01779935275080906,0.0,0.008090614886731391,0.012944983818770227,0.0,0.0,0.011326860841423949,0.024271844660194174,0.0,0.0,0.0,0.1553398058252427,0.0,0.0,0.156957928802589,0.0,0.02750809061488673,0.003236245954692557,17.0,1.3984969944,0.08226452908235295,618,89.1631933311959
21048,Rosella Ayane,2020-2021,0.0,0.0,0.3193430656934307,0.035888077858880776,0.010948905109489052,0.18917274939172748,0.0024330900243309003,0.02068126520681265,0.01338199513381995,0.0072992700729927005,0.017639902676399026,0.0006082725060827251,0.006082725060827251,0.010948905109489052,0.0,0.0006082725060827251,0.004866180048661801,0.029805352798053526,0.0,0.0,0.0,0.16849148418491483,0.0,0.0,0.1435523114355231,0.0006082725060827251,0.012773722627737226,0.004866180048661801,21.0,1.5320102314000001,0.07295286816190477,1644,139.57173851523441
21048,Rosella Ayane,2023-2024,0.0057251908396946565,0.0,0.26145038167938933,0.04007633587786259,0.01717557251908397,0.16603053435114504,0.003816793893129771,0.015267175572519083,0.01717557251908397,0.0057251908396946565,0.026717557251908396,0.0,0.009541984732824428,0.009541984732824428,0.0,0.0019083969465648854,0.007633587786259542,0.022900763358778626,0.0,0.0,0.0,0.15839694656488548,0.0,0.0,0.22137404580152673,0.0,0.009541984732824428,0.0,5.0,0.767043668,0.1534087336,524,188.33865814696483
21059,Katie Robinson,2019-2020,0.0,0.0,0.3269230769230769,0.03205128205128205,0.009615384615384616,0.17307692307692307,0.00641025641025641,0.016025641025641024,0.028846153846153848,0.009615384615384616,0.04807692307692308,0.0,0.00641025641025641,0.009615384615384616,0.0,0.0,0.003205128205128205,0.022435897435897436,0.0,0.0,0.0,0.1282051282051282,0.0,0.0,0.16987179487179488,0.0,0.003205128205128205,0.00641025641025641,1.0,0.039494563,0.039494563,312,94.07035175879398
21059,Katie Robinson,2023-2024,0.004344048653344918,0.0,0.2867072111207645,0.04083405734144222,0.014769765421372719,0.19635099913119028,0.0030408340573414424,0.016507384882710686,0.01259774109470026,0.013466550825369244,0.021720243266724587,0.0,0.00999131190269331,0.008253692441355343,0.0,0.0008688097306689834,0.004344048653344918,0.016941789748045177,0.0,0.0,0.0,0.1894005212858384,0.0004344048653344917,0.0004344048653344917,0.14986967854039965,0.0,0.005212858384013901,0.003909643788010426,12.0,2.2473307485,0.187277562375,2302,125.31301034295046
21156,Stefan Aigner,2015-2016,0.0,0.0,0.33962264150943394,0.018867924528301886,0.0330188679245283,0.14150943396226415,0.0047169811320754715,0.018867924528301886,0.014150943396226415,0.0047169811320754715,0.04245283018867924,0.0,0.014150943396226415,0.018867924528301886,0.0,0.0,0.0,0.0047169811320754715,0.0,0.0,0.0,0.16981132075471697,0.0,0.0,0.1509433962264151,0.0,0.018867924528301886,0.0047169811320754715,4.0,0.75234249,0.1880856225,212,111.12405358182878
21168,Marlon Frey,2015-2016,0.005420054200542005,0.0,0.21138211382113822,0.04336043360433604,0.016260162601626018,0.18157181571815717,0.016260162601626018,0.005420054200542005,0.013550135501355014,0.008130081300813009,0.02710027100271003,0.0,0.016260162601626018,0.005420054200542005,0.0,0.005420054200542005,0.01084010840108401,0.005420054200542005,0.0,0.0,0.0,0.26287262872628725,0.0027100271002710027,0.0027100271002710027,0.13008130081300814,0.0,0.024390243902439025,0.005420054200542005,9.0,0.41198949900000004,0.045776611,369,117.93323863636365
21230,Elise Hughes,2019-2020,0.0036900369003690036,0.0036900369003690036,0.39114391143911437,0.02214022140221402,0.01107011070110701,0.1070110701107011,0.0036900369003690036,0.014760147601476014,0.0036900369003690036,0.0036900369003690036,0.06642066420664207,0.0,0.007380073800738007,0.007380073800738007,0.0,0.0,0.0,0.02952029520295203,0.0,0.0,0.0,0.1881918819188192,0.0,0.0,0.12915129151291513,0.0,0.0036900369003690036,0.0036900369003690036,1.0,0.11930121,0.11930121,271,83.84324510140944
21556,Connie Scofield,2019-2020,0.0,0.0,0.23048327137546468,0.03717472118959108,0.01858736059479554,0.16356877323420074,0.007434944237918215,0.0037174721189591076,0.007434944237918215,0.01486988847583643,0.011152416356877323,0.0,0.007434944237918215,0.01486988847583643,0.0,0.007434944237918215,0.0037174721189591076,0.01858736059479554,0.0,0.0,0.0,0.1821561338289963,0.0,0.0,0.27137546468401486,0.0,0.0,0.0,0.0,0.0,0.0,269,59.00560565439922
21556,Connie Scofield,2020-2021,0.0,0.0,0.2521459227467811,0.03648068669527897,0.019313304721030045,0.1813304721030043,0.017167381974248927,0.018240343347639486,0.009656652360515022,0.017167381974248927,0.02467811158798283,0.0,0.008583690987124463,0.002145922746781116,0.0,0.0,0.011802575107296138,0.015021459227467811,0.0,0.0,0.0,0.20708154506437768,0.0,0.0,0.17703862660944206,0.0,0.0,0.002145922746781116,0.0,0.0,0.0,932,139.73013493253373
21854,Jade Bailey,2019-2020,0.002130681818181818,0.0,0.20667613636363635,0.04971590909090909,0.01278409090909091,0.21306818181818182,0.019886363636363636,0.006392045454545455,0.008522727272727272,0.012073863636363636,0.033380681818181816,0.0,0.009232954545454546,0.002130681818181818,0.0,0.0007102272727272727,0.005681818181818182,0.004971590909090909,0.0,0.0,0.0,0.28125,0.0,0.0,0.12357954545454546,0.0,0.007102272727272727,0.0007102272727272727,10.0,0.3999847372,0.03999847372,1408,106.362262884002
21859,Ruby Grant,2020-2021,0.0,0.0,0.24770642201834864,0.03669724770642202,0.009174311926605505,0.22935779816513763,0.0061162079510703364,0.012232415902140673,0.01834862385321101,0.0061162079510703364,0.01834862385321101,0.0,0.012232415902140673,0.009174311926605505,0.0,0.0030581039755351682,0.0030581039755351682,0.0061162079510703364,0.0,0.0,0.0,0.25688073394495414,0.0,0.0,0.11314984709480122,0.0,0.0061162079510703364,0.0061162079510703364,2.0,0.26953188,0.13476594,327,131.32530120481928
21865,Senne Lynen,2023-2024,0.004,0.0,0.256,0.02,0.016,0.208,0.012,0.0,0.004,0.004,0.012,0.0,0.008,0.004,0.0,0.0,0.008,0.0,0.0,0.0,0.0,0.308,0.0,0.0,0.136,0.0,0.0,0.0,0.0,0.0,0.0,250,209.30232558139537
22027,Anne Moorhouse,2019-2020,0.0,0.0,0.11641791044776119,0.08059701492537313,0.0,0.1791044776119403,0.0,0.0,0.0,0.0,0.0,0.0,0.0,0.0,0.23283582089552238,0.0,0.0,0.0,0.0,0.0,0.0,0.39104477611940297,0.0,0.0,0.0,0.0,0.0,0.0,0.0,0.0,0.0,335,79.34210526315789
22032,Hannah Hampton,2019-2020,0.0,0.0,0.19461444308445533,0.05385556915544676,0.0,0.22888616891064872,0.0012239902080783353,0.0,0.0,0.0,0.0,0.0,0.0,0.0,0.12974296205630356,0.0024479804161566705,0.0,0.0,0.0,0.0,0.0,0.3880048959608323,0.0,0.0,0.0012239902080783353,0.0,0.0,0.0,0.0,0.0,0.0,817,59.53846153846154
22032,Hannah Hampton,2020-2021,0.0,0.0,0.1417910447761194,0.054104477611940295,0.0004664179104477612,0.18983208955223882,0.0004664179104477612,0.0,0.0,0.0004664179104477612,0.0,0.0013992537313432835,0.0,0.0013992537313432835,0.2019589552238806,0.002798507462686567,0.0,0.0004664179104477612,0.0,0.0,0.0,0.40298507462686567,0.0,0.0,0.0018656716417910447,0.0,0.0,0.0,0.0,0.0,0.0,2144,96.72180451127821
22032,Hannah Hampton,2023-2024,0.0,0.000777000777000777,0.25097125097125095,0.035742035742035744,0.0,0.25874125874125875,0.0,0.0,0.0,0.0,0.0,0.0,0.0,0.0,0.08313908313908314,0.004662004662004662,0.0,0.0,0.0,0.0,0.0,0.3651903651903652,0.0,0.0,0.000777000777000777,0.0,0.0,0.0,0.0,0.0,0.0,1287,121.92631578947369
22256,Roderick Alonso Miller Molina,2024,0.0,0.0,0.2618384401114206,0.022284122562674095,0.005571030640668524,0.25348189415041783,0.022284122562674095,0.011142061281337047,0.002785515320334262,0.005571030640668524,0.022284122562674095,0.0,0.011142061281337047,0.005571030640668524,0.0,0.0,0.002785515320334262,0.0,0.0,0.0,0.0,0.3147632311977716,0.0,0.0,0.04735376044568245,0.0,0.008356545961002786,0.002785515320334262,3.0,0.243566418,0.081188806,359,0.0
22274,Bruno Lourenço Pinto de Almeida Paz,2023,0.0,0.0,0.24056603773584906,0.014150943396226415,0.009433962264150943,0.22641509433962265,0.0,0.0047169811320754715,0.0047169811320754715,0.009433962264150943,0.0330188679245283,0.0,0.014150943396226415,0.009433962264150943,0.0,0.0047169811320754715,0.0,0.0,0.0,0.0,0.0,0.2971698113207547,0.0,0.0,0.12264150943396226,0.0,0.0,0.009433962264150943,0.0,0.0,0.0,212,0.0
22314,Maxence Lacroix,2023-2024,0.0,0.0,0.25170068027210885,0.017006802721088437,0.017006802721088437,0.23469387755102042,0.027210884353741496,0.0,0.003401360544217687,0.006802721088435374,0.017006802721088437,0.0,0.0,0.003401360544217687,0.0,0.0,0.023809523809523808,0.0,0.0,0.0,0.0,0.3231292517006803,0.0,0.0,0.07142857142857142,0.0,0.003401360544217687,0.0,1.0,0.24649659,0.24649659,294,139.26315789473682
22337,Maya Le Tissier,2019-2020,0.0,0.0,0.2170940170940171,0.039316239316239315,0.008547008547008548,0.2222222222222222,0.05641025641025641,0.005128205128205128,0.0017094017094017094,0.006837606837606838,0.02905982905982906,0.0017094017094017094,0.0017094017094017094,0.006837606837606838,0.0,0.0,0.0,0.006837606837606838,0.0,0.0,0.0,0.2923076923076923,0.0,0.0,0.10085470085470086,0.0017094017094017094,0.0017094017094017094,0.0,1.0,0.044653572,0.044653572,585,62.24139969263507
22337,Maya Le Tissier,2020-2021,0.00032206119162640903,0.0,0.21256038647342995,0.03349436392914654,0.015458937198067632,0.20418679549114332,0.0428341384863124,0.00644122383252818,0.007407407407407408,0.004830917874396135,0.01642512077294686,0.00032206119162640903,0.0051529790660225444,0.008051529790660225,0.0,0.0025764895330112722,0.011272141706924315,0.005475040257648953,0.0,0.0,0.0,0.34492753623188405,0.00032206119162640903,0.00032206119162640903,0.07181964573268922,0.001932367149758454,0.003542673107890499,0.00032206119162640903,11.0,0.753674822,0.06851589290909091,3105,134.18323249783924
22337,Maya Le Tissier,2023-2024,0.0006014434643143544,0.0,0.27285485164394546,0.02425821972734563,0.00801924619085806,0.2706495589414595,0.015838011226944667,0.0010024057738572574,0.0010024057738572574,0.0026062550120288693,0.011226944667201283,0.0006014434643143544,0.0024057738572574178,0.0024057738572574178,0.0,0.0016038492381716118,0.003007217321571772,0.0008019246190858059,0.0,0.0,0.0,0.32878909382518046,0.00020048115477145148,0.00020048115477145148,0.04971932638331997,0.00020048115477145148,0.002004811547714515,0.0,10.0,1.301064235,0.13010642349999998,4988,214.79425837320576
22600,Lucas Tolentino Coelho de Lima,2024,0.005136986301369863,0.0,0.25,0.0273972602739726,0.00684931506849315,0.20376712328767124,0.011986301369863013,0.011986301369863013,0.010273972602739725,0.003424657534246575,0.03595890410958904,0.0,0.00684931506849315,0.015410958904109588,0.0,0.0017123287671232876,0.005136986301369863,0.00684931506849315,0.0,0.0,0.0,0.2482876712328767,0.0,0.0,0.125,0.0,0.018835616438356163,0.005136986301369863,11.0,2.213149521,0.20119541100000002,584,0.0
22798,So-Hyun Cho,2019-2020,0.0,0.0,0.2508833922261484,0.044169611307420496,0.00530035335689046,0.21908127208480566,0.0176678445229682,0.00530035335689046,0.007067137809187279,0.00530035335689046,0.03180212014134275,0.0,0.007067137809187279,0.00530035335689046,0.0,0.0017667844522968198,0.00530035335689046,0.00530035335689046,0.0,0.0,0.0,0.27208480565371024,0.0,0.0,0.11484098939929328,0.0,0.0017667844522968198,0.0,1.0,0.06157522,0.06157522,566,0.0
22798,So-Hyun Cho,2020-2021,0.0012484394506866417,0.0,0.2215980024968789,0.04868913857677903,0.018102372034956304,0.19662921348314608,0.016229712858926344,0.006242197253433208,0.00686641697877653,0.006242197253433208,0.028089887640449437,0.0,0.00749063670411985,0.0056179775280898875,0.0,0.0006242197253433209,0.006242197253433208,0.004993757802746567,0.0,0.0,0.0,0.27652933832709115,0.0,0.0,0.14107365792759052,0.0,0.003745318352059925,0.003745318352059925,6.0,0.422838588,0.070473098,1602,0.0
23198,Michael Zetterer,2023-2024,0.0,0.0,0.22794117647058823,0.029411764705882353,0.0,0.23897058823529413,0.0,0.0,0.0,0.0,0.0,0.0,0.0,0.003676470588235294,0.16176470588235295,0.007352941176470588,0.0,0.0,0.0,0.0,0.0,0.33088235294117646,0.0,0.0,0.0,0.0,0.0,0.0,0.0,0.0,0.0,272,128.8421052631579
23203,Stopilla Sunzu,2023,0.0,0.0,0.310546875,0.01171875,0.009765625,0.244140625,0.037109375,0.001953125,0.0,0.001953125,0.01953125,0.0,0.005859375,0.005859375,0.0,0.00390625,0.005859375,0.0,0.0,0.0,0.0,0.328125,0.0,0.0,0.013671875,0.0,0.0,0.0,0.0,0.0,0.0,512,161.68421052631578
23217,Tessel Middag,2019-2020,0.0012658227848101266,0.0,0.23164556962025318,0.03670886075949367,0.016455696202531647,0.2,0.017721518987341773,0.006329113924050633,0.005063291139240506,0.01139240506329114,0.020253164556962026,0.0,0.013924050632911392,0.005063291139240506,0.0,0.0012658227848101266,0.01139240506329114,0.005063291139240506,0.0,0.0,0.0,0.2848101265822785,0.0,0.0,0.11392405063291139,0.0,0.01139240506329114,0.006329113924050633,9.0,0.7130039260000001,0.07922265844444445,790,95.60306575231948
23260,Emmanuel Justine Rabby Banda,2023,0.00205761316872428,0.0,0.2880658436213992,0.02263374485596708,0.006172839506172839,0.23868312757201646,0.006172839506172839,0.00205761316872428,0.00823045267489712,0.00205761316872428,0.0102880658436214,0.0,0.00411522633744856,0.006172839506172839,0.0,0.0,0.00205761316872428,0.00205761316872428,0.0,0.0,0.0,0.33127572016460904,0.0,0.0,0.059670781893004114,0.0,0.00823045267489712,0.0,4.0,0.0883462904,0.0220865726,486,0.0
23289,Emily Simpkins,2019-2020,0.0,0.0,0.3,0.025714285714285714,0.014285714285714285,0.16,0.014285714285714285,0.008571428571428572,0.005714285714285714,0.014285714285714285,0.022857142857142857,0.0,0.002857142857142857,0.008571428571428572,0.0,0.002857142857142857,0.008571428571428572,0.005714285714285714,0.0,0.0,0.0,0.23714285714285716,0.0,0.0,0.15428571428571428,0.0,0.008571428571428572,0.005714285714285714,3.0,0.207598052,0.06919935066666667,350,49.81024667931689
23289,Emily Simpkins,2020-2021,0.0,0.0013020833333333333,0.2513020833333333,0.04296875,0.018229166666666668,0.19140625,0.022135416666666668,0.0026041666666666665,0.009114583333333334,0.01171875,0.0234375,0.0,0.0078125,0.016927083333333332,0.0,0.00390625,0.006510416666666667,0.010416666666666666,0.0,0.0,0.0,0.23697916666666666,0.0,0.0,0.125,0.0,0.010416666666666666,0.0078125,8.0,0.3071971736,0.0383996467,768,120.94488188976378
23301,Kenny Rocha Santos,2023,0.002066115702479339,0.0,0.2603305785123967,0.026859504132231406,0.008264462809917356,0.21694214876033058,0.010330578512396695,0.004132231404958678,0.014462809917355372,0.006198347107438017,0.012396694214876033,0.0,0.006198347107438017,0.004132231404958678,0.0,0.002066115702479339,0.006198347107438017,0.008264462809917356,0.0,0.0,0.0,0.2768595041322314,0.002066115702479339,0.002066115702479339,0.11983471074380166,0.0,0.008264462809917356,0.002066115702479339,4.0,0.195162514,0.0487906285,484,155.62700964630227
23320,Melisa Filis,2023-2024,0.0031496062992125984,0.0,0.24881889763779527,0.05984251968503937,0.011023622047244094,0.22362204724409449,0.007874015748031496,0.011023622047244094,0.012598425196850394,0.004724409448818898,0.006299212598425197,0.0,0.007874015748031496,0.0031496062992125984,0.0,0.0031496062992125984,0.0,0.009448818897637795,0.0,0.0,0.0,0.247244094488189,0.0,0.0,0.13385826771653545,0.0,0.004724409448818898,0.0015748031496062992,3.0,0.133926378,0.044642126000000004,635,148.13374805598755
23331,Boubakar Kouyate,2023,0.0,0.0,0.2864583333333333,0.011458333333333333,0.008333333333333333,0.2604166666666667,0.04479166666666667,0.0,0.0,0.003125,0.0125,0.0,0.00625,0.003125,0.0,0.0,0.0020833333333333333,0.0020833333333333333,0.0,0.0,0.0,0.325,0.0,0.0,0.03229166666666667,0.0,0.0020833333333333333,0.0,2.0,0.25937209,0.129686045,960,0.0
23351,Keven Schlotterbeck,2023-2024,0.0,0.0,0.2074688796680498,0.024896265560165973,0.024896265560165973,0.1991701244813278,0.02074688796680498,0.004149377593360996,0.008298755186721992,0.008298755186721992,0.04564315352697095,0.0,0.02074688796680498,0.012448132780082987,0.0,0.0,0.012448132780082987,0.008298755186721992,0.0,0.0,0.0,0.27800829875518673,0.0,0.0,0.12448132780082988,0.0,0.0,0.0,0.0,0.0,0.0,241,114.1578947368421
23363,Liam Millar,2024,0.009501187648456057,0.0,0.2589073634204275,0.023752969121140142,0.019002375296912115,0.20902612826603326,0.007125890736342043,0.009501187648456057,0.035629453681710214,0.007125890736342043,0.014251781472684086,0.0,0.009501187648456057,0.007125890736342043,0.0,0.0,0.0,0.011876484560570071,0.0,0.0,0.0,0.19477434679334918,0.0,0.0,0.15914489311163896,0.004750593824228029,0.014251781472684086,0.004750593824228029,6.0,0.962323191,0.1603871985,421,149.64454976303318
23402,Leandro Barreiro Martins,2023-2024,0.0,0.0,0.2596491228070175,0.02456140350877193,0.03508771929824561,0.19298245614035087,0.010526315789473684,0.0,0.0,0.0035087719298245615,0.02456140350877193,0.0,0.017543859649122806,0.021052631578947368,0.0,0.0,0.010526315789473684,0.007017543859649123,0.0,0.0,0.0,0.24912280701754386,0.0,0.0,0.1368421052631579,0.0,0.007017543859649123,0.0,2.0,0.134664536,0.067332268,285,0.0
23412,Abigail Harrison,2019-2020,0.0021551724137931034,0.0,0.3297413793103448,0.04741379310344827,0.00646551724137931,0.16379310344827586,0.021551724137931036,0.028017241379310345,0.017241379310344827,0.00646551724137931,0.034482758620689655,0.0,0.00646551724137931,0.008620689655172414,0.0,0.0021551724137931034,0.004310344827586207,0.02586206896551724,0.0,0.0,0.0,0.14439655172413793,0.0021551724137931034,0.0021551724137931034,0.1271551724137931,0.0,0.010775862068965518,0.008620689655172414,5.0,0.183219682,0.0366439364,464,114.19196062346187
23412,Abigail Harrison,2020-2021,0.0007564296520423601,0.0,0.3547655068078669,0.03328290468986384,0.01059001512859304,0.170196671709531,0.00832072617246596,0.024205748865355523,0.014372163388804841,0.00680786686838124,0.031013615733736764,0.0,0.0045385779122541605,0.0030257186081694403,0.0,0.0030257186081694403,0.009833585476550681,0.02723146747352496,0.0,0.0,0.0,0.1777609682299546,0.0,0.0,0.1059001512859304,0.0,0.009077155824508321,0.00529500756429652,12.0,1.342401301,0.11186677508333333,1322,127.85299806576403
23412,Abigail Harrison,2023-2024,0.002555366269165247,0.0017035775127768314,0.3543441226575809,0.04088586030664395,0.011073253833049404,0.17632027257240204,0.01192504258943782,0.014480408858603067,0.012776831345826235,0.002555366269165247,0.030664395229982964,0.0,0.0034071550255536627,0.004258943781942078,0.0,0.002555366269165247,0.002555366269165247,0.018739352640545145,0.0008517887563884157,0.0,0.0,0.20272572402044292,0.0008517887563884157,0.0008517887563884157,0.08432708688245315,0.0008517887563884157,0.01192504258943782,0.0068143100511073255,14.0,0.954005949,0.06814328207142857,1174,142.899648363538
23413,Megan Connolly,2019-2020,0.0025477707006369425,0.0,0.20382165605095542,0.049681528662420385,0.02929936305732484,0.17197452229299362,0.017834394904458598,0.016560509554140127,0.005095541401273885,0.01019108280254777,0.045859872611464965,0.0,0.007643312101910828,0.005095541401273885,0.0,0.0025477707006369425,0.008917197452229299,0.016560509554140127,0.0,0.0,0.0,0.21910828025477708,0.0,0.0,0.1821656050955414,0.0,0.005095541401273885,0.0,4.0,0.607992711,0.15199817775,785,109.70496894409938
23413,Megan Connolly,2020-2021,0.0005555555555555556,0.0,0.21166666666666667,0.04,0.024444444444444446,0.17666666666666667,0.01888888888888889,0.012222222222222223,0.01,0.011111111111111112,0.029444444444444443,0.0,0.009444444444444445,0.008888888888888889,0.0,0.0016666666666666668,0.016666666666666666,0.014444444444444444,0.0,0.0,0.0,0.2638888888888889,0.0005555555555555556,0.0005555555555555556,0.1388888888888889,0.0005555555555555556,0.007222222222222222,0.0022222222222222222,13.0,1.042656442,0.0802043416923077,1800,125.60086835168242
23413,Megan Connolly,2023-2024,0.0019623233908948193,0.0007849293563579278,0.20604395604395603,0.041993720565149134,0.02629513343799058,0.21546310832025117,0.033751962323390894,0.00706436420722135,0.005886970172684459,0.004709576138147566,0.016483516483516484,0.0007849293563579278,0.0066718995290423865,0.0031397174254317113,0.0,0.0003924646781789639,0.007456828885400314,0.0043171114599686025,0.0,0.0003924646781789639,0.0,0.3237833594976452,0.0,0.0,0.08948194662480377,0.0007849293563579278,0.0011773940345368916,0.0011773940345368916,3.0,0.212220065,0.07074002166666667,2548,113.1941359395824
23420,Lubambo Musonda,2023,0.0,0.0,0.26744186046511625,0.011627906976744186,0.007751937984496124,0.21705426356589147,0.011627906976744186,0.003875968992248062,0.015503875968992248,0.003875968992248062,0.015503875968992248,0.0,0.015503875968992248,0.003875968992248062,0.0,0.0,0.01937984496124031,0.007751937984496124,0.0,0.0,0.0,0.2751937984496124,0.0,0.0,0.1124031007751938,0.003875968992248062,0.003875968992248062,0.003875968992248062,1.0,0.006030566,0.006030566,258,105.64149226569607
23465,Megan Campbell,2019-2020,0.0,0.0,0.19047619047619047,0.047619047619047616,0.016666666666666666,0.2,0.016666666666666666,0.004761904761904762,0.002380952380952381,0.011904761904761904,0.02142857142857143,0.0,0.004761904761904762,0.009523809523809525,0.0,0.0,0.011904761904761904,0.002380952380952381,0.0,0.0,0.0,0.35,0.0,0.0,0.10238095238095238,0.002380952380952381,0.002380952380952381,0.002380952380952381,1.0,0.062372334,0.062372334,420,104.01761144744084
23486,Anthony Modeste,2015-2016,0.0038022813688212928,0.0,0.4372623574144487,0.030418250950570342,0.0038022813688212928,0.11787072243346007,0.0076045627376425855,0.0,0.0076045627376425855,0.0076045627376425855,0.04182509505703422,0.0,0.0038022813688212928,0.019011406844106463,0.0,0.0038022813688212928,0.0,0.022813688212927757,0.0,0.0,0.0,0.19011406844106463,0.0,0.0,0.07224334600760456,0.0,0.030418250950570342,0.0,8.0,0.939659546,0.11745744325,263,124.57894736842105
23559,José Ndong Machín Dicombo,2023,0.0,0.0,0.2907216494845361,0.0288659793814433,0.01443298969072165,0.2309278350515464,0.0,0.016494845360824743,0.004123711340206186,0.002061855670103093,0.008247422680412371,0.0,0.008247422680412371,0.004123711340206186,0.0,0.004123711340206186,0.0,0.012371134020618556,0.0,0.0,0.0,0.2597938144329897,0.0,0.0,0.10721649484536082,0.0,0.004123711340206186,0.004123711340206186,2.0,0.05297129,0.026485645,485,0.0
23614,Chris Führich,2023-2024,0.0,0.0,0.2579505300353357,0.028268551236749116,0.02120141342756184,0.2332155477031802,0.0,0.007067137809187279,0.02120141342756184,0.02120141342756184,0.014134275618374558,0.0,0.0035335689045936395,0.0035335689045936395,0.0,0.0,0.007067137809187279,0.01060070671378092,0.0,0.0,0.0,0.21908127208480566,0.0,0.0,0.12014134275618374,0.0035335689045936395,0.02120141342756184,0.007067137809187279,6.0,1.09684768,0.18280794666666667,283,162.4362244897959
23615,Gideon Mensah,2023,0.0,0.0,0.23542116630669546,0.019438444924406047,0.01079913606911447,0.2203023758099352,0.023758099352051837,0.0021598272138228943,0.004319654427645789,0.01079913606911447,0.02591792656587473,0.0,0.01079913606911447,0.008639308855291577,0.0,0.0,0.01079913606911447,0.0064794816414686825,0.0,0.0,0.0,0.31101511879049676,0.0,0.0,0.09935205183585313,0.0,0.0,0.0,0.0,0.0,0.0,463,146.21052631578948
23623,Sekou Koita,2023,0.0,0.0,0.33183856502242154,0.02242152466367713,0.0,0.15695067264573992,0.004484304932735426,0.0,0.017937219730941704,0.013452914798206279,0.026905829596412557,0.0,0.004484304932735426,0.017937219730941704,0.0,0.008968609865470852,0.008968609865470852,0.03587443946188341,0.0,0.0,0.0,0.17937219730941703,0.0,0.0,0.13452914798206278,0.0,0.026905829596412557,0.008968609865470852,6.0,0.3023319684,0.0503886614,223,113.51809954751133
23640,Jonathan David,2024,0.0014925373134328358,0.0,0.2537313432835821,0.03880597014925373,0.008955223880597015,0.1925373134328358,0.0029850746268656717,0.019402985074626865,0.011940298507462687,0.0029850746268656717,0.014925373134328358,0.0,0.007462686567164179,0.019402985074626865,0.0,0.0029850746268656717,0.0,0.022388059701492536,0.0,0.0,0.0,0.20149253731343283,0.0014925373134328358,0.0014925373134328358,0.17761194029850746,0.0,0.014925373134328358,0.0029850746268656717,10.0,2.9032903709999998,0.29032903709999996,670,127.9168434450573
23658,Aurélio Gabriel Ulineia Buta,2023-2024,0.0,0.0,0.2857142857142857,0.044642857142857144,0.004464285714285714,0.24107142857142858,0.004464285714285714,0.013392857142857142,0.004464285714285714,0.004464285714285714,0.008928571428571428,0.0,0.013392857142857142,0.004464285714285714,0.0,0.0,0.0,0.004464285714285714,0.0,0.0,0.0,0.29017857142857145,0.0,0.0,0.07142857142857142,0.0,0.004464285714285714,0.0,1.0,0.031955447,0.031955447,224,0.0
23706,Alfons Amade,2023,0.002577319587628866,0.0,0.25773195876288657,0.028350515463917526,0.005154639175257732,0.24484536082474226,0.007731958762886598,0.005154639175257732,0.0,0.005154639175257732,0.01288659793814433,0.0,0.005154639175257732,0.007731958762886598,0.0,0.0,0.007731958762886598,0.0,0.0,0.0,0.0,0.29381443298969073,0.0,0.0,0.1056701030927835,0.0,0.005154639175257732,0.005154639175257732,2.0,0.17173060499999998,0.08586530249999999,388,149.16702263989748
23708,Fashion Sakala,2023,0.0035587188612099642,0.0,0.29537366548042704,0.028469750889679714,0.010676156583629894,0.20640569395017794,0.0,0.017793594306049824,0.03558718861209965,0.0035587188612099642,0.028469750889679714,0.0,0.021352313167259787,0.0071174377224199285,0.0,0.0,0.0,0.03914590747330961,0.0,0.0,0.0,0.1494661921708185,0.0,0.0,0.1423487544483986,0.0,0.0071174377224199285,0.0035587188612099642,2.0,0.20199688540000002,0.10099844270000001,281,129.82546201232032
23749,Marcos Johan López Lanfranco,2024,0.0,0.0,0.21543408360128619,0.05144694533762058,0.012861736334405145,0.2057877813504823,0.012861736334405145,0.003215434083601286,0.012861736334405145,0.0,0.022508038585209004,0.0,0.01607717041800643,0.028938906752411574,0.0,0.0,0.00964630225080386,0.00964630225080386,0.0,0.0,0.0,0.28938906752411575,0.0,0.0,0.10289389067524116,0.0,0.003215434083601286,0.003215434083601286,1.0,0.020770706,0.020770706,311,0.0
23758,Maxime Crépeau,2024,0.0,0.0,0.13941018766756033,0.058981233243967826,0.0,0.17158176943699732,0.0,0.0,0.0,0.002680965147453083,0.0,0.0,0.0,0.0,0.22788203753351208,0.002680965147453083,0.0,0.0,0.0,0.0,0.0,0.3941018766756032,0.0,0.0,0.002680965147453083,0.0,0.0,0.0,0.0,0.0,0.0,373,70.67368421052632
23760,Derek Cornelius,2024,0.0016778523489932886,0.0,0.24664429530201343,0.020134228187919462,0.018456375838926176,0.21644295302013422,0.04697986577181208,0.0016778523489932886,0.0,0.0016778523489932886,0.031879194630872486,0.0,0.015100671140939598,0.003355704697986577,0.0,0.0016778523489932886,0.013422818791946308,0.0050335570469798654,0.0,0.0,0.0,0.3070469798657718,0.0016778523489932886,0.0016778523489932886,0.06208053691275168,0.0,0.0016778523489932886,0.0016778523489932886,1.0,0.042415738,0.042415738,596,118.25396825396824
23774,Selim Amallah,2023,0.012987012987012988,0.0,0.22077922077922077,0.025974025974025976,0.03896103896103896,0.18181818181818182,0.0,0.004329004329004329,0.008658008658008658,0.004329004329004329,0.03463203463203463,0.0,0.030303030303030304,0.008658008658008658,0.0,0.0,0.008658008658008658,0.021645021645021644,0.0,0.0,0.0,0.19913419913419914,0.0,0.0,0.18181818181818182,0.0,0.004329004329004329,0.012987012987012988,1.0,0.07241479,0.07241479,231,108.05613305613305
23785,Théo Bongonda Mbul'Ofeko Batombo,2023,0.004319654427645789,0.0,0.28509719222462204,0.038876889848812095,0.0064794816414686825,0.2224622030237581,0.004319654427645789,0.012958963282937365,0.012958963282937365,0.0064794816414686825,0.012958963282937365,0.0,0.01079913606911447,0.02159827213822894,0.0,0.004319654427645789,0.0,0.012958963282937365,0.0,0.0,0.0,0.21382289416846653,0.0,0.0,0.10367170626349892,0.0,0.019438444924406047,0.0064794816414686825,9.0,0.472724633,0.05252495922222222,463,102.08231259186672
23873,Núrio Domingos Matias Fortuna,2023,0.0,0.004132231404958678,0.22727272727272727,0.045454545454545456,0.02066115702479339,0.19834710743801653,0.008264462809917356,0.008264462809917356,0.004132231404958678,0.004132231404958678,0.004132231404958678,0.0,0.02066115702479339,0.01652892561983471,0.0,0.0,0.012396694214876033,0.012396694214876033,0.0,0.0,0.0,0.2603305785123967,0.0,0.0,0.1446280991735537,0.004132231404958678,0.004132231404958678,0.0,1.0,0.019153595,0.019153595,242,0.0
23892,Aboubakary Koita,2023,0.0022935779816513763,0.0022935779816513763,0.25688073394495414,0.05504587155963303,0.011467889908256881,0.20412844036697247,0.0022935779816513763,0.0045871559633027525,0.02981651376146789,0.0022935779816513763,0.01834862385321101,0.0,0.009174311926605505,0.027522935779816515,0.0,0.0022935779816513763,0.0045871559633027525,0.02522935779816514,0.0,0.0,0.0,0.1536697247706422,0.0,0.0,0.15825688073394495,0.0,0.027522935779816515,0.0022935779816513763,12.0,0.516851424,0.043070951999999996,436,107.21311475409836
23910,Youssef Msakni,2023,0.006557377049180328,0.0,0.30491803278688523,0.02622950819672131,0.01639344262295082,0.20655737704918034,0.006557377049180328,0.009836065573770493,0.013114754098360656,0.003278688524590164,0.02622950819672131,0.0,0.003278688524590164,0.009836065573770493,0.0,0.0,0.006557377049180328,0.022950819672131147,0.0,0.0,0.0,0.21967213114754097,0.0,0.0,0.09508196721311475,0.0,0.019672131147540985,0.003278688524590164,6.0,0.659849457,0.1099749095,305,125.11394712853236
23999,Ibrahim Blati Touré,2023,0.0022222222222222222,0.0,0.25333333333333335,0.03777777777777778,0.008888888888888889,0.2311111111111111,0.008888888888888889,0.011111111111111112,0.013333333333333334,0.0022222222222222222,0.017777777777777778,0.0,0.015555555555555555,0.008888888888888889,0.0,0.0022222222222222222,0.006666666666666667,0.008888888888888889,0.0,0.0,0.0,0.2688888888888889,0.0,0.0,0.09777777777777778,0.0022222222222222222,0.0022222222222222222,0.0,1.0,0.06465714,0.06465714,450,0.0
24087,Iddrisu Baba Mohammed,2023,0.0038910505836575876,0.0,0.21011673151750973,0.05058365758754864,0.007782101167315175,0.2140077821011673,0.0038910505836575876,0.0,0.0,0.0038910505836575876,0.0311284046692607,0.0,0.0311284046692607,0.0038910505836575876,0.0,0.0,0.011673151750972763,0.0,0.0,0.0,0.0,0.2918287937743191,0.0,0.0,0.12840466926070038,0.0,0.007782101167315175,0.0,2.0,0.256886904,0.128443452,257,0.0
24105,Dylan Batubinsika,2023,0.0,0.0,0.2808080808080808,0.024242424242424242,0.01616161616161616,0.26262626262626265,0.01818181818181818,0.0,0.00202020202020202,0.0,0.00404040404040404,0.0,0.00404040404040404,0.0,0.0,0.0,0.00808080808080808,0.0,0.0,0.0,0.0,0.3434343434343434,0.0,0.0,0.03434343434343434,0.0,0.0,0.00202020202020202,0.0,0.0,0.0,495,146.0655737704918
24118,Nico Schlotterbeck,2023-2024,0.0029411764705882353,0.0029411764705882353,0.25,0.01764705882352941,0.029411764705882353,0.2235294117647059,0.008823529411764706,0.0,0.0,0.0058823529411764705,0.023529411764705882,0.0,0.0,0.014705882352941176,0.0,0.0029411764705882353,0.0058823529411764705,0.0029411764705882353,0.0,0.0,0.0,0.3382352941176471,0.0,0.0,0.06764705882352941,0.0,0.0,0.0029411764705882353,0.0,0.0,0.0,340,193.05993690851736
24168,Alexander David González Sibulo,2024,0.0,0.0,0.25,0.03529411764705882,0.0058823529411764705,0.25,0.0058823529411764705,0.011764705882352941,0.011764705882352941,0.0,0.011764705882352941,0.0,0.0029411764705882353,0.0,0.0,0.0,0.008823529411764706,0.008823529411764706,0.0,0.0,0.0,0.34411764705882353,0.0,0.0,0.052941176470588235,0.0,0.0,0.0,0.0,0.0,0.0,340,0.0
24237,Missy Bo Kearns,2023-2024,0.002615062761506276,0.0,0.26359832635983266,0.03190376569037657,0.016736401673640166,0.16265690376569036,0.008368200836820083,0.0041841004184100415,0.009414225941422594,0.007322175732217573,0.03294979079497908,0.0,0.00889121338912134,0.0031380753138075313,0.0,0.0015690376569037657,0.004707112970711297,0.01202928870292887,0.0,0.0,0.0,0.21443514644351463,0.0005230125523012552,0.0005230125523012552,0.19822175732217573,0.0,0.01202928870292887,0.0041841004184100415,23.0,1.419599676,0.06172172504347826,1912,176.89144736842107
24239,Jemma Elizabeth Purfield,2020-2021,0.0,0.0,0.16385372714486637,0.039029535864978905,0.02812939521800281,0.16526019690576652,0.03129395218002813,0.005625879043600563,0.014416315049226441,0.011954992967651195,0.03234880450070324,0.00035161744022503517,0.00949367088607595,0.003867791842475387,0.0,0.00035161744022503517,0.014416315049226441,0.005274261603375527,0.0,0.00035161744022503517,0.0,0.33649789029535865,0.0,0.0,0.13361462728551335,0.00035161744022503517,0.0035161744022503515,0.0,10.0,0.3074690133,0.03074690133,2844,134.71578947368423
24281,Danielle Carter,2020-2021,0.0,0.0,0.3307303628847037,0.03950390445567294,0.008268259072117593,0.20211299954065226,0.005052824988516307,0.02572347266881029,0.020211299954065228,0.004593477262287551,0.029857602204869087,0.0,0.008268259072117593,0.00964630225080386,0.0,0.0013780431786862655,0.0022967386311437757,0.02388608176389527,0.00045934772622875517,0.0,0.0,0.16306844281120808,0.0,0.0,0.10381258612769867,0.00045934772622875517,0.017455213596692696,0.003215434083601286,38.0,3.8770049706,0.10202644659473684,2177,142.71250637337025
24370,Cecilie Fiskerstrand,2020-2021,0.0,0.0,0.16666666666666666,0.06854838709677419,0.0,0.20967741935483872,0.002688172043010753,0.0,0.0,0.0,0.0,0.0,0.0,0.0013440860215053765,0.1478494623655914,0.002688172043010753,0.0,0.0,0.0,0.0,0.0,0.40053763440860213,0.0,0.0,0.0,0.0,0.0,0.0,0.0,0.0,0.0,744,100.69172932330827
24400,Barbara Votíková,2023-2024,0.0,0.001876172607879925,0.1425891181988743,0.05628517823639775,0.001876172607879925,0.19699812382739212,0.0,0.0,0.0,0.0,0.0,0.001876172607879925,0.0,0.0,0.2176360225140713,0.0075046904315197,0.0,0.0,0.0,0.0,0.0,0.37335834896810505,0.0,0.0,0.0,0.0,0.0,0.0,0.0,0.0,0.0,533,84.15789473684211
24403,Katerina Svitková,2020-2021,0.0011855364552459987,0.0,0.1950207468879668,0.04682868998221695,0.014226437462951986,0.17190278601066983,0.016004742145820983,0.007705986959098993,0.01066982809721399,0.01778304682868998,0.03912270302311796,0.0,0.01066982809721399,0.005927682276229994,0.0,0.0005927682276229994,0.01778304682868998,0.011855364552459988,0.0,0.0,0.0,0.25074096028452875,0.0,0.0,0.16834617664493184,0.0005927682276229994,0.007705986959098993,0.005334914048606995,13.0,1.232173173,0.09478255176923077,1687,142.48310810810813
24411,Adama Guira,2023,0.0,0.0,0.2577777777777778,0.017777777777777778,0.0,0.2311111111111111,0.0,0.0,0.0044444444444444444,0.017777777777777778,0.02666666666666667,0.0,0.013333333333333334,0.008888888888888889,0.0,0.017777777777777778,0.008888888888888889,0.0044444444444444444,0.0,0.0,0.0,0.28444444444444444,0.0044444444444444444,0.0044444444444444444,0.08888888888888889,0.0,0.0044444444444444444,0.0044444444444444444,1.0,0.06333352,0.06333352,225,152.25563909774436
24428,Vladlen Yurchenko,2015-2016,0.0,0.0,0.25985663082437277,0.021505376344086023,0.014336917562724014,0.1881720430107527,0.008960573476702509,0.007168458781362007,0.0,0.012544802867383513,0.034050179211469536,0.0,0.016129032258064516,0.005376344086021506,0.0,0.0035842293906810036,0.016129032258064516,0.0035842293906810036,0.0,0.0,0.0,0.27956989247311825,0.0017921146953405018,0.0017921146953405018,0.1111111111111111,0.0,0.008960573476702509,0.005376344086021506,5.0,0.258645493,0.0517290986,558,161.427193828351
24461,Shuang Wang,2023-2024,0.0,0.003134796238244514,0.28213166144200624,0.03134796238244514,0.012539184952978056,0.23197492163009403,0.003134796238244514,0.003134796238244514,0.025078369905956112,0.003134796238244514,0.01567398119122257,0.0,0.0,0.009404388714733543,0.0,0.0,0.0,0.006269592476489028,0.0,0.0,0.0,0.2507836990595611,0.0,0.0,0.09404388714733543,0.003134796238244514,0.025078369905956112,0.0,8.0,0.875855384,0.109481923,319,0.0
24467,Frank Onyeka,2023,0.0,0.0,0.20706455542021923,0.04141291108404385,0.012180267965895249,0.18757612667478685,0.014616321559074299,0.0036540803897685747,0.0060901339829476245,0.0060901339829476245,0.0341047503045067,0.0,0.02192448233861145,0.01705237515225335,0.0,0.0036540803897685747,0.014616321559074299,0.0036540803897685747,0.0,0.0,0.0,0.2387332521315469,0.001218026796589525,0.001218026796589525,0.17174177831912302,0.001218026796589525,0.007308160779537149,0.0048721071863581,6.0,0.358742458,0.05979040966666666,821,119.02384020618557
24706,Sophie Roman Haug,2023-2024,0.003599712023038157,0.0,0.3668106551475882,0.017278617710583154,0.01511879049676026,0.1216702663786897,0.003599712023038157,0.009719222462203024,0.0021598272138228943,0.005759539236861051,0.029877609791216703,0.0,0.006839452843772498,0.0064794816414686825,0.0,0.0017998560115190785,0.003599712023038157,0.011879049676025918,0.0,0.0,0.0,0.21670266378689704,0.0007199424046076314,0.0007199424046076314,0.1537077033837293,0.0,0.018718502519798418,0.0032397408207343412,52.0,6.671202796,0.12829236146153847,2778,148.47675040085514
24740,Ivo Iličević,2015-2016,0.003861003861003861,0.0,0.30115830115830117,0.03861003861003861,0.015444015444015444,0.15444015444015444,0.0,0.0,0.015444015444015444,0.015444015444015444,0.019305019305019305,0.0,0.019305019305019305,0.007722007722007722,0.0,0.0,0.011583011583011582,0.03474903474903475,0.0,0.0,0.0,0.19305019305019305,0.0,0.0,0.1583011583011583,0.0,0.007722007722007722,0.003861003861003861,2.0,0.046855649,0.0234278245,259,149.71098265895955
24747,Millie Laura Farrow,2019-2020,0.0,0.003076923076923077,0.3230769230769231,0.043076923076923075,0.009230769230769232,0.20307692307692307,0.003076923076923077,0.033846153846153845,0.021538461538461538,0.006153846153846154,0.021538461538461538,0.0,0.003076923076923077,0.006153846153846154,0.0,0.003076923076923077,0.006153846153846154,0.03076923076923077,0.0,0.0,0.0,0.14461538461538462,0.003076923076923077,0.003076923076923077,0.11384615384615385,0.003076923076923077,0.009230769230769232,0.006153846153846154,3.0,0.51125183,0.17041727666666664,325,98.6842105263158
24765,Denis Irwin,1999-2000,0.0,0.0,0.27111111111111114,0.03111111111111111,0.008888888888888889,0.21333333333333335,0.008888888888888889,0.0044444444444444444,0.008888888888888889,0.0044444444444444444,0.022222222222222223,0.0,0.0,0.0,0.0,0.0,0.008888888888888889,0.0,0.0,0.0,0.0,0.39111111111111113,0.0,0.0,0.02666666666666667,0.0,0.0,0.0,0.0,0.0,0.0,225,213.15789473684208
24805,Roy Keane,1999-2000,0.0,0.0036496350364963502,0.291970802919708,0.01824817518248175,0.0036496350364963502,0.23357664233576642,0.0072992700729927005,0.0,0.0,0.021897810218978103,0.010948905109489052,0.0036496350364963502,0.0036496350364963502,0.0,0.0,0.0,0.0036496350364963502,0.0036496350364963502,0.0,0.0,0.0,0.33211678832116787,0.0,0.0,0.05474452554744526,0.0,0.0072992700729927005,0.0,2.0,0.077608208,0.038804104,274,259.57894736842104
24806,Mohamed Camara,2023,0.003861003861003861,0.0,0.24324324324324326,0.03088803088803089,0.007722007722007722,0.25096525096525096,0.003861003861003861,0.007722007722007722,0.0,0.007722007722007722,0.007722007722007722,0.0,0.011583011583011582,0.015444015444015444,0.0,0.0,0.007722007722007722,0.0,0.0,0.0,0.0,0.3088803088803089,0.0,0.0,0.08108108108108109,0.0,0.007722007722007722,0.003861003861003861,2.0,0.070990262,0.035495131,259,194.8996655518395
24826,Simon Bokote Banza,2023,0.00784313725490196,0.0,0.35294117647058826,0.027450980392156862,0.0,0.10196078431372549,0.0,0.011764705882352941,0.00784313725490196,0.0,0.047058823529411764,0.0,0.011764705882352941,0.03137254901960784,0.0,0.00392156862745098,0.0,0.03137254901960784,0.0,0.0,0.0,0.11764705882352941,0.00392156862745098,0.00392156862745098,0.21568627450980393,0.0,0.0196078431372549,0.00392156862745098,5.0,0.551961618,0.1103923236,255,0.0
24914,Edgar Prib,2015-2016,0.0,0.0,0.20714285714285716,0.04642857142857143,0.025,0.14642857142857144,0.010714285714285714,0.025,0.017857142857142856,0.017857142857142856,0.02857142857142857,0.0,0.02142857142857143,0.010714285714285714,0.0,0.0,0.0,0.017857142857142856,0.0,0.0,0.0,0.17857142857142858,0.0,0.0,0.23214285714285715,0.0,0.010714285714285714,0.0035714285714285713,3.0,0.059760049,0.019920016333333335,280,148.0611045828437
24922,Florence Allen,2019-2020,0.0,0.0,0.2006269592476489,0.0438871473354232,0.018808777429467086,0.19122257053291536,0.03134796238244514,0.025078369905956112,0.01567398119122257,0.01567398119122257,0.018808777429467086,0.003134796238244514,0.0,0.009404388714733543,0.0,0.0,0.009404388714733543,0.012539184952978056,0.0,0.0,0.0,0.2727272727272727,0.0,0.0,0.12225705329153605,0.0,0.003134796238244514,0.006269592476489028,1.0,0.21253395,0.21253395,319,99.99999999999999
24922,Florence Allen,2020-2021,0.002544529262086514,0.0,0.17472434266327397,0.043256997455470736,0.026293469041560644,0.15860899067005937,0.02883799830364716,0.009329940627650551,0.006785411365564037,0.007633587786259542,0.03307888040712468,0.0008481764206955047,0.007633587786259542,0.011874469889737066,0.0,0.0,0.010178117048346057,0.005937234944868533,0.0,0.0,0.0,0.3061916878710772,0.0,0.0,0.15776081424936386,0.0008481764206955047,0.0008481764206955047,0.006785411365564037,1.0,0.21251939,0.21251939,1179,94.06081021186066
24925,Olivia Chance,2019-2020,0.0008857395925597874,0.0008857395925597874,0.20637732506643047,0.043401240035429584,0.008857395925597875,0.22054915854738708,0.013286093888396812,0.007971656333038087,0.011514614703277236,0.008857395925597875,0.01771479185119575,0.0,0.007971656333038087,0.0008857395925597874,0.0,0.0,0.007971656333038087,0.0070859167404783,0.0,0.0,0.0,0.24800708591674048,0.0,0.0,0.17803365810451727,0.0,0.00974313551815766,0.0,11.0,0.41826629400000004,0.038024208545454546,1129,93.66703539823008
25056,Marcelo Amado Djaló Taritolay,2023,0.0,0.0,0.2825112107623318,0.004484304932735426,0.013452914798206279,0.23318385650224216,0.03139013452914798,0.0,0.0,0.0,0.017937219730941704,0.0,0.004484304932735426,0.0,0.0,0.0,0.008968609865470852,0.0,0.0,0.0,0.0,0.33183856502242154,0.0,0.0,0.06278026905829596,0.004484304932735426,0.004484304932735426,0.0,1.0,0.041957658,0.041957658,223,0.0
25104,Rodrygo Silva de Goes,2024,0.0017793594306049821,0.0,0.3167259786476868,0.014234875444839857,0.010676156583629894,0.21530249110320285,0.0017793594306049821,0.012455516014234875,0.026690391459074734,0.005338078291814947,0.01601423487544484,0.0,0.0017793594306049821,0.01601423487544484,0.0,0.0,0.0071174377224199285,0.021352313167259787,0.0017793594306049821,0.0,0.0,0.20106761565836298,0.0,0.0,0.10676156583629894,0.0,0.017793594306049824,0.005338078291814947,10.0,0.9033323019999999,0.09033323019999999,562,0.0
25115,Yeferson Julio Soteldo Martínez,2024,0.0041753653444676405,0.0,0.302713987473904,0.04801670146137787,0.012526096033402923,0.24008350730688935,0.0,0.012526096033402923,0.022964509394572025,0.0020876826722338203,0.006263048016701462,0.0,0.0041753653444676405,0.014613778705636743,0.0,0.0,0.0020876826722338203,0.022964509394572025,0.0,0.0,0.0,0.23382045929018788,0.0,0.0,0.054279749478079335,0.0020876826722338203,0.008350730688935281,0.006263048016701462,4.0,0.195000301,0.04875007525,479,0.0
25118,Iago Amaral Borduchi,2023-2024,0.0,0.004201680672268907,0.18907563025210083,0.04201680672268908,0.06302521008403361,0.18487394957983194,0.02100840336134454,0.0,0.008403361344537815,0.012605042016806723,0.02100840336134454,0.0,0.004201680672268907,0.004201680672268907,0.0,0.0,0.025210084033613446,0.012605042016806723,0.0,0.0,0.0,0.24369747899159663,0.0,0.0,0.15126050420168066,0.008403361344537815,0.004201680672268907,0.0,1.0,0.046394035,0.046394035,238,0.0
25142,Bruno Guimarães Rodriguez Moura,2024,0.003865979381443299,0.0,0.2551546391752577,0.03608247422680412,0.006443298969072165,0.23711340206185566,0.002577319587628866,0.006443298969072165,0.003865979381443299,0.002577319587628866,0.015463917525773196,0.0,0.01675257731958763,0.014175257731958763,0.0,0.002577319587628866,0.002577319587628866,0.003865979381443299,0.0,0.0,0.0,0.28994845360824745,0.001288659793814433,0.001288659793814433,0.08634020618556701,0.0,0.007731958762886598,0.003865979381443299,6.0,0.337783927,0.056297321166666664,776,0.0
25442,Valérie Gauvin,2020-2021,0.0009066183136899365,0.0,0.3617407071622847,0.02085222121486854,0.009972801450589302,0.1613780598368087,0.006346328195829556,0.01813236627379873,0.014505893019038985,0.0027198549410698096,0.02629193109700816,0.0009066183136899365,0.007252946509519492,0.0027198549410698096,0.0,0.0009066183136899365,0.0027198549410698096,0.032638259292837715,0.0009066183136899365,0.0,0.0,0.14777878513145964,0.0,0.0,0.15049864007252947,0.0,0.022665457842248413,0.008159564823209429,25.0,4.3826253269999995,0.17530501308,1103,117.91186601734174
25453,Geum-Min Lee,2020-2021,0.0,0.0,0.33408705483323914,0.026568682871678916,0.006218202374222725,0.19728660260033917,0.002826455624646693,0.013001695873374788,0.010175240248728096,0.005087620124364048,0.01639344262295082,0.0,0.00791407574901074,0.016958733747880157,0.0,0.0011305822498586771,0.006218202374222725,0.023176936122102882,0.0005652911249293386,0.0,0.0,0.19559072922555115,0.0,0.0,0.12323346523459582,0.0,0.008479366873940079,0.005087620124364048,15.0,1.1649277335,0.0776618489,1769,0.0
25453,Geum-Min Lee,2023-2024,0.0037059913526868438,0.0012353304508956147,0.288449660284126,0.035206917850525016,0.01173563928350834,0.22235948116121063,0.006176652254478073,0.012353304508956145,0.011117974058060531,0.0030883261272390363,0.021618282890673256,0.0,0.004941321803582459,0.009882643607164917,0.0,0.0,0.0030883261272390363,0.016676961087090797,0.0,0.0,0.0,0.20877084620135886,0.0,0.0,0.12970969734403953,0.0,0.005558987029030266,0.004323656578134651,9.0,1.387899,0.154211,1619,0.0
25513,Lucía García Córdoba,2023-2024,0.0034904013961605585,0.0004363001745200698,0.2774869109947644,0.04144851657940663,0.02006980802792321,0.20593368237347295,0.002617801047120419,0.010034904013961605,0.028359511343804537,0.004363001745200698,0.02617801047120419,0.0,0.008289703315881327,0.007417102966841187,0.0,0.0004363001745200698,0.005671902268760907,0.02443280977312391,0.0008726003490401396,0.0,0.0,0.1531413612565445,0.0,0.0,0.15881326352530542,0.0,0.017452006980802792,0.0030541012216404886,40.0,4.198781105,0.104969527625,2292,0.0
25543,Geyse da Silva Ferreira,2023-2024,0.005622837370242215,0.0,0.2577854671280277,0.04498269896193772,0.016003460207612456,0.2301038062283737,0.0008650519031141869,0.03330449826989619,0.04541522491349481,0.004757785467128028,0.024653979238754325,0.0,0.009083044982698962,0.008217993079584774,0.0,0.0021626297577854673,0.0021626297577854673,0.025951557093425604,0.0,0.00043252595155709344,0.0,0.1254325259515571,0.0,0.0,0.14100346020761245,0.0,0.01773356401384083,0.004325259515570935,41.0,2.8555165916,0.06964674613658536,2312,0.0
25547,Chloe Logarzo,2020-2021,0.0,0.0,0.21726190476190477,0.05505952380952381,0.026785714285714284,0.18452380952380953,0.010416666666666666,0.023809523809523808,0.017857142857142856,0.004464285714285714,0.028273809523809524,0.0,0.011904761904761904,0.017857142857142856,0.0,0.002976190476190476,0.008928571428571428,0.017857142857142856,0.0,0.0,0.0,0.20833333333333334,0.001488095238095238,0.001488095238095238,0.15476190476190477,0.0,0.002976190476190476,0.002976190476190476,2.0,0.84686629,0.423433145,672,98.19775937652217
25554,Khadija Monifa Shaw,2023-2024,0.0009293680297397769,0.0,0.32853159851301117,0.03392193308550186,0.013011152416356878,0.19656133828996283,0.0027881040892193307,0.02137546468401487,0.020446096654275093,0.0013940520446096654,0.019516728624535316,0.0,0.006970260223048327,0.014405204460966542,0.0,0.004182156133828996,0.004182156133828996,0.02695167286245353,0.0009293680297397769,0.0,0.0,0.1533457249070632,0.004182156133828996,0.004182156133828996,0.10176579925650557,0.0,0.03717472118959108,0.0032527881040892194,80.0,12.408155411,0.1551019426375,2152,0.0
25601,Deanne Cynthia Rose,2023-2024,0.0040941658137154556,0.0,0.3142272262026612,0.038894575230296824,0.02456499488229273,0.20368474923234392,0.0020470829068577278,0.022517911975435005,0.02047082906857728,0.0030706243602865915,0.028659160696008188,0.0,0.008188331627430911,0.007164790174002047,0.0,0.0010235414534288639,0.006141248720573183,0.027635619242579325,0.0010235414534288639,0.0,0.0,0.14022517911975435,0.0,0.0,0.13101330603889458,0.0010235414534288639,0.01023541453428864,0.0040941658137154556,10.0,1.120795163,0.11207951629999999,977,0.0
25604,Saori Takarada,2023-2024,0.004747774480712166,0.0,0.22492581602373887,0.04451038575667656,0.017210682492581602,0.21127596439169138,0.009495548961424332,0.004154302670623145,0.0035608308605341245,0.011275964391691394,0.021364985163204748,0.0,0.007121661721068249,0.004747774480712166,0.0,0.0011869436201780415,0.005934718100890208,0.005341246290801187,0.0,0.0,0.0,0.26943620178041544,0.0,0.0,0.143026706231454,0.0,0.007121661721068249,0.0035608308605341245,12.0,1.2022760609999998,0.10018967174999999,1685,150.44642857142858
25610,Mana Iwabuchi,2020-2021,0.0005704506560182544,0.0,0.2504278379920137,0.05419281232173417,0.01426126640045636,0.20365088419851682,0.006274957216200799,0.021106674272675412,0.034227039361095266,0.012549914432401598,0.022247575584711923,0.0,0.00513405590416429,0.009697661152310326,0.0,0.0011409013120365088,0.013120365088419851,0.018824871648602397,0.0,0.0,0.0,0.1791215059897319,0.0,0.0,0.14432401597261837,0.0,0.006274957216200799,0.002852253280091272,11.0,1.234072319,0.11218839263636364,1753,154.3737769080235
25612,Jessie Alexandra Fleming,2020-2021,0.0,0.0,0.2693014705882353,0.02665441176470588,0.01011029411764706,0.23253676470588236,0.0009191176470588235,0.007352941176470588,0.013786764705882353,0.006433823529411764,0.02022058823529412,0.0,0.003676470588235294,0.001838235294117647,0.0,0.0,0.01011029411764706,0.01011029411764706,0.0,0.0,0.0,0.25919117647058826,0.0,0.0,0.12224264705882353,0.0,0.004595588235294118,0.0009191176470588235,5.0,0.280400141,0.0560800282,1088,239.7649363369246
25612,Jessie Alexandra Fleming,2023-2024,0.004232804232804233,0.0010582010582010583,0.28994708994708995,0.037037037037037035,0.008465608465608466,0.21904761904761905,0.0021164021164021165,0.007407407407407408,0.012698412698412698,0.004232804232804233,0.014814814814814815,0.0010582010582010583,0.0,0.005291005291005291,0.0,0.0010582010582010583,0.005291005291005291,0.010582010582010581,0.0,0.0,0.0,0.24232804232804234,0.0,0.0,0.12275132275132275,0.0010582010582010583,0.007407407407407408,0.0021164021164021165,7.0,1.405632236,0.20080460514285714,945,0.0
25624,Risa Shimizu,2023-2024,0.0018581604211830288,0.0006193868070610096,0.24248993496438526,0.02260761845772685,0.00960049550944565,0.22019200991018892,0.019510684422421803,0.005574481263549086,0.004335707649427067,0.004955094456488077,0.019820377825952307,0.0003096934035305048,0.0037163208423660575,0.002787240631774543,0.0,0.0009290802105915144,0.009910188912976153,0.004335707649427067,0.0,0.0,0.0,0.3096934035305048,0.0003096934035305048,0.0003096934035305048,0.11396717249922576,0.0009290802105915144,0.0012387736141220192,0.0,4.0,0.330948517,0.08273712925,3229,138.47803297436386
25632,Yui Hasegawa,2023-2024,0.0012953367875647669,0.0,0.25237478411053543,0.03432642487046632,0.007987910189982728,0.2569084628670121,0.004317789291882556,0.0045336787564766836,0.006476683937823834,0.004965457685664939,0.012305699481865285,0.0004317789291882556,0.0004317789291882556,0.004965457685664939,0.0,0.0012953367875647669,0.009499136442141624,0.003238341968911917,0.0,0.0,0.0,0.3020293609671848,0.0,0.0,0.08916234887737479,0.0004317789291882556,0.002158894645941278,0.0008635578583765112,10.0,0.389854121,0.0389854121,4632,204.9557522123894
25662,Catherine Joan Bott,2023-2024,0.002103049421661409,0.0003505082369435682,0.19628461268839817,0.04486505432877673,0.020329477742726955,0.22607781282860148,0.014020329477742727,0.011917280056081317,0.0077111812127585,0.0077111812127585,0.021731510690501228,0.0,0.0070101647388713636,0.006309148264984227,0.0,0.0003505082369435682,0.010164738871363477,0.005608131791097091,0.0,0.0,0.0,0.2993340343498072,0.0003505082369435682,0.0003505082369435682,0.11286365229582895,0.0014020329477742728,0.0014020329477742728,0.0017525411847178409,4.0,0.176995912,0.044248978,2853,184.6734752589183
25785,Jayde Yuk Fun Riviere,2023-2024,0.00353045013239188,0.000441306266548985,0.23609885260370697,0.0264783759929391,0.015445719329214475,0.23433362753751102,0.014563106796116505,0.009267431597528684,0.01059135039717564,0.003971756398940865,0.022506619593998235,0.0,0.003089143865842895,0.010150044130626656,0.0,0.00264783759929391,0.007502206531332745,0.005736981465136805,0.0,0.0,0.0,0.30759046778464255,0.00176522506619594,0.00176522506619594,0.07766990291262135,0.001323918799646955,0.00176522506619594,0.00176522506619594,4.0,0.0673551,0.016838775,2266,173.7137989778535
25834,Viviane Asseyi,2023-2024,0.0016611295681063123,0.0003322259136212625,0.29401993355481726,0.027574750830564786,0.01727574750830565,0.18504983388704319,0.0049833887043189366,0.011960132890365448,0.016943521594684385,0.005647840531561462,0.03156146179401993,0.0,0.01229235880398671,0.016943521594684385,0.0,0.002325581395348837,0.006312292358803987,0.019601328903654486,0.0,0.0,0.0,0.1504983388704319,0.0003322259136212625,0.0003322259136212625,0.1707641196013289,0.0009966777408637873,0.02159468438538206,0.0009966777408637873,65.0,9.5116197215,0.1463326111,3010,135.1189585515487
26092,Amanda Ilestedt,2023-2024,0.0,0.0,0.27631578947368424,0.019736842105263157,0.006030701754385965,0.25493421052631576,0.027412280701754384,0.0010964912280701754,0.0005482456140350877,0.0010964912280701754,0.019736842105263157,0.0,0.003289473684210526,0.0021929824561403508,0.0,0.0010964912280701754,0.0027412280701754384,0.0005482456140350877,0.0,0.0,0.0,0.33771929824561403,0.0005482456140350877,0.0005482456140350877,0.039473684210526314,0.0005482456140350877,0.003837719298245614,0.0005482456140350877,7.0,0.720211782,0.10288739742857143,1824,164.32432432432432
26093,Gun Nathalie Björn,2023-2024,0.0006875214850464077,0.0,0.268133379168099,0.02406325197662427,0.008250257820556892,0.2660708147129598,0.020625644551392232,0.0010312822275696115,0.0030938466827088347,0.002062564455139223,0.010312822275696116,0.0006875214850464077,0.005156411137848058,0.0010312822275696115,0.0,0.0,0.005843932622894466,0.00034376074252320387,0.0,0.0,0.0,0.32794774836713647,0.0,0.0,0.05087658989343417,0.00034376074252320387,0.002750085940185631,0.0006875214850464077,8.0,1.359379463,0.169922432875,2909,191.36759008844385
26094,Julia Zigiotti-Olme,2023-2024,0.002471424158171146,0.00030892801977139327,0.219956750077232,0.03738029039233858,0.015755329008341055,0.21439604572134693,0.01235712079085573,0.0074142724745134385,0.007723200494284831,0.012974976830398516,0.021316033364226137,0.0,0.006178560395427865,0.005869632375656472,0.0,0.002162496138399753,0.009885696632684585,0.005560704355885079,0.0,0.0,0.0,0.2743280815569972,0.0006178560395427865,0.0006178560395427865,0.1380908248378128,0.0,0.003398208217485326,0.001235712079085573,11.0,0.462300956,0.042027359636363636,3237,175.4049009573123
26140,Hugo Benjamín Ibarra,2003-2004,0.0,0.0,0.22429906542056074,0.04672897196261682,0.0,0.22897196261682243,0.004672897196261682,0.004672897196261682,0.018691588785046728,0.004672897196261682,0.009345794392523364,0.0,0.004672897196261682,0.0,0.0,0.004672897196261682,0.009345794392523364,0.004672897196261682,0.0,0.0,0.0,0.3598130841121495,0.0,0.0,0.07476635514018691,0.0,0.0,0.0,0.0,0.0,0.0,214,0.0
26152,Jacob Shaffelburg,2024,0.0020833333333333333,0.0020833333333333333,0.25625,0.022916666666666665,0.01875,0.18541666666666667,0.004166666666666667,0.016666666666666666,0.027083333333333334,0.010416666666666666,0.016666666666666666,0.0,0.00625,0.008333333333333333,0.0,0.00625,0.0,0.022916666666666665,0.0,0.0,0.0,0.19791666666666666,0.004166666666666667,0.004166666666666667,0.17083333333333334,0.0,0.010416666666666666,0.00625,5.0,0.333211425,0.066642285,480,119.53514111787493
26256,Igor Lichnovsky Osorio,2024,0.002053388090349076,0.0,0.2751540041067762,0.012320328542094456,0.018480492813141684,0.25667351129363447,0.026694045174537988,0.0,0.0,0.004106776180698152,0.006160164271047228,0.002053388090349076,0.006160164271047228,0.002053388090349076,0.0,0.002053388090349076,0.002053388090349076,0.0,0.0,0.0,0.0,0.33059548254620125,0.0,0.0,0.049281314168377825,0.0,0.004106776180698152,0.0,2.0,0.18685495400000002,0.09342747700000001,487,0.0
26280,Orbelín Pineda Alvarado,2024,0.0033333333333333335,0.0,0.25,0.05,0.01,0.22333333333333333,0.0,0.02,0.013333333333333334,0.006666666666666667,0.02,0.0,0.01,0.013333333333333334,0.0,0.0,0.0,0.016666666666666666,0.0,0.0,0.0,0.23666666666666666,0.0,0.0,0.11,0.0,0.01,0.006666666666666667,3.0,0.8121274749999999,0.2707091583333333,300,0.0
26336,Johan Felipe Vásquez Ibarra,2024,0.0033222591362126247,0.0,0.24916943521594684,0.03488372093023256,0.009966777408637873,0.24086378737541528,0.026578073089700997,0.0016611295681063123,0.006644518272425249,0.0033222591362126247,0.02159468438538206,0.0,0.009966777408637873,0.0,0.0,0.0033222591362126247,0.0016611295681063123,0.0,0.0,0.0,0.0,0.3289036544850498,0.0016611295681063123,0.0016611295681063123,0.046511627906976744,0.0,0.008305647840531562,0.0,5.0,0.252038901,0.050407780199999995,602,0.0
26359,Santiago García,2015-2016,0.0,0.0037735849056603774,0.1660377358490566,0.033962264150943396,0.022641509433962263,0.15849056603773584,0.018867924528301886,0.0,0.01509433962264151,0.018867924528301886,0.05660377358490566,0.0,0.011320754716981131,0.033962264150943396,0.0,0.0,0.018867924528301886,0.0037735849056603774,0.0,0.0,0.0,0.2981132075471698,0.0,0.0,0.1320754716981132,0.0,0.0037735849056603774,0.0037735849056603774,1.0,0.116062805,0.116062805,265,133.61344537815125
26368,César Jasib Montes Castro,2024,0.002304147465437788,0.0,0.26497695852534564,0.029953917050691243,0.01152073732718894,0.2304147465437788,0.03456221198156682,0.0,0.0,0.0,0.01152073732718894,0.0,0.0069124423963133645,0.0069124423963133645,0.0,0.0,0.009216589861751152,0.002304147465437788,0.0,0.0,0.0,0.3548387096774194,0.0,0.0,0.02534562211981567,0.0,0.0069124423963133645,0.002304147465437788,3.0,0.142845952,0.04761531733333333,434,0.0
26386,Luis Francisco Romo Barrón,2024,0.004846526655896607,0.0,0.25363489499192243,0.04361873990306947,0.012924071082390954,0.2197092084006462,0.014539579967689823,0.004846526655896607,0.009693053311793215,0.008077544426494346,0.022617124394184167,0.0,0.0,0.0032310177705977385,0.0,0.0032310177705977385,0.004846526655896607,0.0016155088852988692,0.0,0.0,0.0,0.31179321486268174,0.0,0.0,0.06946688206785137,0.0,0.009693053311793215,0.0016155088852988692,6.0,0.267236816,0.04453946933333333,619,0.0
26391,Luis Javier García Sanz,2004-2005,0.0,0.0,0.28078817733990147,0.009852216748768473,0.009852216748768473,0.2019704433497537,0.0049261083743842365,0.014778325123152709,0.03940886699507389,0.009852216748768473,0.019704433497536946,0.0,0.009852216748768473,0.0,0.0,0.0,0.0049261083743842365,0.024630541871921183,0.0,0.0,0.0,0.16748768472906403,0.0,0.0,0.1921182266009852,0.0,0.009852216748768473,0.0,2.0,0.116670045,0.0583350225,203,0.0
26406,Jorge Eduardo Sánchez Ramos,2024,0.005813953488372093,0.0,0.22674418604651161,0.03294573643410853,0.013565891472868217,0.21124031007751937,0.009689922480620155,0.011627906976744186,0.013565891472868217,0.007751937984496124,0.01744186046511628,0.0,0.009689922480620155,0.0,0.0,0.001937984496124031,0.015503875968992248,0.005813953488372093,0.0,0.0,0.0,0.3178294573643411,0.0,0.0,0.08914728682170543,0.003875968992248062,0.005813953488372093,0.0,3.0,0.143082027,0.047694009,516,0.0
26520,Yuka Momiki,2023-2024,0.0005913660555884093,0.0,0.28503843879361324,0.036073329390892965,0.012418687167356593,0.2247191011235955,0.004730928444707274,0.010644589000591367,0.01478415138971023,0.0017740981667652277,0.017740981667652277,0.0,0.002365464222353637,0.011827321111768185,0.0,0.0017740981667652277,0.006505026611472502,0.0059136605558840925,0.0005913660555884093,0.0,0.0,0.2430514488468362,0.0,0.0,0.10408042578356003,0.0005913660555884093,0.011827321111768185,0.0029568302779420462,20.0,2.236306563,0.11181532814999999,1691,153.40187481100696
26570,Amalie Vevle Eikeland,2019-2020,0.0,0.0,0.3169642857142857,0.0389030612244898,0.015306122448979591,0.1913265306122449,0.003826530612244898,0.019770408163265307,0.029336734693877552,0.006377551020408163,0.03571428571428571,0.0,0.00701530612244898,0.010841836734693877,0.0,0.0,0.001913265306122449,0.02295918367346939,0.0,0.0,0.0,0.16071428571428573,0.0,0.0,0.12308673469387756,0.0,0.01403061224489796,0.001913265306122449,22.0,3.3293814829999997,0.15133552195454544,1568,122.01279612657791
26570,Amalie Vevle Eikeland,2020-2021,0.0004091653027823241,0.0,0.2823240589198036,0.0425531914893617,0.018412438625204582,0.1783960720130933,0.004500818330605565,0.020867430441898527,0.011865793780687398,0.010638297872340425,0.031914893617021274,0.0004091653027823241,0.010638297872340425,0.01104746317512275,0.0,0.0004091653027823241,0.007774140752864157,0.025777414075286414,0.0,0.0,0.0,0.16530278232405893,0.0,0.0,0.16039279869067102,0.0004091653027823241,0.01309328968903437,0.0028641571194762683,32.0,4.533995483,0.14168735884375,2444,133.23641650009085
26712,Ricardo Izecson dos Santos Leite,2004-2005,0.0,0.0,0.29961089494163423,0.01556420233463035,0.0038910505836575876,0.2529182879377432,0.0,0.01556420233463035,0.027237354085603113,0.007782101167315175,0.007782101167315175,0.0,0.0038910505836575876,0.023346303501945526,0.0,0.0,0.0,0.011673151750972763,0.0,0.0,0.0,0.2178988326848249,0.0,0.0,0.0933852140077821,0.0,0.019455252918287938,0.0,5.0,1.372672712,0.27453454239999997,257,0.0
27133,Odilon Kossonou,2023,0.0,0.0,0.2735229759299781,0.024070021881838075,0.006564551422319475,0.25820568927789933,0.02188183807439825,0.002188183807439825,0.0,0.002188183807439825,0.010940919037199124,0.0,0.010940919037199124,0.006564551422319475,0.0,0.006564551422319475,0.00437636761487965,0.006564551422319475,0.0,0.0,0.0,0.3172866520787746,0.0,0.0,0.04157549234135667,0.0,0.00437636761487965,0.002188183807439825,2.0,0.050463944999999996,0.025231972499999998,457,130.48857868020306
27133,Odilon Kossonou,2023-2024,0.0015776425512733828,0.000450755014649538,0.2711291413116971,0.02479152580572459,0.009240477800315528,0.27405904890691907,0.011494252873563218,0.004056795131845842,0.005634437683119224,0.0015776425512733828,0.012395762902862295,0.000225377507324769,0.003606040117196304,0.001803020058598152,0.0,0.000450755014649538,0.006310570205093531,0.004056795131845842,0.0,0.0,0.0,0.3204868154158215,0.000225377507324769,0.000225377507324769,0.04394861392832995,0.000450755014649538,0.001126887536623845,0.000676132521974307,5.0,0.388186547,0.07763730939999999,4437,209.45712037765537
27158,Luis Fernando Díaz Marulanda,2024,0.009138381201044387,0.0,0.2950391644908616,0.030026109660574413,0.007832898172323759,0.2258485639686684,0.0,0.024804177545691905,0.031331592689295036,0.0039164490861618795,0.024804177545691905,0.0,0.018276762402088774,0.018276762402088774,0.0,0.0026109660574412533,0.0,0.024804177545691905,0.0026109660574412533,0.0,0.0,0.17232375979112272,0.0013054830287206266,0.0013054830287206266,0.08746736292428199,0.0,0.01174934725848564,0.006527415143603133,9.0,1.432039936,0.15911554844444445,766,0.0
27163,Juan Pablo Vargas Campos,2024,0.0033003300330033004,0.0,0.2079207920792079,0.0297029702970297,0.0462046204620462,0.19141914191419143,0.056105610561056105,0.0,0.006600660066006601,0.013201320132013201,0.033003300330033,0.0,0.006600660066006601,0.0,0.0,0.0,0.0033003300330033004,0.0,0.0,0.0,0.0,0.3234323432343234,0.0,0.0,0.07920792079207921,0.0,0.0,0.0,0.0,0.0,0.0,303,0.0
27225,Camilo Andrés Vargas Gil,2024,0.0,0.0,0.1913214990138067,0.04930966469428008,0.0019723865877712033,0.1893491124260355,0.0,0.0,0.0,0.0,0.0,0.0,0.0,0.0,0.14398422090729784,0.0,0.0,0.0,0.0,0.0,0.0,0.42209072978303747,0.0,0.0,0.0019723865877712033,0.0,0.0,0.0,0.0,0.0,0.0,507,0.0
27277,Jhon Adolfo Arias Andrade,2024,0.0021645021645021645,0.0,0.24134199134199133,0.045454545454545456,0.015151515151515152,0.23593073593073594,0.0021645021645021645,0.006493506493506494,0.007575757575757576,0.00974025974025974,0.0183982683982684,0.0,0.017316017316017316,0.017316017316017316,0.0,0.0,0.003246753246753247,0.00974025974025974,0.0,0.0,0.0,0.24675324675324675,0.0,0.0,0.10930735930735931,0.0,0.007575757575757576,0.004329004329004329,7.0,0.208733053,0.029819007571428573,924,0.0
27317,Eduardo Jesús Vargas Rojas,2024,0.00423728813559322,0.0,0.2584745762711864,0.0423728813559322,0.00847457627118644,0.1652542372881356,0.0,0.01694915254237288,0.012711864406779662,0.0,0.046610169491525424,0.0,0.029661016949152543,0.012711864406779662,0.0,0.0,0.00423728813559322,0.00847457627118644,0.0,0.0,0.0,0.17372881355932204,0.0,0.0,0.2033898305084746,0.0,0.0,0.012711864406779662,0.0,0.0,0.0,236,0.0
27423,Daniel Muñoz Mejía,2024,0.0030581039755351682,0.0015290519877675841,0.22935779816513763,0.024464831804281346,0.013761467889908258,0.20795107033639143,0.01834862385321101,0.0061162079510703364,0.0061162079510703364,0.0015290519877675841,0.03211009174311927,0.0,0.019877675840978593,0.013761467889908258,0.0,0.0,0.0030581039755351682,0.009174311926605505,0.0,0.0,0.0,0.308868501529052,0.0,0.0,0.09174311926605505,0.0015290519877675841,0.0061162079510703364,0.0015290519877675841,4.0,0.605744313,0.15143607825,654,0.0
27434,Alhassan Yusuf,2023,0.0,0.0,0.19433198380566802,0.03643724696356275,0.008097165991902834,0.1902834008097166,0.004048582995951417,0.008097165991902834,0.004048582995951417,0.012145748987854251,0.02834008097165992,0.0,0.04048582995951417,0.012145748987854251,0.0,0.008097165991902834,0.0,0.004048582995951417,0.0,0.0,0.0,0.2550607287449393,0.008097165991902834,0.008097165991902834,0.16194331983805668,0.0,0.012145748987854251,0.004048582995951417,3.0,0.07465588000000001,0.024885293333333336,247,0.0
27768,Lisandro Martínez,2024,0.00101010101010101,0.0,0.295959595959596,0.013131313131313131,0.006060606060606061,0.2727272727272727,0.010101010101010102,0.00202020202020202,0.00202020202020202,0.00202020202020202,0.010101010101010102,0.0,0.00404040404040404,0.00101010101010101,0.0,0.00202020202020202,0.007070707070707071,0.00101010101010101,0.0,0.0,0.0,0.33131313131313134,0.0,0.0,0.03232323232323232,0.0,0.005050505050505051,0.00101010101010101,5.0,0.5774447,0.11548894000000001,990,194.75409836065575
27886,Alexis Mac Allister,2024,0.006242197253433208,0.0,0.264669163545568,0.026217228464419477,0.016229712858926344,0.21223470661672908,0.006242197253433208,0.009987515605493134,0.006242197253433208,0.00749063670411985,0.019975031210986267,0.0,0.012484394506866416,0.009987515605493134,0.0,0.0012484394506866417,0.004993757802746567,0.003745318352059925,0.0,0.0,0.0,0.2721598002496879,0.0012484394506866417,0.0012484394506866417,0.10611735330836454,0.0,0.008739076154806492,0.0024968789013732834,7.0,1.4085571239999999,0.20122244628571426,801,0.0
27896,Gerardo Daniel Arteaga Zamora,2024,0.002207505518763797,0.0,0.2582781456953642,0.02869757174392936,0.017660044150110375,0.23620309050772628,0.013245033112582781,0.006622516556291391,0.01545253863134658,0.004415011037527594,0.02207505518763797,0.0,0.008830022075055188,0.002207505518763797,0.0,0.002207505518763797,0.004415011037527594,0.011037527593818985,0.0,0.0,0.0,0.2958057395143488,0.0,0.0,0.06181015452538632,0.0,0.006622516556291391,0.002207505518763797,3.0,0.16161799,0.05387266333333333,453,0.0
28212,Alasana Manneh,2023,0.004901960784313725,0.0,0.17647058823529413,0.0784313725490196,0.004901960784313725,0.23529411764705882,0.00980392156862745,0.0,0.004901960784313725,0.00980392156862745,0.014705882352941176,0.0,0.00980392156862745,0.00980392156862745,0.0,0.0,0.014705882352941176,0.004901960784313725,0.0,0.0,0.0,0.29411764705882354,0.0,0.0,0.11274509803921569,0.0,0.00980392156862745,0.004901960784313725,2.0,0.077647656,0.038823828,204,114.39252336448597
28239,Adam Hložek,2023-2024,0.0036900369003690036,0.0,0.3001230012300123,0.024600246002460024,0.008610086100861008,0.21279212792127922,0.0036900369003690036,0.02214022140221402,0.013530135301353014,0.0012300123001230013,0.020910209102091022,0.0,0.012300123001230012,0.013530135301353014,0.0,0.0012300123001230013,0.0036900369003690036,0.01845018450184502,0.0,0.0,0.0,0.1906519065190652,0.0,0.0,0.12054120541205413,0.0,0.023370233702337023,0.004920049200492005,19.0,3.010453266,0.1584449087368421,813,133.40018231540563
28263,Gonzalo Ariel Montiel,2024,0.0,0.0,0.28314606741573034,0.011235955056179775,0.011235955056179775,0.23595505617977527,0.011235955056179775,0.0,0.0044943820224719105,0.0022471910112359553,0.020224719101123594,0.0,0.0022471910112359553,0.0044943820224719105,0.0,0.0044943820224719105,0.0044943820224719105,0.0,0.0,0.0,0.0,0.34606741573033706,0.0,0.0,0.051685393258426963,0.0,0.0022471910112359553,0.0044943820224719105,1.0,0.7835,0.7835,445,0.0
28268,Exequiel Alejandro Palacios,2023-2024,0.00092109303039607,0.00015351550506601167,0.2924470371507522,0.020878108688977586,0.005987104697574455,0.26665643229966224,0.0035308566165182685,0.00276327909118821,0.0035308566165182685,0.003223825606386245,0.010439054344488793,0.00015351550506601167,0.003070310101320233,0.009364445809026711,0.0,0.0007675775253300583,0.005066011667178385,0.00276327909118821,0.0,0.0,0.0,0.3104083512434756,0.00015351550506601167,0.00015351550506601167,0.052502302732575994,0.00015351550506601167,0.003223825606386245,0.0016886705557261283,21.0,2.694171948,0.1282939022857143,6514,0.0
28268,Exequiel Alejandro Palacios,2024,0.003861003861003861,0.0,0.2702702702702703,0.019305019305019305,0.003861003861003861,0.26640926640926643,0.0,0.0,0.007722007722007722,0.0,0.019305019305019305,0.003861003861003861,0.003861003861003861,0.023166023166023165,0.0,0.0,0.007722007722007722,0.007722007722007722,0.0,0.0,0.0,0.2702702702702703,0.0,0.0,0.09266409266409266,0.0,0.0,0.0,0.0,0.0,0.0,259,0.0
28346,Eric Junior Dina Ebimbe,2023-2024,0.004081632653061225,0.0,0.2653061224489796,0.024489795918367346,0.0163265306122449,0.1673469387755102,0.012244897959183673,0.0163265306122449,0.004081632653061225,0.004081632653061225,0.0326530612244898,0.0,0.0163265306122449,0.00816326530612245,0.0,0.0,0.0,0.00816326530612245,0.0,0.0,0.0,0.17142857142857143,0.0,0.0,0.23673469387755103,0.0,0.004081632653061225,0.00816326530612245,1.0,0.04776066,0.04776066,245,0.0
28413,Willy Afonso Semedo Johnson,2023,0.0,0.0,0.26575342465753427,0.0273972602739726,0.010958904109589041,0.23835616438356164,0.01643835616438356,0.005479452054794521,0.021917808219178082,0.005479452054794521,0.0136986301369863,0.0,0.00821917808219178,0.005479452054794521,0.0,0.0,0.005479452054794521,0.0136986301369863,0.0,0.0,0.0,0.2602739726027397,0.0,0.0,0.08767123287671233,0.0,0.0136986301369863,0.0,5.0,1.0950764549999998,0.21901529099999997,365,209.77011494252875
28415,Charles Pickel,2023,0.0032679738562091504,0.0,0.23529411764705882,0.027777777777777776,0.014705882352941176,0.20261437908496732,0.011437908496732025,0.0016339869281045752,0.0,0.006535947712418301,0.017973856209150325,0.0,0.013071895424836602,0.008169934640522876,0.0,0.0032679738562091504,0.0,0.0032679738562091504,0.0,0.0,0.0,0.28594771241830064,0.0,0.0,0.15359477124183007,0.0,0.004901960784313725,0.006535947712418301,3.0,0.101846467,0.03394882233333333,612,111.74680462568473
28567,Carlos Eccehomo Cuesta Figueroa,2024,0.0,0.0,0.28763440860215056,0.013440860215053764,0.002688172043010753,0.2513440860215054,0.012096774193548387,0.0,0.0,0.0,0.01881720430107527,0.0,0.004032258064516129,0.002688172043010753,0.0,0.0013440860215053765,0.004032258064516129,0.0013440860215053765,0.0,0.0,0.0,0.3333333333333333,0.0,0.0,0.06317204301075269,0.0,0.004032258064516129,0.0,3.0,0.320038437,0.10667947900000001,744,0.0
28657,Adrián Andrés Cubas,2024,0.00946372239747634,0.0031545741324921135,0.20504731861198738,0.04416403785488959,0.00946372239747634,0.23659305993690852,0.0,0.0031545741324921135,0.0,0.0031545741324921135,0.025236593059936908,0.0,0.00946372239747634,0.012618296529968454,0.0,0.006309148264984227,0.006309148264984227,0.0,0.0,0.0,0.0,0.2902208201892745,0.0,0.0,0.13564668769716087,0.0,0.0,0.0,0.0,0.0,0.0,317,0.0
28729,Diego Nicolás De La Cruz Arcosa,2024,0.0,0.0,0.2625607779578606,0.01620745542949757,0.008103727714748784,0.21231766612641814,0.0032414910858995136,0.011345218800648298,0.0032414910858995136,0.0,0.019448946515397084,0.0,0.017828200972447326,0.029173419773095625,0.0,0.006482982171799027,0.006482982171799027,0.011345218800648298,0.0,0.0,0.0,0.26418152350081037,0.0,0.0,0.11345218800648298,0.0,0.008103727714748784,0.006482982171799027,5.0,0.177434491,0.0354868982,617,0.0
28825,Luis Gerardo Chávez Magallón,2024,0.0,0.0,0.2874493927125506,0.04048582995951417,0.008097165991902834,0.22672064777327935,0.012145748987854251,0.008097165991902834,0.0020242914979757085,0.0020242914979757085,0.020242914979757085,0.0,0.004048582995951417,0.008097165991902834,0.0,0.0,0.004048582995951417,0.006072874493927126,0.0,0.0,0.0,0.2732793522267207,0.0,0.0,0.08097165991902834,0.0,0.01417004048582996,0.0020242914979757085,7.0,0.308802554,0.04411465057142857,494,0.0
28943,Víctor Gustavo Velázquez Ramos,2024,0.002967359050445104,0.0,0.22255192878338279,0.026706231454005934,0.01483679525222552,0.1661721068249258,0.020771513353115726,0.005934718100890208,0.005934718100890208,0.011869436201780416,0.03560830860534125,0.0,0.005934718100890208,0.011869436201780416,0.0,0.0,0.02373887240356083,0.008902077151335312,0.0,0.0,0.0,0.34421364985163205,0.0,0.0,0.08605341246290801,0.0,0.002967359050445104,0.002967359050445104,1.0,0.05688724,0.05688724,337,0.0
28949,Boris Cespedes,2024,0.0,0.0,0.2693726937269373,0.02952029520295203,0.007380073800738007,0.23985239852398524,0.014760147601476014,0.0036900369003690036,0.0,0.0,0.01107011070110701,0.0,0.007380073800738007,0.0036900369003690036,0.0,0.0,0.0036900369003690036,0.007380073800738007,0.0,0.0,0.0,0.2988929889298893,0.0,0.0,0.0996309963099631,0.0,0.0,0.0036900369003690036,0.0,0.0,0.0,271,154.07454200884396
29009,Omar Federico Alderete Fernández,2024,0.0,0.0,0.24449877750611246,0.02689486552567237,0.009779951100244499,0.2591687041564792,0.02689486552567237,0.0,0.014669926650366748,0.0,0.014669926650366748,0.0024449877750611247,0.017114914425427872,0.004889975550122249,0.0,0.0024449877750611247,0.009779951100244499,0.0024449877750611247,0.0,0.0,0.0,0.31295843520782396,0.0,0.0,0.04156479217603912,0.0024449877750611247,0.007334963325183374,0.0,3.0,0.0728794443,0.0242931481,409,0.0
29201,Nahuel Molina Lucero,2024,0.0018484288354898336,0.0,0.2476894639556377,0.0166358595194085,0.02033271719038817,0.2088724584103512,0.0036968576709796672,0.005545286506469501,0.009242144177449169,0.014787430683918669,0.018484288354898338,0.0018484288354898336,0.005545286506469501,0.0018484288354898336,0.0,0.0018484288354898336,0.0073937153419593345,0.0018484288354898336,0.0,0.0,0.0,0.35489833641404805,0.0,0.0,0.06839186691312385,0.0018484288354898336,0.0018484288354898336,0.005545286506469501,1.0,0.14711525,0.14711525,541,0.0
29367,Percy Tau,2023,0.003048780487804878,0.0,0.30691056910569103,0.018292682926829267,0.008130081300813009,0.20528455284552846,0.0020325203252032522,0.009146341463414634,0.009146341463414634,0.006097560975609756,0.017276422764227643,0.0,0.012195121951219513,0.0040650406504065045,0.0,0.0,0.0010162601626016261,0.01524390243902439,0.0010162601626016261,0.0,0.0,0.2306910569105691,0.0,0.0,0.13719512195121952,0.0,0.012195121951219513,0.0010162601626016261,12.0,2.331767078,0.19431392316666665,984,152.11267605633802
29482,Ricardo Martins Guimarães,2023,0.0,0.0,0.2524850894632207,0.033797216699801194,0.009940357852882704,0.21669980119284293,0.0019880715705765406,0.007952286282306162,0.005964214711729622,0.013916500994035786,0.015904572564612324,0.0,0.003976143141153081,0.011928429423459244,0.0,0.0,0.0019880715705765406,0.007952286282306162,0.0,0.0,0.0,0.26043737574552683,0.0,0.0,0.14910536779324055,0.0,0.0019880715705765406,0.003976143141153081,1.0,0.048487324,0.048487324,503,0.0
29560,Julián Álvarez,2024,0.002369668246445498,0.0,0.28672985781990523,0.014218009478672985,0.018957345971563982,0.15402843601895735,0.0,0.009478672985781991,0.009478672985781991,0.016587677725118485,0.018957345971563982,0.0,0.014218009478672985,0.004739336492890996,0.0,0.0,0.004739336492890996,0.009478672985781991,0.0,0.0,0.0,0.14928909952606634,0.0,0.0,0.25355450236966826,0.0,0.023696682464454975,0.009478672985781991,10.0,2.3257723284000003,0.23257723284000004,422,107.89772727272728
29682,Rasmus Carstensen,2023-2024,0.0,0.0,0.2480916030534351,0.030534351145038167,0.011450381679389313,0.21374045801526717,0.030534351145038167,0.0,0.0,0.007633587786259542,0.022900763358778626,0.0,0.003816793893129771,0.0,0.0,0.0,0.011450381679389313,0.011450381679389313,0.0,0.0,0.0,0.2748091603053435,0.0,0.0,0.1297709923664122,0.0,0.0,0.003816793893129771,0.0,0.0,0.0,262,126.91065662002151
30111,Felix Eduardo Torres Caicedo,2024,0.0,0.0,0.2444933920704846,0.022026431718061675,0.013215859030837005,0.21145374449339208,0.039647577092511016,0.0022026431718061676,0.004405286343612335,0.004405286343612335,0.04405286343612335,0.0,0.0022026431718061676,0.0,0.0,0.004405286343612335,0.00881057268722467,0.0022026431718061676,0.0,0.0,0.0,0.30837004405286345,0.0022026431718061676,0.0022026431718061676,0.07268722466960352,0.0,0.011013215859030838,0.0,5.0,0.462380777,0.09247615540000001,454,0.0
30193,Gedeon Kalulu Kyatengwa,2023,0.002372479240806643,0.0,0.20877817319098457,0.02491103202846975,0.005931198102016607,0.199288256227758,0.027283511269276393,0.0035587188612099642,0.002372479240806643,0.004744958481613286,0.027283511269276393,0.0011862396204033216,0.022538552787663108,0.005931198102016607,0.0,0.0011862396204033216,0.0071174377224199285,0.004744958481613286,0.0,0.0,0.0,0.33926453143534996,0.0,0.0,0.10794780545670225,0.0011862396204033216,0.002372479240806643,0.0,2.0,0.84531946,0.42265973,843,0.0
30312,Uilson de Souza Paula Júnior,2015-2016,0.0,0.0,0.22966507177033493,0.03827751196172249,0.014354066985645933,0.22009569377990432,0.014354066985645933,0.004784688995215311,0.0,0.019138755980861243,0.019138755980861243,0.0,0.004784688995215311,0.004784688995215311,0.0,0.0,0.0,0.004784688995215311,0.0,0.0,0.0,0.3157894736842105,0.0,0.0,0.11004784688995216,0.0,0.0,0.0,0.0,0.0,0.0,209,0.0
30360,Mohamed Simakan,2023-2024,0.0,0.0,0.27,0.01,0.0075,0.2625,0.005,0.0,0.0025,0.005,0.02,0.0,0.005,0.0075,0.0,0.0,0.01,0.0025,0.0,0.0,0.0,0.3225,0.0,0.0,0.06,0.0025,0.005,0.0025,2.0,0.097737828,0.048868914,400,212.76595744680853
30423,Ibán Salvador Edu,2023,0.00411522633744856,0.0,0.24074074074074073,0.037037037037037035,0.018518518518518517,0.1831275720164609,0.006172839506172839,0.00411522633744856,0.006172839506172839,0.0102880658436214,0.030864197530864196,0.0,0.018518518518518517,0.02880658436213992,0.0,0.006172839506172839,0.00205761316872428,0.012345679012345678,0.0,0.0,0.0,0.20987654320987653,0.00411522633744856,0.00411522633744856,0.16255144032921812,0.0,0.00411522633744856,0.006172839506172839,2.0,0.096158169,0.0480790845,486,0.0
30439,Tolga Ciğerci,2015-2016,0.0,0.0,0.24757281553398058,0.04854368932038835,0.009708737864077669,0.21844660194174756,0.0048543689320388345,0.0,0.014563106796116505,0.009708737864077669,0.0,0.0,0.009708737864077669,0.0048543689320388345,0.0,0.0048543689320388345,0.009708737864077669,0.019417475728155338,0.0,0.0,0.0,0.3058252427184466,0.0,0.0,0.0825242718446602,0.0,0.009708737864077669,0.0,2.0,0.029660402,0.014830201,206,195.1578947368421
30519,Mohamed Salisu,2023,0.0,0.0,0.2366412213740458,0.02544529262086514,0.022900763358778626,0.2366412213740458,0.06870229007633588,0.002544529262086514,0.005089058524173028,0.005089058524173028,0.017811704834605598,0.002544529262086514,0.005089058524173028,0.002544529262086514,0.0,0.005089058524173028,0.010178117048346057,0.005089058524173028,0.0,0.0,0.0,0.2926208651399491,0.0,0.0,0.05597964376590331,0.0,0.0,0.0,0.0,0.0,0.0,393,124.10526315789474
30606,Edmond Fayçal Tapsoba,2023,0.001692047377326565,0.001692047377326565,0.25042301184433163,0.04230118443316413,0.00676818950930626,0.24873096446700507,0.02030456852791878,0.0,0.005076142131979695,0.001692047377326565,0.021996615905245348,0.0,0.005076142131979695,0.005076142131979695,0.0,0.0,0.005076142131979695,0.00338409475465313,0.0,0.001692047377326565,0.0,0.3333333333333333,0.0,0.0,0.038917089678511,0.0,0.00676818950930626,0.0,4.0,0.260783739,0.06519593475,591,139.97368421052633
30606,Edmond Fayçal Tapsoba,2023-2024,0.0003390405153415833,0.0,0.28157314799118494,0.023054755043227664,0.006272249533819291,0.2812341074758434,0.012035938294626208,0.0013561620613663332,0.0027123241227326664,0.0013561620613663332,0.010849296490930666,0.0003390405153415833,0.004746567214782166,0.0010171215460247499,0.0,0.0,0.004916087472452958,0.0011866418036955415,0.0,0.0,0.0,0.3298864214273606,0.0,0.0,0.03407357179182913,0.0005085607730123749,0.0020342430920494998,0.0005085607730123749,12.0,1.009383082,0.08411525683333333,5899,240.06782726656115
30626,Valdomiro Tualungo Paulo Lameiras,2023,0.004329004329004329,0.0,0.23809523809523808,0.025974025974025976,0.03463203463203463,0.18614718614718614,0.008658008658008658,0.017316017316017316,0.004329004329004329,0.004329004329004329,0.05194805194805195,0.0,0.021645021645021644,0.017316017316017316,0.0,0.004329004329004329,0.004329004329004329,0.004329004329004329,0.0,0.0,0.0,0.2077922077922078,0.0,0.0,0.15151515151515152,0.0,0.004329004329004329,0.008658008658008658,1.0,0.059957318,0.059957318,231,0.0
30681,Ali Abdi,2023,0.0035087719298245615,0.0,0.23508771929824562,0.017543859649122806,0.010526315789473684,0.16140350877192983,0.028070175438596492,0.0035087719298245615,0.007017543859649123,0.0035087719298245615,0.028070175438596492,0.0,0.0035087719298245615,0.007017543859649123,0.0,0.0,0.010526315789473684,0.014035087719298246,0.0,0.0,0.0,0.3543859649122807,0.0,0.0,0.10877192982456141,0.0,0.0035087719298245615,0.0,1.0,0.028933201,0.028933201,285,135.0
30693,Majeed Ashimeru,2023,0.0,0.0,0.2151394422310757,0.03187250996015936,0.01195219123505976,0.199203187250996,0.00398406374501992,0.00796812749003984,0.00398406374501992,0.02390438247011952,0.01195219123505976,0.0,0.00796812749003984,0.00398406374501992,0.0,0.00398406374501992,0.02390438247011952,0.0,0.0,0.0,0.0,0.27091633466135456,0.00398406374501992,0.00398406374501992,0.1553784860557769,0.0,0.00398406374501992,0.01195219123505976,1.0,0.035000443,0.035000443,251,92.73399014778325
30856,Julie Thibaud,2023-2024,0.002368265245707519,0.0,0.22883362936648904,0.036708111308466546,0.014801657785671996,0.23564239194789816,0.021314387211367674,0.004736530491415038,0.0020722320899940793,0.002960331557134399,0.021314387211367674,0.0011841326228537595,0.006512729425695678,0.0053285968028419185,0.0,0.0017761989342806395,0.010361160449970397,0.003256364712847839,0.0,0.0,0.0,0.3093546477205447,0.0002960331557134399,0.0002960331557134399,0.08703374777975133,0.0014801657785671995,0.0014801657785671995,0.0008880994671403197,5.0,0.592622741,0.1185245482,3378,192.5883694412771
30944,Víctor Alejandro Dávila Zavala,2024,0.003246753246753247,0.0,0.275974025974026,0.025974025974025976,0.012987012987012988,0.2012987012987013,0.016233766233766232,0.00974025974025974,0.012987012987012988,0.006493506493506494,0.022727272727272728,0.0,0.012987012987012988,0.022727272727272728,0.0,0.006493506493506494,0.0,0.012987012987012988,0.0,0.0,0.0,0.2012987012987013,0.003246753246753247,0.003246753246753247,0.1266233766233766,0.0,0.016233766233766232,0.006493506493506494,5.0,0.26805792900000003,0.05361158580000001,308,0.0
31012,Paulo César Díaz Huincales,2024,0.0,0.0,0.2526595744680851,0.026595744680851064,0.007978723404255319,0.2579787234042553,0.018617021276595744,0.0,0.0026595744680851063,0.0,0.018617021276595744,0.0,0.010638297872340425,0.007978723404255319,0.0,0.0,0.007978723404255319,0.0,0.0,0.0,0.0,0.3484042553191489,0.0,0.0,0.0398936170212766,0.0,0.0,0.0,0.0,0.0,0.0,376,0.0
31016,Manuel Luís da Silva Cafumana,2023,0.0014388489208633094,0.0,0.2302158273381295,0.031654676258992806,0.014388489208633094,0.22014388489208633,0.008633093525179856,0.004316546762589928,0.004316546762589928,0.0057553956834532375,0.01870503597122302,0.0014388489208633094,0.02014388489208633,0.007194244604316547,0.0,0.0057553956834532375,0.015827338129496403,0.007194244604316547,0.0,0.0,0.0,0.26187050359712233,0.0,0.0,0.1381294964028777,0.0,0.0028776978417266188,0.0,2.0,0.037247584,0.018623792,695,0.0
31029,Salis Abdul Samed,2023,0.007272727272727273,0.0,0.2,0.05090909090909091,0.01090909090909091,0.21818181818181817,0.014545454545454545,0.007272727272727273,0.0,0.0,0.01818181818181818,0.0,0.01818181818181818,0.007272727272727273,0.0,0.0036363636363636364,0.014545454545454545,0.01090909090909091,0.0,0.0,0.0,0.28363636363636363,0.0036363636363636364,0.0036363636363636364,0.12363636363636364,0.0,0.0,0.0036363636363636364,0.0,0.0,0.0,275,129.24281984334203
31053,Santiago Tomás Giménez,2024,0.0,0.0,0.396078431372549,0.00784313725490196,0.011764705882352941,0.12549019607843137,0.0,0.0196078431372549,0.01568627450980392,0.00392156862745098,0.0196078431372549,0.0,0.03137254901960784,0.00392156862745098,0.0,0.00392156862745098,0.0,0.027450980392156862,0.0,0.0,0.0,0.13333333333333333,0.0,0.0,0.1607843137254902,0.0,0.03137254901960784,0.00784313725490196,8.0,1.028669925,0.128583740625,255,0.0
31100,Christian Groß,2023-2024,0.0,0.0,0.27941176470588236,0.00980392156862745,0.0196078431372549,0.25,0.00980392156862745,0.0,0.004901960784313725,0.0,0.0196078431372549,0.0,0.004901960784313725,0.0,0.0,0.0,0.00980392156862745,0.0,0.0,0.0,0.0,0.3088235294117647,0.0,0.0,0.08333333333333333,0.0,0.0,0.0,0.0,0.0,0.0,204,193.26315789473685
31157,Hawa Cissoko,2020-2021,0.0013477088948787063,0.0,0.13611859838274934,0.03908355795148248,0.026954177897574125,0.15768194070080863,0.06873315363881402,0.008086253369272238,0.005390835579514825,0.005390835579514825,0.04851752021563342,0.0,0.014824797843665768,0.006738544474393531,0.0,0.0026954177897574125,0.04986522911051213,0.006738544474393531,0.0,0.0,0.0,0.25336927223719674,0.0,0.0,0.16442048517520216,0.0013477088948787063,0.0026954177897574125,0.0,2.0,0.27372359,0.136861795,742,105.79847908745246
31157,Hawa Cissoko,2023-2024,0.0008244023083264633,0.0,0.21269579554822754,0.03709810387469085,0.024319868095630668,0.21846661170651277,0.0247320692497939,0.003709810387469085,0.0028854080791426216,0.003709810387469085,0.020610057708161583,0.0,0.008656224237427864,0.0016488046166529267,0.0,0.0016488046166529267,0.016900247320692497,0.0053586150041220115,0.0,0.0,0.0,0.3017312448474856,0.0008244023083264633,0.0008244023083264633,0.10634789777411377,0.0028854080791426216,0.001236603462489695,0.0028854080791426216,3.0,0.38925867999999997,0.1297528933333333,2426,128.30698713051655
31310,Jan-Niklas Beste,2023-2024,0.00816326530612245,0.0,0.27755102040816326,0.02040816326530612,0.02040816326530612,0.16326530612244897,0.0,0.012244897959183673,0.0163265306122449,0.00816326530612245,0.044897959183673466,0.0,0.00816326530612245,0.012244897959183673,0.0,0.0,0.0,0.02040816326530612,0.0,0.0,0.0,0.17551020408163265,0.0,0.0,0.2,0.004081632653061225,0.0,0.00816326530612245,0.0,0.0,0.0,245,141.25560538116594
31527,Ebony Salmon,2019-2020,0.0010893246187363835,0.0,0.29193899782135074,0.05555555555555555,0.004357298474945534,0.20915032679738563,0.0032679738562091504,0.02505446623093682,0.032679738562091505,0.00980392156862745,0.015250544662309368,0.0,0.007625272331154684,0.0054466230936819175,0.0,0.002178649237472767,0.0,0.030501089324618737,0.0,0.0,0.0,0.12636165577342048,0.0,0.0,0.14923747276688454,0.0,0.02505446623093682,0.0054466230936819175,23.0,1.7344015668000001,0.07540876377391305,918,104.04231205137893
31527,Ebony Salmon,2020-2021,0.0,0.0,0.3635505193578848,0.033050047214353166,0.004721435316336166,0.1935788479697828,0.00141643059490085,0.02927289896128423,0.02927289896128423,0.009915014164305949,0.01794145420207743,0.0,0.010859301227573183,0.012747875354107648,0.0,0.002360717658168083,0.0033050047214353163,0.030217186024551465,0.0,0.0,0.0,0.11803588290840415,0.0009442870632672333,0.0009442870632672333,0.10764872521246459,0.00047214353163361664,0.028328611898016998,0.00141643059490085,60.0,6.859059079,0.11431765131666666,2118,118.58902575587905
31527,Ebony Salmon,2023-2024,0.0012077294685990338,0.0,0.3188405797101449,0.042270531400966184,0.01932367149758454,0.1823671497584541,0.006038647342995169,0.024154589371980676,0.03140096618357488,0.007246376811594203,0.016908212560386472,0.0,0.0036231884057971015,0.0036231884057971015,0.0,0.0024154589371980675,0.006038647342995169,0.018115942028985508,0.0,0.0,0.0,0.1497584541062802,0.0024154589371980675,0.0024154589371980675,0.1388888888888889,0.0,0.016908212560386472,0.006038647342995169,14.0,1.407383786,0.10052741328571428,828,118.1169757489301
31528,Matilde Lundorf Skovsen,2019-2020,0.00141643059490085,0.0,0.18980169971671387,0.04107648725212465,0.019830028328611898,0.19263456090651557,0.021246458923512748,0.014164305949008499,0.014164305949008499,0.007082152974504249,0.0226628895184136,0.0,0.014164305949008499,0.00141643059490085,0.0,0.0,0.0028328611898017,0.009915014164305949,0.0,0.0,0.0,0.3002832861189802,0.0,0.0,0.1388101983002833,0.00141643059490085,0.0056657223796034,0.00141643059490085,4.0,0.21956678400000001,0.054891696000000004,706,101.58273381294964
31529,Léa Le Garrec,2019-2020,0.000689655172413793,0.0,0.23586206896551723,0.04068965517241379,0.00896551724137931,0.2110344827586207,0.006896551724137931,0.016551724137931035,0.022758620689655173,0.011724137931034483,0.019310344827586208,0.0,0.013793103448275862,0.002758620689655172,0.0,0.001379310344827586,0.012413793103448275,0.01310344827586207,0.0,0.0,0.0,0.2082758620689655,0.0,0.0,0.15448275862068966,0.0,0.015862068965517243,0.0034482758620689655,23.0,1.2204838172999999,0.05306451379565217,1450,101.72265959934522
31531,Lauren James,2019-2020,0.0008305647840531562,0.0016611295681063123,0.3272425249169435,0.036544850498338874,0.015780730897009966,0.20764119601328904,0.0,0.01744186046511628,0.027408637873754152,0.0008305647840531562,0.026578073089700997,0.0,0.012458471760797342,0.015780730897009966,0.0,0.0,0.0016611295681063123,0.02574750830564784,0.0,0.0,0.0008305647840531562,0.1378737541528239,0.0,0.0,0.11794019933554817,0.0,0.022425249169435217,0.0033222591362126247,27.0,2.0795107010000002,0.07701891485185186,1204,129.86577181208054
31531,Lauren James,2020-2021,0.0,0.0,0.3086734693877551,0.026785714285714284,0.011479591836734694,0.22831632653061223,0.002551020408163265,0.016581632653061226,0.025510204081632654,0.006377551020408163,0.02806122448979592,0.0,0.006377551020408163,0.015306122448979591,0.0,0.0012755102040816326,0.007653061224489796,0.017857142857142856,0.0,0.0,0.0,0.17346938775510204,0.0,0.0,0.09311224489795919,0.0,0.02423469387755102,0.006377551020408163,19.0,2.375742867,0.1250390982631579,784,153.22475570032574
31531,Lauren James,2023-2024,0.0022893772893772895,0.0,0.320970695970696,0.022893772893772892,0.007783882783882784,0.23397435897435898,0.0018315018315018315,0.01282051282051282,0.013736263736263736,0.0027472527472527475,0.013278388278388278,0.0,0.01098901098901099,0.007326007326007326,0.0,0.0009157509157509158,0.0013736263736263737,0.014194139194139194,0.0,0.0,0.0,0.222985347985348,0.0004578754578754579,0.0004578754578754579,0.076007326007326,0.0,0.027930402930402932,0.005036630036630037,61.0,5.829932826,0.09557266927868853,2184,172.36057523675902
31532,Kirsty Hanson,2019-2020,0.001358695652173913,0.0,0.2554347826086957,0.043478260869565216,0.02717391304347826,0.19021739130434784,0.002717391304347826,0.02309782608695652,0.02717391304347826,0.008152173913043478,0.03940217391304348,0.0,0.006793478260869565,0.008152173913043478,0.0,0.002717391304347826,0.002717391304347826,0.021739130434782608,0.0,0.0,0.0,0.14130434782608695,0.001358695652173913,0.001358695652173913,0.17119565217391305,0.001358695652173913,0.016304347826086956,0.006793478260869565,12.0,1.526582935,0.12721524458333333,736,125.59726962457337
31532,Kirsty Hanson,2020-2021,0.0,0.0,0.2507660878447395,0.049029622063329927,0.01481103166496425,0.20786516853932585,0.003575076608784474,0.017364657814096015,0.026046986721144024,0.009703779366700716,0.022982635342185902,0.0,0.010725229826353423,0.008682328907048007,0.0,0.0010214504596527069,0.005107252298263534,0.019918283963227784,0.0005107252298263534,0.0,0.0,0.1807967313585291,0.0,0.0,0.15168539325842698,0.0005107252298263534,0.015321756894790603,0.003575076608784474,30.0,3.650126294,0.12167087646666667,1958,154.03846153846152
31532,Kirsty Hanson,2023-2024,0.004319654427645789,0.0,0.25831533477321816,0.0367170626349892,0.022030237580993522,0.2060475161987041,0.006047516198704104,0.01511879049676026,0.02159827213822894,0.0064794816414686825,0.025053995680345574,0.0,0.009071274298056155,0.011663066954643628,0.0,0.0017278617710583153,0.00734341252699784,0.019870410367170625,0.0,0.0,0.0,0.18228941684665226,0.0008639308855291577,0.0008639308855291577,0.15205183585313176,0.0008639308855291577,0.009503239740820735,0.0021598272138228943,22.0,1.756530953,0.07984231604545454,2315,170.3319162851537
31533,Amy Turner,2019-2020,0.0,0.0,0.20671641791044776,0.03880597014925373,0.013432835820895522,0.21119402985074626,0.041791044776119404,0.002238805970149254,0.005970149253731343,0.0052238805970149255,0.024626865671641792,0.0,0.009701492537313432,0.008208955223880597,0.0,0.0007462686567164179,0.011940298507462687,0.004477611940298508,0.0,0.0,0.0,0.3455223880597015,0.0,0.0,0.06343283582089553,0.0007462686567164179,0.0052238805970149255,0.0,7.0,0.411602638,0.05880037685714286,1340,106.32107907960857
31533,Amy Turner,2020-2021,0.0,0.00072992700729927,0.2416058394160584,0.027737226277372264,0.013503649635036497,0.2321167883211679,0.04744525547445255,0.00072992700729927,0.00072992700729927,0.00291970802919708,0.017518248175182483,0.0010948905109489052,0.008759124087591242,0.0062043795620437955,0.0,0.0021897810218978104,0.012773722627737226,0.00145985401459854,0.0,0.0,0.0,0.32445255474452556,0.000364963503649635,0.000364963503649635,0.05328467153284672,0.00072992700729927,0.00291970802919708,0.000364963503649635,8.0,0.908373784,0.113546723,2740,133.8689539112969
31533,Amy Turner,2023-2024,0.0005025125628140704,0.0,0.2733668341708543,0.018090452261306532,0.011557788944723618,0.2547738693467337,0.03869346733668342,0.0020100502512562816,0.0005025125628140704,0.001507537688442211,0.019597989949748745,0.0005025125628140704,0.001507537688442211,0.0005025125628140704,0.0,0.0010050251256281408,0.009045226130653266,0.0020100502512562816,0.0,0.0005025125628140704,0.0,0.31809045226130656,0.0,0.0,0.044221105527638194,0.0,0.001507537688442211,0.0005025125628140704,3.0,0.35261939999999997,0.11753979999999999,1990,145.9776672915478
31534,Ella Toone,2019-2020,0.0012004801920768306,0.0024009603841536613,0.2617046818727491,0.03601440576230492,0.007202881152460984,0.20168067226890757,0.004801920768307323,0.007202881152460984,0.007202881152460984,0.009603841536614645,0.021608643457382955,0.0,0.010804321728691477,0.006002400960384154,0.0,0.0012004801920768306,0.0012004801920768306,0.009603841536614645,0.0,0.0,0.0,0.21728691476590636,0.0,0.0,0.16926770708283315,0.0,0.021608643457382955,0.0024009603841536613,18.0,2.3995288114999997,0.13330715619444444,833,130.11107254425545
31534,Ella Toone,2020-2021,0.0005621135469364812,0.0,0.2894884766722878,0.03344575604272063,0.008993816750983699,0.2166947723440135,0.004496908375491849,0.007869589657110737,0.01461495222034851,0.008150646430578976,0.012366498032602586,0.0,0.007307476110174255,0.005340078695896571,0.0,0.001405283867341203,0.004496908375491849,0.01433389544688027,0.0002810567734682406,0.0,0.0,0.23215289488476673,0.0,0.0,0.11382799325463744,0.0,0.022203485103991005,0.0019673974142776843,79.0,8.372651147,0.1059829259113924,3558,172.662568747978
31534,Ella Toone,2023-2024,0.0023323615160349854,0.0002915451895043732,0.2915451895043732,0.027113702623906704,0.009329446064139942,0.23615160349854228,0.0023323615160349854,0.006705539358600583,0.010495626822157435,0.0037900874635568515,0.007580174927113703,0.0,0.0005830903790087463,0.003498542274052478,0.0,0.0008746355685131195,0.0037900874635568515,0.009620991253644314,0.0,0.0,0.0,0.2641399416909621,0.0002915451895043732,0.0002915451895043732,0.10641399416909621,0.0,0.009620991253644314,0.003206997084548105,33.0,2.997185217,0.09082379445454546,3430,172.82499160228417
31535,Jessica Sigsworth,2019-2020,0.001876172607879925,0.0009380863039399625,0.29924953095684803,0.039399624765478425,0.014071294559099437,0.16885553470919323,0.0075046904315197,0.016885553470919325,0.01594746716697936,0.01125703564727955,0.03377110694183865,0.0,0.01594746716697936,0.006566604127579738,0.0,0.0028142589118198874,0.00375234521575985,0.021575984990619138,0.0,0.0,0.0,0.14540337711069418,0.0,0.0,0.1801125703564728,0.0,0.009380863039399626,0.004690431519699813,10.0,1.575920124,0.1575920124,1066,125.70754716981133
31535,Jessica Sigsworth,2020-2021,0.0021413276231263384,0.0,0.30406852248394006,0.033190578158458245,0.018201284796573874,0.15417558886509636,0.011777301927194861,0.011777301927194861,0.010706638115631691,0.006423982869379015,0.02676659528907923,0.0,0.010706638115631691,0.011777301927194861,0.0,0.0,0.004282655246252677,0.019271948608137045,0.0010706638115631692,0.0,0.0,0.16274089935760172,0.0,0.0,0.19164882226980728,0.0,0.013918629550321198,0.0053533190578158455,13.0,2.131776033,0.16398277176923076,934,134.88446726572528
31536,Millie Turner,2019-2020,0.0,0.0,0.24324324324324326,0.034594594594594595,0.013513513513513514,0.2524324324324324,0.05675675675675676,0.004864864864864865,0.002162162162162162,0.0005405405405405405,0.01027027027027027,0.0,0.007027027027027027,0.0016216216216216215,0.0,0.001081081081081081,0.005945945945945946,0.0005405405405405405,0.0,0.0,0.0,0.32432432432432434,0.0,0.0,0.0372972972972973,0.0005405405405405405,0.002702702702702703,0.0005405405405405405,5.0,0.308463427,0.0616926854,1850,126.70268624914391
31536,Millie Turner,2020-2021,0.00027495188342040145,0.0,0.269177893868573,0.02364586197415452,0.01154797910365686,0.24580698377783888,0.04619191641462744,0.0010998075336816058,0.0016497113005224085,0.0008248556502612042,0.012922738520758868,0.0008248556502612042,0.0027495188342040143,0.0016497113005224085,0.0,0.0016497113005224085,0.008523508386032445,0.0008248556502612042,0.0,0.0005499037668408029,0.0,0.3315919714050041,0.00027495188342040145,0.00027495188342040145,0.03161946659334616,0.0,0.006323893318669233,0.0,23.0,2.193577951,0.09537295439130435,3637,156.61722488038276
31536,Millie Turner,2023-2024,0.0,0.0,0.2835249042145594,0.019369944657300978,0.008939974457215836,0.26394210302256277,0.026181353767560665,0.0023414218816517666,0.0010642826734780758,0.001277139208173691,0.010217113665389528,0.0006385696040868455,0.0038314176245210726,0.0010642826734780758,0.0,0.0004257130693912303,0.005534269902085994,0.00021285653469561516,0.0,0.00021285653469561516,0.0,0.3273733503618561,0.0,0.0,0.037675606641123884,0.0,0.005534269902085994,0.0006385696040868455,26.0,2.573312844,0.09897357092307693,4698,208.50140539474333
31538,Mary Alexandra Earps,2019-2020,0.0,0.0,0.2,0.048535564853556486,0.0,0.22845188284518828,0.0008368200836820083,0.0,0.0,0.0008368200836820083,0.0,0.0008368200836820083,0.0,0.0016736401673640166,0.12635983263598327,0.0033472803347280333,0.0,0.0008368200836820083,0.0,0.0008368200836820083,0.0,0.3857740585774059,0.0,0.0,0.0016736401673640166,0.0,0.0,0.0,0.0,0.0,0.0,1195,80.86466165413535
31538,Mary Alexandra Earps,2020-2021,0.0,0.0,0.22559241706161137,0.04265402843601896,0.0,0.22938388625592418,0.0,0.0,0.00047393364928909954,0.0,0.0,0.0,0.0,0.0,0.11658767772511848,0.004739336492890996,0.0,0.00047393364928909954,0.0,0.0,0.0,0.37819905213270144,0.0,0.0,0.0018957345971563982,0.0,0.0,0.0,0.0,0.0,0.0,2110,90.86124401913877
31538,Mary Alexandra Earps,2023-2024,0.0,0.0,0.23905034793286942,0.030699959066721245,0.0,0.24846500204666394,0.0008186655751125665,0.0,0.0,0.0,0.0,0.0012279983626688497,0.0,0.00040933278755628325,0.11584117887842817,0.004911993450675399,0.0,0.0,0.0,0.0,0.0,0.3577568563241916,0.0,0.0,0.0008186655751125665,0.0,0.0,0.0,0.0,0.0,0.0,2443,105.20095693779903
31539,Leah Galton,2019-2020,0.000625,0.0,0.32125,0.025,0.016875,0.2175,0.00875,0.0075,0.020625,0.00375,0.024375,0.0,0.0075,0.013125,0.0,0.000625,0.00375,0.024375,0.0,0.0,0.000625,0.194375,0.000625,0.000625,0.09,0.000625,0.01625,0.00125,26.0,2.1573438879999998,0.08297476492307691,1600,134.0033500837521
31539,Leah Galton,2020-2021,0.0,0.0,0.30176415970287834,0.034354688950789226,0.017177344475394613,0.21262766945218198,0.01021355617455896,0.01021355617455896,0.020891364902506964,0.003714020427112349,0.018570102135561744,0.0009285051067780873,0.002321262766945218,0.011142061281337047,0.0,0.002785515320334262,0.00510677808727948,0.012999071494893221,0.00046425255338904364,0.0,0.0,0.24233983286908078,0.0018570102135561746,0.0018570102135561746,0.07242339832869081,0.0009285051067780873,0.013463324048282266,0.0018570102135561746,29.0,4.7236740495000005,0.16288531205172416,2154,139.578083375333
31539,Leah Galton,2023-2024,0.0019656019656019656,0.0,0.3076167076167076,0.03341523341523341,0.0171990171990172,0.20933660933660933,0.009828009828009828,0.005405405405405406,0.007862407862407862,0.0014742014742014742,0.021621621621621623,0.0,0.0029484029484029483,0.009336609336609337,0.0,0.004422604422604423,0.003931203931203931,0.012285012285012284,0.0004914004914004914,0.0,0.0,0.2348894348894349,0.0014742014742014742,0.0014742014742014742,0.09975429975429975,0.0014742014742014742,0.009336609336609337,0.002457002457002457,19.0,3.171786382,0.16693612536842106,2035,136.23177625706634
31540,Katie Zelem,2019-2020,0.0009935419771485345,0.0004967709885742673,0.22801788375558868,0.03427719821162444,0.013909587680079483,0.23000496770988574,0.014903129657228018,0.00894187779433681,0.009935419771485345,0.008445106805762544,0.01838052657724789,0.0004967709885742673,0.00546448087431694,0.004470938897168405,0.0,0.0004967709885742673,0.004967709885742673,0.006458022851465474,0.0,0.0,0.0,0.30899155489319424,0.0,0.0,0.08842523596621957,0.0004967709885742673,0.010432190760059613,0.0009935419771485345,21.0,2.997606876,0.14274318457142857,2013,150.1367365542388
31540,Katie Zelem,2020-2021,0.00032776138970829236,0.00032776138970829236,0.24713208784005244,0.04129793510324484,0.008521796132415601,0.2238610291707637,0.012127171419206818,0.007866273352999017,0.00950508030154048,0.005244182235332678,0.018682399213372666,0.0,0.005244182235332678,0.0029498525073746312,0.0,0.0006555227794165847,0.008849557522123894,0.0042608980662078005,0.0,0.0,0.0,0.31006227466404457,0.0,0.0,0.07964601769911504,0.00032776138970829236,0.010160603080957063,0.0029498525073746312,31.0,2.328969479,0.07512804770967742,3051,208.59161349133998
31540,Katie Zelem,2023-2024,0.001851851851851852,0.00020576131687242798,0.24423868312757202,0.02962962962962963,0.010905349794238683,0.22263374485596707,0.011522633744855968,0.003703703703703704,0.0051440329218107,0.004526748971193415,0.025102880658436213,0.00041152263374485596,0.00411522633744856,0.003909465020576132,0.0,0.0012345679012345679,0.00411522633744856,0.00411522633744856,0.0,0.0,0.0,0.3187242798353909,0.00041152263374485596,0.00041152263374485596,0.09917695473251029,0.00020576131687242798,0.003703703703703704,0.0,18.0,1.6111962069999999,0.08951090038888888,4860,209.28229665071768
31550,Angela Addison,2019-2020,0.0,0.0,0.24880382775119617,0.03349282296650718,0.014354066985645933,0.1674641148325359,0.014354066985645933,0.009569377990430622,0.019138755980861243,0.019138755980861243,0.05263157894736842,0.0,0.009569377990430622,0.014354066985645933,0.0,0.0,0.004784688995215311,0.023923444976076555,0.0,0.0,0.0,0.14354066985645933,0.0,0.0,0.21052631578947367,0.0,0.009569377990430622,0.004784688995215311,2.0,0.22446806,0.11223403,209,84.2741935483871
31550,Angela Addison,2020-2021,0.000578368999421631,0.0,0.2781954887218045,0.04626951995373048,0.013880855986119144,0.1920185078079815,0.007518796992481203,0.02371312897628687,0.01850780798149219,0.012145748987854251,0.020242914979757085,0.0,0.005205320994794679,0.014459224985540775,0.0,0.002891844997108155,0.004626951995373048,0.01850780798149219,0.0,0.0,0.0,0.17582417582417584,0.0,0.0,0.1492192018507808,0.0,0.010410641989589358,0.00578368999421631,18.0,3.356451019,0.18646950105555557,1729,117.45923913043478
31551,Kit Graham,2019-2020,0.0,0.0,0.2824427480916031,0.03721374045801527,0.012404580152671756,0.21278625954198474,0.006679389312977099,0.01812977099236641,0.033396946564885496,0.007633587786259542,0.01717557251908397,0.0,0.013358778625954198,0.006679389312977099,0.0,0.0019083969465648854,0.0057251908396946565,0.02194656488549618,0.0,0.0,0.0,0.18606870229007633,0.0,0.0,0.10782442748091603,0.0,0.025763358778625955,0.0028625954198473282,27.0,1.429978139,0.05296215329629629,1048,83.61702127659575
31551,Kit Graham,2020-2021,0.0009289363678588017,0.0,0.26614026939154667,0.036228518346493266,0.01579191825359963,0.21365536460752438,0.0074314909428704135,0.01672085462145843,0.024152345564328843,0.007895959126799815,0.018114259173246633,0.0,0.006967022758941012,0.006967022758941012,0.0,0.0018578727357176034,0.0037157454714352067,0.013934045517882025,0.0,0.0,0.0,0.2345564328843474,0.00046446818392940084,0.00046446818392940084,0.110078959591268,0.00046446818392940084,0.010682768230376219,0.002786809103576405,23.0,1.6420751219999998,0.07139457052173913,2153,166.81301652892563
31551,Kit Graham,2023-2024,0.0029717682020802376,0.0,0.2399702823179792,0.04457652303120357,0.009658246656760773,0.21842496285289748,0.020802377414561663,0.01188707280832095,0.018573551263001486,0.008172362555720654,0.022288261515601784,0.0,0.009658246656760773,0.007429420505200594,0.0,0.0014858841010401188,0.005200594353640416,0.009658246656760773,0.0,0.0,0.0,0.24071322436849926,0.0,0.0,0.1151560178306092,0.0007429420505200594,0.011144130757800892,0.0014858841010401188,15.0,0.661302226,0.04408681506666667,1346,175.03250975292588
31552,Hannah Godfrey,2019-2020,0.0,0.0,0.23728813559322035,0.02440677966101695,0.02169491525423729,0.22508474576271187,0.06576271186440678,0.0013559322033898306,0.0006779661016949153,0.003389830508474576,0.01966101694915254,0.0013559322033898306,0.005423728813559322,0.002033898305084746,0.0,0.002711864406779661,0.006101694915254237,0.002711864406779661,0.0,0.0,0.0,0.31186440677966104,0.002033898305084746,0.002033898305084746,0.05898305084745763,0.002711864406779661,0.002711864406779661,0.0,4.0,0.299758745,0.07493968625,1475,99.81203007518798
31552,Hannah Godfrey,2020-2021,0.0,0.0,0.26143024618991795,0.01992966002344666,0.010550996483001172,0.2731535756154748,0.04337631887456037,0.0023446658851113715,0.005861664712778429,0.005861664712778429,0.008206330597889801,0.0,0.0023446658851113715,0.0,0.0,0.0,0.0035169988276670576,0.0023446658851113715,0.0,0.0,0.0,0.3305978898007034,0.0,0.0,0.03048065650644783,0.0,0.0,0.0,0.0,0.0,0.0,853,161.62105263157895
31553,Cecilie Redisch Kvamme,2019-2020,0.0008849557522123894,0.0,0.22920353982300884,0.023008849557522124,0.023008849557522124,0.2088495575221239,0.023008849557522124,0.0017699115044247787,0.010619469026548672,0.006194690265486726,0.016814159292035398,0.0,0.005309734513274336,0.0008849557522123894,0.0,0.0,0.005309734513274336,0.002654867256637168,0.0,0.0,0.0,0.3743362831858407,0.0,0.0,0.06814159292035399,0.0,0.0,0.0,0.0,0.0,0.0,1130,97.90142472083173
31553,Cecilie Redisch Kvamme,2020-2021,0.0,0.0,0.23160270880361175,0.032054176072234764,0.02076749435665914,0.17246049661399548,0.013544018058690745,0.0036117381489841984,0.01309255079006772,0.009932279909706547,0.02528216704288939,0.0009029345372460496,0.007223476297968397,0.0018058690744920992,0.0,0.0,0.009932279909706547,0.010835214446952596,0.0004514672686230248,0.0,0.0,0.29345372460496616,0.0,0.0,0.14808126410835215,0.0004514672686230248,0.0018058690744920992,0.002708803611738149,4.0,0.692187195,0.17304679875,2215,128.25709322524608
31554,Jacinta Galabadaarachchi,2019-2020,0.0,0.0,0.2684659090909091,0.041193181818181816,0.01278409090909091,0.22869318181818182,0.0014204545454545455,0.017045454545454544,0.018465909090909092,0.008522727272727272,0.026988636363636364,0.0,0.014204545454545454,0.019886363636363636,0.0,0.0,0.0,0.03409090909090909,0.0,0.0,0.0,0.17329545454545456,0.0,0.0,0.11789772727272728,0.0,0.011363636363636364,0.005681818181818182,8.0,0.293944511,0.036743063875,704,120.77773541746092
31555,Courtney Brosnan,2019-2020,0.0,0.0011933174224343676,0.14558472553699284,0.060859188544152745,0.0011933174224343676,0.19689737470167065,0.0,0.0,0.0,0.002386634844868735,0.0,0.0011933174224343676,0.0,0.00477326968973747,0.19689737470167065,0.002386634844868735,0.0,0.0011933174224343676,0.0,0.0,0.0,0.38424821002386633,0.0,0.0,0.0011933174224343676,0.0,0.0,0.0,0.0,0.0,0.0,838,79.38947368421053
31555,Courtney Brosnan,2020-2021,0.0,0.0,0.09814814814814815,0.09814814814814815,0.0,0.22592592592592592,0.001851851851851852,0.0,0.0,0.0,0.0,0.0,0.0,0.0,0.18518518518518517,0.001851851851851852,0.0,0.0,0.0,0.0,0.0,0.3851851851851852,0.0,0.0,0.003703703703703704,0.0,0.0,0.0,0.0,0.0,0.0,540,85.26315789473684
31555,Courtney Brosnan,2023-2024,0.0,0.0007958615200955034,0.20374054914444886,0.03700756068444091,0.0,0.22761639474731396,0.0,0.0,0.0,0.0,0.0,0.0007958615200955034,0.0,0.002785515320334262,0.15439713489852766,0.007958615200955034,0.0,0.0,0.0,0.0,0.0,0.3637087146836451,0.0,0.0,0.0007958615200955034,0.0003979307600477517,0.0,0.0,0.0,0.0,0.0,2513,119.03684210526315
31556,Laura Vetterlein,2019-2020,0.0,0.0,0.22498225691980128,0.0347764371894961,0.0113555713271824,0.2313697657913414,0.046132008516678494,0.0021291696238466998,0.0021291696238466998,0.0042583392476933995,0.0234208658623137,0.0007097232079489,0.0106458481192335,0.0106458481192335,0.0,0.0028388928317956,0.0106458481192335,0.0035486160397444995,0.0,0.0,0.0,0.31014904187366926,0.0007097232079489,0.0007097232079489,0.0660042583392477,0.0007097232079489,0.0014194464158978,0.0007097232079489,2.0,0.246246716,0.123123358,1409,105.71904960400167
31556,Laura Vetterlein,2020-2021,0.0009657170449058426,0.0,0.21149203283437953,0.03573153066151617,0.017382906808305166,0.21100917431192662,0.03718010622887494,0.006760019314340898,0.004828585224529213,0.006277160791887977,0.023660067600193145,0.0,0.013520038628681796,0.010622887493964268,0.0,0.0043457267020762915,0.013037180106228875,0.0043457267020762915,0.0,0.0,0.0,0.288266537904394,0.0,0.0,0.10333172380492515,0.0014485755673587638,0.003380009657170449,0.0024142926122646064,7.0,0.408173844,0.058310549142857146,2071,132.86997433704022
31557,Katharina Baunach,2019-2020,0.0014903129657228018,0.0,0.21982116244411326,0.038748137108792845,0.009687034277198211,0.22727272727272727,0.014903129657228018,0.0029806259314456036,0.007451564828614009,0.011177347242921014,0.014903129657228018,0.0014903129657228018,0.0029806259314456036,0.0014903129657228018,0.0,0.0022354694485842027,0.014157973174366617,0.004470938897168405,0.0,0.0,0.0,0.35469448584202684,0.0,0.0,0.06110283159463487,0.0022354694485842027,0.005216095380029807,0.0014903129657228018,7.0,0.306740635,0.04382009071428571,1342,111.21546961325967
31558,Martha Thomas,2019-2020,0.0,0.0,0.34156820622986034,0.027926960257787327,0.01288936627282492,0.17293233082706766,0.004296455424274973,0.018259935553168637,0.017185821697099892,0.00322234156820623,0.024704618689581095,0.0,0.00644468313641246,0.017185821697099892,0.0,0.0021482277121374865,0.00322234156820623,0.03329752953813104,0.0,0.0,0.0,0.16219119226638024,0.0010741138560687433,0.0010741138560687433,0.13211600429645542,0.0,0.017185821697099892,0.0010741138560687433,16.0,2.03942207,0.127463879375,931,89.93238166791885
31558,Martha Thomas,2020-2021,0.0004692632566870014,0.0004692632566870014,0.37963397465978416,0.03050211168465509,0.01313937118723604,0.14406381980290944,0.005631159080244017,0.011731581417175035,0.02346316283435007,0.00328484279680901,0.030971374941342094,0.0,0.00656968559361802,0.009854528390427029,0.0,0.003754106053496011,0.0028155795401220087,0.028155795401220086,0.0,0.0,0.0,0.14781792585640544,0.0009385265133740028,0.0009385265133740028,0.12763960581886438,0.0004692632566870014,0.023932426091037073,0.003754106053496011,51.0,6.417049186,0.12582449384313726,2131,149.8359375
31558,Martha Thomas,2023-2024,0.0027247956403269754,0.0009082652134423251,0.3405994550408719,0.02316076294277929,0.011807447774750226,0.17075386012715713,0.007720254314259764,0.00862851952770209,0.014986376021798364,0.006357856494096276,0.019981834695731154,0.0,0.0018165304268846503,0.005449591280653951,0.0,0.0018165304268846503,0.002270663033605813,0.021798365122615803,0.0009082652134423251,0.0,0.0,0.17665758401453224,0.0013623978201634877,0.0013623978201634877,0.1530426884650318,0.00045413260672116256,0.02089009990917348,0.004541326067211626,46.0,6.462341318,0.14048568082608695,2202,139.53390128846019
31563,Rachel Williams,2019-2020,0.0013089005235602095,0.0,0.2801047120418848,0.031413612565445025,0.01963350785340314,0.1662303664921466,0.007853403141361256,0.014397905759162303,0.015706806282722512,0.010471204188481676,0.03795811518324607,0.0,0.011780104712041885,0.002617801047120419,0.0,0.0013089005235602095,0.006544502617801047,0.024869109947643978,0.0013089005235602095,0.0,0.0,0.17539267015706805,0.0,0.0,0.1793193717277487,0.0,0.010471204188481676,0.0013089005235602095,8.0,0.5966814496999999,0.07458518121249999,764,81.11360150996815
31563,Rachel Williams,2020-2021,0.004405286343612335,0.0,0.31167400881057267,0.03303964757709251,0.006607929515418502,0.1883259911894273,0.005506607929515419,0.022026431718061675,0.01762114537444934,0.005506607929515419,0.02643171806167401,0.0,0.014317180616740088,0.007709251101321586,0.0,0.0,0.005506607929515419,0.02753303964757709,0.0,0.0,0.0,0.17290748898678415,0.0,0.0,0.13325991189427314,0.0,0.013215859030837005,0.004405286343612335,12.0,0.800464812,0.066705401,908,140.6782578757101
31563,Rachel Williams,2023-2024,0.0,0.0,0.31189710610932475,0.04072883172561629,0.013933547695605574,0.1414790996784566,0.007502679528403001,0.013933547695605574,0.0021436227224008574,0.003215434083601286,0.04072883172561629,0.0,0.011789924973204717,0.015005359056806002,0.0,0.004287245444801715,0.003215434083601286,0.013933547695605574,0.0,0.0,0.0,0.17684887459807075,0.0010718113612004287,0.0010718113612004287,0.16613076098606644,0.0,0.030010718113612004,0.0010718113612004287,28.0,4.55422522,0.16265090071428573,933,125.02977963073258
31564,Molly Pike,2019-2020,0.0,0.0,0.2381852551984877,0.03969754253308128,0.00945179584120983,0.166351606805293,0.00945179584120983,0.020793950850661626,0.005671077504725898,0.013232514177693762,0.020793950850661626,0.0,0.00945179584120983,0.005671077504725898,0.0,0.0,0.005671077504725898,0.011342155009451797,0.0,0.0,0.0,0.2003780718336484,0.0,0.0,0.23062381852551986,0.0,0.005671077504725898,0.007561436672967864,3.0,0.133739092,0.044579697333333335,529,79.65534549104903
31564,Molly Pike,2020-2021,0.000691085003455425,0.0,0.2183828610919143,0.04837595024187975,0.010366275051831375,0.15272978576364893,0.020041465100207326,0.007601935038009675,0.01243953006219765,0.024187975120939877,0.0331720801658604,0.0,0.010366275051831375,0.009675190048375951,0.0,0.002073255010366275,0.009675190048375951,0.019350380096751902,0.0,0.0,0.0,0.20248790601243952,0.000691085003455425,0.000691085003455425,0.2100898410504492,0.0,0.006910850034554251,0.0,10.0,0.548885806,0.0548885806,1447,116.03849238171611
31565,Abbi Grant,2019-2020,0.0010672358591248667,0.0,0.27641408751334046,0.032017075773746,0.016008537886873,0.19957310565635006,0.004268943436499467,0.017075773745997867,0.012806830309498399,0.012806830309498399,0.020277481323372464,0.0,0.0010672358591248667,0.008537886872998933,0.0,0.0010672358591248667,0.008537886872998933,0.023479188900747065,0.0,0.0,0.0,0.16115261472785486,0.0021344717182497333,0.0021344717182497333,0.17822838847385272,0.0,0.014941302027748132,0.0064034151547491995,14.0,0.8607824323,0.061484459449999994,937,76.64970005453553
31566,Lucy Whipp,2019-2020,0.0,0.0,0.2162485065710872,0.05734767025089606,0.016726403823178016,0.18996415770609318,0.014336917562724014,0.016726403823178016,0.014336917562724014,0.013142174432497013,0.019115890083632018,0.0,0.0023894862604540022,0.0023894862604540022,0.0,0.0,0.008363201911589008,0.0047789725209080045,0.0,0.0,0.0,0.1971326164874552,0.0,0.0,0.21863799283154123,0.0,0.007168458781362007,0.0011947431302270011,6.0,0.8831798179999999,0.14719663633333332,837,75.1571385812631
31566,Lucy Whipp,2020-2021,0.0018137847642079807,0.0,0.19407496977025393,0.05985489721886336,0.028415961305925032,0.1946795646916566,0.019347037484885126,0.008464328899637243,0.007255139056831923,0.010278113663845224,0.034461910519951636,0.0,0.004232164449818622,0.007859733978234583,0.0,0.0006045949214026602,0.013905683192261185,0.013301088270858524,0.0,0.0,0.0,0.23881499395405079,0.0006045949214026602,0.0006045949214026602,0.156590084643289,0.0,0.0024183796856106408,0.0024183796856106408,4.0,0.179717046,0.0449292615,1654,112.22012815680361
31567,Adrienne Jordan,2019-2020,0.0,0.0,0.19726729291204098,0.04013663535439795,0.024765157984628524,0.21178479931682323,0.02220324508966695,0.012809564474807857,0.014517506404782237,0.013663535439795047,0.029035012809564473,0.0,0.0008539709649871904,0.005977796754910333,0.0,0.0,0.007685738684884714,0.01964133219470538,0.0,0.0,0.0,0.27241673783091375,0.0,0.0,0.1246797608881298,0.0008539709649871904,0.0017079419299743809,0.0,2.0,0.256418649,0.1282093245,1171,85.33603238866397
31568,Rebecca Holloway,2019-2020,0.0,0.0,0.24671385237613752,0.034378159757330634,0.006066734074823054,0.2558139534883721,0.03640040444893832,0.004044489383215369,0.006066734074823054,0.005055611729019211,0.011122345803842264,0.0010111223458038423,0.006066734074823054,0.0020222446916076846,0.0,0.0,0.005055611729019211,0.0020222446916076846,0.0,0.0,0.0,0.3114256825075834,0.0,0.0,0.06066734074823053,0.0020222446916076846,0.003033367037411527,0.0010111223458038423,3.0,0.06610338,0.022034460000000002,989,86.90685413005272
31568,Rebecca Holloway,2020-2021,0.0017543859649122807,0.0,0.18201754385964913,0.04078947368421053,0.02368421052631579,0.17456140350877192,0.03640350877192983,0.010526315789473684,0.013157894736842105,0.008771929824561403,0.031140350877192982,0.0004385964912280702,0.009649122807017544,0.0043859649122807015,0.0,0.0013157894736842105,0.012280701754385965,0.010087719298245614,0.0,0.0,0.0,0.32456140350877194,0.0004385964912280702,0.0004385964912280702,0.11096491228070175,0.0021929824561403508,0.0004385964912280702,0.0,1.0,0.021388585,0.021388585,2280,107.12607674236492
31614,Melvine Malard,2023-2024,0.002883922134102379,0.0,0.3179524152847873,0.032444124008651765,0.0136986301369863,0.1788031723143475,0.005767844268204758,0.009372746935832732,0.011535688536409516,0.004325883201153569,0.029560201874549386,0.0,0.007930785868781542,0.005767844268204758,0.0,0.0014419610670511895,0.006488824801730353,0.023071377072819033,0.0007209805335255948,0.0,0.0,0.1773612112472963,0.0007209805335255948,0.0007209805335255948,0.14131218457101657,0.0007209805335255948,0.01946647440519106,0.007930785868781542,27.0,3.946157523,0.14615398233333335,1387,145.0499651405996
31628,Kristine Leine,2019-2020,0.0,0.0,0.2112970711297071,0.0299860529986053,0.006276150627615063,0.2280334728033473,0.05509065550906555,0.000697350069735007,0.003486750348675035,0.006276150627615063,0.03138075313807531,0.0,0.00906555090655509,0.0048814504881450485,0.0,0.002789400278940028,0.00697350069735007,0.002789400278940028,0.0,0.0,0.0,0.3193863319386332,0.000697350069735007,0.000697350069735007,0.07810320781032078,0.0,0.0020920502092050207,0.0,3.0,0.92783785,0.3092792833333333,1434,123.50239234449761
31628,Kristine Leine,2020-2021,0.0,0.0,0.20872765509989485,0.03207150368033649,0.022082018927444796,0.20504731861198738,0.029442691903259727,0.00473186119873817,0.0031545741324921135,0.00946372239747634,0.024710830704521555,0.0005257623554153522,0.006309148264984227,0.0005257623554153522,0.0,0.002103049421661409,0.015772870662460567,0.005257623554153523,0.0,0.0,0.0,0.3333333333333333,0.0,0.0,0.09200841219768664,0.002103049421661409,0.0015772870662460567,0.0010515247108307045,3.0,0.71393934,0.23797978,1902,136.27895868163364
31702,Rianna Dean,2019-2020,0.0,0.0,0.3559870550161812,0.02912621359223301,0.017259978425026967,0.11758360302049622,0.007551240560949299,0.006472491909385114,0.006472491909385114,0.014023732470334413,0.02912621359223301,0.0,0.011866235167206042,0.016181229773462782,0.0,0.003236245954692557,0.007551240560949299,0.021574973031283712,0.0,0.0,0.0,0.14670981661272922,0.002157497303128371,0.002157497303128371,0.18338727076591155,0.0,0.019417475728155338,0.002157497303128371,18.0,3.830501953,0.21280566405555557,927,70.09157355288583
31702,Rianna Dean,2020-2021,0.0016012810248198558,0.0,0.3058446757405925,0.02722177742193755,0.01200960768614892,0.15932746196957567,0.0024019215372297837,0.014411529223378704,0.009607686148919135,0.006405124099279423,0.024819855884707767,0.0,0.013610888710968775,0.009607686148919135,0.0,0.0008006405124099279,0.0040032025620496394,0.02802241793434748,0.0,0.0,0.0,0.1633306645316253,0.0,0.0,0.20176140912730184,0.0008006405124099279,0.008807045636509208,0.005604483586869495,11.0,2.357361806,0.21430561872727275,1249,120.19888793840889
31703,Anna Filbey,2019-2020,0.0,0.0,0.24120603015075376,0.025963149078726967,0.01340033500837521,0.245393634840871,0.059463986599664995,0.0,0.002512562814070352,0.0016750418760469012,0.024288107202680067,0.0016750418760469012,0.007537688442211055,0.005862646566164154,0.0,0.0016750418760469012,0.008375209380234505,0.0,0.0,0.0,0.0,0.304857621440536,0.0,0.0,0.05360134003350084,0.0,0.0008375209380234506,0.0016750418760469012,1.0,0.019569336,0.019569336,1194,88.94222810792915
31703,Anna Filbey,2020-2021,0.0,0.0,0.20454545454545456,0.03787878787878788,0.022727272727272728,0.2196969696969697,0.03409090909090909,0.003787878787878788,0.003787878787878788,0.007575757575757576,0.007575757575757576,0.0,0.003787878787878788,0.007575757575757576,0.0,0.007575757575757576,0.011363636363636364,0.0,0.0,0.0,0.0,0.3106060606060606,0.003787878787878788,0.003787878787878788,0.10227272727272728,0.0,0.003787878787878788,0.003787878787878788,1.0,0.16103743,0.16103743,264,93.65392195506504
31713,Maéva Clemaron,2019-2020,0.0006693440428380187,0.0,0.2182061579651941,0.04484605087014726,0.01673360107095047,0.2001338688085676,0.012717536813922356,0.009370816599732263,0.006024096385542169,0.011378848728246318,0.019410977242302542,0.0006693440428380187,0.011378848728246318,0.004685408299866131,0.0,0.0,0.013386880856760375,0.008032128514056224,0.0,0.0,0.0,0.2777777777777778,0.0,0.0,0.1398929049531459,0.0,0.002677376171352075,0.002008032128514056,4.0,0.196838641,0.04920966025,1494,130.2023821051612
31713,Maéva Clemaron,2020-2021,0.0,0.0,0.22822491730981256,0.040793825799338476,0.013230429988974642,0.1918412348401323,0.019845644983461964,0.0033076074972436605,0.011025358324145534,0.004410143329658214,0.025358324145534728,0.0,0.016538037486218304,0.0033076074972436605,0.0,0.0011025358324145535,0.019845644983461964,0.0033076074972436605,0.0,0.0,0.0,0.288864388092613,0.0011025358324145535,0.0011025358324145535,0.11466372657111357,0.0,0.007717750826901874,0.004410143329658214,7.0,0.43118325300000004,0.06159760757142858,907,144.14621225498854
31714,Georgia Wilson,2019-2020,0.002564102564102564,0.0,0.16666666666666666,0.1,0.01282051282051282,0.16666666666666666,0.010256410256410256,0.017948717948717947,0.017948717948717947,0.028205128205128206,0.02564102564102564,0.0,0.010256410256410256,0.005128205128205128,0.0,0.005128205128205128,0.002564102564102564,0.017948717948717947,0.0,0.0,0.0,0.16923076923076924,0.0,0.0,0.2282051282051282,0.0,0.005128205128205128,0.007692307692307693,2.0,0.1011257243,0.05056286215,390,83.31355328744363
31949,Zaidu Sanusi,2023,0.0,0.0017006802721088435,0.2108843537414966,0.025510204081632654,0.017006802721088437,0.17517006802721088,0.022108843537414966,0.011904761904761904,0.003401360544217687,0.003401360544217687,0.025510204081632654,0.0017006802721088435,0.022108843537414966,0.01020408163265306,0.0,0.00510204081632653,0.01020408163265306,0.00510204081632653,0.0,0.0,0.0,0.3129251700680272,0.003401360544217687,0.003401360544217687,0.11224489795918367,0.0,0.01020408163265306,0.006802721088435374,6.0,0.56027924,0.09337987333333332,588,120.43695949021394
32012,Rafael Enrique Romo Pérez,2024,0.0,0.0,0.15950920245398773,0.03680981595092025,0.0,0.17177914110429449,0.0,0.0,0.0,0.0,0.0,0.0,0.0,0.0,0.2331288343558282,0.006134969325153374,0.0,0.0,0.0,0.0,0.0,0.3895705521472393,0.0,0.0,0.003067484662576687,0.0,0.0,0.0,0.0,0.0,0.0,326,0.0
32074,Jenna Clark,2023-2024,0.001160092807424594,0.0,0.23356535189481825,0.027842227378190254,0.019334880123743233,0.22505800464037123,0.0460170146945089,0.0038669760247486465,0.0034802784222737818,0.0030935808197989174,0.017788089713843776,0.001160092807424594,0.005027068832173241,0.001160092807424594,0.0,0.0007733952049497294,0.0069605568445475635,0.004640371229698376,0.0,0.0,0.0,0.31593194122196444,0.0,0.0,0.07888631090487239,0.0,0.0034802784222737818,0.0007733952049497294,9.0,1.1229778590000001,0.12477531766666668,2586,132.94870330172512
32169,Jamie-Lee Napier,2020-2021,0.0012239902080783353,0.0,0.27539779681762544,0.033659730722154224,0.02386780905752754,0.15789473684210525,0.012239902080783354,0.01835985312117503,0.01346389228886169,0.016523867809057527,0.04039167686658507,0.0,0.01591187270501836,0.006119951040391677,0.0,0.0024479804161566705,0.009791921664626682,0.019583843329253364,0.0,0.0,0.0,0.15238678090575275,0.0,0.0,0.18727050183598531,0.0012239902080783353,0.00795593635250918,0.004283965728274173,13.0,1.817573649,0.13981335761538463,1634,97.88990215003662
32169,Jamie-Lee Napier,2023-2024,0.0035559067562228367,0.0003951007506914263,0.23113393915448438,0.035954168312919796,0.019755037534571317,0.19280916633741604,0.01382852627419992,0.015804030027657054,0.014618727775582773,0.013038324772817068,0.0300276570525484,0.0003951007506914263,0.011853022520742789,0.010272619517977083,0.0,0.0015804030027657052,0.011457921770051362,0.011062821019359936,0.0,0.0,0.0,0.21295930462267879,0.0003951007506914263,0.0003951007506914263,0.16278150928486765,0.001185302252074279,0.00434610825760569,0.0003951007506914263,11.0,0.642632236,0.05842111236363636,2531,130.80854484897208
32190,Darlin Zidane Yongwa Ngameni,2023,0.0,0.0,0.20912547528517111,0.026615969581749048,0.022813688212927757,0.22053231939163498,0.019011406844106463,0.0076045627376425855,0.0076045627376425855,0.0038022813688212928,0.022813688212927757,0.0,0.015209125475285171,0.0038022813688212928,0.0,0.0,0.0038022813688212928,0.0076045627376425855,0.0,0.0,0.0,0.3193916349809886,0.0,0.0,0.10266159695817491,0.0,0.0038022813688212928,0.0038022813688212928,1.0,0.029375948,0.029375948,263,0.0
32210,Laia Aleixandri López,2023-2024,0.0013938669852648347,0.00019912385503783353,0.27299880525686976,0.02190362405416169,0.006571087216248507,0.2640382317801673,0.013341298287534846,0.002986857825567503,0.00398247710075667,0.002190362405416169,0.010951812027080845,0.0,0.001991238550378335,0.0035842293906810036,0.0,0.0009956192751891676,0.006172839506172839,0.002588610115491836,0.0,0.0,0.0,0.3307447232178415,0.00019912385503783353,0.00019912385503783353,0.048785344484269216,0.0005973715651135006,0.0027877339705296694,0.0007964954201513341,14.0,1.049275174,0.0749482267142857,5022,0.0
32222,Sofie Lundgaard,2023-2024,0.007125890736342043,0.0,0.20190023752969122,0.04513064133016627,0.03800475059382423,0.14251781472684086,0.019002375296912115,0.009501187648456057,0.009501187648456057,0.009501187648456057,0.052256532066508314,0.0,0.021377672209026127,0.007125890736342043,0.0,0.0,0.009501187648456057,0.011876484560570071,0.0,0.0,0.0,0.1995249406175772,0.004750593824228029,0.004750593824228029,0.19714964370546317,0.0,0.004750593824228029,0.004750593824228029,2.0,0.17974883,0.089874415,421,125.83859182995681
32227,Emma Snerle,2023-2024,0.0023894862604540022,0.0,0.25089605734767023,0.038231780167264036,0.010752688172043012,0.1863799283154122,0.007168458781362007,0.015531660692951015,0.008363201911589008,0.014336917562724014,0.023894862604540025,0.0,0.008363201911589008,0.009557945041816009,0.0,0.0011947431302270011,0.010752688172043012,0.019115890083632018,0.0,0.0,0.0,0.21505376344086022,0.0,0.0,0.16726403823178015,0.0011947431302270011,0.0035842293906810036,0.005973715651135006,3.0,0.16448101599999998,0.054827005333333324,837,137.86603221083456
32229,Sara Holmgaard,2023-2024,0.0012682308180088776,0.0,0.2435003170577045,0.03170577045022194,0.011414077362079899,0.22257450856055802,0.019657577679137603,0.007609384908053266,0.010145846544071021,0.0057070386810399495,0.02155992390615092,0.0,0.011414077362079899,0.0063411540900443885,0.0,0.0012682308180088776,0.011414077362079899,0.010145846544071021,0.0,0.0,0.0,0.274571972098922,0.0,0.0,0.09955611921369689,0.0019023462270133164,0.004438807863031071,0.003804692454026633,7.0,0.654364091,0.09348058442857143,1577,155.23351197637538
32230,Karen Holmgaard,2023-2024,0.0,0.0,0.24402907580477673,0.03426791277258567,0.008307372793354102,0.2336448598130841,0.012461059190031152,0.008307372793354102,0.003115264797507788,0.0020768431983385254,0.01973001038421599,0.0,0.01142263759086189,0.006230529595015576,0.0,0.003115264797507788,0.008307372793354102,0.005192107995846314,0.0,0.0,0.0,0.28868120456905505,0.0,0.0,0.09865005192107996,0.0,0.007268951194184839,0.005192107995846314,7.0,0.619300429,0.08847148985714286,963,167.02640200423974
32289,Victor Okoh Boniface,2023-2024,0.0024222850222042794,0.0004037141703673799,0.3609204683084376,0.021396851029471135,0.005651998385143318,0.21235365361324182,0.004844570044408559,0.016552280985062576,0.03471941865159467,0.0008074283407347598,0.013726281792490917,0.0,0.0072668550666128385,0.008477997577714978,0.0,0.0012111425111021397,0.0012111425111021397,0.027048849414614454,0.0004037141703673799,0.0,0.0,0.15785224061364553,0.0012111425111021397,0.0012111425111021397,0.08195397658457812,0.0,0.03270084779975777,0.005651998385143318,81.0,15.9702154796,0.19716315406913582,2477,0.0
32339,Daphne van Domselaar,2023-2024,0.0,0.0,0.22659079151577857,0.0346611484738748,0.0,0.23124676668391103,0.0,0.0,0.0,0.0,0.0,0.0005173305742369374,0.0,0.0005173305742369374,0.14226590791515778,0.005690636316606311,0.0,0.0,0.0,0.0,0.0,0.3579927573719607,0.0,0.0,0.0005173305742369374,0.0,0.0,0.0,0.0,0.0,0.0,1933,130.8045112781955
32403,Emma Wilhelmina Koivisto,2020-2021,0.0,0.0,0.20184190330007676,0.029930928626247123,0.01918649270913277,0.18726016884113583,0.026093630084420567,0.01918649270913277,0.016116653875671526,0.007674597083653108,0.02686108979278588,0.0,0.005372217958557176,0.00844205679201842,0.0,0.0,0.013046815042210284,0.013046815042210284,0.0,0.0,0.0,0.30084420567920184,0.0,0.0,0.11972371450498849,0.0007674597083653108,0.003837298541826554,0.0007674597083653108,5.0,0.6590687749999999,0.13181375499999998,1303,145.67701863354037
32403,Emma Wilhelmina Koivisto,2023-2024,0.002029220779220779,0.0,0.21793831168831168,0.037337662337662336,0.03409090909090909,0.1663961038961039,0.018262987012987012,0.010551948051948052,0.008116883116883116,0.004464285714285714,0.02353896103896104,0.00040584415584415587,0.007305194805194805,0.007305194805194805,0.0,0.002029220779220779,0.009334415584415584,0.010551948051948052,0.0,0.0,0.0,0.2775974025974026,0.002435064935064935,0.002435064935064935,0.14691558441558442,0.0012175324675324675,0.006087662337662338,0.0036525974025974025,15.0,2.349514267,0.15663428446666666,2464,147.16304997013737
32433,Jefferson Anilson Silva Encada,2023,0.0031645569620253164,0.0,0.22151898734177214,0.04113924050632911,0.0189873417721519,0.23417721518987342,0.012658227848101266,0.006329113924050633,0.00949367088607595,0.0,0.015822784810126583,0.0,0.006329113924050633,0.0,0.0,0.0,0.00949367088607595,0.0031645569620253164,0.0,0.0,0.0,0.33860759493670883,0.0,0.0,0.07278481012658228,0.0,0.006329113924050633,0.0,2.0,0.030593694,0.015296847,316,0.0
32450,Montassar Omar Talbi,2023,0.0,0.0,0.27074235807860264,0.013100436681222707,0.017467248908296942,0.2336244541484716,0.0611353711790393,0.0,0.0,0.004366812227074236,0.017467248908296942,0.0,0.004366812227074236,0.002183406113537118,0.0,0.0,0.004366812227074236,0.0,0.0,0.0,0.0,0.3165938864628821,0.0,0.0,0.05240174672489083,0.0,0.002183406113537118,0.0,1.0,0.024812924,0.024812924,458,144.63157894736844
32478,Darwin Gabriel Núñez Ribeiro,2024,0.005454545454545455,0.0,0.2818181818181818,0.038181818181818185,0.012727272727272728,0.16545454545454547,0.00909090909090909,0.025454545454545455,0.034545454545454546,0.0018181818181818182,0.03090909090909091,0.0,0.01090909090909091,0.01090909090909091,0.0,0.0,0.0,0.01818181818181818,0.0018181818181818182,0.0,0.0,0.1290909090909091,0.0,0.0,0.17636363636363636,0.0018181818181818182,0.038181818181818185,0.007272727272727273,21.0,1.860637334,0.0886017778095238,550,0.0
32480,Ronald Federico Araújo da Silva,2024,0.00202020202020202,0.0,0.24242424242424243,0.03232323232323232,0.012121212121212121,0.23434343434343435,0.03636363636363636,0.00202020202020202,0.00202020202020202,0.00202020202020202,0.028282828282828285,0.0,0.00404040404040404,0.00202020202020202,0.0,0.00202020202020202,0.00808080808080808,0.0,0.0,0.0,0.0,0.33131313131313134,0.00404040404040404,0.00404040404040404,0.03636363636363636,0.00404040404040404,0.006060606060606061,0.00404040404040404,3.0,0.0870740085,0.0290246695,495,0.0
32618,Martha Harris,2019-2020,0.0,0.0,0.19711129991503823,0.038232795242141036,0.010195412064570943,0.20730671197960918,0.04078164825828377,0.0118946474086661,0.006796941376380629,0.004248088360237893,0.03058623619371283,0.0,0.006796941376380629,0.002548853016142736,0.0,0.0,0.00594732370433305,0.005097706032285472,0.0,0.0,0.0,0.3440951571792693,0.0,0.0,0.08241291418861513,0.0016992353440951572,0.0033984706881903144,0.0008496176720475786,4.0,0.083897984,0.020974496,1177,119.72197106690778
32618,Martha Harris,2020-2021,0.0,0.0,0.21551724137931033,0.034482758620689655,0.007183908045977011,0.22270114942528735,0.01867816091954023,0.008620689655172414,0.004310344827586207,0.004310344827586207,0.015804597701149427,0.0,0.010057471264367816,0.0,0.0,0.0,0.010057471264367816,0.005747126436781609,0.0,0.0,0.0,0.34195402298850575,0.0,0.0,0.08764367816091954,0.004310344827586207,0.007183908045977011,0.0014367816091954023,5.0,0.241011532,0.0482023064,696,162.36391912908243
32677,Alexander Domínguez Carabalí,2024,0.0,0.0,0.17921146953405018,0.043010752688172046,0.0,0.17921146953405018,0.0,0.0,0.0,0.0,0.0,0.0,0.0,0.0,0.2078853046594982,0.017921146953405017,0.0,0.0,0.0,0.0,0.0,0.3727598566308244,0.0,0.0,0.0,0.0,0.0,0.0,0.0,0.0,0.0,279,0.0
32685,Joël Latibeaudiere,2024,0.0,0.0,0.24119241192411925,0.02710027100271003,0.024390243902439025,0.20596205962059622,0.02710027100271003,0.0027100271002710027,0.0027100271002710027,0.005420054200542005,0.013550135501355014,0.0,0.008130081300813009,0.016260162601626018,0.0,0.008130081300813009,0.0027100271002710027,0.0027100271002710027,0.0,0.0,0.0,0.3170731707317073,0.0,0.0,0.08943089430894309,0.0,0.0,0.005420054200542005,0.0,0.0,0.0,369,0.0
32694,Laia Codina Panedas,2023-2024,0.0026905829596412557,0.0,0.27802690582959644,0.01883408071748879,0.006278026905829596,0.2717488789237668,0.019730941704035873,0.0017937219730941704,0.0008968609865470852,0.0017937219730941704,0.011659192825112108,0.0008968609865470852,0.0026905829596412557,0.0017937219730941704,0.0,0.0,0.004484304932735426,0.003587443946188341,0.0,0.0,0.0,0.3237668161434978,0.0,0.0,0.04394618834080718,0.0,0.0026905829596412557,0.0026905829596412557,3.0,0.336797156,0.11226571866666667,1115,0.0
32712,Jeremie Frimpong,2023-2024,0.002102803738317757,0.0009345794392523365,0.2969626168224299,0.025934579439252335,0.012616822429906542,0.2380841121495327,0.004205607476635514,0.01191588785046729,0.01939252336448598,0.002336448598130841,0.010514018691588784,0.0,0.005841121495327103,0.009345794392523364,0.0,0.0007009345794392523,0.0035046728971962616,0.01191588785046729,0.00023364485981308412,0.0,0.0,0.2425233644859813,0.0007009345794392523,0.0007009345794392523,0.08107476635514019,0.0007009345794392523,0.013084112149532711,0.004672897196261682,56.0,8.7196621802,0.15570825321785714,4280,166.74602831046275
32915,Ismail Jakobs,2023,0.00510204081632653,0.0,0.23129251700680273,0.01870748299319728,0.01870748299319728,0.1598639455782313,0.025510204081632654,0.008503401360544218,0.00510204081632653,0.01020408163265306,0.025510204081632654,0.0,0.011904761904761904,0.006802721088435374,0.0,0.00510204081632653,0.008503401360544218,0.003401360544217687,0.0,0.0,0.0,0.3010204081632653,0.0,0.0,0.14965986394557823,0.0,0.003401360544217687,0.0017006802721088435,2.0,0.12643284300000002,0.06321642150000001,588,134.21252853157495
33009,Lily Simkin,2019-2020,0.0,0.0,0.193359375,0.0390625,0.005859375,0.205078125,0.033203125,0.009765625,0.03125,0.013671875,0.025390625,0.0,0.01171875,0.00390625,0.0,0.0,0.001953125,0.009765625,0.0,0.0,0.0,0.28515625,0.0,0.0,0.130859375,0.0,0.0,0.0,0.0,0.0,0.0,512,103.80716377562514
33010,Freya Gregory,2020-2021,0.0,0.0,0.23792486583184258,0.044722719141323794,0.01073345259391771,0.148479427549195,0.014311270125223614,0.01967799642218247,0.03220035778175313,0.012522361359570662,0.023255813953488372,0.0,0.016100178890876567,0.0,0.0,0.0,0.012522361359570662,0.023255813953488372,0.0,0.0,0.0,0.18783542039355994,0.0,0.0,0.2003577817531306,0.0,0.01073345259391771,0.005366726296958855,6.0,0.6679727477,0.11132879128333334,559,122.7372529885338
33067,Shae Yanez,2023-2024,0.0,0.0013774104683195593,0.14049586776859505,0.045454545454545456,0.0013774104683195593,0.1928374655647383,0.0,0.0,0.0013774104683195593,0.0,0.0,0.0013774104683195593,0.0,0.0013774104683195593,0.24242424242424243,0.012396694214876033,0.0,0.0013774104683195593,0.0,0.0,0.0,0.35674931129476584,0.0,0.0,0.0013774104683195593,0.0,0.0,0.0,0.0,0.0,0.0,726,98.25563909774436
33088,Lucas Silva Melo,2023-2024,0.0,0.0,0.27383863080684595,0.022004889975550123,0.0,0.2591687041564792,0.004889975550122249,0.0024449877750611247,0.004889975550122249,0.007334963325183374,0.03178484107579462,0.0,0.0,0.0024449877750611247,0.0,0.0024449877750611247,0.012224938875305624,0.0024449877750611247,0.0,0.0,0.0,0.3105134474327628,0.0,0.0,0.05867970660146699,0.0024449877750611247,0.0024449877750611247,0.0,1.0,0.045849387,0.045849387,409,0.0
33090,Emily Murphy,2020-2021,0.001937984496124031,0.0,0.29941860465116277,0.045542635658914726,0.022286821705426358,0.15503875968992248,0.011627906976744186,0.013565891472868217,0.02810077519379845,0.014534883720930232,0.031007751937984496,0.0009689922480620155,0.01065891472868217,0.009689922480620155,0.0,0.003875968992248062,0.007751937984496124,0.020348837209302327,0.0,0.0,0.0,0.1375968992248062,0.0009689922480620155,0.0009689922480620155,0.1744186046511628,0.0,0.0048449612403100775,0.0048449612403100775,5.0,0.366362196,0.0732724392,1032,129.59397237337797
33401,Amine Adli,2023,0.003952569169960474,0.0,0.30434782608695654,0.003952569169960474,0.011857707509881422,0.21739130434782608,0.003952569169960474,0.011857707509881422,0.011857707509881422,0.007905138339920948,0.003952569169960474,0.0,0.015810276679841896,0.011857707509881422,0.0,0.0,0.0,0.007905138339920948,0.0,0.0,0.0,0.23715415019762845,0.0,0.0,0.1225296442687747,0.0,0.019762845849802372,0.003952569169960474,5.0,0.714446956,0.1428893912,253,145.6813819577735
33401,Amine Adli,2023-2024,0.000974184120798831,0.0,0.3117389186556259,0.018509498295177788,0.009254749147588894,0.20603994154895275,0.0034096444227959084,0.007306380905991232,0.012177301509985387,0.0029225523623964927,0.01753531417437896,0.0,0.007306380905991232,0.014612761811982464,0.0,0.0004870920603994155,0.0029225523623964927,0.009254749147588894,0.0004870920603994155,0.0,0.0,0.2264978080857282,0.0,0.0,0.13200194836824158,0.0,0.013151485630784217,0.0034096444227959084,27.0,3.0851790930000003,0.11426589233333334,2053,189.17784375959863
33664,Rachael Laws,2019-2020,0.0,0.0016207455429497568,0.19773095623987033,0.05672609400324149,0.0016207455429497568,0.24311183144246354,0.0,0.0,0.0,0.0,0.0,0.0,0.0,0.0016207455429497568,0.12155591572123177,0.0016207455429497568,0.0,0.0016207455429497568,0.0,0.0,0.0,0.3711507293354943,0.0,0.0,0.0016207455429497568,0.0,0.0,0.0,0.0,0.0,0.0,617,121.80302697960079
33664,Rachael Laws,2023-2024,0.0,0.0,0.2536563071297989,0.033820840950639856,0.0,0.24405850091407677,0.0,0.0,0.0009140767824497258,0.0,0.0,0.0018281535648994515,0.0,0.0,0.09643510054844608,0.005484460694698354,0.0,0.0,0.0,0.0,0.0,0.36288848263254114,0.0,0.0,0.0009140767824497258,0.0,0.0,0.0,0.0,0.0,0.0,2188,138.18947368421053
33675,Laura Madison Blindkilde Brown,2023-2024,0.0012307692307692308,0.0,0.24984615384615386,0.03569230769230769,0.014769230769230769,0.2129230769230769,0.0018461538461538461,0.015384615384615385,0.011076923076923076,0.005538461538461538,0.02523076923076923,0.0,0.005538461538461538,0.008,0.0,0.0,0.009846153846153846,0.01723076923076923,0.0,0.0,0.0,0.2036923076923077,0.0,0.0,0.1723076923076923,0.0,0.0073846153846153844,0.0024615384615384616,12.0,1.8805502230000002,0.15671251858333335,1625,172.68862911795964
34148,Carlos Miguel Harvey Cesneros,2024,0.0,0.0,0.25957446808510637,0.02127659574468085,0.00425531914893617,0.2765957446808511,0.00851063829787234,0.00425531914893617,0.00425531914893617,0.0,0.02553191489361702,0.0,0.00425531914893617,0.00425531914893617,0.0,0.0,0.01276595744680851,0.00425531914893617,0.0,0.0,0.0,0.33191489361702126,0.0,0.0,0.03404255319148936,0.0,0.0,0.00425531914893617,0.0,0.0,0.0,235,0.0
34232,Grace Fisk,2019-2020,0.0,0.0,0.22245322245322247,0.02702702702702703,0.018711018711018712,0.2286902286902287,0.08316008316008316,0.004158004158004158,0.004158004158004158,0.002079002079002079,0.02494802494802495,0.002079002079002079,0.014553014553014554,0.002079002079002079,0.0,0.0,0.014553014553014554,0.0,0.0,0.0,0.0,0.30145530145530147,0.0,0.0,0.04781704781704782,0.002079002079002079,0.0,0.0,0.0,0.0,0.0,481,97.89687924016283
34232,Grace Fisk,2020-2021,0.0007639419404125286,0.0,0.20588235294117646,0.025974025974025976,0.01680672268907563,0.20091673032849502,0.06493506493506493,0.0019098548510313217,0.0038197097020626434,0.005729564553093965,0.027883880825057297,0.001145912910618793,0.003437738731856379,0.0015278838808250573,0.0,0.001145912910618793,0.012987012987012988,0.001145912910618793,0.0,0.0003819709702062643,0.0,0.32238349885408707,0.0,0.0,0.09969442322383498,0.0003819709702062643,0.001145912910618793,0.0,3.0,0.39505255,0.13168418333333334,2618,112.73684210526315
34232,Grace Fisk,2023-2024,0.000286286859433152,0.0,0.24448897795591182,0.02519324363011738,0.013169195533924993,0.22702547953048954,0.027483538505582595,0.0008588605782994561,0.0014314342971657602,0.002290294875465216,0.019467506441454337,0.000286286859433152,0.0031491554537646724,0.0014314342971657602,0.0,0.0028628685943315204,0.008016032064128256,0.00429430289149728,0.0,0.0,0.0,0.33924992842828516,0.0,0.0,0.07557973089035214,0.0,0.002290294875465216,0.001145147437732608,8.0,0.607725753,0.075965719125,3493,155.0300818621166
34339,Giovanni Reyna,2024,0.006920415224913495,0.0,0.2629757785467128,0.02768166089965398,0.0034602076124567475,0.21107266435986158,0.0,0.006920415224913495,0.02422145328719723,0.0034602076124567475,0.03460207612456748,0.0,0.0034602076124567475,0.01730103806228374,0.0,0.0,0.0,0.0034602076124567475,0.0,0.0,0.0,0.2768166089965398,0.0,0.0,0.10380622837370242,0.0034602076124567475,0.0034602076124567475,0.006920415224913495,1.0,0.073268734,0.073268734,289,127.001953125
34360,Alexandra MacIver,2019-2020,0.0,0.0,0.19655172413793104,0.05517241379310345,0.0,0.2517241379310345,0.0,0.0,0.0,0.0,0.0,0.0,0.0,0.0,0.09655172413793103,0.0,0.0,0.0,0.0,0.0,0.0,0.4,0.0,0.0,0.0,0.0,0.0,0.0,0.0,0.0,0.0,290,91.57894736842105
34360,Alexandra MacIver,2020-2021,0.0,0.0,0.22797456857402362,0.04223433242506812,0.0,0.2393278837420527,0.00045413260672116256,0.0,0.0,0.0009082652134423251,0.0,0.00045413260672116256,0.00045413260672116256,0.0,0.10399636693914623,0.002270663033605813,0.0,0.0,0.0,0.0,0.0,0.3773841961852861,0.00045413260672116256,0.00045413260672116256,0.003178928247048138,0.0,0.0,0.00045413260672116256,0.0,0.0,0.0,2202,121.33717014632953
34375,Emma Rose Kelly,2020-2021,0.0,0.0010649627263045794,0.22577209797657083,0.04898828541001065,0.01597444089456869,0.19488817891373802,0.01703940362087327,0.019169329073482427,0.021299254526091587,0.01597444089456869,0.043663471778487756,0.0,0.009584664536741214,0.003194888178913738,0.0,0.0,0.022364217252396165,0.009584664536741214,0.0,0.0,0.0,0.19275825346112885,0.0010649627263045794,0.0010649627263045794,0.14376996805111822,0.0010649627263045794,0.006389776357827476,0.005324813631522897,6.0,0.41909181500000003,0.06984863583333334,939,99.13196480938417
34386,John Arne Semundseth Riise,2004-2005,0.0,0.0,0.29245283018867924,0.018867924528301886,0.0,0.22169811320754718,0.018867924528301886,0.0047169811320754715,0.018867924528301886,0.0047169811320754715,0.02358490566037736,0.0,0.0047169811320754715,0.0047169811320754715,0.0,0.0,0.0,0.014150943396226415,0.0,0.0,0.0,0.2783018867924528,0.0,0.0,0.07547169811320754,0.0,0.018867924528301886,0.0,4.0,0.860282046,0.2150705115,212,0.0
34395,Marcos Evangelista de Moraes,2004-2005,0.0,0.0,0.27106227106227104,0.02564102564102564,0.007326007326007326,0.24175824175824176,0.01098901098901099,0.007326007326007326,0.014652014652014652,0.003663003663003663,0.014652014652014652,0.0,0.003663003663003663,0.007326007326007326,0.0,0.0,0.007326007326007326,0.0,0.0,0.0,0.0,0.3443223443223443,0.0,0.0,0.03663003663003663,0.0,0.003663003663003663,0.0,1.0,0.007226059,0.007226059,273,0.0
34476,Matías Nicolás Viña Susperreguy,2024,0.00505902192242833,0.0,0.2411467116357504,0.025295109612141653,0.011804384485666104,0.22934232715008432,0.008431703204047217,0.006745362563237774,0.01011804384485666,0.00505902192242833,0.02023608768971332,0.0,0.003372681281618887,0.00505902192242833,0.0,0.003372681281618887,0.003372681281618887,0.008431703204047217,0.0,0.0,0.0,0.33389544688026984,0.0,0.0,0.06745362563237774,0.0016863406408094434,0.003372681281618887,0.006745362563237774,2.0,0.09916085,0.049580425,593,0.0
34499,Hanna Ulrika Bennison,2023-2024,0.0045105999097880016,0.0,0.2503382949932341,0.03698691926026162,0.014433919711321606,0.21876409562471807,0.008119079837618403,0.010825439783491205,0.011727559765448805,0.005863779882724403,0.02029769959404601,0.0,0.005412719891745603,0.009923319801533603,0.0,0.0013531799729364006,0.006765899864682003,0.015787099684258007,0.0004510599909788002,0.0,0.0,0.22868741542625168,0.0,0.0,0.13937753721244925,0.0,0.006314839873703203,0.0040595399188092015,14.0,0.5190010190000001,0.037071501357142864,2217,144.46133796698524
34500,Emma Nanny Charlotte Kullberg,2023-2024,0.0009103322712790169,0.0,0.22985889849795174,0.03186162949476559,0.01957214383249886,0.21028675466545288,0.01775147928994083,0.0063723258989531175,0.00864815657715066,0.0031861629494765588,0.021392808375056895,0.0009103322712790169,0.004096495220755576,0.0018206645425580337,0.0,0.0018206645425580337,0.00864815657715066,0.008192990441511151,0.0,0.0,0.0,0.3067819754210287,0.0,0.0,0.11288120163859809,0.0027309968138370506,0.0009103322712790169,0.0013654984069185253,2.0,0.029201541999999997,0.014600770999999999,2197,140.65300896286814
34845,Federico Bikoro Akieme Nchama,2023,0.0,0.0,0.21484375,0.044921875,0.013671875,0.232421875,0.015625,0.01171875,0.00390625,0.01171875,0.03125,0.0,0.01171875,0.013671875,0.0,0.005859375,0.001953125,0.00390625,0.0,0.0,0.0,0.267578125,0.0,0.0,0.11328125,0.0,0.001953125,0.0,1.0,0.032296423,0.032296423,512,121.26315789473684
35375,Julián Andrés Quiñones Quiñones,2024,0.002197802197802198,0.0,0.2945054945054945,0.035164835164835165,0.01098901098901099,0.22637362637362637,0.002197802197802198,0.013186813186813187,0.02197802197802198,0.01098901098901099,0.02197802197802198,0.0,0.008791208791208791,0.01098901098901099,0.0,0.002197802197802198,0.004395604395604396,0.006593406593406593,0.002197802197802198,0.0,0.0,0.21978021978021978,0.0,0.0,0.08351648351648351,0.0,0.017582417582417582,0.004395604395604396,8.0,0.39103851300000003,0.048879814125000004,455,0.0
35406,Ruesha Littlejohn,2020-2021,0.0008453085376162299,0.0008453085376162299,0.22485207100591717,0.049873203719357564,0.01944209636517329,0.1808960270498732,0.01098901098901099,0.02028740490278952,0.01267962806424345,0.009298393913778529,0.027049873203719356,0.0,0.0169061707523246,0.0084530853761623,0.0,0.006762468300929839,0.006762468300929839,0.0084530853761623,0.0,0.0,0.0,0.19188503803888418,0.0,0.0,0.19273034657650043,0.0,0.0076077768385460695,0.0033812341504649195,9.0,0.8534081010000001,0.09482312233333334,1183,115.06538419971902
35413,Lionel Mpasi-Nzau,2023,0.0,0.0,0.16780045351473924,0.06349206349206349,0.0,0.1927437641723356,0.0,0.0,0.0022675736961451248,0.0022675736961451248,0.0,0.0,0.0,0.0022675736961451248,0.1746031746031746,0.027210884353741496,0.0,0.0,0.0,0.0,0.0,0.36281179138321995,0.0,0.0,0.0022675736961451248,0.0,0.0022675736961451248,0.0,1.0,0.7835,0.7835,441,69.63157894736841
35471,Issa Kabore,2023,0.0016233766233766235,0.0,0.25811688311688313,0.022727272727272728,0.008116883116883116,0.22727272727272727,0.0016233766233766235,0.016233766233766232,0.016233766233766232,0.00974025974025974,0.02922077922077922,0.0,0.006493506493506494,0.012987012987012988,0.0,0.0016233766233766235,0.00487012987012987,0.017857142857142856,0.0,0.0,0.0,0.27435064935064934,0.0016233766233766235,0.0016233766233766235,0.08603896103896104,0.0,0.0016233766233766235,0.0,1.0,0.19962767,0.19962767,616,145.89473684210526
35492,Maximiliano Javier Araújo Vilches,2024,0.0,0.0,0.27450980392156865,0.0392156862745098,0.012477718360071301,0.19786096256684493,0.008912655971479501,0.016042780748663103,0.0106951871657754,0.008912655971479501,0.0213903743315508,0.0,0.0196078431372549,0.0213903743315508,0.0,0.0017825311942959,0.0017825311942959,0.012477718360071301,0.0,0.0,0.0,0.18181818181818182,0.0,0.0,0.14795008912655971,0.0,0.0196078431372549,0.0035650623885918,11.0,0.895688552,0.081426232,561,0.0
35592,Anis Ben Slimane,2023,0.0025575447570332483,0.0,0.30179028132992325,0.023017902813299233,0.0,0.18414322250639387,0.0025575447570332483,0.010230179028132993,0.020460358056265986,0.0,0.023017902813299233,0.0,0.01278772378516624,0.010230179028132993,0.0,0.005115089514066497,0.005115089514066497,0.020460358056265986,0.0,0.0,0.0,0.21739130434782608,0.0025575447570332483,0.0025575447570332483,0.14066496163682865,0.0,0.0076726342710997444,0.0076726342710997444,3.0,0.0234510676,0.007817022533333334,391,0.0
35637,Timo Hübers,2023-2024,0.0,0.0,0.24422442244224424,0.0165016501650165,0.0165016501650165,0.22112211221122113,0.036303630363036306,0.0033003300330033004,0.0,0.009900990099009901,0.026402640264026403,0.0,0.006600660066006601,0.0033003300330033004,0.0,0.0,0.026402640264026403,0.0,0.0,0.0,0.0,0.30033003300330036,0.0,0.0,0.0858085808580858,0.0,0.0033003300330033004,0.0,1.0,0.03799639,0.03799639,303,143.5263157894737
35684,Meschak Elia,2023,0.005172413793103448,0.0,0.28793103448275864,0.04482758620689655,0.013793103448275862,0.2189655172413793,0.0,0.013793103448275862,0.02413793103448276,0.0034482758620689655,0.022413793103448276,0.0,0.006896551724137931,0.008620689655172414,0.0,0.0,0.005172413793103448,0.017241379310344827,0.0,0.0,0.0,0.1896551724137931,0.0,0.0,0.1206896551724138,0.0,0.01206896551724138,0.005172413793103448,7.0,2.079033113,0.2970047304285714,580,125.5109401298389
35689,James Gomez,2023,0.006688963210702341,0.0,0.2508361204013378,0.026755852842809364,0.020066889632107024,0.23411371237458195,0.043478260869565216,0.0,0.0033444816053511705,0.006688963210702341,0.016722408026755852,0.0,0.0033444816053511705,0.010033444816053512,0.0,0.0,0.013377926421404682,0.0,0.0,0.0033444816053511705,0.0,0.3210702341137124,0.0,0.0,0.03678929765886288,0.0,0.0033444816053511705,0.0,1.0,0.03552041,0.03552041,299,94.42105263157895
35690,Sebastián Enzo Cáceres Ramos,2024,0.005376344086021506,0.0,0.20161290322580644,0.026881720430107527,0.024193548387096774,0.1881720430107527,0.03225806451612903,0.002688172043010753,0.0,0.008064516129032258,0.03225806451612903,0.0,0.005376344086021506,0.013440860215053764,0.0,0.002688172043010753,0.002688172043010753,0.0,0.0,0.0,0.0,0.3064516129032258,0.0,0.0,0.13978494623655913,0.002688172043010753,0.005376344086021506,0.0,2.0,0.15585491,0.077927455,372,0.0
35693,Mary Boio Fowler,2023-2024,0.0024125452352231603,0.0,0.2738238841978287,0.03216726980297547,0.014475271411338963,0.2609569762766385,0.005227181342983514,0.013268998793727383,0.016887816646562123,0.0016083634901487736,0.013268998793727383,0.0,0.0016083634901487736,0.0028146361077603537,0.0,0.0,0.0048250904704463205,0.009248090068355449,0.0,0.0,0.0,0.25412143144350624,0.0,0.0,0.08242862887012464,0.0,0.009650180940892641,0.0012062726176115801,24.0,2.198611693,0.09160882054166668,2487,177.0947068597199
35738,Rodrigo Eduardo Echeverría Sáez,2024,0.006993006993006993,0.0,0.21328671328671328,0.04195804195804196,0.017482517482517484,0.19230769230769232,0.0034965034965034965,0.017482517482517484,0.0034965034965034965,0.01048951048951049,0.02097902097902098,0.0,0.0034965034965034965,0.0034965034965034965,0.0,0.01048951048951049,0.013986013986013986,0.0,0.0,0.0,0.0,0.23076923076923078,0.0034965034965034965,0.0034965034965034965,0.1853146853146853,0.0,0.013986013986013986,0.0034965034965034965,4.0,0.304622275,0.07615556875,286,0.0
35785,Eduard Alexander Bello Gil,2024,0.0,0.0,0.28969359331476324,0.033426183844011144,0.019498607242339833,0.19498607242339833,0.013927576601671309,0.002785515320334262,0.011142061281337047,0.005571030640668524,0.025069637883008356,0.0,0.002785515320334262,0.005571030640668524,0.0,0.0,0.002785515320334262,0.019498607242339833,0.002785515320334262,0.0,0.0,0.24233983286908078,0.0,0.0,0.11142061281337047,0.0,0.011142061281337047,0.005571030640668524,4.0,0.532937005,0.13323425125,359,0.0
36212,Gabriel Alonso Suazo Urbina,2024,0.0022271714922048997,0.0,0.2516703786191537,0.031180400890868598,0.013363028953229399,0.23385300668151449,0.011135857461024499,0.0022271714922048997,0.004454342984409799,0.004454342984409799,0.011135857461024499,0.0,0.013363028953229399,0.0066815144766146995,0.0,0.0022271714922048997,0.0,0.0066815144766146995,0.0,0.0,0.0,0.31625835189309576,0.0022271714922048997,0.0022271714922048997,0.08463251670378619,0.0,0.0,0.0,0.0,0.0,0.0,449,0.0
36271,Roberto Lopes,2023,0.0016313213703099511,0.0,0.25122349102773245,0.01468189233278956,0.021207177814029365,0.22185970636215335,0.04567699836867863,0.0016313213703099511,0.0,0.0032626427406199023,0.01957585644371941,0.0,0.004893964110929853,0.008156606851549755,0.0,0.0,0.004893964110929853,0.0032626427406199023,0.0,0.0,0.0,0.33442088091353994,0.0,0.0,0.06199021207177814,0.0,0.0016313213703099511,0.0,1.0,0.09898618,0.09898618,613,0.0
36288,Facundo Pellistri Rebollo,2024,0.0,0.0,0.2277992277992278,0.055984555984555984,0.019305019305019305,0.17953667953667954,0.0019305019305019305,0.019305019305019305,0.017374517374517374,0.013513513513513514,0.03088803088803089,0.0,0.021235521235521235,0.011583011583011582,0.0,0.0,0.003861003861003861,0.021235521235521235,0.0,0.0,0.0,0.1583011583011583,0.0,0.0,0.20270270270270271,0.0019305019305019305,0.005791505791505791,0.007722007722007722,3.0,1.0076606240000001,0.3358868746666667,518,0.0
36359,Carlos Augusto Zambrano Ochandarte,2024,0.0,0.004291845493562232,0.21030042918454936,0.02145922746781116,0.008583690987124463,0.21030042918454936,0.008583690987124463,0.004291845493562232,0.004291845493562232,0.0,0.02575107296137339,0.0,0.012875536480686695,0.012875536480686695,0.0,0.004291845493562232,0.008583690987124463,0.004291845493562232,0.0,0.0,0.0,0.3218884120171674,0.0,0.0,0.12017167381974249,0.004291845493562232,0.008583690987124463,0.004291845493562232,2.0,0.045900687999999995,0.022950343999999998,233,0.0
36520,Miguel Ángel Navarro Zárate,2024,0.0,0.0022222222222222222,0.24222222222222223,0.02666666666666667,0.015555555555555555,0.20444444444444446,0.02666666666666667,0.0044444444444444444,0.0022222222222222222,0.0022222222222222222,0.013333333333333334,0.0,0.008888888888888889,0.0044444444444444444,0.0,0.0,0.013333333333333334,0.0044444444444444444,0.0,0.0,0.0,0.34,0.0,0.0,0.08444444444444445,0.0022222222222222222,0.0022222222222222222,0.0,1.0,0.07980639,0.07980639,450,0.0
36532,Marcelino Ignacio Nuñez Espinoza,2024,0.0,0.0,0.21428571428571427,0.025210084033613446,0.004201680672268907,0.22268907563025211,0.004201680672268907,0.004201680672268907,0.025210084033613446,0.0,0.04201680672268908,0.004201680672268907,0.012605042016806723,0.008403361344537815,0.0,0.004201680672268907,0.004201680672268907,0.008403361344537815,0.0,0.0,0.0,0.2605042016806723,0.0,0.0,0.13445378151260504,0.0,0.012605042016806723,0.008403361344537815,3.0,0.0785468475,0.0261822825,238,0.0
36539,Wilfried Stephane Singo,2023,0.0014947683109118087,0.0,0.23916292974588937,0.03139013452914798,0.004484304932735426,0.23019431988041852,0.026905829596412557,0.004484304932735426,0.0014947683109118087,0.004484304932735426,0.02242152466367713,0.0014947683109118087,0.0014947683109118087,0.016442451420029897,0.0,0.0,0.01046337817638266,0.004484304932735426,0.0,0.0,0.0,0.33183856502242154,0.0,0.0,0.053811659192825115,0.004484304932735426,0.007473841554559043,0.0014947683109118087,5.0,0.231503863,0.0463007726,669,178.18881325836048
36629,Yahia Fofana,2023,0.0,0.0023752969121140144,0.12589073634204276,0.06413301662707839,0.0,0.166270783847981,0.0,0.0,0.0,0.0023752969121140144,0.0,0.0,0.0,0.004750593824228029,0.21377672209026127,0.026128266033254157,0.0,0.0,0.0,0.0,0.0,0.39429928741092635,0.0,0.0,0.0,0.0,0.0,0.0,0.0,0.0,0.0,421,56.97744360902255
36659,Manuel Ugarte Ribeiro,2024,0.0045045045045045045,0.0,0.20945945945945946,0.04391891891891892,0.01463963963963964,0.22297297297297297,0.015765765765765764,0.01126126126126126,0.0033783783783783786,0.00563063063063063,0.03153153153153153,0.0,0.013513513513513514,0.010135135135135136,0.0,0.0022522522522522522,0.0045045045045045045,0.00563063063063063,0.0,0.0,0.0,0.2668918918918919,0.0,0.0,0.125,0.0011261261261261261,0.00563063063063063,0.0022522522522522522,5.0,0.9628101849999999,0.192562037,888,0.0
36710,Sergio Rochet Álvarez,2024,0.0,0.0,0.13903743315508021,0.06417112299465241,0.0,0.18716577540106952,0.0,0.0,0.0,0.0,0.0,0.0053475935828877,0.0,0.0053475935828877,0.21657754010695188,0.013368983957219251,0.0,0.0,0.0,0.0,0.0,0.36363636363636365,0.0,0.0,0.0053475935828877,0.0,0.0,0.0,0.0,0.0,0.0,374,0.0
36799,Kiera Skeels,2020-2021,0.000942507068803016,0.0,0.15457115928369464,0.04995287464655985,0.03204524033930255,0.1696512723845429,0.04429783223374175,0.005655042412818096,0.000942507068803016,0.016022620169651274,0.043355325164938736,0.000942507068803016,0.00942507068803016,0.008482563619227144,0.0,0.001885014137606032,0.024505183788878417,0.000942507068803016,0.0,0.0,0.0,0.26107445805843543,0.0,0.0,0.1705937794533459,0.000942507068803016,0.002827521206409048,0.000942507068803016,3.0,0.2294424796,0.07648082653333334,1061,109.87228167069382
36800,Aurora Watten Mikalsen,2020-2021,0.0,0.0,0.1547085201793722,0.04932735426008968,0.002242152466367713,0.2085201793721973,0.0,0.0,0.002242152466367713,0.0,0.0,0.002242152466367713,0.002242152466367713,0.002242152466367713,0.17040358744394618,0.013452914798206279,0.0,0.0,0.0,0.0,0.0,0.3901345291479821,0.0,0.0,0.002242152466367713,0.0,0.0,0.0,0.0,0.0,0.0,446,84.50526315789473
36801,Aimee Palmer,2020-2021,0.0,0.0,0.18425460636515914,0.05778894472361809,0.02847571189279732,0.17420435510887772,0.01675041876046901,0.011725293132328308,0.011725293132328308,0.01423785594639866,0.02680067001675042,0.0008375209380234506,0.008375209380234505,0.005025125628140704,0.0,0.0033500837520938024,0.02680067001675042,0.011725293132328308,0.0,0.0,0.0,0.2537688442211055,0.0,0.0,0.1507537688442211,0.0,0.005862646566164154,0.007537688442211055,7.0,0.1007976205,0.014399660071428571,1194,119.29396092362344
36801,Aimee Palmer,2023-2024,0.0058309037900874635,0.0,0.2230320699708455,0.043731778425655975,0.021865889212827987,0.19970845481049562,0.01020408163265306,0.0029154518950437317,0.0029154518950437317,0.008746355685131196,0.018950437317784258,0.0,0.004373177842565598,0.0014577259475218659,0.0,0.0,0.007288629737609329,0.0014577259475218659,0.0014577259475218659,0.0,0.0,0.2944606413994169,0.0,0.0,0.13994169096209913,0.0014577259475218659,0.0058309037900874635,0.004373177842565598,4.0,0.211376431,0.05284410775,686,188.86509635974306
36813,Janio Bikel Figueiredo Silva,2023,0.0045045045045045045,0.0,0.2635135135135135,0.02252252252252252,0.006756756756756757,0.23648648648648649,0.006756756756756757,0.0,0.006756756756756757,0.0045045045045045045,0.015765765765765764,0.0,0.01126126126126126,0.0022522522522522522,0.0,0.0022522522522522522,0.0022522522522522522,0.0022522522522522522,0.0,0.0,0.0,0.30855855855855857,0.0,0.0,0.1036036036036036,0.0,0.0,0.0,0.0,0.0,0.0,444,0.0
36830,Joseph Scally,2023-2024,0.0,0.0,0.22764227642276422,0.02032520325203252,0.024390243902439025,0.21138211382113822,0.044715447154471545,0.012195121951219513,0.0040650406504065045,0.008130081300813009,0.012195121951219513,0.0,0.012195121951219513,0.012195121951219513,0.0,0.0,0.012195121951219513,0.0,0.0,0.0,0.0,0.2601626016260163,0.0,0.0,0.13414634146341464,0.0,0.0040650406504065045,0.0,1.0,0.0070148637,0.0070148637,246,0.0
36830,Joseph Scally,2024,0.005714285714285714,0.0,0.24285714285714285,0.025714285714285714,0.011428571428571429,0.20857142857142857,0.014285714285714285,0.005714285714285714,0.008571428571428572,0.002857142857142857,0.025714285714285714,0.0,0.002857142857142857,0.03142857142857143,0.0,0.005714285714285714,0.002857142857142857,0.005714285714285714,0.0,0.0,0.0,0.3142857142857143,0.002857142857142857,0.002857142857142857,0.07428571428571429,0.0,0.002857142857142857,0.002857142857142857,1.0,0.018759776,0.018759776,350,0.0
36917,José Andrés Martínez Torres,2024,0.0030349013657056147,0.0,0.20637329286798178,0.057663125948406675,0.018209408194233688,0.22610015174506828,0.01669195751138088,0.0030349013657056147,0.010622154779969651,0.004552352048558422,0.036418816388467376,0.0,0.010622154779969651,0.012139605462822459,0.0,0.0030349013657056147,0.0030349013657056147,0.009104704097116844,0.0,0.0,0.0,0.2716236722306525,0.0015174506828528073,0.0015174506828528073,0.09711684370257967,0.0,0.006069802731411229,0.0015174506828528073,4.0,0.19499745400000001,0.048749363500000004,659,0.0
36949,Julio José González Vela-Alvizu,2024,0.0,0.0,0.2332155477031802,0.03180212014134275,0.0,0.20848056537102475,0.0,0.0,0.0,0.0,0.0,0.0,0.0,0.0,0.14840989399293286,0.007067137809187279,0.0,0.0,0.0,0.0,0.0,0.3710247349823322,0.0,0.0,0.0,0.0,0.0,0.0,0.0,0.0,0.0,283,89.36842105263158
36951,Babacar Niasse,2023,0.0,0.0,0.08487084870848709,0.04797047970479705,0.0,0.12915129151291513,0.0,0.0,0.0,0.0,0.0,0.0,0.0036900369003690036,0.0036900369003690036,0.30996309963099633,0.007380073800738007,0.0,0.0,0.0,0.0,0.0,0.4059040590405904,0.0,0.0,0.007380073800738007,0.0,0.0,0.0,0.0,0.0,0.0,271,64.1842105263158
37070,Luis Fernando Haquín Lopez,2024,0.0,0.0,0.24444444444444444,0.024444444444444446,0.03111111111111111,0.22,0.03777777777777778,0.0022222222222222222,0.0,0.008888888888888889,0.013333333333333334,0.0,0.006666666666666667,0.008888888888888889,0.0,0.0022222222222222222,0.008888888888888889,0.0022222222222222222,0.0,0.0,0.0,0.30444444444444446,0.0,0.0,0.08222222222222222,0.0,0.0022222222222222222,0.0,1.0,0.026651207,0.026651207,450,0.0
37726,Moisés Isaac Caicedo Corozo,2024,0.005970149253731343,0.0,0.21641791044776118,0.04477611940298507,0.020895522388059702,0.21641791044776118,0.007462686567164179,0.011940298507462687,0.014925373134328358,0.004477611940298508,0.029850746268656716,0.0,0.01791044776119403,0.01791044776119403,0.0,0.005970149253731343,0.008955223880597015,0.005970149253731343,0.0,0.0,0.0,0.26865671641791045,0.0014925373134328358,0.0014925373134328358,0.09402985074626866,0.0,0.004477611940298508,0.0,3.0,0.0984543208,0.032818106933333334,670,0.0
37737,Angelo Smit Preciado Quiñónez,2024,0.0021691973969631237,0.0,0.15835140997830802,0.052060737527114966,0.01735357917570499,0.1822125813449024,0.039045553145336226,0.004338394793926247,0.021691973969631236,0.006507592190889371,0.026030368763557483,0.0021691973969631237,0.015184381778741865,0.019522776572668113,0.0,0.004338394793926247,0.013015184381778741,0.008676789587852495,0.0,0.0,0.0,0.3036876355748373,0.0021691973969631237,0.0021691973969631237,0.1019522776572668,0.004338394793926247,0.010845986984815618,0.0021691973969631237,5.0,0.2190344643,0.04380689286,461,0.0
37945,Alan Steven Franco Palma,2024,0.0,0.0,0.21203438395415472,0.04011461318051576,0.025787965616045846,0.20057306590257878,0.04297994269340974,0.0,0.0,0.0,0.022922636103151862,0.0,0.008595988538681949,0.0028653295128939827,0.0,0.0057306590257879654,0.0057306590257879654,0.0028653295128939827,0.0,0.0,0.0,0.2979942693409742,0.0,0.0,0.1174785100286533,0.0,0.008595988538681949,0.0057306590257879654,3.0,0.12228085500000001,0.040760285,349,0.0
38004,Piero Martín Hincapié Reyna,2023-2024,0.000227842333105491,0.000227842333105491,0.2902711323763955,0.012531328320802004,0.006607427660059239,0.26908179539758487,0.012075643654591022,0.001139211665527455,0.001367053998632946,0.001367053998632946,0.015037593984962405,0.0,0.004101161995898838,0.002506265664160401,0.0,0.000455684666210982,0.003873319662793347,0.001367053998632946,0.0,0.0,0.0,0.3242196400091137,0.0,0.0,0.04784688995215311,0.000227842333105491,0.004101161995898838,0.001367053998632946,18.0,1.888699798,0.10492776655555555,4389,0.0
38004,Piero Martín Hincapié Reyna,2024,0.005628517823639775,0.0,0.20637898686679174,0.024390243902439025,0.0225140712945591,0.1951219512195122,0.020637898686679174,0.005628517823639775,0.009380863039399626,0.001876172607879925,0.03564727954971857,0.0,0.0150093808630394,0.0150093808630394,0.0,0.001876172607879925,0.0075046904315197,0.005628517823639775,0.00375234521575985,0.0,0.0,0.3170731707317073,0.0,0.0,0.1050656660412758,0.0,0.001876172607879925,0.0,1.0,0.0073528504,0.0073528504,533,0.0
38317,Lisa Weiß,2020-2021,0.0,0.0,0.11507293354943274,0.0750945434900054,0.0021609940572663426,0.17017828200972449,0.0010804970286331713,0.0005402485143165856,0.0,0.0010804970286331713,0.0,0.0032414910858995136,0.0010804970286331713,0.0021609940572663426,0.23014586709886548,0.0037817396002160996,0.0,0.0010804970286331713,0.0,0.0,0.0,0.391139924365208,0.0,0.0,0.0021609940572663426,0.0,0.0,0.0,0.0,0.0,0.0,1851,83.50375939849624
38345,Ramiz Larbi Zerrouki,2023,0.0,0.0,0.2868686868686869,0.01616161616161616,0.006060606060606061,0.2545454545454545,0.006060606060606061,0.00404040404040404,0.00202020202020202,0.00202020202020202,0.01818181818181818,0.00202020202020202,0.012121212121212121,0.00202020202020202,0.0,0.0,0.014141414141414142,0.0,0.0,0.0,0.0,0.3090909090909091,0.0,0.0,0.06464646464646465,0.0,0.0,0.0,0.0,0.0,0.0,495,0.0
38718,Enzo Fernandez,2024,0.0039946737683089215,0.0,0.27030625832223704,0.03062583222370173,0.007989347536617843,0.24900133155792276,0.006657789613848202,0.002663115845539281,0.0013315579227696406,0.006657789613848202,0.013315579227696404,0.0,0.005326231691078562,0.009320905459387484,0.0,0.0013315579227696406,0.0039946737683089215,0.006657789613848202,0.0,0.0,0.0,0.28894806924101196,0.0,0.0,0.07856191744340879,0.0013315579227696406,0.007989347536617843,0.0039946737683089215,6.0,0.389776587,0.0649627645,751,186.60960795140807
39073,Moriba Kourouma Kourouma,2023,0.0,0.0,0.2391304347826087,0.043478260869565216,0.008152173913043478,0.23369565217391305,0.0,0.01358695652173913,0.005434782608695652,0.002717391304347826,0.016304347826086956,0.0,0.01358695652173913,0.029891304347826088,0.0,0.002717391304347826,0.010869565217391304,0.002717391304347826,0.0,0.0,0.0,0.28532608695652173,0.0,0.0,0.07880434782608696,0.0,0.008152173913043478,0.005434782608695652,3.0,0.21736466200000001,0.07245488733333334,368,0.0
39160,Bartol Franjić,2023-2024,0.0,0.0,0.20982142857142858,0.022321428571428572,0.017857142857142856,0.19196428571428573,0.04017857142857143,0.004464285714285714,0.017857142857142856,0.008928571428571428,0.013392857142857142,0.0,0.004464285714285714,0.0,0.0,0.0,0.03571428571428571,0.013392857142857142,0.0,0.0,0.0,0.2544642857142857,0.0,0.0,0.16071428571428573,0.0,0.0,0.004464285714285714,0.0,0.0,0.0,224,114.93728620296464
39167,Xavi Simons,2023-2024,0.008264462809917356,0.0,0.23553719008264462,0.03305785123966942,0.008264462809917356,0.24793388429752067,0.004132231404958678,0.01652892561983471,0.01652892561983471,0.01652892561983471,0.012396694214876033,0.0,0.012396694214876033,0.008264462809917356,0.0,0.008264462809917356,0.008264462809917356,0.02066115702479339,0.0,0.0,0.0,0.21074380165289255,0.004132231404958678,0.004132231404958678,0.1115702479338843,0.0,0.004132231404958678,0.008264462809917356,1.0,0.069489375,0.069489375,242,150.20689655172413
39360,Angelo Stiller,2023-2024,0.003968253968253968,0.0,0.26587301587301587,0.023809523809523808,0.007936507936507936,0.24206349206349206,0.007936507936507936,0.007936507936507936,0.0,0.0,0.011904761904761904,0.0,0.003968253968253968,0.0,0.0,0.0,0.007936507936507936,0.003968253968253968,0.0,0.0,0.0,0.3134920634920635,0.0,0.0,0.09523809523809523,0.0,0.003968253968253968,0.0,1.0,0.040256012,0.040256012,252,238.73684210526315
39460,Nicolas Seiwald,2023-2024,0.0,0.0,0.2145748987854251,0.02834008097165992,0.012145748987854251,0.22672064777327935,0.0,0.004048582995951417,0.004048582995951417,0.008097165991902834,0.012145748987854251,0.0,0.012145748987854251,0.0,0.0,0.004048582995951417,0.012145748987854251,0.004048582995951417,0.0,0.0,0.0,0.2591093117408907,0.0,0.0,0.1902834008097166,0.0,0.0,0.008097165991902834,0.0,0.0,0.0,247,163.8172439204127
39559,Aguibou Camara,2023,0.0,0.0,0.2710765239948119,0.023346303501945526,0.019455252918287938,0.19455252918287938,0.0038910505836575876,0.0025940337224383916,0.007782101167315175,0.005188067444876783,0.02204928664072633,0.0,0.019455252918287938,0.010376134889753566,0.0,0.0038910505836575876,0.00648508430609598,0.02464332036316472,0.0,0.0,0.0,0.22697795071335927,0.0012970168612191958,0.0012970168612191958,0.14915693904020752,0.0,0.00648508430609598,0.0,5.0,0.4931226345,0.0986245269,771,146.0842105263158
39565,Jamal Musiala,2023-2024,0.0,0.0,0.26356589147286824,0.015503875968992248,0.007751937984496124,0.2441860465116279,0.0,0.027131782945736434,0.015503875968992248,0.011627906976744186,0.015503875968992248,0.0,0.003875968992248062,0.023255813953488372,0.0,0.0,0.003875968992248062,0.01937984496124031,0.0,0.0,0.0,0.20155038759689922,0.0,0.0,0.13953488372093023,0.0,0.003875968992248062,0.003875968992248062,1.0,0.046734728,0.046734728,258,200.5181347150259
39713,Johan Cruyff,1970-1971,0.012345679012345678,0.0,0.3168724279835391,0.03292181069958848,0.0,0.26337448559670784,0.0,0.024691358024691357,0.06172839506172839,0.0,0.01646090534979424,0.0,0.00411522633744856,0.024691358024691357,0.0,0.0,0.0,0.00411522633744856,0.0,0.0,0.0,0.18930041152263374,0.0,0.0,0.03292181069958848,0.0,0.01646090534979424,0.0,4.0,0.45375611,0.1134390275,243,230.21052631578948
39713,Johan Cruyff,1972-1973,0.0,0.0,0.36764705882352944,0.029411764705882353,0.004901960784313725,0.20098039215686275,0.004901960784313725,0.014705882352941176,0.0196078431372549,0.00980392156862745,0.0196078431372549,0.0,0.00980392156862745,0.0196078431372549,0.0,0.0,0.0,0.014705882352941176,0.0,0.0,0.0,0.20588235294117646,0.0,0.0,0.05392156862745098,0.0,0.024509803921568627,0.0,5.0,0.2844809523,0.056896190459999996,204,193.26315789473685
39720,Ruud Krol,1972-1973,0.0049504950495049506,0.0,0.2376237623762376,0.034653465346534656,0.0049504950495049506,0.2079207920792079,0.04455445544554455,0.0049504950495049506,0.01485148514851485,0.0049504950495049506,0.0297029702970297,0.0,0.0049504950495049506,0.0,0.0,0.0,0.0049504950495049506,0.0,0.0,0.0,0.0,0.297029702970297,0.0,0.0,0.09405940594059406,0.0,0.009900990099009901,0.0,2.0,0.054882901,0.0274414505,202,191.36842105263156
39921,Bernd Schuster,1983-1984,0.0,0.0,0.26666666666666666,0.020833333333333332,0.008333333333333333,0.24583333333333332,0.004166666666666667,0.025,0.016666666666666666,0.016666666666666666,0.008333333333333333,0.0,0.016666666666666666,0.0125,0.0,0.0,0.0,0.020833333333333332,0.0,0.0,0.0,0.3,0.0,0.0,0.029166666666666667,0.0,0.008333333333333333,0.0,2.0,0.12986315599999998,0.06493157799999999,240,227.36842105263156
40128,Jannick Buyla Sam,2023,0.00796812749003984,0.0,0.26294820717131473,0.035856573705179286,0.00796812749003984,0.22310756972111553,0.0199203187250996,0.01593625498007968,0.00796812749003984,0.00398406374501992,0.02390438247011952,0.0,0.01195219123505976,0.00796812749003984,0.0,0.0,0.00398406374501992,0.01195219123505976,0.0,0.0,0.0,0.21912350597609562,0.0,0.0,0.12350597609561753,0.0,0.00398406374501992,0.00796812749003984,1.0,0.25166512,0.25166512,251,0.0
40185,Junior Castello Lukeba,2023-2024,0.0,0.0,0.2943396226415094,0.007547169811320755,0.01509433962264151,0.29056603773584905,0.007547169811320755,0.0,0.0037735849056603774,0.0,0.007547169811320755,0.0,0.0037735849056603774,0.0,0.0,0.0,0.0,0.0,0.0,0.0,0.0,0.3320754716981132,0.0,0.0,0.03773584905660377,0.0,0.0,0.0,0.0,0.0,0.0,265,185.6031128404669
40211,Jeremy Leonel Sarmiento Morante,2024,0.005571030640668524,0.0,0.1977715877437326,0.06685236768802229,0.011142061281337047,0.22562674094707522,0.008356545961002786,0.019498607242339833,0.03064066852367688,0.013927576601671309,0.04456824512534819,0.0,0.008356545961002786,0.027855153203342618,0.0,0.0,0.005571030640668524,0.027855153203342618,0.0,0.0,0.0,0.14484679665738162,0.0,0.0,0.12813370473537605,0.005571030640668524,0.016713091922005572,0.011142061281337047,6.0,0.38594831,0.06432471833333334,359,0.0
40467,Peter Niemeyer,2015-2016,0.008928571428571428,0.0,0.08928571428571429,0.05357142857142857,0.026785714285714284,0.07589285714285714,0.04017857142857143,0.004464285714285714,0.0,0.044642857142857144,0.07142857142857142,0.0,0.04017857142857143,0.0,0.0,0.004464285714285714,0.013392857142857142,0.004464285714285714,0.0,0.0,0.0,0.21875,0.0,0.0,0.29910714285714285,0.0,0.004464285714285714,0.0,1.0,0.023616705,0.023616705,224,106.10526315789473
40477,Jan Rosenthal,2015-2016,0.004464285714285714,0.0,0.32589285714285715,0.026785714285714284,0.004464285714285714,0.125,0.004464285714285714,0.008928571428571428,0.008928571428571428,0.0,0.05803571428571429,0.0,0.017857142857142856,0.013392857142857142,0.0,0.004464285714285714,0.0,0.022321428571428572,0.0,0.0,0.0,0.17857142857142858,0.004464285714285714,0.004464285714285714,0.16517857142857142,0.0,0.013392857142857142,0.008928571428571428,3.0,0.45698605,0.15232868333333333,224,132.28346456692913
40485,Ryan Isaac Mendes da Graça,2023,0.0014992503748125937,0.0,0.2848575712143928,0.037481259370314844,0.004497751124437781,0.22938530734632684,0.013493253373313344,0.017991004497751123,0.022488755622188907,0.005997001499250375,0.014992503748125937,0.0,0.014992503748125937,0.010494752623688156,0.0,0.0029985007496251873,0.0029985007496251873,0.01649175412293853,0.0,0.0,0.0,0.21889055472263869,0.0014992503748125937,0.0014992503748125937,0.08245877061469266,0.0014992503748125937,0.008995502248875561,0.004497751124437781,6.0,1.4278855419999998,0.23798092366666665,667,0.0
40538,Jin-Su Kim,2015-2016,0.0,0.0,0.18834080717488788,0.02242152466367713,0.02242152466367713,0.15246636771300448,0.03139013452914798,0.004484304932735426,0.004484304932735426,0.008968609865470852,0.026905829596412557,0.0,0.02242152466367713,0.017937219730941704,0.0,0.0,0.013452914798206279,0.013452914798206279,0.0,0.0,0.0,0.3273542600896861,0.0,0.0,0.14349775784753363,0.0,0.0,0.0,0.0,0.0,0.0,223,0.0
40724,Florian Wirtz,2023-2024,0.002350013823610727,0.0002764722145424385,0.2998341166712745,0.022256013270666297,0.008017694221730716,0.2449543820846005,0.000552944429084877,0.014238319048935582,0.01672656897981753,0.0024882499308819463,0.009538291401714128,0.0,0.0035941387890517005,0.004700027647221454,0.0,0.0002764722145424385,0.002211777716339508,0.01105888858169754,0.0,0.0,0.0,0.2544926734863146,0.00013823610727121925,0.00013823610727121925,0.08999170583356372,0.0,0.009814763616256566,0.002350013823610727,71.0,8.470831041,0.11930747945070423,7234,264.776932774818
40761,Omar Marmoush,2023,0.002688172043010753,0.0,0.27419354838709675,0.03494623655913978,0.008064516129032258,0.23118279569892472,0.002688172043010753,0.008064516129032258,0.051075268817204304,0.005376344086021506,0.013440860215053764,0.0,0.010752688172043012,0.026881720430107527,0.0,0.002688172043010753,0.005376344086021506,0.01881720430107527,0.0,0.0,0.0,0.17473118279569894,0.0,0.0,0.09946236559139784,0.0,0.024193548387096774,0.005376344086021506,9.0,1.4794514959999998,0.16438349955555553,372,153.50756533700138
40852,Lucas Bernardi,2003-2004,0.0,0.0,0.2594142259414226,0.016736401673640166,0.02092050209205021,0.22594142259414227,0.0,0.0041841004184100415,0.012552301255230125,0.029288702928870293,0.016736401673640166,0.0,0.0041841004184100415,0.0041841004184100415,0.0,0.0,0.0041841004184100415,0.0,0.0,0.0,0.0,0.26778242677824265,0.0,0.0,0.13389121338912133,0.0,0.0,0.0,0.0,0.0,0.0,239,226.42105263157893
40985,Kaylan Marckese,2023-2024,0.0,0.0,0.14411764705882352,0.026470588235294117,0.0,0.17352941176470588,0.0029411764705882353,0.0,0.0,0.0,0.0,0.008823529411764706,0.0,0.0029411764705882353,0.24705882352941178,0.01764705882352941,0.0,0.0,0.0,0.0,0.0,0.3735294117647059,0.0,0.0,0.0,0.0,0.0,0.0029411764705882353,0.0,0.0,0.0,340,90.72042691965609
41052,Fali Candé,2023,0.0,0.0,0.2691029900332226,0.016611295681063124,0.009966777408637873,0.2292358803986711,0.013289036544850499,0.0033222591362126247,0.006644518272425249,0.006644518272425249,0.0033222591362126247,0.0,0.009966777408637873,0.006644518272425249,0.0,0.0033222591362126247,0.0033222591362126247,0.006644518272425249,0.0,0.0,0.0,0.3588039867109635,0.0,0.0,0.03986710963455149,0.0,0.013289036544850499,0.0,4.0,0.0797651413,0.019941285325,301,132.14634146341464
41266,Chris Richards,2024,0.002325581395348837,0.002325581395348837,0.27674418604651163,0.011627906976744186,0.011627906976744186,0.24651162790697675,0.018604651162790697,0.0,0.0,0.0,0.01627906976744186,0.0,0.004651162790697674,0.0,0.0,0.0,0.009302325581395349,0.0,0.0,0.0,0.0,0.3372093023255814,0.0,0.0,0.05813953488372093,0.0,0.004651162790697674,0.0,2.0,0.17944119,0.089720595,430,135.78947368421052
41381,Anthony Louis Mandréa,2023,0.0,0.0,0.14691943127962084,0.061611374407582936,0.0,0.1895734597156398,0.0,0.0,0.0,0.0,0.0,0.0,0.0,0.014218009478672985,0.1895734597156398,0.03317535545023697,0.0,0.0,0.0,0.0,0.0,0.36492890995260663,0.0,0.0,0.0,0.0,0.0,0.0,0.0,0.0,0.0,211,0.0
41411,Nathan Tella,2023-2024,0.0006430868167202572,0.0,0.2797427652733119,0.02829581993569132,0.013504823151125401,0.23279742765273312,0.005787781350482315,0.015434083601286173,0.02122186495176849,0.0045016077170418,0.020578778135048232,0.0,0.00707395498392283,0.012861736334405145,0.0,0.003215434083601286,0.003215434083601286,0.010289389067524116,0.0006430868167202572,0.0,0.0,0.21993569131832796,0.0006430868167202572,0.0006430868167202572,0.10032154340836012,0.0006430868167202572,0.013504823151125401,0.0045016077170418,21.0,3.762631941,0.17917294957142857,1555,155.18962075848304
41593,Willian Joel Pacho Tenorio,2023-2024,0.010526315789473684,0.0,0.2657894736842105,0.031578947368421054,0.018421052631578946,0.25526315789473686,0.018421052631578946,0.0,0.0,0.005263157894736842,0.007894736842105263,0.0,0.0,0.002631578947368421,0.0,0.002631578947368421,0.005263157894736842,0.0,0.0,0.0,0.0,0.33157894736842103,0.0,0.0,0.039473684210526314,0.002631578947368421,0.002631578947368421,0.0,1.0,0.05442568,0.05442568,380,0.0
41593,Willian Joel Pacho Tenorio,2024,0.0,0.0,0.2529182879377432,0.013618677042801557,0.019455252918287938,0.22762645914396887,0.05252918287937743,0.0019455252918287938,0.0,0.0038910505836575876,0.021400778210116732,0.0,0.0038910505836575876,0.0019455252918287938,0.0,0.0,0.007782101167315175,0.0,0.0,0.0,0.0,0.3346303501945525,0.0,0.0,0.05252918287937743,0.005836575875486381,0.0,0.0,0.0,0.0,0.0,514,0.0
41812,Ruby Mace,2020-2021,0.0008904719501335708,0.0,0.17542297417631345,0.04363312555654497,0.017809439002671415,0.19056099732858414,0.05609973285841496,0.009795191451469279,0.007123775601068566,0.009795191451469279,0.041852181656277826,0.0,0.003561887800534283,0.0017809439002671415,0.0,0.004452359750667854,0.017809439002671415,0.004452359750667854,0.0,0.0,0.0,0.27337488869100623,0.0,0.0,0.13446126447016918,0.0008904719501335708,0.005342831700801425,0.0008904719501335708,6.0,1.046897648,0.17448294133333334,1123,94.55515015436428
41812,Ruby Mace,2023-2024,0.0,0.0,0.28085106382978725,0.03404255319148936,0.00851063829787234,0.225531914893617,0.01276595744680851,0.00425531914893617,0.00425531914893617,0.0,0.02553191489361702,0.0,0.0,0.00425531914893617,0.0,0.0,0.0,0.01702127659574468,0.0,0.0,0.0,0.30638297872340425,0.0,0.0,0.06808510638297872,0.0,0.00851063829787234,0.0,2.0,0.13289120399999999,0.06644560199999999,235,238.71331828442436
42527,Sphephelo S''Miso Sithole,2023,0.003316749585406302,0.0,0.24792703150912107,0.029850746268656716,0.012437810945273632,0.236318407960199,0.005804311774461028,0.007462686567164179,0.007462686567164179,0.006633499170812604,0.020729684908789386,0.0008291873963515755,0.014096185737976783,0.012437810945273632,0.0,0.0008291873963515755,0.0041459369817578775,0.0041459369817578775,0.0,0.0,0.0,0.2752902155887231,0.0,0.0,0.10364842454394693,0.0008291873963515755,0.0041459369817578775,0.001658374792703151,5.0,0.311371431,0.062274286199999994,1206,171.9309361634722
42787,Mackenzie Arnold,2020-2021,0.0,0.0,0.18874019381633594,0.06229810798338717,0.0,0.22565759113982464,0.00046146746654360867,0.0,0.0,0.0009229349330872173,0.0,0.0009229349330872173,0.00046146746654360867,0.0013844023996308261,0.13613290263036457,0.00046146746654360867,0.0,0.0,0.0,0.0,0.0,0.3784033225657591,0.0,0.0,0.0036917397323488694,0.00046146746654360867,0.0,0.0,0.0,0.0,0.0,2167,128.30921052631578
42787,Mackenzie Arnold,2023-2024,0.0,0.0,0.20023282887077998,0.0446255335661622,0.00038804811796662784,0.23282887077997672,0.0,0.00038804811796662784,0.00038804811796662784,0.0,0.0,0.0019402405898331393,0.0,0.0011641443538998836,0.14241365929375244,0.006596818005432673,0.0,0.00038804811796662784,0.0,0.0,0.0,0.3674815677143966,0.0,0.0,0.0011641443538998836,0.0,0.0,0.0,0.0,0.0,0.0,2577,128.4930747922438
42836,Ella Powell,2023-2024,0.000892458723784025,0.0004462293618920125,0.1958946898705935,0.04417670682730924,0.0214190093708166,0.19767960731816153,0.027666220437304774,0.006693440428380187,0.019187862561356538,0.012940651494868362,0.024096385542168676,0.0,0.002677376171352075,0.006247211066488175,0.0,0.002677376171352075,0.019187862561356538,0.0142793395805444,0.0,0.0004462293618920125,0.0,0.26639892904953144,0.0013386880856760374,0.0013386880856760374,0.12672913877733155,0.000892458723784025,0.0022311468094600626,0.004462293618920125,5.0,0.5476668803,0.10953337605999999,2241,130.67055393586006
43072,Jean-Philippe Krasso,2023,0.003105590062111801,0.0,0.2919254658385093,0.027950310559006212,0.015527950310559006,0.19254658385093168,0.018633540372670808,0.024844720496894408,0.037267080745341616,0.003105590062111801,0.031055900621118012,0.0,0.018633540372670808,0.015527950310559006,0.0,0.0,0.003105590062111801,0.034161490683229816,0.0,0.0,0.0,0.13043478260869565,0.0,0.0,0.12111801242236025,0.0,0.021739130434782608,0.009316770186335404,7.0,0.669884818,0.09569783114285714,322,110.99195710455763
43565,Min Jae Kim,2023-2024,0.0,0.0,0.29887218045112784,0.015037593984962405,0.013157894736842105,0.26127819548872183,0.007518796992481203,0.0,0.0,0.0037593984962406013,0.015037593984962405,0.0,0.0,0.0018796992481203006,0.0,0.0,0.009398496240601503,0.0018796992481203006,0.0,0.0,0.0,0.33458646616541354,0.0,0.0,0.03571428571428571,0.0,0.0018796992481203006,0.0,1.0,0.07818774,0.07818774,532,251.99999999999997
43779,Calvin Bassey Ughelumba,2023,0.001141552511415525,0.00228310502283105,0.2363013698630137,0.02054794520547945,0.0228310502283105,0.22031963470319635,0.0273972602739726,0.00228310502283105,0.0045662100456621,0.001141552511415525,0.02511415525114155,0.0,0.007990867579908675,0.007990867579908675,0.0,0.003424657534246575,0.005707762557077625,0.005707762557077625,0.0,0.0,0.0,0.3047945205479452,0.001141552511415525,0.001141552511415525,0.0958904109589041,0.0,0.00228310502283105,0.0,2.0,0.61116288,0.30558144,876,0.0
43920,Mohamed Konaté,2023,0.0,0.0,0.41350210970464135,0.012658227848101266,0.004219409282700422,0.0970464135021097,0.0,0.016877637130801686,0.0,0.0,0.04219409282700422,0.0,0.046413502109704644,0.004219409282700422,0.0,0.0,0.0,0.03375527426160337,0.0,0.0,0.0,0.10126582278481013,0.0,0.0,0.18565400843881857,0.0,0.03375527426160337,0.008438818565400843,8.0,0.706701649,0.088337706125,237,87.77777777777777
44305,César Rodolfo Blackman Camarena,2024,0.006872852233676976,0.0,0.281786941580756,0.027491408934707903,0.01718213058419244,0.21305841924398625,0.0,0.006872852233676976,0.010309278350515464,0.006872852233676976,0.01718213058419244,0.0,0.013745704467353952,0.010309278350515464,0.0,0.003436426116838488,0.0,0.006872852233676976,0.0,0.0,0.0,0.24054982817869416,0.0,0.0,0.11683848797250859,0.0,0.013745704467353952,0.006872852233676976,4.0,0.180458799,0.04511469975,291,0.0
44307,Cédric Badolo,2023,0.008620689655172414,0.0,0.28879310344827586,0.04310344827586207,0.008620689655172414,0.22413793103448276,0.0,0.017241379310344827,0.008620689655172414,0.008620689655172414,0.004310344827586207,0.0,0.01293103448275862,0.0,0.0,0.0,0.004310344827586207,0.004310344827586207,0.0,0.0,0.0,0.27586206896551724,0.0,0.0,0.07758620689655173,0.0,0.004310344827586207,0.008620689655172414,1.0,0.0073919147,0.0073919147,232,116.25835189309578
44402,Kings Kangwa,2023,0.003401360544217687,0.0,0.29931972789115646,0.017006802721088437,0.013605442176870748,0.21428571428571427,0.003401360544217687,0.0,0.0,0.003401360544217687,0.01020408163265306,0.003401360544217687,0.006802721088435374,0.017006802721088437,0.0,0.0,0.0,0.013605442176870748,0.0,0.0,0.0,0.2857142857142857,0.0,0.0,0.09183673469387756,0.0,0.01020408163265306,0.006802721088435374,3.0,0.18084261,0.06028086999999999,294,137.7407600208225
44455,Sávio Moreira de Oliveira,2024,0.0,0.0,0.2755905511811024,0.027559055118110236,0.01968503937007874,0.2677165354330709,0.0,0.011811023622047244,0.06299212598425197,0.007874015748031496,0.01968503937007874,0.0,0.003937007874015748,0.007874015748031496,0.0,0.0,0.0,0.011811023622047244,0.0,0.0,0.0,0.1968503937007874,0.0,0.0,0.06692913385826772,0.0,0.015748031496062992,0.003937007874015748,4.0,0.773107393,0.19327684825,254,0.0
44703,Alistair Johnston,2024,0.002288329519450801,0.0011441647597254005,0.20251716247139587,0.019450800915331808,0.020594965675057208,0.1956521739130435,0.013729977116704805,0.0011441647597254005,0.003432494279176201,0.006864988558352402,0.032036613272311214,0.0,0.010297482837528604,0.006864988558352402,0.0,0.002288329519450801,0.010297482837528604,0.002288329519450801,0.0,0.0,0.0,0.32837528604118993,0.0011441647597254005,0.0011441647597254005,0.13615560640732266,0.0,0.0011441647597254005,0.0011441647597254005,1.0,0.011283025,0.011283025,874,146.69899291309213
44751,Lameck Banda,2023,0.003436426116838488,0.003436426116838488,0.26804123711340205,0.044673539518900345,0.003436426116838488,0.22336769759450173,0.0,0.013745704467353952,0.041237113402061855,0.0,0.01718213058419244,0.0,0.020618556701030927,0.020618556701030927,0.0,0.003436426116838488,0.0,0.01718213058419244,0.0,0.0,0.0,0.15463917525773196,0.003436426116838488,0.003436426116838488,0.13745704467353953,0.0,0.01718213058419244,0.003436426116838488,5.0,0.20036071,0.040072142,291,130.23371456986573
44955,Aïssa Bilal Laïdouni,2023,0.002544529262086514,0.0,0.24936386768447838,0.027989821882951654,0.017811704834605598,0.20865139949109415,0.017811704834605598,0.002544529262086514,0.002544529262086514,0.005089058524173028,0.02544529262086514,0.0,0.010178117048346057,0.020356234096692113,0.0,0.0,0.0,0.0,0.0,0.0,0.0,0.272264631043257,0.0,0.0,0.13486005089058525,0.0,0.002544529262086514,0.0,1.0,0.025763445,0.025763445,393,0.0
44955,Aïssa Bilal Laïdouni,2023-2024,0.0,0.0,0.24066390041493776,0.024896265560165973,0.008298755186721992,0.22406639004149378,0.008298755186721992,0.008298755186721992,0.0,0.008298755186721992,0.02074688796680498,0.0,0.0,0.008298755186721992,0.0,0.0,0.024896265560165973,0.008298755186721992,0.0,0.0,0.0,0.26141078838174275,0.0,0.0,0.14937759336099585,0.0,0.004149377593360996,0.0,1.0,0.017184673,0.017184673,241,0.0
45115,Enzo Millot,2023-2024,0.0,0.0,0.2608695652173913,0.02608695652173913,0.0,0.263768115942029,0.002898550724637681,0.011594202898550725,0.002898550724637681,0.0,0.014492753623188406,0.002898550724637681,0.014492753623188406,0.002898550724637681,0.0,0.0,0.002898550724637681,0.002898550724637681,0.0,0.0,0.0,0.28405797101449276,0.0,0.0,0.10144927536231885,0.0,0.0,0.005797101449275362,0.0,0.0,0.0,345,223.0603448275862
45156,Malin Gut,2020-2021,0.0006978367062107466,0.0,0.25889741800418703,0.03558967201674808,0.0104675505931612,0.2602930914166085,0.006978367062107467,0.006978367062107467,0.00628053035589672,0.009769713886950453,0.011165387299371946,0.0,0.00209351011863224,0.00209351011863224,0.0,0.0034891835310537334,0.0034891835310537334,0.00628053035589672,0.0,0.0,0.0,0.2854152128401954,0.0,0.0,0.08443824145150035,0.0,0.0027913468248429866,0.0027913468248429866,4.0,0.36220478300000003,0.09055119575000001,1433,176.98641416220664
45466,Gustavo Fabrice Sangaré,2023,0.004464285714285714,0.0,0.25892857142857145,0.03794642857142857,0.004464285714285714,0.24330357142857142,0.002232142857142857,0.004464285714285714,0.013392857142857142,0.004464285714285714,0.020089285714285716,0.0,0.013392857142857142,0.015625,0.0,0.002232142857142857,0.002232142857142857,0.013392857142857142,0.0,0.0,0.0,0.234375,0.0,0.0,0.11830357142857142,0.0,0.002232142857142857,0.004464285714285714,1.0,0.059589896,0.059589896,448,0.0
45557,Logan Costa,2023,0.0011876484560570072,0.0,0.27197149643705465,0.017814726840855107,0.015439429928741092,0.24228028503562946,0.028503562945368172,0.0,0.0011876484560570072,0.0023752969121140144,0.015439429928741092,0.0,0.0023752969121140144,0.0011876484560570072,0.0,0.0,0.009501187648456057,0.0,0.0,0.0,0.0,0.3527315914489311,0.0,0.0,0.03681710213776722,0.0011876484560570072,0.0,0.0,0.0,0.0,0.0,842,159.53684210526316
45737,Martina Piemonte,2023-2024,0.0020718232044198894,0.0,0.31215469613259667,0.029696132596685083,0.019337016574585635,0.18024861878453038,0.006906077348066298,0.019337016574585635,0.015193370165745856,0.003453038674033149,0.016574585635359115,0.0,0.014502762430939226,0.012430939226519336,0.0,0.003453038674033149,0.0027624309392265192,0.024171270718232045,0.0,0.0,0.0,0.16298342541436464,0.0013812154696132596,0.0013812154696132596,0.14502762430939226,0.0,0.022099447513812154,0.004834254143646409,32.0,4.1230428032,0.1288450876,1448,143.6824696802646
46258,Azzedine Ounahi,2023,0.0012642225031605564,0.0,0.3008849557522124,0.022756005056890013,0.0050568900126422255,0.2743362831858407,0.0,0.007585335018963337,0.015170670037926675,0.0025284450063211127,0.006321112515802781,0.0,0.0012642225031605564,0.015170670037926675,0.0,0.0025284450063211127,0.0,0.006321112515802781,0.0,0.0,0.0,0.2743362831858407,0.0025284450063211127,0.0025284450063211127,0.04677623261694058,0.0,0.008849557522123894,0.0037926675094816687,7.0,0.496670124,0.07095287485714286,791,210.18600531443755
46459,Katja Snoeijs,2023-2024,0.0018001800180018,0.0,0.30018001800180016,0.025202520252025202,0.012151215121512151,0.16336633663366337,0.00765076507650765,0.009900990099009901,0.008100810081008101,0.0067506750675067504,0.024302430243024302,0.0,0.008550855085508551,0.0049504950495049506,0.0,0.0027002700270027003,0.004500450045004501,0.020702070207020702,0.00045004500450045,0.0,0.0,0.17236723672367238,0.0018001800180018,0.0018001800180018,0.20747074707470747,0.00045004500450045,0.011251125112511251,0.0036003600360036,25.0,3.708375097,0.14833500387999998,2222,125.79732024910359
46533,Ramona Petzelberger,2020-2021,0.0,0.0,0.26586506346025385,0.03206412825651302,0.01068804275217101,0.1903807615230461,0.002004008016032064,0.014696058784235137,0.01603206412825651,0.012024048096192385,0.02738810955243821,0.0,0.008016032064128256,0.007348029392117568,0.0,0.002004008016032064,0.012024048096192385,0.01603206412825651,0.0,0.0,0.0,0.20240480961923848,0.002004008016032064,0.002004008016032064,0.1690046760187041,0.0,0.006012024048096192,0.002004008016032064,9.0,1.770267956,0.19669643955555557,1497,162.4819102749638
46533,Ramona Petzelberger,2023-2024,0.00322061191626409,0.0,0.23671497584541062,0.02576489533011272,0.017713365539452495,0.2028985507246377,0.008051529790660225,0.014492753623188406,0.00644122383252818,0.00644122383252818,0.02576489533011272,0.0,0.008051529790660225,0.014492753623188406,0.0,0.0,0.011272141706924315,0.01610305958132045,0.0,0.0,0.0,0.23349436392914655,0.0,0.0,0.16264090177133655,0.0,0.004830917874396135,0.001610305958132045,3.0,0.119522174,0.03984072466666667,621,160.189165950129
46534,Elisha N''Dow,2020-2021,0.0,0.0,0.18314424635332252,0.03511615343057806,0.020529443544030253,0.19881145326850352,0.059967585089141004,0.004862236628849271,0.006482982171799027,0.009184224743381956,0.032955159373311727,0.0005402485143165856,0.010804970286331712,0.007563479200432199,0.0,0.0016207455429497568,0.01728795245813074,0.0032414910858995136,0.0,0.0,0.0,0.27282549972987574,0.0005402485143165856,0.0005402485143165856,0.13019989195029713,0.0016207455429497568,0.0005402485143165856,0.0016207455429497568,1.0,0.036242142,0.036242142,1851,105.54358844399391
46535,Natalie Haigh,2020-2021,0.0005920663114268798,0.0,0.20071047957371227,0.02901124925991711,0.027827116637063352,0.20130254588513913,0.06690349319123742,0.004736530491415038,0.0053285968028419185,0.002960331557134399,0.027235050325636473,0.0005920663114268798,0.003552397868561279,0.0017761989342806395,0.0,0.003552397868561279,0.018946121965660152,0.002960331557134399,0.0,0.0005920663114268798,0.0,0.295441089402013,0.0,0.0,0.0994671403197158,0.0041444641799881585,0.0011841326228537595,0.0011841326228537595,2.0,0.11926971,0.059634855,1689,92.11610713852866
46536,Caroline Siems,2020-2021,0.0,0.0,0.23375074537865237,0.045915324985092425,0.013714967203339297,0.21765056648777578,0.007155635062611807,0.009540846750149075,0.01311866428145498,0.009540846750149075,0.0172927847346452,0.0011926058437686344,0.0029815146094215863,0.004770423375074538,0.0,0.0,0.013714967203339297,0.00655933214072749,0.0,0.0005963029218843172,0.0,0.3148479427549195,0.0,0.0,0.07930828861061419,0.0017889087656529517,0.005366726296958855,0.0011926058437686344,9.0,0.3603510317,0.04003900352222222,1677,150.58365758754863
46537,Jodie Hutton,2020-2021,0.0,0.0,0.21590023382696805,0.037412314886983634,0.021823850350740453,0.1691348402182385,0.05533904910366329,0.00779423226812159,0.010132501948558068,0.004676539360872954,0.026500389711613406,0.0,0.013250194855806703,0.011691348402182385,0.0,0.006235385814497272,0.018706157443491817,0.014809041309431021,0.0,0.0,0.0,0.2790335151987529,0.002338269680436477,0.002338269680436477,0.09275136399064692,0.000779423226812159,0.004676539360872954,0.004676539360872954,6.0,0.51196301,0.08532716833333333,1283,104.1020555355211
46538,Ella Franklin-Fraiture,2020-2021,0.0,0.0,0.21177266576454667,0.03450608930987822,0.02097428958051421,0.2070365358592693,0.017591339648173207,0.013531799729364006,0.01962110960757781,0.007442489851150203,0.02571041948579161,0.0,0.0040595399188092015,0.011502029769959404,0.0,0.0,0.013531799729364006,0.010148849797023005,0.0,0.0,0.0,0.2922868741542625,0.0,0.0,0.10554803788903924,0.0013531799729364006,0.0020297699594046007,0.0013531799729364006,3.0,0.136404346,0.04546811533333334,1478,149.69615124915597
46539,Nadine Hanssen,2020-2021,0.0,0.0,0.25848142164781907,0.036348949919224556,0.01615508885298869,0.17366720516962844,0.011308562197092083,0.011308562197092083,0.008885298869143781,0.021809369951534735,0.03796445880452343,0.0008077544426494346,0.007269789983844911,0.0008077544426494346,0.0,0.0,0.013731825525040387,0.020193861066235864,0.0,0.0,0.0,0.21809369951534732,0.0,0.0,0.15105008077544427,0.0,0.008077544426494346,0.004038772213247173,10.0,0.535092034,0.053509203400000004,1238,125.67110309045792
46541,Asmita Ale,2020-2021,0.0004106776180698152,0.0,0.17494866529774128,0.05174537987679671,0.02217659137577002,0.19342915811088296,0.02792607802874743,0.009034907597535934,0.0078028747433264885,0.008213552361396304,0.02792607802874743,0.0,0.006570841889117043,0.0024640657084188913,0.0,0.0,0.0324435318275154,0.008213552361396304,0.0,0.0,0.0,0.31211498973305957,0.0,0.0,0.11293634496919917,0.0008213552361396304,0.0004106776180698152,0.0004106776180698152,1.0,0.019581314,0.019581314,2435,142.08376556016597
46541,Asmita Ale,2023-2024,0.002702702702702703,0.0,0.21351351351351353,0.032432432432432434,0.01756756756756757,0.20135135135135135,0.014864864864864866,0.004054054054054054,0.006756756756756757,0.012162162162162163,0.021621621621621623,0.0,0.010810810810810811,0.00945945945945946,0.0,0.0013513513513513514,0.013513513513513514,0.005405405405405406,0.0,0.0,0.0,0.32432432432432434,0.0,0.0,0.10270270270270271,0.0,0.0,0.005405405405405406,0.0,0.0,0.0,740,146.08466769028294
46542,Sophie Haywood,2020-2021,0.0,0.0,0.2467741935483871,0.04032258064516129,0.024193548387096774,0.23870967741935484,0.01129032258064516,0.017741935483870968,0.025806451612903226,0.008064516129032258,0.01935483870967742,0.0,0.0032258064516129032,0.012903225806451613,0.0,0.0,0.01935483870967742,0.02258064516129032,0.0,0.0,0.0,0.2064516129032258,0.0,0.0,0.09516129032258064,0.0,0.0032258064516129032,0.004838709677419355,2.0,0.165523586,0.082761793,620,160.16073478760046
46543,Amy West,2020-2021,0.004219409282700422,0.0,0.15611814345991562,0.029535864978902954,0.02109704641350211,0.1350210970464135,0.0379746835443038,0.012658227848101266,0.008438818565400843,0.016877637130801686,0.046413502109704644,0.0,0.004219409282700422,0.012658227848101266,0.0,0.0,0.02531645569620253,0.016877637130801686,0.0,0.0,0.0,0.24050632911392406,0.0,0.0,0.22784810126582278,0.0,0.0,0.004219409282700422,0.0,0.0,0.0,237,89.28421933863541
46635,Emma Harries,2020-2021,0.0,0.0,0.346031746031746,0.033862433862433865,0.005291005291005291,0.15026455026455027,0.0031746031746031746,0.026455026455026454,0.016931216931216932,0.004232804232804233,0.037037037037037035,0.0,0.007407407407407408,0.012698412698412698,0.0,0.0021164021164021165,0.0021164021164021165,0.030687830687830688,0.0,0.0,0.0,0.12169312169312169,0.0,0.0,0.18518518518518517,0.0021164021164021165,0.007407407407407408,0.005291005291005291,7.0,1.110526457,0.15864663671428572,945,116.92328842452571
46635,Emma Harries,2023-2024,0.003003003003003003,0.0,0.25925925925925924,0.022022022022022022,0.01901901901901902,0.17617617617617617,0.009009009009009009,0.021021021021021023,0.009009009009009009,0.005005005005005005,0.024024024024024024,0.0,0.014014014014014014,0.011011011011011011,0.0,0.003003003003003003,0.008008008008008008,0.021021021021021023,0.001001001001001001,0.0,0.0,0.15115115115115116,0.0,0.0,0.23023023023023023,0.0,0.006006006006006006,0.007007007007007007,6.0,1.0982306,0.18303843333333333,999,132.00704742328585
46636,Bethan Roberts,2020-2021,0.0,0.0,0.21913043478260869,0.02608695652173913,0.02434782608695652,0.21217391304347827,0.019130434782608695,0.01391304347826087,0.01565217391304348,0.01391304347826087,0.022608695652173914,0.0017391304347826088,0.0034782608695652175,0.0052173913043478265,0.0,0.0,0.006956521739130435,0.0034782608695652175,0.0,0.0,0.0,0.2921739130434783,0.0,0.0,0.10956521739130434,0.0,0.0034782608695652175,0.006956521739130435,2.0,0.081379215,0.0406896075,575,155.54553651938684
46639,Ona Batlle Pascual,2020-2021,0.0002698327037236913,0.0,0.2169454937938478,0.03534808418780356,0.014840798704803022,0.2204533189422558,0.011063140852671344,0.0059363194819212085,0.013761467889908258,0.0059363194819212085,0.02671343766864544,0.0,0.004317323259579061,0.0037776578521316784,0.0,0.0,0.007285483000539665,0.005666486778197518,0.0,0.0,0.0,0.3256880733944954,0.0,0.0,0.09713977334052887,0.0002698327037236913,0.0032379924446842958,0.0013491635186184566,12.0,0.340518965,0.02837658041666667,3706,0.0
46641,Emily Ramsey,2023-2024,0.0,0.0,0.2324561403508772,0.017543859649122806,0.0,0.2543859649122807,0.0,0.008771929824561403,0.0,0.0,0.0,0.008771929824561403,0.0,0.0,0.16228070175438597,0.0043859649122807015,0.0,0.0,0.0,0.0,0.0,0.31140350877192985,0.0,0.0,0.0,0.0,0.0,0.0,0.0,0.0,0.0,228,108.0
46677,Matías David Espinoza Acosta,2024,0.0,0.0,0.205761316872428,0.0205761316872428,0.0205761316872428,0.18930041152263374,0.0205761316872428,0.00411522633744856,0.00411522633744856,0.012345679012345678,0.0411522633744856,0.00411522633744856,0.0205761316872428,0.0,0.0,0.0,0.0205761316872428,0.00411522633744856,0.0,0.0,0.0,0.30864197530864196,0.0,0.0,0.11522633744855967,0.0,0.00411522633744856,0.00411522633744856,1.0,0.024414247,0.024414247,243,0.0
46716,Rianna Jarrett,2020-2021,0.0009398496240601503,0.0,0.3176691729323308,0.03383458646616541,0.014097744360902255,0.17011278195488722,0.006578947368421052,0.022556390977443608,0.012218045112781954,0.009398496240601503,0.02913533834586466,0.0,0.0037593984962406013,0.010338345864661654,0.0,0.0,0.0018796992481203006,0.021616541353383457,0.0,0.0,0.0,0.17951127819548873,0.0,0.0,0.14849624060150377,0.0,0.012218045112781954,0.005639097744360902,13.0,1.320165226,0.10155117123076923,1064,121.29195693476885
46717,Chloe Mccarron,2020-2021,0.0,0.0,0.16231884057971013,0.04057971014492753,0.02318840579710145,0.17681159420289855,0.011594202898550725,0.020289855072463767,0.014492753623188406,0.020289855072463767,0.03188405797101449,0.0,0.011594202898550725,0.0,0.0,0.0,0.008695652173913044,0.005797101449275362,0.0,0.0,0.0,0.22608695652173913,0.0,0.0,0.22608695652173913,0.0,0.008695652173913044,0.011594202898550725,3.0,0.056111909,0.018703969666666667,345,95.65619223659888
46733,Nor Mustafa,2020-2021,0.0,0.0,0.36585365853658536,0.03414634146341464,0.0,0.16585365853658537,0.0,0.024390243902439025,0.00975609756097561,0.004878048780487805,0.05365853658536585,0.0,0.014634146341463415,0.004878048780487805,0.0,0.004878048780487805,0.0,0.03902439024390244,0.0,0.0,0.0,0.13658536585365855,0.0,0.0,0.13170731707317074,0.0,0.00975609756097561,0.0,2.0,0.22069142,0.11034571,205,156.75446049277824
46737,Ella Jade Mastrantonio,2020-2021,0.0014265335235378032,0.0,0.19472182596291013,0.04136947218259629,0.01355206847360913,0.19828815977175462,0.017118402282453638,0.004992867332382311,0.007132667617689016,0.018544935805991442,0.02710413694721826,0.0,0.01355206847360913,0.006419400855920114,0.0,0.0007132667617689016,0.010699001426533523,0.004992867332382311,0.0,0.0,0.0,0.2653352353780314,0.0,0.0,0.16547788873038516,0.0,0.004992867332382311,0.003566333808844508,7.0,0.248146446,0.035449492285714285,1402,130.00206058108387
46738,Emma Bissell,2020-2021,0.0,0.0,0.2529989094874591,0.04143947655398037,0.018538713195201745,0.1450381679389313,0.009814612868047983,0.020719738276990186,0.014176663031624863,0.023991275899672846,0.03816793893129771,0.0,0.008724100327153763,0.003271537622682661,0.0,0.0,0.008724100327153763,0.027262813522355506,0.0,0.0,0.0,0.14176663031624864,0.0,0.0,0.2366412213740458,0.0,0.004362050163576881,0.004362050163576881,4.0,0.87368349,0.2184208725,917,95.67586366798052
46738,Emma Bissell,2023-2024,0.0036576444769568397,0.0,0.2618873445501097,0.03438185808339429,0.023408924652523776,0.17483540599853695,0.006583760058522311,0.020482809070958303,0.009509875640087784,0.005120702267739576,0.019019751280175568,0.0,0.010241404535479151,0.0043891733723482075,0.0,0.0,0.000731528895391368,0.030724213606437453,0.0,0.0,0.0,0.182882223847842,0.0,0.0,0.19824433065106073,0.000731528895391368,0.006583760058522311,0.006583760058522311,9.0,1.166425925,0.12960288055555555,1367,130.91083209193445
46740,Grace Clinton,2020-2021,0.0,0.0,0.26666666666666666,0.04047619047619048,0.01904761904761905,0.24047619047619048,0.0,0.016666666666666666,0.03571428571428571,0.002380952380952381,0.016666666666666666,0.0,0.004761904761904762,0.007142857142857143,0.0,0.0,0.011904761904761904,0.016666666666666666,0.0,0.0,0.0,0.2,0.0,0.0,0.11428571428571428,0.0,0.004761904761904762,0.002380952380952381,2.0,0.100267891,0.0501339455,420,173.15620705451212
46740,Grace Clinton,2023-2024,0.0025516713447307987,0.00025516713447307985,0.24751212043888748,0.03827507017096198,0.012248022454707833,0.22378157693289105,0.003827507017096198,0.01964786935442715,0.022965042102577188,0.004337841286042358,0.02270987496810411,0.0,0.010206685378923195,0.010717019647869355,0.0,0.0007655014034192396,0.005868844092880837,0.01658586374075019,0.0,0.0,0.0,0.19979586629242155,0.0,0.0,0.1444245981117632,0.00025516713447307985,0.010461852513396274,0.0028068384792038787,41.0,2.519915368,0.06146135043902439,3919,209.75914362176627
46741,Naomi Layzell,2020-2021,0.0,0.0,0.13978494623655913,0.035842293906810034,0.053763440860215055,0.14336917562724014,0.0967741935483871,0.0035842293906810036,0.0,0.014336917562724014,0.035842293906810034,0.0035842293906810036,0.010752688172043012,0.0,0.0,0.0035842293906810036,0.025089605734767026,0.0,0.0,0.0,0.0,0.2114695340501792,0.0,0.0,0.21505376344086022,0.0,0.0,0.007168458781362007,0.0,0.0,0.0,279,62.431626056688216
46741,Naomi Layzell,2023-2024,0.001664816870144284,0.0,0.16925638179800223,0.03551609322974473,0.03662597114317425,0.16870144284128746,0.05549389567147614,0.00388457269700333,0.004994450610432853,0.008879023307436182,0.033296337402885685,0.0,0.004439511653718091,0.00388457269700333,0.0,0.0011098779134295228,0.011653718091009988,0.006104328523862375,0.0005549389567147614,0.0,0.0,0.290788013318535,0.0005549389567147614,0.0005549389567147614,0.1564927857935627,0.0,0.004439511653718091,0.0011098779134295228,8.0,0.566112972,0.0707641215,1802,118.0950993956164
46972,Luana Bühler,2023-2024,0.0003541076487252125,0.0,0.2776203966005666,0.017351274787535412,0.009915014164305949,0.2560198300283286,0.02443342776203966,0.0010623229461756375,0.000708215297450425,0.003186968838526912,0.013456090651558074,0.0,0.0028328611898017,0.002124645892351275,0.0,0.00141643059490085,0.003895184135977337,0.0028328611898017,0.0,0.0,0.0,0.31869688385269124,0.000708215297450425,0.0003541076487252125,0.05984419263456091,0.0003541076487252125,0.00141643059490085,0.00141643059490085,4.0,0.467726081,0.11693152025,2824,191.3279132791328
46974,Marie Therese Höbinger,2023-2024,0.004178272980501393,0.0,0.26497214484679665,0.03934540389972145,0.013579387186629526,0.1977715877437326,0.008008356545961003,0.005222841225626741,0.009052924791086351,0.00766016713091922,0.0201949860724234,0.0,0.004526462395543176,0.002437325905292479,0.0,0.002437325905292479,0.004178272980501393,0.009749303621169917,0.0,0.0,0.0,0.278899721448468,0.001392757660167131,0.001392757660167131,0.11037604456824512,0.00034818941504178273,0.009052924791086351,0.005222841225626741,26.0,1.402710162,0.05395039084615384,2872,178.16377171215882
46988,Janina Leitzig,2023-2024,0.0,0.0,0.2312435765673176,0.03237410071942446,0.0005138746145940391,0.23997944501541624,0.001541623843782117,0.0,0.0,0.0,0.0,0.0010277492291880781,0.0,0.0010277492291880781,0.13514902363823228,0.007708119218910586,0.0,0.0010277492291880781,0.0,0.0,0.0,0.34789311408016443,0.0,0.0,0.0005138746145940391,0.0,0.0,0.0,0.0,0.0,0.0,1946,131.6842105263158
47008,Sjoeke Nüsken,2023-2024,0.0012195121951219512,0.0,0.3008130081300813,0.022357723577235773,0.01056910569105691,0.2105691056910569,0.008130081300813009,0.008130081300813009,0.0040650406504065045,0.005284552845528455,0.025203252032520326,0.0,0.004878048780487805,0.004878048780487805,0.0,0.0020325203252032522,0.005284552845528455,0.015853658536585366,0.0,0.0,0.0,0.25203252032520324,0.0008130081300813008,0.0008130081300813008,0.09878048780487805,0.0,0.015040650406504066,0.0032520325203252032,37.0,6.8984931933,0.1864457619810811,2460,186.53635521105397
47055,Roberto Carlos Fernández Toro,2024,0.005,0.0,0.255,0.01,0.02,0.185,0.015,0.005,0.01,0.0,0.015,0.0,0.005,0.02,0.0,0.0,0.01,0.005,0.0,0.0,0.0,0.31,0.0,0.0,0.115,0.0,0.005,0.01,1.0,0.026689276,0.026689276,200,0.0
47057,Guillermo Viscarra Bruckner,2024,0.0,0.0,0.15458937198067632,0.033816425120772944,0.0,0.13526570048309178,0.0,0.0,0.0,0.0,0.0,0.0,0.0,0.0,0.2898550724637681,0.01932367149758454,0.0,0.0,0.0,0.0,0.0,0.3671497584541063,0.0,0.0,0.0,0.0,0.0,0.0,0.0,0.0,0.0,207,0.0
47112,Julio César Enciso Espínola,2024,0.0019569471624266144,0.0,0.273972602739726,0.023483365949119372,0.009784735812133072,0.23679060665362034,0.0019569471624266144,0.023483365949119372,0.03522504892367906,0.0,0.005870841487279843,0.0,0.007827788649706457,0.019569471624266144,0.0,0.0,0.003913894324853229,0.015655577299412915,0.0,0.0,0.0,0.2172211350293542,0.0,0.0,0.09197651663405088,0.0,0.0273972602739726,0.003913894324853229,14.0,0.6618517933,0.047275128092857145,511,0.0
47186,Hernesto Ezequiel Caballero Benítez,2024,0.004291845493562232,0.0,0.22746781115879827,0.02145922746781116,0.017167381974248927,0.21030042918454936,0.012875536480686695,0.004291845493562232,0.008583690987124463,0.012875536480686695,0.008583690987124463,0.0,0.017167381974248927,0.004291845493562232,0.0,0.0,0.012875536480686695,0.0,0.0,0.0,0.0,0.3090128755364807,0.0,0.0,0.12446351931330472,0.0,0.0,0.004291845493562232,0.0,0.0,0.0,233,0.0
47345,Adalberto Eliécer Carrasquilla Alcázar,2024,0.002793296089385475,0.0,0.27932960893854747,0.0446927374301676,0.0,0.26536312849162014,0.0,0.008379888268156424,0.01675977653631285,0.002793296089385475,0.00558659217877095,0.0,0.00558659217877095,0.00558659217877095,0.0,0.0,0.0,0.002793296089385475,0.0,0.0,0.0,0.30446927374301674,0.0,0.0,0.04748603351955307,0.0,0.00558659217877095,0.002793296089385475,2.0,0.065215895,0.0326079475,358,0.0
47351,Morgan Guilavogui,2023,0.0021231422505307855,0.0,0.2908704883227176,0.029723991507430998,0.021231422505307854,0.18046709129511676,0.0021231422505307855,0.004246284501061571,0.0021231422505307855,0.012738853503184714,0.021231422505307854,0.0,0.012738853503184714,0.010615711252653927,0.0,0.004246284501061571,0.004246284501061571,0.008492569002123142,0.0,0.0,0.0,0.22505307855626328,0.0,0.0,0.1464968152866242,0.0,0.012738853503184714,0.008492569002123142,6.0,1.141924563,0.1903207605,471,150.15940488841656
47520,Mollie Green,2020-2021,0.0,0.0,0.24416517055655296,0.04398563734290844,0.018850987432675045,0.1822262118491921,0.01436265709156194,0.00718132854578097,0.009874326750448833,0.017055655296229804,0.02154398563734291,0.0,0.0062836624775583485,0.005385996409335727,0.0,0.0,0.011669658886894075,0.011669658886894075,0.0,0.0,0.0,0.21903052064631956,0.0,0.0,0.1696588868940754,0.0,0.009874326750448833,0.00718132854578097,11.0,0.8935289753,0.08122990684545454,1114,100.0199521149242
47521,Alessia Russo,2020-2021,0.0,0.0,0.3106212424849699,0.03206412825651302,0.012024048096192385,0.1903807615230461,0.0,0.02404809619238477,0.02404809619238477,0.012024048096192385,0.022044088176352707,0.0,0.006012024048096192,0.01603206412825651,0.0,0.0,0.002004008016032064,0.02404809619238477,0.0,0.0,0.0,0.14228456913827656,0.0,0.0,0.15030060120240482,0.0,0.028056112224448898,0.004008016032064128,14.0,2.214708067,0.15819343335714287,499,154.7553411440386
47521,Alessia Russo,2023-2024,0.0025940337224383916,0.00032425421530479895,0.33138780804150453,0.030155642023346304,0.010051880674448769,0.191958495460441,0.001621271076523995,0.019455252918287938,0.009727626459143969,0.0029182879377431907,0.02464332036316472,0.0,0.00648508430609598,0.008754863813229572,0.0,0.0019455252918287938,0.002269779507133593,0.01848249027237354,0.0,0.0,0.0,0.17380025940337224,0.0006485084306095979,0.0006485084306095979,0.13294422827496757,0.0,0.025616083009079117,0.0035667963683527885,79.0,13.1202507225,0.16607912306962025,3084,154.81064197668582
47541,Damaris Berta Egurrola Wienke,2020-2021,0.0,0.0,0.2082051282051282,0.04205128205128205,0.009230769230769232,0.21846153846153846,0.033846153846153845,0.008205128205128205,0.012307692307692308,0.012307692307692308,0.02564102564102564,0.0,0.006153846153846154,0.0071794871794871795,0.0,0.0010256410256410256,0.012307692307692308,0.003076923076923077,0.0,0.0,0.0,0.28307692307692306,0.0,0.0,0.11076923076923077,0.0,0.005128205128205128,0.0010256410256410256,5.0,0.21254591499999997,0.04250918299999999,975,0.0
47762,Jacob Mendy,2023,0.0035211267605633804,0.0,0.19718309859154928,0.03873239436619718,0.028169014084507043,0.20774647887323944,0.028169014084507043,0.0,0.0035211267605633804,0.0035211267605633804,0.028169014084507043,0.0,0.01056338028169014,0.0035211267605633804,0.0,0.0,0.01056338028169014,0.0,0.0,0.0,0.0,0.33098591549295775,0.0,0.0,0.09859154929577464,0.0035211267605633804,0.0035211267605633804,0.0,1.0,0.008558416,0.008558416,284,134.52631578947367
47979,Frankie Musonda,2023,0.0,0.0,0.3068391866913124,0.0073937153419593345,0.0166358595194085,0.24214417744916822,0.027726432532347505,0.0,0.0,0.0,0.011090573012939002,0.0,0.0018484288354898336,0.0018484288354898336,0.0,0.0036968576709796672,0.0,0.0,0.0,0.0,0.0,0.35304990757855825,0.0,0.0,0.027726432532347505,0.0,0.0,0.0,0.0,0.0,0.0,541,170.8421052631579
48031,Niels Nkounkou,2023-2024,0.003257328990228013,0.0,0.20195439739413681,0.016286644951140065,0.03908794788273615,0.23778501628664495,0.013029315960912053,0.003257328990228013,0.016286644951140065,0.013029315960912053,0.03257328990228013,0.0,0.013029315960912053,0.003257328990228013,0.0,0.0,0.019543973941368076,0.009771986970684038,0.0,0.0,0.0,0.26384364820846906,0.0,0.0,0.11074918566775244,0.0,0.0,0.003257328990228013,0.0,0.0,0.0,307,168.47560975609758
48500,Moritz Jenz,2023-2024,0.0044444444444444444,0.0,0.26666666666666666,0.017777777777777778,0.022222222222222223,0.24,0.017777777777777778,0.0,0.0044444444444444444,0.008888888888888889,0.013333333333333334,0.0,0.013333333333333334,0.0,0.0,0.0,0.008888888888888889,0.0,0.0,0.0,0.0,0.3288888888888889,0.0,0.0,0.05333333333333334,0.0,0.0,0.0,0.0,0.0,0.0,225,106.57894736842104
48644,Anton Stach,2023-2024,0.0,0.0,0.24375,0.025,0.0125,0.215625,0.03125,0.0,0.003125,0.00625,0.015625,0.0,0.00625,0.003125,0.0,0.0,0.028125,0.00625,0.0,0.0,0.0,0.3,0.0,0.0,0.096875,0.0,0.00625,0.0,2.0,0.051355900999999995,0.025677950499999998,320,151.57894736842104
48655,Luca Pfeiffer,2023-2024,0.0,0.0,0.3146551724137931,0.02586206896551724,0.0,0.11637931034482758,0.008620689655172414,0.004310344827586207,0.0,0.008620689655172414,0.04310344827586207,0.0,0.021551724137931036,0.01293103448275862,0.0,0.0,0.0,0.008620689655172414,0.0,0.0,0.0,0.16810344827586207,0.0,0.0,0.2543103448275862,0.0,0.01293103448275862,0.0,3.0,0.227601956,0.07586731866666667,232,109.89473684210526
48720,João Victor Gomes da Silva,2024,0.0014367816091954023,0.0014367816091954023,0.22270114942528735,0.031609195402298854,0.014367816091954023,0.23132183908045978,0.0014367816091954023,0.005747126436781609,0.008620689655172414,0.010057471264367816,0.02442528735632184,0.0,0.014367816091954023,0.010057471264367816,0.0,0.0014367816091954023,0.005747126436781609,0.015804597701149427,0.0,0.0,0.0,0.26580459770114945,0.0,0.0,0.1278735632183908,0.0,0.0014367816091954023,0.004310344827586207,1.0,0.031334206,0.031334206,696,0.0
48959,Omar Haktab Traorè,2023-2024,0.003194888178913738,0.0,0.2012779552715655,0.038338658146964855,0.02875399361022364,0.19808306709265175,0.019169329073482427,0.006389776357827476,0.012779552715654952,0.012779552715654952,0.019169329073482427,0.0,0.009584664536741214,0.009584664536741214,0.0,0.0,0.006389776357827476,0.009584664536741214,0.0,0.0,0.0,0.28434504792332266,0.0,0.0,0.13738019169329074,0.0,0.003194888178913738,0.0,1.0,0.008326631,0.008326631,313,148.26315789473685
49337,Josip Stanišić,2023-2024,0.0008949880668257757,0.0005966587112171838,0.27237470167064437,0.02386634844868735,0.010143198090692125,0.2702863961813842,0.008949880668257757,0.0032816229116945108,0.00477326968973747,0.004176610978520286,0.013723150357995227,0.0,0.002088305489260143,0.002088305489260143,0.0,0.0002983293556085919,0.0032816229116945108,0.0017899761336515514,0.0,0.0,0.0,0.3198090692124105,0.0,0.0,0.05369928400954654,0.0005966587112171838,0.0029832935560859188,0.0002983293556085919,10.0,0.789743592,0.0789743592,3352,222.77359326539653
49395,Richard Rios Montoya,2024,0.006045949214026602,0.0,0.24062877871825877,0.030229746070133012,0.013301088270858524,0.22249093107617895,0.012091898428053204,0.018137847642079808,0.02539298669891173,0.0048367593712212815,0.015719467956469165,0.0,0.007255139056831923,0.014510278113663845,0.0,0.0048367593712212815,0.010882708585247884,0.012091898428053204,0.0,0.0,0.0,0.22370012091898428,0.0012091898428053204,0.0012091898428053204,0.12091898428053205,0.0,0.009673518742442563,0.0048367593712212815,8.0,0.23299654860000002,0.029124568575000002,827,0.0
49587,Nahuel Adolfo Ferraresi Hernández,2024,0.003992015968063872,0.0,0.25349301397205587,0.011976047904191617,0.00998003992015968,0.2275449101796407,0.03792415169660679,0.0,0.001996007984031936,0.005988023952095809,0.01996007984031936,0.0,0.001996007984031936,0.007984031936127744,0.0,0.001996007984031936,0.00998003992015968,0.0,0.0,0.0,0.0,0.3373253493013972,0.001996007984031936,0.001996007984031936,0.06387225548902195,0.0,0.0,0.0,0.0,0.0,0.0,501,0.0
49646,Lois Joel,2020-2021,0.0,0.0,0.18200408997955012,0.05725971370143149,0.028629856850715747,0.20449897750511248,0.006134969325153374,0.012269938650306749,0.028629856850715747,0.018404907975460124,0.03680981595092025,0.0,0.0,0.012269938650306749,0.0,0.0,0.006134969325153374,0.016359918200409,0.0,0.0,0.0,0.2310838445807771,0.0,0.0,0.1492842535787321,0.002044989775051125,0.00408997955010225,0.00408997955010225,2.0,0.033792928,0.016896464,489,149.89782016348772
49697,Carlotte Wubben-Moy,2020-2021,0.0,0.0,0.27225806451612905,0.025806451612903226,0.005161290322580645,0.27064516129032257,0.011935483870967743,0.004838709677419355,0.005806451612903226,0.0025806451612903226,0.01,0.0,0.001935483870967742,0.0006451612903225806,0.0,0.0,0.005483870967741935,0.0016129032258064516,0.0,0.0003225806451612903,0.0,0.33903225806451615,0.0,0.0,0.03806451612903226,0.0003225806451612903,0.002903225806451613,0.0006451612903225806,9.0,1.52295664,0.16921740444444444,3100,272.5141629224458
49697,Carlotte Wubben-Moy,2023-2024,0.0004550625711035267,0.0,0.27736063708759956,0.028668941979522185,0.006825938566552901,0.27667804323094425,0.012969283276450512,0.002502844141069397,0.0031854379977246873,0.0015927189988623437,0.012059158134243459,0.0,0.0018202502844141069,0.0022753128555176336,0.0,0.0006825938566552901,0.00477815699658703,0.0013651877133105802,0.0,0.0,0.0,0.33037542662116043,0.00022753128555176336,0.00022753128555176336,0.03048919226393629,0.0009101251422070534,0.004323094425483504,0.00022753128555176336,19.0,1.965419887,0.10344315194736842,4395,0.0
49763,Souleymane Anne,2023,0.006711409395973154,0.0,0.36577181208053694,0.030201342281879196,0.006711409395973154,0.13087248322147652,0.003355704697986577,0.013422818791946308,0.013422818791946308,0.0,0.06375838926174497,0.0,0.02348993288590604,0.02348993288590604,0.0,0.0,0.003355704697986577,0.020134228187919462,0.0,0.0,0.0,0.12751677852348994,0.0,0.0,0.1476510067114094,0.0,0.013422818791946308,0.006711409395973154,4.0,0.582793573,0.14569839325,298,123.82271468144044
49938,Deyna Cristina Castellanos Naujenis,2023-2024,0.002770083102493075,0.002770083102493075,0.2742382271468144,0.027700831024930747,0.00554016620498615,0.23545706371191136,0.0,0.01662049861495845,0.008310249307479225,0.00554016620498615,0.008310249307479225,0.0,0.008310249307479225,0.00554016620498615,0.0,0.002770083102493075,0.0,0.013850415512465374,0.0,0.0,0.0,0.24653739612188366,0.002770083102493075,0.002770083102493075,0.11357340720221606,0.0,0.013850415512465374,0.002770083102493075,5.0,0.30190604600000004,0.06038120920000001,361,0.0
50193,Anouk Denton,2023-2024,0.0017411491584445734,0.0,0.2188044109112014,0.03250145095763204,0.01044689495066744,0.1938479396401625,0.016831108531630876,0.012188044109112013,0.006384213580963436,0.009286128845037725,0.024376088218224026,0.0,0.011027278003482298,0.002901915264074289,0.0,0.0011607661056297156,0.014509576320371444,0.008705745792222866,0.0,0.0,0.0,0.2704585026117237,0.0005803830528148578,0.0005803830528148578,0.15612304120719675,0.0005803830528148578,0.0017411491584445734,0.00522344747533372,3.0,0.19910298199999998,0.06636766066666666,1723,143.63653204890701
50442,Hamza Rafia,2023,0.003875968992248062,0.0,0.2441860465116279,0.046511627906976744,0.011627906976744186,0.20930232558139536,0.0,0.003875968992248062,0.007751937984496124,0.007751937984496124,0.015503875968992248,0.0,0.011627906976744186,0.007751937984496124,0.0,0.0,0.003875968992248062,0.007751937984496124,0.0,0.0,0.0,0.2248062015503876,0.0,0.0,0.1821705426356589,0.0,0.003875968992248062,0.007751937984496124,1.0,0.35867205,0.35867205,258,158.28220858895708
50460,Lotta Ökvist,2019-2020,0.0,0.0,0.19444444444444445,0.030864197530864196,0.015432098765432098,0.19444444444444445,0.018518518518518517,0.009259259259259259,0.006172839506172839,0.009259259259259259,0.033950617283950615,0.0,0.0030864197530864196,0.0030864197530864196,0.0,0.0,0.006172839506172839,0.012345679012345678,0.0,0.0,0.0,0.3395061728395062,0.0,0.0,0.11728395061728394,0.0,0.0,0.006172839506172839,0.0,0.0,0.0,324,149.00357690342364
50498,Pape Matar Sarr,2023,0.0,0.0,0.22195704057279236,0.03341288782816229,0.016706443914081145,0.2171837708830549,0.007159904534606206,0.002386634844868735,0.014319809069212411,0.002386634844868735,0.02386634844868735,0.0,0.00954653937947494,0.00954653937947494,0.0,0.0,0.00954653937947494,0.002386634844868735,0.0,0.0,0.0,0.26252983293556087,0.0,0.0,0.1575178997613365,0.0,0.00477326968973747,0.00477326968973747,2.0,0.802183188,0.401091594,419,0.0
50501,Ebrima Darboe,2023,0.0,0.0,0.2119815668202765,0.02304147465437788,0.013824884792626729,0.1889400921658986,0.013824884792626729,0.004608294930875576,0.009216589861751152,0.009216589861751152,0.041474654377880185,0.0,0.02304147465437788,0.009216589861751152,0.0,0.0,0.0,0.0,0.0,0.0,0.0,0.2350230414746544,0.0,0.0,0.20276497695852536,0.0,0.004608294930875576,0.009216589861751152,1.0,0.02069703,0.02069703,217,136.09756097560975
50722,Libby Bance,2020-2021,0.0,0.0,0.19642857142857142,0.04642857142857143,0.025,0.16785714285714284,0.05,0.007142857142857143,0.02857142857142857,0.014285714285714285,0.017857142857142856,0.0,0.007142857142857143,0.0,0.0,0.0,0.017857142857142856,0.02142857142857143,0.0,0.0,0.0,0.15357142857142858,0.0,0.0,0.24285714285714285,0.0,0.0035714285714285713,0.0,1.0,0.042668033,0.042668033,280,91.27127852227454
51494,Haji Mnoga,2023,0.0,0.0,0.25,0.016233766233766232,0.00974025974025974,0.18181818181818182,0.006493506493506494,0.0,0.006493506493506494,0.022727272727272728,0.016233766233766232,0.0,0.00974025974025974,0.006493506493506494,0.0,0.003246753246753247,0.003246753246753247,0.012987012987012988,0.0,0.0,0.0,0.3051948051948052,0.0,0.0,0.1461038961038961,0.0,0.0,0.003246753246753247,0.0,0.0,0.0,308,117.95744680851062
51733,Folarin Balogun,2024,0.0,0.0,0.33014354066985646,0.03349282296650718,0.009569377990430622,0.15789473684210525,0.004784688995215311,0.009569377990430622,0.014354066985645933,0.0,0.07177033492822966,0.0,0.009569377990430622,0.019138755980861243,0.0,0.019138755980861243,0.0,0.05263157894736842,0.0,0.0,0.0,0.1291866028708134,0.0,0.0,0.10047846889952153,0.0,0.023923444976076555,0.014354066985645933,5.0,0.24604668300000002,0.0492093366,209,106.45161290322581
52324,Saúl Basilio Coco-Bassey Oubiña,2023,0.0,0.0,0.2620545073375262,0.020964360587002098,0.014675052410901468,0.22641509433962265,0.041928721174004195,0.0020964360587002098,0.0,0.006289308176100629,0.025157232704402517,0.0020964360587002098,0.0020964360587002098,0.006289308176100629,0.0,0.0,0.0020964360587002098,0.0,0.0,0.0,0.0,0.3270440251572327,0.0,0.0,0.05450733752620545,0.0,0.006289308176100629,0.0,3.0,0.033436347,0.011145449,477,0.0
53188,Mayra Tatiana Ramírez Ramírez,2023-2024,0.0027662517289073307,0.0,0.3084370677731674,0.03319502074688797,0.006915629322268326,0.20470262793914246,0.0013831258644536654,0.016597510373443983,0.030428769017980636,0.005532503457814661,0.02074688796680498,0.0,0.011065006915629323,0.02074688796680498,0.0,0.0013831258644536654,0.0,0.022130013831258646,0.0,0.0,0.0,0.14661134163208853,0.0013831258644536654,0.0013831258644536654,0.14384508990318118,0.0,0.016597510373443983,0.004149377593360996,12.0,1.904849628,0.158737469,723,68.00794314381271
53440,Esther Morgan,2020-2021,0.0,0.0,0.18382352941176472,0.03676470588235294,0.017463235294117647,0.18658088235294118,0.025735294117647058,0.011948529411764705,0.011948529411764705,0.008272058823529412,0.04044117647058824,0.0,0.003676470588235294,0.0,0.0,0.0009191176470588235,0.01838235294117647,0.009191176470588236,0.0,0.0,0.0,0.31066176470588236,0.0,0.0,0.12867647058823528,0.0027573529411764708,0.001838235294117647,0.0009191176470588235,2.0,0.03804283,0.019021415,1088,144.02117958523314
55069,Lucy Parry,2023-2024,0.001838235294117647,0.0,0.19669117647058823,0.042279411764705885,0.022058823529411766,0.1948529411764706,0.025735294117647058,0.009191176470588236,0.01838235294117647,0.0055147058823529415,0.03308823529411765,0.001838235294117647,0.0055147058823529415,0.007352941176470588,0.0,0.003676470588235294,0.0055147058823529415,0.012867647058823529,0.0,0.0,0.0,0.2702205882352941,0.001838235294117647,0.001838235294117647,0.1323529411764706,0.0,0.001838235294117647,0.0055147058823529415,1.0,0.024477802,0.024477802,544,149.67899724854783
60138,Kevin Duvan Castaño Gil,2024,0.004830917874396135,0.004830917874396135,0.2995169082125604,0.01932367149758454,0.004830917874396135,0.21739130434782608,0.014492753623188406,0.004830917874396135,0.004830917874396135,0.004830917874396135,0.024154589371980676,0.0,0.0,0.01932367149758454,0.0,0.00966183574879227,0.0,0.004830917874396135,0.0,0.0,0.0,0.2608695652173913,0.0,0.0,0.09178743961352658,0.0,0.00966183574879227,0.0,2.0,0.17727561600000002,0.08863780800000001,207,272.7672035139092
61204,Dexter Lembikisa,2024,0.0,0.0,0.21825396825396826,0.047619047619047616,0.011904761904761904,0.24206349206349206,0.01984126984126984,0.01984126984126984,0.015873015873015872,0.007936507936507936,0.015873015873015872,0.0,0.007936507936507936,0.011904761904761904,0.0,0.003968253968253968,0.007936507936507936,0.003968253968253968,0.0,0.0,0.0,0.26587301587301587,0.003968253968253968,0.003968253968253968,0.07539682539682539,0.0,0.011904761904761904,0.003968253968253968,3.0,0.052094507000000005,0.01736483566666667,252,124.00218698742482
61467,Jessica Naz,2020-2021,0.0,0.0,0.2750316856780735,0.029150823827629912,0.012674271229404309,0.20405576679340937,0.0012674271229404308,0.017743979721166033,0.024081115335868188,0.0038022813688212928,0.021546261089987327,0.0,0.0063371356147021544,0.0076045627376425855,0.0,0.0025348542458808617,0.0063371356147021544,0.025348542458808618,0.0,0.0,0.0,0.1964512040557668,0.0012674271229404308,0.0012674271229404308,0.1520912547528517,0.0,0.0063371356147021544,0.005069708491761723,5.0,0.225860779,0.0451721558,789,157.48502994011977
61467,Jessica Naz,2023-2024,0.0005743825387708214,0.0,0.2929350947731189,0.035611717403790925,0.014359563469270534,0.2010338885697875,0.0022975301550832855,0.015508328546812177,0.020103388856978748,0.00402067777139575,0.022975301550832855,0.0,0.0080413555427915,0.00861573808156232,0.0,0.0,0.0022975301550832855,0.013785180930499713,0.0,0.0,0.0,0.17403790924755888,0.0,0.0,0.16542217116599656,0.0011487650775416428,0.01263641585295807,0.004595060310166571,22.0,2.340701387,0.1063955175909091,1741,139.80192719486084
62666,Ingrid Filippa Angeldal,2023-2024,0.002124645892351275,0.0,0.2556657223796034,0.032577903682719546,0.014164305949008499,0.22308781869688385,0.0113314447592068,0.0084985835694051,0.0056657223796034,0.00424929178470255,0.019121813031161474,0.0,0.0084985835694051,0.0113314447592068,0.0,0.0028328611898017,0.0028328611898017,0.012747875354107648,0.0,0.0,0.0,0.2330028328611898,0.0,0.0,0.1388101983002833,0.0,0.009915014164305949,0.0035410764872521247,14.0,1.194471149,0.08531936778571428,1412,179.92354523573553
62709,Jelena Canković,2023-2024,0.0,0.0,0.2696737044145873,0.025911708253358926,0.01055662188099808,0.2495201535508637,0.0009596928982725527,0.0028790786948176585,0.005758157389635317,0.007677543186180422,0.012476007677543186,0.0,0.005758157389635317,0.0009596928982725527,0.0,0.0,0.0019193857965451055,0.009596928982725527,0.0,0.0,0.0,0.2821497120921305,0.0,0.0,0.10556621880998081,0.0,0.0067178502879078695,0.0019193857965451055,7.0,0.494221543,0.07060307757142857,1042,255.4617270498502
62710,Johanna Rytting-Kaneryd,2023-2024,0.002810304449648712,0.0,0.28056206088992974,0.041217798594847775,0.010772833723653397,0.22763466042154568,0.001405152224824356,0.010304449648711944,0.017798594847775177,0.006557377049180328,0.014988290398126464,0.0,0.00234192037470726,0.004215456674473068,0.0,0.001873536299765808,0.008899297423887589,0.01639344262295082,0.0,0.0,0.0,0.2262295081967213,0.0,0.0,0.11194379391100702,0.0,0.010304449648711944,0.003747072599531616,22.0,4.008027758,0.1821830799090909,2135,156.94682675814752
62713,Zecira Musovic,2023-2024,0.0,0.0,0.23214285714285715,0.030357142857142857,0.0,0.21428571428571427,0.0,0.0017857142857142857,0.0,0.0,0.0,0.0017857142857142857,0.0,0.0,0.14107142857142857,0.005357142857142857,0.0,0.0,0.0,0.0,0.0,0.3732142857142857,0.0,0.0,0.0,0.0,0.0,0.0,0.0,0.0,0.0,560,75.78947368421052
62906,Cloé Zoé Eyja Lacasse,2023-2024,0.00234009360374415,0.00078003120124805,0.2667706708268331,0.035101404056162244,0.014040561622464899,0.2121684867394696,0.00546021840873635,0.01326053042121685,0.0171606864274571,0.0062402496099844,0.0265210608424337,0.0,0.0070202808112324495,0.00546021840873635,0.0,0.0,0.0062402496099844,0.01014040561622465,0.00078003120124805,0.0,0.0,0.21528861154446177,0.0,0.0,0.1372854914196568,0.0015600624024961,0.0124804992199688,0.0039001560062402497,16.0,2.151965693,0.1344978558125,1282,0.0
63308,Justine Vanhaevermaet,2023-2024,0.0010256410256410256,0.0006837606837606838,0.254017094017094,0.0252991452991453,0.014017094017094018,0.23247863247863249,0.024615384615384615,0.003076923076923077,0.0041025641025641026,0.005128205128205128,0.017435897435897435,0.0006837606837606838,0.004786324786324786,0.0044444444444444444,0.0,0.0010256410256410256,0.006495726495726496,0.004786324786324786,0.0003418803418803419,0.0,0.0,0.3022222222222222,0.0010256410256410256,0.0010256410256410256,0.08444444444444445,0.0010256410256410256,0.0044444444444444444,0.0013675213675213675,13.0,3.162084283,0.24323725253846154,2925,166.18269048671172
63784,Lize Kop,2023-2024,0.0,0.0,0.2577710386656558,0.01592115238817286,0.000758150113722517,0.2623199393479909,0.0,0.0,0.0,0.001516300227445034,0.0,0.001516300227445034,0.0,0.001516300227445034,0.10310841546626232,0.003032600454890068,0.0,0.000758150113722517,0.0,0.0,0.0,0.3502653525398029,0.0,0.0,0.001516300227445034,0.0,0.0,0.0,0.0,0.0,0.0,1319,156.19736842105263
63788,Victoria Pelova,2023-2024,0.003551346552234389,0.0002959455460195324,0.2648712636874815,0.042616158626812665,0.009470257472625037,0.2521456052086416,0.004439183190292986,0.01361349511689849,0.010654039656703166,0.005327019828351583,0.015389168393015686,0.0,0.005031074282332051,0.006510802012429713,0.0,0.0008878366380585972,0.005327019828351583,0.010654039656703166,0.0,0.0,0.0,0.2539212784847588,0.0002959455460195324,0.0002959455460195324,0.08286475288546907,0.0,0.007694584196507843,0.004143237644273453,26.0,2.927967979,0.11261415303846153,3379,189.76038936727818
64240,Francesca Bentley,2023-2024,0.0,0.0,0.15547703180212014,0.04063604240282685,0.0,0.19081272084805653,0.0,0.0,0.0,0.0,0.0,0.0,0.0,0.0,0.2420494699646643,0.0035335689045936395,0.0,0.0,0.0,0.0,0.0,0.3657243816254417,0.0,0.0,0.0017667844522968198,0.0,0.0,0.0,0.0,0.0,0.0,566,107.2421052631579
64612,Deon Hotto Kavendji,2023,0.0,0.0,0.2949389179755672,0.04537521815008726,0.008726003490401396,0.21291448516579406,0.008726003490401396,0.012216404886561954,0.008726003490401396,0.0017452006980802793,0.02268760907504363,0.0,0.006980802792321117,0.015706806282722512,0.0,0.0034904013961605585,0.012216404886561954,0.008726003490401396,0.0,0.0,0.0,0.2792321116928447,0.0017452006980802793,0.0017452006980802793,0.04712041884816754,0.0,0.006980802792321117,0.0,4.0,0.3725035011,0.093125875275,573,135.71052631578948
65555,Riaan Hanamub,2023,0.0016835016835016834,0.0,0.19528619528619529,0.03535353535353535,0.020202020202020204,0.19696969696969696,0.018518518518518517,0.006734006734006734,0.005050505050505051,0.010101010101010102,0.021885521885521887,0.0,0.005050505050505051,0.020202020202020204,0.0,0.0,0.011784511784511785,0.008417508417508417,0.0,0.0,0.0,0.3181818181818182,0.0,0.0,0.11447811447811448,0.006734006734006734,0.003367003367003367,0.0,2.0,0.020826592499999998,0.010413296249999999,594,140.68421052631578
65719,Khuliso Johnson Mudau,2023,0.001034126163391934,0.0,0.22233712512926576,0.03722854188210962,0.017580144777662874,0.23061013443640124,0.01861427094105481,0.005170630816959669,0.010341261633919338,0.0031023784901758012,0.02171664943123061,0.0,0.001034126163391934,0.014477766287487074,0.0,0.001034126163391934,0.015511892450879007,0.007238883143743537,0.0,0.0,0.0,0.3081695966907963,0.001034126163391934,0.001034126163391934,0.07755946225439504,0.001034126163391934,0.002068252326783868,0.002068252326783868,2.0,0.36309547000000003,0.18154773500000002,967,134.90931638505657
65723,Peter Shalulile,2023,0.003629764065335753,0.0,0.4101633393829401,0.030852994555353903,0.014519056261343012,0.1542649727767695,0.007259528130671506,0.009074410163339383,0.007259528130671506,0.0018148820326678765,0.043557168784029036,0.0,0.012704174228675136,0.018148820326678767,0.0,0.0,0.003629764065335753,0.021778584392014518,0.0018148820326678765,0.0,0.0,0.14156079854809436,0.0,0.0,0.09800362976406533,0.0,0.018148820326678767,0.0018148820326678765,10.0,1.373311234,0.1373311234,551,132.48730964467003
65726,Themba Zwane,2023,0.0,0.0,0.2971926427879961,0.02420135527589545,0.00968054211035818,0.2468538238141336,0.001936108422071636,0.016456921587608905,0.017424975798644726,0.000968054211035818,0.008712487899322363,0.0,0.007744433688286544,0.008712487899322363,0.0,0.0,0.002904162633107454,0.016456921587608905,0.0,0.0,0.0,0.2371732817037754,0.000968054211035818,0.000968054211035818,0.09196515004840271,0.0,0.002904162633107454,0.006776379477250726,3.0,0.56330376,0.18776792,1033,180.76997861170523
65727,Thapelo James Morena,2023,0.002,0.0,0.328,0.036,0.014,0.196,0.004,0.028,0.012,0.004,0.022,0.0,0.002,0.006,0.0,0.0,0.006,0.02,0.0,0.0,0.0,0.186,0.002,0.002,0.112,0.0,0.01,0.008,5.0,0.416105571,0.0832211142,500,117.4321503131524
65732,Mothobi Mvala,2023,0.0,0.0,0.25081788440567065,0.016357688113413305,0.017448200654307525,0.23773173391494,0.03162486368593239,0.0010905125408942203,0.0,0.0054525627044711015,0.028353326063249727,0.0,0.008724100327153763,0.0010905125408942203,0.0,0.0021810250817884407,0.010905125408942203,0.0021810250817884407,0.0,0.0,0.0,0.3293347873500545,0.0,0.0,0.05452562704471101,0.0,0.0021810250817884407,0.0,2.0,1.567,0.7835,917,144.78947368421052
65733,Aubrey Maphosa Modiba,2023,0.0007541478129713424,0.0,0.23604826546003016,0.042232277526395176,0.01583710407239819,0.24358974358974358,0.013574660633484163,0.008295625942684766,0.005279034690799397,0.004524886877828055,0.01885369532428356,0.0,0.005279034690799397,0.006787330316742082,0.0,0.0015082956259426848,0.003770739064856712,0.006033182503770739,0.0,0.0,0.0,0.30844645550527905,0.0,0.0,0.07315233785822021,0.0015082956259426848,0.004524886877828055,0.0,6.0,1.634513341,0.27241889016666665,1326,173.56020942408378
65742,Edmilson Gabriel Dove,2023,0.0031545741324921135,0.0,0.2618296529968454,0.028391167192429023,0.015772870662460567,0.27129337539432175,0.031545741324921134,0.0031545741324921135,0.0,0.0,0.00946372239747634,0.0031545741324921135,0.0,0.006309148264984227,0.0,0.0,0.006309148264984227,0.006309148264984227,0.0,0.0,0.0,0.305993690851735,0.0,0.0,0.0473186119873817,0.0,0.0,0.0,0.0,0.0,0.0,317,150.1578947368421
65853,Evidence Makgopa,2023,0.0,0.0,0.3678321678321678,0.027972027972027972,0.009790209790209791,0.14825174825174825,0.008391608391608392,0.008391608391608392,0.005594405594405594,0.004195804195804196,0.03776223776223776,0.0,0.013986013986013986,0.008391608391608392,0.0,0.002797202797202797,0.0013986013986013986,0.01818181818181818,0.0,0.0,0.0,0.15944055944055943,0.0013986013986013986,0.0013986013986013986,0.14825174825174825,0.0,0.01818181818181818,0.008391608391608392,13.0,2.053097051,0.15793054238461537,715,114.54254182983269
66716,Teboho Mokoena,2023,0.0013605442176870747,0.0,0.2680272108843537,0.021768707482993196,0.006802721088435374,0.23605442176870747,0.007482993197278911,0.006802721088435374,0.006122448979591836,0.005442176870748299,0.009523809523809525,0.0,0.01020408163265306,0.010884353741496598,0.0,0.0006802721088435374,0.006122448979591836,0.004761904761904762,0.0,0.0,0.0,0.2829931972789116,0.0,0.0,0.09931972789115646,0.0,0.014965986394557823,0.0006802721088435374,22.0,3.5111834875,0.15959924943181816,1470,196.84570748400535
66721,Ronwen Williams,2023,0.0,0.0,0.1909196740395809,0.03841676367869616,0.0,0.20256111757857975,0.0,0.0,0.0,0.0,0.0011641443538998836,0.0011641443538998836,0.0,0.005820721769499418,0.16996507566938301,0.010477299185098952,0.0,0.0,0.0,0.0,0.0,0.37834691501746215,0.0,0.0,0.0011641443538998836,0.0,0.0,0.0,0.0,0.0,0.0,859,116.25563909774436
66878,Ahmed Sayed,2023,0.00392156862745098,0.0,0.2980392156862745,0.027450980392156862,0.0058823529411764705,0.24509803921568626,0.00196078431372549,0.00980392156862745,0.00784313725490196,0.00392156862745098,0.0058823529411764705,0.0,0.00392156862745098,0.011764705882352941,0.0,0.0,0.00392156862745098,0.0058823529411764705,0.0,0.0,0.0,0.27647058823529413,0.0,0.0,0.06274509803921569,0.0,0.0196078431372549,0.0058823529411764705,10.0,0.4465701614,0.04465701614,510,0.0
66886,Mostafa Mohamed Ahmed Abdallah,2023,0.004048582995951417,0.0,0.32793522267206476,0.044534412955465584,0.022267206477732792,0.15789473684210525,0.008097165991902834,0.016194331983805668,0.01417004048582996,0.008097165991902834,0.03643724696356275,0.0,0.008097165991902834,0.01417004048582996,0.0,0.006072874493927126,0.0,0.018218623481781375,0.0,0.0,0.0,0.16396761133603238,0.0020242914979757085,0.0020242914979757085,0.11538461538461539,0.0,0.030364372469635626,0.0,15.0,3.290330669,0.21935537793333332,494,0.0
66887,Hamdi Fathi,2023,0.0016207455429497568,0.0,0.2739059967585089,0.01620745542949757,0.0032414910858995136,0.20745542949756887,0.0032414910858995136,0.0016207455429497568,0.0032414910858995136,0.006482982171799027,0.017828200972447326,0.0,0.017828200972447326,0.008103727714748784,0.0,0.004862236628849271,0.009724473257698542,0.004862236628849271,0.0,0.0,0.0,0.2755267423014587,0.0,0.0,0.12965964343598055,0.0,0.011345218800648298,0.0032414910858995136,7.0,0.26149521,0.037356458571428566,617,166.30727762803235
66892,Mohamed Hany Gamal Eldemerdash,2023,0.003816793893129771,0.0,0.2595419847328244,0.026717557251908396,0.009541984732824428,0.24236641221374045,0.019083969465648856,0.0057251908396946565,0.003816793893129771,0.007633587786259542,0.011450381679389313,0.0,0.0057251908396946565,0.0057251908396946565,0.0,0.0019083969465648854,0.0057251908396946565,0.003816793893129771,0.0,0.0,0.0,0.33587786259541985,0.0,0.0,0.04580152671755725,0.0,0.003816793893129771,0.0019083969465648854,2.0,0.8031355299999999,0.40156776499999997,524,0.0
67007,Eren Sami Dinkçi,2023-2024,0.0,0.0,0.2743362831858407,0.04424778761061947,0.01327433628318584,0.17256637168141592,0.0,0.017699115044247787,0.03982300884955752,0.0,0.01327433628318584,0.0,0.004424778761061947,0.004424778761061947,0.0,0.0,0.0,0.030973451327433628,0.0,0.0,0.0,0.13274336283185842,0.0,0.0,0.23893805309734514,0.0,0.004424778761061947,0.008849557522123894,1.0,0.08032984,0.08032984,226,130.05115089514067
67714,Aliou Dieng,2023,0.0035714285714285713,0.0,0.25357142857142856,0.017857142857142856,0.025,0.24285714285714285,0.010714285714285714,0.007142857142857143,0.007142857142857143,0.0,0.02142857142857143,0.0,0.014285714285714285,0.0,0.0,0.0,0.007142857142857143,0.0035714285714285713,0.0,0.0,0.0,0.29285714285714287,0.0,0.0,0.07857142857142857,0.0,0.007142857142857143,0.007142857142857143,2.0,0.034495399,0.0172476995,280,174.0331491712707
67737,Ahmed Mohamed Abo El Fotouh Mohamed,2023,0.0,0.0,0.26066350710900477,0.023696682464454975,0.018957345971563982,0.24170616113744076,0.004739336492890996,0.0,0.004739336492890996,0.009478672985781991,0.004739336492890996,0.0,0.009478672985781991,0.009478672985781991,0.0,0.0,0.0,0.0,0.0,0.0,0.0,0.3080568720379147,0.0,0.0,0.08056872037914692,0.0,0.014218009478672985,0.009478672985781991,3.0,0.09230010699999999,0.03076670233333333,211,0.0
67742,Emam Ashour Metwally Abdelghany,2023,0.0,0.0,0.25389755011135856,0.035634743875278395,0.0200445434298441,0.22271714922049,0.011135857461024499,0.013363028953229399,0.0022271714922048997,0.008908685968819599,0.008908685968819599,0.0,0.0066815144766146995,0.008908685968819599,0.0,0.0066815144766146995,0.013363028953229399,0.0066815144766146995,0.0,0.0,0.0,0.26948775055679286,0.0,0.0,0.0957683741648107,0.0,0.015590200445434299,0.0,7.0,0.2511545985,0.035879228357142856,449,0.0
67974,Nkosinathi Sibisi,2023,0.004273504273504274,0.0,0.2905982905982906,0.004273504273504274,0.01282051282051282,0.24358974358974358,0.021367521367521368,0.0,0.0,0.004273504273504274,0.029914529914529916,0.0,0.01282051282051282,0.004273504273504274,0.0,0.0,0.004273504273504274,0.0,0.0,0.0,0.0,0.32905982905982906,0.0,0.0,0.03418803418803419,0.0,0.004273504273504274,0.0,1.0,0.7835,0.7835,234,218.69158878504675
69563,Mohamed Abdelmonem,2023,0.0,0.0,0.282172373081464,0.01770956316410862,0.004722550177095631,0.26092089728453366,0.020070838252656435,0.0,0.0023612750885478157,0.0011806375442739079,0.01770956316410862,0.0,0.0023612750885478157,0.004722550177095631,0.0,0.0023612750885478157,0.0059031877213695395,0.0,0.0,0.0,0.0,0.3364817001180638,0.0,0.0,0.03423848878394333,0.0,0.0070838252656434475,0.0,6.0,0.947505725,0.15791762083333333,847,0.0
70093,Gomolemo Grant Kekana,2023,0.0014684287812041115,0.0,0.26725403817914833,0.020558002936857563,0.013215859030837005,0.24963289280469897,0.042584434654919234,0.0,0.0,0.0014684287812041115,0.016152716593245228,0.0,0.005873715124816446,0.004405286343612335,0.0,0.0,0.004405286343612335,0.0,0.0,0.0,0.0,0.328928046989721,0.0,0.0,0.04405286343612335,0.0,0.0,0.0,0.0,0.0,0.0,681,124.75066151027885
70682,Marwan Attia Fahim Ghallab,2023,0.0,0.0,0.2561307901907357,0.02452316076294278,0.013623978201634877,0.23978201634877383,0.005449591280653951,0.0027247956403269754,0.0,0.013623978201634877,0.013623978201634877,0.0,0.013623978201634877,0.0,0.0,0.0027247956403269754,0.005449591280653951,0.0027247956403269754,0.0,0.0,0.0,0.2997275204359673,0.0,0.0,0.09809264305177112,0.0,0.005449591280653951,0.0027247956403269754,2.0,0.041855802,0.020927901,367,0.0
70783,Omar Kamal Abdel Wahed,2023,0.0,0.0,0.23404255319148937,0.024822695035460994,0.0070921985815602835,0.2198581560283688,0.028368794326241134,0.0,0.02127659574468085,0.010638297872340425,0.024822695035460994,0.0,0.0070921985815602835,0.0070921985815602835,0.0,0.0035460992907801418,0.0,0.0,0.0,0.0,0.0,0.32269503546099293,0.0,0.0,0.0851063829787234,0.0,0.0035460992907801418,0.0,1.0,0.7835,0.7835,282,0.0
70835,Mohamed Hamdy Sharaf,2023,0.0017953321364452424,0.0,0.26570915619389585,0.019748653500897665,0.00718132854578097,0.23159784560143626,0.019748653500897665,0.0,0.005385996409335727,0.00718132854578097,0.019748653500897665,0.0,0.008976660682226212,0.00718132854578097,0.0,0.0,0.010771992818671455,0.003590664272890485,0.0,0.0,0.0,0.34111310592459604,0.0,0.0,0.05026929982046679,0.0,0.0,0.0,0.0,0.0,0.0,557,0.0
74588,Christopher Wooh,2023,0.0,0.0,0.26444833625218916,0.02276707530647986,0.010507880910683012,0.23992994746059546,0.03152364273204904,0.0017513134851138354,0.0017513134851138354,0.0035026269702276708,0.01576182136602452,0.0,0.012259194395796848,0.0035026269702276708,0.0,0.0035026269702276708,0.0070052539404553416,0.0,0.0,0.0,0.0,0.29947460595446584,0.0,0.0,0.07705779334500876,0.0,0.0035026269702276708,0.0017513134851138354,2.0,0.22870897299999998,0.11435448649999999,571,143.1077694235589
77717,Olivia McLoughlin,2020-2021,0.0,0.0,0.13555291319857313,0.06539833531510107,0.026159334126040427,0.17479191438763378,0.022592152199762187,0.02140309155766944,0.019024970273483946,0.027348394768133173,0.03210463733650416,0.0,0.007134363852556481,0.008323424494649227,0.0,0.0011890606420927466,0.028537455410225922,0.007134363852556481,0.0,0.0,0.0,0.20214030915576695,0.0,0.0,0.2164090368608799,0.0,0.0011890606420927466,0.0035671819262782403,1.0,0.026219089,0.026219089,841,119.29078014184397
78072,Anna Patten,2020-2021,0.0024271844660194173,0.0,0.22815533980582525,0.03640776699029126,0.01699029126213592,0.24757281553398058,0.01699029126213592,0.0048543689320388345,0.019417475728155338,0.0,0.012135922330097087,0.0,0.0048543689320388345,0.0024271844660194173,0.0,0.0,0.0024271844660194173,0.0048543689320388345,0.0,0.0,0.0,0.3446601941747573,0.0,0.0,0.05339805825242718,0.0,0.0,0.0024271844660194173,0.0,0.0,0.0,412,161.14732724902217
78072,Anna Patten,2023-2024,0.00024003840614498319,0.00024003840614498319,0.27796447431589055,0.02328372539606337,0.010801728276524244,0.2671627460393663,0.027604416706673067,0.0016802688430148825,0.004560729716754681,0.0016802688430148825,0.012241958713394143,0.00024003840614498319,0.002400384061449832,0.0021603456553048487,0.0,0.00048007681228996637,0.005040806529044647,0.00048007681228996637,0.0,0.00024003840614498319,0.0,0.32357177148343735,0.0,0.0,0.034325492078732596,0.0007201152184349496,0.002640422467594815,0.00024003840614498319,11.0,1.324443815,0.12040398318181818,4166,182.05389657683904
79429,Kiliann Sildillia,2023-2024,0.003278688524590164,0.0,0.2,0.036065573770491806,0.01639344262295082,0.21639344262295082,0.019672131147540985,0.003278688524590164,0.013114754098360656,0.006557377049180328,0.04918032786885246,0.0,0.013114754098360656,0.0,0.0,0.0,0.003278688524590164,0.006557377049180328,0.0,0.0,0.0,0.2819672131147541,0.0,0.0,0.12459016393442623,0.0,0.006557377049180328,0.0,2.0,0.10790730700000001,0.053953653500000004,305,144.47368421052633
81580,Agnes Beever-Jones,2023-2024,0.001451378809869376,0.0,0.3214804063860668,0.026850507982583455,0.013062409288824383,0.20391872278664733,0.0021770682148040637,0.015239477503628448,0.023947750362844702,0.00362844702467344,0.02104499274310595,0.0,0.00362844702467344,0.00725689404934688,0.0,0.002902757619738752,0.001451378809869376,0.019593613933236574,0.000725689404934688,0.0,0.0,0.17198838896952104,0.001451378809869376,0.001451378809869376,0.12264150943396226,0.000725689404934688,0.029753265602322207,0.00362844702467344,41.0,5.987612707,0.14603933431707317,1378,165.9796573875803
84765,Carrie Jones,2023-2024,0.0047805302042590175,0.0,0.22164276401564537,0.049109083007388095,0.012168622338113864,0.18035636679704475,0.004345936549326379,0.01694915254237288,0.018687527162103434,0.010430247718383311,0.03346371142981312,0.000434593654932638,0.010430247718383311,0.007822685788787484,0.0,0.002607561929595828,0.009126466753585397,0.015210777922642329,0.0,0.0,0.0,0.16166883963494133,0.0,0.0,0.22946544980443284,0.0,0.008691873098652759,0.002607561929595828,20.0,2.238353869,0.11191769345,2301,135.45032376218197
84901,Catarina Cantanhede Melônio Macário,2023-2024,0.005931198102016607,0.0,0.30604982206405695,0.022538552787663108,0.011862396204033215,0.20759193357058126,0.005931198102016607,0.011862396204033215,0.0166073546856465,0.0011862396204033216,0.014234875444839857,0.0011862396204033216,0.0035587188612099642,0.0035587188612099642,0.0,0.0035587188612099642,0.0,0.00830367734282325,0.0,0.0011862396204033216,0.0,0.2514827995255042,0.0011862396204033216,0.0011862396204033216,0.09845788849347568,0.0,0.018979833926453145,0.0035587188612099642,16.0,1.314119142,0.082132446375,843,0.0
85004,Maisie Symonds,2023-2024,0.0015022533800701052,0.000500751126690035,0.21081622433650477,0.05207811717576365,0.013520280420630946,0.22333500250375563,0.004506760140210316,0.006509764646970456,0.01602403605408112,0.005007511266900351,0.018527791687531298,0.0,0.011517275913870806,0.005508262393590386,0.0,0.00100150225338007,0.007511266900350526,0.008512769153730596,0.0,0.0,0.0,0.24236354531797696,0.000500751126690035,0.000500751126690035,0.16174261392088132,0.0,0.004506760140210316,0.00400600901352028,9.0,0.317794488,0.03531049866666666,1997,189.70867637745408
86067,Himid Mao Mkami,2023,0.006696428571428571,0.0,0.26785714285714285,0.03125,0.013392857142857142,0.22767857142857142,0.004464285714285714,0.002232142857142857,0.0,0.004464285714285714,0.008928571428571428,0.0,0.011160714285714286,0.006696428571428571,0.0,0.0,0.002232142857142857,0.004464285714285714,0.0,0.0,0.0,0.3125,0.0,0.0,0.09151785714285714,0.0,0.0,0.004464285714285714,0.0,0.0,0.0,448,171.7937792927141
87191,Rikke Marie Madsen,2023-2024,0.004048582995951417,0.0,0.23279352226720648,0.032388663967611336,0.012145748987854251,0.15789473684210525,0.004048582995951417,0.01417004048582996,0.016194331983805668,0.016194331983805668,0.024291497975708502,0.0,0.0020242914979757085,0.004048582995951417,0.0,0.0,0.012145748987854251,0.010121457489878543,0.0,0.0,0.0,0.15991902834008098,0.0020242914979757085,0.0020242914979757085,0.2793522267206478,0.0,0.006072874493927126,0.008097165991902834,3.0,0.95342772,0.31780924,494,162.91681934774644
87194,Celin Bizet Ildhusøy,2023-2024,0.004129129129129129,0.0,0.2515015015015015,0.033783783783783786,0.02027027027027027,0.21133633633633633,0.00563063063063063,0.009009009009009009,0.027402402402402402,0.007132132132132132,0.02364864864864865,0.0,0.008633633633633633,0.00563063063063063,0.0,0.002627627627627628,0.009384384384384385,0.01951951951951952,0.0,0.0,0.0,0.19256756756756757,0.0007507507507507507,0.0007507507507507507,0.14827327327327328,0.0007507507507507507,0.010885885885885885,0.0063813813813813815,29.0,2.767099772,0.09541723351724138,2664,162.04379562043795
87429,Mathías Adalberto Villasanti Rolón,2024,0.004878048780487805,0.0,0.24878048780487805,0.02926829268292683,0.014634146341463415,0.22682926829268293,0.00975609756097561,0.007317073170731708,0.014634146341463415,0.0024390243902439024,0.01707317073170732,0.0,0.01707317073170732,0.014634146341463415,0.0,0.0,0.004878048780487805,0.004878048780487805,0.0,0.0,0.0,0.24878048780487805,0.0,0.0,0.12195121951219512,0.0,0.007317073170731708,0.004878048780487805,3.0,0.4108115,0.13693716666666667,410,0.0
87449,Damián Josué Bobadilla Benítez,2024,0.008547008547008548,0.0,0.22507122507122507,0.03418803418803419,0.008547008547008548,0.22792022792022792,0.002849002849002849,0.005698005698005698,0.002849002849002849,0.02564102564102564,0.011396011396011397,0.0,0.011396011396011397,0.008547008547008548,0.0,0.0,0.005698005698005698,0.005698005698005698,0.0,0.0,0.0,0.25071225071225073,0.0,0.0,0.14814814814814814,0.0,0.011396011396011397,0.005698005698005698,4.0,0.174554283,0.04363857075,351,0.0
87603,Ramón Sosa Acosta,2024,0.0,0.0,0.31196581196581197,0.017094017094017096,0.004273504273504274,0.2564102564102564,0.0,0.008547008547008548,0.021367521367521368,0.004273504273504274,0.004273504273504274,0.0,0.017094017094017096,0.008547008547008548,0.0,0.0,0.004273504273504274,0.029914529914529916,0.0,0.0,0.0,0.24358974358974358,0.0,0.0,0.05555555555555555,0.0,0.01282051282051282,0.0,3.0,0.135153513,0.045051171,234,0.0
90913,Zito André Sebastião Luvumbo,2023,0.0,0.0,0.3237704918032787,0.03278688524590164,0.004098360655737705,0.19672131147540983,0.004098360655737705,0.01639344262295082,0.020491803278688523,0.00819672131147541,0.012295081967213115,0.0,0.01639344262295082,0.012295081967213115,0.0,0.0,0.004098360655737705,0.020491803278688523,0.0,0.0,0.0,0.1762295081967213,0.0,0.0,0.13524590163934427,0.0,0.012295081967213115,0.004098360655737705,3.0,0.14300051,0.04766683666666666,244,0.0
91089,José Fajardo Nelson,2024,0.0,0.0,0.32142857142857145,0.01098901098901099,0.019230769230769232,0.1510989010989011,0.013736263736263736,0.008241758241758242,0.01098901098901099,0.005494505494505495,0.027472527472527472,0.0,0.013736263736263736,0.013736263736263736,0.0,0.0027472527472527475,0.0,0.027472527472527472,0.0,0.0,0.0,0.17582417582417584,0.0027472527472527475,0.0027472527472527475,0.1620879120879121,0.0,0.02197802197802198,0.008241758241758242,8.0,0.803389992,0.100423749,364,109.23641213737915
92248,Khiara Keating,2023-2024,0.0,0.0,0.2673022598870056,0.02401129943502825,0.00035310734463276836,0.2567090395480226,0.0,0.0,0.0,0.0,0.0,0.001059322033898305,0.00035310734463276836,0.0007062146892655367,0.08721751412429378,0.005649717514124294,0.0,0.00035310734463276836,0.0,0.00035310734463276836,0.0,0.3548728813559322,0.0,0.0,0.001059322033898305,0.0,0.0,0.0,0.0,0.0,0.0,2832,121.95215311004785
95272,Hiroki Ito,2023-2024,0.0,0.0,0.26108374384236455,0.024630541871921183,0.014778325123152709,0.2660098522167488,0.019704433497536946,0.0049261083743842365,0.0,0.0049261083743842365,0.0,0.0049261083743842365,0.0,0.0049261083743842365,0.0,0.0,0.0049261083743842365,0.0,0.0,0.0,0.0,0.35960591133004927,0.0,0.0,0.029556650246305417,0.0,0.0,0.0,0.0,0.0,0.0,203,192.31578947368422
101509,Piero Aldair Quispe Córdova,2024,0.004464285714285714,0.0,0.20982142857142858,0.03571428571428571,0.022321428571428572,0.20982142857142858,0.0,0.013392857142857142,0.004464285714285714,0.004464285714285714,0.03571428571428571,0.0,0.0,0.017857142857142856,0.0,0.0,0.0,0.008928571428571428,0.0,0.0,0.0,0.20982142857142858,0.0,0.0,0.20982142857142858,0.0,0.004464285714285714,0.008928571428571428,1.0,0.20834462,0.20834462,224,0.0
102667,Hemeya Tanjy,2023,0.009433962264150943,0.0,0.25,0.03773584905660377,0.014150943396226415,0.2169811320754717,0.009433962264150943,0.0,0.02358490566037736,0.0047169811320754715,0.0660377358490566,0.0,0.0047169811320754715,0.0047169811320754715,0.0,0.0047169811320754715,0.009433962264150943,0.014150943396226415,0.0,0.0,0.0,0.18867924528301888,0.0,0.0,0.11320754716981132,0.0,0.018867924528301886,0.009433962264150943,4.0,0.254331824,0.063582956,212,139.27007299270073
102722,Siyanda Xulu,2023,0.002028397565922921,0.0,0.29411764705882354,0.010141987829614604,0.012170385395537525,0.25963488843813387,0.028397565922920892,0.0,0.0,0.0,0.010141987829614604,0.002028397565922921,0.002028397565922921,0.002028397565922921,0.0,0.0,0.004056795131845842,0.0,0.0,0.0,0.0,0.34685598377281945,0.0,0.0,0.02028397565922921,0.0,0.004056795131845842,0.002028397565922921,2.0,0.86153174,0.43076587,493,167.43396226415095
102800,Issoufou Dayo,2023,0.0,0.0,0.2725274725274725,0.02857142857142857,0.002197802197802198,0.24175824175824176,0.041758241758241756,0.0,0.0,0.0,0.013186813186813187,0.0,0.006593406593406593,0.0,0.0,0.002197802197802198,0.008791208791208791,0.0,0.0,0.0,0.0,0.34945054945054943,0.0,0.0,0.02857142857142857,0.0,0.004395604395604396,0.0,2.0,0.281302987,0.1406514935,455,107.76315789473685
102992,Djigui Diarra,2023,0.0,0.0,0.19078947368421054,0.029605263157894735,0.0,0.19407894736842105,0.0,0.0,0.0,0.0,0.0,0.0,0.0,0.006578947368421052,0.17434210526315788,0.003289473684210526,0.0,0.0,0.0,0.0,0.0,0.40131578947368424,0.0,0.0,0.0,0.0,0.0,0.0,0.0,0.0,0.0,304,57.6
103208,Kialonda Gaspar,2023,0.0,0.0,0.247244094488189,0.01732283464566929,0.02204724409448819,0.2251968503937008,0.07086614173228346,0.0015748031496062992,0.004724409448818898,0.0015748031496062992,0.014173228346456693,0.0015748031496062992,0.004724409448818898,0.006299212598425197,0.0,0.0015748031496062992,0.011023622047244094,0.0015748031496062992,0.0,0.0,0.0,0.3165354330708661,0.0,0.0,0.048818897637795275,0.0,0.0031496062992125984,0.0,2.0,0.090518009,0.0452590045,635,120.3157894736842
103262,Aishi Manula,2023,0.0,0.0,0.21705426356589147,0.03488372093023256,0.0,0.18604651162790697,0.0,0.0,0.0,0.0,0.0,0.0,0.0,0.007751937984496124,0.15503875968992248,0.0,0.0,0.0,0.0,0.0,0.0,0.3992248062015504,0.0,0.0,0.0,0.0,0.0,0.0,0.0,0.0,0.0,258,81.47368421052632
103268,Faisal Salum Abdalla,2023,0.0,0.0,0.2719298245614035,0.023391812865497075,0.0029239766081871343,0.24853801169590642,0.0029239766081871343,0.0029239766081871343,0.0029239766081871343,0.0029239766081871343,0.02046783625730994,0.0,0.005847953216374269,0.014619883040935672,0.0,0.0029239766081871343,0.0029239766081871343,0.011695906432748537,0.0,0.0,0.0,0.2719298245614035,0.0029239766081871343,0.0029239766081871343,0.09649122807017543,0.0,0.0029239766081871343,0.005847953216374269,1.0,0.0073081446,0.0073081446,342,188.71857755977928
103269,Bakari Nondo Mwamnyeto,2023,0.0,0.0,0.29525483304042177,0.01054481546572935,0.01757469244288225,0.2601054481546573,0.029876977152899824,0.0017574692442882249,0.0035149384885764497,0.0017574692442882249,0.012302284710017574,0.0,0.0017574692442882249,0.0,0.0,0.0017574692442882249,0.0035149384885764497,0.0,0.0,0.0,0.0,0.3286467486818981,0.0017574692442882249,0.0017574692442882249,0.028119507908611598,0.0,0.0,0.0,0.0,0.0,0.0,569,179.68421052631578
103270,Simon Happygod Msuva,2023,0.0027247956403269754,0.0,0.4032697547683924,0.013623978201634877,0.008174386920980926,0.17438692098092642,0.0,0.01634877384196185,0.010899182561307902,0.0,0.03814713896457766,0.0,0.013623978201634877,0.01634877384196185,0.0,0.0,0.0,0.013623978201634877,0.0,0.0,0.0,0.18256130790190736,0.0,0.0,0.09264305177111716,0.0,0.010899182561307902,0.0027247956403269754,4.0,0.184380402,0.0460951005,367,139.07368421052632
103464,Mohamed Youcef Belaïli,2023,0.0021929824561403508,0.0,0.33771929824561403,0.02412280701754386,0.0043859649122807015,0.23684210526315788,0.0,0.006578947368421052,0.006578947368421052,0.0,0.017543859649122806,0.0,0.0043859649122807015,0.010964912280701754,0.0,0.0021929824561403508,0.0,0.008771929824561403,0.0,0.0,0.0,0.2719298245614035,0.0,0.0,0.039473684210526314,0.0,0.021929824561403508,0.0043859649122807015,10.0,0.314015351,0.0314015351,456,236.8147720715522
103465,Baghdad Bounedjah,2023,0.00425531914893617,0.00425531914893617,0.3659574468085106,0.02553191489361702,0.01702127659574468,0.1148936170212766,0.01276595744680851,0.00851063829787234,0.00851063829787234,0.00425531914893617,0.02553191489361702,0.0,0.01702127659574468,0.01276595744680851,0.0,0.00425531914893617,0.0,0.01702127659574468,0.0,0.0,0.0,0.13617021276595745,0.0,0.0,0.17872340425531916,0.0,0.03829787234042553,0.00425531914893617,9.0,1.89089231,0.21009914555555553,235,82.45614035087719
103803,Prins Menelik Tjiueza,2023,0.0,0.0,0.24089635854341737,0.03081232492997199,0.011204481792717087,0.16806722689075632,0.0028011204481792717,0.008403361344537815,0.011204481792717087,0.0028011204481792717,0.036414565826330535,0.0,0.0196078431372549,0.022408963585434174,0.0,0.0056022408963585435,0.0,0.025210084033613446,0.0,0.0,0.0,0.16246498599439776,0.0028011204481792717,0.0028011204481792717,0.22969187675070027,0.0,0.0056022408963585435,0.011204481792717087,2.0,0.43541135,0.217705675,357,130.4506699147381
103804,Absalom Iimbondi,2023,0.0,0.0,0.2608695652173913,0.031055900621118012,0.024844720496894408,0.16770186335403728,0.003105590062111801,0.009316770186335404,0.009316770186335404,0.006211180124223602,0.040372670807453416,0.0,0.009316770186335404,0.003105590062111801,0.0,0.003105590062111801,0.009316770186335404,0.006211180124223602,0.0,0.0,0.0,0.2329192546583851,0.0,0.0,0.17701863354037267,0.0,0.003105590062111801,0.003105590062111801,1.0,0.45921856,0.45921856,322,123.89910218041898
104179,Orlando Mosquera,2024,0.0,0.0,0.21052631578947367,0.04093567251461988,0.0,0.2222222222222222,0.0,0.0,0.0,0.0029239766081871343,0.0,0.0029239766081871343,0.0029239766081871343,0.0,0.14619883040935672,0.023391812865497075,0.0,0.0,0.0,0.0,0.0,0.34502923976608185,0.0,0.0,0.0029239766081871343,0.0,0.0,0.0,0.0,0.0,0.0,342,81.0
105102,Veatriki Sarri,2023-2024,0.00390625,0.0006510416666666666,0.23828125,0.04296875,0.016927083333333332,0.19596354166666666,0.004557291666666667,0.021484375,0.013671875,0.014973958333333334,0.028645833333333332,0.0,0.008463541666666666,0.00390625,0.0,0.0,0.005208333333333333,0.018229166666666668,0.0006510416666666666,0.0,0.0,0.17903645833333334,0.0,0.0,0.18815104166666666,0.0,0.009114583333333334,0.005208333333333333,14.0,1.781586016,0.12725614400000002,1536,169.3702523891203
105182,Lassine Sinayoko,2023,0.006172839506172839,0.0015432098765432098,0.33641975308641975,0.016975308641975308,0.013888888888888888,0.15895061728395063,0.004629629629629629,0.010802469135802469,0.010802469135802469,0.0030864197530864196,0.026234567901234566,0.0,0.018518518518518517,0.013888888888888888,0.0,0.0030864197530864196,0.0015432098765432098,0.020061728395061727,0.0,0.0,0.0,0.16666666666666666,0.0015432098765432098,0.0015432098765432098,0.16203703703703703,0.0,0.013888888888888888,0.007716049382716049,9.0,1.525603914,0.16951154599999999,648,145.76355911022242
105392,Simon Adingra,2023,0.0,0.0,0.2826603325415677,0.023752969121140142,0.011876484560570071,0.2161520190023753,0.0,0.019002375296912115,0.030878859857482184,0.009501187648456057,0.021377672209026127,0.0,0.009501187648456057,0.0166270783847981,0.0,0.0,0.004750593824228029,0.014251781472684086,0.0023752969121140144,0.0,0.0,0.21140142517814728,0.0,0.0,0.10926365795724466,0.0,0.014251781472684086,0.0023752969121140144,6.0,0.4053046315,0.06755077191666667,421,166.69599648042234
105764,Basilio Ndong Owono Nchamaaa,2023,0.00202020202020202,0.0,0.19797979797979798,0.04040404040404041,0.020202020202020204,0.18181818181818182,0.01616161616161616,0.00808080808080808,0.010101010101010102,0.01818181818181818,0.03434343434343434,0.0,0.01616161616161616,0.020202020202020204,0.0,0.00202020202020202,0.00202020202020202,0.010101010101010102,0.0,0.0,0.0,0.2727272727272727,0.00202020202020202,0.00202020202020202,0.1393939393939394,0.00202020202020202,0.00202020202020202,0.0,1.0,0.024053952,0.024053952,495,0.0
105765,Jesús Lázaro Owono Ngua Akeng,2023,0.0,0.0024691358024691358,0.15308641975308643,0.04691358024691358,0.0,0.1654320987654321,0.0024691358024691358,0.0,0.0,0.0,0.0,0.0,0.0,0.0024691358024691358,0.22469135802469137,0.014814814814814815,0.0,0.0,0.0,0.0,0.0,0.38765432098765434,0.0,0.0,0.0,0.0,0.0,0.0,0.0,0.0,0.0,405,0.0
105766,Mohamed Hussein Mohamed,2023,0.0035211267605633804,0.0,0.2482394366197183,0.03169014084507042,0.01056338028169014,0.2306338028169014,0.01584507042253521,0.0017605633802816902,0.0035211267605633804,0.01056338028169014,0.02112676056338028,0.0,0.0035211267605633804,0.0035211267605633804,0.0,0.0,0.008802816901408451,0.0017605633802816902,0.0,0.0,0.0,0.3573943661971831,0.0,0.0,0.04401408450704225,0.0017605633802816902,0.0017605633802816902,0.0,1.0,0.0065039494,0.0065039494,568,179.3684210526316
105932,Josimar José Évora Dias,2023,0.0,0.0,0.18631178707224336,0.055133079847908745,0.0,0.1920152091254753,0.0,0.0,0.0019011406844106464,0.0,0.0,0.0,0.0,0.0038022813688212928,0.17110266159695817,0.017110266159695818,0.0,0.0,0.0,0.0,0.0,0.3726235741444867,0.0,0.0,0.0,0.0,0.0,0.0,0.0,0.0,0.0,526,0.0
105942,Pablo Ganet Cómitre,2023,0.008016032064128256,0.0,0.23847695390781562,0.018036072144288578,0.012024048096192385,0.22444889779559118,0.01603206412825651,0.002004008016032064,0.004008016032064128,0.01002004008016032,0.01002004008016032,0.002004008016032064,0.014028056112224449,0.01002004008016032,0.0,0.004008016032064128,0.0,0.01002004008016032,0.0,0.0,0.0,0.28857715430861725,0.002004008016032064,0.002004008016032064,0.11022044088176353,0.0,0.008016032064128256,0.006012024048096192,4.0,0.11724965,0.0293124125,499,0.0
105944,Wajdi Kechrida,2023,0.0,0.0,0.26865671641791045,0.012437810945273632,0.017412935323383085,0.19651741293532338,0.024875621890547265,0.009950248756218905,0.0024875621890547263,0.004975124378109453,0.014925373134328358,0.0,0.004975124378109453,0.0,0.0,0.0,0.007462686567164179,0.004975124378109453,0.0,0.0,0.0,0.34328358208955223,0.0,0.0,0.0845771144278607,0.0,0.0024875621890547263,0.0,1.0,0.033315178,0.033315178,402,126.94736842105263
105946,Henoc Inonga Baka,2023,0.0016286644951140066,0.0,0.2671009771986971,0.029315960912052116,0.014657980456026058,0.24267100977198697,0.029315960912052116,0.0,0.0,0.0016286644951140066,0.013029315960912053,0.0,0.0,0.004885993485342019,0.0,0.0016286644951140066,0.011400651465798045,0.0,0.0,0.0,0.0,0.3241042345276873,0.0016286644951140066,0.0016286644951140066,0.04723127035830619,0.003257328990228013,0.003257328990228013,0.0016286644951140066,2.0,0.8323237099999999,0.41616185499999997,614,153.5
106070,Bruno Alberto Langa,2023,0.006097560975609756,0.0,0.27134146341463417,0.03048780487804878,0.012195121951219513,0.23780487804878048,0.012195121951219513,0.006097560975609756,0.021341463414634148,0.0,0.012195121951219513,0.0,0.006097560975609756,0.01524390243902439,0.0,0.0,0.009146341463414634,0.009146341463414634,0.003048780487804878,0.0,0.0,0.29573170731707316,0.0,0.0,0.036585365853658534,0.0,0.012195121951219513,0.003048780487804878,4.0,0.22677744660000002,0.056694361650000004,328,0.0
106074,Elias Gaspar Pelembe,2023,0.0,0.0,0.3087557603686636,0.03225806451612903,0.004608294930875576,0.22580645161290322,0.0,0.009216589861751152,0.009216589861751152,0.004608294930875576,0.009216589861751152,0.0,0.004608294930875576,0.02304147465437788,0.0,0.0,0.004608294930875576,0.009216589861751152,0.0,0.0,0.0,0.25806451612903225,0.0,0.0,0.09216589861751152,0.0,0.0,0.004608294930875576,0.0,0.0,0.0,217,0.0
106681,Ismahila Ouédraogo,2023,0.0,0.0,0.2029520295202952,0.025830258302583026,0.01845018450184502,0.1918819188191882,0.0036900369003690036,0.01107011070110701,0.0036900369003690036,0.014760147601476014,0.02214022140221402,0.0,0.014760147601476014,0.01845018450184502,0.0,0.0036900369003690036,0.007380073800738007,0.0036900369003690036,0.0,0.0,0.0,0.23985239852398524,0.0,0.0,0.21033210332103322,0.0,0.0,0.007380073800738007,0.0,0.0,0.0,271,114.45330830595962
107491,Emily Ann Fox,2023-2024,0.0015814443858724301,0.0,0.2430152872957301,0.04111755403268318,0.004744333157617291,0.25355824986821296,0.00790722192936215,0.006852925672113864,0.004744333157617291,0.0010542962572482868,0.013705851344227728,0.0,0.0021085925144965737,0.004744333157617291,0.0,0.0,0.008961518186610437,0.004744333157617291,0.0,0.0,0.0,0.3410648392198208,0.0,0.0,0.05324196099103848,0.0,0.004744333157617291,0.0021085925144965737,9.0,0.730509131,0.08116768122222223,1897,205.9469240048251
108340,Brandon Aguilera Zamora,2024,0.004166666666666667,0.0,0.22083333333333333,0.06666666666666667,0.004166666666666667,0.1875,0.020833333333333332,0.008333333333333333,0.008333333333333333,0.004166666666666667,0.020833333333333332,0.0,0.0125,0.008333333333333333,0.0,0.004166666666666667,0.0,0.004166666666666667,0.0,0.0,0.0,0.275,0.0,0.0,0.14166666666666666,0.0,0.0,0.008333333333333333,0.0,0.0,0.0,240,0.0
112522,Missy Goodwin,2023-2024,0.0009124087591240876,0.0,0.2728102189781022,0.046532846715328466,0.017335766423357664,0.20072992700729927,0.002737226277372263,0.020985401459854013,0.02645985401459854,0.008211678832116789,0.01824817518248175,0.0,0.005474452554744526,0.011861313868613138,0.0,0.0036496350364963502,0.0036496350364963502,0.01916058394160584,0.0,0.0,0.0,0.16149635036496351,0.0018248175182481751,0.0018248175182481751,0.15967153284671534,0.0009124087591240876,0.009124087591240875,0.006386861313868613,10.0,0.9789525135,0.09789525135,1096,131.71317932968353
113450,Jon Mikel Aramburu Mejías,2024,0.0,0.0,0.1766109785202864,0.028639618138424822,0.02386634844868735,0.19331742243436753,0.016706443914081145,0.002386634844868735,0.00477326968973747,0.014319809069212411,0.06205250596658711,0.0,0.014319809069212411,0.011933174224343675,0.0,0.0,0.00954653937947494,0.00477326968973747,0.0,0.0,0.0,0.2840095465393795,0.0,0.0,0.14558472553699284,0.002386634844868735,0.002386634844868735,0.002386634844868735,1.0,0.025802951,0.025802951,419,139.15129151291512
113717,Carmelo Algarañaz Añez,2024,0.0045871559633027525,0.0,0.3119266055045872,0.03669724770642202,0.013761467889908258,0.16055045871559634,0.009174311926605505,0.04128440366972477,0.01834862385321101,0.0,0.0779816513761468,0.0,0.027522935779816515,0.0045871559633027525,0.0,0.0,0.009174311926605505,0.03669724770642202,0.0,0.0,0.0,0.10091743119266056,0.0,0.0,0.13302752293577982,0.0,0.009174311926605505,0.0045871559633027525,2.0,0.0117286705,0.00586433525,218,95.75402635431917
113732,Gabriel Alejandro Villamíl Cortéz,2024,0.002398081534772182,0.002398081534772182,0.23980815347721823,0.050359712230215826,0.014388489208633094,0.21103117505995203,0.007194244604316547,0.007194244604316547,0.007194244604316547,0.0,0.011990407673860911,0.0,0.026378896882494004,0.0,0.0,0.0,0.009592326139088728,0.0,0.0,0.0,0.0,0.29256594724220625,0.0,0.0,0.1079136690647482,0.0,0.007194244604316547,0.002398081534772182,3.0,0.152613394,0.05087113133333334,417,148.51602690937872
113995,Ramiro Vaca Ponce,2024,0.007272727272727273,0.0,0.2690909090909091,0.03272727272727273,0.014545454545454545,0.2,0.01090909090909091,0.014545454545454545,0.0,0.0,0.014545454545454545,0.0,0.014545454545454545,0.007272727272727273,0.0,0.0,0.0036363636363636364,0.007272727272727273,0.0,0.0,0.0,0.26545454545454544,0.0,0.0,0.12727272727272726,0.0,0.0036363636363636364,0.007272727272727273,1.0,0.0265427,0.0265427,275,141.83381088825215
114003,José Manuel Sagredo Chávez,2024,0.0,0.0,0.24514563106796117,0.024271844660194174,0.019417475728155338,0.21601941747572814,0.024271844660194174,0.0,0.009708737864077669,0.009708737864077669,0.03398058252427184,0.0,0.0,0.009708737864077669,0.0,0.0,0.012135922330097087,0.0,0.0,0.0,0.0,0.29854368932038833,0.0,0.0,0.0970873786407767,0.0,0.0,0.0,0.0,0.0,0.0,412,0.0
125324,Lloyd Junior Kazapua,2023,0.0,0.0,0.15737704918032788,0.07868852459016394,0.0,0.18360655737704917,0.0,0.0,0.0,0.0,0.0,0.0,0.0,0.003278688524590164,0.1737704918032787,0.009836065573770493,0.0,0.0,0.0,0.0,0.0,0.3901639344262295,0.0,0.0,0.003278688524590164,0.0,0.0,0.0,0.0,0.0,0.0,305,72.23684210526316
125333,Petrus Shitembi,2023,0.0033444816053511705,0.0,0.2040133779264214,0.07023411371237458,0.006688963210702341,0.20735785953177258,0.006688963210702341,0.006688963210702341,0.010033444816053512,0.0033444816053511705,0.030100334448160536,0.0,0.013377926421404682,0.010033444816053512,0.0,0.0,0.006688963210702341,0.020066889632107024,0.0,0.0,0.0,0.21739130434782608,0.0,0.0,0.17391304347826086,0.0,0.0033444816053511705,0.006688963210702341,1.0,0.0843009,0.0843009,299,188.9747191011236
127300,Geny Cipriano Catamo,2023,0.0034965034965034965,0.0,0.3076923076923077,0.013986013986013986,0.0034965034965034965,0.23426573426573427,0.0034965034965034965,0.024475524475524476,0.017482517482517484,0.0,0.013986013986013986,0.0,0.006993006993006993,0.027972027972027972,0.0,0.01048951048951049,0.006993006993006993,0.013986013986013986,0.0,0.0,0.0,0.22727272727272727,0.0034965034965034965,0.0034965034965034965,0.06293706293706294,0.0,0.013986013986013986,0.0,4.0,0.9177141449999999,0.22942853624999998,286,135.47368421052633
128881,Cristóvão Paciência Mabululo,2023,0.0,0.00477326968973747,0.3723150357995227,0.026252983293556086,0.0,0.1288782816229117,0.002386634844868735,0.00477326968973747,0.011933174224343675,0.007159904534606206,0.0405727923627685,0.0,0.00954653937947494,0.011933174224343675,0.0,0.002386634844868735,0.0,0.028639618138424822,0.007159904534606206,0.0,0.0,0.1360381861575179,0.0,0.0,0.16706443914081145,0.0,0.03341288782816229,0.00477326968973747,14.0,1.9330547114999999,0.13807533653571427,419,0.0
130193,Jefferson Brenes Rojas,2024,0.003861003861003861,0.0,0.20077220077220076,0.04247104247104247,0.015444015444015444,0.19305019305019305,0.003861003861003861,0.003861003861003861,0.003861003861003861,0.011583011583011582,0.019305019305019305,0.0,0.019305019305019305,0.007722007722007722,0.0,0.007722007722007722,0.011583011583011582,0.003861003861003861,0.0,0.0,0.0,0.28185328185328185,0.0,0.0,0.1583011583011583,0.0,0.003861003861003861,0.007722007722007722,1.0,0.028247055,0.028247055,259,136.55536028119508
131243,Deniz Undav,2023-2024,0.0,0.0037593984962406013,0.3157894736842105,0.018796992481203006,0.0037593984962406013,0.18796992481203006,0.0,0.011278195488721804,0.011278195488721804,0.0037593984962406013,0.018796992481203006,0.0,0.015037593984962405,0.011278195488721804,0.0,0.0,0.0037593984962406013,0.022556390977443608,0.0,0.0,0.0,0.16917293233082706,0.0,0.0,0.16165413533834586,0.0,0.03383458646616541,0.007518796992481203,9.0,0.6293004036000001,0.06992226706666667,266,150.8506616257089
131575,Mengwen Li,2023-2024,0.002574002574002574,0.0,0.21106821106821108,0.032175032175032175,0.018018018018018018,0.20077220077220076,0.02702702702702703,0.005148005148005148,0.006435006435006435,0.002574002574002574,0.021879021879021878,0.0,0.003861003861003861,0.005148005148005148,0.0,0.001287001287001287,0.009009009009009009,0.006435006435006435,0.0,0.0,0.0,0.30115830115830117,0.0,0.0,0.13384813384813385,0.001287001287001287,0.003861003861003861,0.006435006435006435,3.0,0.19828942300000002,0.06609647433333334,777,0.0
131586,Kyra Lillee Cooney-Cross,2023-2024,0.003134796238244514,0.0,0.26332288401253917,0.03761755485893417,0.008620689655172414,0.2656739811912226,0.004702194357366771,0.008620689655172414,0.012539184952978056,0.0007836990595611285,0.008620689655172414,0.0,0.003134796238244514,0.006269592476489028,0.0,0.0,0.006269592476489028,0.007836990595611285,0.0,0.0,0.0,0.29702194357366773,0.0,0.0,0.05956112852664577,0.0,0.003134796238244514,0.003134796238244514,4.0,0.142010647,0.03550266175,1276,191.91176470588235
131588,Teagan Jade Micah,2023-2024,0.0,0.0,0.2598214285714286,0.03125,0.0008928571428571428,0.2375,0.0,0.0,0.0,0.0017857142857142857,0.0,0.0008928571428571428,0.0017857142857142857,0.0,0.1,0.0026785714285714286,0.0,0.0,0.0,0.0008928571428571428,0.0,0.35982142857142857,0.0,0.0,0.0026785714285714286,0.0,0.0,0.0,0.0,0.0,0.0,1120,0.0
131589,Anna Jessica Leat,2023-2024,0.0,0.0,0.2183507549361208,0.036004645760743324,0.0,0.2229965156794425,0.0,0.0,0.0,0.0,0.0,0.0011614401858304297,0.0011614401858304297,0.0,0.1440185830429733,0.003484320557491289,0.0,0.0,0.0,0.0,0.0,0.37282229965156793,0.0,0.0,0.0,0.0,0.0,0.0,0.0,0.0,0.0,861,116.52631578947368
131653,Honoka Hayashi,2023-2024,0.002305032654629274,0.0,0.23319247022666154,0.042258932001536686,0.013061851709565886,0.2139838647714176,0.009604302727621975,0.009988474836726853,0.006530925854782943,0.00768344218209758,0.024587014982712256,0.000768344218209758,0.0034575489819439107,0.0034575489819439107,0.0,0.001920860545524395,0.009604302727621975,0.00768344218209758,0.0,0.0,0.0,0.24817518248175183,0.000384172109104879,0.000384172109104879,0.15097963887821744,0.000384172109104879,0.004994237418363427,0.004610065309258548,13.0,1.052027611,0.08092520084615384,2603,134.86270220482413
132033,Courtney Jade Nevin,2023-2024,0.0031762837480148226,0.0,0.2382212811011117,0.03493912122816305,0.006881948120698782,0.2043409211222869,0.02011646373742721,0.005293806246691371,0.008999470619375331,0.0037056643726839597,0.02593965060878772,0.0010587612493382743,0.006881948120698782,0.0031762837480148226,0.0,0.0005293806246691371,0.009528851244044468,0.01111699311805188,0.0,0.0005293806246691371,0.0,0.31286394917946003,0.0,0.0,0.09793541556379036,0.0,0.0026469031233456856,0.0021175224986765486,5.0,0.2187728965,0.0437545793,1889,139.99505928853756
132034,Charlotte Layne Grant,2023-2024,0.001215066828675577,0.0,0.23572296476306198,0.03645200486026731,0.02187120291616039,0.212636695018226,0.01701093560145808,0.009720534629404616,0.007290400972053463,0.004860267314702308,0.018226002430133656,0.0,0.00850546780072904,0.002430133657351154,0.0,0.0,0.004860267314702308,0.018226002430133656,0.0,0.0,0.0,0.27946537059538273,0.0,0.0,0.11057108140947752,0.001215066828675577,0.006075334143377886,0.0036452004860267314,5.0,1.1568533699999999,0.23137067399999997,823,149.24440862381624
132461,Mohamed Elias Achouri,2023,0.005128205128205128,0.0,0.2846153846153846,0.03333333333333333,0.007692307692307693,0.19743589743589743,0.005128205128205128,0.03333333333333333,0.015384615384615385,0.005128205128205128,0.028205128205128206,0.0,0.01282051282051282,0.005128205128205128,0.0,0.002564102564102564,0.0,0.01282051282051282,0.0,0.0,0.0,0.19230769230769232,0.002564102564102564,0.002564102564102564,0.14358974358974358,0.0,0.002564102564102564,0.007692307692307693,1.0,0.076856606,0.076856606,390,152.40990013026487
132516,Orlando Moisés Galo Calderón,2024,0.002967359050445104,0.0,0.18694362017804153,0.05341246290801187,0.032640949554896145,0.17210682492581603,0.032640949554896145,0.008902077151335312,0.017804154302670624,0.008902077151335312,0.04451038575667656,0.0,0.017804154302670624,0.017804154302670624,0.0,0.002967359050445104,0.008902077151335312,0.005934718100890208,0.0,0.0,0.0,0.20771513353115728,0.0,0.0,0.17210682492581603,0.0,0.005934718100890208,0.0,2.0,0.055639383,0.0278196915,337,106.42105263157895
132711,Sekou Oumar Sylla,2023,0.007407407407407408,0.0,0.25555555555555554,0.040740740740740744,0.022222222222222223,0.1814814814814815,0.007407407407407408,0.003703703703703704,0.014814814814814815,0.007407407407407408,0.044444444444444446,0.0,0.014814814814814815,0.03333333333333333,0.0,0.0,0.0,0.014814814814814815,0.0,0.0,0.0,0.1925925925925926,0.0,0.0,0.13333333333333333,0.0,0.014814814814814815,0.011111111111111112,4.0,0.3672732534,0.09181831335,270,78.81933181965617
132800,Kevin Lenini Gonçalves Pereira de Pina,2023,0.001451378809869376,0.0,0.2351233671988389,0.03193033381712627,0.020319303338171262,0.23947750362844702,0.015965166908563134,0.011611030478955007,0.005805515239477504,0.008708272859216255,0.018867924528301886,0.0,0.018867924528301886,0.00725689404934688,0.0,0.002902757619738752,0.0043541364296081275,0.001451378809869376,0.0,0.0,0.0,0.26850507982583455,0.002902757619738752,0.002902757619738752,0.09143686502177069,0.0,0.00725689404934688,0.002902757619738752,5.0,0.1485904493,0.02971808986,689,0.0
133003,Mihlali Samson Mayambela,2023,0.0029069767441860465,0.0,0.3168604651162791,0.03488372093023256,0.005813953488372093,0.23255813953488372,0.005813953488372093,0.014534883720930232,0.01744186046511628,0.005813953488372093,0.011627906976744186,0.0,0.005813953488372093,0.005813953488372093,0.0,0.0,0.005813953488372093,0.020348837209302327,0.0,0.0,0.0,0.21511627906976744,0.0,0.0,0.07267441860465117,0.0,0.023255813953488372,0.0029069767441860465,8.0,1.3869842015,0.1733730251875,344,212.3456790123457
133038,João Paulo Moreira Fernandes,2023,0.0014104372355430183,0.0,0.23272214386459802,0.03385049365303244,0.018335684062059238,0.22566995768688294,0.018335684062059238,0.004231311706629055,0.01692524682651622,0.00846262341325811,0.021156558533145273,0.0,0.007052186177715092,0.009873060648801129,0.0,0.0014104372355430183,0.011283497884344146,0.007052186177715092,0.0,0.0,0.0,0.2933709449929478,0.0,0.0,0.08180535966149506,0.0014104372355430183,0.005641748942172073,0.0,4.0,0.176701892,0.044175473,709,0.0
133208,Patrick Osterhage,2023-2024,0.0205761316872428,0.0,0.23045267489711935,0.04526748971193416,0.00823045267489712,0.2222222222222222,0.01646090534979424,0.0205761316872428,0.012345679012345678,0.0,0.00411522633744856,0.0,0.0,0.012345679012345678,0.0,0.0,0.0205761316872428,0.012345679012345678,0.0,0.0,0.0,0.25102880658436216,0.0,0.0,0.11934156378600823,0.0,0.00411522633744856,0.0,1.0,0.057716127,0.057716127,243,115.10526315789474
133229,Ismael Koné,2024,0.005970149253731343,0.0014925373134328358,0.25671641791044775,0.03582089552238806,0.011940298507462687,0.25223880597014925,0.0029850746268656717,0.007462686567164179,0.007462686567164179,0.0014925373134328358,0.016417910447761194,0.0,0.007462686567164179,0.013432835820895522,0.0,0.0029850746268656717,0.008955223880597015,0.007462686567164179,0.0,0.0,0.0,0.2835820895522388,0.0,0.0,0.0626865671641791,0.0,0.010447761194029851,0.0029850746268656717,7.0,2.028990011,0.2898557158571428,670,180.64709406830434
133483,Lennard Maloney,2023-2024,0.006369426751592357,0.0,0.20382165605095542,0.03184713375796178,0.022292993630573247,0.1942675159235669,0.01592356687898089,0.0031847133757961785,0.0031847133757961785,0.01592356687898089,0.03184713375796178,0.0,0.012738853503184714,0.0031847133757961785,0.0,0.006369426751592357,0.012738853503184714,0.0,0.0,0.0,0.0,0.27070063694267515,0.0,0.0,0.16560509554140126,0.0,0.0,0.0,0.0,0.0,0.0,314,148.73684210526315
135004,Lubeni Haukongo,2023,0.0026595744680851063,0.0,0.24468085106382978,0.031914893617021274,0.018617021276595744,0.23138297872340424,0.031914893617021274,0.0026595744680851063,0.0,0.0,0.03723404255319149,0.0,0.010638297872340425,0.0026595744680851063,0.0,0.0026595744680851063,0.0026595744680851063,0.0026595744680851063,0.0,0.0,0.0,0.31117021276595747,0.0,0.0,0.06648936170212766,0.0,0.0,0.0,0.0,0.0,0.0,376,89.05263157894737
135043,Enzo Gianni Tchato Mbiayi,2023,0.0032679738562091504,0.0,0.2222222222222222,0.016339869281045753,0.026143790849673203,0.1895424836601307,0.0196078431372549,0.0,0.0032679738562091504,0.013071895424836602,0.016339869281045753,0.0,0.013071895424836602,0.0032679738562091504,0.0,0.006535947712418301,0.00980392156862745,0.006535947712418301,0.0,0.0,0.0,0.3137254901960784,0.0,0.0,0.13398692810457516,0.0,0.0,0.0032679738562091504,0.0,0.0,0.0,306,139.9390243902439
135753,Samantha Tierney,2023-2024,0.0032414910858995136,0.0002701242571582928,0.24959481361426256,0.03835764451647758,0.016747703943814155,0.2071853052404106,0.007023230686115613,0.0037817396002160996,0.005942733657482442,0.007563479200432199,0.015126958400864398,0.0005402485143165856,0.005132360886007563,0.012155591572123177,0.0,0.0024311183144246355,0.00945434900054025,0.007293354943273906,0.0002701242571582928,0.0,0.0,0.24878444084278767,0.0021609940572663426,0.0021609940572663426,0.14775796866558616,0.0,0.007023230686115613,0.0,26.0,3.924736089,0.15095138803846153,3702,159.41626794258372
135758,Natasha Jane Flint,2023-2024,0.0025188916876574307,0.0,0.32997481108312343,0.0327455919395466,0.012594458438287154,0.17380352644836272,0.005037783375314861,0.012594458438287154,0.0025188916876574307,0.007556675062972292,0.037783375314861464,0.0,0.005037783375314861,0.005037783375314861,0.0,0.0,0.007556675062972292,0.0327455919395466,0.0,0.0,0.0,0.1889168765743073,0.0,0.0,0.12342569269521411,0.0025188916876574307,0.012594458438287154,0.005037783375314861,5.0,0.33075277000000003,0.066150554,397,148.68913857677902
135759,Shannon O’Brien,2023-2024,0.002061855670103093,0.0,0.2463917525773196,0.031958762886597936,0.010309278350515464,0.18556701030927836,0.010309278350515464,0.01752577319587629,0.02577319587628866,0.010309278350515464,0.030927835051546393,0.0,0.01443298969072165,0.009278350515463918,0.0,0.002061855670103093,0.002061855670103093,0.023711340206185566,0.0,0.0,0.0,0.15360824742268042,0.0010309278350515464,0.0010309278350515464,0.1979381443298969,0.002061855670103093,0.013402061855670102,0.008247422680412371,13.0,1.528230832,0.11755621784615385,970,165.62322140011383
135849,Adilson Cipriano da Cruz,2023,0.0,0.0,0.1213235294117647,0.06985294117647059,0.0,0.16176470588235295,0.0,0.0,0.0,0.0,0.0,0.0,0.007352941176470588,0.003676470588235294,0.22058823529411764,0.007352941176470588,0.0,0.0,0.0,0.0,0.0,0.40808823529411764,0.0,0.0,0.0,0.0,0.0,0.0,0.0,0.0,0.0,272,0.0
135851,Augusto de Jesus Corte Real Carneiro,2023,0.0,0.0,0.2092130518234165,0.04990403071017274,0.009596928982725527,0.2476007677543186,0.04222648752399232,0.009596928982725527,0.01727447216890595,0.0,0.019193857965451054,0.0,0.003838771593090211,0.011516314779270634,0.0,0.0019193857965451055,0.005758157389635317,0.009596928982725527,0.0,0.0,0.0,0.29750479846449135,0.0019193857965451055,0.0019193857965451055,0.05950095969289827,0.0019193857965451055,0.0,0.0,0.0,0.0,0.0,521,0.0
135947,Lucy Parker,2023-2024,0.0022471910112359553,0.0,0.20674157303370785,0.04943820224719101,0.02359550561797753,0.20898876404494382,0.019101123595505618,0.015730337078651686,0.01348314606741573,0.01348314606741573,0.028089887640449437,0.0,0.008988764044943821,0.0056179775280898875,0.0,0.0011235955056179776,0.008988764044943821,0.010112359550561797,0.0,0.0,0.0,0.22134831460674156,0.0011235955056179776,0.0011235955056179776,0.15393258426966291,0.0,0.0056179775280898875,0.0011235955056179776,5.0,0.33524462600000005,0.06704892520000001,890,158.6767036450079
136055,Novatus Dismas Miroshi,2023,0.0,0.0,0.26578073089701,0.023255813953488372,0.009966777408637873,0.2159468438538206,0.019933554817275746,0.006644518272425249,0.009966777408637873,0.009966777408637873,0.023255813953488372,0.0,0.006644518272425249,0.0,0.0,0.0033222591362126247,0.0,0.009966777408637873,0.0,0.0,0.0,0.2724252491694352,0.0,0.0,0.11960132890365449,0.0,0.0033222591362126247,0.0,1.0,0.0054229656,0.0054229656,301,142.57894736842107
136296,Bechir Ben Said,2023,0.0,0.0,0.15458937198067632,0.04830917874396135,0.0,0.15942028985507245,0.0,0.0,0.0,0.0,0.0,0.0,0.0,0.004830917874396135,0.21739130434782608,0.014492753623188406,0.0,0.0,0.0,0.0,0.0,0.3961352657004831,0.0,0.0,0.004830917874396135,0.0,0.0,0.0,0.0,0.0,0.0,207,65.36842105263159
136312,Ambrosini Antonio Cabaça Salvador,2023,0.0,0.0,0.3088235294117647,0.011029411764705883,0.01838235294117647,0.19117647058823528,0.01838235294117647,0.025735294117647058,0.029411764705882353,0.007352941176470588,0.029411764705882353,0.0,0.01838235294117647,0.003676470588235294,0.0,0.003676470588235294,0.0,0.007352941176470588,0.0,0.0,0.0,0.18382352941176472,0.0,0.0,0.11397058823529412,0.0,0.025735294117647058,0.003676470588235294,7.0,1.147646326,0.16394947514285715,272,0.0
136406,Aprocious Petrus,2023,0.0022471910112359553,0.0,0.20224719101123595,0.04943820224719101,0.01348314606741573,0.18651685393258427,0.011235955056179775,0.0022471910112359553,0.0,0.011235955056179775,0.024719101123595506,0.0,0.02247191011235955,0.011235955056179775,0.0,0.0022471910112359553,0.01348314606741573,0.008988764044943821,0.0,0.0,0.0,0.27191011235955054,0.0,0.0,0.16179775280898875,0.0,0.0044943820224719105,0.0,2.0,0.11362192800000001,0.056810964000000005,445,105.39473684210526
136596,Lusajo Mwaikenda,2023,0.0,0.0,0.3029197080291971,0.010948905109489052,0.0036496350364963502,0.21897810218978103,0.0072992700729927005,0.0072992700729927005,0.0,0.010948905109489052,0.010948905109489052,0.0,0.0,0.0036496350364963502,0.0,0.0036496350364963502,0.0072992700729927005,0.0036496350364963502,0.0,0.0,0.0,0.3613138686131387,0.0036496350364963502,0.0036496350364963502,0.040145985401459854,0.0,0.0,0.0,0.0,0.0,0.0,274,170.06896551724137
138493,Morice Michael Abraham,2023,0.0,0.0,0.24390243902439024,0.02926829268292683,0.004878048780487805,0.23902439024390243,0.004878048780487805,0.004878048780487805,0.01951219512195122,0.00975609756097561,0.004878048780487805,0.0,0.004878048780487805,0.014634146341463415,0.0,0.004878048780487805,0.004878048780487805,0.00975609756097561,0.0,0.0,0.0,0.23902439024390243,0.0,0.0,0.15609756097560976,0.0,0.004878048780487805,0.0,1.0,0.06441817,0.06441817,205,191.7879417879418
143165,Mohamed Chibi,2023,0.0,0.004347826086956522,0.2217391304347826,0.043478260869565216,0.008695652173913044,0.2217391304347826,0.02608695652173913,0.0,0.0,0.0,0.004347826086956522,0.0,0.004347826086956522,0.008695652173913044,0.0,0.0,0.013043478260869565,0.0,0.0,0.0,0.0,0.3695652173913043,0.0,0.0,0.06521739130434782,0.008695652173913044,0.0,0.0,0.0,0.0,0.0,230,108.94736842105263
143385,Jeyland Yahir Mitchell Baltodano,2024,0.006802721088435374,0.0,0.17346938775510204,0.030612244897959183,0.01020408163265306,0.18027210884353742,0.05102040816326531,0.0,0.006802721088435374,0.006802721088435374,0.04081632653061224,0.0,0.013605442176870748,0.006802721088435374,0.0,0.01020408163265306,0.01020408163265306,0.006802721088435374,0.0,0.0,0.0,0.3197278911564626,0.006802721088435374,0.006802721088435374,0.1054421768707483,0.006802721088435374,0.0,0.0,0.0,0.0,0.0,294,92.8421052631579
143728,Hugo Larsson,2023-2024,0.0,0.0,0.2824074074074074,0.018518518518518517,0.018518518518518517,0.2222222222222222,0.009259259259259259,0.0,0.0,0.004629629629629629,0.013888888888888888,0.0,0.004629629629629629,0.0,0.0,0.0,0.004629629629629629,0.009259259259259259,0.0,0.0,0.0,0.3194444444444444,0.0,0.0,0.08796296296296297,0.0,0.0,0.004629629629629629,0.0,0.0,0.0,216,198.36734693877548
143863,Franculino Gluda Djú,2023,0.0,0.0,0.3130434782608696,0.034782608695652174,0.008695652173913044,0.16956521739130434,0.0,0.021739130434782608,0.02608695652173913,0.008695652173913044,0.017391304347826087,0.0,0.004347826086956522,0.013043478260869565,0.0,0.0,0.0,0.021739130434782608,0.004347826086956522,0.0,0.0,0.13478260869565217,0.0,0.0,0.20869565217391303,0.0,0.008695652173913044,0.004347826086956522,2.0,0.28984545,0.144922725,230,0.0
145058,Eddie Marcos Melo Afonso,2023,0.005607476635514018,0.0,0.2205607476635514,0.029906542056074768,0.026168224299065422,0.20934579439252338,0.013084112149532711,0.005607476635514018,0.0,0.009345794392523364,0.024299065420560748,0.0,0.007476635514018692,0.001869158878504673,0.0,0.0,0.014953271028037384,0.0,0.0,0.0,0.0,0.33271028037383177,0.0,0.0,0.09719626168224299,0.0,0.0,0.001869158878504673,0.0,0.0,0.0,535,0.0
146933,Bodda Mouhsine,2023,0.0024691358024691358,0.0,0.19753086419753085,0.03950617283950617,0.014814814814814815,0.2074074074074074,0.007407407407407408,0.009876543209876543,0.007407407407407408,0.0049382716049382715,0.03950617283950617,0.0,0.019753086419753086,0.014814814814814815,0.0,0.0,0.007407407407407408,0.009876543209876543,0.0,0.0,0.0,0.22469135802469137,0.0,0.0,0.18271604938271604,0.0,0.009876543209876543,0.0,4.0,0.127636556,0.031909139,405,127.89473684210526
149714,Abdessamad Ezzalzouli,2023,0.0,0.0,0.3132530120481928,0.012048192771084338,0.01606425702811245,0.20080321285140562,0.0,0.012048192771084338,0.03614457831325301,0.008032128514056224,0.024096385542168676,0.0,0.012048192771084338,0.01606425702811245,0.0,0.008032128514056224,0.0,0.008032128514056224,0.0,0.0,0.0,0.1566265060240964,0.008032128514056224,0.008032128514056224,0.13654618473895583,0.0,0.01606425702811245,0.008032128514056224,4.0,0.349369723,0.08734243075,249,0.0
151066,Kelvin Kapumbu,2023,0.0,0.0,0.3080568720379147,0.009478672985781991,0.004739336492890996,0.23222748815165878,0.014218009478672985,0.0,0.0,0.009478672985781991,0.018957345971563982,0.0,0.0,0.004739336492890996,0.0,0.0,0.0,0.014218009478672985,0.0,0.0,0.0,0.33175355450236965,0.0,0.0,0.04739336492890995,0.0,0.0,0.004739336492890996,0.0,0.0,0.0,211,135.64285714285714
154895,Warren Steven Madrigal Molina,2024,0.008438818565400843,0.0,0.270042194092827,0.0379746835443038,0.0,0.14767932489451477,0.0,0.02531645569620253,0.008438818565400843,0.008438818565400843,0.0759493670886076,0.0,0.008438818565400843,0.029535864978902954,0.0,0.016877637130801686,0.0,0.02109704641350211,0.0,0.0,0.0,0.1350210970464135,0.0,0.0,0.1940928270042194,0.0,0.004219409282700422,0.008438818565400843,1.0,0.06438721,0.06438721,237,111.09375
160943,Mohamed Amine Tougai,2023,0.0,0.0,0.30324909747292417,0.007220216606498195,0.007220216606498195,0.2779783393501805,0.01444043321299639,0.0,0.0,0.0036101083032490976,0.010830324909747292,0.0,0.010830324909747292,0.007220216606498195,0.0,0.0,0.0,0.0,0.0,0.0,0.0,0.33212996389891697,0.0,0.0,0.021660649819494584,0.0036101083032490976,0.0,0.0,0.0,0.0,0.0,277,262.42105263157896
161995,Jamie Jermaine Bynoe-Gittens,2023-2024,0.0,0.0,0.25333333333333335,0.04,0.022222222222222223,0.21777777777777776,0.0,0.035555555555555556,0.017777777777777778,0.013333333333333334,0.017777777777777778,0.0,0.0044444444444444444,0.017777777777777778,0.0,0.0,0.0,0.03111111111111111,0.0,0.0,0.0,0.13333333333333333,0.0,0.0,0.17333333333333334,0.0,0.013333333333333334,0.008888888888888889,3.0,0.117350782,0.039116927333333336,225,138.31967213114757
162132,Kamory Doumbia,2023,0.0,0.0,0.2540381791483113,0.033773861967694566,0.016152716593245228,0.19823788546255505,0.0,0.010279001468428781,0.00881057268722467,0.007342143906020558,0.027900146842878122,0.0,0.011747430249632892,0.00881057268722467,0.0,0.002936857562408223,0.005873715124816446,0.013215859030837005,0.0,0.0,0.0,0.22320117474302498,0.0,0.0,0.16152716593245228,0.0,0.013215859030837005,0.002936857562408223,9.0,0.536909785,0.059656642777777776,681,148.68995633187774
170230,Alex Adrián Arce Barrios,2024,0.0,0.0,0.2512315270935961,0.054187192118226604,0.014778325123152709,0.15270935960591134,0.0049261083743842365,0.029556650246305417,0.0049261083743842365,0.0049261083743842365,0.06403940886699508,0.0,0.0049261083743842365,0.0049261083743842365,0.0,0.0,0.0,0.009852216748768473,0.0,0.0,0.0,0.1724137931034483,0.0,0.0,0.18226600985221675,0.009852216748768473,0.024630541871921183,0.009852216748768473,5.0,0.43813071429999995,0.08762614285999999,203,0.0
176683,Ibrahim Diakité,2023,0.0018975332068311196,0.0,0.24857685009487665,0.026565464895635674,0.009487666034155597,0.2428842504743833,0.009487666034155597,0.013282732447817837,0.018975332068311195,0.0,0.013282732447817837,0.0,0.0056925996204933585,0.020872865275142316,0.0,0.0018975332068311196,0.003795066413662239,0.007590132827324478,0.0,0.0,0.0,0.29411764705882354,0.0018975332068311196,0.0018975332068311196,0.07020872865275142,0.0018975332068311196,0.0018975332068311196,0.003795066413662239,1.0,0.079464234,0.079464234,527,138.68421052631578
182573,Ibrahim Kone,2023,0.0,0.0,0.1896551724137931,0.04956896551724138,0.0,0.23275862068965517,0.0,0.0,0.0,0.0021551724137931034,0.0,0.0,0.0,0.004310344827586207,0.1400862068965517,0.010775862068965518,0.0,0.0,0.0,0.0,0.0,0.3706896551724138,0.0,0.0,0.0,0.0,0.0,0.0,0.0,0.0,0.0,464,87.9157894736842
184468,Álvaro José Zamora Mata,2024,0.00411522633744856,0.0,0.2839506172839506,0.04526748971193416,0.01646090534979424,0.19753086419753085,0.00411522633744856,0.01646090534979424,0.00823045267489712,0.0,0.012345679012345678,0.0,0.00823045267489712,0.024691358024691357,0.0,0.0,0.00411522633744856,0.01646090534979424,0.0,0.0,0.0,0.1728395061728395,0.0,0.0,0.1728395061728395,0.0,0.00411522633744856,0.00823045267489712,1.0,0.02023362,0.02023362,243,135.50185873605946
185543,Ffion Morgan,2023-2024,0.0033112582781456954,0.0,0.2640728476821192,0.03435430463576159,0.0173841059602649,0.18253311258278146,0.0074503311258278145,0.014900662251655629,0.01283112582781457,0.009519867549668874,0.020695364238410598,0.0,0.0012417218543046358,0.0024834437086092716,0.0,0.0016556291390728477,0.01945364238410596,0.017798013245033113,0.0,0.0,0.0,0.20405629139072848,0.0004139072847682119,0.0004139072847682119,0.17591059602649006,0.0004139072847682119,0.004966887417218543,0.0041390728476821195,12.0,1.259618878,0.10496823983333332,2416,126.47743136342484
185544,Jasmine Bull,2023-2024,0.0,0.0,0.21212121212121213,0.046620046620046623,0.02097902097902098,0.19114219114219114,0.027972027972027972,0.009324009324009324,0.006993006993006993,0.006993006993006993,0.016317016317016316,0.0,0.002331002331002331,0.0,0.0,0.0,0.016317016317016316,0.013986013986013986,0.0,0.0,0.0,0.2773892773892774,0.0,0.0,0.14685314685314685,0.0,0.0,0.004662004662004662,0.0,0.0,0.0,429,105.43418896777717
185545,Brooke Aspin,2023-2024,0.0,0.0,0.22062841530054644,0.01092896174863388,0.03415300546448088,0.18169398907103826,0.06420765027322405,0.0020491803278688526,0.0020491803278688526,0.004098360655737705,0.02459016393442623,0.001366120218579235,0.007513661202185792,0.0020491803278688526,0.0,0.00546448087431694,0.014344262295081968,0.00273224043715847,0.0,0.0,0.0,0.31010928961748635,0.00273224043715847,0.00273224043715847,0.09221311475409837,0.0034153005464480873,0.006830601092896175,0.004098360655737705,10.0,0.778826991,0.0778826991,1464,92.30122591943959
189348,Frank Magri,2023,0.005089058524173028,0.0,0.33078880407124683,0.017811704834605598,0.020356234096692113,0.13486005089058525,0.0,0.01272264631043257,0.01272264631043257,0.002544529262086514,0.05343511450381679,0.0,0.02544529262086514,0.015267175572519083,0.0,0.0,0.002544529262086514,0.022900763358778626,0.0,0.0,0.0,0.13740458015267176,0.0,0.0,0.18575063613231552,0.0,0.015267175572519083,0.005089058524173028,6.0,0.556442506,0.09274041766666667,393,105.4561717352415
191850,Eveliina Summanen,2023-2024,0.002102496714848883,0.0,0.24494086727989486,0.03442838370565046,0.012614980289093298,0.2202365308804205,0.009986859395532195,0.0031537450722733244,0.0028909329829172143,0.005256241787122208,0.016557161629434953,0.0005256241787122207,0.004993429697766097,0.008672798948751642,0.0,0.004467805519053876,0.005781865965834429,0.004993429697766097,0.0,0.0,0.0,0.3169513797634691,0.0015768725361366622,0.0015768725361366622,0.09382391590013141,0.00026281208935611036,0.0028909329829172143,0.001314060446780552,11.0,0.626463416,0.05695121963636363,3805,192.03162675937867
191851,Julie Blakstad,2023-2024,0.006514657980456026,0.0,0.21498371335504887,0.048859934853420196,0.029315960912052116,0.20846905537459284,0.009771986970684038,0.013029315960912053,0.009771986970684038,0.003257328990228013,0.03908794788273615,0.0,0.0,0.003257328990228013,0.0,0.0,0.006514657980456026,0.009771986970684038,0.0,0.0,0.0,0.28338762214983715,0.0,0.0,0.10749185667752444,0.0,0.003257328990228013,0.003257328990228013,1.0,0.07077587,0.07077587,307,219.11181601903255
195989,Néstor Rafael Giménez Florentín,2024,0.0,0.0,0.2585551330798479,0.026615969581749048,0.0076045627376425855,0.24334600760456274,0.0038022813688212928,0.0038022813688212928,0.0,0.0076045627376425855,0.0038022813688212928,0.0,0.011406844106463879,0.0,0.0,0.0038022813688212928,0.011406844106463879,0.0,0.0038022813688212928,0.0,0.0,0.33840304182509506,0.0,0.0,0.07604562737642585,0.0,0.0,0.0,0.0,0.0,0.0,263,0.0
196109,Ousmane Diomande,2023,0.0,0.0,0.2717391304347826,0.03260869565217391,0.008152173913043478,0.24728260869565216,0.010869565217391304,0.0,0.0,0.002717391304347826,0.016304347826086956,0.0,0.008152173913043478,0.016304347826086956,0.0,0.0,0.0,0.0,0.0,0.0,0.0,0.33695652173913043,0.0,0.0,0.043478260869565216,0.0,0.002717391304347826,0.002717391304347826,1.0,0.021223348,0.021223348,368,193.23220536756128
196651,Arthur Augusto de Matos Soares,2023-2024,0.002793296089385475,0.0,0.26256983240223464,0.0223463687150838,0.013966480446927373,0.276536312849162,0.019553072625698324,0.008379888268156424,0.01675977653631285,0.0,0.019553072625698324,0.0,0.00558659217877095,0.0,0.0,0.0,0.002793296089385475,0.00558659217877095,0.0,0.0,0.0,0.3016759776536313,0.0,0.0,0.0335195530726257,0.0,0.00558659217877095,0.002793296089385475,2.0,0.035233739,0.0176168695,358,161.74698795180723
199653,Nene Dorgeles,2023,0.0,0.0,0.30985915492957744,0.014084507042253521,0.01056338028169014,0.2147887323943662,0.0035211267605633804,0.017605633802816902,0.02112676056338028,0.0035211267605633804,0.028169014084507043,0.0,0.014084507042253521,0.02112676056338028,0.0,0.0,0.007042253521126761,0.014084507042253521,0.0,0.0,0.0,0.176056338028169,0.0,0.0,0.13380281690140844,0.0,0.01056338028169014,0.0,3.0,0.066679087,0.022226362333333333,284,136.830835117773
202037,Thapelo Maseko,2023,0.006430868167202572,0.0,0.2540192926045016,0.04823151125401929,0.022508038585209004,0.2347266881028939,0.003215434083601286,0.01929260450160772,0.03536977491961415,0.006430868167202572,0.00964630225080386,0.0,0.006430868167202572,0.028938906752411574,0.0,0.006430868167202572,0.003215434083601286,0.003215434083601286,0.0,0.0,0.0,0.1639871382636656,0.006430868167202572,0.006430868167202572,0.12218649517684887,0.0,0.006430868167202572,0.006430868167202572,2.0,0.1878488595,0.09392442975,311,128.51239669421489
204925,Darío Esteban Osorio Osorio,2024,0.004098360655737705,0.0,0.26639344262295084,0.03278688524590164,0.012295081967213115,0.20081967213114754,0.004098360655737705,0.02459016393442623,0.028688524590163935,0.020491803278688523,0.02459016393442623,0.0,0.00819672131147541,0.004098360655737705,0.0,0.0,0.00819672131147541,0.028688524590163935,0.0,0.0,0.0,0.1721311475409836,0.0,0.0,0.15163934426229508,0.0,0.004098360655737705,0.004098360655737705,1.0,0.023335973,0.023335973,244,0.0
212489,Oumar Diakité,2023,0.0020408163265306124,0.0020408163265306124,0.24693877551020407,0.0326530612244898,0.012244897959183673,0.23673469387755103,0.004081632653061225,0.014285714285714285,0.026530612244897958,0.0,0.02857142857142857,0.0,0.02857142857142857,0.01020408163265306,0.0,0.0020408163265306124,0.00816326530612245,0.026530612244897958,0.0,0.0,0.0,0.20408163265306123,0.0,0.0,0.10408163265306122,0.0,0.006122448979591836,0.004081632653061225,3.0,0.34573898399999997,0.115246328,490,233.9522546419098
217047,Fares Chaïbi,2023,0.0,0.0,0.28846153846153844,0.014423076923076924,0.004807692307692308,0.2548076923076923,0.0,0.0,0.0,0.0,0.004807692307692308,0.0,0.0,0.0,0.0,0.0,0.0,0.009615384615384616,0.0,0.0,0.0,0.3317307692307692,0.004807692307692308,0.004807692307692308,0.0673076923076923,0.0,0.014423076923076924,0.0,3.0,0.109249246,0.036416415333333334,208,160.41131105398458
217047,Fares Chaïbi,2023-2024,0.0,0.0,0.2948207171314741,0.027888446215139442,0.00796812749003984,0.19123505976095617,0.0,0.00796812749003984,0.0,0.0,0.03187250996015936,0.0,0.0,0.0,0.0,0.0,0.00398406374501992,0.00398406374501992,0.0,0.0,0.0,0.2589641434262948,0.0,0.0,0.14342629482071714,0.0,0.0199203187250996,0.00796812749003984,5.0,0.258777245,0.051755448999999995,251,139.78960396039605
221888,Kerstin Yasmijn Casparij,2023-2024,0.0016645859342488557,0.0,0.24885559717020392,0.024136496046608405,0.013316687473990845,0.2397003745318352,0.009987515605493134,0.003745318352059925,0.006658343736995423,0.003745318352059925,0.019975031210986267,0.0,0.003745318352059925,0.004161464835622139,0.0,0.0012484394506866417,0.0033291718684977114,0.005409904286308781,0.0,0.0004161464835622139,0.0,0.3191843528922181,0.0012484394506866417,0.0012484394506866417,0.08364544319600499,0.0008322929671244278,0.0012484394506866417,0.0024968789013732834,3.0,0.159245896,0.053081965333333335,2403,0.0
223769,Marcelo Sebastián Suárez Justiniano,2024,0.0,0.0,0.2289156626506024,0.024096385542168676,0.024096385542168676,0.24096385542168675,0.012048192771084338,0.008032128514056224,0.008032128514056224,0.012048192771084338,0.028112449799196786,0.0,0.012048192771084338,0.020080321285140562,0.0,0.0,0.008032128514056224,0.012048192771084338,0.0,0.0,0.0,0.26104417670682734,0.0,0.0,0.10040160642570281,0.0,0.0,0.0,0.0,0.0,0.0,249,0.0
223971,José Ángel Córdoba Chambers,2024,0.003367003367003367,0.0,0.26262626262626265,0.025252525252525252,0.005050505050505051,0.25084175084175087,0.020202020202020204,0.0,0.003367003367003367,0.0016835016835016834,0.016835016835016835,0.0,0.003367003367003367,0.006734006734006734,0.0,0.0016835016835016834,0.005050505050505051,0.0,0.0,0.0,0.0,0.35353535353535354,0.0016835016835016834,0.0016835016835016834,0.03535353535353535,0.0,0.0016835016835016834,0.0,1.0,0.02188293,0.02188293,594,140.68421052631578
224149,Elise Isolde Stenevik,2023-2024,0.0005621135469364812,0.0011242270938729624,0.23496346261944911,0.025295109612141653,0.016863406408094434,0.2473299606520517,0.014052838673412029,0.01011804384485666,0.008431703204047217,0.008993816750983699,0.017987633501967398,0.0,0.004496908375491849,0.008993816750983699,0.0,0.0005621135469364812,0.00505902192242833,0.002810567734682406,0.0,0.0,0.0,0.29904440697020795,0.0,0.0,0.08993816750983699,0.0,0.0016863406408094434,0.0016863406408094434,3.0,0.20317225,0.06772408333333334,1779,157.41814964113655
224167,Matilda Liv Vinberg,2023-2024,0.005398110661268556,0.0,0.25101214574898784,0.033738191632928474,0.021592442645074223,0.2078272604588394,0.008097165991902834,0.012145748987854251,0.0310391363022942,0.004048582995951417,0.008097165991902834,0.0,0.006747638326585695,0.008097165991902834,0.0,0.001349527665317139,0.004048582995951417,0.018893387314439947,0.0,0.0,0.0,0.18758434547908232,0.0,0.0,0.1700404858299595,0.0,0.014844804318488529,0.005398110661268556,11.0,0.964041376,0.08764012509090909,741,172.28106432446396
224628,Ali Ahmed,2024,0.0,0.0,0.24892703862660945,0.030042918454935622,0.004291845493562232,0.2532188841201717,0.004291845493562232,0.004291845493562232,0.02145922746781116,0.012875536480686695,0.017167381974248927,0.0,0.012875536480686695,0.017167381974248927,0.0,0.0,0.008583690987124463,0.017167381974248927,0.0,0.0,0.0,0.22746781115879827,0.0,0.0,0.11158798283261803,0.0,0.004291845493562232,0.004291845493562232,1.0,0.06594838,0.06594838,233,149.5720399429387
224822,Jutta Rantala,2023-2024,0.00354924578527063,0.0002957704821058858,0.28334812185743863,0.03194321206743567,0.015380065069506064,0.20496894409937888,0.005915409642117717,0.01567583555161195,0.01064773735581189,0.006211180124223602,0.023070097604259095,0.0,0.0014788524105294291,0.005619639160011831,0.0,0.0005915409642117716,0.0014788524105294291,0.01685891748003549,0.0002957704821058858,0.0,0.0,0.23129251700680273,0.0,0.0,0.12304052055604851,0.0002957704821058858,0.015971606033717833,0.002070393374741201,54.0,4.0756476475,0.07547495643518519,3381,165.5009246165561
224845,Sarah Anne Stratigakis,2023-2024,0.0,0.0,0.21428571428571427,0.05357142857142857,0.008928571428571428,0.20982142857142858,0.022321428571428572,0.004464285714285714,0.008928571428571428,0.004464285714285714,0.03571428571428571,0.0,0.008928571428571428,0.004464285714285714,0.0,0.004464285714285714,0.017857142857142856,0.004464285714285714,0.0,0.0,0.0,0.22767857142857142,0.0,0.0,0.15625,0.0,0.008928571428571428,0.004464285714285714,2.0,0.18708013,0.093540065,224,94.07372841810546
224866,Anna Marika Bergman Lundin,2023-2024,0.00749063670411985,0.0,0.19101123595505617,0.02247191011235955,0.011235955056179775,0.16853932584269662,0.00749063670411985,0.0,0.0149812734082397,0.02247191011235955,0.04119850187265917,0.0,0.018726591760299626,0.0,0.0,0.0,0.00749063670411985,0.00749063670411985,0.0,0.0,0.0,0.19850187265917604,0.0,0.0,0.27340823970037453,0.0,0.00749063670411985,0.0,2.0,0.06697002199999999,0.033485010999999995,267,146.34591961023142
225180,Emilia Pelgander,2023-2024,0.0036363636363636364,0.0,0.19272727272727272,0.06545454545454546,0.01090909090909091,0.21818181818181817,0.007272727272727273,0.007272727272727273,0.007272727272727273,0.0,0.01818181818181818,0.0,0.02909090909090909,0.0,0.0,0.0036363636363636364,0.007272727272727273,0.01090909090909091,0.0,0.0,0.0,0.23636363636363636,0.0,0.0,0.1709090909090909,0.0,0.007272727272727273,0.0036363636363636364,2.0,0.055681994,0.027840997,275,170.80745341614906
225437,Stephane Aziz Ki,2023,0.0027247956403269754,0.0,0.28337874659400547,0.021798365122615803,0.02452316076294278,0.22615803814713897,0.0027247956403269754,0.02452316076294278,0.01634877384196185,0.0027247956403269754,0.005449591280653951,0.0,0.010899182561307902,0.013623978201634877,0.0,0.0,0.0027247956403269754,0.008174386920980926,0.0,0.0,0.0,0.22888283378746593,0.0,0.0,0.09809264305177112,0.0,0.021798365122615803,0.005449591280653951,8.0,0.20740372799999998,0.025925465999999998,367,0.0
225576,Miriael Taylor,2023-2024,0.004291845493562232,0.0,0.23891273247496422,0.02861230329041488,0.022889842632331903,0.18741058655221746,0.010014306151645207,0.010014306151645207,0.008583690987124463,0.011444921316165951,0.034334763948497854,0.0,0.00715307582260372,0.010014306151645207,0.0,0.001430615164520744,0.015736766809728183,0.004291845493562232,0.0,0.0,0.0,0.25464949928469244,0.001430615164520744,0.001430615164520744,0.13876967095851217,0.0,0.002861230329041488,0.005722460658082976,2.0,0.507100546,0.253550273,699,159.99491353001017
226523,Jahmali Waite,2024,0.0,0.0,0.15946843853820597,0.03986710963455149,0.0033222591362126247,0.18604651162790697,0.0,0.0,0.0,0.0,0.0,0.0,0.0,0.0,0.2425249169435216,0.0,0.0,0.0,0.0,0.0,0.0,0.3687707641196013,0.0,0.0,0.0,0.0,0.0,0.0,0.0,0.0,0.0,301,95.05263157894737
229194,Olga Ahtinen,2023-2024,0.001738374619730552,0.000434593654932638,0.2620599739243807,0.02564102564102564,0.015210777922642329,0.2277270751847023,0.005649717514124294,0.005215123859191656,0.003476749239461104,0.009126466753585397,0.013472403302911778,0.0,0.004345936549326379,0.002607561929595828,0.0,0.000869187309865276,0.009995654063450673,0.005649717514124294,0.0,0.0,0.0,0.3020425901781834,0.000434593654932638,0.000434593654932638,0.09821816601477619,0.0,0.003476749239461104,0.0021729682746631897,8.0,0.4482455848,0.0560306981,2301,210.54290361935747
241634,Remy Siemsen,2023-2024,0.00904977375565611,0.0,0.3438914027149321,0.027149321266968326,0.00904977375565611,0.1493212669683258,0.0,0.004524886877828055,0.004524886877828055,0.00904977375565611,0.004524886877828055,0.0,0.013574660633484163,0.013574660633484163,0.0,0.0,0.0,0.03619909502262444,0.0,0.0,0.0,0.14027149321266968,0.0,0.0,0.23529411764705882,0.0,0.0,0.0,0.0,0.0,0.0,221,158.9928057553957
260212,Edgardo Isaac Fariña Wynter,2024,0.0,0.0,0.24620573355817876,0.02866779089376054,0.013490725126475547,0.24451939291736932,0.02023608768971332,0.003372681281618887,0.003372681281618887,0.003372681281618887,0.013490725126475547,0.0016863406408094434,0.01517706576728499,0.00505902192242833,0.0,0.0,0.008431703204047217,0.003372681281618887,0.0,0.0,0.0,0.31703204047217537,0.0,0.0,0.06745362563237774,0.0,0.00505902192242833,0.0,3.0,0.09690685599999999,0.032302285333333326,593,140.44736842105263
264381,Kennedy Amutenya,2023,0.002570694087403599,0.0,0.2262210796915167,0.02313624678663239,0.02056555269922879,0.19794344473007713,0.030848329048843187,0.0,0.002570694087403599,0.010282776349614395,0.02056555269922879,0.0,0.010282776349614395,0.002570694087403599,0.0,0.002570694087403599,0.015424164524421594,0.005141388174807198,0.0,0.0,0.0,0.30077120822622105,0.002570694087403599,0.002570694087403599,0.10539845758354756,0.0,0.015424164524421594,0.002570694087403599,6.0,0.374645636,0.062440939333333334,389,101.6255442670537
264954,Lamine Ba,2023,0.0,0.0029411764705882353,0.20294117647058824,0.03529411764705882,0.023529411764705882,0.19705882352941176,0.10294117647058823,0.0029411764705882353,0.0029411764705882353,0.008823529411764706,0.026470588235294117,0.0029411764705882353,0.0058823529411764705,0.0,0.0,0.0058823529411764705,0.023529411764705882,0.008823529411764706,0.0,0.0,0.0,0.27647058823529413,0.0029411764705882353,0.0029411764705882353,0.061764705882352944,0.0,0.0,0.0029411764705882353,0.0,0.0,0.0,340,87.10503842869343
264956,Ibrahima Keita,2023,0.00398406374501992,0.0,0.15338645418326693,0.025896414342629483,0.02390438247011952,0.17131474103585656,0.02390438247011952,0.00796812749003984,0.00796812749003984,0.017928286852589643,0.035856573705179286,0.0,0.013944223107569721,0.01593625498007968,0.0,0.00199203187250996,0.0199203187250996,0.0099601593625498,0.0,0.0,0.0,0.28087649402390436,0.00199203187250996,0.00199203187250996,0.17928286852589642,0.0,0.0,0.00199203187250996,0.0,0.0,0.0,502,124.01866593466923
270407,Joaquim Marcos Cunga Balanga,2023,0.0,0.0,0.27530364372469635,0.016194331983805668,0.008097165991902834,0.2388663967611336,0.06882591093117409,0.0,0.0,0.0,0.012145748987854251,0.0,0.008097165991902834,0.004048582995951417,0.0,0.0,0.0,0.0,0.0,0.0,0.0,0.3157894736842105,0.0,0.0,0.04048582995951417,0.012145748987854251,0.0,0.0,0.0,0.0,0.0,247,0.0
276301,Elisabeth Terland,2023-2024,0.003838771593090211,0.0,0.3439539347408829,0.02763915547024952,0.014203454894433781,0.14664107485604608,0.003071017274472169,0.01381957773512476,0.008829174664107486,0.006142034548944338,0.029174664107485603,0.0,0.013051823416506719,0.009596928982725527,0.0,0.0019193857965451055,0.0015355086372360845,0.02072936660268714,0.0,0.0,0.0,0.12476007677543186,0.00038387715930902113,0.00038387715930902113,0.19923224568138195,0.0,0.028406909788867563,0.002687140115163148,74.0,8.807343923,0.11901816112162161,2605,126.08228018284485
276304,Guro Bergsvand,2023-2024,0.000560695262125035,0.0,0.23324922904401457,0.03055789178581441,0.01934398654331371,0.23913652929632745,0.03532380151387721,0.0019624334174376226,0.0030838239416876925,0.00448556209700028,0.01822259601906364,0.000560695262125035,0.002523128679562658,0.0019624334174376226,0.0,0.000560695262125035,0.007008690776562938,0.002523128679562658,0.0,0.000560695262125035,0.0,0.32127838519764507,0.0,0.0,0.07401177460050462,0.00112139052425007,0.0019624334174376226,0.0,7.0,0.656282029,0.09375457557142856,3567,153.60287081339715
276443,Kathrine Møller Kühl,2023-2024,0.0006009615384615385,0.0,0.24759615384615385,0.031850961538461536,0.010216346153846154,0.2205528846153846,0.001201923076923077,0.012620192307692308,0.019230769230769232,0.008413461538461538,0.018629807692307692,0.0006009615384615385,0.004807692307692308,0.010216346153846154,0.0,0.0018028846153846155,0.006610576923076923,0.015625,0.0,0.0,0.0,0.21394230769230768,0.0,0.0,0.16706730769230768,0.0,0.003605769230769231,0.004807692307692308,6.0,0.306588642,0.051098107000000004,1664,0.0
276907,Amber Tysiak,2023-2024,0.001026167265264238,0.0,0.21703437660338634,0.03694202154951257,0.023601847101077475,0.21908671113391484,0.046177526936890714,0.0015392508978963571,0.001026167265264238,0.004104669061056952,0.02103642893791688,0.001026167265264238,0.005643919958953309,0.0035915854284248334,0.0,0.0030785017957927143,0.009748589020010261,0.002052334530528476,0.0,0.0,0.0,0.30271934325295025,0.0015392508978963571,0.0015392508978963571,0.09338122113904566,0.0,0.0035915854284248334,0.000513083632632119,7.0,0.561208028,0.08017257542857144,1949,116.82317682317682
299860,Fuka Nagano,2023-2024,0.0023240371845949536,0.0,0.20916334661354583,0.041168658698539175,0.01195219123505976,0.20152722443559096,0.012284196547144754,0.0049800796812749,0.00597609561752988,0.00796812749003984,0.025232403718459494,0.0006640106241699867,0.004316069057104913,0.00597609561752988,0.0,0.00199203187250996,0.014276228419654714,0.00398406374501992,0.0,0.0,0.0,0.27589641434262946,0.00099601593625498,0.00099601593625498,0.16533864541832669,0.0,0.00199203187250996,0.00099601593625498,6.0,0.191204821,0.03186747016666667,3012,140.31055900621118
307271,Yankuba Minteh,2023,0.009287925696594427,0.0,0.30030959752321984,0.018575851393188854,0.021671826625386997,0.18575851393188855,0.006191950464396285,0.01238390092879257,0.021671826625386997,0.0030959752321981426,0.018575851393188854,0.0030959752321981426,0.009287925696594427,0.009287925696594427,0.0,0.006191950464396285,0.0,0.030959752321981424,0.0030959752321981426,0.0,0.0,0.17027863777089783,0.009287925696594427,0.009287925696594427,0.14241486068111456,0.0,0.006191950464396285,0.0030959752321981426,2.0,0.06946952,0.03473476,323,137.7072477498816
322143,Sophia Poor,2023-2024,0.0,0.0,0.14622641509433962,0.05660377358490566,0.0,0.18867924528301888,0.0,0.0,0.0,0.0,0.0,0.009433962264150943,0.0,0.0,0.2169811320754717,0.014150943396226415,0.0,0.0,0.0,0.0,0.0,0.36792452830188677,0.0,0.0,0.0,0.0,0.0,0.0,0.0,0.0,0.0,212,103.24675324675324
322322,Jessica Ziu,2023-2024,0.004191616766467066,0.0,0.2508982035928144,0.035329341317365266,0.015568862275449102,0.18023952095808382,0.006586826347305389,0.01437125748502994,0.019161676646706587,0.003592814371257485,0.022754491017964073,0.0,0.010778443113772455,0.005389221556886228,0.0,0.0017964071856287425,0.0029940119760479044,0.016766467065868262,0.0,0.0,0.0,0.181437125748503,0.0011976047904191617,0.0011976047904191617,0.2119760479041916,0.0,0.00718562874251497,0.006586826347305389,12.0,1.776961225,0.14808010208333333,1670,164.58607095926413
322359,Ceri Holland,2023-2024,0.0038965639390719092,0.00035423308537017357,0.24406659582004958,0.03400637619553666,0.014523556500177117,0.1834927382217499,0.008855827134254339,0.011335458731845554,0.012043924902585901,0.0060219624512929506,0.03258944385405597,0.0,0.007084661707403472,0.007084661707403472,0.0,0.003188097768331562,0.0077931278781438185,0.015586255756287637,0.0,0.0,0.0,0.2199787460148778,0.0021253985122210413,0.0021253985122210413,0.17109458023379384,0.0,0.010981225646475381,0.001771165426850868,31.0,2.833647342,0.09140797877419354,2823,148.81391671059566
326618,Chloe Mustaki,2023-2024,0.0,0.0,0.19292604501607716,0.03536977491961415,0.014469453376205787,0.1752411575562701,0.01929260450160772,0.0,0.003215434083601286,0.014469453376205787,0.024115755627009645,0.0,0.008038585209003215,0.001607717041800643,0.0,0.001607717041800643,0.00964630225080386,0.008038585209003215,0.0,0.0,0.0,0.3504823151125402,0.0,0.0,0.13344051446945338,0.001607717041800643,0.003215434083601286,0.003215434083601286,2.0,0.12155292399999999,0.060776461999999996,622,119.00510204081633
326619,Olivia Clarke,2023-2024,0.0,0.0,0.14661654135338345,0.04887218045112782,0.0018796992481203006,0.17669172932330826,0.0018796992481203006,0.0,0.0,0.0037593984962406013,0.0,0.0,0.0,0.0,0.2650375939849624,0.007518796992481203,0.0,0.0,0.0,0.0,0.0,0.34210526315789475,0.0,0.0,0.0037593984962406013,0.0,0.0,0.0018796992481203006,0.0,0.0,0.0,532,78.95778364116094
329372,Mia Enderby,2023-2024,0.0035046728971962616,0.002336448598130841,0.35514018691588783,0.026869158878504672,0.008177570093457943,0.15771028037383178,0.005841121495327103,0.02336448598130841,0.009345794392523364,0.004672897196261682,0.029205607476635514,0.0,0.0011682242990654205,0.01985981308411215,0.0,0.0035046728971962616,0.004672897196261682,0.03387850467289719,0.0,0.0,0.0,0.10397196261682243,0.0035046728971962616,0.0035046728971962616,0.1764018691588785,0.0011682242990654205,0.015186915887850467,0.007009345794392523,13.0,1.23132573,0.09471736384615384,856,118.6325839236218
336796,Miguel Ángel Terceros,2024,0.0030864197530864196,0.0,0.2654320987654321,0.037037037037037035,0.009259259259259259,0.2191358024691358,0.006172839506172839,0.024691358024691357,0.021604938271604937,0.0030864197530864196,0.012345679012345678,0.0,0.021604938271604937,0.006172839506172839,0.0,0.0,0.0030864197530864196,0.012345679012345678,0.0,0.0,0.0,0.18518518518518517,0.0,0.0,0.1419753086419753,0.0,0.021604938271604937,0.006172839506172839,7.0,0.31768867,0.04538409571428571,324,147.42163801820018
337710,Cecilie Maag Struck,2023-2024,0.001287001287001287,0.0,0.21621621621621623,0.023166023166023165,0.021879021879021878,0.20205920205920205,0.0682110682110682,0.0,0.0,0.002574002574002574,0.029601029601029602,0.0,0.007722007722007722,0.002574002574002574,0.0,0.003861003861003861,0.014157014157014158,0.001287001287001287,0.0,0.0,0.0,0.305019305019305,0.0,0.0,0.09266409266409266,0.0,0.002574002574002574,0.005148005148005148,2.0,0.11569407000000001,0.057847035000000005,777,111.10581506196378
337744,Isibeal Atkinson,2023-2024,0.0,0.0,0.22727272727272727,0.048484848484848485,0.02727272727272727,0.20909090909090908,0.0,0.024242424242424242,0.01818181818181818,0.01818181818181818,0.015151515151515152,0.0,0.012121212121212121,0.00909090909090909,0.0,0.0,0.006060606060606061,0.03333333333333333,0.0,0.0,0.0,0.17575757575757575,0.0,0.0,0.15454545454545454,0.0,0.01818181818181818,0.0030303030303030303,6.0,0.400786768,0.06679779466666667,330,150.22761760242793
338059,Clare Wheeler,2023-2024,0.003977272727272727,0.0,0.20880681818181818,0.03465909090909091,0.016477272727272726,0.20823863636363638,0.016761363636363637,0.007386363636363636,0.00625,0.008806818181818181,0.023863636363636365,0.0005681818181818182,0.007386363636363636,0.003409090909090909,0.0,0.0014204545454545455,0.015056818181818182,0.005965909090909091,0.0,0.0,0.0,0.27357954545454544,0.0005681818181818182,0.0005681818181818182,0.15454545454545454,0.0008522727272727272,0.0005681818181818182,0.0002840909090909091,2.0,0.119676057,0.0598380285,3520,166.64036610383462
341163,Omaré Gassama,2023,0.007425742574257425,0.0,0.1905940594059406,0.04702970297029703,0.0297029702970297,0.21534653465346534,0.0049504950495049506,0.009900990099009901,0.01485148514851485,0.0049504950495049506,0.0297029702970297,0.0,0.022277227722772276,0.022277227722772276,0.0,0.0049504950495049506,0.019801980198019802,0.0049504950495049506,0.0,0.0,0.0,0.20544554455445543,0.0,0.0,0.15841584158415842,0.0,0.0049504950495049506,0.0024752475247524753,2.0,0.0267542688,0.0133771344,404,113.80281690140845
345061,Mari Ward,2023-2024,0.004259850905218318,0.0,0.2417465388711395,0.04792332268370607,0.021299254526091587,0.17784877529286475,0.01810436634717785,0.01703940362087327,0.01810436634717785,0.009584664536741214,0.0308839190628328,0.0,0.007454739084132056,0.009584664536741214,0.0,0.0,0.007454739084132056,0.009584664536741214,0.0010649627263045794,0.0,0.0,0.17252396166134185,0.0,0.0,0.20021299254526093,0.0,0.004259850905218318,0.0010649627263045794,4.0,0.366491171,0.09162279275,939,153.4871049763894
348757,Kevin José Rodríguez Cortez,2024,0.003194888178913738,0.0,0.28434504792332266,0.038338658146964855,0.025559105431309903,0.15654952076677317,0.009584664536741214,0.025559105431309903,0.01597444089456869,0.009584664536741214,0.05750798722044728,0.0,0.01597444089456869,0.025559105431309903,0.0,0.009584664536741214,0.0,0.03194888178913738,0.0,0.0,0.0,0.11182108626198083,0.003194888178913738,0.003194888178913738,0.1501597444089457,0.0,0.01597444089456869,0.006389776357827476,5.0,0.120613769,0.0241227538,313,0.0
358410,Stanley Bobo Nwabali,2023,0.0,0.004,0.144,0.068,0.0,0.168,0.0,0.0,0.0,0.0,0.0,0.0,0.0,0.012,0.208,0.022,0.0,0.0,0.0,0.0,0.0,0.372,0.0,0.0,0.0,0.0,0.0,0.002,0.0,0.0,0.0,500,69.30540582165409
361311,Mia Renee Fishel,2023-2024,0.001519756838905775,0.0,0.378419452887538,0.0243161094224924,0.0060790273556231,0.17325227963525835,0.00303951367781155,0.007598784194528876,0.019756838905775075,0.00303951367781155,0.022796352583586626,0.0,0.0,0.001519756838905775,0.0,0.00303951367781155,0.00303951367781155,0.037993920972644375,0.001519756838905775,0.0,0.0,0.14893617021276595,0.0,0.0,0.1398176291793313,0.0,0.019756838905775075,0.004559270516717325,13.0,1.488388322,0.11449140938461538,658,0.0
363583,Brajan Gruda,2023-2024,0.004149377593360996,0.0,0.2946058091286307,0.03734439834024896,0.004149377593360996,0.22821576763485477,0.0,0.016597510373443983,0.029045643153526972,0.004149377593360996,0.016597510373443983,0.0,0.004149377593360996,0.008298755186721992,0.0,0.0,0.008298755186721992,0.0,0.004149377593360996,0.0,0.0,0.22406639004149378,0.0,0.0,0.1037344398340249,0.0,0.004149377593360996,0.008298755186721992,1.0,0.02572198,0.02572198,241,156.26801152737752
363738,Fernando de Lacerda Gomes,2023,0.0,0.0,0.29493087557603687,0.018433179723502304,0.009216589861751152,0.2350230414746544,0.013824884792626729,0.013824884792626729,0.009216589861751152,0.013824884792626729,0.018433179723502304,0.0,0.004608294930875576,0.009216589861751152,0.0,0.0,0.0,0.004608294930875576,0.0,0.0,0.0,0.2672811059907834,0.0,0.0,0.07834101382488479,0.0,0.009216589861751152,0.0,2.0,0.075031935,0.0375159675,217,0.0
363986,Jovani Francisco Welch Lopez,2024,0.003003003003003003,0.0,0.21021021021021022,0.05105105105105105,0.006006006006006006,0.21921921921921922,0.009009009009009009,0.003003003003003003,0.009009009009009009,0.009009009009009009,0.036036036036036036,0.0,0.018018018018018018,0.012012012012012012,0.0,0.0,0.009009009009009009,0.009009009009009009,0.0,0.0,0.0,0.24924924924924924,0.0,0.0,0.13513513513513514,0.0,0.009009009009009009,0.003003003003003003,3.0,0.0369598443,0.0123199481,333,0.0
370018,Shannon Cooke,2023-2024,0.0006544502617801048,0.0006544502617801048,0.23232984293193717,0.030104712041884817,0.011780104712041885,0.21596858638743455,0.03664921465968586,0.0013089005235602095,0.0013089005235602095,0.0032722513089005235,0.02356020942408377,0.0,0.00981675392670157,0.0006544502617801048,0.0,0.001963350785340314,0.0058900523560209425,0.0006544502617801048,0.0,0.0,0.0,0.30824607329842935,0.0,0.0,0.10798429319371727,0.0013089005235602095,0.005235602094240838,0.0006544502617801048,8.0,0.4544537562,0.056806719525,1528,151.5204936095196
383250,Moise Bombito,2024,0.001160092807424594,0.0,0.24361948955916474,0.03248259860788863,0.0069605568445475635,0.24245939675174014,0.04640371229698376,0.001160092807424594,0.004640371229698376,0.002320185614849188,0.02088167053364269,0.0,0.004640371229698376,0.002320185614849188,0.0,0.002320185614849188,0.009280742459396751,0.002320185614849188,0.0,0.0,0.0,0.3225058004640371,0.0,0.0,0.048723897911832945,0.0,0.00580046403712297,0.0,5.0,1.696799162,0.3393598324,862,136.10526315789474
384888,Ray Kendry Páez Andrade,2024,0.0,0.0,0.1943231441048035,0.05240174672489083,0.015283842794759825,0.1965065502183406,0.004366812227074236,0.010917030567685589,0.015283842794759825,0.013100436681222707,0.03275109170305677,0.0,0.004366812227074236,0.004366812227074236,0.0,0.0,0.004366812227074236,0.004366812227074236,0.0,0.0,0.0,0.22489082969432314,0.0,0.0,0.18995633187772926,0.0,0.024017467248908297,0.008733624454148471,11.0,1.659835197,0.15089410881818183,458,0.0
386105,Lisa Fjeldstad Naalsund,2023-2024,0.0035175879396984926,0.0,0.23417085427135678,0.0371859296482412,0.009547738693467337,0.21959798994974875,0.0020100502512562816,0.007035175879396985,0.009547738693467337,0.006532663316582915,0.022110552763819097,0.0,0.006532663316582915,0.005025125628140704,0.0,0.0010050251256281408,0.010050251256281407,0.01457286432160804,0.0,0.0,0.0,0.23668341708542714,0.0,0.0,0.1658291457286432,0.0005025125628140704,0.006030150753768844,0.002512562814070352,12.0,0.92876705,0.07739725416666667,1990,171.74913693901038
388473,Jorelyn Andrea Daniela Carabalí Martínez,2023-2024,0.0022522522522522522,0.0005630630630630631,0.2179054054054054,0.028716216216216218,0.018581081081081082,0.21677927927927929,0.02364864864864865,0.0033783783783783786,0.00563063063063063,0.00563063063063063,0.023085585585585586,0.0022522522522522522,0.01126126126126126,0.005067567567567568,0.0,0.0016891891891891893,0.01126126126126126,0.00731981981981982,0.0,0.0005630630630630631,0.0,0.30292792792792794,0.0005630630630630631,0.0005630630630630631,0.10191441441441441,0.0016891891891891893,0.003941441441441441,0.002815315315315315,7.0,0.4523889427,0.06462699181428572,1776,0.0
389092,Ibrahim Abdallah Hamad,2023,0.0,0.0,0.28862478777589134,0.022071307300509338,0.006791171477079796,0.2563667232597623,0.030560271646859084,0.0,0.0,0.001697792869269949,0.013582342954159592,0.0,0.001697792869269949,0.0050933786078098476,0.0,0.001697792869269949,0.003395585738539898,0.0,0.0,0.0,0.0,0.33276740237691,0.0,0.0,0.03395585738539898,0.0,0.001697792869269949,0.0,1.0,0.07323889,0.07323889,589,186.00000000000003
389156,Tresford Lawrence Mulenga,2023,0.0,0.0,0.1746031746031746,0.04365079365079365,0.0,0.12698412698412698,0.0,0.0,0.0,0.0,0.0,0.0,0.0,0.003968253968253968,0.23412698412698413,0.023809523809523808,0.0,0.003968253968253968,0.0,0.0,0.0,0.3888888888888889,0.0,0.0,0.0,0.0,0.0,0.0,0.0,0.0,0.0,252,79.57894736842105
389291,Fiston Kalala Mayele,2023,0.004830917874396135,0.0,0.3140096618357488,0.043478260869565216,0.004830917874396135,0.13526570048309178,0.0,0.014492753623188406,0.0,0.0,0.057971014492753624,0.0,0.004830917874396135,0.00966183574879227,0.0,0.0,0.0,0.028985507246376812,0.0,0.0,0.0,0.14009661835748793,0.0,0.0,0.21256038647342995,0.0,0.024154589371980676,0.004830917874396135,5.0,0.712501595,0.142500319,207,120.8171206225681
389292,Khadim Diaw,2023,0.0,0.0,0.1504424778761062,0.048672566371681415,0.022123893805309734,0.168141592920354,0.06637168141592921,0.008849557522123894,0.017699115044247787,0.017699115044247787,0.017699115044247787,0.004424778761061947,0.008849557522123894,0.008849557522123894,0.0,0.0,0.017699115044247787,0.0,0.0,0.0,0.0,0.27876106194690264,0.0,0.0,0.1592920353982301,0.0,0.004424778761061947,0.0,1.0,0.006792965,0.006792965,226,84.75
389294,Nouh Mohamed El Abd,2023,0.0,0.0,0.2575107296137339,0.012875536480686695,0.017167381974248927,0.23605150214592274,0.07296137339055794,0.0,0.0,0.0,0.012875536480686695,0.0,0.008583690987124463,0.02145922746781116,0.0,0.008583690987124463,0.0,0.0,0.0,0.0,0.0,0.30042918454935624,0.004291845493562232,0.004291845493562232,0.034334763948497854,0.0,0.008583690987124463,0.0,2.0,0.160952193,0.0804760965,233,110.36842105263159
389316,Ngero Kaanjuka Katua,2023,0.00392156862745098,0.0,0.19215686274509805,0.06274509803921569,0.00784313725490196,0.21568627450980393,0.00784313725490196,0.01568627450980392,0.0,0.0196078431372549,0.03137254901960784,0.0,0.023529411764705882,0.00784313725490196,0.0,0.0,0.00392156862745098,0.011764705882352941,0.0,0.0,0.0,0.23529411764705882,0.0,0.0,0.1411764705882353,0.0,0.011764705882352941,0.00784313725490196,3.0,0.089402287,0.02980076233333333,255,98.96507115135836
389319,Muzeu Bethuel,2023,0.0,0.0,0.2777777777777778,0.04093567251461988,0.023391812865497075,0.16374269005847952,0.008771929824561403,0.014619883040935672,0.02046783625730994,0.005847953216374269,0.04093567251461988,0.0,0.005847953216374269,0.008771929824561403,0.0,0.0,0.017543859649122806,0.023391812865497075,0.0,0.0,0.0,0.14619883040935672,0.0,0.0,0.1871345029239766,0.0,0.008771929824561403,0.005847953216374269,3.0,0.382299607,0.12743320233333333,342,143.42963653308482
389328,Deivi Miguel Vieira,2023,0.002105263157894737,0.0,0.2736842105263158,0.029473684210526315,0.008421052631578947,0.22526315789473683,0.004210526315789474,0.02526315789473684,0.031578947368421054,0.00631578947368421,0.014736842105263158,0.0,0.00631578947368421,0.014736842105263158,0.0,0.0,0.008421052631578947,0.014736842105263158,0.0,0.0,0.0,0.14947368421052631,0.0,0.0,0.16210526315789472,0.002105263157894737,0.01263157894736842,0.008421052631578947,6.0,0.6593786565,0.10989644275,475,0.0
389365,Maika Hamano,2023-2024,0.004700352526439483,0.0,0.2702702702702703,0.041128084606345476,0.009400705052878966,0.21151586368977673,0.0011750881316098707,0.005875440658049354,0.01410105757931845,0.008225616921269096,0.02702702702702703,0.0,0.007050528789659225,0.0011750881316098707,0.0,0.0,0.005875440658049354,0.012925969447708578,0.0011750881316098707,0.0,0.0,0.21269095182138661,0.0,0.0,0.14688601645123384,0.0011750881316098707,0.01645123384253819,0.0011750881316098707,14.0,2.108508534,0.1506077524285714,851,226.2629246676514
389641,Domingos João Macandza,2023,0.009478672985781991,0.0,0.27014218009478674,0.009478672985781991,0.0,0.23696682464454977,0.014218009478672985,0.0,0.004739336492890996,0.023696682464454975,0.009478672985781991,0.0,0.018957345971563982,0.0,0.0,0.0,0.009478672985781991,0.018957345971563982,0.0,0.0,0.0,0.2890995260663507,0.0,0.0,0.07109004739336493,0.0,0.009478672985781991,0.004739336492890996,2.0,0.136955365,0.0684776825,211,0.0
392153,Lamine Camara,2023,0.003913894324853229,0.0,0.25244618395303325,0.0273972602739726,0.005870841487279843,0.2035225048923679,0.003913894324853229,0.009784735812133072,0.0,0.0019569471624266144,0.011741682974559686,0.0,0.01761252446183953,0.009784735812133072,0.0,0.0,0.003913894324853229,0.003913894324853229,0.0,0.0,0.0,0.2759295499021526,0.0019569471624266144,0.0019569471624266144,0.15459882583170254,0.0,0.005870841487279843,0.003913894324853229,3.0,0.1678907663,0.05596358876666666,511,169.45467943994106
395055,Princess Ademiluyi,2023-2024,0.003663003663003663,0.0,0.2893772893772894,0.03296703296703297,0.01098901098901099,0.1978021978021978,0.003663003663003663,0.018315018315018316,0.018315018315018316,0.0,0.029304029304029304,0.0,0.014652014652014652,0.003663003663003663,0.0,0.003663003663003663,0.0,0.04395604395604396,0.0,0.0,0.0,0.13553113553113552,0.0,0.0,0.19047619047619047,0.0,0.003663003663003663,0.0,1.0,0.04633454,0.04633454,273,192.25352112676057
397744,Dirk Wouter Johannes van Dijk,1970-1971,0.0,0.0,0.36199095022624433,0.03619909502262444,0.004524886877828055,0.18099547511312217,0.004524886877828055,0.004524886877828055,0.00904977375565611,0.01809954751131222,0.03167420814479638,0.0,0.004524886877828055,0.004524886877828055,0.0,0.0,0.00904977375565611,0.004524886877828055,0.0,0.0,0.0,0.23076923076923078,0.0,0.0,0.07692307692307693,0.0,0.01809954751131222,0.0,4.0,0.40157532500000004,0.10039383125000001,221,0.0
397751,Konstantinos Eleftherakis,1970-1971,0.0,0.0,0.27972027972027974,0.04195804195804196,0.006993006993006993,0.28321678321678323,0.0,0.013986013986013986,0.03496503496503497,0.006993006993006993,0.006993006993006993,0.0,0.0,0.0,0.0,0.0,0.0034965034965034965,0.0034965034965034965,0.0,0.0,0.0,0.2762237762237762,0.0,0.0,0.03496503496503497,0.0,0.006993006993006993,0.0,2.0,0.038764102,0.019382051,286,270.94736842105266
397752,Dimitris Domazos,1970-1971,0.0,0.0,0.3172690763052209,0.020080321285140562,0.004016064257028112,0.26506024096385544,0.004016064257028112,0.01606425702811245,0.008032128514056224,0.012048192771084338,0.0,0.0,0.004016064257028112,0.020080321285140562,0.0,0.0,0.0,0.004016064257028112,0.0,0.0,0.0,0.28112449799196787,0.0,0.0,0.04417670682730924,0.0,0.0,0.0,0.0,0.0,0.0,249,0.0
398489,Héctor Manuel Cuellar Rosales,2024,0.0022371364653243847,0.0,0.232662192393736,0.03355704697986577,0.006711409395973154,0.24161073825503357,0.024608501118568233,0.008948545861297539,0.013422818791946308,0.011185682326621925,0.026845637583892617,0.0,0.008948545861297539,0.0022371364653243847,0.0,0.0,0.011185682326621925,0.0022371364653243847,0.0,0.0,0.0,0.30648769574944074,0.0,0.0,0.06711409395973154,0.0,0.0,0.0,0.0,0.0,0.0,447,0.0
401930,Riko Ueki,2023-2024,0.0026470588235294116,0.0002941176470588235,0.31411764705882356,0.01735294117647059,0.01764705882352941,0.1561764705882353,0.004705882352941176,0.009117647058823529,0.00823529411764706,0.005588235294117647,0.028529411764705883,0.0,0.007058823529411765,0.011176470588235295,0.0,0.0008823529411764706,0.003235294117647059,0.023529411764705882,0.0,0.0,0.0,0.16647058823529412,0.000588235294117647,0.000588235294117647,0.20088235294117648,0.0,0.018823529411764704,0.002352941176470588,64.0,6.397518216,0.099961222125,3400,156.79442508710804
401932,Hinata Miyazawa,2023-2024,0.003105590062111801,0.0,0.2422360248447205,0.040372670807453416,0.013457556935817806,0.2111801242236025,0.004140786749482402,0.007246376811594203,0.007246376811594203,0.007246376811594203,0.017598343685300208,0.0,0.003105590062111801,0.0010351966873706005,0.0,0.0010351966873706005,0.012422360248447204,0.002070393374741201,0.0,0.0,0.0,0.2546583850931677,0.0,0.0,0.14803312629399587,0.0,0.019668737060041408,0.004140786749482402,19.0,1.4552535659999999,0.07659229294736841,966,152.4193548387097
405180,Charlize Jayde Rule,2023-2024,0.003821656050955414,0.0,0.21019108280254778,0.04076433121019108,0.015286624203821656,0.2140127388535032,0.016560509554140127,0.006369426751592357,0.008917197452229299,0.011464968152866241,0.02165605095541401,0.0,0.003821656050955414,0.0,0.0,0.0,0.015286624203821656,0.01019108280254777,0.0,0.0,0.0,0.3019108280254777,0.0,0.0,0.11847133757961784,0.0,0.0012738853503184713,0.0,1.0,0.18100289,0.18100289,785,160.20408163265307
405188,Madison Haley,2023-2024,0.002081165452653486,0.0,0.28199791883454733,0.03850156087408949,0.01040582726326743,0.19771071800208118,0.005202913631633715,0.019771071800208116,0.009365244536940686,0.004162330905306972,0.027055150884495317,0.0,0.014568158168574402,0.01040582726326743,0.0,0.003121748178980229,0.001040582726326743,0.01664932362122789,0.0,0.0,0.0,0.19458896982310095,0.001040582726326743,0.001040582726326743,0.1404786680541103,0.0,0.015608740894901144,0.005202913631633715,15.0,1.99664673,0.13310978199999998,961,134.74061380277303
406457,Facinet Conte,2023,0.0,0.0,0.34782608695652173,0.01932367149758454,0.014492753623188406,0.16908212560386474,0.00966183574879227,0.014492753623188406,0.00966183574879227,0.014492753623188406,0.033816425120772944,0.0,0.024154589371980676,0.014492753623188406,0.0,0.00966183574879227,0.0,0.024154589371980676,0.0,0.0,0.0,0.13526570048309178,0.0,0.0,0.14009661835748793,0.004830917874396135,0.00966183574879227,0.004830917874396135,2.0,0.42035304,0.21017652,207,108.125362739408
410042,Karoline Olesen,2023-2024,0.005434782608695652,0.0,0.23804347826086958,0.03804347826086957,0.021739130434782608,0.1923913043478261,0.003260869565217391,0.015217391304347827,0.010869565217391304,0.014130434782608696,0.02826086956521739,0.0,0.010869565217391304,0.005434782608695652,0.0,0.0,0.003260869565217391,0.014130434782608696,0.0,0.0,0.0,0.2,0.0010869565217391304,0.0010869565217391304,0.1934782608695652,0.0,0.0,0.003260869565217391,0.0,0.0,0.0,920,192.96201351666278
416907,Sidi Bouna Sidi Amar,2023,0.0,0.0,0.20491803278688525,0.040983606557377046,0.0273224043715847,0.20491803278688525,0.01092896174863388,0.01366120218579235,0.03278688524590164,0.01639344262295082,0.04371584699453552,0.0,0.00273224043715847,0.01639344262295082,0.0,0.01092896174863388,0.00546448087431694,0.02185792349726776,0.0,0.0,0.0,0.14207650273224043,0.00546448087431694,0.00546448087431694,0.16393442622950818,0.00273224043715847,0.01912568306010929,0.00819672131147541,7.0,0.39602048199999995,0.056574354571428564,366,124.25499811391926
417067,Infren David da Conceição Matola,2023,0.0,0.004878048780487805,0.24878048780487805,0.02926829268292683,0.00975609756097561,0.2146341463414634,0.00975609756097561,0.00975609756097561,0.004878048780487805,0.00975609756097561,0.014634146341463415,0.0,0.014634146341463415,0.014634146341463415,0.0,0.0,0.004878048780487805,0.0,0.0,0.0,0.0,0.3073170731707317,0.0,0.0,0.09268292682926829,0.004878048780487805,0.004878048780487805,0.0,1.0,0.019594248,0.019594248,205,0.0
482851,Esteban Orozco Fernández,2023,0.0,0.0,0.25068870523415976,0.01652892561983471,0.011019283746556474,0.209366391184573,0.07162534435261708,0.0,0.0,0.0,0.046831955922865015,0.0,0.0027548209366391185,0.0027548209366391185,0.0,0.0027548209366391185,0.005509641873278237,0.005509641873278237,0.0,0.0027548209366391185,0.0,0.3168044077134986,0.0,0.0,0.05509641873278237,0.0,0.0,0.0,0.0,0.0,0.0,363,0.0
