target_player,target_season,target_cluster,target_position,rec_1_name,rec_1_season,rec_1_position,rec_1_similarity,rec_2_name,rec_2_season,rec_2_position,rec_2_similarity,rec_3_name,rec_3_season,rec_3_position,rec_3_similarity,rec_4_name,rec_4_season,rec_4_position,rec_4_similarity,rec_5_name,rec_5_season,rec_5_position,rec_5_similarity
Jović,2021-2022,0,Forward,António Silva,2025-2026,Unknown,0.9999,Lukáš Haraslín,2025-2026,Other,0.9999,Youngwoo Seol,2025-2026,Other,0.9999,E. Hazard,2021-2022,Forward,0.9999,Hugo Bueno,2025-2026,Unknown,0.9998
Marcelo,2021-2022,0,Unknown,Emil Ceide,2021-2022,Other,1.0,Jonathan Silva,2021-2022,Other,1.0,Nordine Kandil,2021-2022,Other,1.0,Mouhamadou Diarra,2021-2022,Other,1.0,Luis Palma,2025-2026,Unknown,1.0
E. Hazard,2021-2022,0,Forward,Lukáš Haraslín,2025-2026,Other,1.0,António Silva,2025-2026,Unknown,1.0,Hugo Bueno,2025-2026,Unknown,1.0,Viktor Tsygankov,2025-2026,Forward,1.0,Timi Elšnik,2025-2026,Other,0.9999
Miguel Gutiérrez,2021-2022,0,Defender,Darian Males,2025-2026,Forward,0.9999,Cavani,2021-2022,Forward,0.9999,Javi Serrano,2025-2026,Midfielder,0.9998,Marko Rog,2025-2026,Other,0.9997,Arthur Vermeeren,2025-2026,Other,0.9997
Ceballos,2021-2022,0,Midfielder,Hyunjun,2025-2026,Unknown,1.0,Javier Serrano,2021-2022,Other,1.0,Andy Robertson,2025-2026,Other,1.0,Jon Gorenc Stanković,2025-2026,Other,1.0,Giuliano Simeone,2025-2026,Unknown,1.0
Mariano Díaz,2021-2022,0,Forward,Marco John,2021-2022,Other,1.0,Naouirou Ahamada,2021-2022,Other,1.0,Samuel Umtiti,2021-2022,Unknown,1.0,Nico O’Reilly,2025-2026,Unknown,1.0,Lukáš Pauschek,2025-2026,Other,1.0
Vallejo,2021-2022,0,Defender,Gregory Wüthrich,2025-2026,Defender,1.0,Matias Fernandez-Pardo,2025-2026,Unknown,1.0,De Winter,2021-2022,Defender,1.0,Soungoutou Magassa,2025-2026,Other,1.0,Luka Stojković,2025-2026,Unknown,1.0
Bale,2021-2022,0,Forward,Ricardo Pepi,2025-2026,Other,1.0,Shola Shoretire,2021-2022,Other,1.0,Martín,2021-2022,Other,1.0,Aleksandar Katai,2025-2026,Forward,1.0,Panagiotis Retsos,2021-2022,Other,1.0
Minamino,2021-2022,0,Forward,Gosens,2021-2022,Midfielder,1.0,Corona,2021-2022,Forward,1.0,Jahmai Simpson-Pusey,2025-2026,Unknown,1.0,Palmer,2021-2022,Midfielder,0.9999,Dan Ndoye,2025-2026,Other,0.9999
Tyler Morton,2021-2022,0,Other,Bradarić,2021-2022,Defender,1.0,Julien,2021-2022,Defender,1.0,Krépin Diatta,2025-2026,Unknown,1.0,Julian Baumgartlinger,2021-2022,Unknown,1.0,Anrie Chase,2025-2026,Other,1.0
Phillips,2021-2022,0,Defender,George Ilenikhena,2025-2026,Other,1.0,Marc Roca,2021-2022,Defender,1.0,Bakayoko,2021-2022,Defender,0.9999,Erokhin,2021-2022,Midfielder,0.9999,Ranocchia,2021-2022,Defender,0.9999
Elliott,2021-2022,0,Midfielder,Maignan,2021-2022,Goalkeeper,1.0,Lionel Messi,2021-2022,Unknown,1.0,Konrad Laimer,2021-2022,Unknown,1.0,Kylian Mbappé,2021-2022,Unknown,0.9999,Stanislav Lobotka,2021-2022,Unknown,0.9998
Woltman,2021-2022,0,Midfielder,Savage,2021-2022,Midfielder,1.0,Iqbal,2021-2022,Midfielder,1.0,Bradley,2021-2022,Midfielder,1.0,Gil Dias,2021-2022,Midfielder,1.0,Chemsdine Talbi,2025-2026,Unknown,1.0
Bradley,2021-2022,0,Midfielder,Savage,2021-2022,Midfielder,1.0,Iqbal,2021-2022,Midfielder,1.0,Woltman,2021-2022,Midfielder,1.0,Gil Dias,2021-2022,Midfielder,1.0,Chemsdine Talbi,2025-2026,Unknown,1.0
Vlachodimos,2021-2022,0,Goalkeeper,Handanovič,2021-2022,Goalkeeper,1.0,Nuno Santos,2021-2022,Forward,1.0,Timon Wellenreuther,2025-2026,Unknown,0.9999,Pasveer,2021-2022,Goalkeeper,0.9999,Alexander Nübel,2025-2026,Unknown,0.9999
Oblak,2021-2022,0,Goalkeeper,Szczęsny,2021-2022,Goalkeeper,0.9999,Anatoliy Trubin,2025-2026,Unknown,0.9998,Köhn,2021-2022,Goalkeeper,0.9998,Gianluigi Donnarumma,2025-2026,Unknown,0.9998,Eric Maxim Choupo-Moting,2021-2022,Unknown,0.9995
Köhn,2021-2022,0,Goalkeeper,Anatoliy Trubin,2025-2026,Unknown,1.0,Eric Maxim Choupo-Moting,2021-2022,Unknown,0.9999,Bounou,2021-2022,Goalkeeper,0.9998,Oblak,2021-2022,Goalkeeper,0.9998,Szczęsny,2021-2022,Goalkeeper,0.9994
Handanovič,2021-2022,0,Goalkeeper,Vlachodimos,2021-2022,Goalkeeper,1.0,Nuno Santos,2021-2022,Forward,1.0,Timon Wellenreuther,2025-2026,Unknown,1.0,Pasveer,2021-2022,Goalkeeper,0.9999,Mehmet Topal,2021-2022,Unknown,0.9999
Adán,2021-2022,0,Goalkeeper,Asger Sørensen,2025-2026,Defender,0.9998,Hateboer,2021-2022,Defender,0.9998,Gulácsi,2021-2022,Goalkeeper,0.9993,Kobel,2021-2022,Goalkeeper,0.9993,Donnarumma,2021-2022,Unknown,0.9991
Szczęsny,2021-2022,0,Goalkeeper,Gianluigi Donnarumma,2025-2026,Unknown,1.0,Oblak,2021-2022,Goalkeeper,0.9999,Mattia Zaccagni,2021-2022,Unknown,0.9997,Marvin Keller,2025-2026,Unknown,0.9996,Anatoliy Trubin,2025-2026,Unknown,0.9995
De Gea,2021-2022,0,Goalkeeper,Leandro Paredes,2021-2022,Unknown,1.0,Faivre,2021-2022,Goalkeeper,0.9997,Dani Alves,2021-2022,Unknown,0.9997,David Raya,2025-2026,Unknown,0.9996,Sergio Ramos,2021-2022,Unknown,0.9981
Bounou,2021-2022,0,Goalkeeper,Eric Maxim Choupo-Moting,2021-2022,Unknown,1.0,Köhn,2021-2022,Goalkeeper,0.9998,Anatoliy Trubin,2025-2026,Unknown,0.9998,Oblak,2021-2022,Goalkeeper,0.9992,Bushchan,2021-2022,Goalkeeper,0.9991
Kobel,2021-2022,0,Goalkeeper,Gulácsi,2021-2022,Goalkeeper,1.0,Donnarumma,2021-2022,Unknown,1.0,Bushchan,2021-2022,Goalkeeper,0.9994,Adán,2021-2022,Goalkeeper,0.9993,Asger Sørensen,2025-2026,Defender,0.9984
Mignolet,2021-2022,0,Goalkeeper,Mignolet,2025-2026,Goalkeeper,0.9999,Hateboer,2021-2022,Defender,0.9993,Asger Sørensen,2025-2026,Defender,0.9993,Adán,2021-2022,Goalkeeper,0.9984,Gregor Kobel,2025-2026,Unknown,0.9979
Juan Musso,2021-2022,0,Other,Roberto Pereyra,2021-2022,Unknown,1.0,Stephan El Shaarawy,2021-2022,Unknown,1.0,Junior Messias,2021-2022,Unknown,1.0,Matty Cash,2021-2022,Unknown,1.0,Radamel Falcao,2021-2022,Unknown,1.0
Pasveer,2021-2022,0,Goalkeeper,Timon Wellenreuther,2025-2026,Unknown,1.0,Mehmet Topal,2021-2022,Unknown,1.0,Nuno Santos,2021-2022,Forward,1.0,Handanovič,2021-2022,Goalkeeper,0.9999,Ridle Baku,2021-2022,Other,0.9999
Grbić,2021-2022,0,Goalkeeper,Abdou Diallo,2021-2022,Unknown,1.0,Ángel Di María,2021-2022,Unknown,1.0,Kingsley Coman,2021-2022,Unknown,1.0,Jürgen Locadia,2021-2022,Unknown,1.0,Nabil Bentaleb,2021-2022,Unknown,1.0
Diogo Costa,2021-2022,0,Unknown,Ridle Baku,2021-2022,Other,0.9999,Mehmet Topal,2021-2022,Unknown,0.9998,Pasveer,2021-2022,Goalkeeper,0.9997,Timon Wellenreuther,2025-2026,Unknown,0.9997,Nuno Santos,2021-2022,Forward,0.9996
Ter Stegen,2021-2022,0,Goalkeeper,Dmytro Riznyk,2025-2026,Goalkeeper,1.0,Kike Hermoso,2021-2022,Other,0.9997,Diogo Costa,2021-2022,Unknown,0.9995,Ridle Baku,2021-2022,Other,0.9991,Mehmet Topal,2021-2022,Unknown,0.9987
Carrasco,2021-2022,0,Forward,Ruben Loftus-Cheek,2025-2026,Unknown,1.0,Evanilson,2021-2022,Unknown,0.9999,Kenan Yıldız,2025-2026,Other,0.9999,Munir,2021-2022,Forward,0.9998,Nicolás González,2025-2026,Unknown,0.9998
Casteels,2021-2022,0,Goalkeeper,Kieran Trippier,2021-2022,Unknown,1.0,Marvin Keller,2025-2026,Unknown,0.9996,Jimmy Briand,2021-2022,Unknown,0.9995,Mattia Zaccagni,2021-2022,Unknown,0.9995,Gianluigi Donnarumma,2025-2026,Unknown,0.9989
Ersin Destanoğlu,2021-2022,0,Goalkeeper,Tătăruşanu,2021-2022,Goalkeeper,1.0,Navas,2021-2022,Goalkeeper,1.0,Ander Herrera,2021-2022,Unknown,1.0,Jesse Lingard,2021-2022,Unknown,0.9997,Jason Denayer,2021-2022,Unknown,0.9986
Donnarumma,2021-2022,0,Unknown,Kobel,2021-2022,Goalkeeper,1.0,Gulácsi,2021-2022,Goalkeeper,1.0,Bushchan,2021-2022,Goalkeeper,0.9996,Adán,2021-2022,Goalkeeper,0.9991,Asger Sørensen,2025-2026,Defender,0.9981
Gulácsi,2021-2022,0,Goalkeeper,Kobel,2021-2022,Goalkeeper,1.0,Donnarumma,2021-2022,Unknown,1.0,Bushchan,2021-2022,Goalkeeper,0.9994,Adán,2021-2022,Goalkeeper,0.9993,Asger Sørensen,2025-2026,Defender,0.9984
Bushchan,2021-2022,0,Goalkeeper,Donnarumma,2021-2022,Unknown,0.9996,Kobel,2021-2022,Goalkeeper,0.9994,Gulácsi,2021-2022,Goalkeeper,0.9994,Bounou,2021-2022,Goalkeeper,0.9991,Eric Maxim Choupo-Moting,2021-2022,Unknown,0.9986
Athanasiadis,2021-2022,0,Goalkeeper,Thibaut Courtois,2025-2026,Unknown,1.0,L. de Jong,2021-2022,Forward,0.9994,Arturo Vidal,2021-2022,Unknown,0.9987,Tătăruşanu,2021-2022,Goalkeeper,0.9971,Ersin Destanoğlu,2021-2022,Goalkeeper,0.997
Berget,2021-2022,0,Midfielder,Rebić,2021-2022,Forward,1.0,Dávid Strelec,2025-2026,Other,1.0,Elanga,2021-2022,Forward,1.0,Julián Álvarez,2025-2026,Unknown,0.9998,Ismaily,2021-2022,Unknown,0.9996
Ridle Baku,2021-2022,0,Other,Mehmet Topal,2021-2022,Unknown,1.0,Diogo Costa,2021-2022,Unknown,0.9999,Pasveer,2021-2022,Goalkeeper,0.9999,Timon Wellenreuther,2025-2026,Unknown,0.9999,Nuno Santos,2021-2022,Forward,0.9999
Kolovos,2021-2022,0,Midfielder,Umut Meraş,2021-2022,Defender,1.0,Yansané,2021-2022,Forward,0.9999,Neuer,2025-2026,Unknown,0.9996,Dzyuba,2021-2022,Forward,0.9995,Péter Gulácsi,2025-2026,Unknown,0.9994
De Pena,2021-2022,0,Midfielder,Mirko Ivanić,2025-2026,Midfielder,1.0,Sobol,2021-2022,Defender,1.0,Dia,2021-2022,Forward,1.0,Calabria,2021-2022,Defender,1.0,Ferran Jutglà,2025-2026,Unknown,0.9999
Kritsyuk,2021-2022,0,Goalkeeper,Patrik Schick,2021-2022,Unknown,1.0,Ferland Mendy,2021-2022,Unknown,1.0,Nabil Bentaleb,2021-2022,Unknown,1.0,Lautaro Martínez,2021-2022,Unknown,1.0,Lorenzo Insigne,2021-2022,Unknown,1.0
Birmančević,2021-2022,0,Midfielder,Malick Thiaw,2025-2026,Unknown,1.0,Takumi Minamino,2021-2022,Unknown,1.0,Solomon,2021-2022,Midfielder,1.0,Xavi Simons,2025-2026,Unknown,1.0,Yakhshiboev,2021-2022,Forward,0.9999
Ismaily,2021-2022,0,Unknown,Julián Álvarez,2025-2026,Unknown,1.0,Trippier,2021-2022,Defender,0.9998,Elanga,2021-2022,Forward,0.9998,Dávid Strelec,2025-2026,Other,0.9997,Berget,2021-2022,Midfielder,0.9996
Aster Vranckx,2021-2022,0,Other,Pedri,2021-2022,Unknown,1.0,Veljko Birmančević,2025-2026,Other,1.0,Alcácer,2021-2022,Forward,1.0,Andrea Cambiaso,2025-2026,Other,0.9999,Matteo Darmian,2025-2026,Unknown,0.9999
Sobol,2021-2022,0,Defender,Dia,2021-2022,Forward,1.0,De Pena,2021-2022,Midfielder,1.0,Calabria,2021-2022,Defender,1.0,Mirko Ivanić,2025-2026,Midfielder,1.0,Ferran Jutglà,2025-2026,Unknown,0.9999
Solomon,2021-2022,0,Midfielder,Takumi Minamino,2021-2022,Unknown,1.0,Birmančević,2021-2022,Midfielder,1.0,Malick Thiaw,2025-2026,Unknown,1.0,Yakhshiboev,2021-2022,Forward,0.9999,Xavi Simons,2025-2026,Unknown,0.9999
Calabria,2021-2022,0,Defender,Dia,2021-2022,Forward,1.0,Sobol,2021-2022,Defender,1.0,Ferran Jutglà,2025-2026,Unknown,1.0,De Pena,2021-2022,Midfielder,1.0,Yakhshiboev,2021-2022,Forward,0.9999
Dahlin,2021-2022,0,Goalkeeper,Leon Goretzka,2021-2022,Unknown,1.0,Cristian Romero,2021-2022,Unknown,1.0,Mathias Jørgensen,2021-2022,Unknown,1.0,Wesley Fofana,2021-2022,Unknown,1.0,Dayot Upamecano,2021-2022,Unknown,1.0
Evanilson,2021-2022,0,Unknown,Bailly,2021-2022,Defender,1.0,Gudmundsson,2021-2022,Defender,1.0,M. Olsson,2021-2022,Defender,1.0,Munir,2021-2022,Forward,1.0,Nicolás González,2025-2026,Unknown,0.9999
Bruno,2021-2022,0,Unknown,Piotr Zielinski,2025-2026,Unknown,1.0,Kryvtsov,2021-2022,Defender,1.0,Jeff Hendrick,2021-2022,Other,1.0,Matteo Darmian,2025-2026,Unknown,1.0,Bernardo Silva,2025-2026,Unknown,0.9999
Lukebakio,2021-2022,0,Forward,Sandra,2021-2022,Midfielder,1.0,Michele Di Gregorio,2025-2026,Unknown,1.0,Weah,2021-2022,Forward,0.9999,Yansané,2021-2022,Forward,0.9992,Kolovos,2021-2022,Midfielder,0.9984
M. Olsson,2021-2022,0,Defender,Munir,2021-2022,Forward,1.0,Nicolás González,2025-2026,Unknown,1.0,Kyogo Furuhashi,2025-2026,Other,1.0,Bailly,2021-2022,Defender,1.0,Evanilson,2021-2022,Unknown,1.0
Dzyuba,2021-2022,0,Forward,Péter Gulácsi,2025-2026,Unknown,1.0,Neuer,2025-2026,Unknown,1.0,Kolovos,2021-2022,Midfielder,0.9995,Yansané,2021-2022,Forward,0.9989,Yann Sommer,2025-2026,Unknown,0.9985
Faivre,2021-2022,0,Goalkeeper,David Raya,2025-2026,Unknown,1.0,De Gea,2021-2022,Goalkeeper,0.9997,Leandro Paredes,2021-2022,Unknown,0.9996,Sergio Ramos,2021-2022,Unknown,0.9993,Dani Alves,2021-2022,Unknown,0.9989
Tătăruşanu,2021-2022,0,Goalkeeper,Ersin Destanoğlu,2021-2022,Goalkeeper,1.0,Navas,2021-2022,Goalkeeper,1.0,Ander Herrera,2021-2022,Unknown,1.0,Jesse Lingard,2021-2022,Unknown,0.9997,Jason Denayer,2021-2022,Unknown,0.9986
Maignan,2021-2022,0,Goalkeeper,Elliott,2021-2022,Midfielder,1.0,Lionel Messi,2021-2022,Unknown,1.0,Konrad Laimer,2021-2022,Unknown,1.0,Kylian Mbappé,2021-2022,Unknown,0.9999,Stanislav Lobotka,2021-2022,Unknown,0.9999
Trubin,2021-2022,0,Goalkeeper,Karim Bellarabi,2021-2022,Unknown,1.0,Paul Pogba,2021-2022,Unknown,1.0,Francis Coquelin,2021-2022,Unknown,1.0,Kjell Scherpen,2025-2026,Goalkeeper,0.9999,Jan Oblak,2025-2026,Unknown,0.9999
Navas,2021-2022,0,Goalkeeper,Ersin Destanoğlu,2021-2022,Goalkeeper,1.0,Tătăruşanu,2021-2022,Goalkeeper,1.0,Ander Herrera,2021-2022,Unknown,1.0,Jesse Lingard,2021-2022,Unknown,0.9997,Jason Denayer,2021-2022,Unknown,0.9987
Von Ballmoos,2021-2022,0,Goalkeeper,Japhet Tanganga,2021-2022,Unknown,1.0,Moussa Sissoko,2021-2022,Unknown,1.0,Jérôme Boateng,2021-2022,Unknown,1.0,Rick Karsdorp,2021-2022,Unknown,1.0,Robin Knoche,2021-2022,Unknown,1.0
Pyatov,2021-2022,0,Goalkeeper,Oleksandr Zinchenko,2021-2022,Unknown,0.9999,Stefan Ortega,2025-2026,Unknown,0.9998,Martín Montoya,2021-2022,Unknown,0.9998,Corentin Tolisso,2021-2022,Unknown,0.9997,Marco Carnesecchi,2025-2026,Unknown,0.9996
Kenan Karaman,2021-2022,0,Forward,Eguinaldo,2025-2026,Other,1.0,Fábio Vieira,2021-2022,Midfielder,1.0,Mika Biereth,2025-2026,Unknown,1.0,Kean,2021-2022,Forward,1.0,Ousmane Diomande,2025-2026,Unknown,1.0
Mehmet Topal,2021-2022,0,Unknown,Pasveer,2021-2022,Goalkeeper,1.0,Timon Wellenreuther,2025-2026,Unknown,1.0,Nuno Santos,2021-2022,Forward,1.0,Ridle Baku,2021-2022,Other,1.0,Handanovič,2021-2022,Goalkeeper,0.9999
Dia,2021-2022,0,Forward,De Pena,2021-2022,Midfielder,1.0,Mirko Ivanić,2025-2026,Midfielder,1.0,Ferran Jutglà,2025-2026,Unknown,0.9999,Yakhshiboev,2021-2022,Forward,0.9999,Victor Boniface,2025-2026,Unknown,0.9997
Onana,2021-2022,0,Midfielder,Konrad Laimer,2025-2026,Unknown,1.0,Rıdvan Yılmaz,2021-2022,Defender,1.0,Marcus Thuram,2025-2026,Unknown,0.9999,Lingard,2021-2022,Midfielder,0.9999,Kyriakos Savvidis,2025-2026,Other,0.9999
Weah,2021-2022,0,Forward,Michele Di Gregorio,2025-2026,Unknown,1.0,Lukebakio,2021-2022,Forward,0.9999,Sandra,2021-2022,Midfielder,0.9998,Yansané,2021-2022,Forward,0.9985,Rebić,2021-2022,Forward,0.9984
Umut Meraş,2021-2022,0,Defender,Kolovos,2021-2022,Midfielder,1.0,Yansané,2021-2022,Forward,0.9998,Neuer,2025-2026,Unknown,0.9997,Dzyuba,2021-2022,Forward,0.9996,Péter Gulácsi,2025-2026,Unknown,0.9996
Krunić,2021-2022,0,Midfielder,Andrea Cambiaso,2025-2026,Other,1.0,Niklas Süle,2025-2026,Unknown,1.0,Veljko Birmančević,2025-2026,Other,0.9999,Pedri,2021-2022,Unknown,0.9999,Aster Vranckx,2021-2022,Other,0.9999
Gudmundsson,2021-2022,0,Defender,Evanilson,2021-2022,Unknown,1.0,Bailly,2021-2022,Defender,1.0,Carrasco,2021-2022,Forward,1.0,Egan-Riley,2021-2022,Defender,0.9999,M. Olsson,2021-2022,Defender,0.9999
André Almeida,2021-2022,0,Unknown,Otar Kiteishvili,2025-2026,Other,1.0,Marko Pjaca,2025-2026,Other,1.0,Martinelli,2025-2026,Other,0.9999,Bafodé Diakité,2025-2026,Unknown,0.9999,Samy Mmaee,2025-2026,Defender,0.9999
Šeško,2021-2022,0,Forward,Marlos,2021-2022,Unknown,1.0,Bozdoğan,2021-2022,Midfielder,1.0,Rodrygo,2025-2026,Unknown,1.0,Kasper Schmeichel,2025-2026,Unknown,1.0,Ibrahimović,2021-2022,Forward,1.0
Diawara,2021-2022,0,Goalkeeper,Iago,2021-2022,Other,1.0,Terem Moffi,2021-2022,Other,1.0,William Carvalho,2021-2022,Other,1.0,Anel Ahmedhodzic,2021-2022,Other,1.0,Nicolas Pallois,2021-2022,Other,1.0
Moi Gómez,2021-2022,0,Midfielder,Ousmane Diomande,2025-2026,Unknown,1.0,Dan Ndoye,2025-2026,Other,1.0,Mika Biereth,2025-2026,Unknown,1.0,Mohamed Ali Camara,2025-2026,Defender,1.0,Jaroslav Zelený,2025-2026,Defender,1.0
Trippier,2021-2022,0,Defender,Victor Boniface,2025-2026,Unknown,0.9999,Ismaily,2021-2022,Unknown,0.9998,Julián Álvarez,2025-2026,Unknown,0.9996,Mirko Ivanić,2025-2026,Midfielder,0.9996,De Pena,2021-2022,Midfielder,0.9995
Bozdoğan,2021-2022,0,Midfielder,Šeško,2021-2022,Forward,1.0,Kean,2021-2022,Forward,1.0,Marlos,2021-2022,Unknown,1.0,Rodrygo,2025-2026,Unknown,1.0,Kasper Schmeichel,2025-2026,Unknown,1.0
Nuno Santos,2021-2022,0,Forward,Timon Wellenreuther,2025-2026,Unknown,1.0,Pasveer,2021-2022,Goalkeeper,1.0,Handanovič,2021-2022,Goalkeeper,1.0,Mehmet Topal,2021-2022,Unknown,1.0,Vlachodimos,2021-2022,Goalkeeper,1.0
Corona,2021-2022,0,Forward,Gosens,2021-2022,Midfielder,1.0,Jahmai Simpson-Pusey,2025-2026,Unknown,1.0,Minamino,2021-2022,Forward,1.0,Palmer,2021-2022,Midfielder,1.0,Dan Ndoye,2025-2026,Other,0.9999
Koopmeiners,2021-2022,0,Midfielder,Tigran Barseghyan,2025-2026,Forward,1.0,Hutchinson,2021-2022,Midfielder,1.0,Darmian,2021-2022,Defender,1.0,Samy Mmaee,2025-2026,Defender,1.0,Isco,2021-2022,Unknown,1.0
Marlos,2021-2022,0,Unknown,Šeško,2021-2022,Forward,1.0,Rodrygo,2025-2026,Unknown,1.0,Kasper Schmeichel,2025-2026,Unknown,1.0,Bozdoğan,2021-2022,Midfielder,1.0,Ibrahimović,2021-2022,Forward,1.0
Yakhshiboev,2021-2022,0,Forward,Ferran Jutglà,2025-2026,Unknown,1.0,Solomon,2021-2022,Midfielder,0.9999,Takumi Minamino,2021-2022,Unknown,0.9999,Dia,2021-2022,Forward,0.9999,Birmančević,2021-2022,Midfielder,0.9999
Munir,2021-2022,0,Forward,Nicolás González,2025-2026,Unknown,1.0,Kyogo Furuhashi,2025-2026,Other,1.0,Evanilson,2021-2022,Unknown,1.0,Marko Arnautović,2025-2026,Forward,0.9998,Carrasco,2021-2022,Forward,0.9998
Sebastiaan Bornauw,2021-2022,0,Other,Eliesse Ben Seghir,2025-2026,Unknown,1.0,Pablo Barrios,2025-2026,Unknown,1.0,Juan Cabal,2025-2026,Unknown,0.9999,Angelo Preciado,2025-2026,Other,0.9999,Tomáš Wiesner,2025-2026,Defender,0.9999
Darmian,2021-2022,0,Defender,Hutchinson,2021-2022,Midfielder,1.0,Isco,2021-2022,Unknown,1.0,Tigran Barseghyan,2025-2026,Forward,1.0,Gonçalo Inacio,2025-2026,Unknown,1.0,Koopmeiners,2021-2022,Midfielder,1.0
Schulz,2021-2022,0,Defender,Gosens,2021-2022,Midfielder,1.0,Minamino,2021-2022,Forward,1.0,Corona,2021-2022,Forward,1.0,Jahmai Simpson-Pusey,2025-2026,Unknown,1.0,Palmer,2021-2022,Midfielder,1.0
Yannick Gerhardt,2021-2022,0,Other,Josep Antoni Gayá,2021-2022,Other,1.0,Cole Palmer,2021-2022,Other,1.0,Vincent Vermeij,2021-2022,Other,1.0,Alan Virginius,2025-2026,Other,1.0,Kanga,2021-2022,Forward,1.0
Kryvtsov,2021-2022,0,Defender,Piotr Zielinski,2025-2026,Unknown,1.0,Bruno,2021-2022,Unknown,1.0,Bernardo Silva,2025-2026,Unknown,1.0,Kyriani Sabbe,2025-2026,Unknown,0.9999,Jeff Hendrick,2021-2022,Other,0.9999
Necip Uysal,2021-2022,0,Unknown,Irvin Cardona,2021-2022,Other,1.0,Simone Verdi,2021-2022,Other,1.0,Riccardo Sottil,2021-2022,Other,1.0,Sergio Romero,2021-2022,Other,1.0,Michael Svoboda,2021-2022,Other,1.0
Chilwell,2021-2022,0,Defender,Jaroslav Zelený,2025-2026,Defender,1.0,Greg Taylor,2025-2026,Defender,1.0,Palmer,2021-2022,Midfielder,1.0,Mohamed Ali Camara,2025-2026,Defender,1.0,Dan Ndoye,2025-2026,Other,1.0
Gonzalo Montiel,2021-2022,0,Other,Ferran Torres,2025-2026,Unknown,1.0,Nicolò Fagioli,2025-2026,Other,1.0,Josha Vagnoman,2025-2026,Other,1.0,Tagliafico,2021-2022,Defender,1.0,Slimani,2021-2022,Forward,1.0
Alex Teixeira,2021-2022,0,Unknown,Gomes,2021-2022,Midfielder,1.0,Xavi Simons,2025-2026,Unknown,0.9999,Serdar Saatçı,2021-2022,Defender,0.9999,Malick Thiaw,2025-2026,Unknown,0.9998,Birmančević,2021-2022,Midfielder,0.9998
Guerreiro,2021-2022,0,Defender,Otar Kiteishvili,2025-2026,Other,0.9999,André Almeida,2021-2022,Unknown,0.9999,Minamino,2021-2022,Forward,0.9997,Schulz,2021-2022,Defender,0.9997,Gosens,2021-2022,Midfielder,0.9997
Vlahović,2021-2022,0,Forward,Yann Sommer,2025-2026,Unknown,1.0,Messias Junior,2021-2022,Forward,0.999,Mike Maignan,2025-2026,Unknown,0.9988,Péter Gulácsi,2025-2026,Unknown,0.9985,Dzyuba,2021-2022,Forward,0.9984
Bürgy,2021-2022,0,Defender,Carlos Augusto,2025-2026,Unknown,1.0,Marko Arnautović,2025-2026,Forward,0.9998,Serdar Saatçı,2021-2022,Defender,0.9998,Gomes,2021-2022,Midfielder,0.9995,Alex Teixeira,2021-2022,Unknown,0.9995
Bailly,2021-2022,0,Defender,Evanilson,2021-2022,Unknown,1.0,Gudmundsson,2021-2022,Defender,1.0,M. Olsson,2021-2022,Defender,1.0,Munir,2021-2022,Forward,1.0,Nicolás González,2025-2026,Unknown,1.0
Léo Jardim,2021-2022,0,Unknown,Marcus Thuram,2021-2022,Unknown,1.0,Flavien Tait,2021-2022,Other,1.0,Tyler Adams,2021-2022,Unknown,1.0,José Sá,2021-2022,Unknown,1.0,Çaðlar Söyüncü,2021-2022,Other,1.0
M. Kerzhakov,2021-2022,0,Goalkeeper,Guido Rodríguez,2021-2022,Other,1.0,Rominigue Kouamé,2021-2022,Other,1.0,André Gomes,2021-2022,Unknown,1.0,Andrej Kramari?,2021-2022,Other,1.0,Mauro Icardi,2021-2022,Unknown,1.0
L. de Jong,2021-2022,0,Forward,Arturo Vidal,2021-2022,Unknown,0.9999,Athanasiadis,2021-2022,Goalkeeper,0.9994,Thibaut Courtois,2025-2026,Unknown,0.999,Dani Alves,2021-2022,Unknown,0.998,Leandro Paredes,2021-2022,Unknown,0.9966
Elanga,2021-2022,0,Forward,Dávid Strelec,2025-2026,Other,1.0,Berget,2021-2022,Midfielder,1.0,Rebić,2021-2022,Forward,0.9999,Julián Álvarez,2025-2026,Unknown,0.9999,Ismaily,2021-2022,Unknown,0.9998
Paulo Otávio,2021-2022,0,Defender,Niklas Geyrhofer,2025-2026,Unknown,1.0,Frenkie de Jong,2025-2026,Unknown,1.0,Gabriel Jesus,2025-2026,Unknown,0.9999,Robert Andrich,2025-2026,Other,0.9999,Endrick,2025-2026,Unknown,0.9999
Wolf,2021-2022,0,Midfielder,Fabián Ruiz,2025-2026,Unknown,1.0,Daley Blind,2025-2026,Unknown,1.0,Kevin Kampl,2025-2026,Unknown,1.0,Zagadou,2021-2022,Defender,1.0,Andrija Maksimović,2025-2026,Unknown,1.0
Pongračić,2021-2022,0,Defender,Lewicki,2021-2022,Midfielder,1.0,Samuel Lino,2025-2026,Unknown,1.0,Jones,2025-2026,Midfielder,1.0,Amine Adli,2025-2026,Unknown,1.0,Sabitzer,2021-2022,Midfielder,0.9999
Sergi Roberto,2021-2022,0,Unknown,Aaron Ramsey,2021-2022,Unknown,1.0,Lorenzo Torriani,2025-2026,Unknown,1.0,Vincent Vermeij,2021-2022,Other,1.0,Kiliann Sildillia,2021-2022,Other,1.0,Nicolas Jackson,2021-2022,Other,1.0
Kean,2021-2022,0,Forward,Bozdoğan,2021-2022,Midfielder,1.0,Fábio Vieira,2021-2022,Midfielder,1.0,Šeško,2021-2022,Forward,1.0,Kenan Karaman,2021-2022,Forward,1.0,Marlos,2021-2022,Unknown,1.0
Gomes,2021-2022,0,Midfielder,Alex Teixeira,2021-2022,Unknown,1.0,Serdar Saatçı,2021-2022,Defender,0.9999,Xavi Simons,2025-2026,Unknown,0.9999,Malick Thiaw,2025-2026,Unknown,0.9998,Birmančević,2021-2022,Midfielder,0.9998
Óliver Torres,2021-2022,0,Unknown,Saúl Ñíguez,2021-2022,Unknown,1.0,Chiquinho,2021-2022,Unknown,1.0,Cherif Ndiaye,2025-2026,Other,1.0,Timi Elšnik,2025-2026,Other,1.0,Tiago Tomás,2021-2022,Forward,1.0
Lefort,2021-2022,0,Defender,Bryan Gil,2025-2026,Forward,1.0,Łukasz Łakomy,2025-2026,Unknown,1.0,Bobby Clark,2025-2026,Other,1.0,Ansu Fati,2021-2022,Other,1.0,Lukas Hradecky,2025-2026,Unknown,1.0
Ricca,2021-2022,0,Defender,Thomas Meunier,2025-2026,Unknown,0.9999,T. Hazard,2021-2022,Midfielder,0.9999,Giovanni Fabbian,2025-2026,Other,0.9998,Vladimír Weiss,2025-2026,Forward,0.9998,Arijan Ademi,2025-2026,Midfielder,0.9998
Tiago Tomás,2021-2022,0,Forward,Geovany Quenda,2025-2026,Unknown,1.0,Osame Sahraoui,2025-2026,Unknown,1.0,Cherif Ndiaye,2025-2026,Other,1.0,Chiquinho,2021-2022,Unknown,1.0,Saúl Ñíguez,2021-2022,Unknown,1.0
Van Der Brempt,2021-2022,0,Defender,Jonas Hofmann,2025-2026,Unknown,1.0,Mikel Merino,2025-2026,Unknown,1.0,Aurier,2021-2022,Defender,0.9999,Endrick,2025-2026,Unknown,0.9998,Stefan Bajcetic,2025-2026,Unknown,0.9998
Tymchyk,2021-2022,0,Defender,Matheus Reis,2025-2026,Unknown,1.0,Gonçalo Inacio,2025-2026,Unknown,1.0,Caio Henrique,2025-2026,Unknown,1.0,Isco,2021-2022,Unknown,1.0,Darmian,2021-2022,Defender,1.0
Ibrahimović,2021-2022,0,Forward,Kasper Schmeichel,2025-2026,Unknown,1.0,Rodrygo,2025-2026,Unknown,1.0,Marlos,2021-2022,Unknown,1.0,Charles De Ketelaere,2025-2026,Unknown,1.0,Šeško,2021-2022,Forward,1.0
Saúl Ñíguez,2021-2022,0,Unknown,Chiquinho,2021-2022,Unknown,1.0,Cherif Ndiaye,2025-2026,Other,1.0,Óliver Torres,2021-2022,Unknown,1.0,Tiago Tomás,2021-2022,Forward,1.0,Geovany Quenda,2025-2026,Unknown,1.0
Pedri,2021-2022,0,Unknown,Aster Vranckx,2021-2022,Other,1.0,Veljko Birmančević,2025-2026,Other,1.0,Alcácer,2021-2022,Forward,1.0,Andrea Cambiaso,2025-2026,Other,0.9999,Matteo Darmian,2025-2026,Unknown,0.9999
Pizzi,2021-2022,0,Unknown,Nils Seufert,2021-2022,Other,1.0,Lee Dongjun,2021-2022,Other,1.0,Julian Chabot,2021-2022,Other,1.0,Kristoffer Klaesson,2021-2022,Other,1.0,José Mari,2021-2022,Other,1.0
Vormer,2021-2022,0,Midfielder,Slimani,2021-2022,Forward,1.0,Mitchel Bakker,2025-2026,Unknown,1.0,Josha Vagnoman,2025-2026,Other,1.0,Nicolò Fagioli,2025-2026,Other,1.0,Massadio Haidara,2025-2026,Unknown,1.0
Hutchinson,2021-2022,0,Midfielder,Tigran Barseghyan,2025-2026,Forward,1.0,Koopmeiners,2021-2022,Midfielder,1.0,Darmian,2021-2022,Defender,1.0,Isco,2021-2022,Unknown,1.0,Gonçalo Inacio,2025-2026,Unknown,1.0
Yansané,2021-2022,0,Forward,Kolovos,2021-2022,Midfielder,0.9999,Sandra,2021-2022,Midfielder,0.9993,Lukebakio,2021-2022,Forward,0.9992,Neuer,2025-2026,Unknown,0.9991,Michele Di Gregorio,2025-2026,Unknown,0.9989
Meite,2021-2022,0,Midfielder,Kyle Walker,2025-2026,Unknown,1.0,Maier,2021-2022,Midfielder,1.0,Róbert Mak,2025-2026,Forward,1.0,Nino Marcelli,2025-2026,Unknown,1.0,Strahinja Pavlovic,2025-2026,Unknown,1.0
Fábio Cardoso,2021-2022,0,Unknown,Johan Vásquez,2021-2022,Other,1.0,Sebastian Polter,2021-2022,Other,1.0,Nacho Vidal,2021-2022,Other,1.0,Leander Dendoncker,2021-2022,Other,1.0,Stefano Sturaro,2021-2022,Unknown,1.0
Ansu Fati,2021-2022,0,Other,Lukas Hradecky,2025-2026,Unknown,1.0,Ben White,2025-2026,Unknown,1.0,Lefort,2021-2022,Defender,1.0,Bryan Gil,2025-2026,Forward,1.0,Łukasz Łakomy,2025-2026,Unknown,1.0
Mostovoy,2021-2022,0,Midfielder,Chris-Kévin Nadje,2025-2026,Unknown,1.0,Benjamin Mendy,2021-2022,Unknown,1.0,Julien Le Cardinal,2025-2026,Unknown,1.0,El Bilal Touré,2025-2026,Other,1.0,Bruno Duarte,2025-2026,Forward,1.0
Poulsen,2021-2022,0,Forward,Bojan Miovski,2025-2026,Other,0.9999,Konrad Laimer,2025-2026,Unknown,0.9999,Onana,2021-2022,Midfielder,0.9998,Youngwoo Seol,2025-2026,Other,0.9997,Marcus Thuram,2025-2026,Unknown,0.9996
D'Ambrosio,2021-2022,0,Defender,Jović,2021-2022,Forward,1.0,Youngwoo Seol,2025-2026,Other,0.9999,Lustenberger,2021-2022,Defender,0.9999,António Silva,2025-2026,Unknown,0.9999,Lukáš Haraslín,2025-2026,Other,0.9998
Toni Martínez,2021-2022,0,Forward,Adam Ounas,2021-2022,Other,1.0,Enzo Crivelli,2021-2022,Other,1.0,Dion Moise Sahi,2021-2022,Other,1.0,Felix Kalu Nmecha,2021-2022,Other,1.0,Noah Joel Sarenren Bazee,2021-2022,Other,1.0
Matheus Cunha,2021-2022,0,Forward,James Mcatee,2025-2026,Other,1.0,Olmo,2021-2022,Forward,1.0,Nordi Mukiele,2025-2026,Unknown,1.0,Paulo Bernardo,2025-2026,Midfielder,1.0,Joey Veerman,2025-2026,Unknown,1.0
T. Hazard,2021-2022,0,Midfielder,Vladimír Weiss,2025-2026,Forward,1.0,Arijan Ademi,2025-2026,Midfielder,1.0,Nicolò Zaniolo,2025-2026,Unknown,0.9999,Ricca,2021-2022,Defender,0.9999,Rúben Dias,2025-2026,Unknown,0.9999
Tagliafico,2021-2022,0,Defender,Daouda Guindo,2025-2026,Other,1.0,Walter Benítez,2025-2026,Unknown,1.0,Gonzalo Montiel,2021-2022,Other,1.0,Ferran Torres,2025-2026,Unknown,1.0,Daniel Bragança,2021-2022,Midfielder,1.0
Draxler,2021-2022,0,Forward,Mama Baldé,2025-2026,Unknown,1.0,Joel Monteiro,2025-2026,Other,1.0,Dorgeles Nene,2025-2026,Other,0.9999,Hendry Blank,2025-2026,Unknown,0.9999,Alexander Sørloth,2025-2026,Other,0.9998
Rıdvan Yılmaz,2021-2022,0,Defender,Konrad Laimer,2025-2026,Unknown,1.0,Onana,2021-2022,Midfielder,1.0,Poulsen,2021-2022,Forward,0.9999,Marcus Thuram,2025-2026,Unknown,0.9999,Lingard,2021-2022,Midfielder,0.9999
Sabitzer,2021-2022,0,Midfielder,Edoardo Bove,2021-2022,Other,1.0,Bobby Clark,2025-2026,Other,1.0,Jones,2025-2026,Midfielder,1.0,Łukasz Łakomy,2025-2026,Unknown,1.0,Bryan Gil,2025-2026,Forward,1.0
Daniel Bragança,2021-2022,0,Midfielder,Bondar,2021-2022,Defender,1.0,Waldemar Anton,2025-2026,Unknown,1.0,Walter Benítez,2025-2026,Unknown,1.0,Daouda Guindo,2025-2026,Other,1.0,Novoa,2021-2022,Midfielder,1.0
Diogo Gonçalves,2021-2022,0,Unknown,Couhaib Driouech,2025-2026,Unknown,1.0,Anrie Chase,2025-2026,Other,1.0,Julian Baumgartlinger,2021-2022,Unknown,1.0,Krépin Diatta,2025-2026,Unknown,1.0,Julien,2021-2022,Defender,1.0
Wendell,2021-2022,0,Unknown,Matteo Gabbia,2025-2026,Other,1.0,Salih Uçan,2021-2022,Midfielder,0.9999,Diogo Jota,2025-2026,Unknown,0.9999,Riccardo Orsolini,2025-2026,Other,0.9999,Barkley,2021-2022,Midfielder,0.9997
Mechele,2021-2022,0,Defender,Christian Mawissa,2025-2026,Unknown,1.0,Anthony Ujah,2021-2022,Other,1.0,Ousmane Toure,2025-2026,Unknown,1.0,Julien Duranville,2025-2026,Other,0.9999,Alex Valle,2025-2026,Other,0.9999
Aurier,2021-2022,0,Defender,Mikel Merino,2025-2026,Unknown,1.0,Stefan Bajcetic,2025-2026,Unknown,1.0,Jonas Hofmann,2025-2026,Unknown,0.9999,Van Der Brempt,2021-2022,Defender,0.9999,Sarr,2021-2022,Defender,0.9998
Reinier,2021-2022,0,Forward,Mathias Pereira Lage,2025-2026,Unknown,1.0,Yukhym Konoplia,2025-2026,Other,1.0,Rémy Cabella,2025-2026,Unknown,1.0,Rúben Dias,2025-2026,Unknown,1.0,Juan Miranda,2025-2026,Other,1.0
Marcano,2021-2022,0,Defender,Jeanuel Belocian,2025-2026,Other,1.0,Marco Benassi,2021-2022,Other,1.0,Yýldýrým Mert Çetin,2021-2022,Other,1.0,Saúl García,2021-2022,Other,1.0,Mathys Saban,2021-2022,Other,1.0
Sarr,2021-2022,0,Defender,Jaouen Hadjam,2025-2026,Other,1.0,Zachary Athekame,2025-2026,Unknown,1.0,Mario Gaspar,2021-2022,Defender,1.0,Stefan Bajcetic,2025-2026,Unknown,1.0,Andreas Skov Olsen,2025-2026,Other,1.0
Karim Rekik,2021-2022,0,Other,Tomá Ostrák,2021-2022,Other,1.0,Kevin De Bruyne,2025-2026,Unknown,1.0,Ceballos,2025-2026,Midfielder,1.0,Josip Brekalo,2021-2022,Other,0.9998,Jofre,2021-2022,Other,0.9998
Vecino,2021-2022,0,Midfielder,Dembélé,2021-2022,Unknown,1.0,Loum Tchaouna,2021-2022,Other,1.0,Tammy Abraham,2025-2026,Unknown,1.0,Lennart-Marten Czyborra,2021-2022,Other,1.0,Suf Podgoreanu,2021-2022,Other,1.0
Lewicki,2021-2022,0,Midfielder,Samuel Lino,2025-2026,Unknown,1.0,Pongračić,2021-2022,Defender,1.0,Amine Adli,2025-2026,Unknown,1.0,Jones,2025-2026,Midfielder,1.0,Andrija Maksimović,2025-2026,Unknown,1.0
Dembélé,2021-2022,0,Unknown,Vecino,2021-2022,Midfielder,1.0,Loum Tchaouna,2021-2022,Other,1.0,Tammy Abraham,2025-2026,Unknown,1.0,Lennart-Marten Czyborra,2021-2022,Other,1.0,Suf Podgoreanu,2021-2022,Other,1.0
Luca Waldschmidt,2021-2022,0,Other,Abdu Conté,2025-2026,Other,1.0,Myziane Maolida,2021-2022,Other,1.0,Radonjić,2021-2022,Forward,1.0,Redwan Bourles,2021-2022,Other,1.0,Diego Farias,2021-2022,Other,1.0
Rebić,2021-2022,0,Forward,Berget,2021-2022,Midfielder,1.0,Dávid Strelec,2025-2026,Other,1.0,Elanga,2021-2022,Forward,0.9999,Julián Álvarez,2025-2026,Unknown,0.9998,Ismaily,2021-2022,Unknown,0.9995
Lingard,2021-2022,0,Midfielder,Marcus Thuram,2025-2026,Unknown,1.0,Kyriakos Savvidis,2025-2026,Other,1.0,Onana,2021-2022,Midfielder,0.9999,Konrad Laimer,2025-2026,Unknown,0.9999,Raúl Torrente,2025-2026,Other,0.9999
Abubakari,2021-2022,0,Forward,Maghnes Akliouche,2021-2022,Unknown,1.0,Ermedin Demirović,2025-2026,Other,1.0,Ibrahim Osman,2025-2026,Unknown,1.0,Alexander Schlager,2025-2026,Goalkeeper,0.9999,Thijs Dallinga,2025-2026,Other,0.9999
Brobbey,2021-2022,0,Forward,Jeff Reine-Adélaïde,2021-2022,Other,1.0,Icardi,2021-2022,Forward,1.0,Marco Brescianini,2025-2026,Midfielder,1.0,Hannes Wolf,2021-2022,Other,1.0,Corentin Jean,2021-2022,Other,1.0
Messias Junior,2021-2022,0,Forward,Mike Maignan,2025-2026,Unknown,1.0,Vlahović,2021-2022,Forward,0.999,Yann Sommer,2025-2026,Unknown,0.9989,Ayase Ueda,2025-2026,Unknown,0.997,Alexander Nübel,2025-2026,Unknown,0.9962
Lázaro,2021-2022,0,Midfielder,Timothy Weah,2025-2026,Unknown,1.0,Sudakov,2021-2022,Midfielder,1.0,Loris Benito,2025-2026,Other,1.0,Cesc Fàbregas,2021-2022,Unknown,0.9999,Guindo,2021-2022,Defender,0.9999
Maceiras,2021-2022,0,Defender,Dálcio Gomes,2025-2026,Other,1.0,Loris Benito,2025-2026,Other,1.0,Seferović,2021-2022,Forward,1.0,Tiago Santos,2025-2026,Other,1.0,Sudakov,2021-2022,Midfielder,0.9999
Salih Uçan,2021-2022,0,Midfielder,Matteo Gabbia,2025-2026,Other,1.0,Riccardo Orsolini,2025-2026,Other,1.0,Wendell,2021-2022,Unknown,0.9999,Barkley,2021-2022,Midfielder,0.9999,Mateo Kovacic,2025-2026,Unknown,0.9999
Coutinho,2021-2022,0,Forward,Gavi,2025-2026,Unknown,1.0,Conrad Harder,2025-2026,Unknown,1.0,Lazar Samardzic,2025-2026,Other,0.9999,Matias Fernandez-Pardo,2025-2026,Unknown,0.9998,Al. Miranchuk,2021-2022,Forward,0.9998
Erokhin,2021-2022,0,Midfielder,Bakayoko,2021-2022,Defender,1.0,Cuadrado,2025-2026,Midfielder,1.0,Marc Roca,2021-2022,Defender,1.0,George Ilenikhena,2025-2026,Other,0.9999,Phillips,2021-2022,Defender,0.9999
Shkurin,2021-2022,0,Forward,Barcia,2021-2022,Other,1.0,Aimen Moueffek,2021-2022,Other,1.0,Javi López,2021-2022,Other,1.0,Mario Hernández,2021-2022,Other,1.0,Jan Morávek,2021-2022,Other,1.0
Slimani,2021-2022,0,Forward,Josha Vagnoman,2025-2026,Other,1.0,Vormer,2021-2022,Midfielder,1.0,Nicolò Fagioli,2025-2026,Other,1.0,Ferran Torres,2025-2026,Unknown,1.0,Mitchel Bakker,2025-2026,Unknown,1.0
Yusuf Demir,2021-2022,0,Other,Alex Král,2021-2022,Other,1.0,Indrit Tuci,2025-2026,Unknown,1.0,Wisdom Amey,2021-2022,Other,1.0,Rubén,2021-2022,Other,1.0,Raúl Parra,2021-2022,Other,1.0
Gosens,2021-2022,0,Midfielder,Schulz,2021-2022,Defender,1.0,Corona,2021-2022,Forward,1.0,Minamino,2021-2022,Forward,1.0,Jahmai Simpson-Pusey,2025-2026,Unknown,1.0,Palmer,2021-2022,Midfielder,1.0
Steffen Tigges,2021-2022,0,Other,Matthew Hoppe,2021-2022,Other,1.0,Keven Schlotterbeck,2021-2022,Other,1.0,Ismaël Doukouré,2021-2022,Other,1.0,Lago Junior,2021-2022,Other,1.0,Adrián Butzke,2021-2022,Other,1.0
Ranocchia,2021-2022,0,Defender,Phillips,2021-2022,Defender,0.9999,George Ilenikhena,2025-2026,Other,0.9999,Marc Roca,2021-2022,Defender,0.9999,Banhie Zoukrou,2025-2026,Other,0.9997,Bakayoko,2021-2022,Defender,0.9997
Nikolov,2021-2022,0,Midfielder,Massadio Haidara,2025-2026,Unknown,1.0,Mitchel Bakker,2025-2026,Unknown,1.0,Vormer,2021-2022,Midfielder,1.0,Slimani,2021-2022,Forward,0.9999,Josha Vagnoman,2025-2026,Other,0.9999
Zagadou,2021-2022,0,Defender,Kevin Kampl,2025-2026,Unknown,1.0,Daley Blind,2025-2026,Unknown,1.0,Andrija Maksimović,2025-2026,Unknown,1.0,Wolf,2021-2022,Midfielder,1.0,Amine Adli,2025-2026,Unknown,1.0
Mata,2021-2022,0,Midfielder,Guélor Kanga,2025-2026,Midfielder,1.0,Coke,2021-2022,Other,1.0,Randal Kolo Muani,2025-2026,Unknown,1.0,Jeremy Doku,2025-2026,Other,1.0,Jan-Niklas Beste,2025-2026,Other,1.0
Barkley,2021-2022,0,Midfielder,Mateo Kovacic,2025-2026,Unknown,1.0,Riccardo Orsolini,2025-2026,Other,1.0,Christoph Baumgartner,2025-2026,Other,0.9999,Salih Uçan,2021-2022,Midfielder,0.9999,Matteo Gabbia,2025-2026,Other,0.9998
Andriyevskiy,2021-2022,0,Midfielder,Clément Grenier,2021-2022,Other,1.0,Bremer,2025-2026,Other,1.0,Oriol Romeu,2025-2026,Other,0.9998,Francesco Acerbi,2025-2026,Unknown,0.9997,Cuadrado,2025-2026,Midfielder,0.9997
Vitinho,2021-2022,0,Midfielder,Gabriel Veiga,2021-2022,Other,1.0,Antonin Bobichon,2021-2022,Other,1.0,Riccardo Stivanello,2021-2022,Other,1.0,David Schnegg,2021-2022,Other,1.0,Maxence Rivera,2021-2022,Other,1.0
Mario Gaspar,2021-2022,0,Defender,Zachary Athekame,2025-2026,Unknown,1.0,Andreas Skov Olsen,2025-2026,Other,1.0,Jaouen Hadjam,2025-2026,Other,1.0,Jordan Lotomba,2025-2026,Other,1.0,Sarr,2021-2022,Defender,1.0
Verbič,2021-2022,0,Midfielder,Selvi Clua,2025-2026,Unknown,1.0,Kamory Doumbia,2025-2026,Other,1.0,Kehrer,2021-2022,Defender,1.0,El Bilal Touré,2025-2026,Other,1.0,Chris-Kévin Nadje,2025-2026,Unknown,1.0
Ballo,2021-2022,0,Defender,Richard Ledezma,2025-2026,Unknown,1.0,Jack Grealish,2025-2026,Unknown,1.0,Eduardo Quaresma,2025-2026,Defender,1.0,Hugo Vetlesen,2025-2026,Unknown,0.9999,Stanišić,2021-2022,Defender,0.9999
Maximilian Philipp,2021-2022,0,Other,Gideon Jung,2021-2022,Other,1.0,Abdou Harroui,2021-2022,Other,1.0,Hugo Novoa,2021-2022,Other,1.0,Iker Bravo,2021-2022,Other,1.0,Isma Ruiz,2021-2022,Other,1.0
Hateboer,2021-2022,0,Defender,Asger Sørensen,2025-2026,Defender,1.0,Adán,2021-2022,Goalkeeper,0.9998,Mignolet,2021-2022,Goalkeeper,0.9993,Mignolet,2025-2026,Goalkeeper,0.9989,Gulácsi,2021-2022,Goalkeeper,0.9983
N'Koudou,2021-2022,0,Midfielder,Robert Lewandowski,2021-2022,Unknown,1.0,Thomas Meunier,2021-2022,Unknown,1.0,Castello Lukeba,2021-2022,Unknown,1.0,Toni Kroos,2021-2022,Unknown,1.0,Jonas Hofmann,2021-2022,Unknown,1.0
Egan-Riley,2021-2022,0,Defender,Carrasco,2021-2022,Forward,1.0,Ruben Loftus-Cheek,2025-2026,Unknown,1.0,Gudmundsson,2021-2022,Defender,0.9999,Evanilson,2021-2022,Unknown,0.9999,Bailly,2021-2022,Defender,0.9999
Shabanov,2021-2022,0,Defender,Diego Demme,2021-2022,Unknown,0.9996,Lucas Chevalier,2025-2026,Unknown,0.9995,Jimmy Briand,2021-2022,Unknown,0.9993,Kieran Trippier,2021-2022,Unknown,0.9978,Casteels,2021-2022,Goalkeeper,0.9976
Bondar,2021-2022,0,Defender,Waldemar Anton,2025-2026,Unknown,1.0,Novoa,2021-2022,Midfielder,1.0,Daniel Bragança,2021-2022,Midfielder,1.0,Matěj Ryneš,2025-2026,Midfielder,1.0,Geny Catamo,2025-2026,Other,1.0
Lustenberger,2021-2022,0,Defender,Youngwoo Seol,2025-2026,Other,1.0,Bojan Miovski,2025-2026,Other,1.0,D'Ambrosio,2021-2022,Defender,0.9999,Jović,2021-2022,Forward,0.9998,Poulsen,2021-2022,Forward,0.9997
Serdar Saatçı,2021-2022,0,Defender,Gomes,2021-2022,Midfielder,0.9999,Alex Teixeira,2021-2022,Unknown,0.9999,Bürgy,2021-2022,Defender,0.9998,Xavi Simons,2025-2026,Unknown,0.9997,Carlos Augusto,2025-2026,Unknown,0.9997
Vitão,2021-2022,0,Defender,Fábio Vieira,2021-2022,Midfielder,1.0,Kenan Karaman,2021-2022,Forward,1.0,Eguinaldo,2025-2026,Other,1.0,Kean,2021-2022,Forward,1.0,Mika Biereth,2025-2026,Unknown,1.0
Ulreich,2021-2022,0,Goalkeeper,Lucas Leiva,2021-2022,Unknown,1.0,Téji Savanier,2021-2022,Other,1.0,Lucas Tousart,2021-2022,Unknown,1.0,Valère Germain,2021-2022,Unknown,1.0,Thomas Mangani,2021-2022,Other,1.0
Pavao Pervan,2021-2022,0,Other,Sambou Soumano,2021-2022,Other,1.0,Sam Lammers,2021-2022,Other,1.0,Roli Pereira de Sa,2021-2022,Other,1.0,Jean-Philippe Krasso,2021-2022,Other,1.0,Emanuel Vignato,2021-2022,Other,1.0
Kepa,2021-2022,0,Goalkeeper,Sepe Elye Wahi,2021-2022,Other,1.0,Brandon Williams,2021-2022,Other,1.0,Gerrit Holtmann,2021-2022,Other,1.0,Isaac Palazón Camacho,2021-2022,Other,1.0,Yangel Herrera,2021-2022,Other,1.0
João Virginia,2021-2022,0,Goalkeeper,Lassana Coulibaly,2021-2022,Other,1.0,Anthony Gordon,2021-2022,Other,1.0,Charlie Taylor,2021-2022,Other,1.0,Alberth Elis,2021-2022,Other,1.0,Adrien Truffert,2021-2022,Other,1.0
Mert Günok,2021-2022,0,Goalkeeper,Miguel,2021-2022,Unknown,1.0,Matías Viña,2021-2022,Other,1.0,Takuma Asano,2021-2022,Other,1.0,Dion Lopy,2021-2022,Other,1.0,Helibelton Palacios,2021-2022,Other,1.0
Celeadnic,2021-2022,0,Goalkeeper,Joe Willock,2021-2022,Other,1.0,Jesper Lindstrøm,2021-2022,Other,1.0,Kerem Demirbay,2021-2022,Other,1.0,James Tarkowski,2021-2022,Other,1.0,Niklas Stark,2021-2022,Other,1.0
Boyko,2021-2022,0,Goalkeeper,Renaud Ripart,2021-2022,Other,1.0,Orel Mangala,2021-2022,Other,1.0,Callum Wilson,2021-2022,Other,1.0,Dan Burn,2021-2022,Other,1.0,Danny Ings,2021-2022,Other,1.0
Mattia Perin,2021-2022,0,Other,Ionu? Radu,2021-2022,Other,1.0,Dénys Bain,2021-2022,Other,1.0,Hernani,2021-2022,Other,1.0,Alberto Perea,2021-2022,Other,1.0,Wu Lei,2021-2022,Other,1.0
Nanasi,2021-2022,0,Midfielder,Josh Dasilva,2021-2022,Other,1.0,Thomas Fontaine,2021-2022,Other,1.0,Alessandro Zanoli,2021-2022,Other,1.0,Raúl Moro,2021-2022,Other,1.0,Grejohn Kyei,2021-2022,Other,1.0
Florenzi,2021-2022,0,Defender,Waniss Taibi,2021-2022,Other,1.0,Gijs Smal,2025-2026,Unknown,1.0,Tillman,2021-2022,Midfielder,1.0,Samuel Iling-Junior,2025-2026,Other,1.0,Alen Mustafić,2025-2026,Other,1.0
Olmo,2021-2022,0,Forward,Nordi Mukiele,2025-2026,Unknown,1.0,Matheus Cunha,2021-2022,Forward,1.0,Paulo Bernardo,2025-2026,Midfielder,1.0,James Mcatee,2025-2026,Other,1.0,Joey Veerman,2025-2026,Unknown,1.0
Fábio Vieira,2021-2022,0,Midfielder,Vitão,2021-2022,Defender,1.0,Kenan Karaman,2021-2022,Forward,1.0,Eguinaldo,2025-2026,Other,1.0,Kean,2021-2022,Forward,1.0,Mika Biereth,2025-2026,Unknown,1.0
Bondarenko,2021-2022,0,Midfielder,Rubén Peña,2021-2022,Other,1.0,Raheem Sterling,2025-2026,Unknown,1.0,Diego Falcinelli,2021-2022,Other,1.0,Vanja Drkušić,2025-2026,Other,1.0,Zakaria,2021-2022,Midfielder,1.0
Piątkowski,2021-2022,0,Defender,Kevin Stöger,2021-2022,Other,1.0,Nicola Bagnolini,2021-2022,Other,1.0,Florin Andone,2021-2022,Other,1.0,Tony Springett,2021-2022,Other,1.0,Yegor Prutsev,2025-2026,Other,1.0
Nalić,2021-2022,0,Midfielder,Ludwig Augustinsson,2021-2022,Other,1.0,Bradley,2021-2022,Midfielder,1.0,Savage,2021-2022,Midfielder,1.0,Iqbal,2021-2022,Midfielder,1.0,Woltman,2021-2022,Midfielder,1.0
Korniienko,2021-2022,0,Defender,Lovro Zvonarek,2025-2026,Other,1.0,Rhodri Smith,2025-2026,Unknown,1.0,Vasilije Adžić,2025-2026,Other,1.0,Mattia Perin,2025-2026,Other,1.0,André Silva,2025-2026,Unknown,1.0
Supryaha,2021-2022,0,Forward,Folarin Balogun,2025-2026,Other,1.0,Michel Aebischer,2025-2026,Other,1.0,Désiré Doué,2025-2026,Unknown,1.0,Ibrahim Salah,2025-2026,Other,1.0,Casper Nielsen,2025-2026,Other,1.0
De Winter,2021-2022,0,Defender,Gregory Wüthrich,2025-2026,Defender,1.0,Vallejo,2021-2022,Defender,1.0,Matias Fernandez-Pardo,2025-2026,Unknown,1.0,Soungoutou Magassa,2025-2026,Other,1.0,Luka Stojković,2025-2026,Unknown,1.0
Ludwig Augustinsson,2021-2022,0,Other,Nalić,2021-2022,Midfielder,1.0,Bradley,2021-2022,Midfielder,1.0,Savage,2021-2022,Midfielder,1.0,Iqbal,2021-2022,Midfielder,1.0,Woltman,2021-2022,Midfielder,1.0
Radeljić,2021-2022,0,Defender,Edwards,2021-2022,Forward,1.0,Alexandre Letellier,2021-2022,Other,1.0,Siemen Voet,2025-2026,Other,1.0,Benjamin Rollheiser,2025-2026,Unknown,1.0,Lewis Brunt,2021-2022,Other,1.0
Jovane Cabral,2021-2022,0,Forward,Sofiane Alakouch,2021-2022,Other,1.0,Oussama Idrissi,2021-2022,Other,1.0,Luis Palma,2025-2026,Unknown,1.0,Nassim Chadli,2021-2022,Other,1.0,Mouhamadou Diarra,2021-2022,Other,1.0
Marc Roca,2021-2022,0,Defender,George Ilenikhena,2025-2026,Other,1.0,Phillips,2021-2022,Defender,1.0,Bakayoko,2021-2022,Defender,1.0,Erokhin,2021-2022,Midfielder,1.0,Cuadrado,2025-2026,Midfielder,0.9999
Kanga,2021-2022,0,Forward,Alan Virginius,2025-2026,Other,1.0,Ander Capa,2021-2022,Other,1.0,Sven Ulreich,2025-2026,Unknown,1.0,Brian Brobbey,2021-2022,Other,1.0,Yan Brice Eteki,2021-2022,Other,1.0
Cavani,2021-2022,0,Forward,Darian Males,2025-2026,Forward,1.0,Javi Serrano,2025-2026,Midfielder,1.0,Marko Rog,2025-2026,Other,1.0,Arthur Vermeeren,2025-2026,Other,1.0,Chukwueze,2025-2026,Midfielder,0.9999
Gökhan Töre,2021-2022,0,Midfielder,Arbër Hoxha,2025-2026,Other,1.0,Lucas Copado,2021-2022,Other,1.0,Keita Endo,2021-2022,Other,1.0,Izquierdo,2021-2022,Forward,1.0,Afimico Pululu,2021-2022,Other,1.0
Emre Can,2021-2022,0,Unknown,Chiesa,2025-2026,Forward,1.0,Vinicius Tobias,2025-2026,Other,1.0,Conor Bradley,2025-2026,Unknown,1.0,Ander Martin,2021-2022,Other,1.0,Charles Boli,2021-2022,Other,0.9999
Alcácer,2021-2022,0,Forward,Aster Vranckx,2021-2022,Other,1.0,Pedri,2021-2022,Unknown,1.0,Veljko Birmančević,2025-2026,Other,1.0,Matteo Darmian,2025-2026,Unknown,1.0,Jeff Hendrick,2021-2022,Other,0.9999
Esteves,2021-2022,0,Defender,Néstor Araujo,2021-2022,Other,1.0,Andrea Consigli,2021-2022,Other,1.0,Guglielmo Vicario,2021-2022,Other,1.0,Ismaila Sarr,2021-2022,Other,1.0,Jason Berthomier,2021-2022,Other,1.0
Rensch,2021-2022,0,Defender,Banhie Zoukrou,2025-2026,Other,1.0,Robin Le Normand,2025-2026,Unknown,0.9999,Cristhian Stuani,2025-2026,Other,0.9997,Ranocchia,2021-2022,Defender,0.9996,Hidemasa Morita,2025-2026,Other,0.9995
Ferran Torres,2021-2022,0,Unknown,Óscar Melendo,2021-2022,Other,1.0,Youssouf Koné,2021-2022,Other,1.0,Florentino Luís,2021-2022,Other,1.0,Gonzalo Verdú,2021-2022,Other,1.0,Banzouzi Locko,2021-2022,Other,1.0
Kehrer,2021-2022,0,Defender,Kamory Doumbia,2025-2026,Other,1.0,Selvi Clua,2025-2026,Unknown,1.0,Verbič,2021-2022,Midfielder,1.0,El Bilal Touré,2025-2026,Other,1.0,Moriba,2021-2022,Midfielder,0.9999
Krugovoi,2021-2022,0,Defender,Yan Couto,2025-2026,Unknown,1.0,Antonio Nusa,2025-2026,Other,1.0,Ethan Nwaneri,2025-2026,Unknown,1.0,Ermal Krasniqi,2025-2026,Other,1.0,Dilane Bakwa,2021-2022,Other,1.0
Dost,2021-2022,0,Forward,Alaa Ghram,2025-2026,Unknown,1.0,Jonas Martin,2025-2026,Other,1.0,Julien Duranville,2025-2026,Other,1.0,Ousmane Toure,2025-2026,Unknown,0.9999,Anthony Ujah,2021-2022,Other,0.9999
Martial,2021-2022,0,Forward,Hatem Ben Arfa,2021-2022,Other,1.0,Ragnar Ache,2021-2022,Other,1.0,Allan Nyom,2021-2022,Other,1.0,Jaime Mata,2021-2022,Other,1.0,Jean-Pierre Nsame,2021-2022,Other,1.0
Roberto Gagliardini,2021-2022,0,Other,Jeremy Sarmiento,2021-2022,Other,1.0,Nikola Vuk?evi?,2021-2022,Other,1.0,Óscar Rodríguez,2021-2022,Unknown,1.0,McAtee,2021-2022,Midfielder,1.0,Tyler Onyango,2021-2022,Other,1.0
Rúben Vinagre,2021-2022,0,Defender,Nikola Kalini?,2021-2022,Other,1.0,Paul Dummett,2021-2022,Other,1.0,Emmanuel Amankwaa Akurugu,2021-2022,Other,1.0,Assan Ouedraogo,2025-2026,Unknown,1.0,Aymen Barkok,2021-2022,Other,1.0
Mambimbi,2021-2022,0,Forward,Ricard Puig,2021-2022,Midfielder,1.0,Simon Banza,2021-2022,Other,1.0,Yáser Asprilla,2025-2026,Unknown,1.0,Pau Victor,2025-2026,Unknown,0.9999,Aleksandar Kolarov,2021-2022,Unknown,0.9999
Moriba,2021-2022,0,Midfielder,Max Johnston,2025-2026,Unknown,1.0,Alejandro Francés,2025-2026,Unknown,0.9999,Kehrer,2021-2022,Defender,0.9999,Kamory Doumbia,2025-2026,Other,0.9999,Selvi Clua,2025-2026,Unknown,0.9999
Felix Passlack,2021-2022,0,Other,Béni Makouana,2021-2022,Other,1.0,Amine Bassi,2021-2022,Other,1.0,Matteo Cancellieri,2021-2022,Other,1.0,Aïssa Mandi,2021-2022,Other,1.0,Luca Vignali,2021-2022,Other,1.0
Bakayoko,2021-2022,0,Defender,Erokhin,2021-2022,Midfielder,1.0,Cuadrado,2025-2026,Midfielder,1.0,Marc Roca,2021-2022,Defender,1.0,George Ilenikhena,2025-2026,Other,0.9999,Phillips,2021-2022,Defender,0.9999
Giuseppe Pezzella,2021-2022,0,Other,Sambou Sissoko,2021-2022,Other,1.0,Fodé Doucouré,2021-2022,Other,1.0,Okay Yokuþlu,2021-2022,Other,1.0,Stuart McKinstry,2021-2022,Other,1.0,Víctor Camarasa,2021-2022,Other,1.0
Sudakov,2021-2022,0,Midfielder,Timothy Weah,2025-2026,Unknown,1.0,Lázaro,2021-2022,Midfielder,1.0,Loris Benito,2025-2026,Other,1.0,Maceiras,2021-2022,Defender,0.9999,Dálcio Gomes,2025-2026,Other,0.9999
Sandra,2021-2022,0,Midfielder,Lukebakio,2021-2022,Forward,1.0,Michele Di Gregorio,2025-2026,Unknown,1.0,Weah,2021-2022,Forward,0.9998,Yansané,2021-2022,Forward,0.9993,Kolovos,2021-2022,Midfielder,0.9987
Mbamba-Muanda,2021-2022,0,Defender,Charles Boli,2021-2022,Other,1.0,Ibrahim Salah,2025-2026,Other,0.9999,Désiré Doué,2025-2026,Unknown,0.9999,Folarin Balogun,2025-2026,Other,0.9999,Chiesa,2025-2026,Forward,0.9999
Shepeliev,2021-2022,0,Midfielder,Adam Idah,2025-2026,Other,1.0,Ebrima Colley,2025-2026,Other,0.9999,Santiago Castro,2025-2026,Unknown,0.9998,Chukwueze,2025-2026,Midfielder,0.9995,Arthur Vermeeren,2025-2026,Other,0.9995
Richards,2021-2022,0,Defender,Ngal'ayel Mukau,2025-2026,Unknown,1.0,Kenedy,2021-2022,Unknown,1.0,Nicolas Seiwald,2025-2026,Unknown,0.9999,Diogo Jota,2025-2026,Unknown,0.9998,Randal Kolo Muani,2025-2026,Unknown,0.9998
Julien,2021-2022,0,Defender,Krépin Diatta,2025-2026,Unknown,1.0,Julian Baumgartlinger,2021-2022,Unknown,1.0,Bradarić,2021-2022,Defender,1.0,Anrie Chase,2025-2026,Other,1.0,Couhaib Driouech,2025-2026,Unknown,1.0
Oguzhan Özyakup,2021-2022,0,Unknown,Bjarki Bjarkason,2021-2022,Other,1.0,Baptiste Santamaria,2021-2022,Other,1.0,Martin Adeline,2021-2022,Other,1.0,Yegor Prutsev,2025-2026,Other,1.0,Tony Springett,2021-2022,Other,1.0
Daramy,2021-2022,0,Forward,Ander Martin,2021-2022,Other,1.0,Lilian Egloff,2021-2022,Other,1.0,Dário Essugo,2021-2022,Midfielder,1.0,Zakaria,2021-2022,Midfielder,1.0,Conor Bradley,2025-2026,Unknown,0.9999
Henrichs,2021-2022,0,Defender,Nathan Tella,2025-2026,Other,1.0,Paulo Gazzaniga,2025-2026,Other,1.0,Aleksa Terzić,2025-2026,Other,1.0,Germán Valera,2021-2022,Other,1.0,Vanja Drkušić,2025-2026,Other,1.0
Choupo-Moting,2021-2022,0,Midfielder,Raúl Torrente,2025-2026,Other,1.0,Jurriën Timber,2025-2026,Unknown,1.0,Kyriakos Savvidis,2025-2026,Other,0.9999,Lingard,2021-2022,Midfielder,0.9999,Marcus Thuram,2025-2026,Unknown,0.9999
Yusuf Yazıcı,2021-2022,0,Midfielder,Janis Blaswich,2025-2026,Unknown,1.0,Edouard Michut,2021-2022,Other,1.0,Héctor Fort,2025-2026,Unknown,1.0,Michał Skóraś,2025-2026,Forward,1.0,Fredrik Oppegård,2025-2026,Defender,0.9999
Icardi,2021-2022,0,Forward,Jeff Reine-Adélaïde,2021-2022,Other,1.0,Brobbey,2021-2022,Forward,1.0,Corentin Jean,2021-2022,Other,1.0,Samuel Mráz,2021-2022,Other,1.0,Marco Brescianini,2025-2026,Midfielder,1.0
McAtee,2021-2022,0,Midfielder,Tyler Onyango,2021-2022,Other,1.0,Nikola Vuk?evi?,2021-2022,Other,1.0,Jeremy Sarmiento,2021-2022,Other,1.0,Aimar Sher,2021-2022,Other,1.0,Roberto Gagliardini,2021-2022,Other,1.0
Matteo Lovato,2021-2022,0,Other,Marten Winkler,2021-2022,Other,1.0,Juraj Kucka,2025-2026,Other,1.0,Julián Carranza,2025-2026,Unknown,1.0,Jastin García,2025-2026,Unknown,1.0,Fabio Depaoli,2021-2022,Other,1.0
Palmer,2021-2022,0,Midfielder,Greg Taylor,2025-2026,Defender,1.0,Chilwell,2021-2022,Defender,1.0,Jaroslav Zelený,2025-2026,Defender,1.0,Mohamed Ali Camara,2025-2026,Defender,1.0,Jahmai Simpson-Pusey,2025-2026,Unknown,1.0
Paulo Bernardo,2021-2022,0,Midfielder,Unai Ropero,2021-2022,Other,1.0,Miguel Juan Llambrich,2021-2022,Other,1.0,Farid El Melali,2021-2022,Other,1.0,Lukáš Sadílek,2025-2026,Other,1.0,Ernesto Torregrossa,2021-2022,Other,1.0
Taylor,2021-2022,0,Midfielder,Bonnah,2021-2022,Midfielder,1.0,Flávio Nazinho,2021-2022,Defender,1.0,Javier Ontiveros,2021-2022,Other,1.0,Lassina Traoré,2025-2026,Forward,1.0,Daniel Wass,2021-2022,Unknown,1.0
Francisco Conceição,2021-2022,0,Unknown,Keanan Bennetts,2021-2022,Other,1.0,Kacper Urbanski,2021-2022,Other,1.0,Facundo Gonzalez,2025-2026,Unknown,1.0,Leandro Morgalla,2025-2026,Other,1.0,Erencan Yardımcı,2025-2026,Other,1.0
F. Nmecha,2021-2022,0,Midfielder,Sydney van Hooijdonk,2021-2022,Other,1.0,Tommaso Pobega,2025-2026,Other,1.0,Matondo-Merveille Papela,2021-2022,Other,1.0,Charlie Cresswell,2021-2022,Other,1.0,Liam McCarron,2021-2022,Other,1.0
Al. Miranchuk,2021-2022,0,Forward,Lazar Samardzic,2025-2026,Other,1.0,Simone Pafundi,2021-2022,Other,1.0,Eric García,2025-2026,Unknown,1.0,Conrad Harder,2025-2026,Unknown,0.9999,Strahinja Pavlovic,2025-2026,Unknown,0.9999
Edwards,2021-2022,0,Forward,Alexandre Letellier,2021-2022,Other,1.0,Benjamin Rollheiser,2025-2026,Unknown,1.0,Sergi Dominguez,2025-2026,Other,1.0,Simone Zaza,2021-2022,Other,1.0,Torben Müsel,2021-2022,Other,1.0
Radonjić,2021-2022,0,Forward,Redwan Bourles,2021-2022,Other,1.0,Abdu Conté,2025-2026,Other,1.0,Luca Waldschmidt,2021-2022,Other,1.0,Myziane Maolida,2021-2022,Other,1.0,Diego Farias,2021-2022,Other,1.0
Mengi,2021-2022,0,Defender,Myles Lewis-Skelly,2025-2026,Unknown,1.0,Rafiki Said Ahamada,2021-2022,Other,1.0,Jarell Quansah,2025-2026,Unknown,1.0,Aleksandr Kokorin,2021-2022,Unknown,1.0,Nelson Sissoko,2021-2022,Other,1.0
Wesley,2021-2022,0,Forward,Xavi Simons,2021-2022,Unknown,1.0,Thibault Klidje,2021-2022,Other,1.0,Mahame Siby,2021-2022,Other,1.0,Baptiste Mouazan,2021-2022,Other,1.0,Dele Alli,2021-2022,Unknown,1.0
Aïssa Mandi,2021-2022,0,Other,Béni Makouana,2021-2022,Other,1.0,Felix Passlack,2021-2022,Other,1.0,Amine Bassi,2021-2022,Other,1.0,Bruno Costa,2021-2022,Unknown,1.0,Matteo Cancellieri,2021-2022,Other,1.0
Kudus,2021-2022,0,Midfielder,Admir Mehmedi,2021-2022,Other,1.0,Nordine Kandil,2021-2022,Other,1.0,Jonathan Silva,2021-2022,Other,1.0,Arthur Cabral,2025-2026,Forward,1.0,Marcelo,2021-2022,Unknown,1.0
Novoa,2021-2022,0,Midfielder,Waldemar Anton,2025-2026,Unknown,1.0,Bondar,2021-2022,Defender,1.0,Daniel Bragança,2021-2022,Midfielder,1.0,Matěj Ryneš,2025-2026,Midfielder,1.0,Geny Catamo,2025-2026,Other,1.0
Lihadji,2021-2022,0,Forward,Giacomo Satalino,2021-2022,Other,1.0,Pablo Torre,2025-2026,Other,1.0,Mario Dominguez,2021-2022,Other,1.0,Noah Weißhaupt,2021-2022,Other,1.0,Rodrigo Riquelme,2025-2026,Other,1.0
Bernardo,2021-2022,0,Defender,Shoretire,2021-2022,Midfielder,1.0,Ramsey,2021-2022,Midfielder,1.0,Luka Ilić,2025-2026,Midfielder,1.0,Brahim Díaz,2025-2026,Unknown,1.0,Federico Santander,2021-2022,Other,1.0
Tijani,2021-2022,0,Midfielder,Alex Valle,2025-2026,Other,1.0,Ronaël Pierre-Gabriel,2025-2026,Other,1.0,Guindo,2021-2022,Defender,0.9999,Cesc Fàbregas,2021-2022,Unknown,0.9999,Mechele,2021-2022,Defender,0.9999
Ben Arfa,2021-2022,0,Midfielder,Federico Santander,2021-2022,Other,1.0,Brahim Díaz,2025-2026,Unknown,1.0,Bernardo,2021-2022,Defender,1.0,Shoretire,2021-2022,Midfielder,0.9999,Ramsey,2021-2022,Midfielder,0.9999
Óscar Rodríguez,2021-2022,0,Unknown,Keinan Davis,2021-2022,Other,1.0,Mamadou Fofana,2021-2022,Other,1.0,Roberto Gagliardini,2021-2022,Other,1.0,Jeremy Sarmiento,2021-2022,Other,1.0,Nikola Vuk?evi?,2021-2022,Other,1.0
Shoretire,2021-2022,0,Midfielder,Ramsey,2021-2022,Midfielder,1.0,Bernardo,2021-2022,Defender,1.0,Luka Ilić,2025-2026,Midfielder,1.0,Brahim Díaz,2025-2026,Unknown,1.0,Mathys Tel,2021-2022,Other,1.0
Heaton,2021-2022,0,Goalkeeper,Ronaldo Vieira,2021-2022,Other,1.0,Andrés Martín,2021-2022,Other,1.0,László Bénes,2021-2022,Other,1.0,Warren Tchimbembé,2021-2022,Other,1.0,Francesco Forte,2021-2022,Other,1.0
Stanišić,2021-2022,0,Defender,Eduardo Quaresma,2025-2026,Defender,1.0,Jack Grealish,2025-2026,Unknown,1.0,Richard Ledezma,2025-2026,Unknown,1.0,Ballo,2021-2022,Defender,0.9999,Riccardo Calafiori,2025-2026,Other,0.9999
Daniel Maldini,2021-2022,0,Other,Balde,2021-2022,Defender,1.0,Vagner Gonçalves,2021-2022,Other,1.0,Christian Früchtl,2021-2022,Other,1.0,Pascal Stenzel,2025-2026,Other,1.0,Berkay Vardar,2021-2022,Midfielder,1.0
Youssoufa Moukoko,2021-2022,0,Other,Yadaly Diaby,2021-2022,Other,1.0,Paul Wanner,2021-2022,Other,1.0,Noah Okafor,2025-2026,Unknown,1.0,Dilane Bakwa,2021-2022,Other,1.0,Ermal Krasniqi,2025-2026,Other,1.0
Iván Romero,2021-2022,0,Forward,Konstantin Schopp,2025-2026,Unknown,1.0,Jonas Rouhi,2025-2026,Unknown,1.0,Giuliano Simeone,2025-2026,Unknown,1.0,Kacper Urbanski,2025-2026,Other,1.0,Jon Gorenc Stanković,2025-2026,Other,1.0
Flávio Nazinho,2021-2022,0,Defender,Javier Ontiveros,2021-2022,Other,1.0,Bonnah,2021-2022,Midfielder,1.0,Lassina Traoré,2025-2026,Forward,1.0,Taylor,2021-2022,Midfielder,1.0,Luka Stojković,2025-2026,Unknown,1.0
Balde,2021-2022,0,Defender,Daniel Maldini,2021-2022,Other,1.0,Vagner Gonçalves,2021-2022,Other,1.0,Tillman,2021-2022,Midfielder,1.0,Christian Früchtl,2021-2022,Other,1.0,Pascal Stenzel,2025-2026,Other,1.0
Tillman,2021-2022,0,Midfielder,Florenzi,2021-2022,Defender,1.0,Waniss Taibi,2021-2022,Other,1.0,Vagner Gonçalves,2021-2022,Other,1.0,Gijs Smal,2025-2026,Unknown,1.0,Samuel Iling-Junior,2025-2026,Other,1.0
Ricard Puig,2021-2022,0,Midfielder,Mambimbi,2021-2022,Forward,1.0,Simon Banza,2021-2022,Other,1.0,Yáser Asprilla,2025-2026,Unknown,1.0,Pau Victor,2025-2026,Unknown,1.0,Aleksandar Kolarov,2021-2022,Unknown,0.9999
Berkay Vardar,2021-2022,0,Midfielder,Pascal Stenzel,2025-2026,Other,1.0,Christian Früchtl,2021-2022,Other,1.0,Patrick Roberts,2021-2022,Other,1.0,Daniel Maldini,2021-2022,Other,1.0,Mbete,2021-2022,Defender,1.0
Carson,2021-2022,0,Goalkeeper,Borja Mayoral,2021-2022,Other,1.0,Lion Semi?,2021-2022,Other,1.0,Noah Guede-Nadje,2021-2022,Other,1.0,Francesco Di Mariano,2021-2022,Other,1.0,Ibrahima Baldé,2021-2022,Other,1.0
Eric Ramirez,2021-2022,0,Forward,Loris Benito,2021-2022,Other,1.0,Afimico Pululu,2021-2022,Other,1.0,Nicolò Casale,2025-2026,Other,1.0,Romeo Vermant,2025-2026,Other,1.0,Dale Stephens,2021-2022,Other,1.0
Cojocaru,2021-2022,0,Midfielder,Federico Dimarco,2025-2026,Unknown,1.0,Fredrik Oppegård,2025-2026,Defender,1.0,Michał Skóraś,2025-2026,Forward,1.0,Héctor Fort,2025-2026,Unknown,0.9999,Janis Blaswich,2025-2026,Unknown,0.9999
Javi Serrano,2021-2022,0,Midfielder,Kolarov,2021-2022,Defender,1.0,Bouna Sarr,2021-2022,Other,1.0,Gianluca Frabotta,2021-2022,Other,1.0,Yussuf Poulsen,2025-2026,Unknown,1.0,Šimić,2021-2022,Forward,1.0
Agüero,2021-2022,0,Forward,Aleksandar Katai,2025-2026,Forward,1.0,Magnus Warming,2021-2022,Other,1.0,Mohamed Bayo,2025-2026,Other,1.0,Shola Shoretire,2021-2022,Other,1.0,Bale,2021-2022,Forward,1.0
Ramsey,2021-2022,0,Midfielder,Shoretire,2021-2022,Midfielder,1.0,Luka Ilić,2025-2026,Midfielder,1.0,Bernardo,2021-2022,Defender,1.0,Brahim Díaz,2025-2026,Unknown,1.0,Mathys Tel,2021-2022,Other,1.0
Kravtsov,2021-2022,0,Midfielder,Sulejmani,2021-2022,Midfielder,1.0,Romain Del Castillo,2025-2026,Other,1.0,Amady Camara,2025-2026,Unknown,1.0,Spielmann,2021-2022,Midfielder,0.9999,Chemsdine Talbi,2025-2026,Unknown,0.9999
Bradarić,2021-2022,0,Defender,Julien,2021-2022,Defender,1.0,Krépin Diatta,2025-2026,Unknown,1.0,Julian Baumgartlinger,2021-2022,Unknown,1.0,Anrie Chase,2025-2026,Other,1.0,Tyler Morton,2021-2022,Other,1.0
Bruno Costa,2021-2022,0,Unknown,Aïssa Mandi,2021-2022,Other,1.0,Jesuran Rak Sakyi,2021-2022,Other,1.0,Béni Makouana,2021-2022,Other,1.0,Felix Passlack,2021-2022,Other,1.0,Amine Bassi,2021-2022,Other,1.0
Raba,2021-2022,0,Midfielder,El Chadaille Bitshiabu,2025-2026,Other,1.0,Ebrima Darboe,2021-2022,Other,1.0,Arda Güler,2025-2026,Other,1.0,CJ Egan-Riley,2021-2022,Unknown,1.0,Matteo Ruggeri,2025-2026,Other,1.0
Iborra,2021-2022,0,Midfielder,Ricardo Esgaio,2025-2026,Unknown,1.0,Kuznetsov,2021-2022,Forward,1.0,Meschack Elia,2025-2026,Forward,1.0,Milan Rodić,2025-2026,Defender,1.0,Renato Sanches,2025-2026,Unknown,1.0
Bonnah,2021-2022,0,Midfielder,Flávio Nazinho,2021-2022,Defender,1.0,Javier Ontiveros,2021-2022,Other,1.0,Taylor,2021-2022,Midfielder,1.0,Lassina Traoré,2025-2026,Forward,1.0,Luka Stojković,2025-2026,Unknown,1.0
Stefano Sensi,2021-2022,0,Other,Justin Che,2021-2022,Other,1.0,Ramiz Zerrouki,2025-2026,Other,1.0,Andres Cuenca,2025-2026,Other,1.0,Adrian Fein,2021-2022,Other,1.0,Vladyslav Supriaha,2021-2022,Other,1.0
Lednev,2021-2022,0,Midfielder,Luka Romero,2021-2022,Other,1.0,Jon Bautista,2021-2022,Other,1.0,Martin Ødegaard,2025-2026,Unknown,1.0,Min-su Kim,2025-2026,Unknown,1.0,Spielmann,2021-2022,Midfielder,1.0
Zhegrova,2021-2022,0,Midfielder,Anderson Lima,2021-2022,Other,1.0,Mamadou Camara,2021-2022,Other,1.0,Patrik Schick,2025-2026,Unknown,1.0,Hannibal Mejbri,2021-2022,Other,0.9999,Chiellini,2021-2022,Defender,0.9999
Seferović,2021-2022,0,Forward,Tiago Santos,2025-2026,Other,1.0,Dálcio Gomes,2025-2026,Other,1.0,Colin Dagba,2021-2022,Unknown,1.0,Loris Benito,2025-2026,Other,0.9999,Ilaix Moriba,2021-2022,Other,0.9999
Zakaria,2021-2022,0,Midfielder,Dário Essugo,2021-2022,Midfielder,1.0,Lilian Egloff,2021-2022,Other,1.0,Diego Falcinelli,2021-2022,Other,1.0,Raheem Sterling,2025-2026,Unknown,1.0,Bondarenko,2021-2022,Midfielder,1.0
Dário Essugo,2021-2022,0,Midfielder,Zakaria,2021-2022,Midfielder,1.0,Lilian Egloff,2021-2022,Other,1.0,Diego Falcinelli,2021-2022,Other,1.0,Raheem Sterling,2025-2026,Unknown,1.0,Bondarenko,2021-2022,Midfielder,1.0
Spielmann,2021-2022,0,Midfielder,Jon Bautista,2021-2022,Other,1.0,Luka Romero,2021-2022,Other,1.0,Sulejmani,2021-2022,Midfielder,1.0,Lednev,2021-2022,Midfielder,1.0,Martin Ødegaard,2025-2026,Unknown,1.0
Izquierdo,2021-2022,0,Forward,Gökhan Töre,2021-2022,Midfielder,1.0,Arbër Hoxha,2025-2026,Other,1.0,Lucas Copado,2021-2022,Other,1.0,Keita Endo,2021-2022,Other,1.0,Afimico Pululu,2021-2022,Other,1.0
Chiellini,2021-2022,0,Defender,Hannibal Mejbri,2021-2022,Other,1.0,Josué Albert,2021-2022,Other,1.0,Oleksandr Zinchenko,2025-2026,Unknown,1.0,Casper Nielsen,2025-2026,Other,1.0,Michel Aebischer,2025-2026,Other,1.0
Dina Ebimbe,2021-2022,0,Midfielder,Ognjen Mimović,2025-2026,Unknown,1.0,Ömer Faruk Beyaz,2021-2022,Other,1.0,Marley Aké,2021-2022,Other,1.0,Samuel Di Carmine,2021-2022,Other,1.0,Enzo Millot,2021-2022,Other,1.0
Sulejmani,2021-2022,0,Midfielder,Spielmann,2021-2022,Midfielder,1.0,Jon Bautista,2021-2022,Other,1.0,Kravtsov,2021-2022,Midfielder,1.0,Luka Romero,2021-2022,Other,1.0,Lednev,2021-2022,Midfielder,1.0
Delap,2021-2022,0,Forward,Markus Solbakken,2025-2026,Unknown,1.0,Eric Dier,2025-2026,Unknown,1.0,Moussa Yeo,2025-2026,Unknown,1.0,Issa Kaboré,2025-2026,Other,1.0,Renato Sanches,2025-2026,Unknown,1.0
Mbete,2021-2022,0,Defender,Patrick Roberts,2021-2022,Other,1.0,Yussuf Poulsen,2025-2026,Unknown,1.0,Gianluca Frabotta,2021-2022,Other,1.0,Bouna Sarr,2021-2022,Other,1.0,Kolarov,2021-2022,Defender,1.0
Kolarov,2021-2022,0,Defender,Javi Serrano,2021-2022,Midfielder,1.0,Bouna Sarr,2021-2022,Other,1.0,Gianluca Frabotta,2021-2022,Other,1.0,Yussuf Poulsen,2025-2026,Unknown,1.0,Mbete,2021-2022,Defender,1.0
Šimić,2021-2022,0,Forward,Javi Serrano,2021-2022,Midfielder,1.0,Luca Gagliano,2021-2022,Other,1.0,Bouna Sarr,2021-2022,Other,1.0,Gianluca Frabotta,2021-2022,Other,1.0,Yussuf Poulsen,2025-2026,Unknown,1.0
Guindo,2021-2022,0,Defender,Cesc Fàbregas,2021-2022,Unknown,1.0,Ronaël Pierre-Gabriel,2025-2026,Other,1.0,Tijani,2021-2022,Midfielder,0.9999,Lázaro,2021-2022,Midfielder,0.9999,Timothy Weah,2025-2026,Unknown,0.9999
Oleksiy Shevchenko,2021-2022,0,Goalkeeper,Daniele Baselli,2021-2022,Other,1.0,Diego Lainez,2021-2022,Other,1.0,William Smallbone,2021-2022,Other,1.0,Cristhian Mosquera,2021-2022,Other,1.0,Francesco Rossi,2021-2022,Other,1.0
Maier,2021-2022,0,Midfielder,Kyle Walker,2025-2026,Unknown,1.0,Strahinja Pavlovic,2025-2026,Unknown,1.0,Meite,2021-2022,Midfielder,1.0,Eric García,2025-2026,Unknown,1.0,Simone Pafundi,2021-2022,Other,1.0
Kuznetsov,2021-2022,0,Forward,Ricardo Esgaio,2025-2026,Unknown,1.0,Iborra,2021-2022,Midfielder,1.0,Zeki Amdouni,2025-2026,Other,1.0,Meschack Elia,2025-2026,Forward,1.0,Tomi Horvat,2025-2026,Other,1.0
Eile,2021-2022,0,Defender,Luca Gagliano,2021-2022,Other,1.0,Andrea Conti,2021-2022,Other,1.0,Šimić,2021-2022,Forward,1.0,Javi Serrano,2021-2022,Midfielder,1.0,Cojocari,2021-2022,Defender,1.0
Daniel Ginczek,2021-2022,0,Other,Nicolas Jackson,2021-2022,Other,1.0,Kiliann Sildillia,2021-2022,Other,1.0,Martin Terrier,2025-2026,Unknown,1.0,Lorenzo Torriani,2025-2026,Unknown,1.0,Aaron Ramsey,2021-2022,Unknown,1.0
Savage,2021-2022,0,Midfielder,Iqbal,2021-2022,Midfielder,1.0,Bradley,2021-2022,Midfielder,1.0,Woltman,2021-2022,Midfielder,1.0,Gil Dias,2021-2022,Midfielder,1.0,Chemsdine Talbi,2025-2026,Unknown,1.0
Iqbal,2021-2022,0,Midfielder,Savage,2021-2022,Midfielder,1.0,Bradley,2021-2022,Midfielder,1.0,Woltman,2021-2022,Midfielder,1.0,Gil Dias,2021-2022,Midfielder,1.0,Chemsdine Talbi,2025-2026,Unknown,1.0
Da Graca,2021-2022,0,Forward,Rodrigo Ribeiro,2021-2022,Forward,1.0,Alex Sola,2021-2022,Other,1.0,Dani Olmo,2025-2026,Unknown,1.0,Newertton,2025-2026,Other,1.0,Samuel Mbangula,2025-2026,Other,1.0
Gil Dias,2021-2022,0,Midfielder,Savage,2021-2022,Midfielder,1.0,Bradley,2021-2022,Midfielder,1.0,Woltman,2021-2022,Midfielder,1.0,Iqbal,2021-2022,Midfielder,1.0,Chemsdine Talbi,2025-2026,Unknown,1.0
Rodrigo Ribeiro,2021-2022,0,Forward,Da Graca,2021-2022,Forward,1.0,Alex Sola,2021-2022,Other,1.0,Dani Olmo,2025-2026,Unknown,1.0,Newertton,2025-2026,Other,1.0,Samuel Mbangula,2025-2026,Other,1.0
Cojocari,2021-2022,0,Defender,Maouassa,2021-2022,Defender,1.0,El Chadaille Bitshiabu,2025-2026,Other,1.0,Raba,2021-2022,Midfielder,1.0,Ebrima Darboe,2021-2022,Other,1.0,Arda Güler,2025-2026,Other,1.0
Maouassa,2021-2022,0,Defender,Cojocari,2021-2022,Defender,1.0,El Chadaille Bitshiabu,2025-2026,Other,1.0,Raba,2021-2022,Midfielder,1.0,Ebrima Darboe,2021-2022,Other,1.0,Arda Güler,2025-2026,Other,1.0
Max Aarons,2021-2022,0,Other,Thomas Delaine,2021-2022,Other,1.0,Jorge de Frutos,2021-2022,Other,1.0,José Luis Gayà,2021-2022,Other,1.0,Wahbi Khazri,2021-2022,Other,1.0,Salva Sevilla,2021-2022,Other,1.0
Yunis Abdelhamid,2021-2022,0,Other,Romain Saïss,2021-2022,Other,1.0,Salvatore Sirigu,2021-2022,Unknown,1.0,Ludovic Ajorque,2021-2022,Other,1.0,Franck Ribéry,2021-2022,Unknown,1.0,Walace,2021-2022,Other,1.0
Salis Abdul Samed,2021-2022,0,Other,Rodrigo Becão,2021-2022,Other,1.0,Stuart Dallas,2021-2022,Other,1.0,Azor Matusiwa,2021-2022,Other,1.0,Anthony Losilla,2021-2022,Other,1.0,Aaron Cresswell,2021-2022,Other,1.0
Laurent Abergel,2021-2022,0,Other,Joselu,2021-2022,Other,1.0,Pietro Ceccaroni,2021-2022,Other,1.0,Iker Muniain,2021-2022,Other,1.0,Johan Mojica,2021-2022,Other,1.0,Denis Bouanga,2021-2022,Other,1.0
Charles Abi,2021-2022,0,Other,Jérôme Hergault,2021-2022,Other,1.0,Håvard Nordtveit,2021-2022,Other,1.0,Sonny Perkins,2021-2022,Other,1.0,Leonardo Capezzi,2021-2022,Other,1.0,Oriol Busquets,2021-2022,Other,1.0
Dickson Abiama,2021-2022,0,Other,Abdul Majeed Waris,2021-2022,Other,1.0,Samuel Kalu,2021-2022,Other,1.0,Brandon Soppy,2021-2022,Other,1.0,Pubill,2021-2022,Other,1.0,Landry Dimata,2021-2022,Other,1.0
Matthis Abline,2021-2022,0,Other,Oghenekaro Etebo,2021-2022,Other,1.0,Sven Michel,2021-2022,Other,1.0,Jesús Areso,2021-2022,Other,1.0,Raúl,2021-2022,Unknown,1.0,Jon Rowe,2021-2022,Other,1.0
Tammy Abraham,2021-2022,0,Unknown,Axel Disasi,2021-2022,Unknown,1.0,Rafael Borré,2021-2022,Unknown,1.0,Raphaël Varane,2021-2022,Unknown,1.0,Mohammed Salisu,2021-2022,Unknown,1.0,Rodrigo De Paul,2021-2022,Unknown,1.0
Luis Abram,2021-2022,0,Other,Asier Villalibre,2021-2022,Other,1.0,Danny Ward,2021-2022,Other,1.0,Bradley Barcola,2021-2022,Unknown,1.0,Juan Pérez,2021-2022,Other,1.0,Javier Díaz,2021-2022,Other,1.0
Francesco Acerbi,2021-2022,0,Unknown,Nico Schulz,2021-2022,Unknown,1.0,Nabil Fekir,2021-2022,Unknown,1.0,Son Heung-Min,2021-2022,Unknown,1.0,Romain Faivre,2021-2022,Unknown,1.0,Tuta,2021-2022,Unknown,1.0
Ragnar Ache,2021-2022,0,Other,Allan Nyom,2021-2022,Other,1.0,Martial,2021-2022,Forward,1.0,Hatem Ben Arfa,2021-2022,Other,1.0,Jaime Mata,2021-2022,Other,1.0,Isaac Lihadji,2021-2022,Other,1.0
Che Adams,2021-2022,0,Other,Pablo Maffeo,2021-2022,Other,1.0,Matt Doherty,2021-2022,Other,1.0,Paco Alcácer,2021-2022,Unknown,1.0,Álex Fernández,2021-2022,Other,1.0,Arkadiusz Milik,2021-2022,Other,1.0
Tyler Adams,2021-2022,0,Unknown,Çaðlar Söyüncü,2021-2022,Other,1.0,Léo Jardim,2021-2022,Unknown,1.0,Luke Ayling,2021-2022,Other,1.0,Marcus Thuram,2021-2022,Unknown,1.0,Flavien Tait,2021-2022,Other,1.0
Sargis Adamyan,2021-2022,0,Other,Zack Steffen,2021-2022,Other,1.0,Danny Blum,2021-2022,Other,1.0,Frederik Winther,2021-2022,Other,1.0,Vincenzo Fiorillo,2021-2022,Other,1.0,Andrea La Mantia,2021-2022,Other,1.0
Martin Adeline,2021-2022,0,Other,Yegor Prutsev,2025-2026,Other,1.0,Tony Springett,2021-2022,Other,1.0,Florin Andone,2021-2022,Other,1.0,Bjarki Bjarkason,2021-2022,Other,1.0,Oguzhan Özyakup,2021-2022,Unknown,1.0
Amine Adli,2021-2022,0,Unknown,Stefan Posch,2021-2022,Unknown,1.0,Kyle Walker,2021-2022,Unknown,1.0,Amir Rrahmani,2021-2022,Unknown,1.0,Conor Gallagher,2021-2022,Unknown,1.0,William Saliba,2021-2022,Unknown,1.0
Yacine Adli,2021-2022,0,Other,Karim Onisiwo,2021-2022,Other,1.0,Matías Dituro,2021-2022,Other,1.0,Mario Suárez,2021-2022,Unknown,1.0,Alessandro Deiola,2021-2022,Other,1.0,Amos Pieper,2021-2022,Other,1.0
Michel Aebischer,2021-2022,0,Other,Eray Cömert,2021-2022,Other,1.0,Steven Fortes,2021-2022,Other,1.0,Todd Cantwell,2021-2022,Other,1.0,Nicolás Serrano,2021-2022,Other,1.0,Brandon Domingues,2021-2022,Other,1.0
Felix Afena-Gyan,2021-2022,0,Other,Denis Cheryshev,2021-2022,Other,1.0,Mato Jajalo,2021-2022,Other,1.0,Diego Coppola,2021-2022,Other,1.0,Cristiano Piccini,2021-2022,Other,1.0,Abdoulaye Touré,2021-2022,Other,1.0
Martin Agirregabiria,2021-2022,0,Other,M'Bala Nzola,2021-2022,Other,1.0,Ryan Fraser,2021-2022,Other,1.0,Alex McCarthy,2021-2022,Other,1.0,Lee Kangin,2021-2022,Other,1.0,Boubakary Soumaré,2021-2022,Other,1.0
Julen Agirrezabala,2021-2022,0,Other,Peter Vindahl,2025-2026,Other,1.0,Joseba Zaldúa,2021-2022,Other,1.0,Romain Hamouma,2021-2022,Other,1.0,Joel Obi,2021-2022,Other,1.0,Quentin Boisgard,2021-2022,Other,1.0
Lucien Agoume,2021-2022,0,Other,Craig Cathcart,2021-2022,Other,1.0,Liam Henderson,2021-2022,Other,1.0,Gonzalo Castro,2021-2022,Unknown,1.0,Borja Iglesias,2021-2022,Other,1.0,Makoto Hasebe,2021-2022,Other,1.0
Kevin Agudelo,2021-2022,0,Other,Unai Vencedor Paris,2021-2022,Other,1.0,Sergi Guardiola,2021-2022,Other,1.0,Varazdat Haroyan,2021-2022,Other,1.0,Fernando Pacheco,2021-2022,Other,1.0,Farid Boulaya,2021-2022,Other,1.0
Nayef Aguerd,2021-2022,0,Other,Yann Sommer,2021-2022,Unknown,1.0,Álvaro Negredo,2021-2022,Unknown,1.0,Timothy Weah,2021-2022,Unknown,1.0,Péter Gulácsi,2021-2022,Unknown,1.0,Keylor Navas,2021-2022,Unknown,1.0
Sergio Agüero,2021-2022,0,Unknown,David Zima,2021-2022,Other,1.0,Nolito,2021-2022,Other,1.0,Soldado,2021-2022,Unknown,1.0,Alexandre Oukidja,2021-2022,Other,1.0,Roman Bürki,2021-2022,Unknown,1.0
Ruben Aguilar,2021-2022,0,Other,Fran Beltrán,2021-2022,Other,1.0,Léo Pétrot,2021-2022,Other,1.0,Szymon ?urkowski,2021-2022,Other,1.0,David García,2021-2022,Other,1.0,Raphael Dias Belloli,2021-2022,Other,1.0
Naouirou Ahamada,2021-2022,0,Other,Mariano Díaz,2021-2022,Forward,1.0,Marco John,2021-2022,Other,1.0,Yanis Lhery,2021-2022,Other,1.0,Nathan Young-Coombes,2021-2022,Other,1.0,Samuel Umtiti,2021-2022,Unknown,1.0
Anel Ahmedhodzic,2021-2022,0,Other,William Carvalho,2021-2022,Other,1.0,Iago,2021-2022,Other,1.0,Jeroen Zoet,2021-2022,Unknown,1.0,Roberto Soriano,2021-2022,Other,1.0,Diawara,2021-2022,Goalkeeper,1.0
Jean-Eudes Aholou,2021-2022,0,Other,Nico Ribaudo,2021-2022,Other,1.0,Leonardo Balerdi,2021-2022,Other,1.0,Paul Lasne,2021-2022,Other,1.0,Marcel Lotka,2021-2022,Other,1.0,Lebo Mothiba,2021-2022,Other,1.0
Joseph Aidoo,2021-2022,0,Other,Kelvin Amian,2021-2022,Other,1.0,Angelo Ogbonna,2021-2022,Other,1.0,Andrea Pinamonti,2021-2022,Other,1.0,Richarlison,2021-2022,Other,1.0,Luis Javier Suárez,2021-2022,Other,1.0
Ola Aina,2021-2022,0,Other,Andrea Schiavone,2021-2022,Other,1.0,Youssouf Sabaly,2021-2022,Other,1.0,Gio Reyna,2021-2022,Other,1.0,Nuno Tavares,2021-2022,Other,1.0,Alexis Flips,2021-2022,Other,1.0
Rayan Aït Nouri,2021-2022,0,Other,Valentino Livramento,2021-2022,Other,1.0,Joel Ward,2021-2022,Other,1.0,Álex Fernández,2021-2022,Other,1.0,Enzo Le Fée,2021-2022,Other,1.0,Che Adams,2021-2022,Other,1.0
Kristoffer Ajer,2021-2022,0,Other,Adama Soumaoro,2021-2022,Other,1.0,Oihan Sancet,2021-2022,Other,1.0,Norbert Gyömbér,2021-2022,Other,1.0,Moritz Jenz,2021-2022,Other,1.0,Jacob Barrett Laursen,2021-2022,Other,1.0
Ludovic Ajorque,2021-2022,0,Other,Franck Ribéry,2021-2022,Unknown,1.0,Yunis Abdelhamid,2021-2022,Other,1.0,Walace,2021-2022,Other,1.0,Romain Saïss,2021-2022,Other,1.0,Salvatore Sirigu,2021-2022,Unknown,1.0
Manuel Akanji,2021-2022,0,Unknown,Mats Hummels,2021-2022,Unknown,1.0,Jens Cajuste,2021-2022,Unknown,1.0,Max Kruse,2021-2022,Unknown,1.0,Juan Foyth,2021-2022,Unknown,1.0,Jamal Musiala,2021-2022,Unknown,1.0
Carlos Akapo,2021-2022,0,Other,Mamadou Coulibaly,2021-2022,Other,1.0,Sean Longstaff,2021-2022,Other,1.0,Matvei Safonov,2025-2026,Goalkeeper,1.0,Silvan Hefti,2021-2022,Other,1.0,Alexander Schwolow,2021-2022,Other,1.0
Marley Aké,2021-2022,0,Other,Ömer Faruk Beyaz,2021-2022,Other,1.0,Ognjen Mimović,2025-2026,Unknown,1.0,Dina Ebimbe,2021-2022,Midfielder,1.0,Samuel Di Carmine,2021-2022,Other,1.0,Enzo Millot,2021-2022,Other,1.0
Nathan Aké,2021-2022,0,Unknown,Marco Verratti,2021-2022,Unknown,0.9999,Marco Carnesecchi,2025-2026,Unknown,0.9998,Erik Lamela,2021-2022,Unknown,0.9998,Corentin Tolisso,2021-2022,Unknown,0.9997,Jason Denayer,2021-2022,Unknown,0.9996
Ilias Akhomach,2021-2022,0,Other,Raúl Parra,2021-2022,Other,1.0,Rubén,2021-2022,Other,1.0,Levi Lumeka,2021-2022,Other,1.0,Victor Perea,2021-2022,Other,1.0,Chrislain Matsima,2021-2022,Other,1.0
Maghnes Akliouche,2021-2022,0,Unknown,Ibrahim Osman,2025-2026,Unknown,1.0,Abubakari,2021-2022,Forward,1.0,Ermedin Demirović,2025-2026,Other,1.0,Gomez,2025-2026,Defender,0.9999,Alexander Schlager,2025-2026,Goalkeeper,0.9998
Paul Akouokou,2021-2022,0,Other,Tony Jantschke,2021-2022,Other,1.0,Niklas Tauer,2021-2022,Other,1.0,Enric Franquesa,2021-2022,Other,1.0,Matteo Gabbia,2021-2022,Other,1.0,Jorge Meré,2021-2022,Other,1.0
Jean-Daniel Akpa-Akpro,2021-2022,0,Other,Timothy Fosu-Mensah,2021-2022,Other,1.0,Strahinja Pavlovi?,2021-2022,Other,1.0,Luke McCowan,2025-2026,Unknown,1.0,Stefan Ilsanker,2021-2022,Other,1.0,Abdoulaye Sylla,2021-2022,Other,1.0
Kevin Akpoguma,2021-2022,0,Other,Max Christiansen,2021-2022,Other,1.0,Ishak Belfodil,2021-2022,Other,1.0,Marco Sportiello,2021-2022,Unknown,1.0,Marco Silvestri,2021-2022,Other,1.0,Youcef Atal,2021-2022,Other,1.0
David Alaba,2021-2022,0,Unknown,Frenkie de Jong,2021-2022,Unknown,1.0,Xherdan Shaqiri,2021-2022,Unknown,1.0,Dan-Axel Zagadou,2021-2022,Unknown,1.0,Jude Bellingham,2021-2022,Unknown,1.0,Mário Rui,2021-2022,Unknown,1.0
Sofiane Alakouch,2021-2022,0,Other,Jovane Cabral,2021-2022,Forward,1.0,Nassim Chadli,2021-2022,Other,1.0,Oussama Idrissi,2021-2022,Other,1.0,Luis Palma,2025-2026,Unknown,1.0,Mouhamadou Diarra,2021-2022,Other,1.0
Tomás Alarcón,2021-2022,0,Other,Toni Moya,2021-2022,Other,1.0,Edimilson Fernandes,2021-2022,Unknown,1.0,Robin Olsen,2021-2022,Unknown,1.0,Jere Uronen,2021-2022,Other,1.0,Angus Gunn,2021-2022,Other,1.0
Lucas Alario,2021-2022,0,Other,Marko Dmitrovi?,2021-2022,Other,1.0,Daniel Bachmann,2021-2022,Other,1.0,Opa Nguette,2021-2022,Other,1.0,Tomás Pina Isla,2021-2022,Other,1.0,Ignatius Ganago,2021-2022,Other,1.0
Josué Albert,2021-2022,0,Other,Oleksandr Zinchenko,2025-2026,Unknown,1.0,Casper Nielsen,2025-2026,Other,1.0,Chiellini,2021-2022,Defender,1.0,Michel Aebischer,2025-2026,Other,1.0,Hannibal Mejbri,2021-2022,Other,1.0
Luis Alberto,2021-2022,0,Unknown,Amadou Haidara,2021-2022,Unknown,1.0,Giovanni Di Lorenzo,2021-2022,Unknown,1.0,Antonio Rüdiger,2021-2022,Unknown,1.0,Phil Foden,2021-2022,Unknown,1.0,Rúben Neves,2021-2022,Unknown,1.0
Raúl Albiol,2021-2022,0,Unknown,Antoine Griezmann,2021-2022,Unknown,1.0,Luke Shaw,2021-2022,Unknown,1.0,Gary Medel,2021-2022,Unknown,1.0,Rodrigo,2021-2022,Unknown,1.0,José María Giménez,2021-2022,Unknown,1.0
Marc Albrighton,2021-2022,0,Unknown,Ander Barrenetxea,2021-2022,Unknown,1.0,Jetro Willems,2021-2022,Unknown,1.0,Keylor Navas,2021-2022,Unknown,1.0,Dimitri Payet,2021-2022,Other,1.0,Péter Gulácsi,2021-2022,Unknown,1.0
Paco Alcácer,2021-2022,0,Unknown,Arkadiusz Milik,2021-2022,Other,1.0,Matt Doherty,2021-2022,Other,1.0,Pablo Maffeo,2021-2022,Other,1.0,Che Adams,2021-2022,Other,1.0,Álex Fernández,2021-2022,Other,1.0
Rubén Alcaraz,2021-2022,0,Other,Luke Thomas,2021-2022,Other,1.0,Juraj Kucka,2021-2022,Other,1.0,Giulian Biancone,2021-2022,Other,1.0,Ben Mee,2021-2022,Other,1.0,Florian Lejeune,2021-2022,Other,1.0
Omar Alderete,2021-2022,0,Other,Iñigo Lekue,2021-2022,Other,1.0,Maxime Estève,2021-2022,Other,1.0,Luca Ranieri,2021-2022,Other,1.0,Tim Krul,2021-2022,Other,1.0,Elvis Rexhbeçaj,2021-2022,Other,1.0
Iván Alejo,2021-2022,0,Other,Arial Mendy,2021-2022,Other,1.0,Eliot Matazo,2021-2022,Other,1.0,Fransérgio,2021-2022,Other,1.0,Danylo Ihnatenko,2021-2022,Other,1.0,Tyler Roberts,2021-2022,Other,1.0
Doðan Alemdar,2021-2022,0,Other,Adam Masina,2021-2022,Other,1.0,Filip ?uri?i?,2021-2022,Other,1.0,Keita Baldé,2021-2022,Other,1.0,Gaetano Castrovilli,2021-2022,Other,1.0,Falaye Sacko,2021-2022,Other,1.0
Carles Aleñá,2021-2022,0,Other,Ben Mee,2021-2022,Other,1.0,Adrien Truffert,2021-2022,Other,1.0,Alberth Elis,2021-2022,Other,1.0,Charlie Taylor,2021-2022,Other,1.0,Giulian Biancone,2021-2022,Other,1.0
Trent Alexander-Arnold,2021-2022,0,Unknown,Sven Botman,2021-2022,Unknown,1.0,Alessio Romagnoli,2021-2022,Unknown,1.0,Theo Hernández,2021-2022,Unknown,1.0,Florian Wirtz,2021-2022,Unknown,1.0,Giovanni Di Lorenzo,2021-2022,Unknown,1.0
Mohamed Ali Cho,2021-2022,0,Other,Riccardo Saponara,2021-2022,Other,1.0,Robin Koch,2021-2022,Other,1.0,Enock Mwepu,2021-2022,Other,1.0,Salomón Rondón,2021-2022,Unknown,1.0,Lorenzo Venuti,2021-2022,Other,1.0
Alisson,2021-2022,0,Other,Pedrosa,2021-2022,Other,1.0,Mauro Arambarri,2021-2022,Other,1.0,Lucas Boyé,2021-2022,Other,1.0,Santi Mina,2021-2022,Other,1.0,Ademola Lookman,2021-2022,Other,1.0
Allan,2021-2022,0,Unknown,Emil Forsberg,2021-2022,Unknown,1.0,Alexandre Lacazette,2021-2022,Unknown,1.0,Pape Matar Sarr,2021-2022,Unknown,1.0,Mamadou Sakho,2021-2022,Unknown,1.0,Julian Draxler,2021-2022,Unknown,1.0
Jim Allevinah,2021-2022,0,Other,Mathias Normann,2021-2022,Other,1.0,Marvin Plattenhardt,2021-2022,Other,1.0,Emil Krafth,2021-2022,Other,1.0,Rey Manaj,2021-2022,Other,1.0,Cárdenas,2021-2022,Other,1.0
Dele Alli,2021-2022,0,Unknown,Baptiste Mouazan,2021-2022,Other,1.0,Mahame Siby,2021-2022,Other,1.0,Vecino,2021-2022,Midfielder,1.0,Dembélé,2021-2022,Unknown,1.0,Loum Tchaouna,2021-2022,Other,1.0
Miguel Almirón,2021-2022,0,Other,Alexander Sørloth,2021-2022,Other,1.0,Adri Embarba,2021-2022,Other,1.0,Ruben Vargas,2021-2022,Other,1.0,James Justin,2021-2022,Other,1.0,Vassilis Lambropoulos,2021-2022,Other,1.0
Giorgio Altare,2021-2022,0,Other,Nathan Redmond,2021-2022,Other,1.0,Yeray Álvarez,2021-2022,Other,1.0,Kristijan Jaki?,2021-2022,Other,1.0,José Luis García Vayá,2021-2022,Other,1.0,Brian Oliván,2021-2022,Other,1.0
Hugo Álvarez,2021-2022,0,Other,Lewis Brunt,2021-2022,Other,1.0,Adam Daghim,2025-2026,Other,1.0,Eljif Elmas,2025-2026,Unknown,1.0,Ansu Fati,2025-2026,Other,1.0,Siemen Voet,2025-2026,Other,1.0
Yeray Álvarez,2021-2022,0,Other,Kristijan Jaki?,2021-2022,Other,1.0,José Luis García Vayá,2021-2022,Other,1.0,Brian Oliván,2021-2022,Other,1.0,Nathan Redmond,2021-2022,Other,1.0,Giorgio Altare,2021-2022,Other,1.0
Dani Alves,2021-2022,0,Unknown,Leandro Paredes,2021-2022,Unknown,0.9998,De Gea,2021-2022,Goalkeeper,0.9997,Faivre,2021-2022,Goalkeeper,0.9989,Arturo Vidal,2021-2022,Unknown,0.9988,David Raya,2025-2026,Unknown,0.9986
Steven Alzate,2021-2022,0,Other,Kelvin Yeboah,2021-2022,Other,1.0,Jason Steele,2021-2022,Other,1.0,Gianluca Pegolo,2021-2022,Other,1.0,Axel Tuanzebe,2021-2022,Other,1.0,Hianga Mananga Mbock,2021-2022,Other,1.0
Ibrahim Amadou,2021-2022,0,Other,Harvey Barnes,2021-2022,Other,1.0,Musa Barrow,2021-2022,Other,1.0,Rico Henry,2021-2022,Other,1.0,Sanjin Prci?,2021-2022,Other,1.0,Germán Pezzella,2021-2022,Other,1.0
Emmanuel Amankwaa Akurugu,2021-2022,0,Other,Paul Dummett,2021-2022,Other,1.0,Nikola Kalini?,2021-2022,Other,1.0,Théo Le Bris,2021-2022,Other,1.0,Víctor Camarasa,2021-2022,Other,1.0,Rúben Vinagre,2021-2022,Defender,1.0
Daniel Amartey,2021-2022,0,Other,Ademola Lookman,2021-2022,Other,1.0,Daniele Verde,2021-2022,Other,1.0,Mauro Arambarri,2021-2022,Other,1.0,Pedrosa,2021-2022,Other,1.0,Alisson,2021-2022,Other,1.0
Amath,2021-2022,0,Other,Tobias Sippel,2021-2022,Other,1.0,Andrey Lunyov,2021-2022,Other,1.0,Deyovaisio Zeefuik,2021-2022,Other,1.0,Loren Morón,2021-2022,Other,1.0,Sardar Azmoun,2021-2022,Other,1.0
Jordan Amavi,2021-2022,0,Other,Lys Mousset,2021-2022,Other,1.0,Gabriel Vidovic,2021-2022,Other,1.0,Samu Castillejo,2021-2022,Other,1.0,Stefan Hierländer,2025-2026,Other,1.0,Moise Kean,2021-2022,Unknown,1.0
Wisdom Amey,2021-2022,0,Other,Alex Král,2021-2022,Other,1.0,Yusuf Demir,2021-2022,Other,1.0,Lucas Calodat,2021-2022,Other,1.0,Sidney Raebiger,2021-2022,Other,1.0,Pietro Pellegri,2021-2022,Other,1.0
Kelvin Amian,2021-2022,0,Other,Angelo Ogbonna,2021-2022,Other,1.0,Joseph Aidoo,2021-2022,Other,1.0,Andrea Pinamonti,2021-2022,Other,1.0,Richarlison,2021-2022,Other,1.0,Séamus Coleman,2021-2022,Other,1.0
Nadiem Amiri,2021-2022,0,Other,Hans Nunoo Sarpei,2021-2022,Other,1.0,Simeon Nwankwo,2021-2022,Other,1.0,Márton Dárdai,2021-2022,Other,1.0,Oier Zarraga,2021-2022,Other,1.0,Mickael Malsa,2021-2022,Other,1.0
Ethan Ampadu,2021-2022,0,Unknown,Alexis Saelemaekers,2021-2022,Unknown,1.0,Ozan Kabak,2021-2022,Unknown,1.0,Moses Simon,2021-2022,Unknown,1.0,Callum Hudson-Odoi,2021-2022,Unknown,1.0,Radosław Majecki,2025-2026,Goalkeeper,1.0
Sofyan Amrabat,2021-2022,0,Other,Dennis Praet,2021-2022,Other,1.0,Édgar Badía,2021-2022,Other,1.0,Yoane Wissa,2021-2022,Other,1.0,Marvin Friedrich,2021-2022,Other,1.0,Mert Günok,2021-2022,Goalkeeper,1.0
Joachim Andersen,2021-2022,0,Other,Jean-Kevin Duverne,2021-2022,Other,1.0,Taiwo Awoniyi,2021-2022,Other,1.0,Jan Oblak,2021-2022,Unknown,1.0,Benoît Badiashile,2021-2022,Other,1.0,Vital N'Simba,2021-2022,Other,1.0
Felipe Anderson,2021-2022,0,Unknown,Nicolás González,2021-2022,Unknown,1.0,Teun Koopmeiners,2021-2022,Unknown,1.0,Kevin Kampl,2021-2022,Unknown,1.0,Victor Osimhen,2021-2022,Unknown,1.0,Nicolò Barella,2021-2022,Unknown,1.0
Sebastian Andersson,2021-2022,0,Other,Etienne Green,2021-2022,Other,1.0,Janik Haberer,2021-2022,Other,1.0,Riccardo Marchizza,2021-2022,Other,1.0,Philipp Förster,2021-2022,Other,1.0,Christian Benteke,2021-2022,Other,1.0
Florin Andone,2021-2022,0,Other,Tony Springett,2021-2022,Other,1.0,Yegor Prutsev,2025-2026,Other,1.0,Martin Adeline,2021-2022,Other,1.0,Piątkowski,2021-2022,Defender,1.0,Kevin Stöger,2021-2022,Other,1.0
Andrés Andrade Cedeño,2021-2022,0,Other,Cristian Molinaro,2021-2022,Other,1.0,Wajdi Kechrida,2021-2022,Other,1.0,Frederik Rønnow,2021-2022,Other,1.0,Patrick Bamford,2021-2022,Other,1.0,Jakob Sørensen,2021-2022,Other,1.0
Fredrik André Bjørkan,2021-2022,0,Other,Toni Lato,2021-2022,Other,1.0,Ryan Fredericks,2021-2022,Other,1.0,Adam Obert,2021-2022,Other,1.0,Karim Azamoum,2021-2022,Other,1.0,Erik Thommy,2021-2022,Other,1.0
Benjamin André,2021-2022,0,Unknown,Nico Schlotterbeck,2021-2022,Unknown,1.0,Niklas Süle,2021-2022,Unknown,1.0,Thomas Partey,2021-2022,Unknown,1.0,Lucas Hernández,2021-2022,Unknown,1.0,Federico Dimarco,2021-2022,Unknown,1.0
Robert Andrich,2021-2022,0,Other,Piotr Zieli?ski,2021-2022,Other,1.0,Michael Keane,2021-2022,Other,1.0,Saïd Benrahma,2021-2022,Other,1.0,Ethan Pinnock,2021-2022,Other,1.0,Igor,2021-2022,Other,1.0
José Ángel,2021-2022,0,Other,Gideon Mensah,2021-2022,Other,1.0,Paul Bernardoni,2021-2022,Other,1.0,Fali,2021-2022,Other,1.0,Randy Ntekja,2021-2022,Other,1.0,Marc-André ter Stegen,2025-2026,Unknown,1.0
Cristian Ansaldi,2021-2022,0,Other,Luca Gemello,2021-2022,Other,1.0,Daniel Bessa,2021-2022,Other,1.0,Lennart Grill,2021-2022,Other,1.0,Freddie Veseli,2021-2022,Other,1.0,Andrea Masiello,2021-2022,Other,1.0
Janis Antiste,2021-2022,0,Other,Finn Dahmen,2021-2022,Other,1.0,Tyler Roberts,2021-2022,Other,1.0,Mathew Ryan,2021-2022,Other,1.0,Danylo Ihnatenko,2021-2022,Other,1.0,Eliot Matazo,2021-2022,Other,1.0
Waldemar Anton,2021-2022,0,Unknown,Martin Ødegaard,2021-2022,Unknown,1.0,Xherdan Shaqiri,2021-2022,Unknown,1.0,Ousmane Dembélé,2021-2022,Unknown,1.0,Frenkie de Jong,2021-2022,Unknown,1.0,David Alaba,2021-2022,Unknown,1.0
Josep Antoni Gayá,2021-2022,0,Other,Yannick Gerhardt,2021-2022,Other,1.0,Cole Palmer,2021-2022,Other,1.0,Vincent Vermeij,2021-2022,Other,1.0,Alan Virginius,2025-2026,Other,1.0,Kanga,2021-2022,Forward,1.0
Michail Antonio,2021-2022,0,Other,Simone Romagnoli,2021-2022,Other,1.0,Ivan Toney,2021-2022,Other,1.0,Jean-Charles Castelletto,2021-2022,Other,1.0,Giacomo Bonaventura,2021-2022,Other,1.0,Víctor Laguardia,2021-2022,Other,1.0
Christopher Antwi-Adjei,2021-2022,0,Other,Wladimiro Falcone,2021-2022,Other,1.0,Jens Stryger Larsen,2021-2022,Other,1.0,Jonjoe Kenny,2021-2022,Other,1.0,Eldor Shomurodov,2021-2022,Other,1.0,Dimitry Bertaud,2021-2022,Other,1.0
Houssem Aouar,2021-2022,0,Unknown,Julian Brandt,2021-2022,Unknown,1.0,Benjamin Pavard,2021-2022,Unknown,1.0,Cristiano Ronaldo,2021-2022,Unknown,1.0,Pedro,2021-2022,Unknown,1.0,Hamari Traoré,2021-2022,Unknown,1.0
Adil Aouchiche,2021-2022,0,Other,Falaye Sacko,2021-2022,Other,1.0,Gaetano Castrovilli,2021-2022,Other,1.0,Keita Baldé,2021-2022,Other,1.0,Filip ?uri?i?,2021-2022,Other,1.0,Adam Masina,2021-2022,Other,1.0
Dennis Appiah,2021-2022,0,Other,Nehuén Pérez,2021-2022,Other,1.0,Álex Collado,2021-2022,Other,1.0,Benoît Costil,2021-2022,Other,1.0,Kelechi Iheanacho,2021-2022,Other,1.0,Domingos Duarte,2021-2022,Other,1.0
Mauro Arambarri,2021-2022,0,Other,Pedrosa,2021-2022,Other,1.0,Alisson,2021-2022,Other,1.0,Ademola Lookman,2021-2022,Other,1.0,Daniel Amartey,2021-2022,Other,1.0,Daniele Verde,2021-2022,Other,1.0
Mattia Aramu,2021-2022,0,Other,Dimitri Liénard,2021-2022,Other,1.0,Rubén Duarte,2021-2022,Other,1.0,David Okereke,2021-2022,Other,1.0,Vladimír Darida,2021-2022,Other,1.0,Florian Grillitsch,2021-2022,Other,1.0
Charles Aránguiz,2021-2022,0,Unknown,Axel Witsel,2021-2022,Unknown,1.0,César Azpilicueta,2021-2022,Unknown,1.0,Henrikh Mkhitaryan,2021-2022,Unknown,1.0,Conor Gallagher,2021-2022,Unknown,1.0,Florian Neuhaus,2021-2022,Unknown,1.0
Néstor Araujo,2021-2022,0,Other,Andrea Consigli,2021-2022,Other,1.0,Esteves,2021-2022,Defender,1.0,Guglielmo Vicario,2021-2022,Other,1.0,Ismaila Sarr,2021-2022,Other,1.0,Jason Berthomier,2021-2022,Other,1.0
Alphonse Areola,2021-2022,0,Unknown,Fabien Lemoine,2021-2022,Other,1.0,Calvin Stengs,2021-2022,Other,1.0,Dominique Heintz,2021-2022,Other,1.0,Sam Byram,2021-2022,Other,1.0,Nicolas Pépé,2021-2022,Other,1.0
Jesús Areso,2021-2022,0,Other,Sven Michel,2021-2022,Other,1.0,Oghenekaro Etebo,2021-2022,Other,1.0,Raúl,2021-2022,Unknown,1.0,Matthis Abline,2021-2022,Other,1.0,Hamza Choudhury,2021-2022,Other,1.0
Matias Arezo,2021-2022,0,Other,Davide Marfella,2021-2022,Other,1.0,Hannes Wolf,2021-2022,Other,1.0,Marco Brescianini,2025-2026,Midfielder,1.0,Jesús Santiago,2021-2022,Other,1.0,Brobbey,2021-2022,Forward,1.0
Santiago Arias,2021-2022,0,Unknown,Reece Oxford,2021-2022,Other,1.0,Ryad Boudebouz,2021-2022,Other,1.0,Grant Hanley,2021-2022,Other,1.0,Santi Comesaña,2021-2022,Other,1.0,Adrien Tameze,2021-2022,Other,1.0
Adam Armstrong,2021-2022,0,Other,Lucas Pérez,2021-2022,Other,1.0,Dominik Kohr,2021-2022,Other,1.0,Ibrahima Niane,2021-2022,Other,1.0,Marko Pjaca,2021-2022,Other,1.0,Federico Di Francesco,2021-2022,Other,1.0
Stuart Armstrong,2021-2022,0,Other,Michael Gregoritsch,2021-2022,Other,1.0,Jack Cork,2021-2022,Other,1.0,Boubacar Traoré,2021-2022,Other,1.0,Jodel Dossou,2021-2022,Other,1.0,Eduard Löwen,2021-2022,Other,1.0
Marko Arnautovi?,2021-2022,0,Other,Silvan Widmer,2021-2022,Other,1.0,Andrew Omobamidele,2021-2022,Other,1.0,Salvatore Sirigu,2021-2022,Unknown,1.0,Romain Thomas,2021-2022,Other,1.0,Romain Saïss,2021-2022,Other,1.0
Maximilian Arnold,2021-2022,0,Unknown,David Silva,2021-2022,Unknown,1.0,Jerdy Schouten,2021-2022,Unknown,1.0,Brais Méndez,2021-2022,Unknown,1.0,Nicolò Barella,2021-2022,Unknown,1.0,João Moutinho,2021-2022,Unknown,1.0
Kepa Arrizabalaga,2021-2022,0,Unknown,Jonas Martin,2021-2022,Other,1.0,Marco Meyerhöfer,2021-2022,Other,1.0,Alexander Hack,2021-2022,Other,1.0,Kyle Walker-Peters,2021-2022,Other,1.0,Mario Lemina,2021-2022,Other,1.0
Tolgay Arslan,2021-2022,0,Unknown,Franck Honorat,2021-2022,Other,1.0,Iago Aspas,2021-2022,Other,1.0,Fabien Centonze,2021-2022,Other,1.0,Maxi Gómez,2021-2022,Unknown,1.0,Sergio Escudero,2021-2022,Unknown,1.0
Santiago Arzamendia,2021-2022,0,Other,Yayah Kallon,2021-2022,Other,1.0,Pawe? Jaroszy?ski,2021-2022,Other,1.0,Abdessamad Ezzalzouli,2021-2022,Other,1.0,Ozan Tufan,2021-2022,Other,1.0,Joan García,2021-2022,Other,1.0
Takuma Asano,2021-2022,0,Other,Matías Viña,2021-2022,Other,1.0,Dion Lopy,2021-2022,Other,1.0,Helibelton Palacios,2021-2022,Other,1.0,Miguel,2021-2022,Unknown,1.0,Jean-Louis Leca,2021-2022,Other,1.0
Santiago Ascacíbar,2021-2022,0,Other,Thomas Monconduit,2021-2022,Other,1.0,Arnaut Groeneveld,2021-2022,Other,1.0,Yeremi Pino,2021-2022,Other,1.0,Craig Dawson,2021-2022,Other,1.0,Stian Rode Gregersen,2021-2022,Other,1.0
Sergio Asenjo,2021-2022,0,Other,Luca Zidane,2021-2022,Other,1.0,Filippo Melegoni,2021-2022,Other,1.0,Philipp Klement,2021-2022,Other,1.0,Andreas Voglsammer,2021-2022,Other,1.0,Davie Selke,2021-2022,Other,1.0
Kristoffer Askildsen,2021-2022,0,Other,Philippe Koffi,2021-2022,Other,1.0,Eddie Salcedo,2021-2022,Other,1.0,Yusuf Yazýcý,2021-2022,Other,1.0,Joan García,2021-2022,Other,1.0,Mario Hernández,2021-2022,Other,1.0
Kristjan Asllani,2021-2022,0,Unknown,Lucas Paquetá,2021-2022,Other,1.0,Fabián Ruiz Peña,2021-2022,Other,1.0,Marius Wolf,2021-2022,Unknown,1.0,Lukas Klostermann,2021-2022,Unknown,1.0,Daichi Kamada,2021-2022,Unknown,1.0
Iago Aspas,2021-2022,0,Other,Fabien Centonze,2021-2022,Other,1.0,Tolgay Arslan,2021-2022,Unknown,1.0,Maxi Gómez,2021-2022,Unknown,1.0,Franck Honorat,2021-2022,Other,1.0,Ismaël Traoré,2021-2022,Other,1.0
Lorenz Assignon,2021-2022,0,Other,Abdel Jalil Medioub,2021-2022,Other,1.0,Freddie Woodman,2021-2022,Other,1.0,Cedric Gondo,2021-2022,Other,1.0,Manu Vallejo,2021-2022,Other,1.0,Lukas Rupp,2021-2022,Other,1.0
Simon Asta,2021-2022,0,Other,Stefan Bajic,2021-2022,Other,1.0,Tonny Vilhena,2021-2022,Other,1.0,Sebastian Rudy,2021-2022,Other,1.0,Hélder Costa,2021-2022,Other,1.0,Louis Schaub,2021-2022,Other,1.0
Youcef Atal,2021-2022,0,Other,Marco Sportiello,2021-2022,Unknown,1.0,Kevin Akpoguma,2021-2022,Other,1.0,Unai Simón,2021-2022,Other,1.0,Max Christiansen,2021-2022,Other,1.0,Ishak Belfodil,2021-2022,Other,1.0
Pierre-Emerick Aubameyang,2021-2022,0,Unknown,Serge Gnabry,2021-2022,Unknown,1.0,Christian Eriksen,2021-2022,Unknown,1.0,Mohamed Salah,2021-2022,Unknown,1.0,Reinildo Mandava,2021-2022,Unknown,1.0,Jürgen Locadia,2021-2022,Unknown,0.9999
Emil Audero,2021-2022,0,Other,Lorenzo Montipò,2021-2022,Other,1.0,Kike,2021-2022,Other,1.0,Cédric Brunner,2021-2022,Other,1.0,Jordan Pickford,2021-2022,Other,1.0,Luís Maximiano,2021-2022,Other,1.0
Tommaso Augello,2021-2022,0,Other,Djené,2021-2022,Other,1.0,Ben Gibson,2021-2022,Other,1.0,Martin Valjent,2021-2022,Other,1.0,Enzo Le Fée,2021-2022,Other,1.0,Joel Ward,2021-2022,Other,1.0
Jean-Kévin Augustin,2021-2022,0,Other,András Schäfer,2021-2022,Other,1.0,Lewis Ferguson,2025-2026,Unknown,1.0,Ernesto Torregrossa,2021-2022,Other,1.0,Mathys Saban,2021-2022,Other,1.0,Yýldýrým Mert Çetin,2021-2022,Other,1.0
Sèrge Aurier,2021-2022,0,Unknown,Juanmi,2021-2022,Other,1.0,Andrés Guardado,2021-2022,Unknown,1.0,Sebastian Rode,2021-2022,Unknown,1.0,Matej Kovar,2025-2026,Unknown,1.0,Gabriel Gudmundsson,2021-2022,Unknown,1.0
Ezequiel Ávila,2021-2022,0,Other,Oualid El Hajjam,2021-2022,Other,1.0,Adrien Silva,2021-2022,Other,1.0,Tariq Lamptey,2021-2022,Other,1.0,Ibrahima Koné,2021-2022,Other,1.0,Vid Belec,2021-2022,Other,1.0
Taiwo Awoniyi,2021-2022,0,Other,Benoît Badiashile,2021-2022,Other,1.0,Vital N'Simba,2021-2022,Other,1.0,Alex Meret,2021-2022,Unknown,1.0,David Soria,2021-2022,Unknown,1.0,Leandro Cabrera,2021-2022,Other,1.0
Ramzi Aya,2021-2022,0,Other,Silvère Ganvoula M'Boussy,2021-2022,Other,1.0,Gonzalo Villar,2021-2022,Other,1.0,Umut Tohumcu,2021-2022,Other,1.0,Jaden Philogene Bidace,2021-2022,Other,1.0,Moussa Djenepo,2021-2022,Other,1.0
Jordan Ayew,2021-2022,0,Other,Rober,2021-2022,Other,1.0,Joshua King,2021-2022,Other,1.0,Matt Targett,2021-2022,Other,1.0,Anthony Gordon,2021-2022,Other,1.0,João Virginia,2021-2022,Goalkeeper,1.0
Kaan Ayhan,2021-2022,0,Unknown,Cengiz Ünder,2021-2022,Unknown,1.0,Joël Veltman,2021-2022,Unknown,1.0,Jeremie Frimpong,2021-2022,Unknown,1.0,Radamel Falcao,2021-2022,Unknown,1.0,Junior Messias,2021-2022,Unknown,1.0
Luke Ayling,2021-2022,0,Other,Çaðlar Söyüncü,2021-2022,Other,1.0,Tyler Adams,2021-2022,Unknown,1.0,Andrej Kramari?,2021-2022,Other,1.0,Léo Jardim,2021-2022,Unknown,1.0,M. Kerzhakov,2021-2022,Goalkeeper,1.0
Karim Azamoum,2021-2022,0,Other,Daniel James,2021-2022,Other,1.0,Ryan Fredericks,2021-2022,Other,1.0,Raúl Moro,2021-2022,Other,1.0,Thomas Fontaine,2021-2022,Other,1.0,Josh Dasilva,2021-2022,Other,1.0
Sardar Azmoun,2021-2022,0,Other,Loren Morón,2021-2022,Other,1.0,Andrey Lunyov,2021-2022,Other,1.0,Tobias Sippel,2021-2022,Other,1.0,Nicholas Gioacchini,2021-2022,Other,1.0,Hamadi Al Ghaddioui,2021-2022,Other,1.0
César Azpilicueta,2021-2022,0,Unknown,Henrikh Mkhitaryan,2021-2022,Unknown,1.0,Charles Aránguiz,2021-2022,Unknown,1.0,Axel Witsel,2021-2022,Unknown,1.0,Conor Gallagher,2021-2022,Unknown,1.0,Kyle Walker,2021-2022,Unknown,1.0
Iddrisu Baba,2021-2022,0,Other,Neal Maupay,2021-2022,Other,1.0,Chris Richards,2021-2022,Other,1.0,Nedim Bajrami,2021-2022,Other,1.0,Bram Nuytinck,2021-2022,Other,1.0,Édgar González,2021-2022,Other,1.0
Carlos Bacca,2021-2022,0,Other,Marcus Ingvartsen,2021-2022,Other,1.0,Jon Pacheco,2021-2022,Other,1.0,Augusto Solari,2021-2022,Other,1.0,Amadou Mbengue,2021-2022,Other,1.0,Nikolas Nartey,2021-2022,Other,1.0
Daniel Bachmann,2021-2022,0,Other,Marko Dmitrovi?,2021-2022,Other,1.0,Pathé Ciss,2021-2022,Other,1.0,Lucas Alario,2021-2022,Other,1.0,Manolo Portanova,2021-2022,Other,1.0,Jessic Ngankam,2021-2022,Other,1.0
Loïc Bade,2021-2022,0,Other,Aridane Hernández,2021-2022,Other,1.0,Matt Ritchie,2021-2022,Other,1.0,Erhan Maovi?,2021-2022,Other,1.0,Nikola Maksimovi?,2021-2022,Other,1.0,Jonathan Ikone,2021-2022,Other,1.0
Milan Badelj,2021-2022,0,Other,Jonathan Gradit,2021-2022,Other,1.0,Emmanuel Gyasi,2021-2022,Other,1.0,Armand Lauriente,2021-2022,Other,1.0,Gonzalo Melero,2021-2022,Other,1.0,Jonas Hector,2021-2022,Other,1.0
Édgar Badía,2021-2022,0,Other,Sofyan Amrabat,2021-2022,Other,1.0,Dennis Praet,2021-2022,Other,1.0,Yoane Wissa,2021-2022,Other,1.0,Mert Günok,2021-2022,Goalkeeper,1.0,Marvin Friedrich,2021-2022,Other,1.0
Benoît Badiashile,2021-2022,0,Other,Taiwo Awoniyi,2021-2022,Other,1.0,Vital N'Simba,2021-2022,Other,1.0,Alex Meret,2021-2022,Unknown,1.0,David Soria,2021-2022,Unknown,1.0,Leandro Cabrera,2021-2022,Other,1.0
Youssouph Badji,2021-2022,0,Other,Marin Jakoli,2021-2022,Other,1.0,Robert Tesche,2021-2022,Other,1.0,Romario Rösch,2021-2022,Other,1.0,Dimitrios Keramitsis,2021-2022,Other,1.0,Immanuel Pherai,2021-2022,Other,1.0
Miguel Baeza,2021-2022,0,Other,Riccardo Calafiori,2021-2022,Other,1.0,Cody Drameh,2021-2022,Other,1.0,Jens Odgaard,2025-2026,Other,1.0,Abdourahmane Barry,2021-2022,Other,1.0,Jarzinho Malanga,2025-2026,Other,1.0
Nicola Bagnolini,2021-2022,0,Other,Kevin Stöger,2021-2022,Other,1.0,Piątkowski,2021-2022,Defender,1.0,Philippe Sandler,2021-2022,Other,1.0,Florin Andone,2021-2022,Other,1.0,Tony Springett,2021-2022,Other,1.0
Stéphane Bahoken,2021-2022,0,Other,Francisco Sierralta,2021-2022,Other,1.0,Timo Horn,2021-2022,Other,1.0,Jarrad Branthwaite,2021-2022,Other,1.0,James Tomkins,2021-2022,Other,1.0,Albert Sambi Lokonga,2021-2022,Other,1.0
Leon Bailey,2021-2022,0,Unknown,Arnaud Souquet,2021-2022,Other,1.0,Wylan Cyprien,2021-2022,Other,1.0,Wojciech Szcz?sny,2021-2022,Other,1.0,Marco Bizot,2021-2022,Other,1.0,Maximilian Eggestein,2021-2022,Other,1.0
Eric Bailly,2021-2022,0,Unknown,Lenny Lacroix,2021-2022,Other,1.0,Mark Noble,2021-2022,Other,1.0,Silas Katompa,2021-2022,Other,1.0,Léo Leroy,2021-2022,Other,1.0,Vitolo,2021-2022,Unknown,1.0
Dénys Bain,2021-2022,0,Other,Hernani,2021-2022,Other,1.0,Mattia Perin,2021-2022,Other,1.0,Ionu? Radu,2021-2022,Other,1.0,Adam Idah,2021-2022,Other,1.0,Jordan Torunarigha,2021-2022,Other,1.0
Stefan Bajic,2021-2022,0,Other,Simon Asta,2021-2022,Other,1.0,Sebastian Rudy,2021-2022,Other,1.0,Tonny Vilhena,2021-2022,Other,1.0,Louis Schaub,2021-2022,Other,1.0,Maranhão,2021-2022,Other,1.0
Nedim Bajrami,2021-2022,0,Other,Chris Richards,2021-2022,Other,1.0,Neal Maupay,2021-2022,Other,1.0,Édgar González,2021-2022,Other,1.0,Iddrisu Baba,2021-2022,Other,1.0,Rubén García,2021-2022,Other,1.0
Cédric Bakambu,2021-2022,0,Other,Jonathan Schmid,2021-2022,Other,1.0,Eiji Kawashima,2021-2022,Other,1.0,Ambroise Oyongo,2021-2022,Other,1.0,Edon Zhegrova,2021-2022,Other,1.0,Wu Lei,2021-2022,Other,1.0
Abdoulaye Bakayoko,2021-2022,0,Other,Mikkel Damsgaard,2021-2022,Other,1.0,Morgan Schneiderlin,2021-2022,Other,1.0,Nathan de Medina,2021-2022,Other,1.0,Bertrand Traoré,2021-2022,Unknown,1.0,Giovanni González,2021-2022,Other,1.0
Tiemoué Bakayoko,2021-2022,0,Unknown,Philipp Pentke,2021-2022,Other,1.0,Matteo Ruggeri,2021-2022,Other,1.0,Sinaly Diomande,2021-2022,Other,1.0,Dominik Greif,2021-2022,Other,1.0,Stefanos Kapino,2021-2022,Other,1.0
Mitchel Bakker,2021-2022,0,Unknown,Danilo Cataldi,2021-2022,Unknown,1.0,Rick Karsdorp,2021-2022,Unknown,1.0,Shkodran Mustafi,2021-2022,Unknown,1.0,Pascal Groß,2021-2022,Unknown,1.0,Steven Bergwijn,2021-2022,Unknown,1.0
Dilane Bakwa,2021-2022,0,Other,Ermal Krasniqi,2025-2026,Other,1.0,Noah Okafor,2025-2026,Unknown,1.0,Ethan Nwaneri,2025-2026,Unknown,1.0,Yadaly Diaby,2021-2022,Other,1.0,Youssoufa Moukoko,2021-2022,Other,1.0
Tommaso Baldanzi,2021-2022,0,Other,Nicolas Viola,2021-2022,Other,1.0,Clinton Mola,2021-2022,Other,1.0,Paul Nebel,2021-2022,Other,1.0,Lukáš Pauschek,2025-2026,Other,1.0,Nico O’Reilly,2025-2026,Unknown,1.0
Ibrahima Baldé,2021-2022,0,Other,Francesco Di Mariano,2021-2022,Other,1.0,Lion Semi?,2021-2022,Other,1.0,Noah Guede-Nadje,2021-2022,Other,1.0,Borja Mayoral,2021-2022,Other,1.0,Carson,2021-2022,Goalkeeper,1.0
Keita Baldé,2021-2022,0,Other,Gaetano Castrovilli,2021-2022,Other,1.0,Falaye Sacko,2021-2022,Other,1.0,Adil Aouchiche,2021-2022,Other,1.0,Filip ?uri?i?,2021-2022,Other,1.0,Adam Masina,2021-2022,Other,1.0
Gareth Bale,2021-2022,0,Unknown,?ukasz Skorupski,2025-2026,Other,1.0,Mario Lemina,2021-2022,Other,1.0,Kyle Walker-Peters,2021-2022,Other,1.0,Fidel,2021-2022,Other,1.0,Kevin Vogt,2021-2022,Other,1.0
Mikel Balenziaga,2021-2022,0,Other,Ben Godfrey,2021-2022,Other,1.0,Alberto Grassi,2021-2022,Other,1.0,Elif Elmas,2021-2022,Other,1.0,Jonas Omlin,2021-2022,Other,1.0,Thomas Henry,2021-2022,Other,1.0
Leonardo Balerdi,2021-2022,0,Other,Jean-Eudes Aholou,2021-2022,Other,1.0,Nico Ribaudo,2021-2022,Other,1.0,Paul Lasne,2021-2022,Other,1.0,Marcel Lotka,2021-2022,Other,1.0,Lebo Mothiba,2021-2022,Other,1.0
Iván Balliu,2021-2022,0,Other,Jon Moncayola,2021-2022,Other,1.0,Dylan Bronn,2021-2022,Other,1.0,Josh Brownhill,2021-2022,Other,1.0,Ricardo Mangas,2021-2022,Other,1.0,Luan Peres Petroni,2021-2022,Other,1.0
Fodé Ballo-Touré,2021-2022,0,Other,Cheikh Tidiane Sabaly,2021-2022,Other,1.0,Josema,2021-2022,Other,1.0,Naïs Djouahra,2021-2022,Other,1.0,Moustapha Mbow,2021-2022,Other,1.0,Felipe Caicedo,2021-2022,Other,1.0
Folarin Balogun,2021-2022,0,Other,Valon Berisha,2021-2022,Other,1.0,Erick Pulgar,2021-2022,Other,1.0,Renaud Emond,2021-2022,Other,1.0,Warren Tchimbembé,2021-2022,Other,1.0,László Bénes,2021-2022,Other,1.0
Abdoulaye Bamba,2021-2022,0,Other,Daniel Brosinski,2021-2022,Other,1.0,Maximilian Ullmann,2021-2022,Other,1.0,Chapela,2021-2022,Other,1.0,Jon Guridi,2021-2022,Other,1.0,Luka Jovi?,2021-2022,Other,1.0
Jonathan Bamba,2021-2022,0,Unknown,Kasper Dolberg,2021-2022,Unknown,1.0,Nicolò Zaniolo,2021-2022,Unknown,1.0,Alex Oxlade-Chamberlain,2021-2022,Unknown,1.0,Marcelo Brozovi?,2021-2022,Other,1.0,Callum Hudson-Odoi,2021-2022,Unknown,1.0
Patrick Bamford,2021-2022,0,Other,Frederik Rønnow,2021-2022,Other,1.0,Wajdi Kechrida,2021-2022,Other,1.0,Kike Barja,2021-2022,Other,1.0,Fernando Niño,2021-2022,Other,1.0,Alessandro Buongiorno,2021-2022,Other,1.0
Filippo Bandinelli,2021-2022,0,Other,Joaquín,2021-2022,Unknown,1.0,Harold Moukoudi,2021-2022,Other,1.0,Jaume Costa,2021-2022,Other,1.0,Solly March,2021-2022,Other,1.0,Domingos Duarte,2021-2022,Other,1.0
Mattia Bani,2021-2022,0,Other,Leonardo Pavoletti,2021-2022,Other,1.0,Jay Rodriguez,2021-2022,Other,1.0,Didier Lamkel Zé,2021-2022,Other,1.0,Simon Kjær,2021-2022,Other,1.0,Krzysztof Pi?tek,2021-2022,Other,1.0
Simon Banza,2021-2022,0,Other,Yáser Asprilla,2025-2026,Unknown,1.0,Mambimbi,2021-2022,Forward,1.0,Ricard Puig,2021-2022,Midfielder,1.0,Kacper Urbanski,2025-2026,Other,0.9999,Iván Romero,2021-2022,Forward,0.9999
Shandon Baptiste,2021-2022,0,Other,Thiago Galhardo,2021-2022,Other,1.0,Nicola Murru,2021-2022,Other,1.0,Nemanja Gudelj,2021-2022,Other,1.0,Etrit Berisha,2021-2022,Other,1.0,Eldor Shomurodov,2021-2022,Other,1.0
Antonín Barák,2021-2022,0,Other,Sergio Canales,2021-2022,Other,1.0,Fabio,2021-2022,Unknown,1.0,Hakan Çalhanoðlu,2021-2022,Other,1.0,David Ospina,2021-2022,Unknown,1.0,Édouard Mendy,2021-2022,Unknown,1.0
Danilo Barbosa,2021-2022,0,Other,Adama Traoré,2021-2022,Other,1.0,Fredrik Jensen,2021-2022,Other,1.0,Bilal Brahimi,2021-2022,Other,1.0,Hassane Kamara,2021-2022,Other,1.0,Marko Ilić,2025-2026,Other,1.0
Barcia,2021-2022,0,Other,Shkurin,2021-2022,Forward,1.0,Javi López,2021-2022,Other,1.0,Aimen Moueffek,2021-2022,Other,1.0,Mario Hernández,2021-2022,Other,1.0,Jan Morávek,2021-2022,Other,1.0
Bradley Barcola,2021-2022,0,Unknown,Juan Pérez,2021-2022,Other,1.0,Javier Díaz,2021-2022,Other,1.0,Hianga Mananga Mbock,2021-2022,Other,1.0,Axel Tuanzebe,2021-2022,Other,1.0,Luis Abram,2021-2022,Other,1.0
Melvin Bard,2021-2022,0,Other,Moussa Niakhate,2021-2022,Other,1.0,Maxime Gonalons,2021-2022,Unknown,1.0,Ýlkay Gündoðan,2021-2022,Other,1.0,Lucas Moura,2021-2022,Unknown,1.0,Gerson,2021-2022,Other,1.0
Enis Bardhi,2021-2022,0,Other,Esteban Saveljich,2021-2022,Other,1.0,Alexander Schwolow,2021-2022,Other,1.0,Franco Russo,2021-2022,Other,1.0,Mamadou Coulibaly,2021-2022,Other,1.0,Carlos Akapo,2021-2022,Other,1.0
Francesco Bardi,2021-2022,0,Other,Eberechi Eze,2021-2022,Other,1.0,Marcin Bu?ka,2021-2022,Other,1.0,Njego Petrovi?,2021-2022,Other,1.0,Tom Lacoux,2021-2022,Other,1.0,Gerson Rodrigues,2021-2022,Other,1.0
Keidi Bare,2021-2022,0,Other,Rey Manaj,2021-2022,Other,1.0,Emil Krafth,2021-2022,Other,1.0,Ondrej Duda,2021-2022,Other,1.0,Jérémy Le Douaron,2021-2022,Other,1.0,Stevan Joveti?,2021-2022,Other,1.0
Nicolò Barella,2021-2022,0,Unknown,Victor Osimhen,2021-2022,Unknown,1.0,Kevin Kampl,2021-2022,Unknown,1.0,Jerdy Schouten,2021-2022,Unknown,1.0,David Silva,2021-2022,Unknown,1.0,Maximilian Arnold,2021-2022,Unknown,1.0
Kike Barja,2021-2022,0,Other,Fernando Niño,2021-2022,Other,1.0,Alessandro Buongiorno,2021-2022,Other,1.0,Patrick Bamford,2021-2022,Other,1.0,Frederik Rønnow,2021-2022,Other,1.0,Wajdi Kechrida,2021-2022,Other,1.0
Aymen Barkok,2021-2022,0,Other,Assan Ouedraogo,2025-2026,Unknown,1.0,Kévin Malcuit,2021-2022,Other,1.0,Samuel Mráz,2021-2022,Other,1.0,Corentin Jean,2021-2022,Other,1.0,Rúben Vinagre,2021-2022,Defender,1.0
Ashley Barnes,2021-2022,0,Other,Álex Cantero,2021-2022,Other,1.0,Martin Hongla,2021-2022,Other,1.0,Kevin Long,2021-2022,Other,1.0,Pablo Martínez,2021-2022,Other,1.0,Jakub Jankto,2021-2022,Other,1.0
Harvey Barnes,2021-2022,0,Other,Musa Barrow,2021-2022,Other,1.0,Ibrahim Amadou,2021-2022,Other,1.0,Rico Henry,2021-2022,Other,1.0,Sanjin Prci?,2021-2022,Other,1.0,Germán Pezzella,2021-2022,Other,1.0
Antonio Barragán,2021-2022,0,Unknown,Arkadiusz Milik,2021-2022,Other,1.0,Paco Alcácer,2021-2022,Unknown,1.0,Matt Doherty,2021-2022,Other,1.0,Pablo Maffeo,2021-2022,Other,1.0,Calum Chambers,2021-2022,Other,1.0
Leandro Barreiro Martins,2021-2022,0,Other,Diego Rico,2021-2022,Other,1.0,Lucas Douath,2021-2022,Other,1.0,Rubén Sobrino,2021-2022,Other,1.0,Juan Cruz Armada,2021-2022,Other,1.0,Milan ?uri?,2021-2022,Other,1.0
Ander Barrenetxea,2021-2022,0,Unknown,Marc Albrighton,2021-2022,Unknown,1.0,Jetro Willems,2021-2022,Unknown,1.0,Keylor Navas,2021-2022,Unknown,1.0,Dimitri Payet,2021-2022,Other,1.0,Péter Gulácsi,2021-2022,Unknown,1.0
Jacob Barrett Laursen,2021-2022,0,Other,Aarón Martín,2021-2022,Other,1.0,Norbert Gyömbér,2021-2022,Other,1.0,Mërgim Vojvoda,2021-2022,Other,1.0,Andrea Cambiaso,2021-2022,Other,1.0,Adama Soumaoro,2021-2022,Other,1.0
Musa Barrow,2021-2022,0,Other,Harvey Barnes,2021-2022,Other,1.0,Ibrahim Amadou,2021-2022,Other,1.0,Rico Henry,2021-2022,Other,1.0,Sanjin Prci?,2021-2022,Other,1.0,Germán Pezzella,2021-2022,Other,1.0
Abdourahmane Barry,2021-2022,0,Other,Jarzinho Malanga,2025-2026,Other,1.0,Samuel Mbangula,2025-2026,Other,1.0,Newertton,2025-2026,Other,1.0,Miguel Baeza,2021-2022,Other,1.0,Alex Sola,2021-2022,Other,1.0
Marc Bartra,2021-2022,0,Unknown,Matty Cash,2021-2022,Unknown,1.0,Stefan de Vrij,2021-2022,Unknown,1.0,Stephan El Shaarawy,2021-2022,Unknown,1.0,Luuk de Jong,2021-2022,Unknown,1.0,Roberto Pereyra,2021-2022,Unknown,1.0
Daniele Baselli,2021-2022,0,Other,Oleksiy Shevchenko,2021-2022,Goalkeeper,1.0,Cristhian Mosquera,2021-2022,Other,1.0,Diego Lainez,2021-2022,Other,1.0,Francesco Rossi,2021-2022,Other,1.0,William Smallbone,2021-2022,Other,1.0
Toma Bai?,2021-2022,0,Other,Saîf-Eddine Khaoui,2021-2022,Other,1.0,Lebo Mothiba,2021-2022,Other,1.0,Guido Carrillo,2021-2022,Other,1.0,Marcel Lotka,2021-2022,Other,1.0,Kieran Dowell,2021-2022,Other,1.0
Amine Bassi,2021-2022,0,Other,Felix Passlack,2021-2022,Other,1.0,Matteo Cancellieri,2021-2022,Other,1.0,Béni Makouana,2021-2022,Other,1.0,Luca Vignali,2021-2022,Other,1.0,Aïssa Mandi,2021-2022,Other,1.0
Álvaro Bastida,2021-2022,0,Other,Ádám Szalai,2021-2022,Other,1.0,Marcos Mauro López Gutiérrez,2021-2022,Other,1.0,Ilija Nestorovski,2021-2022,Other,1.0,Diego Perotti,2021-2022,Unknown,1.0,Alessandro Russo,2021-2022,Other,1.0
Alessandro Bastoni,2021-2022,0,Unknown,Nico Elvedi,2021-2022,Unknown,1.0,Eliaquim Mangala,2021-2022,Unknown,1.0,Gabriel Paulista,2021-2022,Unknown,1.0,Joaquín Correa,2021-2022,Unknown,1.0,Matthias Ginter,2021-2022,Unknown,1.0
Simone Bastoni,2021-2022,0,Other,Andre-Frank Zambo Anguissa,2021-2022,Other,1.0,Enock Kwateng,2021-2022,Other,1.0,Khéphren Thuram-Ulie,2021-2022,Other,1.0,Ghislain Konan,2021-2022,Other,1.0,Thomas Monconduit,2021-2022,Other,1.0
Lewis Bate,2021-2022,0,Other,Gustaf Nilsson,2025-2026,Other,1.0,Evann Guessand,2021-2022,Other,1.0,Jamal Lewis,2021-2022,Other,1.0,Christoph Zimmermann,2021-2022,Other,1.0,Álvaro Jiménez,2021-2022,Other,1.0
Rodrigo Battaglia,2021-2022,0,Other,Pablo Galdames Millán,2021-2022,Other,1.0,Bosko Sutalo,2021-2022,Other,1.0,Neto,2021-2022,Other,1.0,Gabriele Zappa,2021-2022,Other,1.0,Andi Zeqiri,2021-2022,Other,1.0
Maximilian Bauer,2021-2022,0,Other,Dalbert Henrique,2021-2022,Other,1.0,Samuel Moutoussamy,2021-2022,Other,1.0,Tete Morente,2021-2022,Other,1.0,Danilo D'Ambrosio,2021-2022,Other,1.0,Marc-Oliver Kempf,2021-2022,Other,1.0
Oliver Baumann,2021-2022,0,Other,Pietro Terracciano,2021-2022,Other,1.0,Youssouf Fofana,2021-2022,Other,1.0,Rani Khedira,2021-2022,Other,1.0,Pere Milla,2021-2022,Other,1.0,Nathan Collins,2021-2022,Other,1.0
Timo Baumgartl,2021-2022,0,Other,Cédric Hountondji,2021-2022,Other,1.0,Andriy Lunin,2021-2022,Unknown,1.0,Yves Bissouma,2021-2022,Other,1.0,Elba Rashani,2021-2022,Other,1.0,Lucas Höler,2021-2022,Other,1.0
Julian Baumgartlinger,2021-2022,0,Unknown,Krépin Diatta,2025-2026,Unknown,1.0,Julien,2021-2022,Defender,1.0,Anrie Chase,2025-2026,Other,1.0,Bradarić,2021-2022,Defender,1.0,Couhaib Driouech,2025-2026,Unknown,1.0
Christoph Baumgartner,2021-2022,0,Other,Bartosz Bereszy?ski,2021-2022,Other,1.0,Malo Gusto,2021-2022,Other,1.0,Benno Schmitz,2021-2022,Other,1.0,Manuel Sánchez,2021-2022,Other,1.0,Martinelli,2021-2022,Other,1.0
Jon Bautista,2021-2022,0,Other,Spielmann,2021-2022,Midfielder,1.0,Luka Romero,2021-2022,Other,1.0,Lednev,2021-2022,Midfielder,1.0,Sulejmani,2021-2022,Midfielder,1.0,Martin Ødegaard,2025-2026,Unknown,1.0
Mohamed Bayo,2021-2022,0,Other,Mickael Nade,2021-2022,Other,1.0,Angelo Fulgini,2021-2022,Other,1.0,Aritz Elustondo,2021-2022,Other,1.0,Gaëtan Laborde,2021-2022,Other,1.0,Iyenoma Udogie,2021-2022,Other,1.0
Noah Joel Sarenren Bazee,2021-2022,0,Other,Toni Martínez,2021-2022,Forward,1.0,Bakary Sako,2021-2022,Other,1.0,Adam Ounas,2021-2022,Other,1.0,Enzo Crivelli,2021-2022,Other,1.0,Dion Moise Sahi,2021-2022,Other,1.0
Bebé,2021-2022,0,Other,Fede San Emeterio,2021-2022,Other,1.0,Konrad De La Fuente,2021-2022,Other,1.0,Lyanco,2021-2022,Other,1.0,Mitchell van Bergen,2021-2022,Other,1.0,Bryan Lasme,2021-2022,Other,1.0
Ihlas Bebou,2021-2022,0,Other,Morten Thorsby,2021-2022,Other,1.0,Pablo Marí,2021-2022,Other,1.0,Papu Gómez,2021-2022,Other,1.0,Fraser Forster,2021-2022,Unknown,1.0,Yoann Salmier,2021-2022,Other,1.0
Rodrigo Becão,2021-2022,0,Other,Salis Abdul Samed,2021-2022,Other,1.0,Stuart Dallas,2021-2022,Other,1.0,Azor Matusiwa,2021-2022,Other,1.0,Anthony Losilla,2021-2022,Other,1.0,Akim Zedadka,2021-2022,Other,1.0
Mads Bech Sørensen,2021-2022,0,Other,Dan Gosling,2021-2022,Other,1.0,Nikola Mara,2021-2022,Other,1.0,Quentin Boisgard,2021-2022,Other,1.0,Jurgen Ekkelenkamp,2021-2022,Other,1.0,Jesus Vazquez,2021-2022,Other,1.0
Sheraldo Becker,2021-2022,0,Unknown,Igor Zubeldia,2021-2022,Unknown,1.0,Gerson,2021-2022,Other,1.0,James Ward-Prowse,2021-2022,Other,1.0,Cristian Tello,2021-2022,Unknown,1.0,Ýlkay Gündoðan,2021-2022,Other,1.0
Jan Bednarek,2021-2022,0,Other,Ivan Rakiti?,2021-2022,Other,1.0,Kevin Trapp,2021-2022,Unknown,1.0,Edmond Tapsoba,2021-2022,Other,1.0,José Callejón,2021-2022,Unknown,1.0,Mauro Icardi,2021-2022,Unknown,1.0
Donny van de Beek,2021-2022,0,Unknown,Dario Špikić,2025-2026,Other,1.0,Ayyoub Bouaddi,2025-2026,Unknown,1.0,Nathan Aké,2025-2026,Unknown,0.9999,Clément Lenglet,2025-2026,Unknown,0.9999,Rodri,2025-2026,Unknown,0.9999
Asmir Begovi?,2021-2022,0,Other,Nathan Tella,2021-2022,Other,1.0,Christopher Lenz,2021-2022,Unknown,1.0,Thuler,2021-2022,Other,1.0,Luis Henrique,2021-2022,Other,1.0,Radu Dr?gu?in,2021-2022,Other,1.0
Valon Behrami,2021-2022,0,Other,Matej Maglica,2021-2022,Other,1.0,John Guidetti,2021-2022,Other,1.0,Aleksander Buksa,2021-2022,Other,1.0,Darío Benedetto,2021-2022,Other,1.0,Bartosz Bialek,2021-2022,Other,1.0
Kevin Behrens,2021-2022,0,Other,Nicola Sansone,2021-2022,Other,1.0,Gabriel Silva,2021-2022,Other,1.0,Ken Sema,2021-2022,Other,1.0,Jens Grahl,2021-2022,Other,1.0,Jonás Ramalho,2021-2022,Other,1.0
Youcef Belaïli,2021-2022,0,Other,Miguel Trauco,2021-2022,Other,1.0,El Bilal Touré,2021-2022,Other,1.0,Luis Hernández,2021-2022,Other,1.0,Kostas Stafylidis,2021-2022,Other,1.0,Carlos Clerc,2021-2022,Other,1.0
Vid Belec,2021-2022,0,Other,Ibrahima Koné,2021-2022,Other,1.0,Manu Morlanes,2021-2022,Other,1.0,Tariq Lamptey,2021-2022,Other,1.0,Nathanael Mbuku,2021-2022,Other,1.0,Ángel Rodríguez,2021-2022,Other,1.0
Ishak Belfodil,2021-2022,0,Other,Max Christiansen,2021-2022,Other,1.0,Marco Silvestri,2021-2022,Other,1.0,Kevin Akpoguma,2021-2022,Other,1.0,Atakan Karazor,2021-2022,Other,1.0,Anthony Martial,2021-2022,Unknown,1.0
Haris Belkebla,2021-2022,0,Other,Nicolás Domínguez,2021-2022,Other,1.0,Federico Bonazzoli,2021-2022,Other,1.0,Omar Mascarell,2021-2022,Other,1.0,Guillermo Maripán,2021-2022,Other,1.0,Óscar Duarte,2021-2022,Other,1.0
Stefan Bell,2021-2022,0,Other,Florian Sotoca,2021-2022,Other,1.0,Quentin Merlin,2021-2022,Other,1.0,Vincent Pajot,2021-2022,Other,1.0,Igor,2021-2022,Other,1.0,Tyrick Mitchell,2021-2022,Other,1.0
Armel Bella Kotchap,2021-2022,0,Other,Armando Broja,2021-2022,Other,1.0,Ike Ugbo,2021-2022,Other,1.0,Nemanja Mati?,2021-2022,Other,1.0,Enzo Ebosse,2021-2022,Other,1.0,Juan Cruz Armada,2021-2022,Other,1.0
Raoul Bellanova,2021-2022,0,Unknown,Obite N'Dicka,2021-2022,Other,1.0,Romelu Lukaku,2021-2022,Unknown,1.0,Maxime Lopez,2021-2022,Other,1.0,Milan kriniar,2021-2022,Other,1.0,Marc-André ter Stegen,2021-2022,Unknown,1.0
Karim Bellarabi,2021-2022,0,Unknown,Trubin,2021-2022,Goalkeeper,1.0,Paul Pogba,2021-2022,Unknown,1.0,Francis Coquelin,2021-2022,Unknown,1.0,Kjell Scherpen,2025-2026,Goalkeeper,0.9999,Stanislav Lobotka,2021-2022,Unknown,0.9999
Jean-Ricner Bellegarde,2021-2022,0,Other,Hugo Guillamón,2021-2022,Other,1.0,Jonjo Shelvey,2021-2022,Other,1.0,Lorenzo De Silvestri,2021-2022,Other,1.0,Allan Saint-Maximin,2021-2022,Other,1.0,Enzo Roco,2021-2022,Other,1.0
Héctor Bellerín,2021-2022,0,Unknown,Mehdi Bourabia,2021-2022,Other,1.0,Suat Serdar,2021-2022,Unknown,1.0,Michael Olise,2021-2022,Unknown,1.0,Thomas Foket,2021-2022,Unknown,1.0,Domenico Berardi,2021-2022,Other,1.0
Jude Bellingham,2021-2022,0,Unknown,Dan-Axel Zagadou,2021-2022,Unknown,1.0,Mário Rui,2021-2022,Unknown,1.0,David Alaba,2021-2022,Unknown,1.0,Frenkie de Jong,2021-2022,Unknown,1.0,Xherdan Shaqiri,2021-2022,Unknown,1.0
George Bello,2021-2022,0,Other,Marco Modolo,2021-2022,Other,1.0,Aarón Escandell,2021-2022,Other,1.0,Filippo Delli Carri,2021-2022,Other,1.0,Kingsley Ehizibue,2021-2022,Other,1.0,Jamie Shackleton,2021-2022,Other,1.0
Andrea Belotti,2021-2022,0,Other,Koray Günter,2021-2022,Other,1.0,Yohann Magnin,2021-2022,Other,1.0,Andoni Gorosabel,2021-2022,Other,1.0,Kiernan Dewsbury Hall,2021-2022,Other,1.0,Vladimír Coufal,2021-2022,Other,1.0
Fran Beltrán,2021-2022,0,Other,Léo Pétrot,2021-2022,Other,1.0,David García,2021-2022,Other,1.0,Ruben Aguilar,2021-2022,Other,1.0,Szymon ?urkowski,2021-2022,Other,1.0,Hugo Ekitike,2021-2022,Other,1.0
Hatem Ben Arfa,2021-2022,0,Other,Martial,2021-2022,Forward,1.0,Ragnar Ache,2021-2022,Other,1.0,Allan Nyom,2021-2022,Other,1.0,Jaime Mata,2021-2022,Other,1.0,Jean-Pierre Nsame,2021-2022,Other,1.0
Salim Ben Seghir,2021-2022,0,Other,Edoardo Goldaniga,2021-2022,Other,1.0,Samuel Koeberlé,2021-2022,Other,1.0,Hugo Sotelo,2021-2022,Other,1.0,Tiago Ribeiro,2021-2022,Other,1.0,Djeidi Gassama,2021-2022,Other,1.0
Wissam Ben Yedder,2021-2022,0,Unknown,Kai Havertz,2021-2022,Unknown,1.0,Matthijs de Ligt,2021-2022,Unknown,1.0,Luis Muriel,2021-2022,Unknown,1.0,Ismaël Bennacer,2021-2022,Unknown,1.0,Moussa Dembélé,2021-2022,Unknown,1.0
Marco Benassi,2021-2022,0,Other,Yýldýrým Mert Çetin,2021-2022,Other,1.0,Jeanuel Belocian,2025-2026,Other,1.0,Marcano,2021-2022,Defender,1.0,Mathys Saban,2021-2022,Other,1.0,Lewis Ferguson,2025-2026,Unknown,1.0
Darío Benedetto,2021-2022,0,Other,Ibrahima Mbaye,2021-2022,Other,1.0,Aleksander Buksa,2021-2022,Other,1.0,Valon Behrami,2021-2022,Other,1.0,Matej Maglica,2021-2022,Other,1.0,Hwang Hee-chan,2021-2022,Other,1.0
László Bénes,2021-2022,0,Other,Warren Tchimbembé,2021-2022,Other,1.0,Valon Berisha,2021-2022,Other,1.0,Folarin Balogun,2021-2022,Other,1.0,Erick Pulgar,2021-2022,Other,1.0,Renaud Emond,2021-2022,Other,1.0
Walter Benítez,2021-2022,0,Unknown,Luka Modri?,2021-2022,Other,1.0,Christoph Kramer,2021-2022,Unknown,1.0,Guaita,2021-2022,Unknown,1.0,Ellyes Skhiri,2021-2022,Other,1.0,Marc Guéhi,2021-2022,Other,1.0
Iker Benito,2021-2022,0,Other,Fran Mérida,2021-2022,Other,1.0,Ismaëlben Boura,2021-2022,Other,1.0,Junior Dina Ebimbe,2021-2022,Other,1.0,Koba Koindredi,2021-2022,Other,1.0,Denso Kasius,2021-2022,Other,1.0
Loris Benito,2021-2022,0,Other,Nicolò Casale,2025-2026,Other,1.0,Eric Ramirez,2021-2022,Forward,1.0,Romeo Vermant,2025-2026,Other,1.0,Dale Stephens,2021-2022,Other,1.0,Mijat Ga?inovi?,2021-2022,Other,1.0
Pedro Benito,2021-2022,0,Other,Mads Bidstrup,2021-2022,Other,1.0,Rafiki Said Ahamada,2021-2022,Other,1.0,Myles Lewis-Skelly,2025-2026,Unknown,1.0,Mengi,2021-2022,Defender,1.0,Jarell Quansah,2025-2026,Unknown,1.0
Ismaël Bennacer,2021-2022,0,Unknown,Matthijs de Ligt,2021-2022,Unknown,1.0,Tanguy Ndombele,2021-2022,Unknown,1.0,Wissam Ben Yedder,2021-2022,Unknown,1.0,Kai Havertz,2021-2022,Unknown,1.0,Luis Muriel,2021-2022,Unknown,1.0
Keanan Bennetts,2021-2022,0,Other,Francisco Conceição,2021-2022,Unknown,1.0,Kacper Urbanski,2021-2022,Other,1.0,Facundo Gonzalez,2025-2026,Unknown,1.0,Leandro Morgalla,2025-2026,Other,1.0,Erencan Yardımcı,2025-2026,Other,1.0
Saïd Benrahma,2021-2022,0,Other,Ethan Pinnock,2021-2022,Other,1.0,Robert Andrich,2021-2022,Other,1.0,Piotr Zieli?ski,2021-2022,Other,1.0,Michael Keane,2021-2022,Other,1.0,Igor,2021-2022,Other,1.0
Ramy Bensebaini,2021-2022,0,Unknown,Ricardo Pereira,2021-2022,Unknown,1.0,Martin Terrier,2021-2022,Unknown,1.0,Thilo Kehrer,2021-2022,Unknown,1.0,Raheem Sterling,2021-2022,Unknown,1.0,Lorenzo Insigne,2021-2022,Unknown,1.0
Nabil Bentaleb,2021-2022,0,Unknown,Patrik Schick,2021-2022,Unknown,1.0,Kritsyuk,2021-2022,Goalkeeper,1.0,Ferland Mendy,2021-2022,Unknown,1.0,Kingsley Coman,2021-2022,Unknown,1.0,Lautaro Martínez,2021-2022,Unknown,1.0
Christian Benteke,2021-2022,0,Other,Riccardo Marchizza,2021-2022,Other,1.0,Jessic Ngankam,2021-2022,Other,1.0,Sebastian Andersson,2021-2022,Other,1.0,Manolo Portanova,2021-2022,Other,1.0,Etienne Green,2021-2022,Other,1.0
Alessandro Berardi,2021-2022,0,Other,Jannik Vestergaard,2021-2022,Other,1.0,Adrian emper,2021-2022,Other,1.0,Ricardo Pepi,2021-2022,Other,1.0,Hamadi Al Ghaddioui,2021-2022,Other,1.0,Nicholas Gioacchini,2021-2022,Other,1.0
Domenico Berardi,2021-2022,0,Other,Suat Serdar,2021-2022,Unknown,1.0,Mehdi Bourabia,2021-2022,Other,1.0,Héctor Bellerín,2021-2022,Unknown,1.0,Xaver Schlager,2021-2022,Unknown,1.0,Radosław Majecki,2025-2026,Goalkeeper,1.0
Yuri Berchiche,2021-2022,0,Unknown,Matteo Guendouzi,2021-2022,Unknown,1.0,Andriy Lunin,2025-2026,Unknown,1.0,Pierre Kalulu,2021-2022,Unknown,1.0,Matthias Ginter,2021-2022,Unknown,1.0,Ousmane Dembélé,2021-2022,Unknown,1.0
Álex Berenguer,2021-2022,0,Other,Gaël Kakuta,2021-2022,Other,1.0,Robin Zentner,2021-2022,Other,1.0,Samir Santos,2021-2022,Other,1.0,Milot Rashica,2021-2022,Other,1.0,Diadie Samassékou,2021-2022,Other,1.0
Bartosz Bereszy?ski,2021-2022,0,Other,Christoph Baumgartner,2021-2022,Other,1.0,Malo Gusto,2021-2022,Other,1.0,Benno Schmitz,2021-2022,Other,1.0,Manuel Sánchez,2021-2022,Other,1.0,Martinelli,2021-2022,Other,1.0
Jóhann Berg Gu?mundsson,2021-2022,0,Other,Jack Stephens,2021-2022,Other,1.0,Uro Ra?i?,2021-2022,Other,1.0,Youssef Maleh,2021-2022,Other,1.0,Marash Kumbulla,2021-2022,Other,1.0,Kevin Schade,2021-2022,Other,1.0
Patrick Berg,2021-2022,0,Other,Marcus Forss,2021-2022,Other,1.0,Domagoj Bradari?,2021-2022,Other,1.0,Casimir Ninga,2021-2022,Other,1.0,Wahidullah Faghir,2021-2022,Other,1.0,Francesco Forte,2021-2022,Other,1.0
Mitchell van Bergen,2021-2022,0,Other,Lyanco,2021-2022,Other,1.0,Konrad De La Fuente,2021-2022,Other,1.0,Bryan Lasme,2021-2022,Other,1.0,Bebé,2021-2022,Other,1.0,Fede San Emeterio,2021-2022,Other,1.0
Steven Bergwijn,2021-2022,0,Unknown,Pascal Groß,2021-2022,Unknown,1.0,Shkodran Mustafi,2021-2022,Unknown,1.0,Danilo Cataldi,2021-2022,Unknown,1.0,Mitchel Bakker,2021-2022,Unknown,1.0,Rick Karsdorp,2021-2022,Unknown,1.0
Etrit Berisha,2021-2022,0,Other,Nemanja Gudelj,2021-2022,Other,1.0,Eldor Shomurodov,2021-2022,Other,1.0,Thiago Galhardo,2021-2022,Other,1.0,Shandon Baptiste,2021-2022,Other,1.0,Jonjoe Kenny,2021-2022,Other,1.0
Valon Berisha,2021-2022,0,Other,Folarin Balogun,2021-2022,Other,1.0,Erick Pulgar,2021-2022,Other,1.0,Renaud Emond,2021-2022,Other,1.0,Warren Tchimbembé,2021-2022,Other,1.0,László Bénes,2021-2022,Other,1.0
Paul Bernardoni,2021-2022,0,Other,Fali,2021-2022,Other,1.0,Marc-André ter Stegen,2025-2026,Unknown,1.0,José Ángel,2021-2022,Other,1.0,Gideon Mensah,2021-2022,Other,1.0,Josip Ili?i?,2021-2022,Other,1.0
Juan Bernat,2021-2022,0,Unknown,Davinson Sánchez,2021-2022,Unknown,1.0,Dominik Szoboszlai,2021-2022,Unknown,1.0,Mário Rui,2021-2022,Unknown,1.0,Jude Bellingham,2021-2022,Unknown,1.0,Dan-Axel Zagadou,2021-2022,Unknown,1.0
Dimitry Bertaud,2021-2022,0,Other,Nicola Zalewski,2021-2022,Other,1.0,Wladimiro Falcone,2021-2022,Other,1.0,Christopher Antwi-Adjei,2021-2022,Other,1.0,Jens Stryger Larsen,2021-2022,Other,1.0,Jonjoe Kenny,2021-2022,Other,1.0
Jason Berthomier,2021-2022,0,Other,Ismaila Sarr,2021-2022,Other,1.0,Guglielmo Vicario,2021-2022,Other,1.0,Stefan Savi?,2021-2022,Other,1.0,Esteves,2021-2022,Defender,1.0,Néstor Araujo,2021-2022,Other,1.0
Ryan Bertrand,2021-2022,0,Unknown,Ludovic Blas,2021-2022,Other,1.0,Álex Moreno,2021-2022,Other,1.0,Joël Drommel,2025-2026,Unknown,1.0,Diego Llorente,2021-2022,Other,1.0,Giovanni Simeone,2021-2022,Other,1.0
Daniel Bessa,2021-2022,0,Other,Luca Gemello,2021-2022,Other,1.0,Cristian Ansaldi,2021-2022,Other,1.0,Lennart Grill,2021-2022,Other,1.0,Freddie Veseli,2021-2022,Other,1.0,Przemys?aw P?acheta,2021-2022,Other,1.0
Beto,2021-2022,0,Other,Luis Milla,2021-2022,Other,1.0,Hamed Junior Traorè,2021-2022,Other,1.0,Christian Günter,2021-2022,Other,1.0,Pablo Fornals,2021-2022,Other,1.0,Houboulang Mendes,2021-2022,Other,1.0
Louis Beyer,2021-2022,0,Other,Nicolò Rovella,2021-2022,Other,1.0,Sergio Herrera,2021-2022,Other,1.0,Domen ?rnigoj,2021-2022,Other,1.0,Elvis Rexhbeçaj,2021-2022,Other,1.0,Odilon Kossonou,2021-2022,Other,1.0
Bartosz Bialek,2021-2022,0,Other,Moussa Doumbia,2021-2022,Other,1.0,John Guidetti,2021-2022,Other,1.0,Matej Maglica,2021-2022,Other,1.0,Valon Behrami,2021-2022,Other,1.0,Lukas Klünter,2021-2022,Other,1.0
Giulian Biancone,2021-2022,0,Other,Juraj Kucka,2021-2022,Other,1.0,Luke Thomas,2021-2022,Other,1.0,Rubén Alcaraz,2021-2022,Other,1.0,Ben Mee,2021-2022,Other,1.0,Carles Aleñá,2021-2022,Other,1.0
Mads Bidstrup,2021-2022,0,Other,Pedro Benito,2021-2022,Other,1.0,Germán Valera,2021-2022,Other,1.0,Rafiki Said Ahamada,2021-2022,Other,1.0,Myles Lewis-Skelly,2025-2026,Unknown,1.0,Mengi,2021-2022,Defender,1.0
Pedro Bigas,2021-2022,0,Other,Mihailo Risti?,2021-2022,Other,1.0,Connor Roberts,2021-2022,Other,1.0,Bamba Dieng,2021-2022,Other,1.0,Abdelhamid Sabiri,2021-2022,Other,1.0,Duan Vlahovi?,2021-2022,Other,1.0
El Bilal Touré,2021-2022,0,Other,Youcef Belaïli,2021-2022,Other,1.0,Miguel Trauco,2021-2022,Other,1.0,Luis Hernández,2021-2022,Other,1.0,Kostas Stafylidis,2021-2022,Other,1.0,Carlos Clerc,2021-2022,Other,1.0
Jean-Claude Billong,2021-2022,0,Other,Unai López,2021-2022,Other,1.0,Ibrahima Diallo,2021-2022,Other,1.0,Ale Mat?j?,2021-2022,Other,1.0,Dennis Johnsen,2021-2022,Other,1.0,Jere Uronen,2021-2022,Other,1.0
Luis Binks,2021-2022,0,Other,Antonio Sivera,2021-2022,Other,1.0,Albert Gu?mundsson,2021-2022,Other,1.0,Abdoulaye Touré,2021-2022,Other,1.0,Aitor Ruibal,2021-2022,Other,1.0,Mato Jajalo,2021-2022,Other,1.0
Cristiano Biraghi,2021-2022,0,Other,Mahdi Camara,2021-2022,Other,1.0,Moussa Diaby,2021-2022,Other,1.0,Mike Maignan,2021-2022,Unknown,1.0,Stefan Ortega,2021-2022,Unknown,1.0,Wilfried Zaha,2021-2022,Other,1.0
Davide Biraschi,2021-2022,0,Other,Patrick Herrmann,2021-2022,Other,1.0,Roberto Torres,2021-2022,Other,1.0,Mariano,2021-2022,Unknown,1.0,Alfre? Finnbogason,2021-2022,Other,1.0,Riccardo Fiamozzi,2021-2022,Other,1.0
Yves Bissouma,2021-2022,0,Other,Elba Rashani,2021-2022,Other,1.0,Lucas Höler,2021-2022,Other,1.0,Andriy Lunin,2021-2022,Unknown,1.0,Gianluca Mancini,2021-2022,Other,1.0,Timo Baumgartl,2021-2022,Other,1.0
Marco Bizot,2021-2022,0,Other,Jean-Victor Makengo,2021-2022,Other,1.0,Gelson Martins,2021-2022,Other,1.0,Wojciech Szcz?sny,2021-2022,Other,1.0,Wylan Cyprien,2021-2022,Other,1.0,Arnaud Souquet,2021-2022,Other,1.0
Bjarki Bjarkason,2021-2022,0,Other,Oguzhan Özyakup,2021-2022,Unknown,1.0,Baptiste Santamaria,2021-2022,Other,1.0,Martin Adeline,2021-2022,Other,1.0,Yegor Prutsev,2025-2026,Other,1.0,Tony Springett,2021-2022,Other,1.0
Ludovic Blas,2021-2022,0,Other,Ryan Bertrand,2021-2022,Unknown,1.0,Álex Moreno,2021-2022,Other,1.0,Joël Drommel,2025-2026,Unknown,1.0,Diego Llorente,2021-2022,Other,1.0,Giovanni Simeone,2021-2022,Other,1.0
Danny Blum,2021-2022,0,Other,Vincenzo Fiorillo,2021-2022,Other,1.0,Sargis Adamyan,2021-2022,Other,1.0,Tanner Tessmann,2021-2022,Other,1.0,Zack Steffen,2021-2022,Other,1.0,Adrian Grbi?,2021-2022,Other,1.0
Myron Boadu,2021-2022,0,Other,Mikel Vesga,2021-2022,Other,1.0,Arthur Masuaku,2021-2022,Other,1.0,Matthieu Dreyer,2021-2022,Other,1.0,Patrick Cutrone,2021-2022,Other,1.0,Ximo Navarro,2021-2022,Other,1.0
Jérôme Boateng,2021-2022,0,Unknown,Robin Knoche,2021-2022,Unknown,1.0,Moussa Sissoko,2021-2022,Unknown,1.0,Jesús Corona,2021-2022,Unknown,1.0,Von Ballmoos,2021-2022,Goalkeeper,1.0,Teemu Pukki,2021-2022,Unknown,1.0
Kevin-Prince Boateng,2021-2022,0,Unknown,Jakub Pešek,2025-2026,Forward,1.0,Yannik Keitel,2021-2022,Other,1.0,Charlie Goode,2021-2022,Other,1.0,Phil Jones,2021-2022,Unknown,1.0,Giangiacomo Magnani,2021-2022,Other,1.0
Antonin Bobichon,2021-2022,0,Other,Gabriel Veiga,2021-2022,Other,1.0,Vitinho,2021-2022,Midfielder,1.0,Maxence Rivera,2021-2022,Other,1.0,Riccardo Stivanello,2021-2022,Other,1.0,David Schnegg,2021-2022,Other,1.0
Herbert Bockhorn,2021-2022,0,Other,Yerry Mina,2021-2022,Other,1.0,Jessy Moulin,2021-2022,Other,1.0,Tino Kadewere,2021-2022,Other,1.0,Bryan Lasme,2021-2022,Other,1.0,Mitchell van Bergen,2021-2022,Other,1.0
Jean-Paul Boëtius,2021-2022,0,Other,Mattia Destro,2021-2022,Other,1.0,Arnaud Nordin,2021-2022,Other,1.0,Timothy Tillman,2021-2022,Other,1.0,Gauthier Gallon,2021-2022,Other,1.0,Jean Lucas,2021-2022,Other,1.0
Jeremie Boga,2021-2022,0,Other,Dávid Strelec,2021-2022,Other,1.0,Wesley Saïd,2021-2022,Other,1.0,Riqui Puig,2021-2022,Other,1.0,Jeremy Ngakia,2021-2022,Other,1.0,Marco Bizot,2025-2026,Other,1.0
Luka Bogdan,2021-2022,0,Other,Willem Geubbels,2021-2022,Other,1.0,Charles Traore,2021-2022,Other,1.0,Justin Hoogma,2021-2022,Other,1.0,Facundo Pellistri,2021-2022,Other,1.0,Faouzi Ghoulam,2021-2022,Unknown,1.0
Emil Bohinen,2021-2022,0,Other,Alberto Soro,2021-2022,Other,1.0,Jonathan Iglesias,2021-2022,Other,1.0,Justin Hoogma,2021-2022,Other,1.0,Tanguy Coulibaly,2021-2022,Other,1.0,Jed Steer,2021-2022,Other,1.0
Quentin Boisgard,2021-2022,0,Other,Romain Hamouma,2021-2022,Other,1.0,Dan Gosling,2021-2022,Other,1.0,Mads Bech Sørensen,2021-2022,Other,1.0,Peter Vindahl,2025-2026,Other,1.0,Julen Agirrezabala,2021-2022,Other,1.0
Charles Boli,2021-2022,0,Other,Mbamba-Muanda,2021-2022,Defender,1.0,Ibrahim Salah,2025-2026,Other,0.9999,Désiré Doué,2025-2026,Unknown,0.9999,Chiesa,2025-2026,Forward,0.9999,Emre Can,2021-2022,Unknown,0.9999
Willy Boly,2021-2022,0,Other,Aaron Ramsdale,2021-2022,Other,1.0,Danny Ings,2021-2022,Other,1.0,Rafa? Gikiewicz,2021-2022,Other,1.0,Orel Mangala,2021-2022,Other,1.0,Renaud Ripart,2021-2022,Other,1.0
Giacomo Bonaventura,2021-2022,0,Other,Maya Yoshida,2021-2022,Other,1.0,Ivan Toney,2021-2022,Other,1.0,Stephy Mavididi,2021-2022,Other,1.0,Michail Antonio,2021-2022,Other,1.0,Simone Romagnoli,2021-2022,Other,1.0
Federico Bonazzoli,2021-2022,0,Other,Omar Mascarell,2021-2022,Other,1.0,Guillermo Maripán,2021-2022,Other,1.0,Óscar Duarte,2021-2022,Other,1.0,Habib Maïga,2021-2022,Other,1.0,Haris Belkebla,2021-2022,Other,1.0
Kevin Bonifazi,2021-2022,0,Other,Edo Kayembe,2021-2022,Other,1.0,Yvan Neyou,2021-2022,Other,1.0,Ardian Ismajli,2021-2022,Other,1.0,Matt Miazga,2021-2022,Other,1.0,Kévin N'Doram,2021-2022,Other,1.0
Rafael Borré,2021-2022,0,Unknown,Raphaël Varane,2021-2022,Unknown,1.0,Tammy Abraham,2021-2022,Unknown,1.0,Axel Disasi,2021-2022,Unknown,1.0,Mohammed Salisu,2021-2022,Unknown,1.0,Kevin Gameiro,2021-2022,Unknown,1.0
Sven Botman,2021-2022,0,Unknown,Trent Alexander-Arnold,2021-2022,Unknown,1.0,Theo Hernández,2021-2022,Unknown,1.0,Florian Wirtz,2021-2022,Unknown,1.0,Alessio Romagnoli,2021-2022,Unknown,1.0,Boubacar Kamara,2021-2022,Unknown,1.0
Denis Bouanga,2021-2022,0,Other,Vicente Iborra,2021-2022,Unknown,1.0,Pietro Ceccaroni,2021-2022,Other,1.0,Laurent Abergel,2021-2022,Other,1.0,Jérémy Morel,2021-2022,Unknown,1.0,Joselu,2021-2022,Other,1.0
Hicham Boudaoui,2021-2022,0,Other,Jeremy Toljan,2021-2022,Other,1.0,Joakim Mæhle,2021-2022,Other,1.0,Remi Oudin,2021-2022,Other,1.0,Luca Ceppitelli,2021-2022,Other,1.0,Kamory Doumbia,2021-2022,Other,1.0
Ryad Boudebouz,2021-2022,0,Other,Reece Oxford,2021-2022,Other,1.0,Santiago Arias,2021-2022,Unknown,1.0,Grant Hanley,2021-2022,Other,1.0,Santi Comesaña,2021-2022,Other,1.0,Adrien Tameze,2021-2022,Other,1.0
Sofiane Boufal,2021-2022,0,Other,Youssef En-Nesyri,2021-2022,Unknown,1.0,Emiliano Martínez,2021-2022,Unknown,1.0,Gian Marco Ferrari,2021-2022,Other,1.0,Duje ?aleta-Car,2021-2022,Other,1.0,Amine Gouiri,2021-2022,Other,1.0
Farid Boulaya,2021-2022,0,Other,André Hahn,2021-2022,Other,1.0,Kevin Agudelo,2021-2022,Other,1.0,Marvin Schwäbe,2021-2022,Other,1.0,Unai Vencedor Paris,2021-2022,Other,1.0,Sergi Guardiola,2021-2022,Other,1.0
Ismaëlben Boura,2021-2022,0,Other,Iker Benito,2021-2022,Other,1.0,Koba Koindredi,2021-2022,Other,1.0,Fran Mérida,2021-2022,Other,1.0,Denso Kasius,2021-2022,Other,1.0,Luka Ivanusec,2025-2026,Unknown,1.0
Mehdi Bourabia,2021-2022,0,Other,Héctor Bellerín,2021-2022,Unknown,1.0,Suat Serdar,2021-2022,Unknown,1.0,Domenico Berardi,2021-2022,Other,1.0,Michael Olise,2021-2022,Unknown,1.0,Thomas Foket,2021-2022,Unknown,1.0
Benjamin Bourigeaud,2021-2022,0,Other,Jakub Moder,2021-2022,Unknown,1.0,Matteo Politano,2021-2022,Unknown,1.0,Saa Luki?,2021-2022,Other,1.0,Marcus Rashford,2021-2022,Unknown,1.0,Milan kriniar,2021-2022,Other,1.0
Redwan Bourles,2021-2022,0,Other,Radonjić,2021-2022,Forward,1.0,Abdu Conté,2025-2026,Other,1.0,Luca Waldschmidt,2021-2022,Other,1.0,Myziane Maolida,2021-2022,Other,1.0,Diego Farias,2021-2022,Other,1.0
Edoardo Bove,2021-2022,0,Other,Sabitzer,2021-2022,Midfielder,1.0,Bobby Clark,2025-2026,Other,1.0,Łukasz Łakomy,2025-2026,Unknown,1.0,Jones,2025-2026,Midfielder,1.0,Bryan Gil,2025-2026,Forward,1.0
Jarrod Bowen,2021-2022,0,Other,Martín Cáceres,2021-2022,Unknown,1.0,Gastón Pereiro,2021-2022,Unknown,1.0,Tomá Sou?ek,2021-2022,Other,1.0,Antonio Candreva,2021-2022,Other,1.0,Grischa Prömel,2021-2022,Other,1.0
Dedryck Boyata,2021-2022,0,Other,Ante Budimir,2021-2022,Other,1.0,Darko Braanac,2021-2022,Other,1.0,Erik Durm,2021-2022,Unknown,1.0,Mexer,2021-2022,Other,1.0,Birger Meling,2021-2022,Other,1.0
Lucas Boyé,2021-2022,0,Other,Santi Mina,2021-2022,Other,1.0,Alisson,2021-2022,Other,1.0,Pedrosa,2021-2022,Other,1.0,Mauro Arambarri,2021-2022,Other,1.0,Ademola Lookman,2021-2022,Other,1.0
Domagoj Bradari?,2021-2022,0,Other,Álvaro Jiménez,2021-2022,Other,1.0,Patrick Berg,2021-2022,Other,1.0,Marcus Forss,2021-2022,Other,1.0,Christoph Zimmermann,2021-2022,Other,1.0,Casimir Ninga,2021-2022,Other,1.0
Bilal Brahimi,2021-2022,0,Other,Fredrik Jensen,2021-2022,Other,1.0,Adama Traoré,2021-2022,Other,1.0,Danilo Barbosa,2021-2022,Other,1.0,Hassane Kamara,2021-2022,Other,1.0,Cristiano Piccini,2021-2022,Other,1.0
Martin Braithwaite,2021-2022,0,Other,Lukas Nmecha,2021-2022,Other,1.0,Unai Simón,2021-2022,Other,1.0,Arne Maier,2021-2022,Other,1.0,Mert Müldür,2021-2022,Other,1.0,Lee Jae-sung,2021-2022,Other,1.0
Julian Brandt,2021-2022,0,Unknown,Houssem Aouar,2021-2022,Unknown,1.0,Benjamin Pavard,2021-2022,Unknown,1.0,Cristiano Ronaldo,2021-2022,Unknown,1.0,Pedro,2021-2022,Unknown,1.0,Hamari Traoré,2021-2022,Unknown,1.0
Jarrad Branthwaite,2021-2022,0,Other,James Tomkins,2021-2022,Other,1.0,Albert Sambi Lokonga,2021-2022,Other,1.0,Stéphane Bahoken,2021-2022,Other,1.0,Francisco Sierralta,2021-2022,Other,1.0,Timo Horn,2021-2022,Other,1.0
Darko Braanac,2021-2022,0,Other,Dedryck Boyata,2021-2022,Other,1.0,Ante Budimir,2021-2022,Other,1.0,Erik Durm,2021-2022,Unknown,1.0,Mexer,2021-2022,Other,1.0,Birger Meling,2021-2022,Other,1.0
Lilian Brassier,2021-2022,0,Other,Aleix Vidal,2021-2022,Other,1.0,Salva Sevilla,2021-2022,Other,1.0,Wahbi Khazri,2021-2022,Other,1.0,Antonio Raillo,2021-2022,Other,1.0,José Campaña,2021-2022,Other,1.0
Claudio Bravo,2021-2022,0,Unknown,Steve Mounié,2021-2022,Other,1.0,Samir Handanovi?,2021-2022,Other,1.0,Amos Pieper,2021-2022,Other,1.0,Kalvin Phillips,2021-2022,Other,1.0,Nemanja Maksimovi?,2021-2022,Other,1.0
Iker Bravo,2021-2022,0,Other,Isma Ruiz,2021-2022,Other,1.0,Maximilian Philipp,2021-2022,Other,1.0,Gideon Jung,2021-2022,Other,1.0,Abdou Harroui,2021-2022,Other,1.0,Hugo Novoa,2021-2022,Other,1.0
Fabian Bredlow,2021-2022,0,Other,Raúl Torrente,2021-2022,Other,1.0,Jens Jønsson,2021-2022,Other,1.0,Nemanja Radoja,2021-2022,Other,1.0,Jan Thielmann,2021-2022,Other,1.0,Juan Mata,2021-2022,Unknown,1.0
Josip Brekalo,2021-2022,0,Other,Jofre,2021-2022,Other,1.0,Javier Galán,2025-2026,Other,1.0,Thijs Dallinga,2025-2026,Other,1.0,Alexander Schlager,2025-2026,Goalkeeper,0.9999,Karim Rekik,2021-2022,Other,0.9998
Gleison Bremer,2021-2022,0,Other,Johan Gastien,2021-2022,Other,1.0,Rui Patrício,2021-2022,Unknown,1.0,James Maddison,2021-2022,Other,1.0,Alexander Nübel,2021-2022,Unknown,1.0,Ismaël Traoré,2021-2022,Other,1.0
Jimmy Briand,2021-2022,0,Unknown,Kieran Trippier,2021-2022,Unknown,0.9996,Casteels,2021-2022,Goalkeeper,0.9995,Shabanov,2021-2022,Defender,0.9993,Marvin Keller,2025-2026,Unknown,0.9983,Mattia Zaccagni,2021-2022,Unknown,0.998
Yan Brice Eteki,2021-2022,0,Other,Brian Brobbey,2021-2022,Other,1.0,Sven Ulreich,2025-2026,Unknown,1.0,Cedric Teuchert,2021-2022,Other,1.0,Ander Capa,2021-2022,Other,1.0,Kanga,2021-2022,Forward,1.0
Brian Brobbey,2021-2022,0,Other,Yan Brice Eteki,2021-2022,Other,1.0,Sven Ulreich,2025-2026,Unknown,1.0,Ander Capa,2021-2022,Other,1.0,Cedric Teuchert,2021-2022,Other,1.0,Kanga,2021-2022,Forward,1.0
Armando Broja,2021-2022,0,Other,Armel Bella Kotchap,2021-2022,Other,1.0,Ike Ugbo,2021-2022,Other,1.0,Nemanja Mati?,2021-2022,Other,1.0,Enzo Ebosse,2021-2022,Other,1.0,Rafael Czichos,2021-2022,Other,1.0
Dylan Bronn,2021-2022,0,Other,Josh Brownhill,2021-2022,Other,1.0,Ricardo Mangas,2021-2022,Other,1.0,Davide Faraoni,2021-2022,Other,1.0,Jon Moncayola,2021-2022,Other,1.0,Batista Mendy,2021-2022,Other,1.0
Daniel Brosinski,2021-2022,0,Other,Maximilian Ullmann,2021-2022,Other,1.0,Abdoulaye Bamba,2021-2022,Other,1.0,Luka Jovi?,2021-2022,Other,1.0,Chapela,2021-2022,Other,1.0,Paolo Ghiglione,2021-2022,Other,1.0
Josh Brownhill,2021-2022,0,Other,Ricardo Mangas,2021-2022,Other,1.0,Dylan Bronn,2021-2022,Other,1.0,Davide Faraoni,2021-2022,Other,1.0,Batista Mendy,2021-2022,Other,1.0,Jon Moncayola,2021-2022,Other,1.0
Marcelo Brozovi?,2021-2022,0,Other,Nicolò Zaniolo,2021-2022,Unknown,1.0,Ricardo Rodríguez,2021-2022,Unknown,1.0,Anthony Elanga,2021-2022,Unknown,1.0,Idrissa Gana Gueye,2021-2022,Other,1.0,Kasper Dolberg,2021-2022,Unknown,1.0
Cédric Brunner,2021-2022,0,Other,Jordan Pickford,2021-2022,Other,1.0,Alfred Gomis,2021-2022,Other,1.0,Emil Audero,2021-2022,Other,1.0,Koffi Djidji,2021-2022,Other,1.0,Pol Lirola,2021-2022,Other,1.0
Lewis Brunt,2021-2022,0,Other,Hugo Álvarez,2021-2022,Other,1.0,Adam Daghim,2025-2026,Other,1.0,Siemen Voet,2025-2026,Other,1.0,Eljif Elmas,2025-2026,Unknown,1.0,Ansu Fati,2025-2026,Other,1.0
Jacob Bruun Larsen,2021-2022,0,Other,Manuel Gulde,2021-2022,Other,1.0,Jeremy Dudziak,2021-2022,Other,1.0,Édgar Méndez,2021-2022,Other,1.0,Fernando Calero,2021-2022,Other,1.0,Dennis Johnsen,2021-2022,Other,1.0
Bryan,2021-2022,0,Other,Joe Gelhardt,2021-2022,Other,1.0,Deyovaisio Zeefuik,2021-2022,Other,1.0,Diant Ramaj,2021-2022,Other,1.0,Amath,2021-2022,Other,1.0,Tobias Sippel,2021-2022,Other,1.0
Ante Budimir,2021-2022,0,Other,Dedryck Boyata,2021-2022,Other,1.0,Darko Braanac,2021-2022,Other,1.0,Erik Durm,2021-2022,Unknown,1.0,Birger Meling,2021-2022,Other,1.0,Mexer,2021-2022,Other,1.0
Emi Buendía,2021-2022,0,Other,M'Baye Niang,2021-2022,Unknown,1.0,Yoann Salmier,2021-2022,Other,1.0,Pablo Marí,2021-2022,Other,1.0,Ihlas Bebou,2021-2022,Other,1.0,Morten Thorsby,2021-2022,Other,1.0
Osman Bukari,2021-2022,0,Other,Moanes Dabbur,2021-2022,Other,1.0,Josan,2021-2022,Other,1.0,Jacopo Sala,2021-2022,Other,1.0,William Troost-Ekong,2021-2022,Other,1.0,Jaume Doménech,2021-2022,Unknown,1.0
Aleksander Buksa,2021-2022,0,Other,Valon Behrami,2021-2022,Other,1.0,Matej Maglica,2021-2022,Other,1.0,Darío Benedetto,2021-2022,Other,1.0,John Guidetti,2021-2022,Other,1.0,Ibrahima Mbaye,2021-2022,Other,1.0
Alessandro Buongiorno,2021-2022,0,Other,Fernando Niño,2021-2022,Other,1.0,Kike Barja,2021-2022,Other,1.0,Lorenzo Tonelli,2021-2022,Other,1.0,Patrick Bamford,2021-2022,Other,1.0,Frederik Rønnow,2021-2022,Other,1.0
Sascha Burchert,2021-2022,0,Other,Javier Pastore,2021-2022,Unknown,1.0,Rade Kruni?,2021-2022,Other,1.0,Luigi Sepe,2021-2022,Other,1.0,Cucho,2021-2022,Other,1.0,Christian Kabasele,2021-2022,Other,1.0
Jonathan Burkardt,2021-2022,0,Other,Lukas Kübler,2021-2022,Other,1.0,Filip Kosti?,2021-2022,Other,1.0,Petar Stojanovi?,2021-2022,Other,1.0,José Luis Palomino,2021-2022,Other,1.0,José Luis Morales,2021-2022,Other,1.0
Roman Bürki,2021-2022,0,Unknown,Alexandre Oukidja,2021-2022,Other,1.0,Luca Netz,2021-2022,Other,1.0,Nolito,2021-2022,Other,1.0,David Zima,2021-2022,Other,1.0,Sergio Agüero,2021-2022,Unknown,1.0
Dan Burn,2021-2022,0,Other,Callum Wilson,2021-2022,Other,1.0,Boyko,2021-2022,Goalkeeper,1.0,Renaud Ripart,2021-2022,Other,1.0,Orel Mangala,2021-2022,Other,1.0,Azzedine Ounahi,2021-2022,Other,1.0
Maxime Busi,2021-2022,0,Other,Milo Pantovi?,2021-2022,Other,1.0,Sergi Canós,2021-2022,Other,1.0,Patson Daka,2021-2022,Other,1.0,Andros Townsend,2021-2022,Other,1.0,Thomas Strakosha,2021-2022,Other,1.0
Gianluca Busio,2021-2022,0,Other,Alfred Duncan,2021-2022,Other,1.0,Jorge Miramón,2021-2022,Other,1.0,Mark Flekken,2021-2022,Other,1.0,Sepe Elye Wahi,2021-2022,Other,1.0,Kepa,2021-2022,Goalkeeper,1.0
Oriol Busquets,2021-2022,0,Other,Leonardo Capezzi,2021-2022,Other,1.0,Sonny Perkins,2021-2022,Other,1.0,Omar Richards,2021-2022,Other,1.0,Charles Abi,2021-2022,Other,1.0,Jérôme Hergault,2021-2022,Other,1.0
Jack Butland,2021-2022,0,Other,Jeison Murillo,2021-2022,Other,1.0,Lazar Samardzic,2021-2022,Other,1.0,Marius Funk,2021-2022,Other,1.0,Ciprian T?t?ru?anu,2021-2022,Other,1.0,Kalifa Coulibaly,2021-2022,Other,1.0
Adrián Butzke,2021-2022,0,Other,Lago Junior,2021-2022,Other,1.0,Ismaël Doukouré,2021-2022,Other,1.0,Keven Schlotterbeck,2021-2022,Other,1.0,Steffen Tigges,2021-2022,Other,1.0,Matthew Hoppe,2021-2022,Other,1.0
Marcin Bu?ka,2021-2022,0,Other,Tom Lacoux,2021-2022,Other,1.0,Gerson Rodrigues,2021-2022,Other,1.0,Francesco Bardi,2021-2022,Other,1.0,Eberechi Eze,2021-2022,Other,1.0,Njego Petrovi?,2021-2022,Other,1.0
Jamie Bynoe-Gittens,2021-2022,0,Other,Bali Mumba,2021-2022,Other,1.0,Kryštof Daněk,2025-2026,Unknown,1.0,Jean-Philippe Gbamin,2021-2022,Other,1.0,Matija Nastasi?,2021-2022,Other,1.0,Lenny Joseph,2021-2022,Other,1.0
Sam Byram,2021-2022,0,Other,Dominique Heintz,2021-2022,Other,1.0,Nicolas Pépé,2021-2022,Other,1.0,Bart?omiej Dr?gowski,2021-2022,Other,1.0,ime Vrsaljko,2021-2022,Other,1.0,Alphonse Areola,2021-2022,Unknown,1.0
Erick Cabaco,2021-2022,0,Other,Tom Davies,2021-2022,Other,1.0,Dennis Jastrzembski,2021-2022,Other,1.0,Sam Greenwood,2021-2022,Other,1.0,Burak Ýnce,2021-2022,Other,1.0,Joan Sastre Vanrell,2021-2022,Other,1.0
Willy Caballero,2021-2022,0,Other,Mateo Klimowicz,2021-2022,Other,1.0,Pubill,2021-2022,Other,1.0,Marvin Zeegelaar,2021-2022,Other,1.0,Dickson Abiama,2021-2022,Other,1.0,Abdul Majeed Waris,2021-2022,Other,1.0
Rémy Cabella,2021-2022,0,Unknown,Ivan Perii?,2021-2022,Other,1.0,Gianluigi Donnarumma,2021-2022,Unknown,1.0,Romain Thomas,2021-2022,Other,1.0,Aaron Hickey,2021-2022,Other,1.0,Andrew Omobamidele,2021-2022,Other,1.0
Jimmy Cabot,2021-2022,0,Other,Aaron Lennon,2021-2022,Unknown,1.0,Timo Hübers,2021-2022,Other,1.0,Sergi Gómez,2021-2022,Other,1.0,Akim Zedadka,2021-2022,Other,1.0,Sven Ulreich,2021-2022,Unknown,1.0
Leandro Cabrera,2021-2022,0,Other,Francisco Garcia,2021-2022,Other,1.0,David Soria,2021-2022,Unknown,1.0,Alex Meret,2021-2022,Unknown,1.0,Vital N'Simba,2021-2022,Other,1.0,Benoît Badiashile,2021-2022,Other,1.0
Liberato Cacace,2021-2022,0,Other,Dominic Thompson,2021-2022,Other,1.0,Stéphane Diarra,2021-2022,Other,1.0,Dor Peretz,2021-2022,Other,1.0,Jakub Pešek,2025-2026,Forward,1.0,Kevin-Prince Boateng,2021-2022,Unknown,1.0
Martín Cáceres,2021-2022,0,Unknown,Tomá Sou?ek,2021-2022,Other,1.0,Jarrod Bowen,2021-2022,Other,1.0,Gastón Pereiro,2021-2022,Unknown,1.0,Djibril Sidibé,2021-2022,Unknown,1.0,Thiago Mendes,2021-2022,Other,1.0
Anthony Caci,2021-2022,0,Other,Mason Greenwood,2021-2022,Other,1.0,Josip Stanii?,2021-2022,Other,1.0,Florent Ogier,2021-2022,Other,1.0,Álvaro Odriozola,2021-2022,Other,1.0,Warmed Omari,2021-2022,Other,1.0
Mathieu Cafaro,2021-2022,0,Other,Valerio Verre,2021-2022,Other,1.0,Valentin Mihaila,2021-2022,Other,1.0,Petar Ratkov,2025-2026,Other,1.0,Thibault Klidje,2021-2022,Other,1.0,Lasse Günther,2021-2022,Other,1.0
Yannick Cahuzac,2021-2022,0,Other,Jason,2021-2022,Other,1.0,Przemys?aw P?acheta,2021-2022,Other,1.0,Freddie Veseli,2021-2022,Other,1.0,Fábio Silva,2021-2022,Other,1.0,Lennart Grill,2021-2022,Other,1.0
Felipe Caicedo,2021-2022,0,Other,Moustapha Mbow,2021-2022,Other,1.0,Hugo Novoa,2021-2022,Other,1.0,Abdou Harroui,2021-2022,Other,1.0,Josema,2021-2022,Other,1.0,Gideon Jung,2021-2022,Other,1.0
Moisés Caicedo,2021-2022,0,Other,Jamaal Lascelles,2021-2022,Other,1.0,Stole Dimitrievski,2021-2022,Other,1.0,Dominic Calvert-Lewin,2021-2022,Other,1.0,Arkadiusz Reca,2021-2022,Other,1.0,Nehuén Pérez,2021-2022,Other,1.0
Marc-Aurèle Caillard,2021-2022,0,Other,Ciaran Clark,2021-2022,Other,1.0,Jacob Murphy,2021-2022,Other,1.0,Janni Serra,2021-2022,Other,1.0,Sandro Ramírez,2021-2022,Other,1.0,Krzysztof Pi?tek,2021-2022,Other,1.0
Jens Cajuste,2021-2022,0,Unknown,Manuel Akanji,2021-2022,Unknown,1.0,Mats Hummels,2021-2022,Unknown,1.0,Max Kruse,2021-2022,Unknown,1.0,Jamal Musiala,2021-2022,Unknown,1.0,Juan Foyth,2021-2022,Unknown,1.0
Cala,2021-2022,0,Other,Flavio Junior Bianchi,2021-2022,Other,1.0,Mitchell Dijks,2021-2022,Other,1.0,Ricardo Pepi,2021-2022,Other,1.0,Alessandro Berardi,2021-2022,Other,1.0,Fábio Silva,2021-2022,Other,1.0
Davide Calabria,2021-2022,0,Unknown,Juan Jesus,2021-2022,Unknown,1.0,Jacob Ramsey,2021-2022,Unknown,1.0,Clément Lenglet,2021-2022,Unknown,1.0,Jemerson,2021-2022,Unknown,1.0,Elseid Hysaj,2021-2022,Unknown,1.0
Riccardo Calafiori,2021-2022,0,Other,Cody Drameh,2021-2022,Other,1.0,Miguel Baeza,2021-2022,Other,1.0,Jens Odgaard,2025-2026,Other,1.0,Romain Philippoteaux,2021-2022,Other,1.0,Abdourahmane Barry,2021-2022,Other,1.0
Mattia Caldara,2021-2022,0,Unknown,Dominik Takáč,2025-2026,Unknown,1.0,Aleksandr Golovin,2021-2022,Unknown,1.0,Mohamed Fares,2021-2022,Unknown,1.0,Matteo Darmian,2021-2022,Unknown,1.0,Ollie Watkins,2021-2022,Unknown,1.0
Calderón,2021-2022,0,Other,Jaume Grau,2021-2022,Other,1.0,Nemanja Radonji?,2021-2022,Other,1.0,Vladyslav Supriaha,2021-2022,Other,1.0,Adrian Fein,2021-2022,Other,1.0,Andres Cuenca,2025-2026,Other,1.0
Fernando Calero,2021-2022,0,Other,Nadir Zortea,2021-2022,Other,1.0,Ignatius Ganago,2021-2022,Other,1.0,Tomás Pina Isla,2021-2022,Other,1.0,Opa Nguette,2021-2022,Other,1.0,Jeremy Dudziak,2021-2022,Other,1.0
Duje ?aleta-Car,2021-2022,0,Other,Gian Marco Ferrari,2021-2022,Other,1.0,Emiliano Martínez,2021-2022,Unknown,1.0,David de Gea,2021-2022,Unknown,1.0,Diego López,2021-2022,Unknown,1.0,Sofiane Boufal,2021-2022,Other,1.0
Hakan Çalhanoðlu,2021-2022,0,Other,Fabio,2021-2022,Unknown,1.0,Édouard Mendy,2021-2022,Unknown,1.0,Antonín Barák,2021-2022,Other,1.0,Sergio Canales,2021-2022,Other,1.0,Facundo Medina,2021-2022,Other,1.0
Daniel Caligiuri,2021-2022,0,Unknown,Diogo Dalot,2021-2022,Unknown,1.0,Piero Hincapié,2021-2022,Unknown,1.0,Gonçalo Guedes,2021-2022,Unknown,1.0,Ben White,2021-2022,Unknown,1.0,Trincão,2021-2022,Forward,1.0
José Callejón,2021-2022,0,Unknown,Kevin Trapp,2021-2022,Unknown,1.0,Jan Bednarek,2021-2022,Other,1.0,Ivan Rakiti?,2021-2022,Other,1.0,Edmond Tapsoba,2021-2022,Other,1.0,Mauro Icardi,2021-2022,Unknown,1.0
Lucas Calodat,2021-2022,0,Other,Sidney Raebiger,2021-2022,Other,1.0,Pietro Pellegri,2021-2022,Other,1.0,Alex Petxa,2021-2022,Other,1.0,Wisdom Amey,2021-2022,Other,1.0,Alex Král,2021-2022,Other,1.0
Dominic Calvert-Lewin,2021-2022,0,Other,Stole Dimitrievski,2021-2022,Other,1.0,Moisés Caicedo,2021-2022,Other,1.0,Jamaal Lascelles,2021-2022,Other,1.0,Antonio Sánchez,2021-2022,Other,1.0,Christopher Wooh,2021-2022,Other,1.0
Mahdi Camara,2021-2022,0,Other,Cristiano Biraghi,2021-2022,Other,1.0,Moussa Diaby,2021-2022,Other,1.0,Mike Maignan,2021-2022,Unknown,1.0,Stefan Ortega,2021-2022,Unknown,1.0,Wilfried Zaha,2021-2022,Other,1.0
Mamadou Camara,2021-2022,0,Other,Patrik Schick,2025-2026,Unknown,1.0,Zhegrova,2021-2022,Midfielder,1.0,Anderson Lima,2021-2022,Other,1.0,Hannibal Mejbri,2021-2022,Other,1.0,Chiellini,2021-2022,Defender,0.9999
Víctor Camarasa,2021-2022,0,Other,Théo Le Bris,2021-2022,Other,1.0,Emmanuel Amankwaa Akurugu,2021-2022,Other,1.0,Paul Dummett,2021-2022,Other,1.0,Nikola Kalini?,2021-2022,Other,1.0,Giuseppe Pezzella,2021-2022,Other,1.0
Andrea Cambiaso,2021-2022,0,Other,Mërgim Vojvoda,2021-2022,Other,1.0,Aarón Martín,2021-2022,Other,1.0,Jacob Barrett Laursen,2021-2022,Other,1.0,Jeffrey Schlupp,2021-2022,Other,1.0,Norbert Gyömbér,2021-2022,Other,1.0
José Campaña,2021-2022,0,Other,Antonio Raillo,2021-2022,Other,1.0,Aleix Vidal,2021-2022,Other,1.0,Lilian Brassier,2021-2022,Other,1.0,Mattias Svanberg,2021-2022,Other,1.0,Salva Sevilla,2021-2022,Other,1.0
Sergio Canales,2021-2022,0,Other,Antonín Barák,2021-2022,Other,1.0,Fabio,2021-2022,Unknown,1.0,David Ospina,2021-2022,Unknown,1.0,Hakan Çalhanoðlu,2021-2022,Other,1.0,Édouard Mendy,2021-2022,Unknown,1.0
Matteo Cancellieri,2021-2022,0,Other,Luca Vignali,2021-2022,Other,1.0,Amine Bassi,2021-2022,Other,1.0,Felix Passlack,2021-2022,Other,1.0,Béni Makouana,2021-2022,Other,1.0,Aïssa Mandi,2021-2022,Other,1.0
Fali Candé,2021-2022,0,Other,Isaac Carcelen,2021-2022,Other,1.0,Jean-Louis Leca,2021-2022,Other,1.0,Diego González,2021-2022,Other,1.0,Helibelton Palacios,2021-2022,Other,1.0,Pape Gueye,2021-2022,Other,1.0
Antonio Candreva,2021-2022,0,Other,Grischa Prömel,2021-2022,Other,1.0,Gastón Pereiro,2021-2022,Unknown,1.0,Jarrod Bowen,2021-2022,Other,1.0,Emerson Palmieri,2021-2022,Other,1.0,Martín Cáceres,2021-2022,Unknown,1.0
Sergi Canós,2021-2022,0,Other,Patson Daka,2021-2022,Other,1.0,Maxime Busi,2021-2022,Other,1.0,Milo Pantovi?,2021-2022,Other,1.0,Genki Haraguchi,2021-2022,Other,1.0,Andros Townsend,2021-2022,Other,1.0
Álex Cantero,2021-2022,0,Other,Martin Hongla,2021-2022,Other,1.0,Ashley Barnes,2021-2022,Other,1.0,Kevin Long,2021-2022,Other,1.0,Pablo Martínez,2021-2022,Other,1.0,Jakub Jankto,2021-2022,Other,1.0
Todd Cantwell,2021-2022,0,Other,Eray Cömert,2021-2022,Other,1.0,Michel Aebischer,2021-2022,Other,1.0,Nicolás Serrano,2021-2022,Other,1.0,Steven Fortes,2021-2022,Other,1.0,Ellis Simms,2021-2022,Other,1.0
Ander Capa,2021-2022,0,Other,Sven Ulreich,2025-2026,Unknown,1.0,Kanga,2021-2022,Forward,1.0,Alan Virginius,2025-2026,Other,1.0,Brian Brobbey,2021-2022,Other,1.0,Yan Brice Eteki,2021-2022,Other,1.0
Pierrick Capelle,2021-2022,0,Other,Pavel Kade?ábek,2021-2022,Other,1.0,Kiko Casilla,2021-2022,Other,1.0,Santiago Gimenez,2025-2026,Unknown,1.0,Tyronne Ebuehi,2021-2022,Other,1.0,Mads Pedersen,2021-2022,Other,1.0
Leonardo Capezzi,2021-2022,0,Other,Sonny Perkins,2021-2022,Other,1.0,Oriol Busquets,2021-2022,Other,1.0,Charles Abi,2021-2022,Other,1.0,Jérôme Hergault,2021-2022,Other,1.0,Håvard Nordtveit,2021-2022,Other,1.0
Gianluca Caprari,2021-2022,0,Other,Andrei Girotto,2021-2022,Other,1.0,Thibaut Courtois,2021-2022,Unknown,1.0,Konstantinos Mavropanos,2021-2022,Other,1.0,Edinson Cavani,2021-2022,Unknown,1.0,Florian Tardieu,2021-2022,Other,1.0
Francesco Caputo,2021-2022,0,Other,Anastasios Donis,2021-2022,Other,1.0,Leo Fuhr Hjelde,2021-2022,Other,1.0,Óscar Rodríguez Arnaiz,2021-2022,Other,1.0,Morgan Sanson,2021-2022,Other,1.0,Roberto Piccoli,2021-2022,Other,1.0
Maxence Caqueret,2021-2022,0,Unknown,Dante,2021-2022,Unknown,1.0,Salih Özcan,2021-2022,Unknown,1.0,Scott McTominay,2021-2022,Unknown,1.0,Martín Zubimendi,2021-2022,Unknown,1.0,Douglas Luiz,2021-2022,Unknown,1.0
Andrea Carboni,2021-2022,0,Other,Jamie Leweling,2021-2022,Other,1.0,Óscar Gil,2021-2022,Other,1.0,Marco Richter,2021-2022,Other,1.0,Ilan Kebbal,2021-2022,Other,1.0,Andreas Luthe,2021-2022,Other,1.0
Isaac Carcelen,2021-2022,0,Other,Fali Candé,2021-2022,Other,1.0,Diego González,2021-2022,Other,1.0,Jean-Louis Leca,2021-2022,Other,1.0,Pape Gueye,2021-2022,Other,1.0,Helibelton Palacios,2021-2022,Other,1.0
Cárdenas,2021-2022,0,Other,Lorenzo Venuti,2021-2022,Other,1.0,Marvin Plattenhardt,2021-2022,Other,1.0,Mathias Normann,2021-2022,Other,1.0,Jim Allevinah,2021-2022,Other,1.0,Salomón Rondón,2021-2022,Unknown,1.0
Irvin Cardona,2021-2022,0,Other,Riccardo Sottil,2021-2022,Other,1.0,Necip Uysal,2021-2022,Unknown,1.0,Simone Verdi,2021-2022,Other,1.0,Michael Svoboda,2021-2022,Other,1.0,Gian-Luca Itter,2021-2022,Other,1.0
Igor Carioca,2021-2022,0,Other,Kamaldeen Sulemana,2021-2022,Other,1.0,Iñigo Ruiz de Galarreta,2021-2022,Other,1.0,Mathias Jensen,2021-2022,Other,1.0,Javier Manquillo,2021-2022,Other,1.0,Federico Di Francesco,2021-2022,Other,1.0
Carmona,2021-2022,0,Other,Rubén Pardo,2021-2022,Other,1.0,James Forrest,2025-2026,Unknown,1.0,Daan Heymans,2021-2022,Other,1.0,Lukáš Sadílek,2025-2026,Other,1.0,Farid El Melali,2021-2022,Other,1.0
Yannick Carrasco,2021-2022,0,Unknown,Federico Fazio,2021-2022,Unknown,1.0,Álvaro Morata,2021-2022,Unknown,1.0,Kieran Tierney,2021-2022,Unknown,1.0,Alessandro Florenzi,2021-2022,Unknown,1.0,Randal Kolo Muani,2021-2022,Unknown,1.0
Guido Carrillo,2021-2022,0,Other,Kieran Dowell,2021-2022,Other,1.0,Jens Petter Hauge,2021-2022,Other,1.0,Andriy Yarmolenko,2021-2022,Unknown,1.0,Morten Frendrup,2021-2022,Other,1.0,Toma Bai?,2021-2022,Other,1.0
William Carvalho,2021-2022,0,Other,Anel Ahmedhodzic,2021-2022,Other,1.0,Iago,2021-2022,Other,1.0,Jeroen Zoet,2021-2022,Unknown,1.0,Diawara,2021-2022,Goalkeeper,1.0,Roberto Soriano,2021-2022,Other,1.0
Nicolò Casale,2021-2022,0,Other,Robert Gumny,2021-2022,Other,1.0,Kevin Vázquez,2021-2022,Other,1.0,Mexer,2021-2022,Other,1.0,Darko Braanac,2021-2022,Other,1.0,Dedryck Boyata,2021-2022,Other,1.0
Matty Cash,2021-2022,0,Unknown,Stephan El Shaarawy,2021-2022,Unknown,1.0,Marc Bartra,2021-2022,Unknown,1.0,Roberto Pereyra,2021-2022,Unknown,1.0,Juan Musso,2021-2022,Other,1.0,Stefan de Vrij,2021-2022,Unknown,1.0
Kiko Casilla,2021-2022,0,Other,Pavel Kade?ábek,2021-2022,Other,1.0,Pierrick Capelle,2021-2022,Other,1.0,Santiago Gimenez,2025-2026,Unknown,1.0,Tyronne Ebuehi,2021-2022,Other,1.0,Mads Pedersen,2021-2022,Other,1.0
Moreto Cassamã,2021-2022,0,Other,Pasquale Mazzocchi,2021-2022,Other,1.0,Kevin Strootman,2021-2022,Unknown,1.0,Ben Foster,2021-2022,Other,1.0,Jordan Lotomba,2021-2022,Other,1.0,Stefan Strandberg,2021-2022,Other,1.0
Timothy Castagne,2021-2022,0,Other,Amine Harit,2021-2022,Other,1.0,Danilo Soares,2021-2022,Other,1.0,Abdoulaye Doucouré,2021-2022,Other,1.0,Rui Silva,2021-2022,Unknown,1.0,Jonas Hector,2021-2022,Other,1.0
Koen Casteels,2021-2022,0,Unknown,Jonathan Clauss,2021-2022,Other,1.0,Jean-Clair Todibo,2021-2022,Other,1.0,Denis Suárez,2021-2022,Other,1.0,Álex Remiro,2021-2022,Unknown,1.0,Kevin Danso,2021-2022,Other,1.0
Jean-Charles Castelletto,2021-2022,0,Other,Víctor Laguardia,2021-2022,Other,1.0,Gianluca Mancini,2021-2022,Other,1.0,Simone Romagnoli,2021-2022,Other,1.0,Michail Antonio,2021-2022,Other,1.0,Ivan Toney,2021-2022,Other,1.0
Samu Castillejo,2021-2022,0,Other,Gabriel Vidovic,2021-2022,Other,1.0,Jordan Amavi,2021-2022,Other,1.0,Paul Nebel,2021-2022,Other,1.0,Lys Mousset,2021-2022,Other,1.0,Clinton Mola,2021-2022,Other,1.0
Gonzalo Castro,2021-2022,0,Unknown,Borja Iglesias,2021-2022,Other,1.0,Makoto Hasebe,2021-2022,Other,1.0,Lucien Agoume,2021-2022,Other,1.0,Craig Cathcart,2021-2022,Other,1.0,Liam Henderson,2021-2022,Other,1.0
Jonny Castro,2021-2022,0,Other,Houboulang Mendes,2021-2022,Other,1.0,Pablo Fornals,2021-2022,Other,1.0,Christian Günter,2021-2022,Other,1.0,Hamed Junior Traorè,2021-2022,Other,1.0,Filip Kosti?,2021-2022,Other,1.0
Gaetano Castrovilli,2021-2022,0,Other,Keita Baldé,2021-2022,Other,1.0,Falaye Sacko,2021-2022,Other,1.0,Adil Aouchiche,2021-2022,Other,1.0,Filip ?uri?i?,2021-2022,Other,1.0,Adam Masina,2021-2022,Other,1.0
Danilo Cataldi,2021-2022,0,Unknown,Shkodran Mustafi,2021-2022,Unknown,1.0,Pascal Groß,2021-2022,Unknown,1.0,Steven Bergwijn,2021-2022,Unknown,1.0,Mitchel Bakker,2021-2022,Unknown,1.0,Rick Karsdorp,2021-2022,Unknown,1.0
Catena,2021-2022,0,Other,Caio Henrique Oliveira Silva,2021-2022,Other,1.0,Marshall Munetsi,2021-2022,Other,1.0,Armand Lauriente,2021-2022,Other,1.0,Milan Badelj,2021-2022,Other,1.0,Jonathan Gradit,2021-2022,Other,1.0
Craig Cathcart,2021-2022,0,Other,Liam Henderson,2021-2022,Other,1.0,Lucien Agoume,2021-2022,Other,1.0,Gonzalo Castro,2021-2022,Unknown,1.0,Adam Forshaw,2021-2022,Other,1.0,Carlos Neva,2021-2022,Other,1.0
Edinson Cavani,2021-2022,0,Unknown,Florian Tardieu,2021-2022,Other,1.0,Tom Cleverley,2021-2022,Unknown,1.0,Thibaut Courtois,2021-2022,Unknown,1.0,Gianluca Caprari,2021-2022,Other,1.0,Andrei Girotto,2021-2022,Other,1.0
Pietro Ceccaroni,2021-2022,0,Other,Laurent Abergel,2021-2022,Other,1.0,Joselu,2021-2022,Other,1.0,Denis Bouanga,2021-2022,Other,1.0,Vicente Iborra,2021-2022,Unknown,1.0,Iker Muniain,2021-2022,Other,1.0
Federico Ceccherini,2021-2022,0,Other,Thomas Henry,2021-2022,Other,1.0,Sebastiano Luperto,2021-2022,Other,1.0,Jeremías Ledesma,2021-2022,Other,1.0,Joseph Scally,2021-2022,Other,1.0,Elif Elmas,2021-2022,Other,1.0
Emil Ceide,2021-2022,0,Other,Marcelo,2021-2022,Unknown,1.0,Mouhamadou Diarra,2021-2022,Other,1.0,Jonathan Silva,2021-2022,Other,1.0,Luis Palma,2025-2026,Unknown,1.0,Nordine Kandil,2021-2022,Other,1.0
Fabien Centonze,2021-2022,0,Other,Iago Aspas,2021-2022,Other,1.0,Maxi Gómez,2021-2022,Unknown,1.0,Tolgay Arslan,2021-2022,Unknown,1.0,Franck Honorat,2021-2022,Other,1.0,Ismaël Traoré,2021-2022,Other,1.0
Luca Ceppitelli,2021-2022,0,Other,Remi Oudin,2021-2022,Other,1.0,Joakim Mæhle,2021-2022,Other,1.0,Jeremy Toljan,2021-2022,Other,1.0,Kamory Doumbia,2021-2022,Other,1.0,Hicham Boudaoui,2021-2022,Other,1.0
Franco Cervi,2021-2022,0,Unknown,Junior Firpo,2021-2022,Unknown,1.0,Denis Zakaria,2021-2022,Unknown,1.0,Sergej Milinkovi?-Savi?,2021-2022,Other,1.0,Laurent Koscielny,2021-2022,Unknown,1.0,Mattia De Sciglio,2021-2022,Unknown,1.0
Leonardo César Jardim,2021-2022,0,Other,Junior Sambia,2021-2022,Other,1.0,Timothee Pembele,2021-2022,Other,1.0,Thierry Correia,2021-2022,Other,1.0,Josip Ili?i?,2021-2022,Other,1.0,Marc-André ter Stegen,2025-2026,Unknown,1.0
Damir Ceter,2021-2022,0,Other,Tommaso De Nipoti,2021-2022,Other,1.0,Laurens Serpe,2021-2022,Other,1.0,Dídac Vilà,2021-2022,Other,1.0,Saúl García,2021-2022,Other,1.0,Nemanja Radonjić,2025-2026,Forward,1.0
Julian Chabot,2021-2022,0,Other,José Mari,2021-2022,Other,1.0,Yacine Qasmi,2021-2022,Other,1.0,Ibrahim Diakité,2021-2022,Other,1.0,Pizzi,2021-2022,Unknown,1.0,Nils Seufert,2021-2022,Other,1.0
Nassim Chadli,2021-2022,0,Other,Sofiane Alakouch,2021-2022,Other,1.0,Seedy Jatta,2025-2026,Other,1.0,Ben Godfrey,2025-2026,Other,1.0,Alvaro Sanz,2021-2022,Other,1.0,Jovane Cabral,2021-2022,Forward,1.0
Kayky Chagas,2021-2022,0,Other,Cenk Tosun,2021-2022,Other,1.0,Banhie Zoukrou,2021-2022,Other,1.0,Adamo Nagalo,2025-2026,Unknown,1.0,Francesco Camarda,2025-2026,Other,1.0,Idjessi Metsoko,2025-2026,Unknown,1.0
Calum Chambers,2021-2022,0,Other,James Tarkowski,2021-2022,Other,1.0,Kerem Demirbay,2021-2022,Other,1.0,Antonio Barragán,2021-2022,Unknown,1.0,Jesper Lindstrøm,2021-2022,Other,1.0,Celeadnic,2021-2022,Goalkeeper,1.0
Dylan Chambost,2021-2022,0,Other,Ohis Felix Uduokhai,2021-2022,Other,1.0,Manu García,2021-2022,Other,1.0,Will Hughes,2021-2022,Other,1.0,Ante Rebi?,2021-2022,Other,1.0,Anderson Lucoqui,2021-2022,Other,1.0
Timothy Chandler,2021-2022,0,Other,Anthony Mandrea,2021-2022,Other,1.0,Giorgio Scalvini,2021-2022,Other,1.0,Juan Mata,2021-2022,Unknown,1.0,Bonke Innocent,2021-2022,Other,1.0,Nico Williams,2021-2022,Other,1.0
Chapela,2021-2022,0,Other,Jon Guridi,2021-2022,Other,1.0,Abdoulaye Bamba,2021-2022,Other,1.0,Daniel Brosinski,2021-2022,Other,1.0,Saman Ghoddos,2021-2022,Other,1.0,Maximilian Ullmann,2021-2022,Other,1.0
Brendan Chardonnet,2021-2022,0,Unknown,Djibril Sow,2021-2022,Unknown,1.0,Chris Smalling,2021-2022,Unknown,1.0,Marc Cucurella,2021-2022,Unknown,1.0,Hirving Lozano,2021-2022,Unknown,1.0,Mikel Oyarzabal,2021-2022,Unknown,1.0
Xavier Chavalerin,2021-2022,0,Other,Iglesias,2021-2022,Other,1.0,Sebastien De Maio,2021-2022,Other,1.0,Caoimhín Kelleher,2025-2026,Other,1.0,David Nemeth,2021-2022,Other,1.0,Levin Öztunalý,2021-2022,Other,1.0
Justin Che,2021-2022,0,Other,Stefano Sensi,2021-2022,Other,1.0,Ramiz Zerrouki,2025-2026,Other,1.0,Andres Cuenca,2025-2026,Other,1.0,Adrian Fein,2021-2022,Other,1.0,Vladyslav Supriaha,2021-2022,Other,1.0
Chema,2021-2022,0,Other,Kristjan Asllani,2025-2026,Unknown,1.0,Diogo Gonçalves,2021-2022,Unknown,1.0,Couhaib Driouech,2025-2026,Unknown,1.0,Markus Solbakken,2025-2026,Unknown,0.9999,Delap,2021-2022,Forward,0.9999
Rayan Cherki,2021-2022,0,Other,Jutglà,2021-2022,Other,1.0,Kévin Rodrigues,2021-2022,Other,1.0,Tobias Strobl,2021-2022,Other,1.0,Nianzou Kouassi,2021-2022,Other,1.0,Monchu,2021-2022,Other,1.0
Denis Cheryshev,2021-2022,0,Other,Felix Afena-Gyan,2021-2022,Other,1.0,Mato Jajalo,2021-2022,Other,1.0,Diego Coppola,2021-2022,Other,1.0,Cristiano Piccini,2021-2022,Other,1.0,Abdoulaye Touré,2021-2022,Other,1.0
Daniel Chesters,2021-2022,0,Other,Immanuel Pherai,2021-2022,Other,1.0,Romario Rösch,2021-2022,Other,1.0,Dimitrios Keramitsis,2021-2022,Other,1.0,Robert Tesche,2021-2022,Other,1.0,Marin Jakoli,2021-2022,Other,1.0
Chiquinho,2021-2022,0,Unknown,Saúl Ñíguez,2021-2022,Unknown,1.0,Cherif Ndiaye,2025-2026,Other,1.0,Óliver Torres,2021-2022,Unknown,1.0,Tiago Tomás,2021-2022,Forward,1.0,Geovany Quenda,2025-2026,Unknown,1.0
Vlad Chiriche?,2021-2022,0,Other,Dani Rodríguez,2021-2022,Other,1.0,Martin Erlic,2021-2022,Other,1.0,Nicolas Pallois,2021-2022,Other,1.0,Javi Martínez,2021-2022,Unknown,1.0,Terem Moffi,2021-2022,Other,1.0
Pedro Chirivella,2021-2022,0,Other,Eden Hazard,2021-2022,Unknown,1.0,João Pedro,2021-2022,Other,1.0,Ashley Young,2021-2022,Unknown,1.0,Alexander Djiku,2021-2022,Other,1.0,Vincenzo Grifo,2021-2022,Other,1.0
Joris Chotard,2021-2022,0,Other,Petko Hristov,2021-2022,Other,1.0,Pablo Rosario,2021-2022,Other,1.0,Jeffrey Gouweleeuw,2021-2022,Other,1.0,Álvaro García,2021-2022,Other,1.0,Stephy Mavididi,2021-2022,Other,1.0
Hamza Choudhury,2021-2022,0,Other,Antonio Raimondo,2021-2022,Other,1.0,Raúl,2021-2022,Unknown,1.0,Jesús Areso,2021-2022,Other,1.0,Sven Michel,2021-2022,Other,1.0,Oghenekaro Etebo,2021-2022,Other,1.0
Max Christiansen,2021-2022,0,Other,Ishak Belfodil,2021-2022,Other,1.0,Marco Silvestri,2021-2022,Other,1.0,Kevin Akpoguma,2021-2022,Other,1.0,Atakan Karazor,2021-2022,Other,1.0,Marco Sportiello,2021-2022,Unknown,1.0
Carney Chukwuemeka,2021-2022,0,Unknown,Antonio Vacca,2021-2022,Other,1.0,Ainsley Maitland-Niles,2021-2022,Other,1.0,Sofian Kiyine,2021-2022,Other,1.0,Sada Thioub,2021-2022,Other,1.0,Ivor Pandur,2021-2022,Other,1.0
Víctor Chust,2021-2022,0,Other,Nick Pope,2021-2022,Other,1.0,Vitaliy Mykolenko,2021-2022,Other,1.0,Dejan Ljubicic,2021-2022,Other,1.0,Matthew Lowton,2021-2022,Other,1.0,Pol Lirola,2021-2022,Other,1.0
Riccardo Ciervo,2021-2022,0,Other,Tachi,2021-2022,Other,1.0,Mickey van de Ven,2021-2022,Other,1.0,Shane Long,2021-2022,Other,1.0,Sebastian Walukiewicz,2021-2022,Other,1.0,Iván Martín,2021-2022,Other,1.0
Jasper Cillessen,2021-2022,0,Unknown,Enzo Roco,2021-2022,Other,1.0,Allan Saint-Maximin,2021-2022,Other,1.0,Santi Mina,2021-2022,Other,1.0,Lorenzo De Silvestri,2021-2022,Other,1.0,Lucas Boyé,2021-2022,Other,1.0
Pathé Ciss,2021-2022,0,Other,Manolo Portanova,2021-2022,Other,1.0,Daniel Bachmann,2021-2022,Other,1.0,Jessic Ngankam,2021-2022,Other,1.0,Marko Dmitrovi?,2021-2022,Other,1.0,Lucas Alario,2021-2022,Other,1.0
Giorgio Cittadini,2021-2022,0,Other,Bjorn Meijer,2025-2026,Unknown,1.0,Cedric Itten,2025-2026,Other,1.0,Matúš Vojtko,2025-2026,Other,1.0,Eliot Matazo,2025-2026,Other,1.0,Romain Faivre,2025-2026,Unknown,1.0
Ciaran Clark,2021-2022,0,Other,Jacob Murphy,2021-2022,Other,1.0,Sandro Ramírez,2021-2022,Other,1.0,Marc-Aurèle Caillard,2021-2022,Other,1.0,Janni Serra,2021-2022,Other,1.0,Krzysztof Pi?tek,2021-2022,Other,1.0
Alexis Claude-Maurice,2021-2022,0,Other,Lasse Günther,2021-2022,Other,1.0,Robert Ibáñez,2021-2022,Other,1.0,Kaio Jorge,2021-2022,Other,1.0,Leonardo Spinazzola,2021-2022,Unknown,1.0,Kingsley Michael,2021-2022,Other,1.0
Jonathan Clauss,2021-2022,0,Other,Koen Casteels,2021-2022,Unknown,1.0,Jean-Clair Todibo,2021-2022,Other,1.0,Denis Suárez,2021-2022,Other,1.0,Álex Remiro,2021-2022,Unknown,1.0,Kevin Danso,2021-2022,Other,1.0
Carlos Clerc,2021-2022,0,Other,Ángel Rodríguez,2021-2022,Other,1.0,Nathanael Mbuku,2021-2022,Other,1.0,Manu Morlanes,2021-2022,Other,1.0,Miguel Trauco,2021-2022,Other,1.0,Youcef Belaïli,2021-2022,Other,1.0
Tom Cleverley,2021-2022,0,Unknown,Florian Tardieu,2021-2022,Other,1.0,Edinson Cavani,2021-2022,Unknown,1.0,Thibaut Courtois,2021-2022,Unknown,1.0,Gianluca Caprari,2021-2022,Other,1.0,Andrei Girotto,2021-2022,Other,1.0
Nathaniel Clyne,2021-2022,0,Other,Cédric Soares,2021-2022,Other,1.0,Paul Seguin,2021-2022,Other,1.0,Milot Rashica,2021-2022,Other,1.0,Samir Santos,2021-2022,Other,1.0,Robin Zentner,2021-2022,Other,1.0
Conor Coady,2021-2022,0,Other,Wilfried Zaha,2021-2022,Other,1.0,Stefan Ortega,2021-2022,Unknown,1.0,Julian Ryerson,2021-2022,Unknown,1.0,Lovro Majer,2021-2022,Other,1.0,Mike Maignan,2021-2022,Unknown,1.0
Marcus Coco,2021-2022,0,Other,Marin Pongra?i?,2021-2022,Other,1.0,Christos Tzolis,2021-2022,Unknown,1.0,Boris Radunovi?,2021-2022,Other,1.0,Angel Gomes,2021-2022,Other,1.0,Fede San Emeterio,2021-2022,Other,1.0
Coke,2021-2022,0,Other,Guélor Kanga,2025-2026,Midfielder,1.0,Mata,2021-2022,Midfielder,1.0,Randal Kolo Muani,2025-2026,Unknown,1.0,Jeremy Doku,2025-2026,Other,1.0,Jan-Niklas Beste,2025-2026,Other,1.0
Séamus Coleman,2021-2022,0,Other,Matthieu Udol,2021-2022,Other,1.0,Nick Viergever,2021-2022,Other,1.0,Niko Gießelmann,2021-2022,Other,1.0,Richarlison,2021-2022,Other,1.0,Aaron Wan-Bissaka,2021-2022,Other,1.0
Álex Collado,2021-2022,0,Other,Benoît Costil,2021-2022,Other,1.0,Kelechi Iheanacho,2021-2022,Other,1.0,Domingos Duarte,2021-2022,Other,1.0,Dennis Appiah,2021-2022,Other,1.0,Solly March,2021-2022,Other,1.0
Ebrima Colley,2021-2022,0,Other,Giovani Lo Celso,2021-2022,Unknown,1.0,David Timor,2021-2022,Other,1.0,Chimuanya Ugochukwu,2021-2022,Other,1.0,Unai Dufur,2021-2022,Other,1.0,Renaud Emond,2021-2022,Other,1.0
Omar Colley,2021-2022,0,Other,Tommaso Pobega,2021-2022,Other,1.0,M'Baye Niang,2021-2022,Unknown,1.0,Emi Buendía,2021-2022,Other,1.0,Niklas Dorsch,2021-2022,Other,1.0,Yoann Salmier,2021-2022,Other,1.0
Nathan Collins,2021-2022,0,Other,Rubén García,2021-2022,Other,1.0,Édgar González,2021-2022,Other,1.0,Rani Khedira,2021-2022,Other,1.0,Youssouf Fofana,2021-2022,Other,1.0,Nedim Bajrami,2021-2022,Other,1.0
Kingsley Coman,2021-2022,0,Unknown,Abdou Diallo,2021-2022,Unknown,1.0,Grbić,2021-2022,Goalkeeper,1.0,Ángel Di María,2021-2022,Unknown,1.0,Jürgen Locadia,2021-2022,Unknown,1.0,Nabil Bentaleb,2021-2022,Unknown,1.0
Eray Cömert,2021-2022,0,Other,Michel Aebischer,2021-2022,Other,1.0,Todd Cantwell,2021-2022,Other,1.0,Steven Fortes,2021-2022,Other,1.0,Nicolás Serrano,2021-2022,Other,1.0,Ellis Simms,2021-2022,Other,1.0
Santi Comesaña,2021-2022,0,Other,Grant Hanley,2021-2022,Other,1.0,Santiago Arias,2021-2022,Unknown,1.0,Reece Oxford,2021-2022,Other,1.0,Ryad Boudebouz,2021-2022,Other,1.0,Adrien Tameze,2021-2022,Other,1.0
Aaron Connolly,2021-2022,0,Other,Morgan Sanson,2021-2022,Other,1.0,Óscar Rodríguez Arnaiz,2021-2022,Other,1.0,Leo Fuhr Hjelde,2021-2022,Other,1.0,Amadou Mbengue,2021-2022,Other,1.0,Augusto Solari,2021-2022,Other,1.0
Andrea Consigli,2021-2022,0,Other,Néstor Araujo,2021-2022,Other,1.0,Esteves,2021-2022,Defender,1.0,Guglielmo Vicario,2021-2022,Other,1.0,Ismaila Sarr,2021-2022,Other,1.0,Jason Berthomier,2021-2022,Other,1.0
Abdu Conté,2021-2022,0,Other,Josh Sargent,2021-2022,Other,1.0,Ivan Radovanovi?,2021-2022,Other,1.0,Ivo Grbi?,2021-2022,Other,1.0,Maximilian Mittelstädt,2021-2022,Other,1.0,Aleksei Miranchuk,2021-2022,Other,1.0
Andrea Conti,2021-2022,0,Other,Luca Gagliano,2021-2022,Other,1.0,Eile,2021-2022,Defender,1.0,Maouassa,2021-2022,Defender,1.0,Cojocari,2021-2022,Defender,1.0,Šimić,2021-2022,Forward,1.0
Liam Cooper,2021-2022,0,Other,Habib Diallo,2021-2022,Other,1.0,Pau López,2021-2022,Other,1.0,Robert Sánchez,2021-2022,Other,1.0,Manuel Prietl,2021-2022,Other,1.0,Roger Martí,2021-2022,Other,1.0
Lucas Copado,2021-2022,0,Other,Keita Endo,2021-2022,Other,1.0,Arbër Hoxha,2025-2026,Other,1.0,Gökhan Töre,2021-2022,Midfielder,1.0,Afimico Pululu,2021-2022,Other,1.0,Izquierdo,2021-2022,Forward,1.0
Diego Coppola,2021-2022,0,Other,Felix Afena-Gyan,2021-2022,Other,1.0,Denis Cheryshev,2021-2022,Other,1.0,Cristiano Piccini,2021-2022,Other,1.0,Mato Jajalo,2021-2022,Other,1.0,Hassane Kamara,2021-2022,Other,1.0
Francis Coquelin,2021-2022,0,Unknown,Paul Pogba,2021-2022,Unknown,1.0,Trubin,2021-2022,Goalkeeper,1.0,Kjell Scherpen,2025-2026,Goalkeeper,1.0,Karim Bellarabi,2021-2022,Unknown,1.0,Jan Oblak,2025-2026,Unknown,1.0
Sébastien Corchia,2021-2022,0,Other,Salvi,2021-2022,Other,1.0,Aihen Muñoz,2021-2022,Other,1.0,Christian Kabasele,2021-2022,Other,1.0,Linus Gechter,2021-2022,Other,1.0,Aitor Fernández,2021-2022,Other,1.0
Sergio Córdova,2021-2022,0,Other,José Juan Macías,2021-2022,Other,1.0,Gonzalo Villar,2021-2022,Other,1.0,Andrea Favilli,2021-2022,Other,1.0,Silvère Ganvoula M'Boussy,2021-2022,Other,1.0,Iván Martín,2021-2022,Other,1.0
Jack Cork,2021-2022,0,Other,Michael Gregoritsch,2021-2022,Other,1.0,Boubacar Traoré,2021-2022,Other,1.0,Jodel Dossou,2021-2022,Other,1.0,Eduard Löwen,2021-2022,Other,1.0,Stuart Armstrong,2021-2022,Other,1.0
Maxwel Cornet,2021-2022,0,Unknown,Kevin Volland,2021-2022,Unknown,1.0,Adrien Rabiot,2021-2022,Unknown,1.0,Ollie Watkins,2021-2022,Unknown,1.0,Fernando Marçal,2021-2022,Unknown,1.0,Aleksandr Golovin,2021-2022,Unknown,1.0
Jesús Corona,2021-2022,0,Unknown,Teemu Pukki,2021-2022,Unknown,1.0,Robin Knoche,2021-2022,Unknown,1.0,Jérôme Boateng,2021-2022,Unknown,1.0,Fernando Marçal,2021-2022,Unknown,1.0,Moussa Sissoko,2021-2022,Unknown,1.0
Ángel Correa,2021-2022,0,Unknown,Javi Galán,2021-2022,Unknown,1.0,Alberto Moreno,2021-2022,Unknown,1.0,Jamie Vardy,2021-2022,Unknown,1.0,Philipp Köhn,2025-2026,Unknown,1.0,Ivan Nevistić,2025-2026,Goalkeeper,1.0
Joaquín Correa,2021-2022,0,Unknown,Gabriel Paulista,2021-2022,Unknown,1.0,David Raum,2021-2022,Unknown,1.0,Harry Kane,2021-2022,Unknown,1.0,Eliaquim Mangala,2021-2022,Unknown,1.0,Mikel Merino,2021-2022,Unknown,1.0
Thierry Correia,2021-2022,0,Other,Junior Sambia,2021-2022,Other,1.0,Leonardo César Jardim,2021-2022,Other,1.0,Timothee Pembele,2021-2022,Other,1.0,Josip Ili?i?,2021-2022,Other,1.0,Damien Da Silva,2021-2022,Other,1.0
Danny da Costa,2021-2022,0,Other,Wayne Hennessey,2021-2022,Other,1.0,Alejandro Primo,2021-2022,Other,1.0,Dodi Lukebakio,2021-2022,Other,1.0,Marvelous Nakamba,2021-2022,Other,1.0,Romain Salin,2021-2022,Other,1.0
David Pereira da Costa,2021-2022,0,Other,Justin Kluivert,2021-2022,Other,1.0,James McArthur,2021-2022,Other,1.0,Timothy Tillman,2021-2022,Other,1.0,Jean-Paul Boëtius,2021-2022,Other,1.0,Mattia Destro,2021-2022,Other,1.0
Hélder Costa,2021-2022,0,Other,Tonny Vilhena,2021-2022,Other,1.0,Unai Núñez,2021-2022,Other,1.0,Mat?j Vydra,2021-2022,Other,1.0,Simon Asta,2021-2022,Other,1.0,Michael Esser,2021-2022,Other,1.0
Jaume Costa,2021-2022,0,Other,Harold Moukoudi,2021-2022,Other,1.0,Joaquín,2021-2022,Unknown,1.0,Filippo Bandinelli,2021-2022,Other,1.0,Solly March,2021-2022,Other,1.0,Domingos Duarte,2021-2022,Other,1.0
Benoît Costil,2021-2022,0,Other,Kelechi Iheanacho,2021-2022,Other,1.0,Álex Collado,2021-2022,Other,1.0,Domingos Duarte,2021-2022,Other,1.0,Solly March,2021-2022,Other,1.0,Dennis Appiah,2021-2022,Other,1.0
Vladimír Coufal,2021-2022,0,Other,Kiernan Dewsbury Hall,2021-2022,Other,1.0,Koray Günter,2021-2022,Other,1.0,Maximilian Eggestein,2021-2022,Other,1.0,Andrea Belotti,2021-2022,Other,1.0,Yohann Magnin,2021-2022,Other,1.0
Kalifa Coulibaly,2021-2022,0,Other,Zinho Vanheusden,2021-2022,Other,1.0,Marius Funk,2021-2022,Other,1.0,Jeison Murillo,2021-2022,Other,1.0,Jan Thielmann,2021-2022,Other,1.0,Jack Butland,2021-2022,Other,1.0
Lassana Coulibaly,2021-2022,0,Other,João Virginia,2021-2022,Goalkeeper,1.0,Charlie Taylor,2021-2022,Other,1.0,Alberth Elis,2021-2022,Other,1.0,Adrien Truffert,2021-2022,Other,1.0,Anthony Gordon,2021-2022,Other,1.0
Mamadou Coulibaly,2021-2022,0,Other,Carlos Akapo,2021-2022,Other,1.0,Sean Longstaff,2021-2022,Other,1.0,Matvei Safonov,2025-2026,Goalkeeper,1.0,Alexander Schwolow,2021-2022,Other,1.0,Silvan Hefti,2021-2022,Other,1.0
Tanguy Coulibaly,2021-2022,0,Other,Jed Steer,2021-2022,Other,1.0,Jonathan Iglesias,2021-2022,Other,1.0,Alberto Soro,2021-2022,Other,1.0,Emil Bohinen,2021-2022,Other,1.0,Sinaly Diomande,2021-2022,Other,1.0
Thibaut Courtois,2021-2022,0,Unknown,Gianluca Caprari,2021-2022,Other,1.0,Edinson Cavani,2021-2022,Unknown,1.0,Andrei Girotto,2021-2022,Other,1.0,Florian Tardieu,2021-2022,Other,1.0,Tom Cleverley,2021-2022,Unknown,1.0
Nicolas Cozza,2021-2022,0,Other,Raúl de Tomás,2021-2022,Other,1.0,Cheick Doucouré,2021-2022,Other,1.0,Joko Gvardiol,2021-2022,Other,1.0,Andrea Ranocchia,2021-2022,Unknown,1.0,Gabriel Dos Santos,2021-2022,Other,1.0
Alessio Cragno,2021-2022,0,Other,Jean Lucas,2021-2022,Other,1.0,Burak Yýlmaz,2021-2022,Other,1.0,Gauthier Gallon,2021-2022,Other,1.0,Nampalys Mendy,2021-2022,Other,1.0,Arnaud Nordin,2021-2022,Other,1.0
Aaron Cresswell,2021-2022,0,Other,Pepe Reina,2021-2022,Unknown,1.0,Takefusa Kubo,2021-2022,Unknown,1.0,Anthony Losilla,2021-2022,Other,1.0,Salis Abdul Samed,2021-2022,Other,1.0,Rodrigo Becão,2021-2022,Other,1.0
Charlie Cresswell,2021-2022,0,Other,Matondo-Merveille Papela,2021-2022,Other,1.0,Tommaso Pobega,2025-2026,Other,1.0,Sydney van Hooijdonk,2021-2022,Other,1.0,F. Nmecha,2021-2022,Midfielder,1.0,Liam McCarron,2021-2022,Other,1.0
Domenico Criscito,2021-2022,0,Unknown,Thomas Müller,2021-2022,Unknown,1.0,Hamari Traoré,2021-2022,Unknown,1.0,Pedro,2021-2022,Unknown,1.0,Houssem Aouar,2021-2022,Unknown,1.0,Julian Brandt,2021-2022,Unknown,1.0
Bryan Cristante,2021-2022,0,Unknown,Breel Embolo,2021-2022,Unknown,1.0,Lars Stindl,2021-2022,Unknown,1.0,Mathias Pereira Lage,2021-2022,Unknown,1.0,Granit Xhaka,2021-2022,Unknown,1.0,Mahmoud Dahoud,2021-2022,Unknown,1.0
Enzo Crivelli,2021-2022,0,Other,Adam Ounas,2021-2022,Other,1.0,Dion Moise Sahi,2021-2022,Other,1.0,Felix Kalu Nmecha,2021-2022,Other,1.0,Toni Martínez,2021-2022,Forward,1.0,Noah Joel Sarenren Bazee,2021-2022,Other,1.0
Domen ?rnigoj,2021-2022,0,Other,Elvis Rexhbeçaj,2021-2022,Other,1.0,Tim Krul,2021-2022,Other,1.0,Nicolò Rovella,2021-2022,Other,1.0,Luca Ranieri,2021-2022,Other,1.0,Louis Beyer,2021-2022,Other,1.0
Juan Cruz Armada,2021-2022,0,Other,Rubén Sobrino,2021-2022,Other,1.0,Nemanja Mati?,2021-2022,Other,1.0,Ike Ugbo,2021-2022,Other,1.0,Armel Bella Kotchap,2021-2022,Other,1.0,Armando Broja,2021-2022,Other,1.0
Cucho,2021-2022,0,Other,Luigi Sepe,2021-2022,Other,1.0,Giorgi Mamardashvili,2021-2022,Other,1.0,Sascha Burchert,2021-2022,Other,1.0,Javier Pastore,2021-2022,Unknown,1.0,Rade Kruni?,2021-2022,Other,1.0
Marc Cucurella,2021-2022,0,Unknown,Hirving Lozano,2021-2022,Unknown,1.0,Ben Davies,2021-2022,Unknown,1.0,Jack Grealish,2021-2022,Unknown,1.0,Brendan Chardonnet,2021-2022,Unknown,1.0,Mario Hermoso,2021-2022,Unknown,1.0
Jorge Cuenca,2021-2022,0,Other,Kenny McLean,2021-2022,Other,1.0,Mattias Svanberg,2021-2022,Other,1.0,Giorgos Kyriakopoulos,2021-2022,Other,1.0,Lucas Martínez Quarta,2021-2022,Other,1.0,José Campaña,2021-2022,Other,1.0
Mickaël Cuisance,2021-2022,0,Other,Federico Fernández,2021-2022,Other,1.0,Nicola Zalewski,2021-2022,Other,1.0,Dimitry Bertaud,2021-2022,Other,1.0,Philipp Klement,2021-2022,Other,1.0,Luca Zidane,2021-2022,Other,1.0
Luke Cundle,2021-2022,0,Other,Aleksandar Sedlar,2021-2022,Other,1.0,Kasey McAteer,2021-2022,Other,1.0,Roberto Navarro,2021-2022,Other,1.0,Hwang Hee-chan,2021-2022,Other,1.0,Ibrahima Mbaye,2021-2022,Other,1.0
Patrick Cutrone,2021-2022,0,Other,Ximo Navarro,2021-2022,Other,1.0,Albin Ekdal,2021-2022,Other,1.0,Ajdin Hrustic,2021-2022,Other,1.0,Grigoris Kastanos,2021-2022,Other,1.0,Matthieu Dreyer,2021-2022,Other,1.0
Wylan Cyprien,2021-2022,0,Other,Arnaud Souquet,2021-2022,Other,1.0,Wojciech Szcz?sny,2021-2022,Other,1.0,Leon Bailey,2021-2022,Unknown,1.0,Marco Bizot,2021-2022,Other,1.0,Jean-Victor Makengo,2021-2022,Other,1.0
Rafael Czichos,2021-2022,0,Other,Enzo Ebosse,2021-2022,Other,1.0,Armando Broja,2021-2022,Other,1.0,Armel Bella Kotchap,2021-2022,Other,1.0,Ike Ugbo,2021-2022,Other,1.0,Carlos Neva,2021-2022,Other,1.0
Lennart-Marten Czyborra,2021-2022,0,Other,Suf Podgoreanu,2021-2022,Other,1.0,Tammy Abraham,2025-2026,Unknown,1.0,Loum Tchaouna,2021-2022,Other,1.0,Rodrigo Riquelme,2025-2026,Other,1.0,Dembélé,2021-2022,Unknown,1.0
Danilo D'Ambrosio,2021-2022,0,Other,Marc-Oliver Kempf,2021-2022,Other,1.0,Mattia Viti,2021-2022,Other,1.0,Samuel Moutoussamy,2021-2022,Other,1.0,Maximilian Bauer,2021-2022,Other,1.0,Dalbert Henrique,2021-2022,Other,1.0
Lucas Da Cunha,2021-2022,0,Other,Dani Gómez,2021-2022,Other,1.0,Fabiano Parisi,2021-2022,Other,1.0,Kostas Stafylidis,2021-2022,Other,1.0,Danijel Zagorac,2025-2026,Goalkeeper,1.0,Luis Hernández,2021-2022,Other,1.0
Damien Da Silva,2021-2022,0,Other,Mads Roerslev,2021-2022,Other,1.0,Gian-Luca Itter,2021-2022,Other,1.0,Michael Svoboda,2021-2022,Other,1.0,Thierry Correia,2021-2022,Other,1.0,Junior Sambia,2021-2022,Other,1.0
Moanes Dabbur,2021-2022,0,Other,Osman Bukari,2021-2022,Other,1.0,Josan,2021-2022,Other,1.0,Jacopo Sala,2021-2022,Other,1.0,William Troost-Ekong,2021-2022,Other,1.0,Jaume Doménech,2021-2022,Unknown,1.0
Colin Dagba,2021-2022,0,Unknown,Tiago Santos,2025-2026,Other,1.0,Seferović,2021-2022,Forward,1.0,Ilaix Moriba,2021-2022,Other,1.0,Dálcio Gomes,2025-2026,Other,0.9999,Maceiras,2021-2022,Defender,0.9999
Finn Dahmen,2021-2022,0,Other,Janis Antiste,2021-2022,Other,1.0,Mathew Ryan,2021-2022,Other,1.0,Tyler Roberts,2021-2022,Other,1.0,Danylo Ihnatenko,2021-2022,Other,1.0,Eliot Matazo,2021-2022,Other,1.0
Mahmoud Dahoud,2021-2022,0,Unknown,Granit Xhaka,2021-2022,Unknown,1.0,Leandro Trossard,2021-2022,Unknown,1.0,Lars Stindl,2021-2022,Unknown,1.0,Breel Embolo,2021-2022,Unknown,1.0,Bryan Cristante,2021-2022,Unknown,1.0
Patson Daka,2021-2022,0,Other,Sergi Canós,2021-2022,Other,1.0,Maxime Busi,2021-2022,Other,1.0,Milo Pantovi?,2021-2022,Other,1.0,Genki Haraguchi,2021-2022,Other,1.0,Issa Diop,2021-2022,Other,1.0
Stuart Dallas,2021-2022,0,Other,Azor Matusiwa,2021-2022,Other,1.0,Rodrigo Becão,2021-2022,Other,1.0,Salis Abdul Samed,2021-2022,Other,1.0,Akim Zedadka,2021-2022,Other,1.0,Anthony Losilla,2021-2022,Other,1.0
Diogo Dalot,2021-2022,0,Unknown,Daniel Caligiuri,2021-2022,Unknown,1.0,Piero Hincapié,2021-2022,Unknown,1.0,Gonçalo Guedes,2021-2022,Unknown,1.0,Trincão,2021-2022,Forward,1.0,Ben White,2021-2022,Unknown,1.0
Mikkel Damsgaard,2021-2022,0,Other,Abdoulaye Bakayoko,2021-2022,Other,1.0,Nathan de Medina,2021-2022,Other,1.0,Bertrand Traoré,2021-2022,Unknown,1.0,Morgan Schneiderlin,2021-2022,Other,1.0,Dango Ouattara,2021-2022,Other,1.0
Flavius Daniliuc,2021-2022,0,Other,Kevin Lasagna,2021-2022,Other,1.0,Roberto Massimo,2021-2022,Other,1.0,Leo tulac,2021-2022,Other,1.0,Pascal Stenzel,2021-2022,Other,1.0,Pawe? Dawidowicz,2021-2022,Other,1.0
Kevin Danso,2021-2022,0,Other,Wataru Endo,2021-2022,Other,1.0,Georginio Wijnaldum,2021-2022,Unknown,1.0,Koen Casteels,2021-2022,Unknown,1.0,Jonathan Clauss,2021-2022,Other,1.0,Jean-Clair Todibo,2021-2022,Other,1.0
Dante,2021-2022,0,Unknown,Maxence Caqueret,2021-2022,Unknown,1.0,Scott McTominay,2021-2022,Unknown,1.0,Salih Özcan,2021-2022,Unknown,1.0,Martín Zubimendi,2021-2022,Unknown,1.0,Douglas Luiz,2021-2022,Unknown,1.0
Ebrima Darboe,2021-2022,0,Other,Raba,2021-2022,Midfielder,1.0,El Chadaille Bitshiabu,2025-2026,Other,1.0,Arda Güler,2025-2026,Other,1.0,CJ Egan-Riley,2021-2022,Unknown,1.0,Matteo Ruggeri,2025-2026,Other,1.0
Márton Dárdai,2021-2022,0,Other,Oier Zarraga,2021-2022,Other,1.0,Mickael Malsa,2021-2022,Other,1.0,Hans Nunoo Sarpei,2021-2022,Other,1.0,Julian Green,2021-2022,Other,1.0,Nadiem Amiri,2021-2022,Other,1.0
Sergi Darder,2021-2022,0,Other,David von Ballmoos,2025-2026,Goalkeeper,1.0,Nikola Milenkovi?,2021-2022,Other,1.0,Sergio Escudero,2021-2022,Unknown,1.0,Kasper Schmeichel,2021-2022,Unknown,1.0,Wout Faes,2021-2022,Other,1.0
Vladimír Darida,2021-2022,0,Other,Dimitri Liénard,2021-2022,Other,1.0,Mattia Aramu,2021-2022,Other,1.0,Rubén Duarte,2021-2022,Other,1.0,David Okereke,2021-2022,Other,1.0,Joseph Scally,2021-2022,Other,1.0
Karl Darlow,2021-2022,0,Other,John Donald,2021-2022,Other,1.0,Matheus Henrique,2021-2022,Other,1.0,Andi Zeqiri,2021-2022,Other,1.0,Gabriele Zappa,2021-2022,Other,1.0,Lorenzo Tonelli,2021-2022,Other,1.0
Matteo Darmian,2021-2022,0,Unknown,Kurt Zouma,2021-2022,Unknown,1.0,Nordi Mukiele,2021-2022,Unknown,1.0,Mohamed Fares,2021-2022,Unknown,1.0,Sergej Milinkovi?-Savi?,2021-2022,Other,1.0,Dominik Takáč,2025-2026,Unknown,1.0
Josh Dasilva,2021-2022,0,Other,Thomas Fontaine,2021-2022,Other,1.0,Nanasi,2021-2022,Midfielder,1.0,Alessandro Zanoli,2021-2022,Other,1.0,Raúl Moro,2021-2022,Other,1.0,Grejohn Kyei,2021-2022,Other,1.0
Jonathan David,2021-2022,0,Unknown,Sergio Reguilón,2021-2022,Unknown,1.0,Mark Uth,2021-2022,Unknown,1.0,Kevin Gameiro,2021-2022,Unknown,1.0,Joël Veltman,2021-2022,Unknown,1.0,Cengiz Ünder,2021-2022,Unknown,1.0
Alphonso Davies,2021-2022,0,Unknown,Virgil van Dijk,2021-2022,Unknown,1.0,Willi Orbán,2021-2022,Unknown,1.0,Dries Mertens,2021-2022,Unknown,1.0,William Saliba,2021-2022,Unknown,1.0,Declan Rice,2021-2022,Unknown,1.0
Ben Davies,2021-2022,0,Unknown,Jack Grealish,2021-2022,Unknown,1.0,Hirving Lozano,2021-2022,Unknown,1.0,Marc Cucurella,2021-2022,Unknown,1.0,Mario Hermoso,2021-2022,Unknown,1.0,Douglas Luiz,2021-2022,Unknown,1.0
Tom Davies,2021-2022,0,Other,Erick Cabaco,2021-2022,Other,1.0,Dennis Jastrzembski,2021-2022,Other,1.0,Joan Sastre Vanrell,2021-2022,Other,1.0,Sam Greenwood,2021-2022,Other,1.0,Burak Ýnce,2021-2022,Other,1.0
Keinan Davis,2021-2022,0,Other,Óscar Rodríguez,2021-2022,Unknown,1.0,Mamadou Fofana,2021-2022,Other,1.0,Roberto Gagliardini,2021-2022,Other,1.0,Christian Oliva,2021-2022,Other,1.0,Jeremy Sarmiento,2021-2022,Other,1.0
Pawe? Dawidowicz,2021-2022,0,Other,Roberto Massimo,2021-2022,Other,1.0,Ignacio Pussetto,2021-2022,Other,1.0,Kevin Lasagna,2021-2022,Other,1.0,Rolando Mandragora,2021-2022,Other,1.0,Flavius Daniliuc,2021-2022,Other,1.0
Craig Dawson,2021-2022,0,Other,Stian Rode Gregersen,2021-2022,Other,1.0,Yeremi Pino,2021-2022,Other,1.0,Arnaut Groeneveld,2021-2022,Other,1.0,Santiago Ascacíbar,2021-2022,Other,1.0,Thomas Monconduit,2021-2022,Other,1.0
Kevin De Bruyne,2021-2022,0,Unknown,Marcel Halstenberg,2021-2022,Unknown,1.0,Jonas Hofmann,2021-2022,Unknown,1.0,Toni Kroos,2021-2022,Unknown,1.0,Exequiel Palacios,2021-2022,Unknown,1.0,Joshua Kimmich,2021-2022,Unknown,1.0
Konrad De La Fuente,2021-2022,0,Other,Lyanco,2021-2022,Other,1.0,Mitchell van Bergen,2021-2022,Other,1.0,Bebé,2021-2022,Other,1.0,Fede San Emeterio,2021-2022,Other,1.0,Bryan Lasme,2021-2022,Other,1.0
Sebastien De Maio,2021-2022,0,Other,Levin Öztunalý,2021-2022,Other,1.0,Patrick Osterhage,2021-2022,Other,1.0,Kingsley Schindler,2021-2022,Other,1.0,Iglesias,2021-2022,Other,1.0,Emanuel Vignato,2021-2022,Other,1.0
Tommaso De Nipoti,2021-2022,0,Other,Damir Ceter,2021-2022,Other,1.0,Laurens Serpe,2021-2022,Other,1.0,Dídac Vilà,2021-2022,Other,1.0,Saúl García,2021-2022,Other,1.0,Nemanja Radonjić,2025-2026,Forward,1.0
Rodrigo De Paul,2021-2022,0,Unknown,Thorgan Hazard,2021-2022,Unknown,1.0,Fikayo Tomori,2021-2022,Unknown,1.0,Krépin Diatta,2021-2022,Unknown,1.0,Axel Disasi,2021-2022,Unknown,1.0,Tammy Abraham,2021-2022,Unknown,1.0
Mattia De Sciglio,2021-2022,0,Unknown,Laurent Koscielny,2021-2022,Unknown,1.0,Nélson Semedo,2021-2022,Unknown,1.0,Nahuel Molina,2021-2022,Unknown,1.0,Ezri Konsa,2021-2022,Unknown,1.0,Franco Cervi,2021-2022,Unknown,1.0
Lorenzo De Silvestri,2021-2022,0,Other,Jonjo Shelvey,2021-2022,Other,1.0,Allan Saint-Maximin,2021-2022,Other,1.0,Jean-Ricner Bellegarde,2021-2022,Other,1.0,Hugo Guillamón,2021-2022,Other,1.0,Enzo Roco,2021-2022,Other,1.0
Troy Deeney,2021-2022,0,Other,Kingsley Michael,2021-2022,Other,1.0,Sergio Rico,2021-2022,Unknown,1.0,Leonardo Spinazzola,2021-2022,Unknown,1.0,Julian Eitschberger,2021-2022,Other,1.0,Kaio Jorge,2021-2022,Other,1.0
Grégoire Defrel,2021-2022,0,Other,Ola Aina,2021-2022,Other,1.0,Alidu Seidu,2021-2022,Other,1.0,Nahitan Nández,2021-2022,Other,1.0,Andrea Schiavone,2021-2022,Other,1.0,Chris Wood,2021-2022,Other,1.0
Alessandro Deiola,2021-2022,0,Other,Mario Suárez,2021-2022,Unknown,1.0,Billy Gilmour,2021-2022,Other,1.0,Karim Onisiwo,2021-2022,Other,1.0,Yacine Adli,2021-2022,Other,1.0,Matías Dituro,2021-2022,Other,1.0
Romain Del Castillo,2021-2022,0,Other,Nahuel Tenaglia,2021-2022,Other,1.0,Mads Pedersen,2021-2022,Other,1.0,Tyronne Ebuehi,2021-2022,Other,1.0,Santiago Gimenez,2025-2026,Unknown,1.0,Pere Pons,2021-2022,Other,1.0
Thomas Delaine,2021-2022,0,Other,Max Aarons,2021-2022,Other,1.0,Jorge de Frutos,2021-2022,Other,1.0,José Luis Gayà,2021-2022,Other,1.0,Wahbi Khazri,2021-2022,Other,1.0,Salva Sevilla,2021-2022,Other,1.0
Sacha Delaye,2021-2022,0,Other,Amadou Diawara,2021-2022,Unknown,1.0,Alexis Tibidi,2021-2022,Other,1.0,Martín Merquelanz,2021-2022,Other,1.0,Pablo Piatti,2021-2022,Other,1.0,Issouf Sissokho,2021-2022,Other,1.0
Filippo Delli Carri,2021-2022,0,Other,Aarón Escandell,2021-2022,Other,1.0,Marvin Zeegelaar,2021-2022,Other,1.0,Marco Modolo,2021-2022,Other,1.0,Willy Caballero,2021-2022,Other,1.0,Mateo Klimowicz,2021-2022,Other,1.0
Andy Delort,2021-2022,0,Other,Hiroki Ito,2021-2022,Other,1.0,Mouctar Diakhaby,2021-2022,Unknown,1.0,Oriol Romeu,2021-2022,Other,1.0,Emmanuel Dennis,2021-2022,Other,1.0,Alfonso Espino,2021-2022,Other,1.0
Fabian Delph,2021-2022,0,Unknown,Rúben Vezo,2021-2022,Other,1.0,Florian Kainz,2021-2022,Other,1.0,Peter Pekarík,2021-2022,Other,1.0,Mason Holgate,2021-2022,Other,1.0,Antonio Puertas,2021-2022,Other,1.0
Moussa Dembélé,2021-2022,0,Unknown,Luis Muriel,2021-2022,Unknown,1.0,Kai Havertz,2021-2022,Unknown,1.0,Wissam Ben Yedder,2021-2022,Unknown,1.0,Matthijs de Ligt,2021-2022,Unknown,1.0,Ismaël Bennacer,2021-2022,Unknown,1.0
Ousmane Dembélé,2021-2022,0,Unknown,Pierre Kalulu,2021-2022,Unknown,1.0,Martin Ødegaard,2021-2022,Unknown,1.0,Waldemar Anton,2021-2022,Unknown,1.0,Yuri Berchiche,2021-2022,Unknown,1.0,Matteo Guendouzi,2021-2022,Unknown,1.0
Merih Demiral,2021-2022,0,Unknown,Tyrone Mings,2021-2022,Unknown,1.0,Weston McKennie,2021-2022,Unknown,1.0,Adam Lallana,2021-2022,Unknown,1.0,Donyell Malen,2021-2022,Unknown,1.0,Jakub Kiwior,2021-2022,Unknown,1.0
Kerem Demirbay,2021-2022,0,Other,Jesper Lindstrøm,2021-2022,Other,1.0,Celeadnic,2021-2022,Goalkeeper,1.0,James Tarkowski,2021-2022,Other,1.0,Joe Willock,2021-2022,Other,1.0,Calum Chambers,2021-2022,Other,1.0
Ermedin Demirovi?,2021-2022,0,Other,Malang Sarr,2021-2022,Other,1.0,Luca Lezzerini,2021-2022,Other,1.0,Myrto Uzuni,2021-2022,Other,1.0,Gerson Rodrigues,2021-2022,Other,1.0,Tom Lacoux,2021-2022,Other,1.0
Diego Demme,2021-2022,0,Unknown,Lucas Chevalier,2025-2026,Unknown,1.0,Shabanov,2021-2022,Defender,0.9996,Sergio Ramos,2021-2022,Unknown,0.9982,Jimmy Briand,2021-2022,Unknown,0.9978,David Raya,2025-2026,Unknown,0.9957
Jason Denayer,2021-2022,0,Unknown,Erik Lamela,2021-2022,Unknown,1.0,Marco Verratti,2021-2022,Unknown,0.9998,Jesse Lingard,2021-2022,Unknown,0.9996,Nathan Aké,2021-2022,Unknown,0.9996,Ander Herrera,2021-2022,Unknown,0.999
Leander Dendoncker,2021-2022,0,Other,Stefano Sturaro,2021-2022,Unknown,1.0,Nacho Vidal,2021-2022,Other,1.0,Sebastian Polter,2021-2022,Other,1.0,Johan Vásquez,2021-2022,Other,1.0,Javi Puado,2021-2022,Other,1.0
Emmanuel Dennis,2021-2022,0,Other,Alfonso Espino,2021-2022,Other,1.0,Oriol Romeu,2021-2022,Other,1.0,Mouctar Diakhaby,2021-2022,Unknown,1.0,Hiroki Ito,2021-2022,Other,1.0,Timothy Castagne,2021-2022,Other,1.0
Fabio Depaoli,2021-2022,0,Other,Julián Carranza,2025-2026,Unknown,1.0,Stefano Sensi,2021-2022,Other,1.0,Justin Che,2021-2022,Other,1.0,Ramiz Zerrouki,2025-2026,Other,1.0,Marten Winkler,2021-2022,Other,1.0
Memphis Depay,2021-2022,0,Unknown,Jamal Musiala,2021-2022,Unknown,1.0,Lorenzo Pellegrini,2021-2022,Unknown,1.0,Jens Cajuste,2021-2022,Unknown,1.0,Manuel Akanji,2021-2022,Unknown,1.0,Mats Hummels,2021-2022,Unknown,1.0
Arthur Desmas,2021-2022,0,Other,Boubakary Soumaré,2021-2022,Other,1.0,Alex McCarthy,2021-2022,Other,1.0,Salvador Ferrer,2021-2022,Other,1.0,M'Bala Nzola,2021-2022,Other,1.0,Martin Agirregabiria,2021-2022,Other,1.0
Mattia Destro,2021-2022,0,Other,Arnaud Nordin,2021-2022,Other,1.0,Jean-Paul Boëtius,2021-2022,Other,1.0,Gauthier Gallon,2021-2022,Other,1.0,Jean Lucas,2021-2022,Other,1.0,Alessio Cragno,2021-2022,Other,1.0
Gerard Deulofeu,2021-2022,0,Other,Max Kilman,2021-2022,Other,1.0,Pontus Jansson,2021-2022,Other,1.0,Iyenoma Udogie,2021-2022,Other,1.0,Gaëtan Laborde,2021-2022,Other,1.0,Aritz Elustondo,2021-2022,Other,1.0
Kiernan Dewsbury Hall,2021-2022,0,Other,Vladimír Coufal,2021-2022,Other,1.0,Koray Günter,2021-2022,Other,1.0,Andrea Belotti,2021-2022,Other,1.0,Yohann Magnin,2021-2022,Other,1.0,Maximilian Eggestein,2021-2022,Other,1.0
Samuel Di Carmine,2021-2022,0,Other,Enzo Millot,2021-2022,Other,1.0,Anton Kade,2021-2022,Other,1.0,Dina Ebimbe,2021-2022,Midfielder,1.0,Ognjen Mimović,2025-2026,Unknown,1.0,Ömer Faruk Beyaz,2021-2022,Other,1.0
Federico Di Francesco,2021-2022,0,Other,Ibrahima Niane,2021-2022,Other,1.0,Lucas Pérez,2021-2022,Other,1.0,Iñigo Ruiz de Galarreta,2021-2022,Other,1.0,Adam Armstrong,2021-2022,Other,1.0,Kamaldeen Sulemana,2021-2022,Other,1.0
Giovanni Di Lorenzo,2021-2022,0,Unknown,Amadou Haidara,2021-2022,Unknown,1.0,Luis Alberto,2021-2022,Unknown,1.0,Alessio Romagnoli,2021-2022,Unknown,1.0,Antonio Rüdiger,2021-2022,Unknown,1.0,Phil Foden,2021-2022,Unknown,1.0
Ángel Di María,2021-2022,0,Unknown,Jürgen Locadia,2021-2022,Unknown,1.0,Grbić,2021-2022,Goalkeeper,1.0,Abdou Diallo,2021-2022,Unknown,1.0,Kingsley Coman,2021-2022,Unknown,1.0,Nabil Bentaleb,2021-2022,Unknown,1.0
Francesco Di Mariano,2021-2022,0,Other,Noah Guede-Nadje,2021-2022,Other,1.0,Lion Semi?,2021-2022,Other,1.0,Ibrahima Baldé,2021-2022,Other,1.0,Borja Mayoral,2021-2022,Other,1.0,Carson,2021-2022,Goalkeeper,1.0
Francesco Di Tacchio,2021-2022,0,Other,Aitor Fernández,2021-2022,Other,1.0,Linus Gechter,2021-2022,Other,1.0,Wuilker Faríñez,2021-2022,Other,1.0,Salvi,2021-2022,Other,1.0,Andreas Linde,2021-2022,Other,1.0
Moussa Diaby,2021-2022,0,Other,Mahdi Camara,2021-2022,Other,1.0,Cristiano Biraghi,2021-2022,Other,1.0,Mike Maignan,2021-2022,Unknown,1.0,Stefan Ortega,2021-2022,Unknown,1.0,Timothy Weah,2021-2022,Unknown,1.0
Yadaly Diaby,2021-2022,0,Other,Youssoufa Moukoko,2021-2022,Other,1.0,Noah Okafor,2025-2026,Unknown,1.0,Paul Wanner,2021-2022,Other,1.0,Dilane Bakwa,2021-2022,Other,1.0,Ermal Krasniqi,2025-2026,Other,1.0
Mouctar Diakhaby,2021-2022,0,Unknown,Hiroki Ito,2021-2022,Other,1.0,Oriol Romeu,2021-2022,Other,1.0,Emmanuel Dennis,2021-2022,Other,1.0,Alfonso Espino,2021-2022,Other,1.0,Andy Delort,2021-2022,Other,1.0
Ibrahim Diakité,2021-2022,0,Other,Yacine Qasmi,2021-2022,Other,1.0,José Mari,2021-2022,Other,1.0,Julian Chabot,2021-2022,Other,1.0,Pizzi,2021-2022,Unknown,1.0,Nils Seufert,2021-2022,Other,1.0
Abdou Diallo,2021-2022,0,Unknown,Grbić,2021-2022,Goalkeeper,1.0,Kingsley Coman,2021-2022,Unknown,1.0,Ángel Di María,2021-2022,Unknown,1.0,Jürgen Locadia,2021-2022,Unknown,1.0,Nabil Bentaleb,2021-2022,Unknown,1.0
Habib Diallo,2021-2022,0,Other,Pau López,2021-2022,Other,1.0,Liam Cooper,2021-2022,Other,1.0,Robert Sánchez,2021-2022,Other,1.0,Manuel Prietl,2021-2022,Other,1.0,Roger Martí,2021-2022,Other,1.0
Ibrahima Diallo,2021-2022,0,Other,Unai López,2021-2022,Other,1.0,Jere Uronen,2021-2022,Other,1.0,Jean-Claude Billong,2021-2022,Other,1.0,Robin Olsen,2021-2022,Unknown,1.0,Tomás Alarcón,2021-2022,Other,1.0
Mouhamadou Diarra,2021-2022,0,Other,Emil Ceide,2021-2022,Other,1.0,Luis Palma,2025-2026,Unknown,1.0,Marcelo,2021-2022,Unknown,1.0,Oussama Idrissi,2021-2022,Other,1.0,Jonathan Silva,2021-2022,Other,1.0
Stéphane Diarra,2021-2022,0,Other,Dor Peretz,2021-2022,Other,1.0,Liberato Cacace,2021-2022,Other,1.0,Dominic Thompson,2021-2022,Other,1.0,Jakub Pešek,2025-2026,Forward,1.0,Kevin-Prince Boateng,2021-2022,Unknown,1.0
Raphael Dias Belloli,2021-2022,0,Other,Szymon ?urkowski,2021-2022,Other,1.0,Lucas Perrin,2021-2022,Other,1.0,Ruben Aguilar,2021-2022,Other,1.0,Gianluca Scamacca,2021-2022,Other,1.0,Fran Beltrán,2021-2022,Other,1.0
Krépin Diatta,2021-2022,0,Unknown,Fikayo Tomori,2021-2022,Unknown,1.0,Alassane Pléa,2021-2022,Unknown,1.0,Thorgan Hazard,2021-2022,Unknown,1.0,Carlos Soler,2021-2022,Unknown,1.0,Robin Le Normand,2021-2022,Unknown,1.0
Amadou Diawara,2021-2022,0,Unknown,Sacha Delaye,2021-2022,Other,1.0,Alexis Tibidi,2021-2022,Other,1.0,Martín Merquelanz,2021-2022,Other,1.0,Pablo Piatti,2021-2022,Other,1.0,Issouf Sissokho,2021-2022,Other,1.0
Javier Díaz,2021-2022,0,Other,Juan Pérez,2021-2022,Other,1.0,Hianga Mananga Mbock,2021-2022,Other,1.0,Bradley Barcola,2021-2022,Unknown,1.0,Axel Tuanzebe,2021-2022,Other,1.0,Gianluca Pegolo,2021-2022,Other,1.0
Víctor Díaz,2021-2022,0,Other,Paul Nardi,2021-2022,Other,1.0,Adnan Januzaj,2021-2022,Other,1.0,Danijel Petkovi?,2021-2022,Other,1.0,Adrien Silva,2021-2022,Other,1.0,Caleb Ekuban,2021-2022,Other,1.0
Daniel Didavi,2021-2022,0,Other,Jaïro Riedewald,2021-2022,Other,1.0,Joan Sastre Vanrell,2021-2022,Other,1.0,Jordan Amavi,2025-2026,Other,1.0,Dimitrios Keramitsis,2021-2022,Other,1.0,Romario Rösch,2021-2022,Other,1.0
Bamba Dieng,2021-2022,0,Other,Connor Roberts,2021-2022,Other,1.0,Mihailo Risti?,2021-2022,Other,1.0,Pedro Bigas,2021-2022,Other,1.0,Luká Hrádeck?,2021-2022,Other,1.0,Abdelhamid Sabiri,2021-2022,Other,1.0
Eric Dier,2021-2022,0,Unknown,Olivier Giroud,2021-2022,Unknown,1.0,Saidou Sow,2021-2022,Other,1.0,Denzel Dumfries,2021-2022,Unknown,1.0,James Milner,2021-2022,Unknown,1.0,Kostas Manolas,2021-2022,Unknown,1.0
Lucas Digne,2021-2022,0,Unknown,Héctor Herrera,2021-2022,Unknown,1.0,Ben White,2021-2022,Unknown,1.0,Piero Hincapié,2021-2022,Unknown,1.0,Daniel Caligiuri,2021-2022,Unknown,1.0,Diogo Dalot,2021-2022,Unknown,1.0
Virgil van Dijk,2021-2022,0,Unknown,Alphonso Davies,2021-2022,Unknown,1.0,Willi Orbán,2021-2022,Unknown,1.0,William Saliba,2021-2022,Unknown,1.0,Dries Mertens,2021-2022,Unknown,1.0,Amir Rrahmani,2021-2022,Unknown,1.0
Mitchell Dijks,2021-2022,0,Other,Flavio Junior Bianchi,2021-2022,Other,1.0,Cala,2021-2022,Other,1.0,Ricardo Pepi,2021-2022,Other,1.0,Fábio Silva,2021-2022,Other,1.0,Alessandro Berardi,2021-2022,Other,1.0
Javairô Dilrosun,2021-2022,0,Other,Jordan Tell,2021-2022,Other,1.0,Carlos Dominguez,2021-2022,Other,1.0,Mamadou Sylla,2021-2022,Other,1.0,Milutin Osmaji?,2021-2022,Other,1.0,Jordi Mboula,2021-2022,Other,1.0
Federico Dimarco,2021-2022,0,Unknown,Wilfred Ndidi,2021-2022,Unknown,1.0,Presnel Kimpembe,2021-2022,Unknown,1.0,Adil Rami,2021-2022,Unknown,1.0,Boubacar Kamara,2021-2022,Unknown,1.0,Benjamin André,2021-2022,Unknown,1.0
Landry Dimata,2021-2022,0,Other,Julien Faussurier,2021-2022,Other,1.0,Brandon Soppy,2021-2022,Other,1.0,Oier Olazábal,2021-2022,Other,1.0,Samuel Kalu,2021-2022,Other,1.0,Abdul Majeed Waris,2021-2022,Other,1.0
Stole Dimitrievski,2021-2022,0,Other,Dominic Calvert-Lewin,2021-2022,Other,1.0,Moisés Caicedo,2021-2022,Other,1.0,Jamaal Lascelles,2021-2022,Other,1.0,Antonio Sánchez,2021-2022,Other,1.0,Arkadiusz Reca,2021-2022,Other,1.0
Junior Dina Ebimbe,2021-2022,0,Other,Fran Mérida,2021-2022,Other,1.0,Iker Benito,2021-2022,Other,1.0,Ismaëlben Boura,2021-2022,Other,1.0,Koba Koindredi,2021-2022,Other,1.0,Redwan Bourles,2021-2022,Other,0.9999
Tristan Dingomé,2021-2022,0,Other,Nils Petersen,2021-2022,Other,1.0,Isaac Hayden,2021-2022,Other,1.0,Leo Skiri Østigård,2021-2022,Other,1.0,Ángel Montoro,2021-2022,Other,1.0,Gaëtan Poussin,2021-2022,Other,1.0
Sinaly Diomande,2021-2022,0,Other,Tiemoué Bakayoko,2021-2022,Unknown,1.0,Philipp Pentke,2021-2022,Other,1.0,Matteo Ruggeri,2021-2022,Other,1.0,Dominik Greif,2021-2022,Other,1.0,Stefanos Kapino,2021-2022,Other,1.0
Issa Diop,2021-2022,0,Other,Zaydou Youssouf,2021-2022,Other,1.0,Issa Kaboré,2021-2022,Other,1.0,Genki Haraguchi,2021-2022,Other,1.0,Patson Daka,2021-2022,Other,1.0,Stuart Armstrong,2021-2022,Other,1.0
Sofiane Diop,2021-2022,0,Other,Martin Valjent,2021-2022,Other,1.0,Ben Gibson,2021-2022,Other,1.0,Tommaso Augello,2021-2022,Other,1.0,Djené,2021-2022,Other,1.0,Enzo Le Fée,2021-2022,Other,1.0
Axel Disasi,2021-2022,0,Unknown,Tammy Abraham,2021-2022,Unknown,1.0,Rafael Borré,2021-2022,Unknown,1.0,Raphaël Varane,2021-2022,Unknown,1.0,Mohammed Salisu,2021-2022,Unknown,1.0,Rodrigo De Paul,2021-2022,Unknown,1.0
Filippo Distefano,2021-2022,0,Other,Djeidi Gassama,2021-2022,Other,1.0,Bryan Reynolds,2021-2022,Other,1.0,Tiago Ribeiro,2021-2022,Other,1.0,Hugo Sotelo,2021-2022,Other,1.0,Senny Mayulu,2025-2026,Other,1.0
Matías Dituro,2021-2022,0,Other,Yacine Adli,2021-2022,Other,1.0,Karim Onisiwo,2021-2022,Other,1.0,Mario Suárez,2021-2022,Unknown,1.0,Alessandro Deiola,2021-2022,Other,1.0,Amos Pieper,2021-2022,Other,1.0
Djené,2021-2022,0,Other,Tommaso Augello,2021-2022,Other,1.0,Enzo Le Fée,2021-2022,Other,1.0,Ben Gibson,2021-2022,Other,1.0,Martin Valjent,2021-2022,Other,1.0,Joel Ward,2021-2022,Other,1.0
Moussa Djenepo,2021-2022,0,Other,Jaden Philogene Bidace,2021-2022,Other,1.0,Umut Tohumcu,2021-2022,Other,1.0,Omar Richards,2021-2022,Other,1.0,Oriol Busquets,2021-2022,Other,1.0,Leonardo Capezzi,2021-2022,Other,1.0
Koffi Djidji,2021-2022,0,Other,Pol Lirola,2021-2022,Other,1.0,Alfred Gomis,2021-2022,Other,1.0,Matthew Lowton,2021-2022,Other,1.0,Dejan Ljubicic,2021-2022,Other,1.0,Jordan Pickford,2021-2022,Other,1.0
Alexander Djiku,2021-2022,0,Other,Vincenzo Grifo,2021-2022,Other,1.0,Eden Hazard,2021-2022,Unknown,1.0,Matz Sels,2021-2022,Unknown,1.0,Pedro Chirivella,2021-2022,Other,1.0,João Pedro,2021-2022,Other,1.0
Bryan Djile Nokoué,2021-2022,0,Other,Idjessi Metsoko,2025-2026,Unknown,1.0,Adamo Nagalo,2025-2026,Unknown,1.0,José Pozo,2021-2022,Other,1.0,Banhie Zoukrou,2021-2022,Other,1.0,Kayky Chagas,2021-2022,Other,1.0
Ouparine Djoco,2021-2022,0,Other,Yoann Touzghar,2021-2022,Other,1.0,Dani García,2021-2022,Other,1.0,Charalambos Lykogiannis,2021-2022,Other,1.0,Pape Gueye,2021-2022,Other,1.0,Romain Perraud,2021-2022,Other,1.0
Naïs Djouahra,2021-2022,0,Other,Fodé Ballo-Touré,2021-2022,Other,1.0,Cheikh Tidiane Sabaly,2021-2022,Other,1.0,Josema,2021-2022,Other,1.0,Moustapha Mbow,2021-2022,Other,1.0,Felipe Caicedo,2021-2022,Other,1.0
Marko Dmitrovi?,2021-2022,0,Other,Daniel Bachmann,2021-2022,Other,1.0,Lucas Alario,2021-2022,Other,1.0,Pathé Ciss,2021-2022,Other,1.0,Manolo Portanova,2021-2022,Other,1.0,Opa Nguette,2021-2022,Other,1.0
Matt Doherty,2021-2022,0,Other,Pablo Maffeo,2021-2022,Other,1.0,Paco Alcácer,2021-2022,Unknown,1.0,Che Adams,2021-2022,Other,1.0,Arkadiusz Milik,2021-2022,Other,1.0,Álex Fernández,2021-2022,Other,1.0
Jeremy Doku,2021-2022,0,Other,Daley Sinkgraven,2021-2022,Other,1.0,Oier Olazábal,2021-2022,Other,1.0,Sead Kolainac,2021-2022,Other,1.0,Deiver Machado,2021-2022,Other,1.0,Julien Faussurier,2021-2022,Other,1.0
Kasper Dolberg,2021-2022,0,Unknown,Jonathan Bamba,2021-2022,Unknown,1.0,Nicolò Zaniolo,2021-2022,Unknown,1.0,Marcelo Brozovi?,2021-2022,Other,1.0,Ricardo Rodríguez,2021-2022,Unknown,1.0,Anthony Elanga,2021-2022,Unknown,1.0
Jaume Doménech,2021-2022,0,Unknown,Jacopo Sala,2021-2022,Other,1.0,Josan,2021-2022,Other,1.0,Moanes Dabbur,2021-2022,Other,1.0,Osman Bukari,2021-2022,Other,1.0,Almamy Touré,2021-2022,Unknown,1.0
Brandon Domingues,2021-2022,0,Other,Karol Fila,2021-2022,Other,1.0,Nikolas Nartey,2021-2022,Other,1.0,Marcus Ingvartsen,2021-2022,Other,1.0,Steven Fortes,2021-2022,Other,1.0,Michel Aebischer,2021-2022,Other,1.0
Carlos Dominguez,2021-2022,0,Other,Javairô Dilrosun,2021-2022,Other,1.0,Mamadou Sylla,2021-2022,Other,1.0,Jordan Tell,2021-2022,Other,1.0,Milutin Osmaji?,2021-2022,Other,1.0,Robert Skov,2021-2022,Other,1.0
Mario Dominguez,2021-2022,0,Other,Noah Weißhaupt,2021-2022,Other,1.0,Giacomo Satalino,2021-2022,Other,1.0,Lihadji,2021-2022,Forward,1.0,Jeremiah St. Juste,2025-2026,Other,1.0,Pablo Torre,2025-2026,Other,1.0
Nicolás Domínguez,2021-2022,0,Other,Haris Belkebla,2021-2022,Other,1.0,Federico Bonazzoli,2021-2022,Other,1.0,Omar Mascarell,2021-2022,Other,1.0,Guillermo Maripán,2021-2022,Other,1.0,Matt Targett,2021-2022,Other,1.0
John Donald,2021-2022,0,Other,Matheus Henrique,2021-2022,Other,1.0,Karl Darlow,2021-2022,Other,1.0,Andi Zeqiri,2021-2022,Other,1.0,Lorenzo Tonelli,2021-2022,Other,1.0,Gabriele Zappa,2021-2022,Other,1.0
Lee Dongjun,2021-2022,0,Other,Nils Seufert,2021-2022,Other,1.0,Kristoffer Klaesson,2021-2022,Other,1.0,Pizzi,2021-2022,Unknown,1.0,Julian Chabot,2021-2022,Other,1.0,José Mari,2021-2022,Other,1.0
Anastasios Donis,2021-2022,0,Other,Francesco Caputo,2021-2022,Other,1.0,Roberto Piccoli,2021-2022,Other,1.0,Pedro Neto,2021-2022,Other,1.0,Leo Fuhr Hjelde,2021-2022,Other,1.0,Óscar Rodríguez Arnaiz,2021-2022,Other,1.0
Gianluigi Donnarumma,2021-2022,0,Unknown,Ivan Perii?,2021-2022,Other,1.0,Rémy Cabella,2021-2022,Unknown,1.0,Aaron Hickey,2021-2022,Other,1.0,Amine Gouiri,2021-2022,Other,1.0,Romain Thomas,2021-2022,Other,1.0
Niklas Dorsch,2021-2022,0,Other,Giulio Maggiore,2021-2022,Other,1.0,Darko Lazovi?,2021-2022,Other,1.0,Tommaso Pobega,2021-2022,Other,1.0,Javi Martínez,2021-2022,Unknown,1.0,Martin Erlic,2021-2022,Other,1.0
Gabriel Dos Santos,2021-2022,0,Other,Andrea Ranocchia,2021-2022,Unknown,1.0,Joko Gvardiol,2021-2022,Other,1.0,Stefan Lainer,2021-2022,Unknown,1.0,Cheick Doucouré,2021-2022,Other,1.0,Raúl de Tomás,2021-2022,Other,1.0
Jodel Dossou,2021-2022,0,Other,Eduard Löwen,2021-2022,Other,1.0,Erik Palmer-Brown,2021-2022,Other,1.0,Boubacar Traoré,2021-2022,Other,1.0,Gerard Gumbau,2021-2022,Other,1.0,Jack Cork,2021-2022,Other,1.0
Lucas Douath,2021-2022,0,Other,Milan ?uri?,2021-2022,Other,1.0,Luís Maximiano,2021-2022,Other,1.0,Diego Rico,2021-2022,Other,1.0,Leandro Barreiro Martins,2021-2022,Other,1.0,Kike,2021-2022,Other,1.0
Abdoulaye Doucouré,2021-2022,0,Other,Rui Silva,2021-2022,Unknown,1.0,Jonas Hector,2021-2022,Other,1.0,Danilo Soares,2021-2022,Other,1.0,Gonzalo Melero,2021-2022,Other,1.0,Amine Harit,2021-2022,Other,1.0
Cheick Doucouré,2021-2022,0,Other,Raúl de Tomás,2021-2022,Other,1.0,Nicolas Cozza,2021-2022,Other,1.0,Joko Gvardiol,2021-2022,Other,1.0,Andrea Ranocchia,2021-2022,Unknown,1.0,Gabriel Dos Santos,2021-2022,Other,1.0
Fodé Doucouré,2021-2022,0,Other,Okay Yokuþlu,2021-2022,Other,1.0,Sambou Sissoko,2021-2022,Other,1.0,Giuseppe Pezzella,2021-2022,Other,1.0,Stuart McKinstry,2021-2022,Other,1.0,Daniel Villahermosa,2021-2022,Other,1.0
Ismaël Doukouré,2021-2022,0,Other,Keven Schlotterbeck,2021-2022,Other,1.0,Lago Junior,2021-2022,Other,1.0,Steffen Tigges,2021-2022,Other,1.0,Matthew Hoppe,2021-2022,Other,1.0,Adrián Butzke,2021-2022,Other,1.0
Kamory Doumbia,2021-2022,0,Other,Luca Ceppitelli,2021-2022,Other,1.0,Remi Oudin,2021-2022,Other,1.0,Joakim Mæhle,2021-2022,Other,1.0,Jeremy Toljan,2021-2022,Other,1.0,Hicham Boudaoui,2021-2022,Other,1.0
Moussa Doumbia,2021-2022,0,Other,Bartosz Bialek,2021-2022,Other,1.0,Lukas Klünter,2021-2022,Other,1.0,John Guidetti,2021-2022,Other,1.0,Matej Maglica,2021-2022,Other,1.0,Valon Behrami,2021-2022,Other,1.0
Souleyman Doumbia,2021-2022,0,Other,Shane Duffy,2021-2022,Other,1.0,Lee Jae-sung,2021-2022,Other,1.0,Loum Ndiaye,2021-2022,Other,1.0,Mert Müldür,2021-2022,Other,1.0,Arne Maier,2021-2022,Other,1.0
Kieran Dowell,2021-2022,0,Other,Jens Petter Hauge,2021-2022,Other,1.0,Andriy Yarmolenko,2021-2022,Unknown,1.0,Guido Carrillo,2021-2022,Other,1.0,Morten Frendrup,2021-2022,Other,1.0,Toma Bai?,2021-2022,Other,1.0
Bart?omiej Dr?gowski,2021-2022,0,Other,ime Vrsaljko,2021-2022,Other,1.0,Nicolas Pépé,2021-2022,Other,1.0,Sam Byram,2021-2022,Other,1.0,Nicolas Haas,2021-2022,Other,1.0,Dominique Heintz,2021-2022,Other,1.0
Radu Dr?gu?in,2021-2022,0,Other,Dimitri Foulquier,2021-2022,Other,1.0,Jordan Torunarigha,2021-2022,Other,1.0,Adam Idah,2021-2022,Other,1.0,Thuler,2021-2022,Other,1.0,Christopher Lenz,2021-2022,Unknown,1.0
Cody Drameh,2021-2022,0,Other,Riccardo Calafiori,2021-2022,Other,1.0,Jens Odgaard,2025-2026,Other,1.0,Miguel Baeza,2021-2022,Other,1.0,Romain Philippoteaux,2021-2022,Other,1.0,Junior Mwanga,2021-2022,Other,1.0
Julian Draxler,2021-2022,0,Unknown,Jadon Sancho,2021-2022,Unknown,1.0,Pierre Lees-Melou,2021-2022,Unknown,1.0,Mamadou Sakho,2021-2022,Unknown,1.0,Pape Matar Sarr,2021-2022,Unknown,1.0,Alexandre Lacazette,2021-2022,Unknown,1.0
Matthieu Dreyer,2021-2022,0,Other,Arthur Masuaku,2021-2022,Other,1.0,Myron Boadu,2021-2022,Other,1.0,Mikel Vesga,2021-2022,Other,1.0,Patrick Cutrone,2021-2022,Other,1.0,Ximo Navarro,2021-2022,Other,1.0
Domingos Duarte,2021-2022,0,Other,Kelechi Iheanacho,2021-2022,Other,1.0,Benoît Costil,2021-2022,Other,1.0,Solly March,2021-2022,Other,1.0,Álex Collado,2021-2022,Other,1.0,Filippo Bandinelli,2021-2022,Other,1.0
Óscar Duarte,2021-2022,0,Other,Guillermo Maripán,2021-2022,Other,1.0,Habib Maïga,2021-2022,Other,1.0,Omar Mascarell,2021-2022,Other,1.0,Federico Bonazzoli,2021-2022,Other,1.0,Luis Rioja,2021-2022,Other,1.0
Rubén Duarte,2021-2022,0,Other,Mattia Aramu,2021-2022,Other,1.0,David Okereke,2021-2022,Other,1.0,Dimitri Liénard,2021-2022,Other,1.0,Vladimír Darida,2021-2022,Other,1.0,Florian Grillitsch,2021-2022,Other,1.0
Léo Dubois,2021-2022,0,Unknown,Randal Kolo Muani,2021-2022,Unknown,1.0,Alessandro Florenzi,2021-2022,Unknown,1.0,Álvaro Morata,2021-2022,Unknown,1.0,Federico Fazio,2021-2022,Unknown,1.0,Danny Welbeck,2021-2022,Unknown,1.0
Martin Dúbravka,2021-2022,0,Other,Roland Sallai,2021-2022,Other,1.0,Daniel Podence,2021-2022,Other,1.0,Hicham Boudaoui,2021-2022,Other,1.0,Jeremy Toljan,2021-2022,Other,1.0,Ruben Vargas,2021-2022,Other,1.0
Ondrej Duda,2021-2022,0,Other,Jérémy Le Douaron,2021-2022,Other,1.0,Stevan Joveti?,2021-2022,Other,1.0,Carlos Gruezo,2021-2022,Unknown,1.0,Romain Perraud,2021-2022,Other,1.0,Keidi Bare,2021-2022,Other,1.0
Jeremy Dudziak,2021-2022,0,Other,Jacob Bruun Larsen,2021-2022,Other,1.0,Manuel Gulde,2021-2022,Other,1.0,Fernando Calero,2021-2022,Other,1.0,Édgar Méndez,2021-2022,Other,1.0,Nadir Zortea,2021-2022,Other,1.0
Shane Duffy,2021-2022,0,Other,Souleyman Doumbia,2021-2022,Other,1.0,Loum Ndiaye,2021-2022,Other,1.0,Ridgeciano Haps,2021-2022,Other,1.0,Lee Jae-sung,2021-2022,Other,1.0,Mert Müldür,2021-2022,Other,1.0
Unai Dufur,2021-2022,0,Other,Ebrima Colley,2021-2022,Other,1.0,Giovani Lo Celso,2021-2022,Unknown,1.0,David Timor,2021-2022,Other,1.0,Amadou Diawara,2021-2022,Unknown,1.0,Sacha Delaye,2021-2022,Other,1.0
Denzel Dumfries,2021-2022,0,Unknown,Saidou Sow,2021-2022,Other,1.0,Eric Dier,2021-2022,Unknown,1.0,Olivier Giroud,2021-2022,Unknown,1.0,James Milner,2021-2022,Unknown,1.0,Luuk de Jong,2021-2022,Unknown,1.0
Paul Dummett,2021-2022,0,Other,Nikola Kalini?,2021-2022,Other,1.0,Emmanuel Amankwaa Akurugu,2021-2022,Other,1.0,Rúben Vinagre,2021-2022,Defender,1.0,Théo Le Bris,2021-2022,Other,1.0,Víctor Camarasa,2021-2022,Other,1.0
Alfred Duncan,2021-2022,0,Other,Jorge Miramón,2021-2022,Other,1.0,Gianluca Busio,2021-2022,Other,1.0,Mark Flekken,2021-2022,Other,1.0,Sepe Elye Wahi,2021-2022,Other,1.0,Kepa,2021-2022,Goalkeeper,1.0
Lewis Dunk,2021-2022,0,Other,Emerson Palmieri,2021-2022,Other,1.0,David Raya,2021-2022,Unknown,1.0,Timothée Kolodziejczak,2021-2022,Other,1.0,Steve Mandanda,2021-2022,Unknown,1.0,Grischa Prömel,2021-2022,Other,1.0
Erik Durm,2021-2022,0,Unknown,Ante Budimir,2021-2022,Other,1.0,Birger Meling,2021-2022,Other,1.0,Dedryck Boyata,2021-2022,Other,1.0,Darko Braanac,2021-2022,Other,1.0,Nicolas de Préville,2021-2022,Other,1.0
Hugo Duro,2021-2022,0,Other,Illan Meslier,2021-2022,Other,1.0,Christopher Trimmel,2021-2022,Other,1.0,Christophe Hérelle,2021-2022,Other,1.0,Demarai Gray,2021-2022,Other,1.0,Anton Stach,2021-2022,Other,1.0
Jean-Kevin Duverne,2021-2022,0,Other,Jan Oblak,2021-2022,Unknown,1.0,José Luis Morales,2021-2022,Other,1.0,Joachim Andersen,2021-2022,Other,1.0,José Luis Palomino,2021-2022,Other,1.0,Petar Stojanovi?,2021-2022,Other,1.0
Edin D?eko,2021-2022,0,Other,Fabio Quagliarella,2021-2022,Unknown,1.0,Takefusa Kubo,2021-2022,Unknown,1.0,Pepe Reina,2021-2022,Unknown,1.0,Aaron Cresswell,2021-2022,Other,1.0,Anthony Losilla,2021-2022,Other,1.0
Enzo Ebosse,2021-2022,0,Other,Rafael Czichos,2021-2022,Other,1.0,Armando Broja,2021-2022,Other,1.0,Armel Bella Kotchap,2021-2022,Other,1.0,Ike Ugbo,2021-2022,Other,1.0,Nemanja Mati?,2021-2022,Other,1.0
Tyronne Ebuehi,2021-2022,0,Other,Mads Pedersen,2021-2022,Other,1.0,Santiago Gimenez,2025-2026,Unknown,1.0,Nahuel Tenaglia,2021-2022,Other,1.0,Romain Del Castillo,2021-2022,Other,1.0,Pierrick Capelle,2021-2022,Other,1.0
Odsonne Édouard,2021-2022,0,Other,Andrew Gravillon,2021-2022,Other,1.0,Ashley Westwood,2021-2022,Other,1.0,Bernd Leno,2021-2022,Unknown,1.0,Jimmy Giraudon,2021-2022,Other,1.0,Georginio Rutter,2021-2022,Other,1.0
CJ Egan-Riley,2021-2022,0,Unknown,Matteo Ruggeri,2025-2026,Other,1.0,Arda Güler,2025-2026,Other,1.0,Ebrima Darboe,2021-2022,Other,1.0,Raba,2021-2022,Midfielder,1.0,El Chadaille Bitshiabu,2025-2026,Other,1.0
Maximilian Eggestein,2021-2022,0,Other,Vladimír Coufal,2021-2022,Other,1.0,Kiernan Dewsbury Hall,2021-2022,Other,1.0,Koray Günter,2021-2022,Other,1.0,Andrea Belotti,2021-2022,Other,1.0,Yohann Magnin,2021-2022,Other,1.0
Lilian Egloff,2021-2022,0,Other,Zakaria,2021-2022,Midfielder,1.0,Dário Essugo,2021-2022,Midfielder,1.0,Diego Falcinelli,2021-2022,Other,1.0,Raheem Sterling,2025-2026,Unknown,1.0,Bondarenko,2021-2022,Midfielder,1.0
Kingsley Ehizibue,2021-2022,0,Other,Jamie Shackleton,2021-2022,Other,1.0,John Ruddy,2021-2022,Other,1.0,David Nemeth,2021-2022,Other,1.0,George Bello,2021-2022,Other,1.0,Caoimhín Kelleher,2025-2026,Other,1.0
Julian Eitschberger,2021-2022,0,Other,Sergio Rico,2021-2022,Unknown,1.0,Troy Deeney,2021-2022,Other,1.0,Kingsley Michael,2021-2022,Other,1.0,Leonardo Spinazzola,2021-2022,Unknown,1.0,Kaio Jorge,2021-2022,Other,1.0
Albin Ekdal,2021-2022,0,Other,Ximo Navarro,2021-2022,Other,1.0,Patrick Cutrone,2021-2022,Other,1.0,Ajdin Hrustic,2021-2022,Other,1.0,Grigoris Kastanos,2021-2022,Other,1.0,William Troost-Ekong,2021-2022,Other,1.0
Hugo Ekitike,2021-2022,0,Other,Julien Laporte,2021-2022,Other,1.0,David García,2021-2022,Other,1.0,Vincent Le Goff,2021-2022,Other,1.0,Léo Pétrot,2021-2022,Other,1.0,Fran Beltrán,2021-2022,Other,1.0
Jurgen Ekkelenkamp,2021-2022,0,Other,Jesus Vazquez,2021-2022,Other,1.0,Arthur Melo,2021-2022,Other,1.0,Nikola Mara,2021-2022,Other,1.0,Caoimhín Kelleher,2021-2022,Other,1.0,Álvaro González,2021-2022,Other,1.0
Caleb Ekuban,2021-2022,0,Other,Danijel Petkovi?,2021-2022,Other,1.0,Ayoze Pérez,2021-2022,Other,1.0,Adnan Januzaj,2021-2022,Other,1.0,Paul Nardi,2021-2022,Other,1.0,Víctor Díaz,2021-2022,Other,1.0
Anthony Elanga,2021-2022,0,Unknown,Idrissa Gana Gueye,2021-2022,Other,1.0,Ricardo Rodríguez,2021-2022,Unknown,1.0,Marcelo Brozovi?,2021-2022,Other,1.0,Nicolò Zaniolo,2021-2022,Unknown,1.0,Kasper Dolberg,2021-2022,Unknown,1.0
Alberth Elis,2021-2022,0,Other,Charlie Taylor,2021-2022,Other,1.0,Adrien Truffert,2021-2022,Other,1.0,Lassana Coulibaly,2021-2022,Other,1.0,João Virginia,2021-2022,Goalkeeper,1.0,Anthony Gordon,2021-2022,Other,1.0
Elif Elmas,2021-2022,0,Other,Alberto Grassi,2021-2022,Other,1.0,Thomas Henry,2021-2022,Other,1.0,Federico Ceccherini,2021-2022,Other,1.0,Ben Godfrey,2021-2022,Other,1.0,Mikel Balenziaga,2021-2022,Other,1.0
Mohamed Elneny,2021-2022,0,Unknown,Christian Pulisic,2021-2022,Unknown,1.0,Mohamed Simakan,2021-2022,Unknown,1.0,Robin Le Normand,2021-2022,Unknown,1.0,Carlos Soler,2021-2022,Unknown,1.0,Omar Marmoush,2021-2022,Unknown,1.0
Aritz Elustondo,2021-2022,0,Other,Gaëtan Laborde,2021-2022,Other,1.0,Mickael Nade,2021-2022,Other,1.0,Iyenoma Udogie,2021-2022,Other,1.0,Pontus Jansson,2021-2022,Other,1.0,Mohamed Bayo,2021-2022,Other,1.0
Nico Elvedi,2021-2022,0,Unknown,Eliaquim Mangala,2021-2022,Unknown,1.0,Alessandro Bastoni,2021-2022,Unknown,1.0,Gabriel Paulista,2021-2022,Unknown,1.0,Joaquín Correa,2021-2022,Unknown,1.0,David Raum,2021-2022,Unknown,1.0
Sepe Elye Wahi,2021-2022,0,Other,Kepa,2021-2022,Goalkeeper,1.0,Brandon Williams,2021-2022,Other,1.0,Gerrit Holtmann,2021-2022,Other,1.0,Isaac Palazón Camacho,2021-2022,Other,1.0,Yangel Herrera,2021-2022,Other,1.0
Mohamed Elyounoussi,2021-2022,0,Unknown,Oliver Skipp,2021-2022,Unknown,1.0,Raúl Jiménez,2021-2022,Unknown,1.0,Daichi Kamada,2021-2022,Unknown,1.0,Donyell Malen,2021-2022,Unknown,1.0,Adam Lallana,2021-2022,Unknown,1.0
Adri Embarba,2021-2022,0,Other,Alexander Sørloth,2021-2022,Other,1.0,Miguel Almirón,2021-2022,Other,1.0,Ruben Vargas,2021-2022,Other,1.0,Daniel Podence,2021-2022,Other,1.0,James Justin,2021-2022,Other,1.0
Breel Embolo,2021-2022,0,Unknown,Lars Stindl,2021-2022,Unknown,1.0,Granit Xhaka,2021-2022,Unknown,1.0,Mahmoud Dahoud,2021-2022,Unknown,1.0,Leandro Trossard,2021-2022,Unknown,1.0,Bryan Cristante,2021-2022,Unknown,1.0
Emerson,2021-2022,0,Unknown,Harry Maguire,2021-2022,Unknown,1.0,Iñigo Martínez,2021-2022,Unknown,1.0,Geoffrey Kondogbia,2021-2022,Unknown,1.0,Massadio Haidara,2021-2022,Unknown,1.0,Thomas Lemar,2021-2022,Unknown,1.0
Renaud Emond,2021-2022,0,Other,Erick Pulgar,2021-2022,Other,1.0,Folarin Balogun,2021-2022,Other,1.0,Valon Berisha,2021-2022,Other,1.0,Chimuanya Ugochukwu,2021-2022,Other,1.0,David Timor,2021-2022,Other,1.0
Youssef En-Nesyri,2021-2022,0,Unknown,Amine Gouiri,2021-2022,Other,1.0,Aaron Hickey,2021-2022,Other,1.0,Gianluigi Donnarumma,2021-2022,Unknown,1.0,Sofiane Boufal,2021-2022,Other,1.0,Ivan Perii?,2021-2022,Other,1.0
Keita Endo,2021-2022,0,Other,Lucas Copado,2021-2022,Other,1.0,Arbër Hoxha,2025-2026,Other,1.0,Gökhan Töre,2021-2022,Midfielder,1.0,Afimico Pululu,2021-2022,Other,1.0,Izquierdo,2021-2022,Forward,1.0
Wataru Endo,2021-2022,0,Other,Georginio Wijnaldum,2021-2022,Unknown,1.0,Kevin Danso,2021-2022,Other,1.0,Mario Paali?,2021-2022,Other,1.0,Ryan Sessegnon,2021-2022,Unknown,1.0,Hugo Lloris,2021-2022,Unknown,1.0
Christian Eriksen,2021-2022,0,Unknown,Mohamed Salah,2021-2022,Unknown,1.0,Pierre-Emerick Aubameyang,2021-2022,Unknown,1.0,Reinildo Mandava,2021-2022,Unknown,1.0,Serge Gnabry,2021-2022,Unknown,1.0,Christopher Nkunku,2021-2022,Unknown,1.0
Martin Erlic,2021-2022,0,Other,Dani Rodríguez,2021-2022,Other,1.0,Vlad Chiriche?,2021-2022,Other,1.0,Nicolas Pallois,2021-2022,Other,1.0,Javi Martínez,2021-2022,Unknown,1.0,Terem Moffi,2021-2022,Other,1.0
Aarón Escandell,2021-2022,0,Other,Marco Modolo,2021-2022,Other,1.0,Filippo Delli Carri,2021-2022,Other,1.0,George Bello,2021-2022,Other,1.0,Marvin Zeegelaar,2021-2022,Other,1.0,Willy Caballero,2021-2022,Other,1.0
Sergio Escudero,2021-2022,0,Unknown,Nikola Milenkovi?,2021-2022,Other,1.0,David von Ballmoos,2025-2026,Goalkeeper,1.0,Sergi Darder,2021-2022,Other,1.0,Franck Honorat,2021-2022,Other,1.0,Tolgay Arslan,2021-2022,Unknown,1.0
Alfonso Espino,2021-2022,0,Other,Emmanuel Dennis,2021-2022,Other,1.0,Oriol Romeu,2021-2022,Other,1.0,Mouctar Diakhaby,2021-2022,Unknown,1.0,Hiroki Ito,2021-2022,Other,1.0,Timothy Castagne,2021-2022,Other,1.0
Michael Esser,2021-2022,0,Other,Ezequiel Ponce,2021-2022,Other,1.0,Mat?j Vydra,2021-2022,Other,1.0,Unai Núñez,2021-2022,Other,1.0,Fransérgio,2021-2022,Other,1.0,Hélder Costa,2021-2022,Other,1.0
Maxime Estève,2021-2022,0,Other,Iñigo Lekue,2021-2022,Other,1.0,Omar Alderete,2021-2022,Other,1.0,Luca Ranieri,2021-2022,Other,1.0,Tim Krul,2021-2022,Other,1.0,Elvis Rexhbeçaj,2021-2022,Other,1.0
Oghenekaro Etebo,2021-2022,0,Other,Matthis Abline,2021-2022,Other,1.0,Sven Michel,2021-2022,Other,1.0,Jesús Areso,2021-2022,Other,1.0,Raúl,2021-2022,Unknown,1.0,Hamza Choudhury,2021-2022,Other,1.0
Jonny Evans,2021-2022,0,Unknown,Riyad Mahrez,2021-2022,Unknown,1.0,Kalidou Koulibaly,2021-2022,Unknown,1.0,Jerry St. Juste,2021-2022,Unknown,1.0,Erling Haaland,2021-2022,Unknown,1.0,Leroy Sané,2021-2022,Unknown,1.0
Eberechi Eze,2021-2022,0,Other,Njego Petrovi?,2021-2022,Other,1.0,Francesco Bardi,2021-2022,Other,1.0,Lamine Gueye,2021-2022,Other,1.0,Marcin Bu?ka,2021-2022,Other,1.0,Tom Lacoux,2021-2022,Other,1.0
Abdessamad Ezzalzouli,2021-2022,0,Other,Yayah Kallon,2021-2022,Other,1.0,Santiago Arzamendia,2021-2022,Other,1.0,Pawe? Jaroszy?ski,2021-2022,Other,1.0,Joan García,2021-2022,Other,1.0,Eddie Salcedo,2021-2022,Other,1.0
?ukasz Fabia?ski,2021-2022,0,Other,Mama Samba Baldé,2021-2022,Other,1.0,Germán Sánchez,2021-2022,Other,1.0,Manuel Riemann,2021-2022,Other,1.0,Alban Lafont,2021-2022,Other,1.0,Asier Illarramendi,2021-2022,Unknown,1.0
Fabio,2021-2022,0,Unknown,Hakan Çalhanoðlu,2021-2022,Other,1.0,Antonín Barák,2021-2022,Other,1.0,Sergio Canales,2021-2022,Other,1.0,Édouard Mendy,2021-2022,Unknown,1.0,David Ospina,2021-2022,Unknown,1.0
Cesc Fàbregas,2021-2022,0,Unknown,Guindo,2021-2022,Defender,1.0,Ronaël Pierre-Gabriel,2025-2026,Other,1.0,Lázaro,2021-2022,Midfielder,0.9999,Timothy Weah,2025-2026,Unknown,0.9999,Tijani,2021-2022,Midfielder,0.9999
Wout Faes,2021-2022,0,Other,Manuel Lanzini,2021-2022,Other,1.0,Kasper Schmeichel,2021-2022,Unknown,1.0,Ellyes Skhiri,2021-2022,Other,1.0,Sergi Darder,2021-2022,Other,1.0,Christoph Kramer,2021-2022,Unknown,1.0
Wahidullah Faghir,2021-2022,0,Other,Francesco Forte,2021-2022,Other,1.0,Casimir Ninga,2021-2022,Other,1.0,Marcus Forss,2021-2022,Other,1.0,Patrick Berg,2021-2022,Other,1.0,Andrés Martín,2021-2022,Other,1.0
Romain Faivre,2021-2022,0,Unknown,Marten de Roon,2021-2022,Unknown,1.0,Benjamin Henrichs,2021-2022,Unknown,1.0,Francesco Acerbi,2021-2022,Unknown,1.0,Nico Schulz,2021-2022,Unknown,1.0,Nabil Fekir,2021-2022,Unknown,1.0
Radamel Falcao,2021-2022,0,Unknown,Jeremie Frimpong,2021-2022,Unknown,1.0,Junior Messias,2021-2022,Unknown,1.0,Kaan Ayhan,2021-2022,Unknown,1.0,Cengiz Ünder,2021-2022,Unknown,1.0,Juan Musso,2021-2022,Other,1.0
Diego Falcinelli,2021-2022,0,Other,Raheem Sterling,2025-2026,Unknown,1.0,Bondarenko,2021-2022,Midfielder,1.0,Rubén Peña,2021-2022,Other,1.0,Dário Essugo,2021-2022,Midfielder,1.0,Zakaria,2021-2022,Midfielder,1.0
Wladimiro Falcone,2021-2022,0,Other,Christopher Antwi-Adjei,2021-2022,Other,1.0,Jens Stryger Larsen,2021-2022,Other,1.0,Jonjoe Kenny,2021-2022,Other,1.0,Eldor Shomurodov,2021-2022,Other,1.0,Dimitry Bertaud,2021-2022,Other,1.0
Fali,2021-2022,0,Other,Marc-André ter Stegen,2025-2026,Unknown,1.0,Paul Bernardoni,2021-2022,Other,1.0,José Ángel,2021-2022,Other,1.0,Gideon Mensah,2021-2022,Other,1.0,Josip Ili?i?,2021-2022,Other,1.0
Davide Faraoni,2021-2022,0,Other,Ricardo Mangas,2021-2022,Other,1.0,Batista Mendy,2021-2022,Other,1.0,Josh Brownhill,2021-2022,Other,1.0,Dylan Bronn,2021-2022,Other,1.0,Jon Moncayola,2021-2022,Other,1.0
Mohamed Fares,2021-2022,0,Unknown,Matteo Darmian,2021-2022,Unknown,1.0,Kurt Zouma,2021-2022,Unknown,1.0,Nordi Mukiele,2021-2022,Unknown,1.0,Dominik Takáč,2025-2026,Unknown,1.0,Mattia Caldara,2021-2022,Unknown,1.0
Diego Farias,2021-2022,0,Other,Myziane Maolida,2021-2022,Other,1.0,Luca Waldschmidt,2021-2022,Other,1.0,Abdu Conté,2025-2026,Other,1.0,Radonjić,2021-2022,Forward,1.0,Redwan Bourles,2021-2022,Other,1.0
Wuilker Faríñez,2021-2022,0,Other,Andreas Linde,2021-2022,Other,1.0,Håvard Nielsen,2021-2022,Other,1.0,Portu,2021-2022,Other,1.0,Sekou Mara,2021-2022,Other,1.0,Viktor Kovalenko,2021-2022,Other,1.0
Ömer Faruk Beyaz,2021-2022,0,Other,Ognjen Mimović,2025-2026,Unknown,1.0,Marley Aké,2021-2022,Other,1.0,Dina Ebimbe,2021-2022,Midfielder,1.0,Samuel Di Carmine,2021-2022,Other,1.0,Enzo Millot,2021-2022,Other,1.0
Julien Faussurier,2021-2022,0,Other,Landry Dimata,2021-2022,Other,1.0,Oier Olazábal,2021-2022,Other,1.0,Brandon Soppy,2021-2022,Other,1.0,Daley Sinkgraven,2021-2022,Other,1.0,Samuel Kalu,2021-2022,Other,1.0
Andrea Favilli,2021-2022,0,Other,José Juan Macías,2021-2022,Other,1.0,Sergio Córdova,2021-2022,Other,1.0,Gonzalo Villar,2021-2022,Other,1.0,Iván Martín,2021-2022,Other,1.0,Sebastian Walukiewicz,2021-2022,Other,1.0
Federico Fazio,2021-2022,0,Unknown,Álvaro Morata,2021-2022,Unknown,1.0,Alessandro Florenzi,2021-2022,Unknown,1.0,Randal Kolo Muani,2021-2022,Unknown,1.0,Yannick Carrasco,2021-2022,Unknown,1.0,Léo Dubois,2021-2022,Unknown,1.0
Aleix Febas,2021-2022,0,Other,Tomás Rincón,2021-2022,Other,1.0,Nemanja Radonjić,2025-2026,Forward,1.0,Dani Olmo,2025-2026,Unknown,1.0,Rodrigo Ribeiro,2021-2022,Forward,1.0,Da Graca,2021-2022,Forward,1.0
Adrian Fein,2021-2022,0,Other,Andres Cuenca,2025-2026,Other,1.0,Vladyslav Supriaha,2021-2022,Other,1.0,Ramiz Zerrouki,2025-2026,Other,1.0,Nemanja Radonji?,2021-2022,Other,1.0,Justin Che,2021-2022,Other,1.0
Nabil Fekir,2021-2022,0,Unknown,Nico Schulz,2021-2022,Unknown,1.0,Son Heung-Min,2021-2022,Unknown,1.0,Francesco Acerbi,2021-2022,Unknown,1.0,Tuta,2021-2022,Unknown,1.0,Aurélien Tchouaméni,2021-2022,Unknown,1.0
Luiz Felipe,2021-2022,0,Other,Jack Harrison,2021-2022,Other,1.0,Lucas Torró,2021-2022,Other,1.0,Vitaly Janelt,2021-2022,Other,1.0,Batista Mendy,2021-2022,Other,1.0,Davide Faraoni,2021-2022,Other,1.0
Ohis Felix Uduokhai,2021-2022,0,Other,Dylan Chambost,2021-2022,Other,1.0,Manu García,2021-2022,Other,1.0,Will Hughes,2021-2022,Other,1.0,Ante Rebi?,2021-2022,Other,1.0,Anderson Lucoqui,2021-2022,Other,1.0
Kiko Femenía,2021-2022,0,Other,Predrag Rajkovi?,2021-2022,Other,1.0,Damián Suárez,2021-2022,Other,1.0,Óscar Trejo,2021-2022,Other,1.0,Luká Hrádeck?,2021-2022,Other,1.0,?ukasz Skorupski,2021-2022,Other,1.0
Evan Ferguson,2021-2022,0,Other,Aleksa Terzi?,2021-2022,Other,1.0,Ben Lhassine Kone,2021-2022,Other,1.0,Suk Hyun-jun,2021-2022,Other,1.0,Daniel Villahermosa,2021-2022,Other,1.0,Cedric Teuchert,2021-2022,Other,1.0
Edimilson Fernandes,2021-2022,0,Unknown,Toni Moya,2021-2022,Other,1.0,Tomás Alarcón,2021-2022,Other,1.0,Robin Olsen,2021-2022,Unknown,1.0,Jere Uronen,2021-2022,Other,1.0,Angus Gunn,2021-2022,Other,1.0
Aitor Fernández,2021-2022,0,Other,Linus Gechter,2021-2022,Other,1.0,Francesco Di Tacchio,2021-2022,Other,1.0,Salvi,2021-2022,Other,1.0,Sébastien Corchia,2021-2022,Other,1.0,Aihen Muñoz,2021-2022,Other,1.0
Álex Fernández,2021-2022,0,Other,Rayan Aït Nouri,2021-2022,Other,1.0,Che Adams,2021-2022,Other,1.0,Valentino Livramento,2021-2022,Other,1.0,Joel Ward,2021-2022,Other,1.0,Pablo Maffeo,2021-2022,Other,1.0
Álvaro Fernández,2021-2022,0,Other,Viktor Kovalenko,2021-2022,Other,1.0,Sekou Mara,2021-2022,Other,1.0,Portu,2021-2022,Other,1.0,Håvard Nielsen,2021-2022,Other,1.0,Andreas Linde,2021-2022,Other,1.0
Federico Fernández,2021-2022,0,Other,Mickaël Cuisance,2021-2022,Other,1.0,Nicola Zalewski,2021-2022,Other,1.0,Dimitry Bertaud,2021-2022,Other,1.0,Philipp Klement,2021-2022,Other,1.0,Luca Zidane,2021-2022,Other,1.0
Alex Ferrari,2021-2022,0,Other,Franco Israel,2025-2026,Other,1.0,Angelo Stiller,2021-2022,Other,1.0,Niklas Stark,2021-2022,Other,1.0,Alessandro Schöpf,2021-2022,Other,1.0,Malo Gusto,2021-2022,Other,1.0
Salvador Ferrer,2021-2022,0,Other,Arthur Desmas,2021-2022,Other,1.0,Boubakary Soumaré,2021-2022,Other,1.0,Alex McCarthy,2021-2022,Other,1.0,M'Bala Nzola,2021-2022,Other,1.0,Martin Agirregabiria,2021-2022,Other,1.0
Jordan Ferri,2021-2022,0,Other,Branimir Hrgota,2021-2022,Other,1.0,Adam Marui?,2021-2022,Other,1.0,Giacomo Raspadori,2021-2022,Other,1.0,Gianluca Scamacca,2021-2022,Other,1.0,Lucas Perrin,2021-2022,Other,1.0
Riccardo Fiamozzi,2021-2022,0,Other,Rubén Rochina,2021-2022,Other,1.0,Karol Linetty,2021-2022,Other,1.0,Sergio Postigo,2021-2022,Other,1.0,Luka Milivojevi?,2021-2022,Other,1.0,Davide Biraschi,2021-2022,Other,1.0
Fidel,2021-2022,0,Other,Kevin Vogt,2021-2022,Other,1.0,Bastian Oczipka,2021-2022,Unknown,1.0,Gareth Bale,2021-2022,Unknown,1.0,?ukasz Skorupski,2025-2026,Other,1.0,Mario Lemina,2021-2022,Other,1.0
Karol Fila,2021-2022,0,Other,Brandon Domingues,2021-2022,Other,1.0,Nikolas Nartey,2021-2022,Other,1.0,Marcus Ingvartsen,2021-2022,Other,1.0,Steven Fortes,2021-2022,Other,1.0,Michel Aebischer,2021-2022,Other,1.0
Alfre? Finnbogason,2021-2022,0,Other,Mariano,2021-2022,Unknown,1.0,Jonas Lössl,2021-2022,Other,1.0,Roberto Torres,2021-2022,Other,1.0,Leonardo Román,2021-2022,Other,1.0,Patrick Herrmann,2021-2022,Other,1.0
Luca Fiordilino,2021-2022,0,Other,Oier Sanjurjo,2021-2022,Other,1.0,Diant Ramaj,2021-2022,Other,1.0,Joe Gelhardt,2021-2022,Other,1.0,Bryan,2021-2022,Other,1.0,?tefan Radu,2021-2022,Other,1.0
Vincenzo Fiorillo,2021-2022,0,Other,Danny Blum,2021-2022,Other,1.0,Tanner Tessmann,2021-2022,Other,1.0,Sargis Adamyan,2021-2022,Other,1.0,Adrian Grbi?,2021-2022,Other,1.0,Faouzi Ghoulam,2021-2022,Unknown,1.0
Junior Firpo,2021-2022,0,Unknown,Denis Zakaria,2021-2022,Unknown,1.0,Franco Cervi,2021-2022,Unknown,1.0,Sergej Milinkovi?-Savi?,2021-2022,Other,1.0,Laurent Koscielny,2021-2022,Unknown,1.0,Mattia De Sciglio,2021-2022,Unknown,1.0
Mark Flekken,2021-2022,0,Other,Jorge Miramón,2021-2022,Other,1.0,Alfred Duncan,2021-2022,Other,1.0,Dennis Geiger,2021-2022,Other,1.0,Gianluca Busio,2021-2022,Other,1.0,Riccardo Orsolini,2021-2022,Other,1.0
Alexis Flips,2021-2022,0,Other,Nuno Tavares,2021-2022,Other,1.0,Gio Reyna,2021-2022,Other,1.0,Youssouf Sabaly,2021-2022,Other,1.0,Ayoze Pérez,2021-2022,Other,1.0,Andrea Schiavone,2021-2022,Other,1.0
Alessandro Florenzi,2021-2022,0,Unknown,Randal Kolo Muani,2021-2022,Unknown,1.0,Álvaro Morata,2021-2022,Unknown,1.0,Federico Fazio,2021-2022,Unknown,1.0,Léo Dubois,2021-2022,Unknown,1.0,Yannick Carrasco,2021-2022,Unknown,1.0
Phil Foden,2021-2022,0,Unknown,Antonio Rüdiger,2021-2022,Unknown,1.0,Rúben Neves,2021-2022,Unknown,1.0,Luis Alberto,2021-2022,Unknown,1.0,Amadou Haidara,2021-2022,Unknown,1.0,Giovanni Di Lorenzo,2021-2022,Unknown,1.0
Mamadou Fofana,2021-2022,0,Other,Keinan Davis,2021-2022,Other,1.0,Christian Oliva,2021-2022,Other,1.0,Óscar Rodríguez,2021-2022,Unknown,1.0,Jastin García,2025-2026,Unknown,1.0,Roberto Gagliardini,2021-2022,Other,1.0
Seko Fofana,2021-2022,0,Other,Alexander Meyer,2025-2026,Unknown,1.0,Adrien Thomasson,2021-2022,Other,1.0,Ansgar Knauff,2021-2022,Unknown,1.0,Miguel Veloso,2021-2022,Unknown,1.0,Sebastian Rode,2021-2022,Unknown,1.0
Wesley Fofana,2021-2022,0,Unknown,Mathias Jørgensen,2021-2022,Unknown,1.0,Ciro Immobile,2021-2022,Unknown,1.0,Bruno Guimarães,2021-2022,Unknown,1.0,Leon Goretzka,2021-2022,Unknown,1.0,Josuha Guilavogui,2021-2022,Unknown,1.0
Youssouf Fofana,2021-2022,0,Other,Rani Khedira,2021-2022,Other,1.0,Oliver Baumann,2021-2022,Other,1.0,Pietro Terracciano,2021-2022,Other,1.0,Nathan Collins,2021-2022,Other,1.0,Rubén García,2021-2022,Other,1.0
Thomas Foket,2021-2022,0,Unknown,Michael Olise,2021-2022,Unknown,1.0,Héctor Bellerín,2021-2022,Unknown,1.0,Yussuf Poulsen,2021-2022,Unknown,1.0,Mehdi Bourabia,2021-2022,Other,1.0,Suat Serdar,2021-2022,Unknown,1.0
Thomas Fontaine,2021-2022,0,Other,Josh Dasilva,2021-2022,Other,1.0,Nanasi,2021-2022,Midfielder,1.0,Alessandro Zanoli,2021-2022,Other,1.0,Raúl Moro,2021-2022,Other,1.0,Grejohn Kyei,2021-2022,Other,1.0
José Fontán,2021-2022,0,Other,Marcelo Saracchi,2021-2022,Other,1.0,Jhon Solís,2025-2026,Other,1.0,Mohamed Bayo,2025-2026,Other,1.0,Mohamed Sankoh,2021-2022,Other,1.0,Magnus Warming,2021-2022,Other,1.0
José Fonte,2021-2022,0,Unknown,Wilfried Singo,2021-2022,Unknown,1.0,Héctor Herrera,2021-2022,Unknown,1.0,Ezri Konsa,2021-2022,Unknown,1.0,Nahuel Molina,2021-2022,Unknown,1.0,Nélson Semedo,2021-2022,Unknown,1.0
Pablo Fornals,2021-2022,0,Other,Christian Günter,2021-2022,Other,1.0,Houboulang Mendes,2021-2022,Other,1.0,Hamed Junior Traorè,2021-2022,Other,1.0,Jonny Castro,2021-2022,Other,1.0,Beto,2021-2022,Other,1.0
Emil Forsberg,2021-2022,0,Unknown,Allan,2021-2022,Unknown,1.0,Alexandre Lacazette,2021-2022,Unknown,1.0,Pape Matar Sarr,2021-2022,Unknown,1.0,Mamadou Sakho,2021-2022,Unknown,1.0,Julian Draxler,2021-2022,Unknown,1.0
Adam Forshaw,2021-2022,0,Other,Carlos Neva,2021-2022,Other,1.0,Rafael Czichos,2021-2022,Other,1.0,Liam Henderson,2021-2022,Other,1.0,Enzo Ebosse,2021-2022,Other,1.0,Craig Cathcart,2021-2022,Other,1.0
Marcus Forss,2021-2022,0,Other,Patrick Berg,2021-2022,Other,1.0,Casimir Ninga,2021-2022,Other,1.0,Wahidullah Faghir,2021-2022,Other,1.0,Francesco Forte,2021-2022,Other,1.0,Domagoj Bradari?,2021-2022,Other,1.0
Fraser Forster,2021-2022,0,Unknown,Papu Gómez,2021-2022,Other,1.0,Dimitris Nikolaou,2021-2022,Other,1.0,Morten Thorsby,2021-2022,Other,1.0,Ihlas Bebou,2021-2022,Other,1.0,Pablo Marí,2021-2022,Other,1.0
Philipp Förster,2021-2022,0,Other,Robin Hack,2021-2022,Other,1.0,Pere Pons,2021-2022,Other,1.0,Janik Haberer,2021-2022,Other,1.0,Etienne Green,2021-2022,Other,1.0,Sebastian Andersson,2021-2022,Other,1.0
Francesco Forte,2021-2022,0,Other,Wahidullah Faghir,2021-2022,Other,1.0,Casimir Ninga,2021-2022,Other,1.0,Marcus Forss,2021-2022,Other,1.0,Andrés Martín,2021-2022,Other,1.0,Patrick Berg,2021-2022,Other,1.0
Steven Fortes,2021-2022,0,Other,Michel Aebischer,2021-2022,Other,1.0,Eray Cömert,2021-2022,Other,1.0,Todd Cantwell,2021-2022,Other,1.0,Brandon Domingues,2021-2022,Other,1.0,Karol Fila,2021-2022,Other,1.0
Ben Foster,2021-2022,0,Other,Jordan Lotomba,2021-2022,Other,1.0,Kevin Strootman,2021-2022,Unknown,1.0,Pasquale Mazzocchi,2021-2022,Other,1.0,Stefan Strandberg,2021-2022,Other,1.0,Dimitris Giannoulis,2021-2022,Other,1.0
Tariqe Fosu,2021-2022,0,Other,Alen Mustafić,2025-2026,Other,1.0,Samuel Iling-Junior,2025-2026,Other,1.0,Gijs Smal,2025-2026,Unknown,1.0,Waniss Taibi,2021-2022,Other,1.0,Ruben Lendinez,2021-2022,Other,1.0
Timothy Fosu-Mensah,2021-2022,0,Other,Jean-Daniel Akpa-Akpro,2021-2022,Other,1.0,Strahinja Pavlovi?,2021-2022,Other,1.0,Stefan Ilsanker,2021-2022,Other,1.0,Luke McCowan,2025-2026,Unknown,1.0,Matija Nastasi?,2021-2022,Other,1.0
Dimitri Foulquier,2021-2022,0,Other,Radu Dr?gu?in,2021-2022,Other,1.0,Jordan Torunarigha,2021-2022,Other,1.0,Adam Idah,2021-2022,Other,1.0,Thuler,2021-2022,Other,1.0,Christopher Lenz,2021-2022,Unknown,1.0
Juan Foyth,2021-2022,0,Unknown,Max Kruse,2021-2022,Unknown,1.0,Mats Hummels,2021-2022,Unknown,1.0,Manuel Akanji,2021-2022,Unknown,1.0,Thomas Müller,2021-2022,Unknown,1.0,Domenico Criscito,2021-2022,Unknown,1.0
Gianluca Frabotta,2021-2022,0,Other,Yussuf Poulsen,2025-2026,Unknown,1.0,Bouna Sarr,2021-2022,Other,1.0,Mbete,2021-2022,Defender,1.0,Kolarov,2021-2022,Defender,1.0,Patrick Roberts,2021-2022,Other,1.0
Raphael Framberger,2021-2022,0,Other,Andrea Masiello,2021-2022,Other,1.0,Cristian Ansaldi,2021-2022,Other,1.0,Luca Gemello,2021-2022,Other,1.0,Daniel Bessa,2021-2022,Other,1.0,Kevin Long,2021-2022,Other,1.0
Przemys?aw Frankowski,2021-2022,0,Other,Marc Guéhi,2021-2022,Other,1.0,Guaita,2021-2022,Unknown,1.0,Walter Benítez,2021-2022,Unknown,1.0,Luka Modri?,2021-2022,Other,1.0,Christoph Kramer,2021-2022,Unknown,1.0
Enric Franquesa,2021-2022,0,Other,Niklas Tauer,2021-2022,Other,1.0,Matteo Gabbia,2021-2022,Other,1.0,Tony Jantschke,2021-2022,Other,1.0,Dan Ndoye,2021-2022,Other,1.0,Paul Akouokou,2021-2022,Other,1.0
Fransérgio,2021-2022,0,Other,Arial Mendy,2021-2022,Other,1.0,Iván Alejo,2021-2022,Other,1.0,Ezequiel Ponce,2021-2022,Other,1.0,Michael Esser,2021-2022,Other,1.0,Eliot Matazo,2021-2022,Other,1.0
Ryan Fraser,2021-2022,0,Other,Martin Agirregabiria,2021-2022,Other,1.0,M'Bala Nzola,2021-2022,Other,1.0,Lee Kangin,2021-2022,Other,1.0,Alex McCarthy,2021-2022,Other,1.0,Boubakary Soumaré,2021-2022,Other,1.0
Davide Frattesi,2021-2022,0,Unknown,Thomas Lemar,2021-2022,Unknown,1.0,Geoffrey Kondogbia,2021-2022,Unknown,1.0,Jonathan Tah,2021-2022,Unknown,1.0,Bukayo Saka,2021-2022,Unknown,1.0,Sandro Tonali,2021-2022,Unknown,1.0
Ryan Fredericks,2021-2022,0,Other,Karim Azamoum,2021-2022,Other,1.0,Daniel James,2021-2022,Other,1.0,Fredrik André Bjørkan,2021-2022,Other,1.0,Raúl Moro,2021-2022,Other,1.0,Thomas Fontaine,2021-2022,Other,1.0
Morten Frendrup,2021-2022,0,Other,Andriy Yarmolenko,2021-2022,Unknown,1.0,Jens Petter Hauge,2021-2022,Other,1.0,Kieran Dowell,2021-2022,Other,1.0,Guido Carrillo,2021-2022,Other,1.0,Renato Tapia,2021-2022,Other,1.0
Marvin Friedrich,2021-2022,0,Other,Yoane Wissa,2021-2022,Other,1.0,Kamory Doumbia,2021-2022,Other,1.0,Luca Ceppitelli,2021-2022,Other,1.0,Remi Oudin,2021-2022,Other,1.0,Dennis Praet,2021-2022,Other,1.0
Jeremie Frimpong,2021-2022,0,Unknown,Radamel Falcao,2021-2022,Unknown,1.0,Junior Messias,2021-2022,Unknown,1.0,Kaan Ayhan,2021-2022,Unknown,1.0,Cengiz Ünder,2021-2022,Unknown,1.0,Juan Musso,2021-2022,Other,1.0
Christian Früchtl,2021-2022,0,Other,Pascal Stenzel,2025-2026,Other,1.0,Berkay Vardar,2021-2022,Midfielder,1.0,Daniel Maldini,2021-2022,Other,1.0,Balde,2021-2022,Defender,1.0,Patrick Roberts,2021-2022,Other,1.0
Jorge de Frutos,2021-2022,0,Other,Max Aarons,2021-2022,Other,1.0,Thomas Delaine,2021-2022,Other,1.0,Wahbi Khazri,2021-2022,Other,1.0,Salva Sevilla,2021-2022,Other,1.0,José Luis Gayà,2021-2022,Other,1.0
Leo Fuhr Hjelde,2021-2022,0,Other,Óscar Rodríguez Arnaiz,2021-2022,Other,1.0,Morgan Sanson,2021-2022,Other,1.0,Aaron Connolly,2021-2022,Other,1.0,Francesco Caputo,2021-2022,Other,1.0,Anastasios Donis,2021-2022,Other,1.0
Chris Führich,2021-2022,0,Other,Willian José,2021-2022,Other,1.0,Florian Müller,2021-2022,Other,1.0,Andoni Gorosabel,2021-2022,Other,1.0,Yohann Magnin,2021-2022,Other,1.0,Andrea Belotti,2021-2022,Other,1.0
Angelo Fulgini,2021-2022,0,Other,Mohamed Bayo,2021-2022,Other,1.0,Mickael Nade,2021-2022,Other,1.0,Aritz Elustondo,2021-2022,Other,1.0,Gaëtan Laborde,2021-2022,Other,1.0,Iyenoma Udogie,2021-2022,Other,1.0
Marius Funk,2021-2022,0,Other,Kalifa Coulibaly,2021-2022,Other,1.0,Jeison Murillo,2021-2022,Other,1.0,Zinho Vanheusden,2021-2022,Other,1.0,Jack Butland,2021-2022,Other,1.0,Lazar Samardzic,2021-2022,Other,1.0
Matteo Gabbia,2021-2022,0,Other,Enric Franquesa,2021-2022,Other,1.0,Niklas Tauer,2021-2022,Other,1.0,Dan Ndoye,2021-2022,Other,1.0,Tony Jantschke,2021-2022,Other,1.0,Paul Akouokou,2021-2022,Other,1.0
Manolo Gabbiadini,2021-2022,0,Other,Georginio Rutter,2021-2022,Other,1.0,Brian Oliván,2021-2022,Other,1.0,José Luis García Vayá,2021-2022,Other,1.0,Kristijan Jaki?,2021-2022,Other,1.0,Bernd Leno,2021-2022,Unknown,1.0
Mijat Ga?inovi?,2021-2022,0,Other,Dale Stephens,2021-2022,Other,1.0,Arthur Cabral,2025-2026,Forward,1.0,Romeo Vermant,2025-2026,Other,1.0,Nicolò Casale,2025-2026,Other,1.0,Loris Benito,2021-2022,Other,1.0
Luca Gagliano,2021-2022,0,Other,Eile,2021-2022,Defender,1.0,Andrea Conti,2021-2022,Other,1.0,Šimić,2021-2022,Forward,1.0,Cojocari,2021-2022,Defender,1.0,Maouassa,2021-2022,Defender,1.0
Riccardo Gagliolo,2021-2022,0,Other,Isaac Success,2021-2022,Other,1.0,Simon Zoller,2021-2022,Other,1.0,Guilherme Ramos,2021-2022,Other,1.0,Unai García,2021-2022,Other,1.0,Henrique,2021-2022,Other,1.0
Javi Galán,2021-2022,0,Unknown,Alberto Moreno,2021-2022,Unknown,1.0,Jamie Vardy,2021-2022,Unknown,1.0,Philipp Köhn,2025-2026,Unknown,1.0,Ángel Correa,2021-2022,Unknown,1.0,John McGinn,2021-2022,Unknown,1.0
Iñigo Ruiz de Galarreta,2021-2022,0,Other,Kamaldeen Sulemana,2021-2022,Other,1.0,Igor Carioca,2021-2022,Other,1.0,Federico Di Francesco,2021-2022,Other,1.0,Ibrahima Niane,2021-2022,Other,1.0,Lucas Pérez,2021-2022,Other,1.0
Pablo Galdames Millán,2021-2022,0,Other,Rodrigo Battaglia,2021-2022,Other,1.0,Neto,2021-2022,Other,1.0,Bosko Sutalo,2021-2022,Other,1.0,Gabriele Zappa,2021-2022,Other,1.0,Andi Zeqiri,2021-2022,Other,1.0
Thiago Galhardo,2021-2022,0,Other,Shandon Baptiste,2021-2022,Other,1.0,Nicola Murru,2021-2022,Other,1.0,Nemanja Gudelj,2021-2022,Other,1.0,Etrit Berisha,2021-2022,Other,1.0,Eldor Shomurodov,2021-2022,Other,1.0
Conor Gallagher,2021-2022,0,Unknown,Henrikh Mkhitaryan,2021-2022,Unknown,1.0,César Azpilicueta,2021-2022,Unknown,1.0,Kyle Walker,2021-2022,Unknown,1.0,Charles Aránguiz,2021-2022,Unknown,1.0,Amine Adli,2021-2022,Unknown,1.0
Gauthier Gallon,2021-2022,0,Other,Jean Lucas,2021-2022,Other,1.0,Alessio Cragno,2021-2022,Other,1.0,Burak Yýlmaz,2021-2022,Other,1.0,Arnaud Nordin,2021-2022,Other,1.0,Mattia Destro,2021-2022,Other,1.0
Cristian Gamboa,2021-2022,0,Other,Son,2021-2022,Other,1.0,Duan Vlahovi?,2021-2022,Other,1.0,Abdelhamid Sabiri,2021-2022,Other,1.0,Jeffrey Schlupp,2021-2022,Other,1.0,Andrea Cambiaso,2021-2022,Other,1.0
Kevin Gameiro,2021-2022,0,Unknown,Mark Uth,2021-2022,Unknown,1.0,Jonathan David,2021-2022,Unknown,1.0,Sergio Reguilón,2021-2022,Unknown,1.0,Joël Veltman,2021-2022,Unknown,1.0,Mohammed Salisu,2021-2022,Unknown,1.0
Idrissa Gana Gueye,2021-2022,0,Other,Anthony Elanga,2021-2022,Unknown,1.0,Ricardo Rodríguez,2021-2022,Unknown,1.0,Marcelo Brozovi?,2021-2022,Other,1.0,Nicolò Zaniolo,2021-2022,Unknown,1.0,Kasper Dolberg,2021-2022,Unknown,1.0
Ignatius Ganago,2021-2022,0,Other,Nadir Zortea,2021-2022,Other,1.0,Tomás Pina Isla,2021-2022,Other,1.0,Opa Nguette,2021-2022,Other,1.0,Fernando Calero,2021-2022,Other,1.0,Lucas Alario,2021-2022,Other,1.0
Silvère Ganvoula M'Boussy,2021-2022,0,Other,Ramzi Aya,2021-2022,Other,1.0,Gonzalo Villar,2021-2022,Other,1.0,Sergio Córdova,2021-2022,Other,1.0,José Juan Macías,2021-2022,Other,1.0,Jaden Philogene Bidace,2021-2022,Other,1.0
Álvaro García,2021-2022,0,Other,Jeffrey Gouweleeuw,2021-2022,Other,1.0,Pablo Rosario,2021-2022,Other,1.0,Sanjin Prci?,2021-2022,Other,1.0,Rico Henry,2021-2022,Other,1.0,Musa Barrow,2021-2022,Other,1.0
Dani García,2021-2022,0,Other,Yoann Touzghar,2021-2022,Other,1.0,Ouparine Djoco,2021-2022,Other,1.0,Pape Gueye,2021-2022,Other,1.0,Charalambos Lykogiannis,2021-2022,Other,1.0,Diego González,2021-2022,Other,1.0
David García,2021-2022,0,Other,Léo Pétrot,2021-2022,Other,1.0,Fran Beltrán,2021-2022,Other,1.0,Ruben Aguilar,2021-2022,Other,1.0,Hugo Ekitike,2021-2022,Other,1.0,Julien Laporte,2021-2022,Other,1.0
Francisco Garcia,2021-2022,0,Other,Leandro Cabrera,2021-2022,Other,1.0,David Soria,2021-2022,Unknown,1.0,Alex Meret,2021-2022,Unknown,1.0,Vital N'Simba,2021-2022,Other,1.0,Marshall Munetsi,2021-2022,Other,1.0
Joan García,2021-2022,0,Other,Eddie Salcedo,2021-2022,Other,1.0,Abdessamad Ezzalzouli,2021-2022,Other,1.0,Kristoffer Askildsen,2021-2022,Other,1.0,Yayah Kallon,2021-2022,Other,1.0,Santiago Arzamendia,2021-2022,Other,1.0
Manu García,2021-2022,0,Other,Will Hughes,2021-2022,Other,1.0,Dylan Chambost,2021-2022,Other,1.0,Ohis Felix Uduokhai,2021-2022,Other,1.0,Ante Rebi?,2021-2022,Other,1.0,Tobias Raschl,2021-2022,Other,1.0
Raúl García,2021-2022,0,Unknown,Joakim Nilsson,2021-2022,Other,1.0,Christian Nørgaard,2021-2022,Other,1.0,Marcus Rashford,2021-2022,Unknown,1.0,Saa Luki?,2021-2022,Other,1.0,Stefan Lainer,2021-2022,Unknown,1.0
Rubén García,2021-2022,0,Other,Édgar González,2021-2022,Other,1.0,Nathan Collins,2021-2022,Other,1.0,Nedim Bajrami,2021-2022,Other,1.0,Chris Richards,2021-2022,Other,1.0,Neal Maupay,2021-2022,Other,1.0
Saúl García,2021-2022,0,Other,Damir Ceter,2021-2022,Other,1.0,Tommaso De Nipoti,2021-2022,Other,1.0,Laurens Serpe,2021-2022,Other,1.0,Dídac Vilà,2021-2022,Other,1.0,Marcano,2021-2022,Defender,1.0
Unai García,2021-2022,0,Other,Simon Zoller,2021-2022,Other,1.0,Isaac Success,2021-2022,Other,1.0,Rob Holding,2021-2022,Other,1.0,Riccardo Gagliolo,2021-2022,Other,1.0,Guilherme Ramos,2021-2022,Other,1.0
Djeidi Gassama,2021-2022,0,Other,Tiago Ribeiro,2021-2022,Other,1.0,Bryan Reynolds,2021-2022,Other,1.0,Filippo Distefano,2021-2022,Other,1.0,Hugo Sotelo,2021-2022,Other,1.0,Senny Mayulu,2025-2026,Other,1.0
Johan Gastien,2021-2022,0,Other,Gleison Bremer,2021-2022,Other,1.0,James Maddison,2021-2022,Other,1.0,Rui Patrício,2021-2022,Unknown,1.0,Alexander Nübel,2021-2022,Unknown,1.0,Ismaël Traoré,2021-2022,Other,1.0
Jean-Philippe Gbamin,2021-2022,0,Other,Matija Nastasi?,2021-2022,Other,1.0,Jamie Bynoe-Gittens,2021-2022,Other,1.0,Bali Mumba,2021-2022,Other,1.0,Stefan Ilsanker,2021-2022,Other,1.0,Kryštof Daněk,2025-2026,Unknown,1.0
David de Gea,2021-2022,0,Unknown,Diego López,2021-2022,Unknown,1.0,Duje ?aleta-Car,2021-2022,Other,1.0,Gian Marco Ferrari,2021-2022,Other,1.0,Emiliano Martínez,2021-2022,Unknown,1.0,Lucas Torreira,2021-2022,Other,1.0
Linus Gechter,2021-2022,0,Other,Salvi,2021-2022,Other,1.0,Aitor Fernández,2021-2022,Other,1.0,Sébastien Corchia,2021-2022,Other,1.0,Aihen Muñoz,2021-2022,Other,1.0,Christian Kabasele,2021-2022,Other,1.0
Dennis Geiger,2021-2022,0,Other,Riccardo Orsolini,2021-2022,Other,1.0,Mark Flekken,2021-2022,Other,1.0,Jorge Miramón,2021-2022,Other,1.0,Alfred Duncan,2021-2022,Other,1.0,Gianluca Busio,2021-2022,Other,1.0
Joe Gelhardt,2021-2022,0,Other,Bryan,2021-2022,Other,1.0,Diant Ramaj,2021-2022,Other,1.0,Deyovaisio Zeefuik,2021-2022,Other,1.0,Luca Fiordilino,2021-2022,Other,1.0,Amath,2021-2022,Other,1.0
Luca Gemello,2021-2022,0,Other,Daniel Bessa,2021-2022,Other,1.0,Cristian Ansaldi,2021-2022,Other,1.0,Lennart Grill,2021-2022,Other,1.0,Freddie Veseli,2021-2022,Other,1.0,Przemys?aw P?acheta,2021-2022,Other,1.0
Valère Germain,2021-2022,0,Unknown,Lucas Tousart,2021-2022,Unknown,1.0,Pierre Højbjerg,2021-2022,Other,1.0,Téji Savanier,2021-2022,Other,1.0,Lucas Leiva,2021-2022,Unknown,1.0,Ulreich,2021-2022,Goalkeeper,1.0
Gerson,2021-2022,0,Other,Igor Zubeldia,2021-2022,Unknown,1.0,Ýlkay Gündoðan,2021-2022,Other,1.0,Sheraldo Becker,2021-2022,Unknown,1.0,Melvin Bard,2021-2022,Other,1.0,Moussa Niakhate,2021-2022,Other,1.0
Willem Geubbels,2021-2022,0,Other,Luka Bogdan,2021-2022,Other,1.0,Charles Traore,2021-2022,Other,1.0,Justin Hoogma,2021-2022,Other,1.0,Facundo Pellistri,2021-2022,Other,1.0,Faouzi Ghoulam,2021-2022,Unknown,1.0
Hamadi Al Ghaddioui,2021-2022,0,Other,Nicholas Gioacchini,2021-2022,Other,1.0,Adrian emper,2021-2022,Other,1.0,Jannik Vestergaard,2021-2022,Other,1.0,Sardar Azmoun,2021-2022,Other,1.0,Alessandro Berardi,2021-2022,Other,1.0
Ismaël Gharbi,2021-2022,0,Other,Junior Mwanga,2021-2022,Other,1.0,Sebastian Giovinco,2021-2022,Other,1.0,Romain Philippoteaux,2021-2022,Other,1.0,Jens Odgaard,2025-2026,Other,1.0,Cody Drameh,2021-2022,Other,1.0
Paolo Ghiglione,2021-2022,0,Other,Nani,2021-2022,Unknown,1.0,Andrei Motoc,2021-2022,Other,1.0,Luka Jovi?,2021-2022,Other,1.0,Maximilian Ullmann,2021-2022,Other,1.0,Daniel Brosinski,2021-2022,Other,1.0
Saman Ghoddos,2021-2022,0,Other,Julen Lobete,2021-2022,Other,1.0,Marko Ilić,2025-2026,Other,1.0,Danilo Barbosa,2021-2022,Other,1.0,Adama Traoré,2021-2022,Other,1.0,Fredrik Jensen,2021-2022,Other,1.0
Faouzi Ghoulam,2021-2022,0,Unknown,Adrian Grbi?,2021-2022,Other,1.0,Facundo Pellistri,2021-2022,Other,1.0,Charles Traore,2021-2022,Other,1.0,Tanner Tessmann,2021-2022,Other,1.0,Luka Bogdan,2021-2022,Other,1.0
Dimitris Giannoulis,2021-2022,0,Other,Stefan Strandberg,2021-2022,Other,1.0,Tete Morente,2021-2022,Other,1.0,Jordan Lotomba,2021-2022,Other,1.0,Ben Foster,2021-2022,Other,1.0,Kevin Strootman,2021-2022,Unknown,1.0
Ben Gibson,2021-2022,0,Other,Martin Valjent,2021-2022,Other,1.0,Tommaso Augello,2021-2022,Other,1.0,Djené,2021-2022,Other,1.0,Enzo Le Fée,2021-2022,Other,1.0,Sofiane Diop,2021-2022,Other,1.0
Niko Gießelmann,2021-2022,0,Other,Nick Viergever,2021-2022,Other,1.0,Matthieu Udol,2021-2022,Other,1.0,Séamus Coleman,2021-2022,Other,1.0,Aaron Wan-Bissaka,2021-2022,Other,1.0,Iñaki Williams,2021-2022,Other,1.0
Rafa? Gikiewicz,2021-2022,0,Other,Willy Boly,2021-2022,Other,1.0,Aaron Ramsdale,2021-2022,Other,1.0,Danny Ings,2021-2022,Other,1.0,Orel Mangala,2021-2022,Other,1.0,Renaud Ripart,2021-2022,Other,1.0
Óscar Gil,2021-2022,0,Other,Marco Richter,2021-2022,Other,1.0,Andreas Luthe,2021-2022,Other,1.0,Andrea Carboni,2021-2022,Other,1.0,Jamie Leweling,2021-2022,Other,1.0,Ilan Kebbal,2021-2022,Other,1.0
Billy Gilmour,2021-2022,0,Other,R?zvan Marin,2021-2022,Other,1.0,Alessandro Deiola,2021-2022,Other,1.0,Mario Suárez,2021-2022,Unknown,1.0,Rúben Vezo,2021-2022,Other,1.0,Fabian Delph,2021-2022,Unknown,1.0
Matthias Ginter,2021-2022,0,Unknown,Andriy Lunin,2025-2026,Unknown,1.0,Matteo Guendouzi,2021-2022,Unknown,1.0,Yuri Berchiche,2021-2022,Unknown,1.0,Alessandro Bastoni,2021-2022,Unknown,1.0,Pierre Kalulu,2021-2022,Unknown,1.0
Nicholas Gioacchini,2021-2022,0,Other,Hamadi Al Ghaddioui,2021-2022,Other,1.0,Adrian emper,2021-2022,Other,1.0,Jannik Vestergaard,2021-2022,Other,1.0,Sardar Azmoun,2021-2022,Other,1.0,Alessandro Berardi,2021-2022,Other,1.0
Sebastian Giovinco,2021-2022,0,Other,Ismaël Gharbi,2021-2022,Other,1.0,Junior Mwanga,2021-2022,Other,1.0,Romain Philippoteaux,2021-2022,Other,1.0,Jens Odgaard,2025-2026,Other,1.0,Cody Drameh,2021-2022,Other,1.0
Jimmy Giraudon,2021-2022,0,Other,Cheikhou Kouyaté,2021-2022,Other,1.0,Odilon Kossonou,2021-2022,Other,1.0,Sergio Herrera,2021-2022,Other,1.0,Andrew Gravillon,2021-2022,Other,1.0,Louis Beyer,2021-2022,Other,1.0
Andrei Girotto,2021-2022,0,Other,Gianluca Caprari,2021-2022,Other,1.0,Konstantinos Mavropanos,2021-2022,Other,1.0,Thibaut Courtois,2021-2022,Unknown,1.0,Edinson Cavani,2021-2022,Unknown,1.0,Florian Tardieu,2021-2022,Other,1.0
Olivier Giroud,2021-2022,0,Unknown,Eric Dier,2021-2022,Unknown,1.0,Saidou Sow,2021-2022,Other,1.0,James Milner,2021-2022,Unknown,1.0,Denzel Dumfries,2021-2022,Unknown,1.0,Kostas Manolas,2021-2022,Unknown,1.0
Serge Gnabry,2021-2022,0,Unknown,Pierre-Emerick Aubameyang,2021-2022,Unknown,1.0,Christian Eriksen,2021-2022,Unknown,1.0,Mohamed Salah,2021-2022,Unknown,1.0,Jürgen Locadia,2021-2022,Unknown,1.0,Ángel Di María,2021-2022,Unknown,0.9999
Ben Godfrey,2021-2022,0,Other,Mikel Balenziaga,2021-2022,Other,1.0,Alberto Grassi,2021-2022,Other,1.0,Elif Elmas,2021-2022,Other,1.0,Jonas Omlin,2021-2022,Other,1.0,Thomas Henry,2021-2022,Other,1.0
Diego Godín,2021-2022,0,Unknown,Timo Werner,2021-2022,Unknown,1.0,Alex Iwobi,2021-2022,Unknown,1.0,Rodrigo,2021-2022,Unknown,1.0,Víctor Ruiz,2021-2022,Unknown,1.0,Yussuf Poulsen,2021-2022,Unknown,1.0
Edoardo Goldaniga,2021-2022,0,Other,Samuel Koeberlé,2021-2022,Other,1.0,Salim Ben Seghir,2021-2022,Other,1.0,Bryan Reynolds,2021-2022,Other,1.0,Djeidi Gassama,2021-2022,Other,1.0,Tiago Ribeiro,2021-2022,Other,1.0
Aleksandr Golovin,2021-2022,0,Unknown,Mattia Caldara,2021-2022,Unknown,1.0,Dominik Takáč,2025-2026,Unknown,1.0,Ollie Watkins,2021-2022,Unknown,1.0,Mohamed Fares,2021-2022,Unknown,1.0,Matteo Darmian,2021-2022,Unknown,1.0
André Gomes,2021-2022,0,Unknown,Mauro Icardi,2021-2022,Unknown,1.0,Edmond Tapsoba,2021-2022,Other,1.0,Rominigue Kouamé,2021-2022,Other,1.0,Guido Rodríguez,2021-2022,Other,1.0,M. Kerzhakov,2021-2022,Goalkeeper,1.0
Angel Gomes,2021-2022,0,Other,Boris Radunovi?,2021-2022,Other,1.0,Andreas Skov Olsen,2021-2022,Other,1.0,Marcus Coco,2021-2022,Other,1.0,Marin Pongra?i?,2021-2022,Other,1.0,Christos Tzolis,2021-2022,Unknown,1.0
Toti Gomes,2021-2022,0,Other,Leonardo Mancuso,2021-2022,Other,1.0,Fabian Kunze,2021-2022,Other,1.0,Samuel Loric,2021-2022,Other,1.0,Matías Vecino,2021-2022,Unknown,1.0,Lamine Gueye,2021-2022,Other,1.0
Dani Gómez,2021-2022,0,Other,Lucas Da Cunha,2021-2022,Other,1.0,Fabiano Parisi,2021-2022,Other,1.0,Kostas Stafylidis,2021-2022,Other,1.0,Danijel Zagorac,2025-2026,Goalkeeper,1.0,Luis Hernández,2021-2022,Other,1.0
Maxi Gómez,2021-2022,0,Unknown,Ismaël Traoré,2021-2022,Other,1.0,Fabien Centonze,2021-2022,Other,1.0,Iago Aspas,2021-2022,Other,1.0,Alexander Nübel,2021-2022,Unknown,1.0,Tolgay Arslan,2021-2022,Unknown,1.0
Papu Gómez,2021-2022,0,Other,Fraser Forster,2021-2022,Unknown,1.0,Morten Thorsby,2021-2022,Other,1.0,Ihlas Bebou,2021-2022,Other,1.0,Dimitris Nikolaou,2021-2022,Other,1.0,Pablo Marí,2021-2022,Other,1.0
Sergi Gómez,2021-2022,0,Other,Sven Ulreich,2021-2022,Unknown,1.0,Jimmy Cabot,2021-2022,Other,1.0,Aaron Lennon,2021-2022,Unknown,1.0,Timo Hübers,2021-2022,Other,1.0,Kouadio Koné,2021-2022,Other,1.0
Alfred Gomis,2021-2022,0,Other,Koffi Djidji,2021-2022,Other,1.0,Pol Lirola,2021-2022,Other,1.0,Jordan Pickford,2021-2022,Other,1.0,Cédric Brunner,2021-2022,Other,1.0,Matthew Lowton,2021-2022,Other,1.0
Maxime Gonalons,2021-2022,0,Unknown,Moussa Niakhate,2021-2022,Other,1.0,Melvin Bard,2021-2022,Other,1.0,Lucas Moura,2021-2022,Unknown,1.0,Ýlkay Gündoðan,2021-2022,Other,1.0,Miguel Veloso,2021-2022,Unknown,1.0
Vagner Gonçalves,2021-2022,0,Other,Balde,2021-2022,Defender,1.0,Daniel Maldini,2021-2022,Other,1.0,Tillman,2021-2022,Midfielder,1.0,Florenzi,2021-2022,Defender,1.0,Waniss Taibi,2021-2022,Other,1.0
Cedric Gondo,2021-2022,0,Other,Manu Vallejo,2021-2022,Other,1.0,Freddie Woodman,2021-2022,Other,1.0,Lorenz Assignon,2021-2022,Other,1.0,Abdel Jalil Medioub,2021-2022,Other,1.0,Andreas Skov Olsen,2021-2022,Other,1.0
Álvaro González,2021-2022,0,Other,Caoimhín Kelleher,2021-2022,Other,1.0,Arthur Melo,2021-2022,Other,1.0,Jesus Vazquez,2021-2022,Other,1.0,Jurgen Ekkelenkamp,2021-2022,Other,1.0,Jean-Armel Kana-Biyik,2021-2022,Other,1.0
Diego González,2021-2022,0,Other,Isaac Carcelen,2021-2022,Other,1.0,Pape Gueye,2021-2022,Other,1.0,Fali Candé,2021-2022,Other,1.0,Jean-Louis Leca,2021-2022,Other,1.0,Helibelton Palacios,2021-2022,Other,1.0
Édgar González,2021-2022,0,Other,Rubén García,2021-2022,Other,1.0,Nedim Bajrami,2021-2022,Other,1.0,Nathan Collins,2021-2022,Other,1.0,Chris Richards,2021-2022,Other,1.0,Neal Maupay,2021-2022,Other,1.0
Giovanni González,2021-2022,0,Other,Abdón Prats,2021-2022,Other,1.0,Iñigo Pérez,2021-2022,Other,1.0,Morgan Schneiderlin,2021-2022,Other,1.0,Abdoulaye Bakayoko,2021-2022,Other,1.0,Jesús Owono,2021-2022,Other,1.0
Nicolás González,2021-2022,0,Unknown,Teun Koopmeiners,2021-2022,Unknown,1.0,Felipe Anderson,2021-2022,Unknown,1.0,Kevin Kampl,2021-2022,Unknown,1.0,Victor Osimhen,2021-2022,Unknown,1.0,Nicolò Barella,2021-2022,Unknown,1.0
Roberto González,2021-2022,0,Other,Demba Seck,2021-2022,Other,1.0,Cole Campbell,2025-2026,Other,1.0,Javier Llabrés,2021-2022,Other,1.0,Matthew Hoppe,2021-2022,Other,1.0,Steffen Tigges,2021-2022,Other,1.0
Charlie Goode,2021-2022,0,Other,Yannik Keitel,2021-2022,Other,1.0,Phil Jones,2021-2022,Unknown,1.0,Giangiacomo Magnani,2021-2022,Other,1.0,Kevin-Prince Boateng,2021-2022,Unknown,1.0,Jakub Pešek,2025-2026,Forward,1.0
Anthony Gordon,2021-2022,0,Other,João Virginia,2021-2022,Goalkeeper,1.0,Lassana Coulibaly,2021-2022,Other,1.0,Charlie Taylor,2021-2022,Other,1.0,Alberth Elis,2021-2022,Other,1.0,Adrien Truffert,2021-2022,Other,1.0
Leon Goretzka,2021-2022,0,Unknown,Dahlin,2021-2022,Goalkeeper,1.0,Mathias Jørgensen,2021-2022,Unknown,1.0,Cristian Romero,2021-2022,Unknown,1.0,Wesley Fofana,2021-2022,Unknown,1.0,Ciro Immobile,2021-2022,Unknown,1.0
Andoni Gorosabel,2021-2022,0,Other,Yohann Magnin,2021-2022,Other,1.0,Florian Müller,2021-2022,Other,1.0,Andrea Belotti,2021-2022,Other,1.0,Koray Günter,2021-2022,Other,1.0,Kiernan Dewsbury Hall,2021-2022,Other,1.0
Dan Gosling,2021-2022,0,Other,Mads Bech Sørensen,2021-2022,Other,1.0,Quentin Boisgard,2021-2022,Other,1.0,Nikola Mara,2021-2022,Other,1.0,Romain Hamouma,2021-2022,Other,1.0,Jurgen Ekkelenkamp,2021-2022,Other,1.0
Amine Gouiri,2021-2022,0,Other,Aaron Hickey,2021-2022,Other,1.0,Gianluigi Donnarumma,2021-2022,Unknown,1.0,Youssef En-Nesyri,2021-2022,Unknown,1.0,Ivan Perii?,2021-2022,Other,1.0,Rémy Cabella,2021-2022,Unknown,1.0
Jeffrey Gouweleeuw,2021-2022,0,Other,Pablo Rosario,2021-2022,Other,1.0,Álvaro García,2021-2022,Other,1.0,Joris Chotard,2021-2022,Other,1.0,Sanjin Prci?,2021-2022,Other,1.0,Rico Henry,2021-2022,Other,1.0
Jonathan Gradit,2021-2022,0,Other,Emmanuel Gyasi,2021-2022,Other,1.0,Milan Badelj,2021-2022,Other,1.0,Gonzalo Melero,2021-2022,Other,1.0,Jonas Hector,2021-2022,Other,1.0,Rui Silva,2021-2022,Unknown,1.0
Jens Grahl,2021-2022,0,Other,Nicola Sansone,2021-2022,Other,1.0,Yan Valery,2021-2022,Other,1.0,Kevin Behrens,2021-2022,Other,1.0,Danny Ward,2021-2022,Other,1.0,Gabriel Silva,2021-2022,Other,1.0
Alberto Grassi,2021-2022,0,Other,Ben Godfrey,2021-2022,Other,1.0,Mikel Balenziaga,2021-2022,Other,1.0,Elif Elmas,2021-2022,Other,1.0,Thomas Henry,2021-2022,Other,1.0,Federico Ceccherini,2021-2022,Other,1.0
Jaume Grau,2021-2022,0,Other,Nemanja Radonji?,2021-2022,Other,1.0,Vladyslav Supriaha,2021-2022,Other,1.0,Calderón,2021-2022,Other,1.0,Adrian Fein,2021-2022,Other,1.0,Andres Cuenca,2025-2026,Other,1.0
Andrew Gravillon,2021-2022,0,Other,Odsonne Édouard,2021-2022,Other,1.0,Ashley Westwood,2021-2022,Other,1.0,Jimmy Giraudon,2021-2022,Other,1.0,Cheikhou Kouyaté,2021-2022,Other,1.0,Bernd Leno,2021-2022,Unknown,1.0
Demarai Gray,2021-2022,0,Other,Christopher Trimmel,2021-2022,Other,1.0,Hugo Duro,2021-2022,Other,1.0,Illan Meslier,2021-2022,Other,1.0,Christophe Hérelle,2021-2022,Other,1.0,Anton Stach,2021-2022,Other,1.0
Adrian Grbi?,2021-2022,0,Other,Faouzi Ghoulam,2021-2022,Unknown,1.0,Facundo Pellistri,2021-2022,Other,1.0,Tanner Tessmann,2021-2022,Other,1.0,Charles Traore,2021-2022,Other,1.0,Vincenzo Fiorillo,2021-2022,Other,1.0
Ivo Grbi?,2021-2022,0,Other,Maximilian Mittelstädt,2021-2022,Other,1.0,Aleksei Miranchuk,2021-2022,Other,1.0,Hugo Magnetti,2021-2022,Other,1.0,Abdu Conté,2021-2022,Other,1.0,Luca Netz,2021-2022,Other,1.0
Jack Grealish,2021-2022,0,Unknown,Ben Davies,2021-2022,Unknown,1.0,Mario Hermoso,2021-2022,Unknown,1.0,Douglas Luiz,2021-2022,Unknown,1.0,Hirving Lozano,2021-2022,Unknown,1.0,Marc Cucurella,2021-2022,Unknown,1.0
Etienne Green,2021-2022,0,Other,Janik Haberer,2021-2022,Other,1.0,Sebastian Andersson,2021-2022,Other,1.0,Philipp Förster,2021-2022,Other,1.0,Riccardo Marchizza,2021-2022,Other,1.0,Robin Hack,2021-2022,Other,1.0
Julian Green,2021-2022,0,Other,William Mikelbrencis,2021-2022,Other,1.0,Theo Walcott,2021-2022,Unknown,1.0,Mickael Malsa,2021-2022,Other,1.0,Oier Zarraga,2021-2022,Other,1.0,Márton Dárdai,2021-2022,Other,1.0
Mason Greenwood,2021-2022,0,Other,Anthony Caci,2021-2022,Other,1.0,Warmed Omari,2021-2022,Other,1.0,Luan Peres Petroni,2021-2022,Other,1.0,Josip Stanii?,2021-2022,Other,1.0,Florent Ogier,2021-2022,Other,1.0
Sam Greenwood,2021-2022,0,Other,Dennis Jastrzembski,2021-2022,Other,1.0,Burak Ýnce,2021-2022,Other,1.0,Stefano Sabelli,2021-2022,Other,1.0,Luis Hartwig,2021-2022,Other,1.0,Patrick Leal,2021-2022,Other,1.0
Michael Gregoritsch,2021-2022,0,Other,Jack Cork,2021-2022,Other,1.0,Stuart Armstrong,2021-2022,Other,1.0,Boubacar Traoré,2021-2022,Other,1.0,Jodel Dossou,2021-2022,Other,1.0,Eduard Löwen,2021-2022,Other,1.0
Dominik Greif,2021-2022,0,Other,Stefanos Kapino,2021-2022,Other,1.0,Dango Ouattara,2021-2022,Other,1.0,Matteo Ruggeri,2021-2022,Other,1.0,Philipp Pentke,2021-2022,Other,1.0,Tiemoué Bakayoko,2021-2022,Unknown,1.0
Clément Grenier,2021-2022,0,Other,Andriyevskiy,2021-2022,Midfielder,1.0,Bremer,2025-2026,Other,0.9999,Cuadrado,2025-2026,Midfielder,0.9998,Erokhin,2021-2022,Midfielder,0.9997,Bakayoko,2021-2022,Defender,0.9997
Antoine Griezmann,2021-2022,0,Unknown,Luke Shaw,2021-2022,Unknown,1.0,Raúl Albiol,2021-2022,Unknown,1.0,Gary Medel,2021-2022,Unknown,1.0,José María Giménez,2021-2022,Unknown,1.0,Jakub Kiwior,2021-2022,Unknown,1.0
Vincenzo Grifo,2021-2022,0,Other,Alexander Djiku,2021-2022,Other,1.0,Matz Sels,2021-2022,Unknown,1.0,Eden Hazard,2021-2022,Unknown,1.0,Pedro Chirivella,2021-2022,Other,1.0,João Pedro,2021-2022,Other,1.0
Lennart Grill,2021-2022,0,Other,Freddie Veseli,2021-2022,Other,1.0,Przemys?aw P?acheta,2021-2022,Other,1.0,Jason,2021-2022,Other,1.0,Yannick Cahuzac,2021-2022,Other,1.0,Daniel Bessa,2021-2022,Other,1.0
Florian Grillitsch,2021-2022,0,Other,Sehrou Guirassy,2021-2022,Other,1.0,Moritz Jenz,2021-2022,Other,1.0,Oihan Sancet,2021-2022,Other,1.0,David Okereke,2021-2022,Other,1.0,Kristoffer Ajer,2021-2022,Other,1.0
Arnaut Groeneveld,2021-2022,0,Other,Santiago Ascacíbar,2021-2022,Other,1.0,Thomas Monconduit,2021-2022,Other,1.0,Yeremi Pino,2021-2022,Other,1.0,Craig Dawson,2021-2022,Other,1.0,Stian Rode Gregersen,2021-2022,Other,1.0
Pascal Groß,2021-2022,0,Unknown,Steven Bergwijn,2021-2022,Unknown,1.0,Shkodran Mustafi,2021-2022,Unknown,1.0,Danilo Cataldi,2021-2022,Unknown,1.0,Mitchel Bakker,2021-2022,Unknown,1.0,Rick Karsdorp,2021-2022,Unknown,1.0
Carlos Gruezo,2021-2022,0,Unknown,Stevan Joveti?,2021-2022,Other,1.0,Romain Perraud,2021-2022,Other,1.0,Jérémy Le Douaron,2021-2022,Other,1.0,Ondrej Duda,2021-2022,Other,1.0,Charalambos Lykogiannis,2021-2022,Other,1.0
Guaita,2021-2022,0,Unknown,Marc Guéhi,2021-2022,Other,1.0,Walter Benítez,2021-2022,Unknown,1.0,Przemys?aw Frankowski,2021-2022,Other,1.0,Luka Modri?,2021-2022,Other,1.0,Christoph Kramer,2021-2022,Unknown,1.0
Andrés Guardado,2021-2022,0,Unknown,Matej Kovar,2025-2026,Unknown,1.0,Gabriel Gudmundsson,2021-2022,Unknown,1.0,Juanmi,2021-2022,Other,1.0,Sèrge Aurier,2021-2022,Unknown,1.0,Sebastian Rode,2021-2022,Unknown,1.0
Sergi Guardiola,2021-2022,0,Other,Varazdat Haroyan,2021-2022,Other,1.0,Unai Vencedor Paris,2021-2022,Other,1.0,Fernando Pacheco,2021-2022,Other,1.0,Rogério,2021-2022,Other,1.0,Josep Martínez,2021-2022,Unknown,1.0
Nemanja Gudelj,2021-2022,0,Other,Etrit Berisha,2021-2022,Other,1.0,Eldor Shomurodov,2021-2022,Other,1.0,Thiago Galhardo,2021-2022,Other,1.0,Shandon Baptiste,2021-2022,Other,1.0,Jonjoe Kenny,2021-2022,Other,1.0
Gabriel Gudmundsson,2021-2022,0,Unknown,Matej Kovar,2025-2026,Unknown,1.0,Andrés Guardado,2021-2022,Unknown,1.0,Juanmi,2021-2022,Other,1.0,Sèrge Aurier,2021-2022,Unknown,1.0,Marc-André ter Stegen,2021-2022,Unknown,1.0
Noah Guede-Nadje,2021-2022,0,Other,Lion Semi?,2021-2022,Other,1.0,Borja Mayoral,2021-2022,Other,1.0,Carson,2021-2022,Goalkeeper,1.0,Francesco Di Mariano,2021-2022,Other,1.0,Ibrahima Baldé,2021-2022,Other,1.0
Gonçalo Guedes,2021-2022,0,Unknown,Trincão,2021-2022,Forward,1.0,Victor Lindelöf,2021-2022,Unknown,1.0,Diogo Dalot,2021-2022,Unknown,1.0,Daniel Caligiuri,2021-2022,Unknown,1.0,Piero Hincapié,2021-2022,Unknown,1.0
Marc Guéhi,2021-2022,0,Other,Przemys?aw Frankowski,2021-2022,Other,1.0,Guaita,2021-2022,Unknown,1.0,Walter Benítez,2021-2022,Unknown,1.0,Luka Modri?,2021-2022,Other,1.0,Christoph Kramer,2021-2022,Unknown,1.0
Matteo Guendouzi,2021-2022,0,Unknown,Andriy Lunin,2025-2026,Unknown,1.0,Yuri Berchiche,2021-2022,Unknown,1.0,Matthias Ginter,2021-2022,Unknown,1.0,Pierre Kalulu,2021-2022,Unknown,1.0,Ousmane Dembélé,2021-2022,Unknown,1.0
Raphaël Guerreiro,2021-2022,0,Unknown,Joshua Kimmich,2021-2022,Unknown,1.0,Danilo Pereira,2021-2022,Unknown,1.0,Exequiel Palacios,2021-2022,Unknown,1.0,Marcel Halstenberg,2021-2022,Unknown,1.0,Kevin De Bruyne,2021-2022,Unknown,1.0
Evann Guessand,2021-2022,0,Other,Gustaf Nilsson,2025-2026,Other,1.0,Lewis Bate,2021-2022,Other,1.0,Jamal Lewis,2021-2022,Other,1.0,Christoph Zimmermann,2021-2022,Other,1.0,Álvaro Jiménez,2021-2022,Other,1.0
Ander Guevara,2021-2022,0,Other,Benjamin Hübner,2021-2022,Other,1.0,Daniele Padelli,2021-2022,Other,1.0,Cedric Itten,2021-2022,Other,1.0,Iñaki Peña,2025-2026,Other,1.0,Andrea Petagna,2021-2022,Other,1.0
Lamine Gueye,2021-2022,0,Other,Samuel Loric,2021-2022,Other,1.0,Fabian Kunze,2021-2022,Other,1.0,Njego Petrovi?,2021-2022,Other,1.0,Eberechi Eze,2021-2022,Other,1.0,Leonardo Mancuso,2021-2022,Other,1.0
Pape Gueye,2021-2022,0,Other,Diego González,2021-2022,Other,1.0,Isaac Carcelen,2021-2022,Other,1.0,Fali Candé,2021-2022,Other,1.0,Dani García,2021-2022,Other,1.0,Yoann Touzghar,2021-2022,Other,1.0
John Guidetti,2021-2022,0,Other,Matej Maglica,2021-2022,Other,1.0,Valon Behrami,2021-2022,Other,1.0,Aleksander Buksa,2021-2022,Other,1.0,Bartosz Bialek,2021-2022,Other,1.0,Moussa Doumbia,2021-2022,Other,1.0
Josuha Guilavogui,2021-2022,0,Unknown,Bruno Guimarães,2021-2022,Unknown,1.0,Achraf Hakimi,2021-2022,Unknown,1.0,Erling Haaland,2021-2022,Unknown,1.0,Ciro Immobile,2021-2022,Unknown,1.0,Wesley Fofana,2021-2022,Unknown,1.0
Frederic Guilbert,2021-2022,0,Other,Martinelli,2021-2022,Other,1.0,Manuel Sánchez,2021-2022,Other,1.0,Benno Schmitz,2021-2022,Other,1.0,Christoph Baumgartner,2021-2022,Other,1.0,Bartosz Bereszy?ski,2021-2022,Other,1.0
Hugo Guillamón,2021-2022,0,Other,Jean-Ricner Bellegarde,2021-2022,Other,1.0,Jonjo Shelvey,2021-2022,Other,1.0,Lorenzo De Silvestri,2021-2022,Other,1.0,Allan Saint-Maximin,2021-2022,Other,1.0,Bryan Mbeumo,2021-2022,Other,1.0
Bruno Guimarães,2021-2022,0,Unknown,Josuha Guilavogui,2021-2022,Unknown,1.0,Ciro Immobile,2021-2022,Unknown,1.0,Achraf Hakimi,2021-2022,Unknown,1.0,Wesley Fofana,2021-2022,Unknown,1.0,Erling Haaland,2021-2022,Unknown,1.0
Sehrou Guirassy,2021-2022,0,Other,Florian Grillitsch,2021-2022,Other,1.0,Moritz Jenz,2021-2022,Other,1.0,Oihan Sancet,2021-2022,Other,1.0,Kristoffer Ajer,2021-2022,Other,1.0,David Okereke,2021-2022,Other,1.0
Péter Gulácsi,2021-2022,0,Unknown,Álvaro Negredo,2021-2022,Unknown,1.0,Yann Sommer,2021-2022,Unknown,1.0,Keylor Navas,2021-2022,Unknown,1.0,Nayef Aguerd,2021-2022,Other,1.0,Ander Barrenetxea,2021-2022,Unknown,1.0
Manuel Gulde,2021-2022,0,Other,Jacob Bruun Larsen,2021-2022,Other,1.0,Jeremy Dudziak,2021-2022,Other,1.0,Édgar Méndez,2021-2022,Other,1.0,Fernando Calero,2021-2022,Other,1.0,Dennis Johnsen,2021-2022,Other,1.0
Gerard Gumbau,2021-2022,0,Other,Darwin Machís,2021-2022,Other,1.0,Erik Palmer-Brown,2021-2022,Other,1.0,Eduard Löwen,2021-2022,Other,1.0,Jodel Dossou,2021-2022,Other,1.0,Boubacar Traoré,2021-2022,Other,1.0
Robert Gumny,2021-2022,0,Other,Nicolò Casale,2021-2022,Other,1.0,Kevin Vázquez,2021-2022,Other,1.0,Mexer,2021-2022,Other,1.0,Darko Braanac,2021-2022,Other,1.0,Dedryck Boyata,2021-2022,Other,1.0
Ýlkay Gündoðan,2021-2022,0,Other,Gerson,2021-2022,Other,1.0,Melvin Bard,2021-2022,Other,1.0,Moussa Niakhate,2021-2022,Other,1.0,Maxime Gonalons,2021-2022,Unknown,1.0,Igor Zubeldia,2021-2022,Unknown,1.0
Angus Gunn,2021-2022,0,Other,Calvin Stengs,2021-2022,Other,1.0,Edimilson Fernandes,2021-2022,Unknown,1.0,Toni Moya,2021-2022,Other,1.0,Tomás Alarcón,2021-2022,Other,1.0,Robin Olsen,2021-2022,Unknown,1.0
Christian Günter,2021-2022,0,Other,Hamed Junior Traorè,2021-2022,Other,1.0,Pablo Fornals,2021-2022,Other,1.0,Houboulang Mendes,2021-2022,Other,1.0,Jonny Castro,2021-2022,Other,1.0,Beto,2021-2022,Other,1.0
Koray Günter,2021-2022,0,Other,Andrea Belotti,2021-2022,Other,1.0,Kiernan Dewsbury Hall,2021-2022,Other,1.0,Yohann Magnin,2021-2022,Other,1.0,Vladimír Coufal,2021-2022,Other,1.0,Andoni Gorosabel,2021-2022,Other,1.0
Lasse Günther,2021-2022,0,Other,Alexis Claude-Maurice,2021-2022,Other,1.0,Petar Ratkov,2025-2026,Other,1.0,Valentin Mihaila,2021-2022,Other,1.0,Robert Ibáñez,2021-2022,Other,1.0,Kaio Jorge,2021-2022,Other,1.0
Jon Guridi,2021-2022,0,Other,Chapela,2021-2022,Other,1.0,Abdoulaye Bamba,2021-2022,Other,1.0,Saman Ghoddos,2021-2022,Other,1.0,Julen Lobete,2021-2022,Other,1.0,Daniel Brosinski,2021-2022,Other,1.0
Malo Gusto,2021-2022,0,Other,Bartosz Bereszy?ski,2021-2022,Other,1.0,Christoph Baumgartner,2021-2022,Other,1.0,Benno Schmitz,2021-2022,Other,1.0,Manuel Sánchez,2021-2022,Other,1.0,Martinelli,2021-2022,Other,1.0
Raúl Guti,2021-2022,0,Other,Florian Niederlechner,2021-2022,Other,1.0,Wout Weghorst,2021-2022,Other,1.0,Yvann Macon,2021-2022,Other,1.0,Vanja Milinkovi?-Savi?,2021-2022,Other,1.0,Timo Horn,2021-2022,Other,1.0
Marcos Mauro López Gutiérrez,2021-2022,0,Other,Ilija Nestorovski,2021-2022,Other,1.0,Diego Perotti,2021-2022,Unknown,1.0,Alessandro Russo,2021-2022,Other,1.0,Ádám Szalai,2021-2022,Other,1.0,Álvaro Bastida,2021-2022,Other,1.0
Albert Gu?mundsson,2021-2022,0,Other,Aitor Ruibal,2021-2022,Other,1.0,Luis Binks,2021-2022,Other,1.0,Antonio Sivera,2021-2022,Other,1.0,Iván Marcone,2021-2022,Other,1.0,Abdoulaye Touré,2021-2022,Other,1.0
Joko Gvardiol,2021-2022,0,Other,Andrea Ranocchia,2021-2022,Unknown,1.0,Gabriel Dos Santos,2021-2022,Other,1.0,Cheick Doucouré,2021-2022,Other,1.0,Raúl de Tomás,2021-2022,Other,1.0,Stefan Lainer,2021-2022,Unknown,1.0
Emmanuel Gyasi,2021-2022,0,Other,Jonathan Gradit,2021-2022,Other,1.0,Gonzalo Melero,2021-2022,Other,1.0,Jonas Hector,2021-2022,Other,1.0,Milan Badelj,2021-2022,Other,1.0,Rui Silva,2021-2022,Unknown,1.0
Norbert Gyömbér,2021-2022,0,Other,Jacob Barrett Laursen,2021-2022,Other,1.0,Aarón Martín,2021-2022,Other,1.0,Mërgim Vojvoda,2021-2022,Other,1.0,Adama Soumaoro,2021-2022,Other,1.0,Andrea Cambiaso,2021-2022,Other,1.0
Erling Haaland,2021-2022,0,Unknown,Achraf Hakimi,2021-2022,Unknown,1.0,Jonny Evans,2021-2022,Unknown,1.0,Riyad Mahrez,2021-2022,Unknown,1.0,Josuha Guilavogui,2021-2022,Unknown,1.0,Kalidou Koulibaly,2021-2022,Unknown,1.0
Nicolas Haas,2021-2022,0,Other,Ciprian T?t?ru?anu,2021-2022,Other,1.0,Lazar Samardzic,2021-2022,Other,1.0,Jack Butland,2021-2022,Other,1.0,ime Vrsaljko,2021-2022,Other,1.0,Bart?omiej Dr?gowski,2021-2022,Other,1.0
Janik Haberer,2021-2022,0,Other,Etienne Green,2021-2022,Other,1.0,Sebastian Andersson,2021-2022,Other,1.0,Philipp Förster,2021-2022,Other,1.0,Robin Hack,2021-2022,Other,1.0,Pere Pons,2021-2022,Other,1.0
Alexander Hack,2021-2022,0,Other,Marco Meyerhöfer,2021-2022,Other,1.0,Kyle Walker-Peters,2021-2022,Other,1.0,Mario Lemina,2021-2022,Other,1.0,?ukasz Skorupski,2025-2026,Other,1.0,Gareth Bale,2021-2022,Unknown,1.0
Robin Hack,2021-2022,0,Other,Pere Pons,2021-2022,Other,1.0,Philipp Förster,2021-2022,Other,1.0,Janik Haberer,2021-2022,Other,1.0,Etienne Green,2021-2022,Other,1.0,Romain Del Castillo,2021-2022,Other,1.0
Munir El Haddadi,2021-2022,0,Other,Ellis Simms,2021-2022,Other,1.0,Jannes Horn,2021-2022,Other,1.0,Jan Morávek,2021-2022,Other,1.0,Nicolás Serrano,2021-2022,Other,1.0,Javi López,2021-2022,Other,1.0
André Hahn,2021-2022,0,Other,Marvin Schwäbe,2021-2022,Other,1.0,Farid Boulaya,2021-2022,Other,1.0,Kevin Agudelo,2021-2022,Other,1.0,Unai Vencedor Paris,2021-2022,Other,1.0,Sergi Guardiola,2021-2022,Other,1.0
Amadou Haidara,2021-2022,0,Unknown,Giovanni Di Lorenzo,2021-2022,Unknown,1.0,Luis Alberto,2021-2022,Unknown,1.0,Antonio Rüdiger,2021-2022,Unknown,1.0,Phil Foden,2021-2022,Unknown,1.0,Alessio Romagnoli,2021-2022,Unknown,1.0
Massadio Haidara,2021-2022,0,Unknown,Iñigo Martínez,2021-2022,Unknown,1.0,Emerson,2021-2022,Unknown,1.0,Harry Maguire,2021-2022,Unknown,1.0,Omar Marmoush,2021-2022,Unknown,1.0,Geoffrey Kondogbia,2021-2022,Unknown,1.0
Oualid El Hajjam,2021-2022,0,Other,Ezequiel Ávila,2021-2022,Other,1.0,Adrien Silva,2021-2022,Other,1.0,Tariq Lamptey,2021-2022,Other,1.0,Ibrahima Koné,2021-2022,Other,1.0,Víctor Díaz,2021-2022,Other,1.0
Achraf Hakimi,2021-2022,0,Unknown,Erling Haaland,2021-2022,Unknown,1.0,Josuha Guilavogui,2021-2022,Unknown,1.0,Bruno Guimarães,2021-2022,Unknown,1.0,Jonny Evans,2021-2022,Unknown,1.0,Riyad Mahrez,2021-2022,Unknown,1.0
Marcel Halstenberg,2021-2022,0,Unknown,Kevin De Bruyne,2021-2022,Unknown,1.0,Jonas Hofmann,2021-2022,Unknown,1.0,Exequiel Palacios,2021-2022,Unknown,1.0,Toni Kroos,2021-2022,Unknown,1.0,Joshua Kimmich,2021-2022,Unknown,1.0
Romain Hamouma,2021-2022,0,Other,Peter Vindahl,2025-2026,Other,1.0,Quentin Boisgard,2021-2022,Other,1.0,Julen Agirrezabala,2021-2022,Other,1.0,Joseba Zaldúa,2021-2022,Other,1.0,Dan Gosling,2021-2022,Other,1.0
Samir Handanovi?,2021-2022,0,Other,Steve Mounié,2021-2022,Other,1.0,Claudio Bravo,2021-2022,Unknown,1.0,Amos Pieper,2021-2022,Other,1.0,Kalvin Phillips,2021-2022,Other,1.0,Nemanja Maksimovi?,2021-2022,Other,1.0
Grant Hanley,2021-2022,0,Other,Santi Comesaña,2021-2022,Other,1.0,Santiago Arias,2021-2022,Unknown,1.0,Reece Oxford,2021-2022,Other,1.0,Ryad Boudebouz,2021-2022,Other,1.0,Adrien Tameze,2021-2022,Other,1.0
Ridgeciano Haps,2021-2022,0,Other,Loum Ndiaye,2021-2022,Other,1.0,Jeong Woo-yeong,2021-2022,Other,1.0,Shane Duffy,2021-2022,Other,1.0,Souleyman Doumbia,2021-2022,Other,1.0,Antonio Sanabria,2021-2022,Other,1.0
Genki Haraguchi,2021-2022,0,Other,Issa Diop,2021-2022,Other,1.0,Zaydou Youssouf,2021-2022,Other,1.0,Issa Kaboré,2021-2022,Other,1.0,Patson Daka,2021-2022,Other,1.0,Sergi Canós,2021-2022,Other,1.0
Amine Harit,2021-2022,0,Other,Danilo Soares,2021-2022,Other,1.0,Timothy Castagne,2021-2022,Other,1.0,Abdoulaye Doucouré,2021-2022,Other,1.0,Rui Silva,2021-2022,Unknown,1.0,Jonas Hector,2021-2022,Other,1.0
Varazdat Haroyan,2021-2022,0,Other,Sergi Guardiola,2021-2022,Other,1.0,Fernando Pacheco,2021-2022,Other,1.0,Rogério,2021-2022,Other,1.0,Unai Vencedor Paris,2021-2022,Other,1.0,Josep Martínez,2021-2022,Unknown,1.0
Jack Harrison,2021-2022,0,Other,Lucas Torró,2021-2022,Other,1.0,Luiz Felipe,2021-2022,Other,1.0,Vitaly Janelt,2021-2022,Other,1.0,Batista Mendy,2021-2022,Other,1.0,Davide Faraoni,2021-2022,Other,1.0
Abdou Harroui,2021-2022,0,Other,Hugo Novoa,2021-2022,Other,1.0,Gideon Jung,2021-2022,Other,1.0,Maximilian Philipp,2021-2022,Other,1.0,Felipe Caicedo,2021-2022,Other,1.0,Moustapha Mbow,2021-2022,Other,1.0
Luis Hartwig,2021-2022,0,Other,Patrick Leal,2021-2022,Other,1.0,Stefano Sabelli,2021-2022,Other,1.0,Joe Rodon,2021-2022,Other,1.0,Ki-Jana Hoever,2021-2022,Other,1.0,Burak Ýnce,2021-2022,Other,1.0
Makoto Hasebe,2021-2022,0,Other,Borja Iglesias,2021-2022,Other,1.0,Gonzalo Castro,2021-2022,Unknown,1.0,Lucien Agoume,2021-2022,Other,1.0,Giorgio Altare,2021-2022,Other,1.0,Nathan Redmond,2021-2022,Other,1.0
Kortney Hause,2021-2022,0,Other,Roberto Soriano,2021-2022,Other,1.0,Jeroen Zoet,2021-2022,Unknown,1.0,Anel Ahmedhodzic,2021-2022,Other,1.0,William Carvalho,2021-2022,Other,1.0,Stian Rode Gregersen,2021-2022,Other,1.0
Kai Havertz,2021-2022,0,Unknown,Luis Muriel,2021-2022,Unknown,1.0,Wissam Ben Yedder,2021-2022,Unknown,1.0,Moussa Dembélé,2021-2022,Unknown,1.0,Matthijs de Ligt,2021-2022,Unknown,1.0,Ismaël Bennacer,2021-2022,Unknown,1.0
Isaac Hayden,2021-2022,0,Other,Ángel Montoro,2021-2022,Other,1.0,Tristan Dingomé,2021-2022,Other,1.0,Nils Petersen,2021-2022,Other,1.0,Leo Skiri Østigård,2021-2022,Other,1.0,Gaëtan Poussin,2021-2022,Other,1.0
Eden Hazard,2021-2022,0,Unknown,Pedro Chirivella,2021-2022,Other,1.0,Alexander Djiku,2021-2022,Other,1.0,João Pedro,2021-2022,Other,1.0,Vincenzo Grifo,2021-2022,Other,1.0,Ashley Young,2021-2022,Unknown,1.0
Thorgan Hazard,2021-2022,0,Unknown,Fikayo Tomori,2021-2022,Unknown,1.0,Krépin Diatta,2021-2022,Unknown,1.0,Rodrigo De Paul,2021-2022,Unknown,1.0,Alassane Pléa,2021-2022,Unknown,1.0,Carlos Soler,2021-2022,Unknown,1.0
Jonas Hector,2021-2022,0,Other,Gonzalo Melero,2021-2022,Other,1.0,Rui Silva,2021-2022,Unknown,1.0,Emmanuel Gyasi,2021-2022,Other,1.0,Jonathan Gradit,2021-2022,Other,1.0,Abdoulaye Doucouré,2021-2022,Other,1.0
Hwang Hee-chan,2021-2022,0,Other,Roberto Navarro,2021-2022,Other,1.0,Kasey McAteer,2021-2022,Other,1.0,Ibrahima Mbaye,2021-2022,Other,1.0,Darío Benedetto,2021-2022,Other,1.0,Aleksander Buksa,2021-2022,Other,1.0
Silvan Hefti,2021-2022,0,Other,Matvei Safonov,2025-2026,Goalkeeper,1.0,Sean Longstaff,2021-2022,Other,1.0,Carlos Akapo,2021-2022,Other,1.0,Vassilis Lambropoulos,2021-2022,Other,1.0,Mamadou Coulibaly,2021-2022,Other,1.0
Dominique Heintz,2021-2022,0,Other,Sam Byram,2021-2022,Other,1.0,Nicolas Pépé,2021-2022,Other,1.0,Alphonse Areola,2021-2022,Unknown,1.0,Bart?omiej Dr?gowski,2021-2022,Other,1.0,ime Vrsaljko,2021-2022,Other,1.0
Liam Henderson,2021-2022,0,Other,Craig Cathcart,2021-2022,Other,1.0,Lucien Agoume,2021-2022,Other,1.0,Adam Forshaw,2021-2022,Other,1.0,Gonzalo Castro,2021-2022,Unknown,1.0,Carlos Neva,2021-2022,Other,1.0
Jeff Hendrick,2021-2022,0,Other,Matteo Darmian,2025-2026,Unknown,1.0,Bruno,2021-2022,Unknown,1.0,Alcácer,2021-2022,Forward,0.9999,Piotr Zielinski,2025-2026,Unknown,0.9999,Kryvtsov,2021-2022,Defender,0.9999
Wayne Hennessey,2021-2022,0,Other,Danny da Costa,2021-2022,Other,1.0,Dodi Lukebakio,2021-2022,Other,1.0,Alejandro Primo,2021-2022,Other,1.0,Marvelous Nakamba,2021-2022,Other,1.0,Romain Salin,2021-2022,Other,1.0
Benjamin Henrichs,2021-2022,0,Unknown,Marten de Roon,2021-2022,Unknown,1.0,Romain Faivre,2021-2022,Unknown,1.0,Lorenzo Pellegrini,2021-2022,Unknown,1.0,Francesco Acerbi,2021-2022,Unknown,1.0,Memphis Depay,2021-2022,Unknown,1.0
Henrique,2021-2022,0,Other,Guilherme Ramos,2021-2022,Other,1.0,Simon Kjær,2021-2022,Other,1.0,Riccardo Gagliolo,2021-2022,Other,1.0,Didier Lamkel Zé,2021-2022,Other,1.0,Jay Rodriguez,2021-2022,Other,1.0
Dalbert Henrique,2021-2022,0,Other,Maximilian Bauer,2021-2022,Other,1.0,Samuel Moutoussamy,2021-2022,Other,1.0,Tete Morente,2021-2022,Other,1.0,Danilo D'Ambrosio,2021-2022,Other,1.0,Dimitris Giannoulis,2021-2022,Other,1.0
Luis Henrique,2021-2022,0,Other,Nathan Tella,2021-2022,Other,1.0,Asmir Begovi?,2021-2022,Other,1.0,Myrto Uzuni,2021-2022,Other,1.0,Christopher Lenz,2021-2022,Unknown,1.0,Thuler,2021-2022,Other,1.0
Matheus Henrique,2021-2022,0,Other,John Donald,2021-2022,Other,1.0,Karl Darlow,2021-2022,Other,1.0,Andi Zeqiri,2021-2022,Other,1.0,Lorenzo Tonelli,2021-2022,Other,1.0,Gabriele Zappa,2021-2022,Other,1.0
Rico Henry,2021-2022,0,Other,Sanjin Prci?,2021-2022,Other,1.0,Musa Barrow,2021-2022,Other,1.0,Harvey Barnes,2021-2022,Other,1.0,Ibrahim Amadou,2021-2022,Other,1.0,Germán Pezzella,2021-2022,Other,1.0
Thomas Henry,2021-2022,0,Other,Federico Ceccherini,2021-2022,Other,1.0,Sebastiano Luperto,2021-2022,Other,1.0,Jeremías Ledesma,2021-2022,Other,1.0,Joseph Scally,2021-2022,Other,1.0,Elif Elmas,2021-2022,Other,1.0
Christophe Hérelle,2021-2022,0,Other,Illan Meslier,2021-2022,Other,1.0,Hugo Duro,2021-2022,Other,1.0,Christopher Trimmel,2021-2022,Other,1.0,Demarai Gray,2021-2022,Other,1.0,Paul Jaeckel,2021-2022,Other,1.0
Jérôme Hergault,2021-2022,0,Other,Håvard Nordtveit,2021-2022,Other,1.0,Charles Abi,2021-2022,Other,1.0,Sonny Perkins,2021-2022,Other,1.0,Leonardo Capezzi,2021-2022,Other,1.0,Oriol Busquets,2021-2022,Other,1.0
Kike Hermoso,2021-2022,0,Other,Ter Stegen,2021-2022,Goalkeeper,0.9997,Dmytro Riznyk,2025-2026,Goalkeeper,0.9996,Gregor Kobel,2025-2026,Unknown,0.9992,Diogo Costa,2021-2022,Unknown,0.9983,Ridle Baku,2021-2022,Other,0.9977
Mario Hermoso,2021-2022,0,Unknown,Douglas Luiz,2021-2022,Unknown,1.0,Jack Grealish,2021-2022,Unknown,1.0,Martín Zubimendi,2021-2022,Unknown,1.0,Ben Davies,2021-2022,Unknown,1.0,Salih Özcan,2021-2022,Unknown,1.0
Aridane Hernández,2021-2022,0,Other,Matt Ritchie,2021-2022,Other,1.0,Loïc Bade,2021-2022,Other,1.0,Nikola Maksimovi?,2021-2022,Other,1.0,Jonathan Ikone,2021-2022,Other,1.0,Erhan Maovi?,2021-2022,Other,1.0
Lucas Hernández,2021-2022,0,Unknown,Thomas Partey,2021-2022,Unknown,1.0,Niklas Süle,2021-2022,Unknown,1.0,Nico Schlotterbeck,2021-2022,Unknown,1.0,Dani Olmo,2021-2022,Unknown,1.0,Benjamin André,2021-2022,Unknown,1.0
Luis Hernández,2021-2022,0,Other,El Bilal Touré,2021-2022,Other,1.0,Youcef Belaïli,2021-2022,Other,1.0,Miguel Trauco,2021-2022,Other,1.0,Kostas Stafylidis,2021-2022,Other,1.0,Carlos Clerc,2021-2022,Other,1.0
Mario Hernández,2021-2022,0,Other,Aimen Moueffek,2021-2022,Other,1.0,Yusuf Yazýcý,2021-2022,Other,1.0,Shkurin,2021-2022,Forward,1.0,Barcia,2021-2022,Other,1.0,Philippe Koffi,2021-2022,Other,1.0
Theo Hernández,2021-2022,0,Unknown,Florian Wirtz,2021-2022,Unknown,1.0,Sven Botman,2021-2022,Unknown,1.0,Boubacar Kamara,2021-2022,Unknown,1.0,Trent Alexander-Arnold,2021-2022,Unknown,1.0,Adil Rami,2021-2022,Unknown,1.0
Hernani,2021-2022,0,Other,Dénys Bain,2021-2022,Other,1.0,Mattia Perin,2021-2022,Other,1.0,Adam Idah,2021-2022,Other,1.0,Jordan Torunarigha,2021-2022,Other,1.0,Ionu? Radu,2021-2022,Other,1.0
Ander Herrera,2021-2022,0,Unknown,Navas,2021-2022,Goalkeeper,1.0,Ersin Destanoğlu,2021-2022,Goalkeeper,1.0,Tătăruşanu,2021-2022,Goalkeeper,1.0,Jesse Lingard,2021-2022,Unknown,0.9999,Jason Denayer,2021-2022,Unknown,0.999
Héctor Herrera,2021-2022,0,Unknown,Lucas Digne,2021-2022,Unknown,1.0,José Fonte,2021-2022,Unknown,1.0,Wilfried Singo,2021-2022,Unknown,1.0,Ben White,2021-2022,Unknown,1.0,Piero Hincapié,2021-2022,Unknown,1.0
Sergio Herrera,2021-2022,0,Other,Odilon Kossonou,2021-2022,Other,1.0,Cheikhou Kouyaté,2021-2022,Other,1.0,Jimmy Giraudon,2021-2022,Other,1.0,Louis Beyer,2021-2022,Other,1.0,Andrew Gravillon,2021-2022,Other,1.0
Yangel Herrera,2021-2022,0,Other,Isaac Palazón Camacho,2021-2022,Other,1.0,Gerrit Holtmann,2021-2022,Other,1.0,Brandon Williams,2021-2022,Other,1.0,Kepa,2021-2022,Goalkeeper,1.0,Sepe Elye Wahi,2021-2022,Other,1.0
Patrick Herrmann,2021-2022,0,Other,Roberto Torres,2021-2022,Other,1.0,Davide Biraschi,2021-2022,Other,1.0,Mariano,2021-2022,Unknown,1.0,Alfre? Finnbogason,2021-2022,Other,1.0,Jonas Lössl,2021-2022,Other,1.0
Son Heung-Min,2021-2022,0,Unknown,Nabil Fekir,2021-2022,Unknown,1.0,Tuta,2021-2022,Unknown,1.0,Aurélien Tchouaméni,2021-2022,Unknown,1.0,Nico Schulz,2021-2022,Unknown,1.0,Aymeric Laporte,2021-2022,Unknown,1.0
Daan Heymans,2021-2022,0,Other,Lukáš Sadílek,2025-2026,Other,1.0,Farid El Melali,2021-2022,Other,1.0,James Forrest,2025-2026,Unknown,1.0,Rubén Pardo,2021-2022,Other,1.0,Carmona,2021-2022,Other,1.0
Aaron Hickey,2021-2022,0,Other,Amine Gouiri,2021-2022,Other,1.0,Gianluigi Donnarumma,2021-2022,Unknown,1.0,Youssef En-Nesyri,2021-2022,Unknown,1.0,Ivan Perii?,2021-2022,Other,1.0,Rémy Cabella,2021-2022,Unknown,1.0
Piero Hincapié,2021-2022,0,Unknown,Daniel Caligiuri,2021-2022,Unknown,1.0,Diogo Dalot,2021-2022,Unknown,1.0,Ben White,2021-2022,Unknown,1.0,Gonçalo Guedes,2021-2022,Unknown,1.0,Trincão,2021-2022,Forward,1.0
Martin Hinteregger,2021-2022,0,Other,Pascal Struijk,2021-2022,Other,1.0,Bastian Oczipka,2021-2022,Unknown,1.0,Kevin Vogt,2021-2022,Other,1.0,Fidel,2021-2022,Other,1.0,Gareth Bale,2021-2022,Unknown,1.0
Marwin Hitz,2021-2022,0,Unknown,Ghislain Konan,2021-2022,Other,1.0,Khéphren Thuram-Ulie,2021-2022,Other,1.0,Enock Kwateng,2021-2022,Other,1.0,Andre-Frank Zambo Anguissa,2021-2022,Other,1.0,Martin Hinteregger,2021-2022,Other,1.0
Ki-Jana Hoever,2021-2022,0,Other,Joe Rodon,2021-2022,Other,1.0,Luis Hartwig,2021-2022,Other,1.0,Patrick Leal,2021-2022,Other,1.0,Stefano Sabelli,2021-2022,Other,1.0,Kaj Sierhuis,2021-2022,Other,1.0
Nicolas Höfler,2021-2022,0,Other,Anthony Modeste,2021-2022,Other,1.0,Lucas Torreira,2021-2022,Other,1.0,Diego López,2021-2022,Unknown,1.0,David de Gea,2021-2022,Unknown,1.0,Giovanni Simeone,2021-2022,Other,1.0
Jonas Hofmann,2021-2022,0,Unknown,Toni Kroos,2021-2022,Unknown,1.0,Kevin De Bruyne,2021-2022,Unknown,1.0,Marcel Halstenberg,2021-2022,Unknown,1.0,Castello Lukeba,2021-2022,Unknown,1.0,Thomas Meunier,2021-2022,Unknown,1.0
Rob Holding,2021-2022,0,Other,Unai García,2021-2022,Other,1.0,Simon Zoller,2021-2022,Other,1.0,Isaac Success,2021-2022,Other,1.0,Riccardo Gagliolo,2021-2022,Other,1.0,Guilherme Ramos,2021-2022,Other,1.0
Lucas Höler,2021-2022,0,Other,Elba Rashani,2021-2022,Other,1.0,Yves Bissouma,2021-2022,Other,1.0,Andriy Lunin,2021-2022,Unknown,1.0,Gianluca Mancini,2021-2022,Other,1.0,Víctor Laguardia,2021-2022,Other,1.0
Mason Holgate,2021-2022,0,Other,Peter Pekarík,2021-2022,Other,1.0,Antonio Puertas,2021-2022,Other,1.0,Florian Kainz,2021-2022,Other,1.0,Ibrahima Sissoko,2021-2022,Other,1.0,Fabian Delph,2021-2022,Unknown,1.0
Gerrit Holtmann,2021-2022,0,Other,Brandon Williams,2021-2022,Other,1.0,Isaac Palazón Camacho,2021-2022,Other,1.0,Kepa,2021-2022,Goalkeeper,1.0,Sepe Elye Wahi,2021-2022,Other,1.0,Yangel Herrera,2021-2022,Other,1.0
Martin Hongla,2021-2022,0,Other,Álex Cantero,2021-2022,Other,1.0,Ashley Barnes,2021-2022,Other,1.0,Kevin Long,2021-2022,Other,1.0,Pablo Martínez,2021-2022,Other,1.0,Jakub Jankto,2021-2022,Other,1.0
Franck Honorat,2021-2022,0,Other,Tolgay Arslan,2021-2022,Unknown,1.0,Iago Aspas,2021-2022,Other,1.0,Fabien Centonze,2021-2022,Other,1.0,Sergio Escudero,2021-2022,Unknown,1.0,Nikola Milenkovi?,2021-2022,Other,1.0
Justin Hoogma,2021-2022,0,Other,Willem Geubbels,2021-2022,Other,1.0,Luka Bogdan,2021-2022,Other,1.0,Charles Traore,2021-2022,Other,1.0,Emil Bohinen,2021-2022,Other,1.0,Facundo Pellistri,2021-2022,Other,1.0
Sydney van Hooijdonk,2021-2022,0,Other,F. Nmecha,2021-2022,Midfielder,1.0,Tommaso Pobega,2025-2026,Other,1.0,Matondo-Merveille Papela,2021-2022,Other,1.0,Charlie Cresswell,2021-2022,Other,1.0,Liam McCarron,2021-2022,Other,1.0
Matthew Hoppe,2021-2022,0,Other,Steffen Tigges,2021-2022,Other,1.0,Keven Schlotterbeck,2021-2022,Other,1.0,Ismaël Doukouré,2021-2022,Other,1.0,Lago Junior,2021-2022,Other,1.0,Adrián Butzke,2021-2022,Other,1.0
Jannes Horn,2021-2022,0,Other,Jan Morávek,2021-2022,Other,1.0,Munir El Haddadi,2021-2022,Other,1.0,Javi López,2021-2022,Other,1.0,Ellis Simms,2021-2022,Other,1.0,Barcia,2021-2022,Other,1.0
Timo Horn,2021-2022,0,Other,Francisco Sierralta,2021-2022,Other,1.0,Stéphane Bahoken,2021-2022,Other,1.0,Jarrad Branthwaite,2021-2022,Other,1.0,James Tomkins,2021-2022,Other,1.0,Albert Sambi Lokonga,2021-2022,Other,1.0
Fraser Hornby,2021-2022,0,Other,Léo Leroy,2021-2022,Other,1.0,Pedro Neto,2021-2022,Other,1.0,Roberto Piccoli,2021-2022,Other,1.0,Eric Bailly,2021-2022,Unknown,1.0,Anastasios Donis,2021-2022,Other,1.0
Cédric Hountondji,2021-2022,0,Other,Timo Baumgartl,2021-2022,Other,1.0,Andriy Lunin,2021-2022,Unknown,1.0,Ryad Boudebouz,2021-2022,Other,1.0,Reece Oxford,2021-2022,Other,1.0,Santiago Arias,2021-2022,Unknown,1.0
Luká Hrádeck?,2021-2022,0,Other,Predrag Rajkovi?,2021-2022,Other,1.0,Kiko Femenía,2021-2022,Other,1.0,Damián Suárez,2021-2022,Other,1.0,Bamba Dieng,2021-2022,Other,1.0,Óscar Trejo,2021-2022,Other,1.0
Branimir Hrgota,2021-2022,0,Other,Jordan Ferri,2021-2022,Other,1.0,Adam Marui?,2021-2022,Other,1.0,Giacomo Raspadori,2021-2022,Other,1.0,Gianluca Scamacca,2021-2022,Other,1.0,Lucas Perrin,2021-2022,Other,1.0
Petko Hristov,2021-2022,0,Other,Stephy Mavididi,2021-2022,Other,1.0,Joris Chotard,2021-2022,Other,1.0,Maya Yoshida,2021-2022,Other,1.0,Pablo Rosario,2021-2022,Other,1.0,Jeffrey Gouweleeuw,2021-2022,Other,1.0
Ajdin Hrustic,2021-2022,0,Other,Grigoris Kastanos,2021-2022,Other,1.0,William Troost-Ekong,2021-2022,Other,1.0,Albin Ekdal,2021-2022,Other,1.0,Ximo Navarro,2021-2022,Other,1.0,Patrick Cutrone,2021-2022,Other,1.0
Timo Hübers,2021-2022,0,Other,Aaron Lennon,2021-2022,Unknown,1.0,Jimmy Cabot,2021-2022,Other,1.0,Akim Zedadka,2021-2022,Other,1.0,Azor Matusiwa,2021-2022,Other,1.0,Stuart Dallas,2021-2022,Other,1.0
Benjamin Hübner,2021-2022,0,Other,Ander Guevara,2021-2022,Other,1.0,Cedric Itten,2021-2022,Other,1.0,Iñaki Peña,2025-2026,Other,1.0,Daniele Padelli,2021-2022,Other,1.0,Julian Pollersbeck,2021-2022,Other,1.0
Callum Hudson-Odoi,2021-2022,0,Unknown,Moses Simon,2021-2022,Unknown,1.0,Alex Oxlade-Chamberlain,2021-2022,Unknown,1.0,Alexis Saelemaekers,2021-2022,Unknown,1.0,Ethan Ampadu,2021-2022,Unknown,1.0,Ozan Kabak,2021-2022,Unknown,1.0
Will Hughes,2021-2022,0,Other,Manu García,2021-2022,Other,1.0,Dylan Chambost,2021-2022,Other,1.0,Ohis Felix Uduokhai,2021-2022,Other,1.0,Ante Rebi?,2021-2022,Other,1.0,Tobias Raschl,2021-2022,Other,1.0
Mats Hummels,2021-2022,0,Unknown,Manuel Akanji,2021-2022,Unknown,1.0,Jens Cajuste,2021-2022,Unknown,1.0,Max Kruse,2021-2022,Unknown,1.0,Juan Foyth,2021-2022,Unknown,1.0,Jamal Musiala,2021-2022,Unknown,1.0
Elseid Hysaj,2021-2022,0,Unknown,Jacob Ramsey,2021-2022,Unknown,1.0,Ivan Nevistić,2025-2026,Goalkeeper,1.0,Juan Jesus,2021-2022,Unknown,1.0,Davide Calabria,2021-2022,Unknown,1.0,Clément Lenglet,2021-2022,Unknown,1.0
Suk Hyun-jun,2021-2022,0,Other,Daniel Villahermosa,2021-2022,Other,1.0,Ben Lhassine Kone,2021-2022,Other,1.0,Evan Ferguson,2021-2022,Other,1.0,Aleksa Terzi?,2021-2022,Other,1.0,Stuart McKinstry,2021-2022,Other,1.0
Pierre Højbjerg,2021-2022,0,Other,Valère Germain,2021-2022,Unknown,1.0,Lucas Tousart,2021-2022,Unknown,1.0,Téji Savanier,2021-2022,Other,1.0,Lucas Leiva,2021-2022,Unknown,1.0,Ulreich,2021-2022,Goalkeeper,1.0
Iago,2021-2022,0,Other,Diawara,2021-2022,Goalkeeper,1.0,William Carvalho,2021-2022,Other,1.0,Anel Ahmedhodzic,2021-2022,Other,1.0,Terem Moffi,2021-2022,Other,1.0,Jeroen Zoet,2021-2022,Unknown,1.0
Robert Ibáñez,2021-2022,0,Other,Kaio Jorge,2021-2022,Other,1.0,Leonardo Spinazzola,2021-2022,Unknown,1.0,Kingsley Michael,2021-2022,Other,1.0,Troy Deeney,2021-2022,Other,1.0,Sergio Rico,2021-2022,Unknown,1.0
Roger Ibanez,2021-2022,0,Other,Facundo Medina,2021-2022,Other,1.0,Ivan Provedel,2021-2022,Unknown,1.0,Édouard Mendy,2021-2022,Unknown,1.0,Álex Remiro,2021-2022,Unknown,1.0,Denis Suárez,2021-2022,Other,1.0
Vicente Iborra,2021-2022,0,Unknown,Denis Bouanga,2021-2022,Other,1.0,Jérémy Morel,2021-2022,Unknown,1.0,Pietro Ceccaroni,2021-2022,Other,1.0,Laurent Abergel,2021-2022,Other,1.0,Joselu,2021-2022,Other,1.0
Zlatan Ibrahimovi?,2021-2022,0,Other,Asier Illarramendi,2021-2022,Unknown,1.0,Anthony Martial,2021-2022,Unknown,1.0,Atakan Karazor,2021-2022,Other,1.0,?ukasz Fabia?ski,2021-2022,Other,1.0,Mama Samba Baldé,2021-2022,Other,1.0
Mauro Icardi,2021-2022,0,Unknown,Edmond Tapsoba,2021-2022,Other,1.0,André Gomes,2021-2022,Unknown,1.0,Ivan Rakiti?,2021-2022,Other,1.0,Jan Bednarek,2021-2022,Other,1.0,Rominigue Kouamé,2021-2022,Other,1.0
Adam Idah,2021-2022,0,Other,Jordan Torunarigha,2021-2022,Other,1.0,Dimitri Foulquier,2021-2022,Other,1.0,Radu Dr?gu?in,2021-2022,Other,1.0,Hernani,2021-2022,Other,1.0,Dénys Bain,2021-2022,Other,1.0
Oussama Idrissi,2021-2022,0,Other,Luis Palma,2025-2026,Unknown,1.0,Mouhamadou Diarra,2021-2022,Other,1.0,Jovane Cabral,2021-2022,Forward,1.0,Emil Ceide,2021-2022,Other,1.0,Sofiane Alakouch,2021-2022,Other,1.0
Iglesias,2021-2022,0,Other,Sebastien De Maio,2021-2022,Other,1.0,Levin Öztunalý,2021-2022,Other,1.0,Xavier Chavalerin,2021-2022,Other,1.0,Patrick Osterhage,2021-2022,Other,1.0,Kingsley Schindler,2021-2022,Other,1.0
Borja Iglesias,2021-2022,0,Other,Makoto Hasebe,2021-2022,Other,1.0,Gonzalo Castro,2021-2022,Unknown,1.0,Lucien Agoume,2021-2022,Other,1.0,Craig Cathcart,2021-2022,Other,1.0,Giorgio Altare,2021-2022,Other,1.0
Jonathan Iglesias,2021-2022,0,Other,Alberto Soro,2021-2022,Other,1.0,Emil Bohinen,2021-2022,Other,1.0,Tanguy Coulibaly,2021-2022,Other,1.0,Jed Steer,2021-2022,Other,1.0,Justin Hoogma,2021-2022,Other,1.0
Juan Ignacio Ramírez,2021-2022,0,Other,Håvard Nordtveit,2021-2022,Other,1.0,Jérôme Hergault,2021-2022,Other,1.0,Carson,2021-2022,Goalkeeper,1.0,Charles Abi,2021-2022,Other,1.0,Borja Mayoral,2021-2022,Other,1.0
Igor,2021-2022,0,Other,Ethan Pinnock,2021-2022,Other,1.0,Saïd Benrahma,2021-2022,Other,1.0,Robert Andrich,2021-2022,Other,1.0,Piotr Zieli?ski,2021-2022,Other,1.0,Michael Keane,2021-2022,Other,1.0
Kelechi Iheanacho,2021-2022,0,Other,Benoît Costil,2021-2022,Other,1.0,Domingos Duarte,2021-2022,Other,1.0,Álex Collado,2021-2022,Other,1.0,Solly March,2021-2022,Other,1.0,Dennis Appiah,2021-2022,Other,1.0
Danylo Ihnatenko,2021-2022,0,Other,Tyler Roberts,2021-2022,Other,1.0,Janis Antiste,2021-2022,Other,1.0,Eliot Matazo,2021-2022,Other,1.0,Finn Dahmen,2021-2022,Other,1.0,Mathew Ryan,2021-2022,Other,1.0
Jonathan Ikone,2021-2022,0,Other,Nikola Maksimovi?,2021-2022,Other,1.0,Matt Ritchie,2021-2022,Other,1.0,Aridane Hernández,2021-2022,Other,1.0,Loïc Bade,2021-2022,Other,1.0,Erhan Maovi?,2021-2022,Other,1.0
Ivan Ili?,2021-2022,0,Other,Hugo Mallo,2021-2022,Other,1.0,Jonas Wind,2021-2022,Other,1.0,Gavi Paez,2021-2022,Other,1.0,Hwang Ui-jo,2021-2022,Other,1.0,Samuele Ricci,2021-2022,Other,1.0
Josip Ili?i?,2021-2022,0,Other,Timothee Pembele,2021-2022,Other,1.0,Leonardo César Jardim,2021-2022,Other,1.0,Junior Sambia,2021-2022,Other,1.0,Thierry Correia,2021-2022,Other,1.0,Marc-André ter Stegen,2025-2026,Unknown,1.0
Asier Illarramendi,2021-2022,0,Unknown,Zlatan Ibrahimovi?,2021-2022,Other,1.0,Anthony Martial,2021-2022,Unknown,1.0,?ukasz Fabia?ski,2021-2022,Other,1.0,Atakan Karazor,2021-2022,Other,1.0,Mama Samba Baldé,2021-2022,Other,1.0
Stefan Ilsanker,2021-2022,0,Other,Strahinja Pavlovi?,2021-2022,Other,1.0,Timothy Fosu-Mensah,2021-2022,Other,1.0,Matija Nastasi?,2021-2022,Other,1.0,Jean-Philippe Gbamin,2021-2022,Other,1.0,Jean-Daniel Akpa-Akpro,2021-2022,Other,1.0
Ciro Immobile,2021-2022,0,Unknown,Wesley Fofana,2021-2022,Unknown,1.0,Bruno Guimarães,2021-2022,Unknown,1.0,Mathias Jørgensen,2021-2022,Unknown,1.0,Josuha Guilavogui,2021-2022,Unknown,1.0,Achraf Hakimi,2021-2022,Unknown,1.0
Burak Ýnce,2021-2022,0,Other,Sam Greenwood,2021-2022,Other,1.0,Dennis Jastrzembski,2021-2022,Other,1.0,Stefano Sabelli,2021-2022,Other,1.0,Luis Hartwig,2021-2022,Other,1.0,Patrick Leal,2021-2022,Other,1.0
Danny Ings,2021-2022,0,Other,Aaron Ramsdale,2021-2022,Other,1.0,Willy Boly,2021-2022,Other,1.0,Orel Mangala,2021-2022,Other,1.0,Renaud Ripart,2021-2022,Other,1.0,Boyko,2021-2022,Goalkeeper,1.0
Marcus Ingvartsen,2021-2022,0,Other,Carlos Bacca,2021-2022,Other,1.0,Nikolas Nartey,2021-2022,Other,1.0,Jon Pacheco,2021-2022,Other,1.0,Augusto Solari,2021-2022,Other,1.0,Karol Fila,2021-2022,Other,1.0
Bonke Innocent,2021-2022,0,Other,Nico Williams,2021-2022,Other,1.0,Kévin N'Doram,2021-2022,Other,1.0,Matt Miazga,2021-2022,Other,1.0,Yvan Neyou,2021-2022,Other,1.0,Edo Kayembe,2021-2022,Other,1.0
Lorenzo Insigne,2021-2022,0,Unknown,Lautaro Martínez,2021-2022,Unknown,1.0,Ramy Bensebaini,2021-2022,Unknown,1.0,Ricardo Pereira,2021-2022,Unknown,1.0,Martin Terrier,2021-2022,Unknown,1.0,Thilo Kehrer,2021-2022,Unknown,1.0
Nikita Iosifov,2021-2022,0,Other,Lluís Recasens,2021-2022,Other,1.0,Jeremiah St. Juste,2025-2026,Other,1.0,Moise Kean,2021-2022,Unknown,1.0,Noah Weißhaupt,2021-2022,Other,1.0,Stefan Hierländer,2025-2026,Other,1.0
Tim Iroegbunam,2021-2022,0,Other,Jonathan Varane,2021-2022,Other,1.0,Calderón,2021-2022,Other,1.0,Francesco Camarda,2025-2026,Other,1.0,Jaume Grau,2021-2022,Other,1.0,Nemanja Radonji?,2021-2022,Other,1.0
Alexander Isak,2021-2022,0,Other,Adam Webster,2021-2022,Other,1.0,Paul Jaeckel,2021-2022,Other,1.0,Stefan Mitrovi?,2021-2022,Other,1.0,Christophe Hérelle,2021-2022,Other,1.0,Illan Meslier,2021-2022,Other,1.0
Isco,2021-2022,0,Unknown,Gonçalo Inacio,2025-2026,Unknown,1.0,Matheus Reis,2025-2026,Unknown,1.0,Darmian,2021-2022,Defender,1.0,Hutchinson,2021-2022,Midfielder,1.0,Tigran Barseghyan,2025-2026,Forward,1.0
Wilson Isidor,2021-2022,0,Other,Edoardo Vergani,2021-2022,Other,1.0,Ruan,2021-2022,Other,1.0,Beñat Turrientes,2021-2022,Other,1.0,Abdoulaye Sylla,2021-2022,Other,1.0,Luke McCowan,2025-2026,Unknown,1.0
Ardian Ismajli,2021-2022,0,Other,Kevin Bonifazi,2021-2022,Other,1.0,Edo Kayembe,2021-2022,Other,1.0,Florian Krüger,2021-2022,Other,1.0,Yvan Neyou,2021-2022,Other,1.0,Renato Tapia,2021-2022,Other,1.0
Hiroki Ito,2021-2022,0,Other,Mouctar Diakhaby,2021-2022,Unknown,1.0,Oriol Romeu,2021-2022,Other,1.0,Emmanuel Dennis,2021-2022,Other,1.0,Alfonso Espino,2021-2022,Other,1.0,Andy Delort,2021-2022,Other,1.0
Cedric Itten,2021-2022,0,Other,Iñaki Peña,2025-2026,Other,1.0,Benjamin Hübner,2021-2022,Other,1.0,Julian Pollersbeck,2021-2022,Other,1.0,Ander Guevara,2021-2022,Other,1.0,Frank Onyeka,2021-2022,Other,1.0
Gian-Luca Itter,2021-2022,0,Other,Michael Svoboda,2021-2022,Other,1.0,Mads Roerslev,2021-2022,Other,1.0,Damien Da Silva,2021-2022,Other,1.0,Riccardo Sottil,2021-2022,Other,1.0,Thierry Correia,2021-2022,Other,1.0
Alex Iwobi,2021-2022,0,Unknown,Timo Werner,2021-2022,Unknown,1.0,Rodrigo,2021-2022,Unknown,1.0,Diego Godín,2021-2022,Unknown,1.0,Raúl Albiol,2021-2022,Unknown,1.0,Antoine Griezmann,2021-2022,Unknown,1.0
Armando Izzo,2021-2022,0,Other,Vedat Muriqi,2021-2022,Unknown,1.0,Eric N'Jo,2021-2022,Other,1.0,Jon Rowe,2021-2022,Other,1.0,Kaj Sierhuis,2021-2022,Other,1.0,Ki-Jana Hoever,2021-2022,Other,1.0
Nicolas Jackson,2021-2022,0,Other,Kiliann Sildillia,2021-2022,Other,1.0,Daniel Ginczek,2021-2022,Other,1.0,Lorenzo Torriani,2025-2026,Unknown,1.0,Aaron Ramsey,2021-2022,Unknown,1.0,Martin Terrier,2025-2026,Unknown,1.0
Lee Jae-sung,2021-2022,0,Other,Mert Müldür,2021-2022,Other,1.0,Arne Maier,2021-2022,Other,1.0,Souleyman Doumbia,2021-2022,Other,1.0,Martin Braithwaite,2021-2022,Other,1.0,Shane Duffy,2021-2022,Other,1.0
Paul Jaeckel,2021-2022,0,Other,Alexander Isak,2021-2022,Other,1.0,Christophe Hérelle,2021-2022,Other,1.0,Adam Webster,2021-2022,Other,1.0,Illan Meslier,2021-2022,Other,1.0,Hugo Duro,2021-2022,Other,1.0
Mato Jajalo,2021-2022,0,Other,Denis Cheryshev,2021-2022,Other,1.0,Felix Afena-Gyan,2021-2022,Other,1.0,Diego Coppola,2021-2022,Other,1.0,Abdoulaye Touré,2021-2022,Other,1.0,Cristiano Piccini,2021-2022,Other,1.0
Kristijan Jaki?,2021-2022,0,Other,José Luis García Vayá,2021-2022,Other,1.0,Brian Oliván,2021-2022,Other,1.0,Yeray Álvarez,2021-2022,Other,1.0,Nathan Redmond,2021-2022,Other,1.0,Manolo Gabbiadini,2021-2022,Other,1.0
Ismail Jakobs,2021-2022,0,Other,Gaëtan Poussin,2021-2022,Other,1.0,Ángel Montoro,2021-2022,Other,1.0,Isaac Hayden,2021-2022,Other,1.0,Tristan Dingomé,2021-2022,Other,1.0,Nils Petersen,2021-2022,Other,1.0
Marin Jakoli,2021-2022,0,Other,Robert Tesche,2021-2022,Other,1.0,Immanuel Pherai,2021-2022,Other,1.0,Romario Rösch,2021-2022,Other,1.0,Daniel Chesters,2021-2022,Other,1.0,Dimitrios Keramitsis,2021-2022,Other,1.0
Abdel Jalil Medioub,2021-2022,0,Other,Lorenz Assignon,2021-2022,Other,1.0,Freddie Woodman,2021-2022,Other,1.0,Cedric Gondo,2021-2022,Other,1.0,Lukas Rupp,2021-2022,Other,1.0,Manu Vallejo,2021-2022,Other,1.0
Daniel James,2021-2022,0,Other,Karim Azamoum,2021-2022,Other,1.0,Raúl Moro,2021-2022,Other,1.0,Thomas Fontaine,2021-2022,Other,1.0,Josh Dasilva,2021-2022,Other,1.0,Nanasi,2021-2022,Midfielder,1.0
Vitaly Janelt,2021-2022,0,Other,Luiz Felipe,2021-2022,Other,1.0,Jack Harrison,2021-2022,Other,1.0,Lucas Torró,2021-2022,Other,1.0,Gerzino Nyamsi,2021-2022,Other,1.0,Batista Mendy,2021-2022,Other,1.0
Jakub Jankto,2021-2022,0,Other,Pablo Martínez,2021-2022,Other,1.0,Ashley Barnes,2021-2022,Other,1.0,Álex Cantero,2021-2022,Other,1.0,Martin Hongla,2021-2022,Other,1.0,Kevin Long,2021-2022,Other,1.0
Pontus Jansson,2021-2022,0,Other,Iyenoma Udogie,2021-2022,Other,1.0,Gerard Deulofeu,2021-2022,Other,1.0,Gaëtan Laborde,2021-2022,Other,1.0,Max Kilman,2021-2022,Other,1.0,Aritz Elustondo,2021-2022,Other,1.0
Tony Jantschke,2021-2022,0,Other,Paul Akouokou,2021-2022,Other,1.0,Niklas Tauer,2021-2022,Other,1.0,Enric Franquesa,2021-2022,Other,1.0,Matteo Gabbia,2021-2022,Other,1.0,Jorge Meré,2021-2022,Other,1.0
Adnan Januzaj,2021-2022,0,Other,Paul Nardi,2021-2022,Other,1.0,Danijel Petkovi?,2021-2022,Other,1.0,Víctor Díaz,2021-2022,Other,1.0,Caleb Ekuban,2021-2022,Other,1.0,Adrien Silva,2021-2022,Other,1.0
Pawe? Jaroszy?ski,2021-2022,0,Other,Santiago Arzamendia,2021-2022,Other,1.0,Ozan Tufan,2021-2022,Other,1.0,Yayah Kallon,2021-2022,Other,1.0,Abdessamad Ezzalzouli,2021-2022,Other,1.0,Joan García,2021-2022,Other,1.0
Jason,2021-2022,0,Other,Przemys?aw P?acheta,2021-2022,Other,1.0,Freddie Veseli,2021-2022,Other,1.0,Yannick Cahuzac,2021-2022,Other,1.0,Lennart Grill,2021-2022,Other,1.0,Fábio Silva,2021-2022,Other,1.0
Dennis Jastrzembski,2021-2022,0,Other,Sam Greenwood,2021-2022,Other,1.0,Burak Ýnce,2021-2022,Other,1.0,Stefano Sabelli,2021-2022,Other,1.0,Erick Cabaco,2021-2022,Other,1.0,Luis Hartwig,2021-2022,Other,1.0
Luis Javier Suárez,2021-2022,0,Other,Dwight McNeil,2021-2022,Other,1.0,Vincent Manceau,2021-2022,Other,1.0,Dimitris Nikolaou,2021-2022,Other,1.0,Fraser Forster,2021-2022,Unknown,1.0,Papu Gómez,2021-2022,Other,1.0
Corentin Jean,2021-2022,0,Other,Samuel Mráz,2021-2022,Other,1.0,Icardi,2021-2022,Forward,1.0,Jeff Reine-Adélaïde,2021-2022,Other,1.0,Brobbey,2021-2022,Forward,1.0,Kévin Malcuit,2021-2022,Other,1.0
Jemerson,2021-2022,0,Unknown,Clément Lenglet,2021-2022,Unknown,1.0,Ruben Loftus-Cheek,2021-2022,Unknown,1.0,Davide Calabria,2021-2022,Unknown,1.0,Juan Jesus,2021-2022,Unknown,1.0,Jacob Ramsey,2021-2022,Unknown,1.0
Fredrik Jensen,2021-2022,0,Other,Adama Traoré,2021-2022,Other,1.0,Danilo Barbosa,2021-2022,Other,1.0,Bilal Brahimi,2021-2022,Other,1.0,Hassane Kamara,2021-2022,Other,1.0,Marko Ilić,2025-2026,Other,1.0
Mathias Jensen,2021-2022,0,Other,Javier Manquillo,2021-2022,Other,1.0,Mattia Viti,2021-2022,Other,1.0,Marc-Oliver Kempf,2021-2022,Other,1.0,Igor Carioca,2021-2022,Other,1.0,Danilo D'Ambrosio,2021-2022,Other,1.0
Moritz Jenz,2021-2022,0,Other,Sehrou Guirassy,2021-2022,Other,1.0,Oihan Sancet,2021-2022,Other,1.0,Florian Grillitsch,2021-2022,Other,1.0,Kristoffer Ajer,2021-2022,Other,1.0,Adama Soumaoro,2021-2022,Other,1.0
Gabriel Jesus,2021-2022,0,Unknown,Rafinha,2021-2022,Unknown,1.0,Aymeric Laporte,2021-2022,Unknown,1.0,Aurélien Tchouaméni,2021-2022,Unknown,1.0,Tuta,2021-2022,Unknown,1.0,Youri Tielemans,2021-2022,Unknown,1.0
Juan Jesus,2021-2022,0,Unknown,Davide Calabria,2021-2022,Unknown,1.0,Jacob Ramsey,2021-2022,Unknown,1.0,Clément Lenglet,2021-2022,Unknown,1.0,Elseid Hysaj,2021-2022,Unknown,1.0,Jemerson,2021-2022,Unknown,1.0
Álvaro Jiménez,2021-2022,0,Other,Domagoj Bradari?,2021-2022,Other,1.0,Christoph Zimmermann,2021-2022,Other,1.0,Patrick Berg,2021-2022,Other,1.0,Marcus Forss,2021-2022,Other,1.0,Lewis Bate,2021-2022,Other,1.0
Raúl Jiménez,2021-2022,0,Unknown,Mohamed Elyounoussi,2021-2022,Unknown,1.0,Oliver Skipp,2021-2022,Unknown,1.0,Daichi Kamada,2021-2022,Unknown,1.0,Donyell Malen,2021-2022,Unknown,1.0,Adam Lallana,2021-2022,Unknown,1.0
Joaquín,2021-2022,0,Unknown,Harold Moukoudi,2021-2022,Other,1.0,Filippo Bandinelli,2021-2022,Other,1.0,Jaume Costa,2021-2022,Other,1.0,Solly March,2021-2022,Other,1.0,Domingos Duarte,2021-2022,Other,1.0
Joelinton,2021-2022,0,Other,Borna Sosa,2021-2022,Other,1.0,Arthur Theate,2021-2022,Other,1.0,Danny Rose,2021-2022,Unknown,1.0,Enes Ünal,2021-2022,Other,1.0,Tyrick Mitchell,2021-2022,Other,1.0
Jofre,2021-2022,0,Other,Josip Brekalo,2021-2022,Other,1.0,Javier Galán,2025-2026,Other,1.0,Thijs Dallinga,2025-2026,Other,1.0,Alexander Schlager,2025-2026,Goalkeeper,1.0,Ermedin Demirović,2025-2026,Other,0.9998
Marco John,2021-2022,0,Other,Mariano Díaz,2021-2022,Forward,1.0,Naouirou Ahamada,2021-2022,Other,1.0,Samuel Umtiti,2021-2022,Unknown,1.0,Nico O’Reilly,2025-2026,Unknown,1.0,Lukáš Pauschek,2025-2026,Other,1.0
Dennis Johnsen,2021-2022,0,Other,Ale Mat?j?,2021-2022,Other,1.0,Édgar Méndez,2021-2022,Other,1.0,Manuel Gulde,2021-2022,Other,1.0,Jacob Bruun Larsen,2021-2022,Other,1.0,Jean-Claude Billong,2021-2022,Other,1.0
Ben Johnson,2021-2022,0,Other,Goran Pandev,2021-2022,Unknown,1.0,Franco Russo,2021-2022,Other,1.0,Andreas Luthe,2021-2022,Other,1.0,Esteban Saveljich,2021-2022,Other,1.0,Marco Richter,2021-2022,Other,1.0
Phil Jones,2021-2022,0,Unknown,Giangiacomo Magnani,2021-2022,Other,1.0,Charlie Goode,2021-2022,Other,1.0,Yannik Keitel,2021-2022,Other,1.0,Nianzou Kouassi,2021-2022,Other,1.0,Kevin-Prince Boateng,2021-2022,Unknown,1.0
Frenkie de Jong,2021-2022,0,Unknown,David Alaba,2021-2022,Unknown,1.0,Xherdan Shaqiri,2021-2022,Unknown,1.0,Dan-Axel Zagadou,2021-2022,Unknown,1.0,Jude Bellingham,2021-2022,Unknown,1.0,Mário Rui,2021-2022,Unknown,1.0
Luuk de Jong,2021-2022,0,Unknown,Stefan de Vrij,2021-2022,Unknown,1.0,Denzel Dumfries,2021-2022,Unknown,1.0,Saidou Sow,2021-2022,Other,1.0,Marc Bartra,2021-2022,Unknown,1.0,Eric Dier,2021-2022,Unknown,1.0
Kaio Jorge,2021-2022,0,Other,Leonardo Spinazzola,2021-2022,Unknown,1.0,Robert Ibáñez,2021-2022,Other,1.0,Kingsley Michael,2021-2022,Other,1.0,Troy Deeney,2021-2022,Other,1.0,Sergio Rico,2021-2022,Unknown,1.0
Josan,2021-2022,0,Other,Moanes Dabbur,2021-2022,Other,1.0,Osman Bukari,2021-2022,Other,1.0,Jacopo Sala,2021-2022,Other,1.0,Jaume Doménech,2021-2022,Unknown,1.0,William Troost-Ekong,2021-2022,Other,1.0
Willian José,2021-2022,0,Other,Chris Führich,2021-2022,Other,1.0,Florian Müller,2021-2022,Other,1.0,Andoni Gorosabel,2021-2022,Other,1.0,Yohann Magnin,2021-2022,Other,1.0,Andrea Belotti,2021-2022,Other,1.0
Joselu,2021-2022,0,Other,Laurent Abergel,2021-2022,Other,1.0,Pietro Ceccaroni,2021-2022,Other,1.0,Iker Muniain,2021-2022,Other,1.0,Johan Mojica,2021-2022,Other,1.0,Denis Bouanga,2021-2022,Other,1.0
Josema,2021-2022,0,Other,Moustapha Mbow,2021-2022,Other,1.0,Cheikh Tidiane Sabaly,2021-2022,Other,1.0,Fodé Ballo-Touré,2021-2022,Other,1.0,Felipe Caicedo,2021-2022,Other,1.0,Hugo Novoa,2021-2022,Other,1.0
Lenny Joseph,2021-2022,0,Other,Mikael,2021-2022,Other,1.0,Connor Noß,2021-2022,Other,1.0,Martin Terrier,2025-2026,Unknown,1.0,Kryštof Daněk,2025-2026,Unknown,1.0,Daniel Ginczek,2021-2022,Other,1.0
Stevan Joveti?,2021-2022,0,Other,Jérémy Le Douaron,2021-2022,Other,1.0,Ondrej Duda,2021-2022,Other,1.0,Carlos Gruezo,2021-2022,Unknown,1.0,Romain Perraud,2021-2022,Other,1.0,Keidi Bare,2021-2022,Other,1.0
Luka Jovi?,2021-2022,0,Other,Maximilian Ullmann,2021-2022,Other,1.0,Daniel Brosinski,2021-2022,Other,1.0,Paolo Ghiglione,2021-2022,Other,1.0,Nani,2021-2022,Unknown,1.0,Abdoulaye Bamba,2021-2022,Other,1.0
Miguel Juan Llambrich,2021-2022,0,Other,Farid El Melali,2021-2022,Other,1.0,Lukáš Sadílek,2025-2026,Other,1.0,Unai Ropero,2021-2022,Other,1.0,Paulo Bernardo,2021-2022,Midfielder,1.0,Daan Heymans,2021-2022,Other,1.0
José Juan Macías,2021-2022,0,Other,Sergio Córdova,2021-2022,Other,1.0,Gonzalo Villar,2021-2022,Other,1.0,Andrea Favilli,2021-2022,Other,1.0,Iván Martín,2021-2022,Other,1.0,Silvère Ganvoula M'Boussy,2021-2022,Other,1.0
Juanmi,2021-2022,0,Other,Sèrge Aurier,2021-2022,Unknown,1.0,Andrés Guardado,2021-2022,Unknown,1.0,Matej Kovar,2025-2026,Unknown,1.0,Sebastian Rode,2021-2022,Unknown,1.0,Gabriel Gudmundsson,2021-2022,Unknown,1.0
Gideon Jung,2021-2022,0,Other,Abdou Harroui,2021-2022,Other,1.0,Hugo Novoa,2021-2022,Other,1.0,Maximilian Philipp,2021-2022,Other,1.0,Felipe Caicedo,2021-2022,Other,1.0,Iker Bravo,2021-2022,Other,1.0
Flavio Junior Bianchi,2021-2022,0,Other,Cala,2021-2022,Other,1.0,Mitchell Dijks,2021-2022,Other,1.0,Ricardo Pepi,2021-2022,Other,1.0,Alessandro Berardi,2021-2022,Other,1.0,Fábio Silva,2021-2022,Other,1.0
Hamed Junior Traorè,2021-2022,0,Other,Christian Günter,2021-2022,Other,1.0,Pablo Fornals,2021-2022,Other,1.0,Houboulang Mendes,2021-2022,Other,1.0,Beto,2021-2022,Other,1.0,Jonny Castro,2021-2022,Other,1.0
Lago Junior,2021-2022,0,Other,Adrián Butzke,2021-2022,Other,1.0,Ismaël Doukouré,2021-2022,Other,1.0,Keven Schlotterbeck,2021-2022,Other,1.0,Steffen Tigges,2021-2022,Other,1.0,Matthew Hoppe,2021-2022,Other,1.0
James Justin,2021-2022,0,Other,Vassilis Lambropoulos,2021-2022,Other,1.0,Miguel Almirón,2021-2022,Other,1.0,Alexander Sørloth,2021-2022,Other,1.0,Adri Embarba,2021-2022,Other,1.0,Silvan Hefti,2021-2022,Other,1.0
Jutglà,2021-2022,0,Other,Rayan Cherki,2021-2022,Other,1.0,Tobias Strobl,2021-2022,Other,1.0,Kévin Rodrigues,2021-2022,Other,1.0,Monchu,2021-2022,Other,1.0,Nianzou Kouassi,2021-2022,Other,1.0
Jens Jønsson,2021-2022,0,Other,Raúl Torrente,2021-2022,Other,1.0,Fabian Bredlow,2021-2022,Other,1.0,Nemanja Radoja,2021-2022,Other,1.0,Juan Mata,2021-2022,Unknown,1.0,Giorgio Scalvini,2021-2022,Other,1.0
Mathias Jørgensen,2021-2022,0,Unknown,Wesley Fofana,2021-2022,Unknown,1.0,Ciro Immobile,2021-2022,Unknown,1.0,Leon Goretzka,2021-2022,Unknown,1.0,Dahlin,2021-2022,Goalkeeper,1.0,Bruno Guimarães,2021-2022,Unknown,1.0
Ozan Kabak,2021-2022,0,Unknown,Radosław Majecki,2025-2026,Goalkeeper,1.0,Xaver Schlager,2021-2022,Unknown,1.0,Ethan Ampadu,2021-2022,Unknown,1.0,Alexis Saelemaekers,2021-2022,Unknown,1.0,Domenico Berardi,2021-2022,Other,1.0
Christian Kabasele,2021-2022,0,Other,Aihen Muñoz,2021-2022,Other,1.0,Sébastien Corchia,2021-2022,Other,1.0,Salvi,2021-2022,Other,1.0,Linus Gechter,2021-2022,Other,1.0,Rade Kruni?,2021-2022,Other,1.0
Issa Kaboré,2021-2022,0,Other,Zaydou Youssouf,2021-2022,Other,1.0,Issa Diop,2021-2022,Other,1.0,Genki Haraguchi,2021-2022,Other,1.0,Stuart Armstrong,2021-2022,Other,1.0,Patson Daka,2021-2022,Other,1.0
Anton Kade,2021-2022,0,Other,Enzo Millot,2021-2022,Other,1.0,Samuel Di Carmine,2021-2022,Other,1.0,Dina Ebimbe,2021-2022,Midfielder,1.0,Ognjen Mimović,2025-2026,Unknown,1.0,Ömer Faruk Beyaz,2021-2022,Other,1.0
Pavel Kade?ábek,2021-2022,0,Other,Kiko Casilla,2021-2022,Other,1.0,Pierrick Capelle,2021-2022,Other,1.0,Santiago Gimenez,2025-2026,Unknown,1.0,Tyronne Ebuehi,2021-2022,Other,1.0,Mads Pedersen,2021-2022,Other,1.0
Tino Kadewere,2021-2022,0,Other,Jessy Moulin,2021-2022,Other,1.0,Kike Pérez,2021-2022,Other,1.0,Herbert Bockhorn,2021-2022,Other,1.0,Yerry Mina,2021-2022,Other,1.0,Mathew Ryan,2021-2022,Other,1.0
Florian Kainz,2021-2022,0,Other,Peter Pekarík,2021-2022,Other,1.0,Mason Holgate,2021-2022,Other,1.0,Antonio Puertas,2021-2022,Other,1.0,Fabian Delph,2021-2022,Unknown,1.0,Ibrahima Sissoko,2021-2022,Other,1.0
Gaël Kakuta,2021-2022,0,Other,Álex Berenguer,2021-2022,Other,1.0,Robin Zentner,2021-2022,Other,1.0,Diadie Samassékou,2021-2022,Other,1.0,Samir Santos,2021-2022,Other,1.0,Milot Rashica,2021-2022,Other,1.0
Sasa Kalajdzic,2021-2022,0,Other,Anton Stach,2021-2022,Other,1.0,Luis Rioja,2021-2022,Other,1.0,Demarai Gray,2021-2022,Other,1.0,Christopher Trimmel,2021-2022,Other,1.0,Hugo Duro,2021-2022,Other,1.0
Nikola Kalini?,2021-2022,0,Other,Paul Dummett,2021-2022,Other,1.0,Rúben Vinagre,2021-2022,Defender,1.0,Emmanuel Amankwaa Akurugu,2021-2022,Other,1.0,Théo Le Bris,2021-2022,Other,1.0,Víctor Camarasa,2021-2022,Other,1.0
Yayah Kallon,2021-2022,0,Other,Santiago Arzamendia,2021-2022,Other,1.0,Abdessamad Ezzalzouli,2021-2022,Other,1.0,Pawe? Jaroszy?ski,2021-2022,Other,1.0,Ozan Tufan,2021-2022,Other,1.0,Joan García,2021-2022,Other,1.0
Felix Kalu Nmecha,2021-2022,0,Other,Dion Moise Sahi,2021-2022,Other,1.0,Enzo Crivelli,2021-2022,Other,1.0,Adam Ounas,2021-2022,Other,1.0,Toni Martínez,2021-2022,Forward,1.0,Alessandro Russo,2021-2022,Other,1.0
Samuel Kalu,2021-2022,0,Other,Abdul Majeed Waris,2021-2022,Other,1.0,Dickson Abiama,2021-2022,Other,1.0,Brandon Soppy,2021-2022,Other,1.0,Landry Dimata,2021-2022,Other,1.0,Julien Faussurier,2021-2022,Other,1.0
Pierre Kalulu,2021-2022,0,Unknown,Ousmane Dembélé,2021-2022,Unknown,1.0,Yuri Berchiche,2021-2022,Unknown,1.0,Martin Ødegaard,2021-2022,Unknown,1.0,Matteo Guendouzi,2021-2022,Unknown,1.0,Andriy Lunin,2025-2026,Unknown,1.0
Daichi Kamada,2021-2022,0,Unknown,Oliver Skipp,2021-2022,Unknown,1.0,Mohamed Elyounoussi,2021-2022,Unknown,1.0,Raúl Jiménez,2021-2022,Unknown,1.0,Kristjan Asllani,2021-2022,Unknown,1.0,Lucas Paquetá,2021-2022,Other,1.0
Boubacar Kamara,2021-2022,0,Unknown,Adil Rami,2021-2022,Unknown,1.0,Presnel Kimpembe,2021-2022,Unknown,1.0,Wilfred Ndidi,2021-2022,Unknown,1.0,Florian Wirtz,2021-2022,Unknown,1.0,Federico Dimarco,2021-2022,Unknown,1.0
Hassane Kamara,2021-2022,0,Other,Cristiano Piccini,2021-2022,Other,1.0,Bilal Brahimi,2021-2022,Other,1.0,Fredrik Jensen,2021-2022,Other,1.0,Adama Traoré,2021-2022,Other,1.0,Danilo Barbosa,2021-2022,Other,1.0
Dimitrije Kamenovi?,2021-2022,0,Other,Július Szöke,2025-2026,Unknown,1.0,Amadou Traore,2021-2022,Other,1.0,Giuliano Simeone,2021-2022,Unknown,1.0,Alvaro Sanz,2021-2022,Other,1.0,Ben Godfrey,2025-2026,Other,1.0
Kevin Kampl,2021-2022,0,Unknown,Victor Osimhen,2021-2022,Unknown,1.0,Nicolò Barella,2021-2022,Unknown,1.0,Jerdy Schouten,2021-2022,Unknown,1.0,David Silva,2021-2022,Unknown,1.0,Maximilian Arnold,2021-2022,Unknown,1.0
Jean-Armel Kana-Biyik,2021-2022,0,Other,Álvaro González,2021-2022,Other,1.0,Ainsley Maitland-Niles,2021-2022,Other,1.0,Antonio Vacca,2021-2022,Other,1.0,Caoimhín Kelleher,2021-2022,Other,1.0,Carney Chukwuemeka,2021-2022,Unknown,1.0
Nordine Kandil,2021-2022,0,Other,Jonathan Silva,2021-2022,Other,1.0,Marcelo,2021-2022,Unknown,1.0,Emil Ceide,2021-2022,Other,1.0,Kudus,2021-2022,Midfielder,1.0,Mouhamadou Diarra,2021-2022,Other,1.0
Harry Kane,2021-2022,0,Unknown,David Raum,2021-2022,Unknown,1.0,Mikel Merino,2021-2022,Unknown,1.0,João Moutinho,2021-2022,Unknown,1.0,Joaquín Correa,2021-2022,Unknown,1.0,Brais Méndez,2021-2022,Unknown,1.0
Lee Kangin,2021-2022,0,Other,Ryan Fraser,2021-2022,Other,1.0,Martin Agirregabiria,2021-2022,Other,1.0,M'Bala Nzola,2021-2022,Other,1.0,Alex McCarthy,2021-2022,Other,1.0,Boubakary Soumaré,2021-2022,Other,1.0
Stefanos Kapino,2021-2022,0,Other,Dominik Greif,2021-2022,Other,1.0,Dango Ouattara,2021-2022,Other,1.0,Matteo Ruggeri,2021-2022,Other,1.0,Philipp Pentke,2021-2022,Other,1.0,Tiemoué Bakayoko,2021-2022,Unknown,1.0
Atakan Karazor,2021-2022,0,Other,Marco Silvestri,2021-2022,Other,1.0,Anthony Martial,2021-2022,Unknown,1.0,Ishak Belfodil,2021-2022,Other,1.0,Max Christiansen,2021-2022,Other,1.0,Kevin Akpoguma,2021-2022,Other,1.0
Rick Karsdorp,2021-2022,0,Unknown,Mitchel Bakker,2021-2022,Unknown,1.0,Danilo Cataldi,2021-2022,Unknown,1.0,Shkodran Mustafi,2021-2022,Unknown,1.0,Pascal Groß,2021-2022,Unknown,1.0,Steven Bergwijn,2021-2022,Unknown,1.0
Denso Kasius,2021-2022,0,Other,Koba Koindredi,2021-2022,Other,1.0,Luka Ivanusec,2025-2026,Unknown,1.0,Ismaëlben Boura,2021-2022,Other,1.0,Francesco Magnanelli,2021-2022,Other,1.0,Philipp Tschauner,2021-2022,Other,1.0
Grigoris Kastanos,2021-2022,0,Other,William Troost-Ekong,2021-2022,Other,1.0,Ajdin Hrustic,2021-2022,Other,1.0,Albin Ekdal,2021-2022,Other,1.0,Ximo Navarro,2021-2022,Other,1.0,Patrick Cutrone,2021-2022,Other,1.0
Silas Katompa,2021-2022,0,Other,Mark Noble,2021-2022,Other,1.0,Vitolo,2021-2022,Unknown,1.0,Lenny Lacroix,2021-2022,Other,1.0,Eric Bailly,2021-2022,Unknown,1.0,Robert Skov,2021-2022,Other,1.0
Eiji Kawashima,2021-2022,0,Other,Cédric Bakambu,2021-2022,Other,1.0,Jonathan Schmid,2021-2022,Other,1.0,Edon Zhegrova,2021-2022,Other,1.0,Ambroise Oyongo,2021-2022,Other,1.0,Romain Salin,2021-2022,Other,1.0
Edo Kayembe,2021-2022,0,Other,Kevin Bonifazi,2021-2022,Other,1.0,Yvan Neyou,2021-2022,Other,1.0,Matt Miazga,2021-2022,Other,1.0,Kévin N'Doram,2021-2022,Other,1.0,Nico Williams,2021-2022,Other,1.0
Moise Kean,2021-2022,0,Unknown,Lluís Recasens,2021-2022,Other,1.0,Stefan Hierländer,2025-2026,Other,1.0,Nikita Iosifov,2021-2022,Other,1.0,Jeremiah St. Juste,2025-2026,Other,1.0,Lys Mousset,2021-2022,Other,1.0
Michael Keane,2021-2022,0,Other,Piotr Zieli?ski,2021-2022,Other,1.0,Robert Andrich,2021-2022,Other,1.0,Saïd Benrahma,2021-2022,Other,1.0,Ethan Pinnock,2021-2022,Other,1.0,Daniel Vivian,2021-2022,Other,1.0
Ilan Kebbal,2021-2022,0,Other,Jamie Leweling,2021-2022,Other,1.0,Quini,2021-2022,Other,1.0,Andrea Carboni,2021-2022,Other,1.0,Óscar Gil,2021-2022,Other,1.0,Marco Richter,2021-2022,Other,1.0
Wajdi Kechrida,2021-2022,0,Other,Frederik Rønnow,2021-2022,Other,1.0,Patrick Bamford,2021-2022,Other,1.0,Cristian Molinaro,2021-2022,Other,1.0,Andrés Andrade Cedeño,2021-2022,Other,1.0,Kike Barja,2021-2022,Other,1.0
Thilo Kehrer,2021-2022,0,Unknown,Raheem Sterling,2021-2022,Unknown,1.0,Martin Terrier,2021-2022,Unknown,1.0,Ricardo Pereira,2021-2022,Unknown,1.0,Hakim Ziyech,2021-2022,Unknown,1.0,Marco Reus,2021-2022,Unknown,1.0
Yannik Keitel,2021-2022,0,Other,Charlie Goode,2021-2022,Other,1.0,Phil Jones,2021-2022,Unknown,1.0,Kevin-Prince Boateng,2021-2022,Unknown,1.0,Giangiacomo Magnani,2021-2022,Other,1.0,Jakub Pešek,2025-2026,Forward,1.0
Caoimhín Kelleher,2021-2022,0,Other,Álvaro González,2021-2022,Other,1.0,Arthur Melo,2021-2022,Other,1.0,Jesus Vazquez,2021-2022,Other,1.0,Jurgen Ekkelenkamp,2021-2022,Other,1.0,Nikola Mara,2021-2022,Other,1.0
Marc-Oliver Kempf,2021-2022,0,Other,Mattia Viti,2021-2022,Other,1.0,Danilo D'Ambrosio,2021-2022,Other,1.0,Samuel Moutoussamy,2021-2022,Other,1.0,Javier Manquillo,2021-2022,Other,1.0,Maximilian Bauer,2021-2022,Other,1.0
Kenedy,2021-2022,0,Unknown,Ngal'ayel Mukau,2025-2026,Unknown,1.0,Richards,2021-2022,Defender,1.0,Nicolas Seiwald,2025-2026,Unknown,0.9999,Randal Kolo Muani,2025-2026,Unknown,0.9998,Diogo Jota,2025-2026,Unknown,0.9998
Jonjoe Kenny,2021-2022,0,Other,Jens Stryger Larsen,2021-2022,Other,1.0,Christopher Antwi-Adjei,2021-2022,Other,1.0,Wladimiro Falcone,2021-2022,Other,1.0,Eldor Shomurodov,2021-2022,Other,1.0,Etrit Berisha,2021-2022,Other,1.0
Dimitrios Keramitsis,2021-2022,0,Other,Immanuel Pherai,2021-2022,Other,1.0,Romario Rösch,2021-2022,Other,1.0,Daniel Chesters,2021-2022,Other,1.0,Robert Tesche,2021-2022,Other,1.0,Marin Jakoli,2021-2022,Other,1.0
Saîf-Eddine Khaoui,2021-2022,0,Other,Lebo Mothiba,2021-2022,Other,1.0,Toma Bai?,2021-2022,Other,1.0,Marcel Lotka,2021-2022,Other,1.0,Guido Carrillo,2021-2022,Other,1.0,Kieran Dowell,2021-2022,Other,1.0
Wahbi Khazri,2021-2022,0,Other,Salva Sevilla,2021-2022,Other,1.0,Lilian Brassier,2021-2022,Other,1.0,Aleix Vidal,2021-2022,Other,1.0,Jorge de Frutos,2021-2022,Other,1.0,Max Aarons,2021-2022,Other,1.0
Rani Khedira,2021-2022,0,Other,Youssouf Fofana,2021-2022,Other,1.0,Oliver Baumann,2021-2022,Other,1.0,Nathan Collins,2021-2022,Other,1.0,Pietro Terracciano,2021-2022,Other,1.0,Rubén García,2021-2022,Other,1.0
Kike,2021-2022,0,Other,Lorenzo Montipò,2021-2022,Other,1.0,Luís Maximiano,2021-2022,Other,1.0,Milan ?uri?,2021-2022,Other,1.0,Emil Audero,2021-2022,Other,1.0,Lucas Douath,2021-2022,Other,1.0
Max Kilman,2021-2022,0,Other,Gerard Deulofeu,2021-2022,Other,1.0,Pontus Jansson,2021-2022,Other,1.0,Iyenoma Udogie,2021-2022,Other,1.0,Gaëtan Laborde,2021-2022,Other,1.0,Aritz Elustondo,2021-2022,Other,1.0
Joshua Kimmich,2021-2022,0,Unknown,Exequiel Palacios,2021-2022,Unknown,1.0,Raphaël Guerreiro,2021-2022,Unknown,1.0,Marcel Halstenberg,2021-2022,Unknown,1.0,Kevin De Bruyne,2021-2022,Unknown,1.0,Danilo Pereira,2021-2022,Unknown,1.0
Presnel Kimpembe,2021-2022,0,Unknown,Wilfred Ndidi,2021-2022,Unknown,1.0,Adil Rami,2021-2022,Unknown,1.0,Boubacar Kamara,2021-2022,Unknown,1.0,Federico Dimarco,2021-2022,Unknown,1.0,Florian Wirtz,2021-2022,Unknown,1.0
Joshua King,2021-2022,0,Other,Rober,2021-2022,Other,1.0,Jordan Ayew,2021-2022,Other,1.0,Matt Targett,2021-2022,Other,1.0,Anthony Gordon,2021-2022,Other,1.0,João Virginia,2021-2022,Goalkeeper,1.0
Jakub Kiwior,2021-2022,0,Unknown,José María Giménez,2021-2022,Unknown,1.0,Gary Medel,2021-2022,Unknown,1.0,Luke Shaw,2021-2022,Unknown,1.0,Antoine Griezmann,2021-2022,Unknown,1.0,Raúl Albiol,2021-2022,Unknown,1.0
Sofian Kiyine,2021-2022,0,Other,Sada Thioub,2021-2022,Other,1.0,Carney Chukwuemeka,2021-2022,Unknown,1.0,Ivor Pandur,2021-2022,Other,1.0,Andrea Petagna,2021-2022,Other,1.0,Antonio Vacca,2021-2022,Other,1.0
Simon Kjær,2021-2022,0,Other,Didier Lamkel Zé,2021-2022,Other,1.0,Jay Rodriguez,2021-2022,Other,1.0,Leonardo Pavoletti,2021-2022,Other,1.0,Mattia Bani,2021-2022,Other,1.0,Krzysztof Pi?tek,2021-2022,Other,1.0
Kristoffer Klaesson,2021-2022,0,Other,Lee Dongjun,2021-2022,Other,1.0,Nils Seufert,2021-2022,Other,1.0,Pizzi,2021-2022,Unknown,1.0,Dane Scarlett,2021-2022,Other,1.0,Julian Chabot,2021-2022,Other,1.0
Philipp Klement,2021-2022,0,Other,Luca Zidane,2021-2022,Other,1.0,Sergio Asenjo,2021-2022,Other,1.0,Filippo Melegoni,2021-2022,Other,1.0,Andreas Voglsammer,2021-2022,Other,1.0,Davie Selke,2021-2022,Other,1.0
Mateusz Klich,2021-2022,0,Other,Yunus Musah,2021-2022,Unknown,1.0,José Luis Gayà,2021-2022,Other,1.0,Javi Puado,2021-2022,Other,1.0,Thomas Delaine,2021-2022,Other,1.0,Max Aarons,2021-2022,Other,1.0
Thibault Klidje,2021-2022,0,Other,Xavi Simons,2021-2022,Unknown,1.0,Wesley,2021-2022,Forward,1.0,Valerio Verre,2021-2022,Other,1.0,Mathieu Cafaro,2021-2022,Other,1.0,Valentin Mihaila,2021-2022,Other,1.0
Mateo Klimowicz,2021-2022,0,Other,Willy Caballero,2021-2022,Other,1.0,Pubill,2021-2022,Other,1.0,Marvin Zeegelaar,2021-2022,Other,1.0,Dickson Abiama,2021-2022,Other,1.0,Abdul Majeed Waris,2021-2022,Other,1.0
Fabian Klos,2021-2022,0,Other,Erhan Maovi?,2021-2022,Other,1.0,Eddie Nketiah,2021-2022,Other,1.0,Loïc Bade,2021-2022,Other,1.0,Aridane Hernández,2021-2022,Other,1.0,Matt Ritchie,2021-2022,Other,1.0
Lukas Klostermann,2021-2022,0,Unknown,Fabian Schär,2021-2022,Unknown,1.0,Marius Wolf,2021-2022,Unknown,1.0,Fabián Ruiz Peña,2021-2022,Other,1.0,Lucas Paquetá,2021-2022,Other,1.0,Kristjan Asllani,2021-2022,Unknown,1.0
Justin Kluivert,2021-2022,0,Other,David Pereira da Costa,2021-2022,Other,1.0,Timothy Tillman,2021-2022,Other,1.0,James McArthur,2021-2022,Other,1.0,Jean-Paul Boëtius,2021-2022,Other,1.0,Mattia Destro,2021-2022,Other,1.0
Lukas Klünter,2021-2022,0,Other,Moussa Doumbia,2021-2022,Other,1.0,Luca Vignali,2021-2022,Other,1.0,Bartosz Bialek,2021-2022,Other,1.0,Matteo Cancellieri,2021-2022,Other,1.0,Amine Bassi,2021-2022,Other,1.0
Ansgar Knauff,2021-2022,0,Unknown,Miguel Veloso,2021-2022,Unknown,1.0,Lucas Moura,2021-2022,Unknown,1.0,Alexander Meyer,2025-2026,Unknown,1.0,Seko Fofana,2021-2022,Other,1.0,Adrien Thomasson,2021-2022,Other,1.0
Robin Knoche,2021-2022,0,Unknown,Jérôme Boateng,2021-2022,Unknown,1.0,Moussa Sissoko,2021-2022,Unknown,1.0,Jesús Corona,2021-2022,Unknown,1.0,Teemu Pukki,2021-2022,Unknown,1.0,Von Ballmoos,2021-2022,Goalkeeper,1.0
Gregor Kobel,2021-2022,0,Unknown,Jean Onana,2021-2022,Other,1.0,Valentin Rongier,2021-2022,Other,1.0,Lovro Majer,2021-2022,Other,1.0,Harry Winks,2021-2022,Unknown,1.0,Julian Ryerson,2021-2022,Unknown,1.0
Robin Koch,2021-2022,0,Other,Salomón Rondón,2021-2022,Unknown,1.0,Riccardo Saponara,2021-2022,Other,1.0,Mohamed Ali Cho,2021-2022,Other,1.0,Lorenzo Venuti,2021-2022,Other,1.0,Cárdenas,2021-2022,Other,1.0
Samuel Koeberlé,2021-2022,0,Other,Edoardo Goldaniga,2021-2022,Other,1.0,Salim Ben Seghir,2021-2022,Other,1.0,Filippo Distefano,2021-2022,Other,1.0,Hugo Sotelo,2021-2022,Other,1.0,Tiago Ribeiro,2021-2022,Other,1.0
Philippe Koffi,2021-2022,0,Other,Yusuf Yazýcý,2021-2022,Other,1.0,Kristoffer Askildsen,2021-2022,Other,1.0,Mario Hernández,2021-2022,Other,1.0,Eddie Salcedo,2021-2022,Other,1.0,Aimen Moueffek,2021-2022,Other,1.0
Dominik Kohr,2021-2022,0,Other,Marko Pjaca,2021-2022,Other,1.0,Jean-Philippe Mateta,2021-2022,Other,1.0,Vanja Milinkovi?-Savi?,2021-2022,Other,1.0,Yvann Macon,2021-2022,Other,1.0,Adam Armstrong,2021-2022,Other,1.0
Koba Koindredi,2021-2022,0,Other,Denso Kasius,2021-2022,Other,1.0,Ismaëlben Boura,2021-2022,Other,1.0,Luka Ivanusec,2025-2026,Unknown,1.0,Iker Benito,2021-2022,Other,1.0,Fran Mérida,2021-2022,Other,1.0
Aleksandr Kokorin,2021-2022,0,Unknown,Jarell Quansah,2025-2026,Unknown,1.0,Nelson Sissoko,2021-2022,Other,1.0,Mengi,2021-2022,Defender,1.0,Myles Lewis-Skelly,2025-2026,Unknown,1.0,Rafiki Said Ahamada,2021-2022,Other,1.0
Aleksandar Kolarov,2021-2022,0,Unknown,Pau Victor,2025-2026,Unknown,1.0,Jorginho,2025-2026,Unknown,1.0,Simone Trimboli,2021-2022,Other,1.0,Ricard Puig,2021-2022,Midfielder,0.9999,Malik Tillman,2021-2022,Unknown,0.9999
Sead Kolainac,2021-2022,0,Other,Deiver Machado,2021-2022,Other,1.0,Jeremy Doku,2021-2022,Other,1.0,Daley Sinkgraven,2021-2022,Other,1.0,Papa Ndiaga Yade,2021-2022,Other,1.0,Iván Marcone,2021-2022,Other,1.0
Randal Kolo Muani,2021-2022,0,Unknown,Alessandro Florenzi,2021-2022,Unknown,1.0,Álvaro Morata,2021-2022,Unknown,1.0,Federico Fazio,2021-2022,Unknown,1.0,Léo Dubois,2021-2022,Unknown,1.0,Yannick Carrasco,2021-2022,Unknown,1.0
Timothée Kolodziejczak,2021-2022,0,Other,Steve Mandanda,2021-2022,Unknown,1.0,David Raya,2021-2022,Unknown,1.0,Lewis Dunk,2021-2022,Other,1.0,Emerson Palmieri,2021-2022,Other,1.0,Jérémy Morel,2021-2022,Unknown,1.0
Ghislain Konan,2021-2022,0,Other,Marwin Hitz,2021-2022,Unknown,1.0,Khéphren Thuram-Ulie,2021-2022,Other,1.0,Enock Kwateng,2021-2022,Other,1.0,Andre-Frank Zambo Anguissa,2021-2022,Other,1.0,Simone Bastoni,2021-2022,Other,1.0
Geoffrey Kondogbia,2021-2022,0,Unknown,Harry Maguire,2021-2022,Unknown,1.0,Emerson,2021-2022,Unknown,1.0,Thomas Lemar,2021-2022,Unknown,1.0,Davide Frattesi,2021-2022,Unknown,1.0,Iñigo Martínez,2021-2022,Unknown,1.0
Ibrahima Koné,2021-2022,0,Other,Vid Belec,2021-2022,Other,1.0,Tariq Lamptey,2021-2022,Other,1.0,Manu Morlanes,2021-2022,Other,1.0,Ezequiel Ávila,2021-2022,Other,1.0,Nathanael Mbuku,2021-2022,Other,1.0
Kouadio Koné,2021-2022,0,Other,Max Kilman,2021-2022,Other,1.0,Sven Ulreich,2021-2022,Unknown,1.0,Gerard Deulofeu,2021-2022,Other,1.0,Pontus Jansson,2021-2022,Other,1.0,Iyenoma Udogie,2021-2022,Other,1.0
Youssouf Koné,2021-2022,0,Other,Florentino Luís,2021-2022,Other,1.0,Gonzalo Verdú,2021-2022,Other,1.0,Óscar Melendo,2021-2022,Other,1.0,Ferran Torres,2021-2022,Unknown,1.0,Banzouzi Locko,2021-2022,Other,1.0
Ezri Konsa,2021-2022,0,Unknown,Nahuel Molina,2021-2022,Unknown,1.0,Nélson Semedo,2021-2022,Unknown,1.0,Mattia De Sciglio,2021-2022,Unknown,1.0,Laurent Koscielny,2021-2022,Unknown,1.0,Wilfried Singo,2021-2022,Unknown,1.0
Teun Koopmeiners,2021-2022,0,Unknown,Nicolás González,2021-2022,Unknown,1.0,Felipe Anderson,2021-2022,Unknown,1.0,Kevin Kampl,2021-2022,Unknown,1.0,Victor Osimhen,2021-2022,Unknown,1.0,Nicolò Barella,2021-2022,Unknown,1.0
Laurent Koscielny,2021-2022,0,Unknown,Mattia De Sciglio,2021-2022,Unknown,1.0,Nélson Semedo,2021-2022,Unknown,1.0,Nahuel Molina,2021-2022,Unknown,1.0,Ezri Konsa,2021-2022,Unknown,1.0,Franco Cervi,2021-2022,Unknown,1.0
Odilon Kossonou,2021-2022,0,Other,Cheikhou Kouyaté,2021-2022,Other,1.0,Jimmy Giraudon,2021-2022,Other,1.0,Sergio Herrera,2021-2022,Other,1.0,Louis Beyer,2021-2022,Other,1.0,Andrew Gravillon,2021-2022,Other,1.0
Filip Kosti?,2021-2022,0,Other,Lukas Kübler,2021-2022,Other,1.0,Jonathan Burkardt,2021-2022,Other,1.0,Petar Stojanovi?,2021-2022,Other,1.0,José Luis Palomino,2021-2022,Other,1.0,José Luis Morales,2021-2022,Other,1.0
Rominigue Kouamé,2021-2022,0,Other,Guido Rodríguez,2021-2022,Other,1.0,M. Kerzhakov,2021-2022,Goalkeeper,1.0,André Gomes,2021-2022,Unknown,1.0,Mauro Icardi,2021-2022,Unknown,1.0,Edmond Tapsoba,2021-2022,Other,1.0
Nianzou Kouassi,2021-2022,0,Other,Giangiacomo Magnani,2021-2022,Other,1.0,Phil Jones,2021-2022,Unknown,1.0,Kévin Rodrigues,2021-2022,Other,1.0,Charlie Goode,2021-2022,Other,1.0,Yannik Keitel,2021-2022,Other,1.0
Kalidou Koulibaly,2021-2022,0,Unknown,Jerry St. Juste,2021-2022,Unknown,1.0,Riyad Mahrez,2021-2022,Unknown,1.0,Jonny Evans,2021-2022,Unknown,1.0,Leroy Sané,2021-2022,Unknown,1.0,John Stones,2021-2022,Unknown,1.0
Christos Kourfalidis,2021-2022,0,Other,Jakub Kiwior,2025-2026,Unknown,1.0,Nino Marcelli,2025-2026,Unknown,1.0,Róbert Mak,2025-2026,Forward,1.0,Meite,2021-2022,Midfielder,0.9999,Kyle Walker,2025-2026,Unknown,0.9999
Boubakar Kouyaté,2021-2022,0,Other,Vincent Le Goff,2021-2022,Other,1.0,Julien Laporte,2021-2022,Other,1.0,Hugo Ekitike,2021-2022,Other,1.0,David García,2021-2022,Other,1.0,Léo Pétrot,2021-2022,Other,1.0
Cheikhou Kouyaté,2021-2022,0,Other,Odilon Kossonou,2021-2022,Other,1.0,Jimmy Giraudon,2021-2022,Other,1.0,Sergio Herrera,2021-2022,Other,1.0,Louis Beyer,2021-2022,Other,1.0,Andrew Gravillon,2021-2022,Other,1.0
Mateo Kova?i?,2021-2022,0,Other,Emile Smith Rowe,2021-2022,Other,1.0,Thiago Mendes,2021-2022,Other,1.0,Djibril Sidibé,2021-2022,Unknown,1.0,Ashley Young,2021-2022,Unknown,1.0,João Pedro,2021-2022,Other,1.0
Viktor Kovalenko,2021-2022,0,Other,Álvaro Fernández,2021-2022,Other,1.0,Sekou Mara,2021-2022,Other,1.0,Portu,2021-2022,Other,1.0,Håvard Nielsen,2021-2022,Other,1.0,Andreas Linde,2021-2022,Other,1.0
Emil Krafth,2021-2022,0,Other,Rey Manaj,2021-2022,Other,1.0,Jim Allevinah,2021-2022,Other,1.0,Mathias Normann,2021-2022,Other,1.0,Marvin Plattenhardt,2021-2022,Other,1.0,Keidi Bare,2021-2022,Other,1.0
Alex Král,2021-2022,0,Other,Yusuf Demir,2021-2022,Other,1.0,Wisdom Amey,2021-2022,Other,1.0,Indrit Tuci,2025-2026,Unknown,1.0,Rubén,2021-2022,Other,1.0,Raúl Parra,2021-2022,Other,1.0
Andrej Kramari?,2021-2022,0,Other,M. Kerzhakov,2021-2022,Goalkeeper,1.0,Guido Rodríguez,2021-2022,Other,1.0,Luke Ayling,2021-2022,Other,1.0,Rominigue Kouamé,2021-2022,Other,1.0,Çaðlar Söyüncü,2021-2022,Other,1.0
Christoph Kramer,2021-2022,0,Unknown,Luka Modri?,2021-2022,Other,1.0,Walter Benítez,2021-2022,Unknown,1.0,Ellyes Skhiri,2021-2022,Other,1.0,Guaita,2021-2022,Unknown,1.0,Manuel Lanzini,2021-2022,Other,1.0
Jean-Philippe Krasso,2021-2022,0,Other,Roli Pereira de Sa,2021-2022,Other,1.0,Sam Lammers,2021-2022,Other,1.0,Sambou Soumano,2021-2022,Other,1.0,Pavao Pervan,2021-2022,Other,1.0,Emanuel Vignato,2021-2022,Other,1.0
Toni Kroos,2021-2022,0,Unknown,Jonas Hofmann,2021-2022,Unknown,1.0,Castello Lukeba,2021-2022,Unknown,1.0,Kevin De Bruyne,2021-2022,Unknown,1.0,Marcel Halstenberg,2021-2022,Unknown,1.0,Thomas Meunier,2021-2022,Unknown,1.0
Florian Krüger,2021-2022,0,Other,Renato Tapia,2021-2022,Other,1.0,Morten Frendrup,2021-2022,Other,1.0,Andriy Yarmolenko,2021-2022,Unknown,1.0,Jens Petter Hauge,2021-2022,Other,1.0,Kieran Dowell,2021-2022,Other,1.0
Tim Krul,2021-2022,0,Other,Elvis Rexhbeçaj,2021-2022,Other,1.0,Luca Ranieri,2021-2022,Other,1.0,Domen ?rnigoj,2021-2022,Other,1.0,Nicolò Rovella,2021-2022,Other,1.0,Omar Alderete,2021-2022,Other,1.0
Rade Kruni?,2021-2022,0,Other,Javier Pastore,2021-2022,Unknown,1.0,Sascha Burchert,2021-2022,Other,1.0,Christian Kabasele,2021-2022,Other,1.0,Luigi Sepe,2021-2022,Other,1.0,Aihen Muñoz,2021-2022,Other,1.0
Max Kruse,2021-2022,0,Unknown,Juan Foyth,2021-2022,Unknown,1.0,Mats Hummels,2021-2022,Unknown,1.0,Manuel Akanji,2021-2022,Unknown,1.0,Jens Cajuste,2021-2022,Unknown,1.0,Thomas Müller,2021-2022,Unknown,1.0
Lukas Kübler,2021-2022,0,Other,Filip Kosti?,2021-2022,Other,1.0,Jonathan Burkardt,2021-2022,Other,1.0,Petar Stojanovi?,2021-2022,Other,1.0,José Luis Palomino,2021-2022,Other,1.0,José Luis Morales,2021-2022,Other,1.0
Takefusa Kubo,2021-2022,0,Unknown,Pepe Reina,2021-2022,Unknown,1.0,Aaron Cresswell,2021-2022,Other,1.0,Anthony Losilla,2021-2022,Other,1.0,Salis Abdul Samed,2021-2022,Other,1.0,Rodrigo Becão,2021-2022,Other,1.0
Juraj Kucka,2021-2022,0,Other,Giulian Biancone,2021-2022,Other,1.0,Luke Thomas,2021-2022,Other,1.0,Rubén Alcaraz,2021-2022,Other,1.0,Ben Mee,2021-2022,Other,1.0,Carles Aleñá,2021-2022,Other,1.0
Marash Kumbulla,2021-2022,0,Other,Youssef Maleh,2021-2022,Other,1.0,David López,2021-2022,Other,1.0,Jack Stephens,2021-2022,Other,1.0,Jóhann Berg Gu?mundsson,2021-2022,Other,1.0,Uro Ra?i?,2021-2022,Other,1.0
Fabian Kunze,2021-2022,0,Other,Leonardo Mancuso,2021-2022,Other,1.0,Samuel Loric,2021-2022,Other,1.0,Toti Gomes,2021-2022,Other,1.0,Lamine Gueye,2021-2022,Other,1.0,Njego Petrovi?,2021-2022,Other,1.0
Enock Kwateng,2021-2022,0,Other,Khéphren Thuram-Ulie,2021-2022,Other,1.0,Andre-Frank Zambo Anguissa,2021-2022,Other,1.0,Simone Bastoni,2021-2022,Other,1.0,Ghislain Konan,2021-2022,Other,1.0,Marwin Hitz,2021-2022,Unknown,1.0
Grejohn Kyei,2021-2022,0,Other,Alessandro Zanoli,2021-2022,Other,1.0,Nanasi,2021-2022,Midfielder,1.0,Josh Dasilva,2021-2022,Other,1.0,Thomas Fontaine,2021-2022,Other,1.0,Raúl Moro,2021-2022,Other,1.0
Giorgos Kyriakopoulos,2021-2022,0,Other,Lucas Martínez Quarta,2021-2022,Other,1.0,Kenny McLean,2021-2022,Other,1.0,Jorge Cuenca,2021-2022,Other,1.0,Mattias Svanberg,2021-2022,Other,1.0,José Campaña,2021-2022,Other,1.0
Andrea La Mantia,2021-2022,0,Other,Frederik Winther,2021-2022,Other,1.0,Zack Steffen,2021-2022,Other,1.0,Lucas Olaza,2021-2022,Other,1.0,Sargis Adamyan,2021-2022,Other,1.0,Danny Blum,2021-2022,Other,1.0
Gaëtan Laborde,2021-2022,0,Other,Iyenoma Udogie,2021-2022,Other,1.0,Pontus Jansson,2021-2022,Other,1.0,Aritz Elustondo,2021-2022,Other,1.0,Gerard Deulofeu,2021-2022,Other,1.0,Max Kilman,2021-2022,Other,1.0
Alexandre Lacazette,2021-2022,0,Unknown,Pape Matar Sarr,2021-2022,Unknown,1.0,Allan,2021-2022,Unknown,1.0,Emil Forsberg,2021-2022,Unknown,1.0,Mamadou Sakho,2021-2022,Unknown,1.0,Julian Draxler,2021-2022,Unknown,1.0
Tom Lacoux,2021-2022,0,Other,Gerson Rodrigues,2021-2022,Other,1.0,Marcin Bu?ka,2021-2022,Other,1.0,Luca Lezzerini,2021-2022,Other,1.0,Francesco Bardi,2021-2022,Other,1.0,Eberechi Eze,2021-2022,Other,1.0
Lenny Lacroix,2021-2022,0,Other,Mark Noble,2021-2022,Other,1.0,Eric Bailly,2021-2022,Unknown,1.0,Silas Katompa,2021-2022,Other,1.0,Vitolo,2021-2022,Unknown,1.0,Léo Leroy,2021-2022,Other,1.0
Alban Lafont,2021-2022,0,Other,Manuel Riemann,2021-2022,Other,1.0,Germán Sánchez,2021-2022,Other,1.0,Nicolas de Préville,2021-2022,Other,1.0,Mama Samba Baldé,2021-2022,Other,1.0,Birger Meling,2021-2022,Other,1.0
Víctor Laguardia,2021-2022,0,Other,Gianluca Mancini,2021-2022,Other,1.0,Lucas Höler,2021-2022,Other,1.0,Jean-Charles Castelletto,2021-2022,Other,1.0,Elba Rashani,2021-2022,Other,1.0,Yves Bissouma,2021-2022,Other,1.0
Konrad Laimer,2021-2022,0,Unknown,Elliott,2021-2022,Midfielder,1.0,Maignan,2021-2022,Goalkeeper,1.0,Lionel Messi,2021-2022,Unknown,0.9999,Alisson Becker,2025-2026,Unknown,0.9999,Omri Glazer,2025-2026,Unknown,0.9999
Stefan Lainer,2021-2022,0,Unknown,Christian Nørgaard,2021-2022,Other,1.0,Gabriel Dos Santos,2021-2022,Other,1.0,Andrea Ranocchia,2021-2022,Unknown,1.0,Raúl García,2021-2022,Unknown,1.0,Joko Gvardiol,2021-2022,Other,1.0
Diego Lainez,2021-2022,0,Other,William Smallbone,2021-2022,Other,1.0,Oleksiy Shevchenko,2021-2022,Goalkeeper,1.0,Jesuran Rak Sakyi,2021-2022,Other,1.0,Daniele Baselli,2021-2022,Other,1.0,Bruno Costa,2021-2022,Unknown,1.0
Adam Lallana,2021-2022,0,Unknown,Weston McKennie,2021-2022,Unknown,1.0,Donyell Malen,2021-2022,Unknown,1.0,Merih Demiral,2021-2022,Unknown,1.0,Raúl Jiménez,2021-2022,Unknown,1.0,Mohamed Elyounoussi,2021-2022,Unknown,1.0
Vassilis Lambropoulos,2021-2022,0,Other,James Justin,2021-2022,Other,1.0,Silvan Hefti,2021-2022,Other,1.0,Matvei Safonov,2025-2026,Goalkeeper,1.0,Miguel Almirón,2021-2022,Other,1.0,Alexander Sørloth,2021-2022,Other,1.0
Erik Lamela,2021-2022,0,Unknown,Jason Denayer,2021-2022,Unknown,1.0,Marco Verratti,2021-2022,Unknown,1.0,Nathan Aké,2021-2022,Unknown,0.9998,Jesse Lingard,2021-2022,Unknown,0.9994,Marco Carnesecchi,2025-2026,Unknown,0.9992
Didier Lamkel Zé,2021-2022,0,Other,Jay Rodriguez,2021-2022,Other,1.0,Leonardo Pavoletti,2021-2022,Other,1.0,Simon Kjær,2021-2022,Other,1.0,Mattia Bani,2021-2022,Other,1.0,Krzysztof Pi?tek,2021-2022,Other,1.0
Sam Lammers,2021-2022,0,Other,Roli Pereira de Sa,2021-2022,Other,1.0,Sambou Soumano,2021-2022,Other,1.0,Pavao Pervan,2021-2022,Other,1.0,Jean-Philippe Krasso,2021-2022,Other,1.0,Emanuel Vignato,2021-2022,Other,1.0
Tariq Lamptey,2021-2022,0,Other,Ibrahima Koné,2021-2022,Other,1.0,Vid Belec,2021-2022,Other,1.0,Ezequiel Ávila,2021-2022,Other,1.0,Oualid El Hajjam,2021-2022,Other,1.0,Manu Morlanes,2021-2022,Other,1.0
Manuel Lanzini,2021-2022,0,Other,Wout Faes,2021-2022,Other,1.0,Kasper Schmeichel,2021-2022,Unknown,1.0,Ellyes Skhiri,2021-2022,Other,1.0,Sergi Darder,2021-2022,Other,1.0,Christoph Kramer,2021-2022,Unknown,1.0
Aymeric Laporte,2021-2022,0,Unknown,Aurélien Tchouaméni,2021-2022,Unknown,1.0,Gabriel Jesus,2021-2022,Unknown,1.0,Tuta,2021-2022,Unknown,1.0,Rafinha,2021-2022,Unknown,1.0,Son Heung-Min,2021-2022,Unknown,1.0
Julien Laporte,2021-2022,0,Other,Hugo Ekitike,2021-2022,Other,1.0,Vincent Le Goff,2021-2022,Other,1.0,David García,2021-2022,Other,1.0,Léo Pétrot,2021-2022,Other,1.0,Fran Beltrán,2021-2022,Other,1.0
Yasser Larouci,2021-2022,0,Other,Marko Rog,2021-2022,Other,1.0,Grejohn Kyei,2021-2022,Other,1.0,Alessandro Zanoli,2021-2022,Other,1.0,Nanasi,2021-2022,Midfielder,1.0,Josh Dasilva,2021-2022,Other,1.0
Kevin Lasagna,2021-2022,0,Other,Flavius Daniliuc,2021-2022,Other,1.0,Roberto Massimo,2021-2022,Other,1.0,Leo tulac,2021-2022,Other,1.0,Pascal Stenzel,2021-2022,Other,1.0,Pawe? Dawidowicz,2021-2022,Other,1.0
Jamaal Lascelles,2021-2022,0,Other,Moisés Caicedo,2021-2022,Other,1.0,Stole Dimitrievski,2021-2022,Other,1.0,Dominic Calvert-Lewin,2021-2022,Other,1.0,Arkadiusz Reca,2021-2022,Other,1.0,Nehuén Pérez,2021-2022,Other,1.0
Bryan Lasme,2021-2022,0,Other,Mitchell van Bergen,2021-2022,Other,1.0,Lyanco,2021-2022,Other,1.0,Konrad De La Fuente,2021-2022,Other,1.0,Bebé,2021-2022,Other,1.0,Fede San Emeterio,2021-2022,Other,1.0
Paul Lasne,2021-2022,0,Other,Leonardo Balerdi,2021-2022,Other,1.0,Jean-Eudes Aholou,2021-2022,Other,1.0,Nico Ribaudo,2021-2022,Other,1.0,Sebastian Vasiliadis,2021-2022,Other,1.0,Louis Mafouta,2021-2022,Other,1.0
Toni Lato,2021-2022,0,Other,Fredrik André Bjørkan,2021-2022,Other,1.0,Adam Obert,2021-2022,Other,1.0,Erik Thommy,2021-2022,Other,1.0,Jordi Mboula,2021-2022,Other,1.0,Ryan Fredericks,2021-2022,Other,1.0
Armand Lauriente,2021-2022,0,Other,Milan Badelj,2021-2022,Other,1.0,Jonathan Gradit,2021-2022,Other,1.0,Emmanuel Gyasi,2021-2022,Other,1.0,Caio Henrique Oliveira Silva,2021-2022,Other,1.0,Gonzalo Melero,2021-2022,Other,1.0
Darko Lazovi?,2021-2022,0,Other,Giulio Maggiore,2021-2022,Other,1.0,Javi Martínez,2021-2022,Unknown,1.0,Martin Erlic,2021-2022,Other,1.0,Niklas Dorsch,2021-2022,Other,1.0,Dani Rodríguez,2021-2022,Other,1.0
Manuel Lazzari,2021-2022,0,Unknown,Mikel Oyarzabal,2021-2022,Unknown,1.0,Alexis Mac Allister,2021-2022,Unknown,1.0,John McGinn,2021-2022,Unknown,1.0,Chris Smalling,2021-2022,Unknown,1.0,Djibril Sow,2021-2022,Unknown,1.0
Théo Le Bris,2021-2022,0,Other,Víctor Camarasa,2021-2022,Other,1.0,Emmanuel Amankwaa Akurugu,2021-2022,Other,1.0,Paul Dummett,2021-2022,Other,1.0,Nikola Kalini?,2021-2022,Other,1.0,Rúben Vinagre,2021-2022,Defender,1.0
Jérémy Le Douaron,2021-2022,0,Other,Ondrej Duda,2021-2022,Other,1.0,Stevan Joveti?,2021-2022,Other,1.0,Carlos Gruezo,2021-2022,Unknown,1.0,Romain Perraud,2021-2022,Other,1.0,Keidi Bare,2021-2022,Other,1.0
Enzo Le Fée,2021-2022,0,Other,Joel Ward,2021-2022,Other,1.0,Djené,2021-2022,Other,1.0,Valentino Livramento,2021-2022,Other,1.0,Tommaso Augello,2021-2022,Other,1.0,Rayan Aït Nouri,2021-2022,Other,1.0
Vincent Le Goff,2021-2022,0,Other,Julien Laporte,2021-2022,Other,1.0,Hugo Ekitike,2021-2022,Other,1.0,Boubakar Kouyaté,2021-2022,Other,1.0,David García,2021-2022,Other,1.0,Léo Pétrot,2021-2022,Other,1.0
Maxime Le Marchand,2021-2022,0,Other,Bryan Mbeumo,2021-2022,Other,1.0,Iñaki Williams,2021-2022,Other,1.0,Aaron Wan-Bissaka,2021-2022,Other,1.0,Niko Gießelmann,2021-2022,Other,1.0,Hugo Guillamón,2021-2022,Other,1.0
Robin Le Normand,2021-2022,0,Unknown,Carlos Soler,2021-2022,Unknown,1.0,Mohamed Simakan,2021-2022,Unknown,1.0,Christian Pulisic,2021-2022,Unknown,1.0,Alassane Pléa,2021-2022,Unknown,1.0,Mohamed Elneny,2021-2022,Unknown,1.0
Patrick Leal,2021-2022,0,Other,Luis Hartwig,2021-2022,Other,1.0,Stefano Sabelli,2021-2022,Other,1.0,Joe Rodon,2021-2022,Other,1.0,Ki-Jana Hoever,2021-2022,Other,1.0,Burak Ýnce,2021-2022,Other,1.0
Jean-Louis Leca,2021-2022,0,Other,Fali Candé,2021-2022,Other,1.0,Isaac Carcelen,2021-2022,Other,1.0,Helibelton Palacios,2021-2022,Other,1.0,Dion Lopy,2021-2022,Other,1.0,Takuma Asano,2021-2022,Other,1.0
Jeremías Ledesma,2021-2022,0,Other,Joseph Scally,2021-2022,Other,1.0,Sebastiano Luperto,2021-2022,Other,1.0,Federico Ceccherini,2021-2022,Other,1.0,Thomas Henry,2021-2022,Other,1.0,Vladimír Darida,2021-2022,Other,1.0
Pierre Lees-Melou,2021-2022,0,Unknown,Jadon Sancho,2021-2022,Unknown,1.0,Julian Draxler,2021-2022,Unknown,1.0,Mamadou Sakho,2021-2022,Unknown,1.0,Steven Bergwijn,2021-2022,Unknown,1.0,Pascal Groß,2021-2022,Unknown,1.0
Wu Lei,2021-2022,0,Other,Alberto Perea,2021-2022,Other,1.0,Ambroise Oyongo,2021-2022,Other,1.0,Ionu? Radu,2021-2022,Other,1.0,Jonathan Schmid,2021-2022,Other,1.0,Cédric Bakambu,2021-2022,Other,1.0
Maxim Leitsch,2021-2022,0,Other,Frederic Guilbert,2021-2022,Other,1.0,Martinelli,2021-2022,Other,1.0,Manuel Sánchez,2021-2022,Other,1.0,Benno Schmitz,2021-2022,Other,1.0,Christoph Baumgartner,2021-2022,Other,1.0
Lucas Leiva,2021-2022,0,Unknown,Ulreich,2021-2022,Goalkeeper,1.0,Téji Savanier,2021-2022,Other,1.0,Lucas Tousart,2021-2022,Unknown,1.0,Valère Germain,2021-2022,Unknown,1.0,Pierre Højbjerg,2021-2022,Other,1.0
Florian Lejeune,2021-2022,0,Other,Jorge Molina,2021-2022,Other,1.0,Bram Nuytinck,2021-2022,Other,1.0,Rubén Alcaraz,2021-2022,Other,1.0,Luke Thomas,2021-2022,Other,1.0,Juraj Kucka,2021-2022,Other,1.0
Iñigo Lekue,2021-2022,0,Other,Omar Alderete,2021-2022,Other,1.0,Maxime Estève,2021-2022,Other,1.0,Luca Ranieri,2021-2022,Other,1.0,Tim Krul,2021-2022,Other,1.0,Elvis Rexhbeçaj,2021-2022,Other,1.0
Thomas Lemar,2021-2022,0,Unknown,Davide Frattesi,2021-2022,Unknown,1.0,Geoffrey Kondogbia,2021-2022,Unknown,1.0,Jonathan Tah,2021-2022,Unknown,1.0,Harry Maguire,2021-2022,Unknown,1.0,Emerson,2021-2022,Unknown,1.0
Mario Lemina,2021-2022,0,Other,?ukasz Skorupski,2025-2026,Other,1.0,Gareth Bale,2021-2022,Unknown,1.0,Kyle Walker-Peters,2021-2022,Other,1.0,Fidel,2021-2022,Other,1.0,Kevin Vogt,2021-2022,Other,1.0
Fabien Lemoine,2021-2022,0,Other,Calvin Stengs,2021-2022,Other,1.0,Alphonse Areola,2021-2022,Unknown,1.0,Angus Gunn,2021-2022,Other,1.0,Dominique Heintz,2021-2022,Other,1.0,Sam Byram,2021-2022,Other,1.0
Tim Lemperle,2021-2022,0,Other,Soma Novothny,2021-2022,Other,1.0,Ayman Azhil,2025-2026,Midfielder,1.0,Chris Führich,2025-2026,Other,1.0,Izquierdo,2021-2022,Forward,0.9999,Kassoum Ouattara,2025-2026,Other,0.9999
Ruben Lendinez,2021-2022,0,Other,Tariqe Fosu,2021-2022,Other,1.0,José Pozo,2021-2022,Other,1.0,Alen Mustafić,2025-2026,Other,1.0,Samuel Iling-Junior,2025-2026,Other,1.0,Gijs Smal,2025-2026,Unknown,1.0
Clément Lenglet,2021-2022,0,Unknown,Jemerson,2021-2022,Unknown,1.0,Davide Calabria,2021-2022,Unknown,1.0,Ruben Loftus-Cheek,2021-2022,Unknown,1.0,Juan Jesus,2021-2022,Unknown,1.0,Jacob Ramsey,2021-2022,Unknown,1.0
Aaron Lennon,2021-2022,0,Unknown,Timo Hübers,2021-2022,Other,1.0,Jimmy Cabot,2021-2022,Other,1.0,Akim Zedadka,2021-2022,Other,1.0,Sergi Gómez,2021-2022,Other,1.0,Azor Matusiwa,2021-2022,Other,1.0
Bernd Leno,2021-2022,0,Unknown,Georginio Rutter,2021-2022,Other,1.0,Manolo Gabbiadini,2021-2022,Other,1.0,Ashley Westwood,2021-2022,Other,1.0,Odsonne Édouard,2021-2022,Other,1.0,Brian Oliván,2021-2022,Other,1.0
Christopher Lenz,2021-2022,0,Unknown,Thuler,2021-2022,Other,1.0,Asmir Begovi?,2021-2022,Other,1.0,Radu Dr?gu?in,2021-2022,Other,1.0,Dimitri Foulquier,2021-2022,Other,1.0,Nathan Tella,2021-2022,Other,1.0
Léo Leroy,2021-2022,0,Other,Fraser Hornby,2021-2022,Other,1.0,Eric Bailly,2021-2022,Unknown,1.0,Pedro Neto,2021-2022,Other,1.0,Lenny Lacroix,2021-2022,Other,1.0,Roberto Piccoli,2021-2022,Other,1.0
Alexandre Letellier,2021-2022,0,Other,Edwards,2021-2022,Forward,1.0,Benjamin Rollheiser,2025-2026,Unknown,1.0,Sergi Dominguez,2025-2026,Other,1.0,Radeljić,2021-2022,Defender,1.0,Simone Zaza,2021-2022,Other,1.0
Robert Lewandowski,2021-2022,0,Unknown,N'Koudou,2021-2022,Midfielder,1.0,Thomas Meunier,2021-2022,Unknown,1.0,Castello Lukeba,2021-2022,Unknown,1.0,Toni Kroos,2021-2022,Unknown,1.0,Jonas Hofmann,2021-2022,Unknown,1.0
Jamie Leweling,2021-2022,0,Other,Ilan Kebbal,2021-2022,Other,1.0,Andrea Carboni,2021-2022,Other,1.0,Quini,2021-2022,Other,1.0,Óscar Gil,2021-2022,Other,1.0,Marco Richter,2021-2022,Other,1.0
Jamal Lewis,2021-2022,0,Other,Evann Guessand,2021-2022,Other,1.0,Gustaf Nilsson,2025-2026,Other,1.0,Lewis Bate,2021-2022,Other,1.0,Christoph Zimmermann,2021-2022,Other,1.0,Álvaro Jiménez,2021-2022,Other,1.0
Luca Lezzerini,2021-2022,0,Other,Gerson Rodrigues,2021-2022,Other,1.0,Tom Lacoux,2021-2022,Other,1.0,Malang Sarr,2021-2022,Other,1.0,Ermedin Demirovi?,2021-2022,Other,1.0,Marcin Bu?ka,2021-2022,Other,1.0
Ben Lhassine Kone,2021-2022,0,Other,Evan Ferguson,2021-2022,Other,1.0,Aleksa Terzi?,2021-2022,Other,1.0,Suk Hyun-jun,2021-2022,Other,1.0,Daniel Villahermosa,2021-2022,Other,1.0,Cedric Teuchert,2021-2022,Other,1.0
Yanis Lhery,2021-2022,0,Other,Nathan Young-Coombes,2021-2022,Other,1.0,Matúš Vojtko,2025-2026,Other,1.0,Naouirou Ahamada,2021-2022,Other,1.0,Mariano Díaz,2021-2022,Forward,1.0,Marco John,2021-2022,Other,1.0
Dimitri Liénard,2021-2022,0,Other,Mattia Aramu,2021-2022,Other,1.0,Rubén Duarte,2021-2022,Other,1.0,Vladimír Darida,2021-2022,Other,1.0,David Okereke,2021-2022,Other,1.0,Florian Grillitsch,2021-2022,Other,1.0
Philipp Lienhart,2021-2022,0,Other,Anthony Lopes,2021-2022,Unknown,1.0,Óscar de Marcos,2021-2022,Other,1.0,Konstantinos Mavropanos,2021-2022,Other,1.0,Andrei Girotto,2021-2022,Other,1.0,Nicolas Cozza,2021-2022,Other,1.0
Matthijs de Ligt,2021-2022,0,Unknown,Ismaël Bennacer,2021-2022,Unknown,1.0,Wissam Ben Yedder,2021-2022,Unknown,1.0,Tanguy Ndombele,2021-2022,Unknown,1.0,Kai Havertz,2021-2022,Unknown,1.0,Luis Muriel,2021-2022,Unknown,1.0
Isaac Lihadji,2021-2022,0,Other,Marko Rog,2021-2022,Other,1.0,Jaime Mata,2021-2022,Other,1.0,Yasser Larouci,2021-2022,Other,1.0,Allan Nyom,2021-2022,Other,1.0,Ragnar Ache,2021-2022,Other,1.0
Anderson Lima,2021-2022,0,Other,Zhegrova,2021-2022,Midfielder,1.0,Mamadou Camara,2021-2022,Other,1.0,Patrik Schick,2025-2026,Unknown,1.0,Hannibal Mejbri,2021-2022,Other,0.9999,Chiellini,2021-2022,Defender,0.9999
Andreas Linde,2021-2022,0,Other,Wuilker Faríñez,2021-2022,Other,1.0,Håvard Nielsen,2021-2022,Other,1.0,Portu,2021-2022,Other,1.0,Sekou Mara,2021-2022,Other,1.0,Viktor Kovalenko,2021-2022,Other,1.0
Victor Lindelöf,2021-2022,0,Unknown,Trincão,2021-2022,Forward,1.0,Gonçalo Guedes,2021-2022,Unknown,1.0,Diogo Dalot,2021-2022,Unknown,1.0,Daniel Caligiuri,2021-2022,Unknown,1.0,Piero Hincapié,2021-2022,Unknown,1.0
Jesper Lindstrøm,2021-2022,0,Other,Kerem Demirbay,2021-2022,Other,1.0,Celeadnic,2021-2022,Goalkeeper,1.0,Joe Willock,2021-2022,Other,1.0,James Tarkowski,2021-2022,Other,1.0,Niklas Stark,2021-2022,Other,1.0
Karol Linetty,2021-2022,0,Other,Rubén Rochina,2021-2022,Other,1.0,Sergio Postigo,2021-2022,Other,1.0,Riccardo Fiamozzi,2021-2022,Other,1.0,Luka Milivojevi?,2021-2022,Other,1.0,Erik Pieters,2021-2022,Other,1.0
Jesse Lingard,2021-2022,0,Unknown,Ander Herrera,2021-2022,Unknown,0.9999,Navas,2021-2022,Goalkeeper,0.9997,Ersin Destanoğlu,2021-2022,Goalkeeper,0.9997,Tătăruşanu,2021-2022,Goalkeeper,0.9997,Jason Denayer,2021-2022,Unknown,0.9996
Pol Lirola,2021-2022,0,Other,Koffi Djidji,2021-2022,Other,1.0,Matthew Lowton,2021-2022,Other,1.0,Alfred Gomis,2021-2022,Other,1.0,Dejan Ljubicic,2021-2022,Other,1.0,Vitaliy Mykolenko,2021-2022,Other,1.0
Valentino Livramento,2021-2022,0,Other,Joel Ward,2021-2022,Other,1.0,Rayan Aït Nouri,2021-2022,Other,1.0,Enzo Le Fée,2021-2022,Other,1.0,Álex Fernández,2021-2022,Other,1.0,Djené,2021-2022,Other,1.0
Dejan Ljubicic,2021-2022,0,Other,Vitaliy Mykolenko,2021-2022,Other,1.0,Matthew Lowton,2021-2022,Other,1.0,Nick Pope,2021-2022,Other,1.0,Víctor Chust,2021-2022,Other,1.0,Pol Lirola,2021-2022,Other,1.0
Javier Llabrés,2021-2022,0,Other,Cole Campbell,2025-2026,Other,1.0,Demba Seck,2021-2022,Other,1.0,Roberto González,2021-2022,Other,1.0,Dane Scarlett,2021-2022,Other,1.0,Matthew Hoppe,2021-2022,Other,1.0
Diego Llorente,2021-2022,0,Other,Giovanni Simeone,2021-2022,Other,1.0,Joël Drommel,2025-2026,Unknown,1.0,Ludovic Blas,2021-2022,Other,1.0,Ryan Bertrand,2021-2022,Unknown,1.0,Álex Moreno,2021-2022,Other,1.0
Hugo Lloris,2021-2022,0,Unknown,Ryan Sessegnon,2021-2022,Unknown,1.0,Mario Paali?,2021-2022,Other,1.0,Georginio Wijnaldum,2021-2022,Unknown,1.0,Rui Patrício,2021-2022,Unknown,1.0,Wataru Endo,2021-2022,Other,1.0
Giovani Lo Celso,2021-2022,0,Unknown,Ebrima Colley,2021-2022,Other,1.0,David Timor,2021-2022,Other,1.0,Chimuanya Ugochukwu,2021-2022,Other,1.0,Renaud Emond,2021-2022,Other,1.0,Unai Dufur,2021-2022,Other,1.0
Julen Lobete,2021-2022,0,Other,Saman Ghoddos,2021-2022,Other,1.0,Marko Ilić,2025-2026,Other,1.0,Danilo Barbosa,2021-2022,Other,1.0,Adama Traoré,2021-2022,Other,1.0,Fredrik Jensen,2021-2022,Other,1.0
Stanislav Lobotka,2021-2022,0,Unknown,Kylian Mbappé,2021-2022,Unknown,1.0,Lionel Messi,2021-2022,Unknown,0.9999,Karim Bellarabi,2021-2022,Unknown,0.9999,Maignan,2021-2022,Goalkeeper,0.9999,Elliott,2021-2022,Midfielder,0.9998
Jürgen Locadia,2021-2022,0,Unknown,Ángel Di María,2021-2022,Unknown,1.0,Grbić,2021-2022,Goalkeeper,1.0,Abdou Diallo,2021-2022,Unknown,1.0,Kingsley Coman,2021-2022,Unknown,1.0,Serge Gnabry,2021-2022,Unknown,1.0
Banzouzi Locko,2021-2022,0,Other,Gonzalo Verdú,2021-2022,Other,1.0,Florentino Luís,2021-2022,Other,1.0,Arber Zeneli,2021-2022,Other,1.0,Youssouf Koné,2021-2022,Other,1.0,Óscar Melendo,2021-2022,Other,1.0
Ruben Loftus-Cheek,2021-2022,0,Unknown,Jemerson,2021-2022,Unknown,1.0,Clément Lenglet,2021-2022,Unknown,1.0,Davide Calabria,2021-2022,Unknown,1.0,Juan Jesus,2021-2022,Unknown,1.0,Jacob Ramsey,2021-2022,Unknown,1.0
Kevin Long,2021-2022,0,Other,Martin Hongla,2021-2022,Other,1.0,Álex Cantero,2021-2022,Other,1.0,Ashley Barnes,2021-2022,Other,1.0,Pablo Martínez,2021-2022,Other,1.0,Jakub Jankto,2021-2022,Other,1.0
Shane Long,2021-2022,0,Other,Mickey van de Ven,2021-2022,Other,1.0,Tachi,2021-2022,Other,1.0,Riccardo Ciervo,2021-2022,Other,1.0,Sebastian Walukiewicz,2021-2022,Other,1.0,Carlo Pinsoglio,2021-2022,Other,1.0
Sean Longstaff,2021-2022,0,Other,Matvei Safonov,2025-2026,Goalkeeper,1.0,Silvan Hefti,2021-2022,Other,1.0,Carlos Akapo,2021-2022,Other,1.0,Mamadou Coulibaly,2021-2022,Other,1.0,Vassilis Lambropoulos,2021-2022,Other,1.0
Ademola Lookman,2021-2022,0,Other,Daniel Amartey,2021-2022,Other,1.0,Daniele Verde,2021-2022,Other,1.0,Mauro Arambarri,2021-2022,Other,1.0,Pedrosa,2021-2022,Other,1.0,Alisson,2021-2022,Other,1.0
Anthony Lopes,2021-2022,0,Unknown,Philipp Lienhart,2021-2022,Other,1.0,Óscar de Marcos,2021-2022,Other,1.0,Konstantinos Mavropanos,2021-2022,Other,1.0,Andrei Girotto,2021-2022,Other,1.0,Gianluca Caprari,2021-2022,Other,1.0
David López,2021-2022,0,Other,Marash Kumbulla,2021-2022,Other,1.0,Youssef Maleh,2021-2022,Other,1.0,Jack Stephens,2021-2022,Other,1.0,Bosko Sutalo,2021-2022,Other,1.0,Jóhann Berg Gu?mundsson,2021-2022,Other,1.0
Diego López,2021-2022,0,Unknown,David de Gea,2021-2022,Unknown,1.0,Duje ?aleta-Car,2021-2022,Other,1.0,Gian Marco Ferrari,2021-2022,Other,1.0,Emiliano Martínez,2021-2022,Unknown,1.0,Lucas Torreira,2021-2022,Other,1.0
Javi López,2021-2022,0,Other,Jan Morávek,2021-2022,Other,1.0,Jannes Horn,2021-2022,Other,1.0,Barcia,2021-2022,Other,1.0,Shkurin,2021-2022,Forward,1.0,Munir El Haddadi,2021-2022,Other,1.0
Maxime Lopez,2021-2022,0,Other,Obite N'Dicka,2021-2022,Other,1.0,Marc-André ter Stegen,2021-2022,Unknown,1.0,Raoul Bellanova,2021-2022,Unknown,1.0,Romelu Lukaku,2021-2022,Unknown,1.0,Milan kriniar,2021-2022,Other,1.0
Pau López,2021-2022,0,Other,Habib Diallo,2021-2022,Other,1.0,Robert Sánchez,2021-2022,Other,1.0,Liam Cooper,2021-2022,Other,1.0,Manuel Prietl,2021-2022,Other,1.0,Roger Martí,2021-2022,Other,1.0
Unai López,2021-2022,0,Other,Ibrahima Diallo,2021-2022,Other,1.0,Jean-Claude Billong,2021-2022,Other,1.0,Jere Uronen,2021-2022,Other,1.0,Robin Olsen,2021-2022,Unknown,1.0,Tomás Alarcón,2021-2022,Other,1.0
Dion Lopy,2021-2022,0,Other,Helibelton Palacios,2021-2022,Other,1.0,Takuma Asano,2021-2022,Other,1.0,Matías Viña,2021-2022,Other,1.0,Jean-Louis Leca,2021-2022,Other,1.0,Fali Candé,2021-2022,Other,1.0
Samuel Loric,2021-2022,0,Other,Fabian Kunze,2021-2022,Other,1.0,Lamine Gueye,2021-2022,Other,1.0,Leonardo Mancuso,2021-2022,Other,1.0,Toti Gomes,2021-2022,Other,1.0,Njego Petrovi?,2021-2022,Other,1.0
Anthony Losilla,2021-2022,0,Other,Aaron Cresswell,2021-2022,Other,1.0,Pepe Reina,2021-2022,Unknown,1.0,Takefusa Kubo,2021-2022,Unknown,1.0,Salis Abdul Samed,2021-2022,Other,1.0,Rodrigo Becão,2021-2022,Other,1.0
Jonas Lössl,2021-2022,0,Other,Leonardo Román,2021-2022,Other,1.0,Alfre? Finnbogason,2021-2022,Other,1.0,Mariano,2021-2022,Unknown,1.0,Nikola Vlai?,2021-2022,Other,1.0,Roberto Torres,2021-2022,Other,1.0
Marcel Lotka,2021-2022,0,Other,Lebo Mothiba,2021-2022,Other,1.0,Saîf-Eddine Khaoui,2021-2022,Other,1.0,Toma Bai?,2021-2022,Other,1.0,Guido Carrillo,2021-2022,Other,1.0,Kieran Dowell,2021-2022,Other,1.0
Jordan Lotomba,2021-2022,0,Other,Ben Foster,2021-2022,Other,1.0,Kevin Strootman,2021-2022,Unknown,1.0,Stefan Strandberg,2021-2022,Other,1.0,Dimitris Giannoulis,2021-2022,Other,1.0,Pasquale Mazzocchi,2021-2022,Other,1.0
Imran Louza,2021-2022,0,Other,Anthony Lozano,2021-2022,Other,1.0,Albert Sambi Lokonga,2021-2022,Other,1.0,James Tomkins,2021-2022,Other,1.0,Jarrad Branthwaite,2021-2022,Other,1.0,Stéphane Bahoken,2021-2022,Other,1.0
Eduard Löwen,2021-2022,0,Other,Jodel Dossou,2021-2022,Other,1.0,Erik Palmer-Brown,2021-2022,Other,1.0,Boubacar Traoré,2021-2022,Other,1.0,Gerard Gumbau,2021-2022,Other,1.0,Darwin Machís,2021-2022,Other,1.0
Matthew Lowton,2021-2022,0,Other,Pol Lirola,2021-2022,Other,1.0,Dejan Ljubicic,2021-2022,Other,1.0,Koffi Djidji,2021-2022,Other,1.0,Vitaliy Mykolenko,2021-2022,Other,1.0,Nick Pope,2021-2022,Other,1.0
Anthony Lozano,2021-2022,0,Other,Imran Louza,2021-2022,Other,1.0,Albert Sambi Lokonga,2021-2022,Other,1.0,James Tomkins,2021-2022,Other,1.0,Jarrad Branthwaite,2021-2022,Other,1.0,Stéphane Bahoken,2021-2022,Other,1.0
Hirving Lozano,2021-2022,0,Unknown,Marc Cucurella,2021-2022,Unknown,1.0,Ben Davies,2021-2022,Unknown,1.0,Jack Grealish,2021-2022,Unknown,1.0,Brendan Chardonnet,2021-2022,Unknown,1.0,Mario Hermoso,2021-2022,Unknown,1.0
Jean Lucas,2021-2022,0,Other,Alessio Cragno,2021-2022,Other,1.0,Burak Yýlmaz,2021-2022,Other,1.0,Gauthier Gallon,2021-2022,Other,1.0,Nampalys Mendy,2021-2022,Other,1.0,Arnaud Nordin,2021-2022,Other,1.0
Anderson Lucoqui,2021-2022,0,Other,Ante Rebi?,2021-2022,Other,1.0,Ohis Felix Uduokhai,2021-2022,Other,1.0,Dylan Chambost,2021-2022,Other,1.0,Manu García,2021-2022,Other,1.0,Will Hughes,2021-2022,Other,1.0
José Luis Gayà,2021-2022,0,Other,Thomas Delaine,2021-2022,Other,1.0,Max Aarons,2021-2022,Other,1.0,Mateusz Klich,2021-2022,Other,1.0,Jorge de Frutos,2021-2022,Other,1.0,Yunus Musah,2021-2022,Unknown,1.0
José Luis Morales,2021-2022,0,Other,Jan Oblak,2021-2022,Unknown,1.0,José Luis Palomino,2021-2022,Other,1.0,Petar Stojanovi?,2021-2022,Other,1.0,Jean-Kevin Duverne,2021-2022,Other,1.0,Jonathan Burkardt,2021-2022,Other,1.0
José Luis Palomino,2021-2022,0,Other,Petar Stojanovi?,2021-2022,Other,1.0,Jonathan Burkardt,2021-2022,Other,1.0,José Luis Morales,2021-2022,Other,1.0,Lukas Kübler,2021-2022,Other,1.0,Filip Kosti?,2021-2022,Other,1.0
Florentino Luís,2021-2022,0,Other,Gonzalo Verdú,2021-2022,Other,1.0,Banzouzi Locko,2021-2022,Other,1.0,Youssouf Koné,2021-2022,Other,1.0,Arber Zeneli,2021-2022,Other,1.0,Óscar Melendo,2021-2022,Other,1.0
Douglas Luiz,2021-2022,0,Unknown,Mario Hermoso,2021-2022,Unknown,1.0,Martín Zubimendi,2021-2022,Unknown,1.0,Jack Grealish,2021-2022,Unknown,1.0,Ben Davies,2021-2022,Unknown,1.0,Salih Özcan,2021-2022,Unknown,1.0
Romelu Lukaku,2021-2022,0,Unknown,Raoul Bellanova,2021-2022,Unknown,1.0,Milan kriniar,2021-2022,Other,1.0,Obite N'Dicka,2021-2022,Other,1.0,Maxime Lopez,2021-2022,Other,1.0,Matteo Politano,2021-2022,Unknown,1.0
Castello Lukeba,2021-2022,0,Unknown,Thomas Meunier,2021-2022,Unknown,1.0,Robert Lewandowski,2021-2022,Unknown,1.0,N'Koudou,2021-2022,Midfielder,1.0,Toni Kroos,2021-2022,Unknown,1.0,Jonas Hofmann,2021-2022,Unknown,1.0
Dodi Lukebakio,2021-2022,0,Other,Wayne Hennessey,2021-2022,Other,1.0,Romain Salin,2021-2022,Other,1.0,Danny da Costa,2021-2022,Other,1.0,Edon Zhegrova,2021-2022,Other,1.0,Alejandro Primo,2021-2022,Other,1.0
Saa Luki?,2021-2022,0,Other,Marcus Rashford,2021-2022,Unknown,1.0,Joakim Nilsson,2021-2022,Other,1.0,Benjamin Bourigeaud,2021-2022,Other,1.0,Raúl García,2021-2022,Unknown,1.0,Christian Nørgaard,2021-2022,Other,1.0
Levi Lumeka,2021-2022,0,Other,Victor Perea,2021-2022,Other,1.0,Ilias Akhomach,2021-2022,Other,1.0,Chrislain Matsima,2021-2022,Other,1.0,Raúl Parra,2021-2022,Other,1.0,Rubén,2021-2022,Other,1.0
Andriy Lunin,2021-2022,0,Unknown,Yves Bissouma,2021-2022,Other,1.0,Elba Rashani,2021-2022,Other,1.0,Lucas Höler,2021-2022,Other,1.0,Timo Baumgartl,2021-2022,Other,1.0,Cédric Hountondji,2021-2022,Other,1.0
Andrey Lunyov,2021-2022,0,Other,Loren Morón,2021-2022,Other,1.0,Tobias Sippel,2021-2022,Other,1.0,Amath,2021-2022,Other,1.0,Sardar Azmoun,2021-2022,Other,1.0,Deyovaisio Zeefuik,2021-2022,Other,1.0
Sebastiano Luperto,2021-2022,0,Other,Jeremías Ledesma,2021-2022,Other,1.0,Joseph Scally,2021-2022,Other,1.0,Federico Ceccherini,2021-2022,Other,1.0,Thomas Henry,2021-2022,Other,1.0,Elif Elmas,2021-2022,Other,1.0
Andreas Luthe,2021-2022,0,Other,Marco Richter,2021-2022,Other,1.0,Óscar Gil,2021-2022,Other,1.0,Andrea Carboni,2021-2022,Other,1.0,Ben Johnson,2021-2022,Other,1.0,Goran Pandev,2021-2022,Unknown,1.0
Lyanco,2021-2022,0,Other,Konrad De La Fuente,2021-2022,Other,1.0,Mitchell van Bergen,2021-2022,Other,1.0,Bebé,2021-2022,Other,1.0,Bryan Lasme,2021-2022,Other,1.0,Fede San Emeterio,2021-2022,Other,1.0
Charalambos Lykogiannis,2021-2022,0,Other,Romain Perraud,2021-2022,Other,1.0,Carlos Gruezo,2021-2022,Unknown,1.0,Stevan Joveti?,2021-2022,Other,1.0,Jérémy Le Douaron,2021-2022,Other,1.0,Ondrej Duda,2021-2022,Other,1.0
Alexis Mac Allister,2021-2022,0,Unknown,John McGinn,2021-2022,Unknown,1.0,Philipp Köhn,2025-2026,Unknown,1.0,Jamie Vardy,2021-2022,Unknown,1.0,Alberto Moreno,2021-2022,Unknown,1.0,Manuel Lazzari,2021-2022,Unknown,1.0
Deiver Machado,2021-2022,0,Other,Sead Kolainac,2021-2022,Other,1.0,Papa Ndiaga Yade,2021-2022,Other,1.0,Jeremy Doku,2021-2022,Other,1.0,Iván Marcone,2021-2022,Other,1.0,Daley Sinkgraven,2021-2022,Other,1.0
Darwin Machís,2021-2022,0,Other,Gerard Gumbau,2021-2022,Other,1.0,Erik Palmer-Brown,2021-2022,Other,1.0,Eduard Löwen,2021-2022,Other,1.0,Jodel Dossou,2021-2022,Other,1.0,Christopher Wooh,2021-2022,Other,1.0
Yvann Macon,2021-2022,0,Other,Wout Weghorst,2021-2022,Other,1.0,Vanja Milinkovi?-Savi?,2021-2022,Other,1.0,Florian Niederlechner,2021-2022,Other,1.0,Jean-Philippe Mateta,2021-2022,Other,1.0,Marko Pjaca,2021-2022,Other,1.0
James Maddison,2021-2022,0,Other,Alexander Nübel,2021-2022,Unknown,1.0,Johan Gastien,2021-2022,Other,1.0,Ismaël Traoré,2021-2022,Other,1.0,Gleison Bremer,2021-2022,Other,1.0,Rui Patrício,2021-2022,Unknown,1.0
Niki Mäenpää,2021-2022,0,Other,Randy Ntekja,2021-2022,Other,1.0,Almamy Touré,2021-2022,Unknown,1.0,Gideon Mensah,2021-2022,Other,1.0,José Ángel,2021-2022,Other,1.0,Paul Bernardoni,2021-2022,Other,1.0
Pablo Maffeo,2021-2022,0,Other,Matt Doherty,2021-2022,Other,1.0,Che Adams,2021-2022,Other,1.0,Paco Alcácer,2021-2022,Unknown,1.0,Arkadiusz Milik,2021-2022,Other,1.0,Álex Fernández,2021-2022,Other,1.0
Louis Mafouta,2021-2022,0,Other,Nicolas Nkoulou,2021-2022,Unknown,1.0,Sebastian Vasiliadis,2021-2022,Other,1.0,Riqui Puig,2021-2022,Other,1.0,Jeremie Boga,2021-2022,Other,1.0,Dávid Strelec,2021-2022,Other,1.0
Giulio Maggiore,2021-2022,0,Other,Darko Lazovi?,2021-2022,Other,1.0,Niklas Dorsch,2021-2022,Other,1.0,Javi Martínez,2021-2022,Unknown,1.0,Martin Erlic,2021-2022,Other,1.0,Dani Rodríguez,2021-2022,Other,1.0
Matej Maglica,2021-2022,0,Other,Valon Behrami,2021-2022,Other,1.0,John Guidetti,2021-2022,Other,1.0,Aleksander Buksa,2021-2022,Other,1.0,Bartosz Bialek,2021-2022,Other,1.0,Darío Benedetto,2021-2022,Other,1.0
Francesco Magnanelli,2021-2022,0,Other,Philipp Tschauner,2021-2022,Other,1.0,Crysencio Summerville,2021-2022,Other,1.0,Luka Ivanusec,2025-2026,Unknown,1.0,Senny Mayulu,2025-2026,Other,1.0,Filippo Distefano,2021-2022,Other,1.0
Giangiacomo Magnani,2021-2022,0,Other,Phil Jones,2021-2022,Unknown,1.0,Nianzou Kouassi,2021-2022,Other,1.0,Charlie Goode,2021-2022,Other,1.0,Yannik Keitel,2021-2022,Other,1.0,Kévin Rodrigues,2021-2022,Other,1.0
Hugo Magnetti,2021-2022,0,Other,Aleksei Miranchuk,2021-2022,Other,1.0,Maximilian Mittelstädt,2021-2022,Other,1.0,Ivo Grbi?,2021-2022,Other,1.0,Luca Netz,2021-2022,Other,1.0,Roman Bürki,2021-2022,Unknown,1.0
Yohann Magnin,2021-2022,0,Other,Andrea Belotti,2021-2022,Other,1.0,Andoni Gorosabel,2021-2022,Other,1.0,Koray Günter,2021-2022,Other,1.0,Florian Müller,2021-2022,Other,1.0,Kiernan Dewsbury Hall,2021-2022,Other,1.0
Harry Maguire,2021-2022,0,Unknown,Emerson,2021-2022,Unknown,1.0,Iñigo Martínez,2021-2022,Unknown,1.0,Geoffrey Kondogbia,2021-2022,Unknown,1.0,Massadio Haidara,2021-2022,Unknown,1.0,Thomas Lemar,2021-2022,Unknown,1.0
Riyad Mahrez,2021-2022,0,Unknown,Jonny Evans,2021-2022,Unknown,1.0,Kalidou Koulibaly,2021-2022,Unknown,1.0,Jerry St. Juste,2021-2022,Unknown,1.0,Erling Haaland,2021-2022,Unknown,1.0,Leroy Sané,2021-2022,Unknown,1.0
Arne Maier,2021-2022,0,Other,Mert Müldür,2021-2022,Other,1.0,Lee Jae-sung,2021-2022,Other,1.0,Martin Braithwaite,2021-2022,Other,1.0,Lukas Nmecha,2021-2022,Other,1.0,Souleyman Doumbia,2021-2022,Other,1.0
Habib Maïga,2021-2022,0,Other,Óscar Duarte,2021-2022,Other,1.0,Guillermo Maripán,2021-2022,Other,1.0,Omar Mascarell,2021-2022,Other,1.0,Federico Bonazzoli,2021-2022,Other,1.0,Luis Rioja,2021-2022,Other,1.0
Mike Maignan,2021-2022,0,Unknown,Cristiano Biraghi,2021-2022,Other,1.0,Mahdi Camara,2021-2022,Other,1.0,Moussa Diaby,2021-2022,Other,1.0,Stefan Ortega,2021-2022,Unknown,1.0,Wilfried Zaha,2021-2022,Other,1.0
Ainsley Maitland-Niles,2021-2022,0,Other,Antonio Vacca,2021-2022,Other,1.0,Carney Chukwuemeka,2021-2022,Unknown,1.0,Jean-Armel Kana-Biyik,2021-2022,Other,1.0,Sofian Kiyine,2021-2022,Other,1.0,Sada Thioub,2021-2022,Other,1.0
Abdul Majeed Waris,2021-2022,0,Other,Dickson Abiama,2021-2022,Other,1.0,Samuel Kalu,2021-2022,Other,1.0,Brandon Soppy,2021-2022,Other,1.0,Pubill,2021-2022,Other,1.0,Landry Dimata,2021-2022,Other,1.0
Lovro Majer,2021-2022,0,Other,Julian Ryerson,2021-2022,Unknown,1.0,Conor Coady,2021-2022,Other,1.0,Jean Onana,2021-2022,Other,1.0,Wilfried Zaha,2021-2022,Other,1.0,Gregor Kobel,2021-2022,Unknown,1.0
Jean-Victor Makengo,2021-2022,0,Other,Gelson Martins,2021-2022,Other,1.0,Marco Bizot,2021-2022,Other,1.0,Wojciech Szcz?sny,2021-2022,Other,1.0,Wylan Cyprien,2021-2022,Other,1.0,Arnaud Souquet,2021-2022,Other,1.0
Béni Makouana,2021-2022,0,Other,Felix Passlack,2021-2022,Other,1.0,Amine Bassi,2021-2022,Other,1.0,Aïssa Mandi,2021-2022,Other,1.0,Matteo Cancellieri,2021-2022,Other,1.0,Luca Vignali,2021-2022,Other,1.0
Nemanja Maksimovi?,2021-2022,0,Other,Kalvin Phillips,2021-2022,Other,1.0,Samir Handanovi?,2021-2022,Other,1.0,Steve Mounié,2021-2022,Other,1.0,Claudio Bravo,2021-2022,Unknown,1.0,Amos Pieper,2021-2022,Other,1.0
Nikola Maksimovi?,2021-2022,0,Other,Jonathan Ikone,2021-2022,Other,1.0,Matt Ritchie,2021-2022,Other,1.0,Aridane Hernández,2021-2022,Other,1.0,Loïc Bade,2021-2022,Other,1.0,Erhan Maovi?,2021-2022,Other,1.0
Kévin Malcuit,2021-2022,0,Other,Aymen Barkok,2021-2022,Other,1.0,Assan Ouedraogo,2025-2026,Unknown,1.0,Samuel Mráz,2021-2022,Other,1.0,Corentin Jean,2021-2022,Other,1.0,Rúben Vinagre,2021-2022,Defender,1.0
Youssef Maleh,2021-2022,0,Other,Jack Stephens,2021-2022,Other,1.0,Marash Kumbulla,2021-2022,Other,1.0,Jóhann Berg Gu?mundsson,2021-2022,Other,1.0,David López,2021-2022,Other,1.0,Uro Ra?i?,2021-2022,Other,1.0
Donyell Malen,2021-2022,0,Unknown,Adam Lallana,2021-2022,Unknown,1.0,Weston McKennie,2021-2022,Unknown,1.0,Raúl Jiménez,2021-2022,Unknown,1.0,Merih Demiral,2021-2022,Unknown,1.0,Mohamed Elyounoussi,2021-2022,Unknown,1.0
Hugo Mallo,2021-2022,0,Other,Ivan Ili?,2021-2022,Other,1.0,Gavi Paez,2021-2022,Other,1.0,Jonas Wind,2021-2022,Other,1.0,Hwang Ui-jo,2021-2022,Other,1.0,Samuele Ricci,2021-2022,Other,1.0
Mickael Malsa,2021-2022,0,Other,Oier Zarraga,2021-2022,Other,1.0,Márton Dárdai,2021-2022,Other,1.0,Julian Green,2021-2022,Other,1.0,William Mikelbrencis,2021-2022,Other,1.0,Theo Walcott,2021-2022,Unknown,1.0
Giorgi Mamardashvili,2021-2022,0,Other,Cucho,2021-2022,Other,1.0,Luigi Sepe,2021-2022,Other,1.0,Sascha Burchert,2021-2022,Other,1.0,Pascal Stenzel,2021-2022,Other,1.0,Leo tulac,2021-2022,Other,1.0
Rey Manaj,2021-2022,0,Other,Emil Krafth,2021-2022,Other,1.0,Keidi Bare,2021-2022,Other,1.0,Jim Allevinah,2021-2022,Other,1.0,Mathias Normann,2021-2022,Other,1.0,Marvin Plattenhardt,2021-2022,Other,1.0
Hianga Mananga Mbock,2021-2022,0,Other,Javier Díaz,2021-2022,Other,1.0,Juan Pérez,2021-2022,Other,1.0,Bradley Barcola,2021-2022,Unknown,1.0,Axel Tuanzebe,2021-2022,Other,1.0,Gianluca Pegolo,2021-2022,Other,1.0
Vincent Manceau,2021-2022,0,Other,Dwight McNeil,2021-2022,Other,1.0,Luis Javier Suárez,2021-2022,Other,1.0,Dimitris Nikolaou,2021-2022,Other,1.0,Fraser Forster,2021-2022,Unknown,1.0,Papu Gómez,2021-2022,Other,1.0
Gianluca Mancini,2021-2022,0,Other,Víctor Laguardia,2021-2022,Other,1.0,Lucas Höler,2021-2022,Other,1.0,Elba Rashani,2021-2022,Other,1.0,Yves Bissouma,2021-2022,Other,1.0,Andriy Lunin,2021-2022,Unknown,1.0
Leonardo Mancuso,2021-2022,0,Other,Fabian Kunze,2021-2022,Other,1.0,Toti Gomes,2021-2022,Other,1.0,Samuel Loric,2021-2022,Other,1.0,Lamine Gueye,2021-2022,Other,1.0,Matías Vecino,2021-2022,Unknown,1.0
Steve Mandanda,2021-2022,0,Unknown,Timothée Kolodziejczak,2021-2022,Other,1.0,David Raya,2021-2022,Unknown,1.0,Lewis Dunk,2021-2022,Other,1.0,Emerson Palmieri,2021-2022,Other,1.0,Jérémy Morel,2021-2022,Unknown,1.0
Reinildo Mandava,2021-2022,0,Unknown,Christopher Nkunku,2021-2022,Unknown,1.0,Mohamed Salah,2021-2022,Unknown,1.0,John Stones,2021-2022,Unknown,1.0,Christian Eriksen,2021-2022,Unknown,1.0,Leroy Sané,2021-2022,Unknown,1.0
Rolando Mandragora,2021-2022,0,Other,Ignacio Pussetto,2021-2022,Other,1.0,Jonathan Ikone,2021-2022,Other,1.0,Nikola Maksimovi?,2021-2022,Other,1.0,Matt Ritchie,2021-2022,Other,1.0,Aridane Hernández,2021-2022,Other,1.0
Anthony Mandrea,2021-2022,0,Other,Timothy Chandler,2021-2022,Other,1.0,Giorgio Scalvini,2021-2022,Other,1.0,Juan Mata,2021-2022,Unknown,1.0,Bonke Innocent,2021-2022,Other,1.0,Nemanja Radoja,2021-2022,Other,1.0
Eliaquim Mangala,2021-2022,0,Unknown,Nico Elvedi,2021-2022,Unknown,1.0,Alessandro Bastoni,2021-2022,Unknown,1.0,Gabriel Paulista,2021-2022,Unknown,1.0,Joaquín Correa,2021-2022,Unknown,1.0,David Raum,2021-2022,Unknown,1.0
Orel Mangala,2021-2022,0,Other,Renaud Ripart,2021-2022,Other,1.0,Boyko,2021-2022,Goalkeeper,1.0,Danny Ings,2021-2022,Other,1.0,Callum Wilson,2021-2022,Other,1.0,Dan Burn,2021-2022,Other,1.0
Thomas Mangani,2021-2022,0,Other,Ulreich,2021-2022,Goalkeeper,1.0,Lucas Leiva,2021-2022,Unknown,1.0,Téji Savanier,2021-2022,Other,1.0,Lucas Tousart,2021-2022,Unknown,0.9999,Valère Germain,2021-2022,Unknown,0.9999
Ricardo Mangas,2021-2022,0,Other,Josh Brownhill,2021-2022,Other,1.0,Davide Faraoni,2021-2022,Other,1.0,Dylan Bronn,2021-2022,Other,1.0,Batista Mendy,2021-2022,Other,1.0,Jon Moncayola,2021-2022,Other,1.0
Kostas Manolas,2021-2022,0,Unknown,Vanderson,2021-2022,Unknown,1.0,Mathías Olivera,2021-2022,Unknown,1.0,James Milner,2021-2022,Unknown,1.0,Amadou Onana,2021-2022,Unknown,1.0,Danny Welbeck,2021-2022,Unknown,1.0
Javier Manquillo,2021-2022,0,Other,Mathias Jensen,2021-2022,Other,1.0,Mattia Viti,2021-2022,Other,1.0,Marc-Oliver Kempf,2021-2022,Other,1.0,Danilo D'Ambrosio,2021-2022,Other,1.0,Samuel Moutoussamy,2021-2022,Other,1.0
Myziane Maolida,2021-2022,0,Other,Diego Farias,2021-2022,Other,1.0,Luca Waldschmidt,2021-2022,Other,1.0,Abdu Conté,2025-2026,Other,1.0,Radonjić,2021-2022,Forward,1.0,Redwan Bourles,2021-2022,Other,1.0
Sekou Mara,2021-2022,0,Other,Portu,2021-2022,Other,1.0,Viktor Kovalenko,2021-2022,Other,1.0,Álvaro Fernández,2021-2022,Other,1.0,Håvard Nielsen,2021-2022,Other,1.0,Andreas Linde,2021-2022,Other,1.0
Maranhão,2021-2022,0,Other,Louis Schaub,2021-2022,Other,1.0,Erik Pieters,2021-2022,Other,1.0,Sebastian Rudy,2021-2022,Other,1.0,Luka Milivojevi?,2021-2022,Other,1.0,Sergio Postigo,2021-2022,Other,1.0
Nikola Mara,2021-2022,0,Other,Jurgen Ekkelenkamp,2021-2022,Other,1.0,Jesus Vazquez,2021-2022,Other,1.0,Arthur Melo,2021-2022,Other,1.0,Mads Bech Sørensen,2021-2022,Other,1.0,Dan Gosling,2021-2022,Other,1.0
Fernando Marçal,2021-2022,0,Unknown,Adrien Rabiot,2021-2022,Unknown,1.0,Teemu Pukki,2021-2022,Unknown,1.0,Jesús Corona,2021-2022,Unknown,1.0,Maxwel Cornet,2021-2022,Unknown,1.0,Kevin Volland,2021-2022,Unknown,1.0
Solly March,2021-2022,0,Other,Domingos Duarte,2021-2022,Other,1.0,Kelechi Iheanacho,2021-2022,Other,1.0,Filippo Bandinelli,2021-2022,Other,1.0,Benoît Costil,2021-2022,Other,1.0,Joaquín,2021-2022,Unknown,1.0
Riccardo Marchizza,2021-2022,0,Other,Christian Benteke,2021-2022,Other,1.0,Sebastian Andersson,2021-2022,Other,1.0,Etienne Green,2021-2022,Other,1.0,Janik Haberer,2021-2022,Other,1.0,Philipp Förster,2021-2022,Other,1.0
Gian Marco Ferrari,2021-2022,0,Other,Emiliano Martínez,2021-2022,Unknown,1.0,Duje ?aleta-Car,2021-2022,Other,1.0,David de Gea,2021-2022,Unknown,1.0,Diego López,2021-2022,Unknown,1.0,Sofiane Boufal,2021-2022,Other,1.0
Iván Marcone,2021-2022,0,Other,Papa Ndiaga Yade,2021-2022,Other,1.0,Deiver Machado,2021-2022,Other,1.0,Aitor Ruibal,2021-2022,Other,1.0,Sead Kolainac,2021-2022,Other,1.0,Albert Gu?mundsson,2021-2022,Other,1.0
Óscar de Marcos,2021-2022,0,Other,Philipp Lienhart,2021-2022,Other,1.0,Anthony Lopes,2021-2022,Unknown,1.0,Nicolas Cozza,2021-2022,Other,1.0,Konstantinos Mavropanos,2021-2022,Other,1.0,Raúl de Tomás,2021-2022,Other,1.0
Davide Marfella,2021-2022,0,Other,Jesús Santiago,2021-2022,Other,1.0,Matias Arezo,2021-2022,Other,1.0,Diego Farias,2021-2022,Other,1.0,Hannes Wolf,2021-2022,Other,1.0,Marco Brescianini,2025-2026,Midfielder,1.0
José Mari,2021-2022,0,Other,Julian Chabot,2021-2022,Other,1.0,Ibrahim Diakité,2021-2022,Other,1.0,Yacine Qasmi,2021-2022,Other,1.0,Pizzi,2021-2022,Unknown,1.0,Nils Seufert,2021-2022,Other,1.0
Pablo Marí,2021-2022,0,Other,Ihlas Bebou,2021-2022,Other,1.0,Morten Thorsby,2021-2022,Other,1.0,Yoann Salmier,2021-2022,Other,1.0,Papu Gómez,2021-2022,Other,1.0,Emi Buendía,2021-2022,Other,1.0
José María Giménez,2021-2022,0,Unknown,Jakub Kiwior,2021-2022,Unknown,1.0,Gary Medel,2021-2022,Unknown,1.0,Luke Shaw,2021-2022,Unknown,1.0,Antoine Griezmann,2021-2022,Unknown,1.0,Raúl Albiol,2021-2022,Unknown,1.0
Mariano,2021-2022,0,Unknown,Alfre? Finnbogason,2021-2022,Other,1.0,Roberto Torres,2021-2022,Other,1.0,Patrick Herrmann,2021-2022,Other,1.0,Jonas Lössl,2021-2022,Other,1.0,Leonardo Román,2021-2022,Other,1.0
R?zvan Marin,2021-2022,0,Other,Rúben Vezo,2021-2022,Other,1.0,Billy Gilmour,2021-2022,Other,1.0,Fabian Delph,2021-2022,Unknown,1.0,Alessandro Deiola,2021-2022,Other,1.0,Mario Suárez,2021-2022,Unknown,1.0
Guillermo Maripán,2021-2022,0,Other,Óscar Duarte,2021-2022,Other,1.0,Habib Maïga,2021-2022,Other,1.0,Omar Mascarell,2021-2022,Other,1.0,Federico Bonazzoli,2021-2022,Other,1.0,Luis Rioja,2021-2022,Other,1.0
Omar Marmoush,2021-2022,0,Unknown,Massadio Haidara,2021-2022,Unknown,1.0,Mohamed Elneny,2021-2022,Unknown,1.0,Christian Pulisic,2021-2022,Unknown,1.0,Mohamed Simakan,2021-2022,Unknown,1.0,Iñigo Martínez,2021-2022,Unknown,1.0
Roger Martí,2021-2022,0,Other,Manuel Prietl,2021-2022,Other,1.0,Liam Cooper,2021-2022,Other,1.0,Willian José,2021-2022,Other,1.0,Chris Führich,2021-2022,Other,1.0,Habib Diallo,2021-2022,Other,1.0
Anthony Martial,2021-2022,0,Unknown,Atakan Karazor,2021-2022,Other,1.0,Zlatan Ibrahimovi?,2021-2022,Other,1.0,Asier Illarramendi,2021-2022,Unknown,1.0,Marco Silvestri,2021-2022,Other,1.0,Ishak Belfodil,2021-2022,Other,1.0
Martín,2021-2022,0,Other,Panagiotis Retsos,2021-2022,Other,1.0,Pedro Mendes,2021-2022,Other,1.0,Ricardo Pepi,2025-2026,Other,1.0,Bale,2021-2022,Forward,1.0,Shola Shoretire,2021-2022,Other,1.0
Aarón Martín,2021-2022,0,Other,Jacob Barrett Laursen,2021-2022,Other,1.0,Norbert Gyömbér,2021-2022,Other,1.0,Mërgim Vojvoda,2021-2022,Other,1.0,Andrea Cambiaso,2021-2022,Other,1.0,Adama Soumaoro,2021-2022,Other,1.0
Ander Martin,2021-2022,0,Other,Daramy,2021-2022,Forward,1.0,Conor Bradley,2025-2026,Unknown,1.0,Vinicius Tobias,2025-2026,Other,1.0,Emre Can,2021-2022,Unknown,1.0,Chiesa,2025-2026,Forward,1.0
Andrés Martín,2021-2022,0,Other,Francesco Forte,2021-2022,Other,1.0,Wahidullah Faghir,2021-2022,Other,1.0,Casimir Ninga,2021-2022,Other,1.0,Ronaldo Vieira,2021-2022,Other,1.0,Marcus Forss,2021-2022,Other,1.0
Iván Martín,2021-2022,0,Other,Sebastian Walukiewicz,2021-2022,Other,1.0,Andrea Favilli,2021-2022,Other,1.0,Riccardo Ciervo,2021-2022,Other,1.0,Tachi,2021-2022,Other,1.0,Mickey van de Ven,2021-2022,Other,1.0
Jonas Martin,2021-2022,0,Other,Kepa Arrizabalaga,2021-2022,Unknown,1.0,Marco Meyerhöfer,2021-2022,Other,1.0,Alexander Hack,2021-2022,Other,1.0,Kyle Walker-Peters,2021-2022,Other,1.0,Mario Lemina,2021-2022,Other,1.0
Martinelli,2021-2022,0,Other,Frederic Guilbert,2021-2022,Other,1.0,Manuel Sánchez,2021-2022,Other,1.0,Benno Schmitz,2021-2022,Other,1.0,Christoph Baumgartner,2021-2022,Other,1.0,Bartosz Bereszy?ski,2021-2022,Other,1.0
Lucas Martínez Quarta,2021-2022,0,Other,Giorgos Kyriakopoulos,2021-2022,Other,1.0,Kenny McLean,2021-2022,Other,1.0,Jorge Cuenca,2021-2022,Other,1.0,Mattias Svanberg,2021-2022,Other,1.0,José Campaña,2021-2022,Other,1.0
Emiliano Martínez,2021-2022,0,Unknown,Gian Marco Ferrari,2021-2022,Other,1.0,Duje ?aleta-Car,2021-2022,Other,1.0,David de Gea,2021-2022,Unknown,1.0,Diego López,2021-2022,Unknown,1.0,Sofiane Boufal,2021-2022,Other,1.0
Iñigo Martínez,2021-2022,0,Unknown,Emerson,2021-2022,Unknown,1.0,Harry Maguire,2021-2022,Unknown,1.0,Massadio Haidara,2021-2022,Unknown,1.0,Geoffrey Kondogbia,2021-2022,Unknown,1.0,Omar Marmoush,2021-2022,Unknown,1.0
Javi Martínez,2021-2022,0,Unknown,Martin Erlic,2021-2022,Other,1.0,Dani Rodríguez,2021-2022,Other,1.0,Vlad Chiriche?,2021-2022,Other,1.0,Nicolas Pallois,2021-2022,Other,1.0,Darko Lazovi?,2021-2022,Other,1.0
Josep Martínez,2021-2022,0,Unknown,Rogério,2021-2022,Other,1.0,Patrick Wimmer,2021-2022,Other,1.0,Fernando Pacheco,2021-2022,Other,1.0,Varazdat Haroyan,2021-2022,Other,1.0,Sergi Guardiola,2021-2022,Other,1.0
Lautaro Martínez,2021-2022,0,Unknown,Ferland Mendy,2021-2022,Unknown,1.0,Lorenzo Insigne,2021-2022,Unknown,1.0,Kritsyuk,2021-2022,Goalkeeper,1.0,Patrik Schick,2021-2022,Unknown,1.0,Nabil Bentaleb,2021-2022,Unknown,1.0
Pablo Martínez,2021-2022,0,Other,Jakub Jankto,2021-2022,Other,1.0,Ashley Barnes,2021-2022,Other,1.0,Álex Cantero,2021-2022,Other,1.0,Martin Hongla,2021-2022,Other,1.0,Kevin Long,2021-2022,Other,1.0
Gelson Martins,2021-2022,0,Other,Jean-Victor Makengo,2021-2022,Other,1.0,Marco Bizot,2021-2022,Other,1.0,Wojciech Szcz?sny,2021-2022,Other,1.0,Wylan Cyprien,2021-2022,Other,1.0,Arnaud Souquet,2021-2022,Other,1.0
Adam Marui?,2021-2022,0,Other,Giacomo Raspadori,2021-2022,Other,1.0,Jordan Ferri,2021-2022,Other,1.0,Branimir Hrgota,2021-2022,Other,1.0,Gianluca Scamacca,2021-2022,Other,1.0,Lucas Perrin,2021-2022,Other,1.0
Omar Mascarell,2021-2022,0,Other,Federico Bonazzoli,2021-2022,Other,1.0,Guillermo Maripán,2021-2022,Other,1.0,Óscar Duarte,2021-2022,Other,1.0,Habib Maïga,2021-2022,Other,1.0,Luis Rioja,2021-2022,Other,1.0
Andrea Masiello,2021-2022,0,Other,Raphael Framberger,2021-2022,Other,1.0,Cristian Ansaldi,2021-2022,Other,1.0,Luca Gemello,2021-2022,Other,1.0,Daniel Bessa,2021-2022,Other,1.0,Kevin Long,2021-2022,Other,1.0
Adam Masina,2021-2022,0,Other,Filip ?uri?i?,2021-2022,Other,1.0,Keita Baldé,2021-2022,Other,1.0,Gaetano Castrovilli,2021-2022,Other,1.0,Falaye Sacko,2021-2022,Other,1.0,Adil Aouchiche,2021-2022,Other,1.0
Erhan Maovi?,2021-2022,0,Other,Fabian Klos,2021-2022,Other,1.0,Loïc Bade,2021-2022,Other,1.0,Aridane Hernández,2021-2022,Other,1.0,Matt Ritchie,2021-2022,Other,1.0,Eddie Nketiah,2021-2022,Other,1.0
Roberto Massimo,2021-2022,0,Other,Kevin Lasagna,2021-2022,Other,1.0,Flavius Daniliuc,2021-2022,Other,1.0,Pawe? Dawidowicz,2021-2022,Other,1.0,Leo tulac,2021-2022,Other,1.0,Pascal Stenzel,2021-2022,Other,1.0
Arthur Masuaku,2021-2022,0,Other,Myron Boadu,2021-2022,Other,1.0,Mikel Vesga,2021-2022,Other,1.0,Matthieu Dreyer,2021-2022,Other,1.0,Patrick Cutrone,2021-2022,Other,1.0,Ximo Navarro,2021-2022,Other,1.0
Jaime Mata,2021-2022,0,Other,Allan Nyom,2021-2022,Other,1.0,Ragnar Ache,2021-2022,Other,1.0,Martial,2021-2022,Forward,1.0,Hatem Ben Arfa,2021-2022,Other,1.0,Isaac Lihadji,2021-2022,Other,1.0
Juan Mata,2021-2022,0,Unknown,Giorgio Scalvini,2021-2022,Other,1.0,Nemanja Radoja,2021-2022,Other,1.0,Anthony Mandrea,2021-2022,Other,1.0,Jens Jønsson,2021-2022,Other,1.0,Timothy Chandler,2021-2022,Other,1.0
Pape Matar Sarr,2021-2022,0,Unknown,Alexandre Lacazette,2021-2022,Unknown,1.0,Allan,2021-2022,Unknown,1.0,Emil Forsberg,2021-2022,Unknown,1.0,Mamadou Sakho,2021-2022,Unknown,1.0,Julian Draxler,2021-2022,Unknown,1.0
Eliot Matazo,2021-2022,0,Other,Danylo Ihnatenko,2021-2022,Other,1.0,Tyler Roberts,2021-2022,Other,1.0,Iván Alejo,2021-2022,Other,1.0,Janis Antiste,2021-2022,Other,1.0,Finn Dahmen,2021-2022,Other,1.0
Ale Mat?j?,2021-2022,0,Other,Dennis Johnsen,2021-2022,Other,1.0,Édgar Méndez,2021-2022,Other,1.0,Jean-Claude Billong,2021-2022,Other,1.0,Manuel Gulde,2021-2022,Other,1.0,Jacob Bruun Larsen,2021-2022,Other,1.0
Jean-Philippe Mateta,2021-2022,0,Other,Vanja Milinkovi?-Savi?,2021-2022,Other,1.0,Marko Pjaca,2021-2022,Other,1.0,Dominik Kohr,2021-2022,Other,1.0,Yvann Macon,2021-2022,Other,1.0,Wout Weghorst,2021-2022,Other,1.0
Nemanja Mati?,2021-2022,0,Other,Ike Ugbo,2021-2022,Other,1.0,Juan Cruz Armada,2021-2022,Other,1.0,Armel Bella Kotchap,2021-2022,Other,1.0,Armando Broja,2021-2022,Other,1.0,Rubén Sobrino,2021-2022,Other,1.0
Chrislain Matsima,2021-2022,0,Other,Victor Perea,2021-2022,Other,1.0,Levi Lumeka,2021-2022,Other,1.0,Ilias Akhomach,2021-2022,Other,1.0,Raúl Parra,2021-2022,Other,1.0,Rubén,2021-2022,Other,1.0
Azor Matusiwa,2021-2022,0,Other,Stuart Dallas,2021-2022,Other,1.0,Rodrigo Becão,2021-2022,Other,1.0,Salis Abdul Samed,2021-2022,Other,1.0,Akim Zedadka,2021-2022,Other,1.0,Anthony Losilla,2021-2022,Other,1.0
Neal Maupay,2021-2022,0,Other,Chris Richards,2021-2022,Other,1.0,Nedim Bajrami,2021-2022,Other,1.0,Iddrisu Baba,2021-2022,Other,1.0,Édgar González,2021-2022,Other,1.0,Rubén García,2021-2022,Other,1.0
Stephy Mavididi,2021-2022,0,Other,Maya Yoshida,2021-2022,Other,1.0,Petko Hristov,2021-2022,Other,1.0,Joris Chotard,2021-2022,Other,1.0,Giacomo Bonaventura,2021-2022,Other,1.0,Pablo Rosario,2021-2022,Other,1.0
Konstantinos Mavropanos,2021-2022,0,Other,Andrei Girotto,2021-2022,Other,1.0,Gianluca Caprari,2021-2022,Other,1.0,Thibaut Courtois,2021-2022,Unknown,1.0,Edinson Cavani,2021-2022,Unknown,1.0,Florian Tardieu,2021-2022,Other,1.0
Eric Maxim Choupo-Moting,2021-2022,0,Unknown,Bounou,2021-2022,Goalkeeper,1.0,Köhn,2021-2022,Goalkeeper,0.9999,Anatoliy Trubin,2025-2026,Unknown,0.9999,Oblak,2021-2022,Goalkeeper,0.9995,Szczęsny,2021-2022,Goalkeeper,0.999
Luís Maximiano,2021-2022,0,Other,Milan ?uri?,2021-2022,Other,1.0,Kike,2021-2022,Other,1.0,Lorenzo Montipò,2021-2022,Other,1.0,Lucas Douath,2021-2022,Other,1.0,Emil Audero,2021-2022,Other,1.0
Borja Mayoral,2021-2022,0,Other,Lion Semi?,2021-2022,Other,1.0,Noah Guede-Nadje,2021-2022,Other,1.0,Carson,2021-2022,Goalkeeper,1.0,Francesco Di Mariano,2021-2022,Other,1.0,Ibrahima Baldé,2021-2022,Other,1.0
Pasquale Mazzocchi,2021-2022,0,Other,Kevin Strootman,2021-2022,Unknown,1.0,Ben Foster,2021-2022,Other,1.0,Jordan Lotomba,2021-2022,Other,1.0,Moreto Cassamã,2021-2022,Other,1.0,Stefan Strandberg,2021-2022,Other,1.0
Kylian Mbappé,2021-2022,0,Unknown,Stanislav Lobotka,2021-2022,Unknown,1.0,Lionel Messi,2021-2022,Unknown,1.0,Maignan,2021-2022,Goalkeeper,0.9999,Elliott,2021-2022,Midfielder,0.9999,Konrad Laimer,2021-2022,Unknown,0.9998
Ibrahima Mbaye,2021-2022,0,Other,Darío Benedetto,2021-2022,Other,1.0,Hwang Hee-chan,2021-2022,Other,1.0,Roberto Navarro,2021-2022,Other,1.0,Aleksander Buksa,2021-2022,Other,1.0,Kasey McAteer,2021-2022,Other,1.0
Amadou Mbengue,2021-2022,0,Other,Augusto Solari,2021-2022,Other,1.0,Jon Pacheco,2021-2022,Other,1.0,Carlos Bacca,2021-2022,Other,1.0,Aaron Connolly,2021-2022,Other,1.0,Marcus Ingvartsen,2021-2022,Other,1.0
Bryan Mbeumo,2021-2022,0,Other,Maxime Le Marchand,2021-2022,Other,1.0,Iñaki Williams,2021-2022,Other,1.0,Aaron Wan-Bissaka,2021-2022,Other,1.0,Hugo Guillamón,2021-2022,Other,1.0,Jean-Ricner Bellegarde,2021-2022,Other,1.0
Jordi Mboula,2021-2022,0,Other,Erik Thommy,2021-2022,Other,1.0,Milutin Osmaji?,2021-2022,Other,1.0,Adam Obert,2021-2022,Other,1.0,Jordan Tell,2021-2022,Other,1.0,Javairô Dilrosun,2021-2022,Other,1.0
Moustapha Mbow,2021-2022,0,Other,Felipe Caicedo,2021-2022,Other,1.0,Josema,2021-2022,Other,1.0,Hugo Novoa,2021-2022,Other,1.0,Cheikh Tidiane Sabaly,2021-2022,Other,1.0,Abdou Harroui,2021-2022,Other,1.0
Nathanael Mbuku,2021-2022,0,Other,Ángel Rodríguez,2021-2022,Other,1.0,Manu Morlanes,2021-2022,Other,1.0,Carlos Clerc,2021-2022,Other,1.0,Vid Belec,2021-2022,Other,1.0,Ibrahima Koné,2021-2022,Other,1.0
James McArthur,2021-2022,0,Other,David Pereira da Costa,2021-2022,Other,1.0,Justin Kluivert,2021-2022,Other,1.0,Timothy Tillman,2021-2022,Other,1.0,Patrick Wimmer,2021-2022,Other,1.0,Josep Martínez,2021-2022,Unknown,1.0
Kasey McAteer,2021-2022,0,Other,Roberto Navarro,2021-2022,Other,1.0,Hwang Hee-chan,2021-2022,Other,1.0,Ibrahima Mbaye,2021-2022,Other,1.0,Luke Cundle,2021-2022,Other,1.0,Darío Benedetto,2021-2022,Other,1.0
Liam McCarron,2021-2022,0,Other,André Silva,2025-2026,Unknown,1.0,Charlie Cresswell,2021-2022,Other,1.0,Matondo-Merveille Papela,2021-2022,Other,1.0,Tommaso Pobega,2025-2026,Other,1.0,Mattia Perin,2025-2026,Other,1.0
Alex McCarthy,2021-2022,0,Other,Boubakary Soumaré,2021-2022,Other,1.0,Arthur Desmas,2021-2022,Other,1.0,Salvador Ferrer,2021-2022,Other,1.0,M'Bala Nzola,2021-2022,Other,1.0,Martin Agirregabiria,2021-2022,Other,1.0
John McGinn,2021-2022,0,Unknown,Alexis Mac Allister,2021-2022,Unknown,1.0,Philipp Köhn,2025-2026,Unknown,1.0,Jamie Vardy,2021-2022,Unknown,1.0,Alberto Moreno,2021-2022,Unknown,1.0,Manuel Lazzari,2021-2022,Unknown,1.0
Weston McKennie,2021-2022,0,Unknown,Adam Lallana,2021-2022,Unknown,1.0,Donyell Malen,2021-2022,Unknown,1.0,Merih Demiral,2021-2022,Unknown,1.0,Raúl Jiménez,2021-2022,Unknown,1.0,Tyrone Mings,2021-2022,Unknown,1.0
Stuart McKinstry,2021-2022,0,Other,Okay Yokuþlu,2021-2022,Other,1.0,Daniel Villahermosa,2021-2022,Other,1.0,Suk Hyun-jun,2021-2022,Other,1.0,Fodé Doucouré,2021-2022,Other,1.0,Ben Lhassine Kone,2021-2022,Other,1.0
Kenny McLean,2021-2022,0,Other,Jorge Cuenca,2021-2022,Other,1.0,Mattias Svanberg,2021-2022,Other,1.0,Giorgos Kyriakopoulos,2021-2022,Other,1.0,Lucas Martínez Quarta,2021-2022,Other,1.0,José Campaña,2021-2022,Other,1.0
Dwight McNeil,2021-2022,0,Other,Luis Javier Suárez,2021-2022,Other,1.0,Vincent Manceau,2021-2022,Other,1.0,Dimitris Nikolaou,2021-2022,Other,1.0,Fraser Forster,2021-2022,Unknown,1.0,Papu Gómez,2021-2022,Other,1.0
Scott McTominay,2021-2022,0,Unknown,Dante,2021-2022,Unknown,1.0,Maxence Caqueret,2021-2022,Unknown,1.0,Salih Özcan,2021-2022,Unknown,1.0,Martín Zubimendi,2021-2022,Unknown,1.0,Douglas Luiz,2021-2022,Unknown,1.0
Gary Medel,2021-2022,0,Unknown,José María Giménez,2021-2022,Unknown,1.0,Jakub Kiwior,2021-2022,Unknown,1.0,Luke Shaw,2021-2022,Unknown,1.0,Antoine Griezmann,2021-2022,Unknown,1.0,Raúl Albiol,2021-2022,Unknown,1.0
Facundo Medina,2021-2022,0,Other,Édouard Mendy,2021-2022,Unknown,1.0,Roger Ibanez,2021-2022,Other,1.0,Hakan Çalhanoðlu,2021-2022,Other,1.0,Fabio,2021-2022,Unknown,1.0,Antonín Barák,2021-2022,Other,1.0
Nathan de Medina,2021-2022,0,Other,Bertrand Traoré,2021-2022,Unknown,1.0,Mikkel Damsgaard,2021-2022,Other,1.0,Abdoulaye Bakayoko,2021-2022,Other,1.0,Morgan Schneiderlin,2021-2022,Other,1.0,Dango Ouattara,2021-2022,Other,1.0
Ben Mee,2021-2022,0,Other,Carles Aleñá,2021-2022,Other,1.0,Giulian Biancone,2021-2022,Other,1.0,Juraj Kucka,2021-2022,Other,1.0,Luke Thomas,2021-2022,Other,1.0,Rubén Alcaraz,2021-2022,Other,1.0
Admir Mehmedi,2021-2022,0,Other,Kudus,2021-2022,Midfielder,1.0,Nordine Kandil,2021-2022,Other,1.0,Arthur Cabral,2025-2026,Forward,1.0,Jonathan Silva,2021-2022,Other,1.0,Mijat Ga?inovi?,2021-2022,Other,1.0
Hannibal Mejbri,2021-2022,0,Other,Chiellini,2021-2022,Defender,1.0,Josué Albert,2021-2022,Other,1.0,Patrik Schick,2025-2026,Unknown,1.0,Oleksandr Zinchenko,2025-2026,Unknown,1.0,Casper Nielsen,2025-2026,Other,1.0
Farid El Melali,2021-2022,0,Other,Lukáš Sadílek,2025-2026,Other,1.0,Miguel Juan Llambrich,2021-2022,Other,1.0,Daan Heymans,2021-2022,Other,1.0,Unai Ropero,2021-2022,Other,1.0,Paulo Bernardo,2021-2022,Midfielder,1.0
Filippo Melegoni,2021-2022,0,Other,Andreas Voglsammer,2021-2022,Other,1.0,Davie Selke,2021-2022,Other,1.0,Sergio Asenjo,2021-2022,Other,1.0,Luca Zidane,2021-2022,Other,1.0,Philipp Klement,2021-2022,Other,1.0
Óscar Melendo,2021-2022,0,Other,Ferran Torres,2021-2022,Unknown,1.0,Youssouf Koné,2021-2022,Other,1.0,Florentino Luís,2021-2022,Other,1.0,Gonzalo Verdú,2021-2022,Other,1.0,Banzouzi Locko,2021-2022,Other,1.0
Gonzalo Melero,2021-2022,0,Other,Jonas Hector,2021-2022,Other,1.0,Emmanuel Gyasi,2021-2022,Other,1.0,Rui Silva,2021-2022,Unknown,1.0,Jonathan Gradit,2021-2022,Other,1.0,Abdoulaye Doucouré,2021-2022,Other,1.0
Birger Meling,2021-2022,0,Other,Nicolas de Préville,2021-2022,Other,1.0,Erik Durm,2021-2022,Unknown,1.0,Ante Budimir,2021-2022,Other,1.0,Dedryck Boyata,2021-2022,Other,1.0,Darko Braanac,2021-2022,Other,1.0
Arthur Melo,2021-2022,0,Other,Jesus Vazquez,2021-2022,Other,1.0,Jurgen Ekkelenkamp,2021-2022,Other,1.0,Caoimhín Kelleher,2021-2022,Other,1.0,Nikola Mara,2021-2022,Other,1.0,Álvaro González,2021-2022,Other,1.0
Houboulang Mendes,2021-2022,0,Other,Pablo Fornals,2021-2022,Other,1.0,Jonny Castro,2021-2022,Other,1.0,Christian Günter,2021-2022,Other,1.0,Hamed Junior Traorè,2021-2022,Other,1.0,Beto,2021-2022,Other,1.0
Pedro Mendes,2021-2022,0,Other,Panagiotis Retsos,2021-2022,Other,1.0,Martín,2021-2022,Other,1.0,Martin Satriano,2021-2022,Other,1.0,Mehdi Zerkane,2021-2022,Other,1.0,Ricardo Pepi,2025-2026,Other,1.0
Thiago Mendes,2021-2022,0,Other,Djibril Sidibé,2021-2022,Unknown,1.0,Emile Smith Rowe,2021-2022,Other,1.0,Mateo Kova?i?,2021-2022,Other,1.0,Tomá Sou?ek,2021-2022,Other,1.0,Martín Cáceres,2021-2022,Unknown,1.0
Brais Méndez,2021-2022,0,Unknown,João Moutinho,2021-2022,Unknown,1.0,Maximilian Arnold,2021-2022,Unknown,1.0,Mikel Merino,2021-2022,Unknown,1.0,David Silva,2021-2022,Unknown,1.0,Harry Kane,2021-2022,Unknown,1.0
Édgar Méndez,2021-2022,0,Other,Manuel Gulde,2021-2022,Other,1.0,Jacob Bruun Larsen,2021-2022,Other,1.0,Dennis Johnsen,2021-2022,Other,1.0,Jeremy Dudziak,2021-2022,Other,1.0,Ale Mat?j?,2021-2022,Other,1.0
Arial Mendy,2021-2022,0,Other,Fransérgio,2021-2022,Other,1.0,Iván Alejo,2021-2022,Other,1.0,Eliot Matazo,2021-2022,Other,1.0,Ezequiel Ponce,2021-2022,Other,1.0,Michael Esser,2021-2022,Other,1.0
Batista Mendy,2021-2022,0,Other,Davide Faraoni,2021-2022,Other,1.0,Ricardo Mangas,2021-2022,Other,1.0,Josh Brownhill,2021-2022,Other,1.0,Dylan Bronn,2021-2022,Other,1.0,Jon Moncayola,2021-2022,Other,1.0
Benjamin Mendy,2021-2022,0,Unknown,Mostovoy,2021-2022,Midfielder,1.0,Chris-Kévin Nadje,2025-2026,Unknown,1.0,Julien Le Cardinal,2025-2026,Unknown,1.0,Bruno Duarte,2025-2026,Forward,1.0,Sharani Zuberu,2025-2026,Unknown,1.0
Édouard Mendy,2021-2022,0,Unknown,Hakan Çalhanoðlu,2021-2022,Other,1.0,Facundo Medina,2021-2022,Other,1.0,Fabio,2021-2022,Unknown,1.0,Antonín Barák,2021-2022,Other,1.0,Sergio Canales,2021-2022,Other,1.0
Ferland Mendy,2021-2022,0,Unknown,Kritsyuk,2021-2022,Goalkeeper,1.0,Patrik Schick,2021-2022,Unknown,1.0,Nabil Bentaleb,2021-2022,Unknown,1.0,Lautaro Martínez,2021-2022,Unknown,1.0,Lorenzo Insigne,2021-2022,Unknown,1.0
Nampalys Mendy,2021-2022,0,Other,Burak Yýlmaz,2021-2022,Other,1.0,Alessio Cragno,2021-2022,Other,1.0,Jean Lucas,2021-2022,Other,1.0,Gauthier Gallon,2021-2022,Other,1.0,Diadie Samassékou,2021-2022,Other,1.0
Gideon Mensah,2021-2022,0,Other,José Ángel,2021-2022,Other,1.0,Paul Bernardoni,2021-2022,Other,1.0,Fali,2021-2022,Other,1.0,Randy Ntekja,2021-2022,Other,1.0,Marc-André ter Stegen,2025-2026,Unknown,1.0
Jorge Meré,2021-2022,0,Other,Carles Pérez,2021-2022,Other,1.0,Paul Akouokou,2021-2022,Other,1.0,Tony Jantschke,2021-2022,Other,1.0,Niklas Tauer,2021-2022,Other,1.0,Enric Franquesa,2021-2022,Other,1.0
Alex Meret,2021-2022,0,Unknown,Vital N'Simba,2021-2022,Other,1.0,David Soria,2021-2022,Unknown,1.0,Leandro Cabrera,2021-2022,Other,1.0,Francisco Garcia,2021-2022,Other,1.0,Benoît Badiashile,2021-2022,Other,1.0
Fran Mérida,2021-2022,0,Other,Iker Benito,2021-2022,Other,1.0,Junior Dina Ebimbe,2021-2022,Other,1.0,Ismaëlben Boura,2021-2022,Other,1.0,Koba Koindredi,2021-2022,Other,1.0,Denso Kasius,2021-2022,Other,1.0
Mikel Merino,2021-2022,0,Unknown,Harry Kane,2021-2022,Unknown,1.0,David Raum,2021-2022,Unknown,1.0,João Moutinho,2021-2022,Unknown,1.0,Brais Méndez,2021-2022,Unknown,1.0,Joaquín Correa,2021-2022,Unknown,1.0
Quentin Merlin,2021-2022,0,Other,Vincent Pajot,2021-2022,Other,1.0,Tyrick Mitchell,2021-2022,Other,1.0,Borna Sosa,2021-2022,Other,1.0,Stefan Bell,2021-2022,Other,1.0,Florian Sotoca,2021-2022,Other,1.0
Martín Merquelanz,2021-2022,0,Other,Alexis Tibidi,2021-2022,Other,1.0,Sacha Delaye,2021-2022,Other,1.0,Pablo Piatti,2021-2022,Other,1.0,Issouf Sissokho,2021-2022,Other,1.0,Amadou Diawara,2021-2022,Unknown,1.0
Yýldýrým Mert Çetin,2021-2022,0,Other,Marco Benassi,2021-2022,Other,1.0,Mathys Saban,2021-2022,Other,1.0,Jeanuel Belocian,2025-2026,Other,1.0,Lewis Ferguson,2025-2026,Unknown,1.0,Marcano,2021-2022,Defender,1.0
Dries Mertens,2021-2022,0,Unknown,Declan Rice,2021-2022,Unknown,1.0,Alphonso Davies,2021-2022,Unknown,1.0,Virgil van Dijk,2021-2022,Unknown,1.0,Willi Orbán,2021-2022,Unknown,1.0,Dominik Szoboszlai,2021-2022,Unknown,1.0
Illan Meslier,2021-2022,0,Other,Hugo Duro,2021-2022,Other,1.0,Christophe Hérelle,2021-2022,Other,1.0,Christopher Trimmel,2021-2022,Other,1.0,Demarai Gray,2021-2022,Other,1.0,Anton Stach,2021-2022,Other,1.0
Lionel Messi,2021-2022,0,Unknown,Maignan,2021-2022,Goalkeeper,1.0,Elliott,2021-2022,Midfielder,1.0,Kylian Mbappé,2021-2022,Unknown,1.0,Konrad Laimer,2021-2022,Unknown,0.9999,Stanislav Lobotka,2021-2022,Unknown,0.9999
Junior Messias,2021-2022,0,Unknown,Radamel Falcao,2021-2022,Unknown,1.0,Jeremie Frimpong,2021-2022,Unknown,1.0,Juan Musso,2021-2022,Other,1.0,Roberto Pereyra,2021-2022,Unknown,1.0,Kaan Ayhan,2021-2022,Unknown,1.0
Thomas Meunier,2021-2022,0,Unknown,Robert Lewandowski,2021-2022,Unknown,1.0,N'Koudou,2021-2022,Midfielder,1.0,Castello Lukeba,2021-2022,Unknown,1.0,Toni Kroos,2021-2022,Unknown,1.0,Jonas Hofmann,2021-2022,Unknown,1.0
Mexer,2021-2022,0,Other,Nicolò Casale,2021-2022,Other,1.0,Robert Gumny,2021-2022,Other,1.0,Darko Braanac,2021-2022,Other,1.0,Dedryck Boyata,2021-2022,Other,1.0,Ante Budimir,2021-2022,Other,1.0
Marco Meyerhöfer,2021-2022,0,Other,Alexander Hack,2021-2022,Other,1.0,Kyle Walker-Peters,2021-2022,Other,1.0,Mario Lemina,2021-2022,Other,1.0,?ukasz Skorupski,2025-2026,Other,1.0,Gareth Bale,2021-2022,Unknown,1.0
Matt Miazga,2021-2022,0,Other,Kévin N'Doram,2021-2022,Other,1.0,Yvan Neyou,2021-2022,Other,1.0,Nico Williams,2021-2022,Other,1.0,Edo Kayembe,2021-2022,Other,1.0,Kevin Bonifazi,2021-2022,Other,1.0
Kingsley Michael,2021-2022,0,Other,Troy Deeney,2021-2022,Other,1.0,Sergio Rico,2021-2022,Unknown,1.0,Leonardo Spinazzola,2021-2022,Unknown,1.0,Kaio Jorge,2021-2022,Other,1.0,Julian Eitschberger,2021-2022,Other,1.0
Sven Michel,2021-2022,0,Other,Jesús Areso,2021-2022,Other,1.0,Oghenekaro Etebo,2021-2022,Other,1.0,Raúl,2021-2022,Unknown,1.0,Matthis Abline,2021-2022,Other,1.0,Hamza Choudhury,2021-2022,Other,1.0
Edouard Michut,2021-2022,0,Other,Yusuf Yazıcı,2021-2022,Midfielder,1.0,Janis Blaswich,2025-2026,Unknown,1.0,Héctor Fort,2025-2026,Unknown,1.0,Michał Skóraś,2025-2026,Forward,1.0,Fredrik Oppegård,2025-2026,Defender,0.9999
Miguel,2021-2022,0,Unknown,Mert Günok,2021-2022,Goalkeeper,1.0,Matías Viña,2021-2022,Other,1.0,Takuma Asano,2021-2022,Other,1.0,Dion Lopy,2021-2022,Other,1.0,Helibelton Palacios,2021-2022,Other,1.0
Valentin Mihaila,2021-2022,0,Other,Petar Ratkov,2025-2026,Other,1.0,Mathieu Cafaro,2021-2022,Other,1.0,Valerio Verre,2021-2022,Other,1.0,Lasse Günther,2021-2022,Other,1.0,Alexis Claude-Maurice,2021-2022,Other,1.0
Mikael,2021-2022,0,Other,Lenny Joseph,2021-2022,Other,1.0,Connor Noß,2021-2022,Other,1.0,Martin Terrier,2025-2026,Unknown,1.0,Kryštof Daněk,2025-2026,Unknown,1.0,Daniel Ginczek,2021-2022,Other,1.0
William Mikelbrencis,2021-2022,0,Other,Julian Green,2021-2022,Other,1.0,Theo Walcott,2021-2022,Unknown,1.0,Mickael Malsa,2021-2022,Other,1.0,Oier Zarraga,2021-2022,Other,1.0,Márton Dárdai,2021-2022,Other,1.0
Nikola Milenkovi?,2021-2022,0,Other,David von Ballmoos,2025-2026,Goalkeeper,1.0,Sergio Escudero,2021-2022,Unknown,1.0,Sergi Darder,2021-2022,Other,1.0,Franck Honorat,2021-2022,Other,1.0,Tolgay Arslan,2021-2022,Unknown,1.0
Arkadiusz Milik,2021-2022,0,Other,Paco Alcácer,2021-2022,Unknown,1.0,Matt Doherty,2021-2022,Other,1.0,Pablo Maffeo,2021-2022,Other,1.0,Che Adams,2021-2022,Other,1.0,Álex Fernández,2021-2022,Other,1.0
Sergej Milinkovi?-Savi?,2021-2022,0,Other,Denis Zakaria,2021-2022,Unknown,1.0,Junior Firpo,2021-2022,Unknown,1.0,Nordi Mukiele,2021-2022,Unknown,1.0,Kurt Zouma,2021-2022,Unknown,1.0,Matteo Darmian,2021-2022,Unknown,1.0
Vanja Milinkovi?-Savi?,2021-2022,0,Other,Jean-Philippe Mateta,2021-2022,Other,1.0,Yvann Macon,2021-2022,Other,1.0,Marko Pjaca,2021-2022,Other,1.0,Wout Weghorst,2021-2022,Other,1.0,Dominik Kohr,2021-2022,Other,1.0
Luka Milivojevi?,2021-2022,0,Other,Sergio Postigo,2021-2022,Other,1.0,Erik Pieters,2021-2022,Other,1.0,Karol Linetty,2021-2022,Other,1.0,Maranhão,2021-2022,Other,1.0,Rubén Rochina,2021-2022,Other,1.0
Luis Milla,2021-2022,0,Other,Beto,2021-2022,Other,1.0,Florent Mollet,2021-2022,Other,1.0,Hamed Junior Traorè,2021-2022,Other,1.0,Jordan Veretout,2021-2022,Other,1.0,Christian Günter,2021-2022,Other,1.0
Pere Milla,2021-2022,0,Other,Pietro Terracciano,2021-2022,Other,1.0,Oliver Baumann,2021-2022,Other,1.0,Stefan Savi?,2021-2022,Other,1.0,Youssouf Fofana,2021-2022,Other,1.0,Rani Khedira,2021-2022,Other,1.0
Enzo Millot,2021-2022,0,Other,Anton Kade,2021-2022,Other,1.0,Samuel Di Carmine,2021-2022,Other,1.0,Dina Ebimbe,2021-2022,Midfielder,1.0,Ognjen Mimović,2025-2026,Unknown,1.0,Ömer Faruk Beyaz,2021-2022,Other,1.0
James Milner,2021-2022,0,Unknown,Kostas Manolas,2021-2022,Unknown,1.0,Vanderson,2021-2022,Unknown,1.0,Mathías Olivera,2021-2022,Unknown,1.0,Olivier Giroud,2021-2022,Unknown,1.0,Eric Dier,2021-2022,Unknown,1.0
Santi Mina,2021-2022,0,Other,Lucas Boyé,2021-2022,Other,1.0,Alisson,2021-2022,Other,1.0,Pedrosa,2021-2022,Other,1.0,Mauro Arambarri,2021-2022,Other,1.0,Jasper Cillessen,2021-2022,Unknown,1.0
Yerry Mina,2021-2022,0,Other,Herbert Bockhorn,2021-2022,Other,1.0,Jessy Moulin,2021-2022,Other,1.0,Bryan Lasme,2021-2022,Other,1.0,Mitchell van Bergen,2021-2022,Other,1.0,Tino Kadewere,2021-2022,Other,1.0
Takumi Minamino,2021-2022,0,Unknown,Solomon,2021-2022,Midfielder,1.0,Birmančević,2021-2022,Midfielder,1.0,Malick Thiaw,2025-2026,Unknown,1.0,Xavi Simons,2025-2026,Unknown,0.9999,Yakhshiboev,2021-2022,Forward,0.9999
Tyrone Mings,2021-2022,0,Unknown,Merih Demiral,2021-2022,Unknown,1.0,Jakub Kiwior,2021-2022,Unknown,1.0,Weston McKennie,2021-2022,Unknown,1.0,José María Giménez,2021-2022,Unknown,1.0,Adam Lallana,2021-2022,Unknown,1.0
Jorge Miramón,2021-2022,0,Other,Alfred Duncan,2021-2022,Other,1.0,Mark Flekken,2021-2022,Other,1.0,Gianluca Busio,2021-2022,Other,1.0,Dennis Geiger,2021-2022,Other,1.0,Sepe Elye Wahi,2021-2022,Other,1.0
Aleksei Miranchuk,2021-2022,0,Other,Maximilian Mittelstädt,2021-2022,Other,1.0,Hugo Magnetti,2021-2022,Other,1.0,Ivo Grbi?,2021-2022,Other,1.0,Luca Netz,2021-2022,Other,1.0,Abdu Conté,2021-2022,Other,1.0
Juan Miranda,2021-2022,0,Other,Tobias Raschl,2021-2022,Other,1.0,Frank Onyeka,2021-2022,Other,1.0,Will Hughes,2021-2022,Other,1.0,Manu García,2021-2022,Other,1.0,Dylan Chambost,2021-2022,Other,1.0
Tyrick Mitchell,2021-2022,0,Other,Vincent Pajot,2021-2022,Other,1.0,Borna Sosa,2021-2022,Other,1.0,Quentin Merlin,2021-2022,Other,1.0,Joelinton,2021-2022,Other,1.0,Arthur Theate,2021-2022,Other,1.0
Stefan Mitrovi?,2021-2022,0,Other,Adam Webster,2021-2022,Other,1.0,Alexander Isak,2021-2022,Other,1.0,Robert Sánchez,2021-2022,Other,1.0,Pau López,2021-2022,Other,1.0,Paul Jaeckel,2021-2022,Other,1.0
Maximilian Mittelstädt,2021-2022,0,Other,Aleksei Miranchuk,2021-2022,Other,1.0,Hugo Magnetti,2021-2022,Other,1.0,Ivo Grbi?,2021-2022,Other,1.0,Luca Netz,2021-2022,Other,1.0,Abdu Conté,2021-2022,Other,1.0
Henrikh Mkhitaryan,2021-2022,0,Unknown,César Azpilicueta,2021-2022,Unknown,1.0,Conor Gallagher,2021-2022,Unknown,1.0,Charles Aránguiz,2021-2022,Unknown,1.0,Axel Witsel,2021-2022,Unknown,1.0,Kyle Walker,2021-2022,Unknown,1.0
Jakub Moder,2021-2022,0,Unknown,Matteo Politano,2021-2022,Unknown,1.0,Benjamin Bourigeaud,2021-2022,Other,1.0,Milan kriniar,2021-2022,Other,1.0,Saa Luki?,2021-2022,Other,1.0,Romelu Lukaku,2021-2022,Unknown,1.0
Anthony Modeste,2021-2022,0,Other,Lucas Torreira,2021-2022,Other,1.0,Nicolas Höfler,2021-2022,Other,1.0,Diego López,2021-2022,Unknown,1.0,David de Gea,2021-2022,Unknown,1.0,Duje ?aleta-Car,2021-2022,Other,1.0
Marco Modolo,2021-2022,0,Other,Aarón Escandell,2021-2022,Other,1.0,Filippo Delli Carri,2021-2022,Other,1.0,George Bello,2021-2022,Other,1.0,Marvin Zeegelaar,2021-2022,Other,1.0,Willy Caballero,2021-2022,Other,1.0
Luka Modri?,2021-2022,0,Other,Walter Benítez,2021-2022,Unknown,1.0,Christoph Kramer,2021-2022,Unknown,1.0,Guaita,2021-2022,Unknown,1.0,Ellyes Skhiri,2021-2022,Other,1.0,Marc Guéhi,2021-2022,Other,1.0
Terem Moffi,2021-2022,0,Other,Diawara,2021-2022,Goalkeeper,1.0,Nicolas Pallois,2021-2022,Other,1.0,Vlad Chiriche?,2021-2022,Other,1.0,Dani Rodríguez,2021-2022,Other,1.0,Martin Erlic,2021-2022,Other,1.0
Kevin Möhwald,2021-2022,0,Other,Ibrahima Baldé,2021-2022,Other,1.0,Francesco Di Mariano,2021-2022,Other,1.0,Noah Guede-Nadje,2021-2022,Other,1.0,Lion Semi?,2021-2022,Other,1.0,Borja Mayoral,2021-2022,Other,1.0
Dion Moise Sahi,2021-2022,0,Other,Enzo Crivelli,2021-2022,Other,1.0,Felix Kalu Nmecha,2021-2022,Other,1.0,Adam Ounas,2021-2022,Other,1.0,Toni Martínez,2021-2022,Forward,1.0,Alessandro Russo,2021-2022,Other,1.0
Johan Mojica,2021-2022,0,Other,Iker Muniain,2021-2022,Other,1.0,Joselu,2021-2022,Other,1.0,Laurent Abergel,2021-2022,Other,1.0,Pietro Ceccaroni,2021-2022,Other,1.0,Denis Bouanga,2021-2022,Other,1.0
Clinton Mola,2021-2022,0,Other,Paul Nebel,2021-2022,Other,1.0,Tommaso Baldanzi,2021-2022,Other,1.0,Nicolas Viola,2021-2022,Other,1.0,Samu Castillejo,2021-2022,Other,1.0,Lukáš Pauschek,2025-2026,Other,1.0
Jorge Molina,2021-2022,0,Other,Bram Nuytinck,2021-2022,Other,1.0,Florian Lejeune,2021-2022,Other,1.0,Iddrisu Baba,2021-2022,Other,1.0,Neal Maupay,2021-2022,Other,1.0,Chris Richards,2021-2022,Other,1.0
Nahuel Molina,2021-2022,0,Unknown,Nélson Semedo,2021-2022,Unknown,1.0,Mattia De Sciglio,2021-2022,Unknown,1.0,Laurent Koscielny,2021-2022,Unknown,1.0,Ezri Konsa,2021-2022,Unknown,1.0,Wilfried Singo,2021-2022,Unknown,1.0
Cristian Molinaro,2021-2022,0,Other,Andrés Andrade Cedeño,2021-2022,Other,1.0,Wajdi Kechrida,2021-2022,Other,1.0,Frederik Rønnow,2021-2022,Other,1.0,Patrick Bamford,2021-2022,Other,1.0,Jakob Sørensen,2021-2022,Other,1.0
Florent Mollet,2021-2022,0,Other,Jordan Veretout,2021-2022,Other,1.0,Luis Milla,2021-2022,Other,1.0,Daniel Vivian,2021-2022,Other,1.0,Beto,2021-2022,Other,1.0,Michael Keane,2021-2022,Other,1.0
Jon Moncayola,2021-2022,0,Other,Iván Balliu,2021-2022,Other,1.0,Dylan Bronn,2021-2022,Other,1.0,Josh Brownhill,2021-2022,Other,1.0,Ricardo Mangas,2021-2022,Other,1.0,Luan Peres Petroni,2021-2022,Other,1.0
Monchu,2021-2022,0,Other,Tobias Strobl,2021-2022,Other,1.0,Gonçalo Paciência,2021-2022,Other,1.0,Jutglà,2021-2022,Other,1.0,Rayan Cherki,2021-2022,Other,1.0,Kévin Rodrigues,2021-2022,Other,1.0
Thomas Monconduit,2021-2022,0,Other,Santiago Ascacíbar,2021-2022,Other,1.0,Arnaut Groeneveld,2021-2022,Other,1.0,Yeremi Pino,2021-2022,Other,1.0,Craig Dawson,2021-2022,Other,1.0,Stian Rode Gregersen,2021-2022,Other,1.0
Lorenzo Montipò,2021-2022,0,Other,Kike,2021-2022,Other,1.0,Luís Maximiano,2021-2022,Other,1.0,Milan ?uri?,2021-2022,Other,1.0,Emil Audero,2021-2022,Other,1.0,Lucas Douath,2021-2022,Other,1.0
Ángel Montoro,2021-2022,0,Other,Isaac Hayden,2021-2022,Other,1.0,Tristan Dingomé,2021-2022,Other,1.0,Nils Petersen,2021-2022,Other,1.0,Gaëtan Poussin,2021-2022,Other,1.0,Ismail Jakobs,2021-2022,Other,1.0
Martín Montoya,2021-2022,0,Unknown,Stefan Ortega,2025-2026,Unknown,1.0,Oleksandr Zinchenko,2021-2022,Unknown,1.0,Jan Oblak,2025-2026,Unknown,0.9999,Kjell Scherpen,2025-2026,Goalkeeper,0.9999,Francis Coquelin,2021-2022,Unknown,0.9998
Álvaro Morata,2021-2022,0,Unknown,Alessandro Florenzi,2021-2022,Unknown,1.0,Randal Kolo Muani,2021-2022,Unknown,1.0,Federico Fazio,2021-2022,Unknown,1.0,Léo Dubois,2021-2022,Unknown,1.0,Yannick Carrasco,2021-2022,Unknown,1.0
Jan Morávek,2021-2022,0,Other,Jannes Horn,2021-2022,Other,1.0,Javi López,2021-2022,Other,1.0,Munir El Haddadi,2021-2022,Other,1.0,Ellis Simms,2021-2022,Other,1.0,Barcia,2021-2022,Other,1.0
Jérémy Morel,2021-2022,0,Unknown,Vicente Iborra,2021-2022,Unknown,1.0,Denis Bouanga,2021-2022,Other,1.0,Pietro Ceccaroni,2021-2022,Other,1.0,Steve Mandanda,2021-2022,Unknown,1.0,Timothée Kolodziejczak,2021-2022,Other,1.0
Alberto Moreno,2021-2022,0,Unknown,Jamie Vardy,2021-2022,Unknown,1.0,Philipp Köhn,2025-2026,Unknown,1.0,Javi Galán,2021-2022,Unknown,1.0,John McGinn,2021-2022,Unknown,1.0,Alexis Mac Allister,2021-2022,Unknown,1.0
Álex Moreno,2021-2022,0,Other,Ryan Bertrand,2021-2022,Unknown,1.0,Ludovic Blas,2021-2022,Other,1.0,Joël Drommel,2025-2026,Unknown,1.0,Diego Llorente,2021-2022,Other,1.0,Giovanni Simeone,2021-2022,Other,1.0
Tete Morente,2021-2022,0,Other,Dimitris Giannoulis,2021-2022,Other,1.0,Stefan Strandberg,2021-2022,Other,1.0,Dalbert Henrique,2021-2022,Other,1.0,Maximilian Bauer,2021-2022,Other,1.0,Jordan Lotomba,2021-2022,Other,1.0
Ilaix Moriba,2021-2022,0,Other,Colin Dagba,2021-2022,Unknown,1.0,Angel Gomes,2025-2026,Other,1.0,Tiago Santos,2025-2026,Other,0.9999,Seferović,2021-2022,Forward,0.9999,Marlon Gomes,2025-2026,Unknown,0.9999
Manu Morlanes,2021-2022,0,Other,Nathanael Mbuku,2021-2022,Other,1.0,Vid Belec,2021-2022,Other,1.0,Ibrahima Koné,2021-2022,Other,1.0,Ángel Rodríguez,2021-2022,Other,1.0,Carlos Clerc,2021-2022,Other,1.0
Raúl Moro,2021-2022,0,Other,Thomas Fontaine,2021-2022,Other,1.0,Josh Dasilva,2021-2022,Other,1.0,Nanasi,2021-2022,Midfielder,1.0,Alessandro Zanoli,2021-2022,Other,1.0,Daniel James,2021-2022,Other,1.0
Loren Morón,2021-2022,0,Other,Andrey Lunyov,2021-2022,Other,1.0,Sardar Azmoun,2021-2022,Other,1.0,Tobias Sippel,2021-2022,Other,1.0,Amath,2021-2022,Other,1.0,Nicholas Gioacchini,2021-2022,Other,1.0
Cristhian Mosquera,2021-2022,0,Other,Francesco Rossi,2021-2022,Other,1.0,Daniele Baselli,2021-2022,Other,1.0,Oleksiy Shevchenko,2021-2022,Goalkeeper,1.0,Nick Proschwitz,2021-2022,Other,1.0,Diego Lainez,2021-2022,Other,1.0
Lebo Mothiba,2021-2022,0,Other,Saîf-Eddine Khaoui,2021-2022,Other,1.0,Toma Bai?,2021-2022,Other,1.0,Marcel Lotka,2021-2022,Other,1.0,Guido Carrillo,2021-2022,Other,1.0,Kieran Dowell,2021-2022,Other,1.0
Andrei Motoc,2021-2022,0,Other,Nani,2021-2022,Unknown,1.0,Paolo Ghiglione,2021-2022,Other,1.0,Luka Jovi?,2021-2022,Other,1.0,Gonçalo Paciência,2021-2022,Other,1.0,Maximilian Ullmann,2021-2022,Other,1.0
Baptiste Mouazan,2021-2022,0,Other,Dele Alli,2021-2022,Unknown,1.0,Mahame Siby,2021-2022,Other,1.0,Vecino,2021-2022,Midfielder,1.0,Dembélé,2021-2022,Unknown,1.0,Wesley,2021-2022,Forward,1.0
Aimen Moueffek,2021-2022,0,Other,Mario Hernández,2021-2022,Other,1.0,Shkurin,2021-2022,Forward,1.0,Barcia,2021-2022,Other,1.0,Yusuf Yazýcý,2021-2022,Other,1.0,Javi López,2021-2022,Other,1.0
Harold Moukoudi,2021-2022,0,Other,Jaume Costa,2021-2022,Other,1.0,Joaquín,2021-2022,Unknown,1.0,Filippo Bandinelli,2021-2022,Other,1.0,Solly March,2021-2022,Other,1.0,Domingos Duarte,2021-2022,Other,1.0
Jessy Moulin,2021-2022,0,Other,Herbert Bockhorn,2021-2022,Other,1.0,Tino Kadewere,2021-2022,Other,1.0,Yerry Mina,2021-2022,Other,1.0,Kike Pérez,2021-2022,Other,1.0,Bryan Lasme,2021-2022,Other,1.0
Steve Mounié,2021-2022,0,Other,Claudio Bravo,2021-2022,Unknown,1.0,Samir Handanovi?,2021-2022,Other,1.0,Amos Pieper,2021-2022,Other,1.0,Kalvin Phillips,2021-2022,Other,1.0,Nemanja Maksimovi?,2021-2022,Other,1.0
Lucas Moura,2021-2022,0,Unknown,Miguel Veloso,2021-2022,Unknown,1.0,Ansgar Knauff,2021-2022,Unknown,1.0,Maxime Gonalons,2021-2022,Unknown,1.0,Moussa Niakhate,2021-2022,Other,1.0,Melvin Bard,2021-2022,Other,1.0
Lys Mousset,2021-2022,0,Other,Jordan Amavi,2021-2022,Other,1.0,Stefan Hierländer,2025-2026,Other,1.0,Gabriel Vidovic,2021-2022,Other,1.0,Samu Castillejo,2021-2022,Other,1.0,Moise Kean,2021-2022,Unknown,1.0
João Moutinho,2021-2022,0,Unknown,Brais Méndez,2021-2022,Unknown,1.0,Mikel Merino,2021-2022,Unknown,1.0,Maximilian Arnold,2021-2022,Unknown,1.0,Harry Kane,2021-2022,Unknown,1.0,David Silva,2021-2022,Unknown,1.0
Samuel Moutoussamy,2021-2022,0,Other,Maximilian Bauer,2021-2022,Other,1.0,Dalbert Henrique,2021-2022,Other,1.0,Danilo D'Ambrosio,2021-2022,Other,1.0,Marc-Oliver Kempf,2021-2022,Other,1.0,Mattia Viti,2021-2022,Other,1.0
Toni Moya,2021-2022,0,Other,Edimilson Fernandes,2021-2022,Unknown,1.0,Tomás Alarcón,2021-2022,Other,1.0,Robin Olsen,2021-2022,Unknown,1.0,Jere Uronen,2021-2022,Other,1.0,Angus Gunn,2021-2022,Other,1.0
Samuel Mráz,2021-2022,0,Other,Corentin Jean,2021-2022,Other,1.0,Kévin Malcuit,2021-2022,Other,1.0,Aymen Barkok,2021-2022,Other,1.0,Assan Ouedraogo,2025-2026,Unknown,1.0,Icardi,2021-2022,Forward,1.0
Nordi Mukiele,2021-2022,0,Unknown,Kurt Zouma,2021-2022,Unknown,1.0,Matteo Darmian,2021-2022,Unknown,1.0,Mohamed Fares,2021-2022,Unknown,1.0,Sergej Milinkovi?-Savi?,2021-2022,Other,1.0,Dominik Takáč,2025-2026,Unknown,1.0
Mert Müldür,2021-2022,0,Other,Arne Maier,2021-2022,Other,1.0,Lee Jae-sung,2021-2022,Other,1.0,Martin Braithwaite,2021-2022,Other,1.0,Lukas Nmecha,2021-2022,Other,1.0,Souleyman Doumbia,2021-2022,Other,1.0
Florian Müller,2021-2022,0,Other,Andoni Gorosabel,2021-2022,Other,1.0,Chris Führich,2021-2022,Other,1.0,Willian José,2021-2022,Other,1.0,Yohann Magnin,2021-2022,Other,1.0,Andrea Belotti,2021-2022,Other,1.0
Thomas Müller,2021-2022,0,Unknown,Domenico Criscito,2021-2022,Unknown,1.0,Hamari Traoré,2021-2022,Unknown,1.0,Pedro,2021-2022,Unknown,1.0,Juan Foyth,2021-2022,Unknown,1.0,Houssem Aouar,2021-2022,Unknown,1.0
Bali Mumba,2021-2022,0,Other,Kryštof Daněk,2025-2026,Unknown,1.0,Jamie Bynoe-Gittens,2021-2022,Other,1.0,Jean-Philippe Gbamin,2021-2022,Other,1.0,Matija Nastasi?,2021-2022,Other,1.0,Lenny Joseph,2021-2022,Other,1.0
Marshall Munetsi,2021-2022,0,Other,Francisco Garcia,2021-2022,Other,1.0,Leandro Cabrera,2021-2022,Other,1.0,David Soria,2021-2022,Unknown,1.0,Catena,2021-2022,Other,1.0,Alex Meret,2021-2022,Unknown,1.0
Iker Muniain,2021-2022,0,Other,Johan Mojica,2021-2022,Other,1.0,Joselu,2021-2022,Other,1.0,Laurent Abergel,2021-2022,Other,1.0,Pietro Ceccaroni,2021-2022,Other,1.0,Denis Bouanga,2021-2022,Other,1.0
Aihen Muñoz,2021-2022,0,Other,Christian Kabasele,2021-2022,Other,1.0,Sébastien Corchia,2021-2022,Other,1.0,Salvi,2021-2022,Other,1.0,Linus Gechter,2021-2022,Other,1.0,Aitor Fernández,2021-2022,Other,1.0
Luis Muriel,2021-2022,0,Unknown,Kai Havertz,2021-2022,Unknown,1.0,Moussa Dembélé,2021-2022,Unknown,1.0,Wissam Ben Yedder,2021-2022,Unknown,1.0,Matthijs de Ligt,2021-2022,Unknown,1.0,Ismaël Bennacer,2021-2022,Unknown,1.0
Jeison Murillo,2021-2022,0,Other,Jack Butland,2021-2022,Other,1.0,Marius Funk,2021-2022,Other,1.0,Lazar Samardzic,2021-2022,Other,1.0,Kalifa Coulibaly,2021-2022,Other,1.0,Zinho Vanheusden,2021-2022,Other,1.0
Vedat Muriqi,2021-2022,0,Unknown,Armando Izzo,2021-2022,Other,1.0,Eric N'Jo,2021-2022,Other,1.0,Jon Rowe,2021-2022,Other,1.0,Kaj Sierhuis,2021-2022,Other,1.0,Ki-Jana Hoever,2021-2022,Other,1.0
Jacob Murphy,2021-2022,0,Other,Ciaran Clark,2021-2022,Other,1.0,Sandro Ramírez,2021-2022,Other,1.0,Marc-Aurèle Caillard,2021-2022,Other,1.0,Janni Serra,2021-2022,Other,1.0,Krzysztof Pi?tek,2021-2022,Other,1.0
Nicola Murru,2021-2022,0,Other,Shandon Baptiste,2021-2022,Other,1.0,Thiago Galhardo,2021-2022,Other,1.0,Nemanja Gudelj,2021-2022,Other,1.0,Etrit Berisha,2021-2022,Other,1.0,Eldor Shomurodov,2021-2022,Other,1.0
Yunus Musah,2021-2022,0,Unknown,Mateusz Klich,2021-2022,Other,1.0,Javi Puado,2021-2022,Other,1.0,José Luis Gayà,2021-2022,Other,1.0,Stefano Sturaro,2021-2022,Unknown,1.0,Leander Dendoncker,2021-2022,Other,1.0
Torben Müsel,2021-2022,0,Other,Simone Zaza,2021-2022,Other,1.0,Sergi Dominguez,2025-2026,Other,1.0,Benjamin Rollheiser,2025-2026,Unknown,1.0,Alexandre Letellier,2021-2022,Other,1.0,Edwards,2021-2022,Forward,1.0
Jamal Musiala,2021-2022,0,Unknown,Memphis Depay,2021-2022,Unknown,1.0,Lorenzo Pellegrini,2021-2022,Unknown,1.0,Jens Cajuste,2021-2022,Unknown,1.0,Manuel Akanji,2021-2022,Unknown,1.0,Mats Hummels,2021-2022,Unknown,1.0
Shkodran Mustafi,2021-2022,0,Unknown,Pascal Groß,2021-2022,Unknown,1.0,Danilo Cataldi,2021-2022,Unknown,1.0,Steven Bergwijn,2021-2022,Unknown,1.0,Mitchel Bakker,2021-2022,Unknown,1.0,Rick Karsdorp,2021-2022,Unknown,1.0
Junior Mwanga,2021-2022,0,Other,Ismaël Gharbi,2021-2022,Other,1.0,Sebastian Giovinco,2021-2022,Other,1.0,Romain Philippoteaux,2021-2022,Other,1.0,Jens Odgaard,2025-2026,Other,1.0,Cody Drameh,2021-2022,Other,1.0
Enock Mwepu,2021-2022,0,Other,Mohamed Ali Cho,2021-2022,Other,1.0,Riccardo Saponara,2021-2022,Other,1.0,Robin Koch,2021-2022,Other,1.0,Salomón Rondón,2021-2022,Unknown,1.0,Lorenzo Venuti,2021-2022,Other,1.0
Vitaliy Mykolenko,2021-2022,0,Other,Nick Pope,2021-2022,Other,1.0,Víctor Chust,2021-2022,Other,1.0,Dejan Ljubicic,2021-2022,Other,1.0,Matthew Lowton,2021-2022,Other,1.0,Pol Lirola,2021-2022,Other,1.0
Joakim Mæhle,2021-2022,0,Other,Jeremy Toljan,2021-2022,Other,1.0,Remi Oudin,2021-2022,Other,1.0,Luca Ceppitelli,2021-2022,Other,1.0,Hicham Boudaoui,2021-2022,Other,1.0,Kamory Doumbia,2021-2022,Other,1.0
Obite N'Dicka,2021-2022,0,Other,Maxime Lopez,2021-2022,Other,1.0,Raoul Bellanova,2021-2022,Unknown,1.0,Marc-André ter Stegen,2021-2022,Unknown,1.0,Romelu Lukaku,2021-2022,Unknown,1.0,Milan kriniar,2021-2022,Other,1.0
Kévin N'Doram,2021-2022,0,Other,Nico Williams,2021-2022,Other,1.0,Matt Miazga,2021-2022,Other,1.0,Yvan Neyou,2021-2022,Other,1.0,Edo Kayembe,2021-2022,Other,1.0,Bonke Innocent,2021-2022,Other,1.0
Eric N'Jo,2021-2022,0,Other,Vedat Muriqi,2021-2022,Unknown,1.0,Armando Izzo,2021-2022,Other,1.0,Jon Rowe,2021-2022,Other,1.0,Kaj Sierhuis,2021-2022,Other,1.0,Ki-Jana Hoever,2021-2022,Other,1.0
Vital N'Simba,2021-2022,0,Other,Alex Meret,2021-2022,Unknown,1.0,David Soria,2021-2022,Unknown,1.0,Leandro Cabrera,2021-2022,Other,1.0,Francisco Garcia,2021-2022,Other,1.0,Benoît Badiashile,2021-2022,Other,1.0
Mickael Nade,2021-2022,0,Other,Mohamed Bayo,2021-2022,Other,1.0,Aritz Elustondo,2021-2022,Other,1.0,Angelo Fulgini,2021-2022,Other,1.0,Gaëtan Laborde,2021-2022,Other,1.0,Iyenoma Udogie,2021-2022,Other,1.0
Marvelous Nakamba,2021-2022,0,Other,Alejandro Primo,2021-2022,Other,1.0,Darío Poveda,2021-2022,Other,1.0,Danny da Costa,2021-2022,Other,1.0,Wayne Hennessey,2021-2022,Other,1.0,Jonás Ramalho,2021-2022,Other,1.0
Nahitan Nández,2021-2022,0,Other,Alidu Seidu,2021-2022,Other,1.0,Chris Wood,2021-2022,Other,1.0,Manolo Reina,2021-2022,Other,1.0,Sergio Romero,2021-2022,Other,1.0,Grégoire Defrel,2021-2022,Other,1.0
Nani,2021-2022,0,Unknown,Paolo Ghiglione,2021-2022,Other,1.0,Andrei Motoc,2021-2022,Other,1.0,Luka Jovi?,2021-2022,Other,1.0,Maximilian Ullmann,2021-2022,Other,1.0,Daniel Brosinski,2021-2022,Other,1.0
Paul Nardi,2021-2022,0,Other,Adnan Januzaj,2021-2022,Other,1.0,Víctor Díaz,2021-2022,Other,1.0,Danijel Petkovi?,2021-2022,Other,1.0,Caleb Ekuban,2021-2022,Other,1.0,Adrien Silva,2021-2022,Other,1.0
Nikolas Nartey,2021-2022,0,Other,Karol Fila,2021-2022,Other,1.0,Brandon Domingues,2021-2022,Other,1.0,Marcus Ingvartsen,2021-2022,Other,1.0,Carlos Bacca,2021-2022,Other,1.0,Steven Fortes,2021-2022,Other,1.0
Matija Nastasi?,2021-2022,0,Other,Jean-Philippe Gbamin,2021-2022,Other,1.0,Jamie Bynoe-Gittens,2021-2022,Other,1.0,Stefan Ilsanker,2021-2022,Other,1.0,Bali Mumba,2021-2022,Other,1.0,Strahinja Pavlovi?,2021-2022,Other,1.0
Roberto Navarro,2021-2022,0,Other,Hwang Hee-chan,2021-2022,Other,1.0,Kasey McAteer,2021-2022,Other,1.0,Ibrahima Mbaye,2021-2022,Other,1.0,Darío Benedetto,2021-2022,Other,1.0,Luke Cundle,2021-2022,Other,1.0
Ximo Navarro,2021-2022,0,Other,Albin Ekdal,2021-2022,Other,1.0,Patrick Cutrone,2021-2022,Other,1.0,Ajdin Hrustic,2021-2022,Other,1.0,Grigoris Kastanos,2021-2022,Other,1.0,William Troost-Ekong,2021-2022,Other,1.0
Keylor Navas,2021-2022,0,Unknown,Ander Barrenetxea,2021-2022,Unknown,1.0,Marc Albrighton,2021-2022,Unknown,1.0,Jetro Willems,2021-2022,Unknown,1.0,Péter Gulácsi,2021-2022,Unknown,1.0,Álvaro Negredo,2021-2022,Unknown,1.0
Papa Ndiaga Yade,2021-2022,0,Other,Iván Marcone,2021-2022,Other,1.0,Deiver Machado,2021-2022,Other,1.0,Sead Kolainac,2021-2022,Other,1.0,Aitor Ruibal,2021-2022,Other,1.0,Albert Gu?mundsson,2021-2022,Other,1.0
Loum Ndiaye,2021-2022,0,Other,Shane Duffy,2021-2022,Other,1.0,Ridgeciano Haps,2021-2022,Other,1.0,Souleyman Doumbia,2021-2022,Other,1.0,Jeong Woo-yeong,2021-2022,Other,1.0,Lee Jae-sung,2021-2022,Other,1.0
Wilfred Ndidi,2021-2022,0,Unknown,Presnel Kimpembe,2021-2022,Unknown,1.0,Adil Rami,2021-2022,Unknown,1.0,Boubacar Kamara,2021-2022,Unknown,1.0,Federico Dimarco,2021-2022,Unknown,1.0,Florian Wirtz,2021-2022,Unknown,1.0
Tanguy Ndombele,2021-2022,0,Unknown,Ismaël Bennacer,2021-2022,Unknown,1.0,Matthijs de Ligt,2021-2022,Unknown,1.0,Wissam Ben Yedder,2021-2022,Unknown,1.0,Florian Neuhaus,2021-2022,Unknown,1.0,Kai Havertz,2021-2022,Unknown,1.0
Dan Ndoye,2021-2022,0,Other,Matteo Gabbia,2021-2022,Other,1.0,Enric Franquesa,2021-2022,Other,1.0,Niklas Tauer,2021-2022,Other,1.0,Pavao Pervan,2021-2022,Other,1.0,Sambou Soumano,2021-2022,Other,1.0
Paul Nebel,2021-2022,0,Other,Clinton Mola,2021-2022,Other,1.0,Tommaso Baldanzi,2021-2022,Other,1.0,Nicolas Viola,2021-2022,Other,1.0,Samu Castillejo,2021-2022,Other,1.0,Lukáš Pauschek,2025-2026,Other,1.0
Álvaro Negredo,2021-2022,0,Unknown,Yann Sommer,2021-2022,Unknown,1.0,Péter Gulácsi,2021-2022,Unknown,1.0,Nayef Aguerd,2021-2022,Other,1.0,Keylor Navas,2021-2022,Unknown,1.0,Timothy Weah,2021-2022,Unknown,1.0
David Nemeth,2021-2022,0,Other,Caoimhín Kelleher,2025-2026,Other,1.0,John Ruddy,2021-2022,Other,1.0,Xavier Chavalerin,2021-2022,Other,1.0,Jamie Shackleton,2021-2022,Other,1.0,Kingsley Ehizibue,2021-2022,Other,1.0
Ilija Nestorovski,2021-2022,0,Other,Marcos Mauro López Gutiérrez,2021-2022,Other,1.0,Diego Perotti,2021-2022,Unknown,1.0,Alessandro Russo,2021-2022,Other,1.0,Ádám Szalai,2021-2022,Other,1.0,Álvaro Bastida,2021-2022,Other,1.0
Neto,2021-2022,0,Other,Pablo Galdames Millán,2021-2022,Other,1.0,Rodrigo Battaglia,2021-2022,Other,1.0,Gabriele Zappa,2021-2022,Other,1.0,Andi Zeqiri,2021-2022,Other,1.0,Bosko Sutalo,2021-2022,Other,1.0
Pedro Neto,2021-2022,0,Other,Roberto Piccoli,2021-2022,Other,1.0,Anastasios Donis,2021-2022,Other,1.0,Fraser Hornby,2021-2022,Other,1.0,Francesco Caputo,2021-2022,Other,1.0,Léo Leroy,2021-2022,Other,1.0
Luca Netz,2021-2022,0,Other,Roman Bürki,2021-2022,Unknown,1.0,Alexandre Oukidja,2021-2022,Other,1.0,Nolito,2021-2022,Other,1.0,David Zima,2021-2022,Other,1.0,Sergio Agüero,2021-2022,Unknown,1.0
Florian Neuhaus,2021-2022,0,Unknown,Tanguy Ndombele,2021-2022,Unknown,1.0,Axel Witsel,2021-2022,Unknown,1.0,Charles Aránguiz,2021-2022,Unknown,1.0,Ismaël Bennacer,2021-2022,Unknown,1.0,Matthijs de Ligt,2021-2022,Unknown,1.0
Carlos Neva,2021-2022,0,Other,Adam Forshaw,2021-2022,Other,1.0,Rafael Czichos,2021-2022,Other,1.0,Enzo Ebosse,2021-2022,Other,1.0,Liam Henderson,2021-2022,Other,1.0,Armando Broja,2021-2022,Other,1.0
Rúben Neves,2021-2022,0,Unknown,Phil Foden,2021-2022,Unknown,1.0,Antonio Rüdiger,2021-2022,Unknown,1.0,Luis Alberto,2021-2022,Unknown,1.0,Amadou Haidara,2021-2022,Unknown,1.0,Giovanni Di Lorenzo,2021-2022,Unknown,1.0
Yvan Neyou,2021-2022,0,Other,Matt Miazga,2021-2022,Other,1.0,Edo Kayembe,2021-2022,Other,1.0,Kévin N'Doram,2021-2022,Other,1.0,Nico Williams,2021-2022,Other,1.0,Kevin Bonifazi,2021-2022,Other,1.0
Jeremy Ngakia,2021-2022,0,Other,Marco Bizot,2025-2026,Other,1.0,Wesley Saïd,2021-2022,Other,1.0,Dávid Strelec,2021-2022,Other,1.0,Jeremie Boga,2021-2022,Other,1.0,Riqui Puig,2021-2022,Other,1.0
Jessic Ngankam,2021-2022,0,Other,Manolo Portanova,2021-2022,Other,1.0,Pathé Ciss,2021-2022,Other,1.0,Christian Benteke,2021-2022,Other,1.0,Daniel Bachmann,2021-2022,Other,1.0,Riccardo Marchizza,2021-2022,Other,1.0
Opa Nguette,2021-2022,0,Other,Tomás Pina Isla,2021-2022,Other,1.0,Ignatius Ganago,2021-2022,Other,1.0,Nadir Zortea,2021-2022,Other,1.0,Lucas Alario,2021-2022,Other,1.0,Fernando Calero,2021-2022,Other,1.0
Sikou Niakaté,2021-2022,0,Other,Jesús Owono,2021-2022,Other,1.0,Iñigo Pérez,2021-2022,Other,1.0,Abdón Prats,2021-2022,Other,1.0,Giovanni González,2021-2022,Other,1.0,?tefan Radu,2021-2022,Other,1.0
Moussa Niakhate,2021-2022,0,Other,Melvin Bard,2021-2022,Other,1.0,Maxime Gonalons,2021-2022,Unknown,1.0,Ýlkay Gündoðan,2021-2022,Other,1.0,Lucas Moura,2021-2022,Unknown,1.0,Miguel Veloso,2021-2022,Unknown,1.0
Ibrahima Niane,2021-2022,0,Other,Federico Di Francesco,2021-2022,Other,1.0,Lucas Pérez,2021-2022,Other,1.0,Adam Armstrong,2021-2022,Other,1.0,Iñigo Ruiz de Galarreta,2021-2022,Other,1.0,Kamaldeen Sulemana,2021-2022,Other,1.0
M'Baye Niang,2021-2022,0,Unknown,Emi Buendía,2021-2022,Other,1.0,Yoann Salmier,2021-2022,Other,1.0,Pablo Marí,2021-2022,Other,1.0,Ihlas Bebou,2021-2022,Other,1.0,Morten Thorsby,2021-2022,Other,1.0
Florian Niederlechner,2021-2022,0,Other,Wout Weghorst,2021-2022,Other,1.0,Yvann Macon,2021-2022,Other,1.0,Raúl Guti,2021-2022,Other,1.0,Vanja Milinkovi?-Savi?,2021-2022,Other,1.0,Jean-Philippe Mateta,2021-2022,Other,1.0
Håvard Nielsen,2021-2022,0,Other,Andreas Linde,2021-2022,Other,1.0,Wuilker Faríñez,2021-2022,Other,1.0,Portu,2021-2022,Other,1.0,Sekou Mara,2021-2022,Other,1.0,Viktor Kovalenko,2021-2022,Other,1.0
Dimitris Nikolaou,2021-2022,0,Other,Fraser Forster,2021-2022,Unknown,1.0,Papu Gómez,2021-2022,Other,1.0,Vincent Manceau,2021-2022,Other,1.0,Dwight McNeil,2021-2022,Other,1.0,Luis Javier Suárez,2021-2022,Other,1.0
Joakim Nilsson,2021-2022,0,Other,Marcus Rashford,2021-2022,Unknown,1.0,Raúl García,2021-2022,Unknown,1.0,Saa Luki?,2021-2022,Other,1.0,Christian Nørgaard,2021-2022,Other,1.0,Stefan Lainer,2021-2022,Unknown,1.0
Casimir Ninga,2021-2022,0,Other,Wahidullah Faghir,2021-2022,Other,1.0,Francesco Forte,2021-2022,Other,1.0,Marcus Forss,2021-2022,Other,1.0,Patrick Berg,2021-2022,Other,1.0,Andrés Martín,2021-2022,Other,1.0
Fernando Niño,2021-2022,0,Other,Kike Barja,2021-2022,Other,1.0,Alessandro Buongiorno,2021-2022,Other,1.0,Patrick Bamford,2021-2022,Other,1.0,Lorenzo Tonelli,2021-2022,Other,1.0,Frederik Rønnow,2021-2022,Other,1.0
Eddie Nketiah,2021-2022,0,Other,Fabian Klos,2021-2022,Other,1.0,Erhan Maovi?,2021-2022,Other,1.0,Loïc Bade,2021-2022,Other,1.0,Aridane Hernández,2021-2022,Other,1.0,Matt Ritchie,2021-2022,Other,1.0
Nicolas Nkoulou,2021-2022,0,Unknown,Louis Mafouta,2021-2022,Other,1.0,Riqui Puig,2021-2022,Other,1.0,Jeremie Boga,2021-2022,Other,1.0,Dávid Strelec,2021-2022,Other,1.0,Wesley Saïd,2021-2022,Other,1.0
Christopher Nkunku,2021-2022,0,Unknown,Reinildo Mandava,2021-2022,Unknown,1.0,John Stones,2021-2022,Unknown,1.0,Leroy Sané,2021-2022,Unknown,1.0,Jerry St. Juste,2021-2022,Unknown,1.0,Mohamed Salah,2021-2022,Unknown,1.0
Lukas Nmecha,2021-2022,0,Other,Martin Braithwaite,2021-2022,Other,1.0,Unai Simón,2021-2022,Other,1.0,Arne Maier,2021-2022,Other,1.0,Mert Müldür,2021-2022,Other,1.0,Lee Jae-sung,2021-2022,Other,1.0
Mark Noble,2021-2022,0,Other,Lenny Lacroix,2021-2022,Other,1.0,Silas Katompa,2021-2022,Other,1.0,Eric Bailly,2021-2022,Unknown,1.0,Vitolo,2021-2022,Unknown,1.0,Robert Skov,2021-2022,Other,1.0
Nolito,2021-2022,0,Other,David Zima,2021-2022,Other,1.0,Sergio Agüero,2021-2022,Unknown,1.0,Soldado,2021-2022,Unknown,1.0,Alexandre Oukidja,2021-2022,Other,1.0,Roman Bürki,2021-2022,Unknown,1.0
Arnaud Nordin,2021-2022,0,Other,Mattia Destro,2021-2022,Other,1.0,Jean-Paul Boëtius,2021-2022,Other,1.0,Gauthier Gallon,2021-2022,Other,1.0,Jean Lucas,2021-2022,Other,1.0,Alessio Cragno,2021-2022,Other,1.0
Håvard Nordtveit,2021-2022,0,Other,Jérôme Hergault,2021-2022,Other,1.0,Charles Abi,2021-2022,Other,1.0,Sonny Perkins,2021-2022,Other,1.0,Leonardo Capezzi,2021-2022,Other,1.0,Juan Ignacio Ramírez,2021-2022,Other,1.0
Mathias Normann,2021-2022,0,Other,Jim Allevinah,2021-2022,Other,1.0,Marvin Plattenhardt,2021-2022,Other,1.0,Emil Krafth,2021-2022,Other,1.0,Rey Manaj,2021-2022,Other,1.0,Cárdenas,2021-2022,Other,1.0
Connor Noß,2021-2022,0,Other,Mikael,2021-2022,Other,1.0,Lenny Joseph,2021-2022,Other,1.0,Martin Terrier,2025-2026,Unknown,1.0,Daniel Ginczek,2021-2022,Other,1.0,Nicolas Jackson,2021-2022,Other,1.0
Hugo Novoa,2021-2022,0,Other,Abdou Harroui,2021-2022,Other,1.0,Gideon Jung,2021-2022,Other,1.0,Maximilian Philipp,2021-2022,Other,1.0,Felipe Caicedo,2021-2022,Other,1.0,Moustapha Mbow,2021-2022,Other,1.0
Soma Novothny,2021-2022,0,Other,Tim Lemperle,2021-2022,Other,1.0,Chris Führich,2025-2026,Other,1.0,Ayman Azhil,2025-2026,Midfielder,1.0,Izquierdo,2021-2022,Forward,1.0,Gökhan Töre,2021-2022,Midfielder,0.9999
Jean-Pierre Nsame,2021-2022,0,Other,Issouf Sissokho,2021-2022,Other,1.0,Pablo Piatti,2021-2022,Other,1.0,Martín Merquelanz,2021-2022,Other,1.0,Alexis Tibidi,2021-2022,Other,1.0,Sacha Delaye,2021-2022,Other,1.0
Randy Ntekja,2021-2022,0,Other,Niki Mäenpää,2021-2022,Other,1.0,Gideon Mensah,2021-2022,Other,1.0,José Ángel,2021-2022,Other,1.0,Almamy Touré,2021-2022,Unknown,1.0,Paul Bernardoni,2021-2022,Other,1.0
Alexander Nübel,2021-2022,0,Unknown,Ismaël Traoré,2021-2022,Other,1.0,James Maddison,2021-2022,Other,1.0,Maxi Gómez,2021-2022,Unknown,1.0,Johan Gastien,2021-2022,Other,1.0,Fabien Centonze,2021-2022,Other,1.0
Unai Núñez,2021-2022,0,Other,Mat?j Vydra,2021-2022,Other,1.0,Hélder Costa,2021-2022,Other,1.0,Michael Esser,2021-2022,Other,1.0,Tonny Vilhena,2021-2022,Other,1.0,Ezequiel Ponce,2021-2022,Other,1.0
Hans Nunoo Sarpei,2021-2022,0,Other,Nadiem Amiri,2021-2022,Other,1.0,Márton Dárdai,2021-2022,Other,1.0,Simeon Nwankwo,2021-2022,Other,1.0,Oier Zarraga,2021-2022,Other,1.0,Mickael Malsa,2021-2022,Other,1.0
Bram Nuytinck,2021-2022,0,Other,Jorge Molina,2021-2022,Other,1.0,Florian Lejeune,2021-2022,Other,1.0,Iddrisu Baba,2021-2022,Other,1.0,Neal Maupay,2021-2022,Other,1.0,Chris Richards,2021-2022,Other,1.0
Simeon Nwankwo,2021-2022,0,Other,Nadiem Amiri,2021-2022,Other,1.0,Hans Nunoo Sarpei,2021-2022,Other,1.0,Márton Dárdai,2021-2022,Other,1.0,Jakob Sørensen,2021-2022,Other,1.0,Oier Zarraga,2021-2022,Other,1.0
Gerzino Nyamsi,2021-2022,0,Other,Ronaël Pierre-Gabriel,2021-2022,Other,1.0,Germán Pezzella,2021-2022,Other,1.0,Ibrahim Amadou,2021-2022,Other,1.0,Harvey Barnes,2021-2022,Other,1.0,Musa Barrow,2021-2022,Other,1.0
Allan Nyom,2021-2022,0,Other,Ragnar Ache,2021-2022,Other,1.0,Martial,2021-2022,Forward,1.0,Hatem Ben Arfa,2021-2022,Other,1.0,Jaime Mata,2021-2022,Other,1.0,Isaac Lihadji,2021-2022,Other,1.0
M'Bala Nzola,2021-2022,0,Other,Martin Agirregabiria,2021-2022,Other,1.0,Ryan Fraser,2021-2022,Other,1.0,Alex McCarthy,2021-2022,Other,1.0,Boubakary Soumaré,2021-2022,Other,1.0,Arthur Desmas,2021-2022,Other,1.0
Christian Nørgaard,2021-2022,0,Other,Raúl García,2021-2022,Unknown,1.0,Stefan Lainer,2021-2022,Unknown,1.0,Joakim Nilsson,2021-2022,Other,1.0,Marcus Rashford,2021-2022,Unknown,1.0,Gabriel Dos Santos,2021-2022,Other,1.0
Adam Obert,2021-2022,0,Other,Erik Thommy,2021-2022,Other,1.0,Jordi Mboula,2021-2022,Other,1.0,Milutin Osmaji?,2021-2022,Other,1.0,Toni Lato,2021-2022,Other,1.0,Jordan Tell,2021-2022,Other,1.0
Joel Obi,2021-2022,0,Other,Joseba Zaldúa,2021-2022,Other,1.0,Julen Agirrezabala,2021-2022,Other,1.0,Theo Walcott,2021-2022,Unknown,1.0,William Mikelbrencis,2021-2022,Other,1.0,Peter Vindahl,2025-2026,Other,1.0
Jan Oblak,2021-2022,0,Unknown,Jean-Kevin Duverne,2021-2022,Other,1.0,José Luis Morales,2021-2022,Other,1.0,Joachim Andersen,2021-2022,Other,1.0,José Luis Palomino,2021-2022,Other,1.0,Petar Stojanovi?,2021-2022,Other,1.0
Bastian Oczipka,2021-2022,0,Unknown,Kevin Vogt,2021-2022,Other,1.0,Fidel,2021-2022,Other,1.0,Pascal Struijk,2021-2022,Other,1.0,Gareth Bale,2021-2022,Unknown,1.0,?ukasz Skorupski,2025-2026,Other,1.0
Álvaro Odriozola,2021-2022,0,Other,Florent Ogier,2021-2022,Other,1.0,Josip Stanii?,2021-2022,Other,1.0,Óscar Valentín,2021-2022,Other,1.0,Masaya Okugawa,2021-2022,Other,1.0,Samuele Ricci,2021-2022,Other,1.0
Angelo Ogbonna,2021-2022,0,Other,Kelvin Amian,2021-2022,Other,1.0,Joseph Aidoo,2021-2022,Other,1.0,Andrea Pinamonti,2021-2022,Other,1.0,Richarlison,2021-2022,Other,1.0,Séamus Coleman,2021-2022,Other,1.0
Florent Ogier,2021-2022,0,Other,Álvaro Odriozola,2021-2022,Other,1.0,Josip Stanii?,2021-2022,Other,1.0,Óscar Valentín,2021-2022,Other,1.0,Masaya Okugawa,2021-2022,Other,1.0,Samuele Ricci,2021-2022,Other,1.0
David Okereke,2021-2022,0,Other,Rubén Duarte,2021-2022,Other,1.0,Mattia Aramu,2021-2022,Other,1.0,Dimitri Liénard,2021-2022,Other,1.0,Florian Grillitsch,2021-2022,Other,1.0,Sehrou Guirassy,2021-2022,Other,1.0
Masaya Okugawa,2021-2022,0,Other,Óscar Valentín,2021-2022,Other,1.0,Samuele Ricci,2021-2022,Other,1.0,Álvaro Odriozola,2021-2022,Other,1.0,Florent Ogier,2021-2022,Other,1.0,Josip Stanii?,2021-2022,Other,1.0
Lucas Olaza,2021-2022,0,Other,Andrea La Mantia,2021-2022,Other,1.0,Frederik Winther,2021-2022,Other,1.0,Zack Steffen,2021-2022,Other,1.0,Sargis Adamyan,2021-2022,Other,1.0,Jason Steele,2021-2022,Other,1.0
Oier Olazábal,2021-2022,0,Other,Daley Sinkgraven,2021-2022,Other,1.0,Julien Faussurier,2021-2022,Other,1.0,Landry Dimata,2021-2022,Other,1.0,Jeremy Doku,2021-2022,Other,1.0,Brandon Soppy,2021-2022,Other,1.0
Michael Olise,2021-2022,0,Unknown,Thomas Foket,2021-2022,Unknown,1.0,Héctor Bellerín,2021-2022,Unknown,1.0,Mehdi Bourabia,2021-2022,Other,1.0,Yussuf Poulsen,2021-2022,Unknown,1.0,Suat Serdar,2021-2022,Unknown,1.0
Christian Oliva,2021-2022,0,Other,Jastin García,2025-2026,Unknown,1.0,Mamadou Fofana,2021-2022,Other,1.0,Juraj Kucka,2025-2026,Other,1.0,Keinan Davis,2021-2022,Other,1.0,Óscar Rodríguez,2021-2022,Unknown,1.0
Brian Oliván,2021-2022,0,Other,José Luis García Vayá,2021-2022,Other,1.0,Kristijan Jaki?,2021-2022,Other,1.0,Yeray Álvarez,2021-2022,Other,1.0,Manolo Gabbiadini,2021-2022,Other,1.0,Nathan Redmond,2021-2022,Other,1.0
Mathías Olivera,2021-2022,0,Unknown,Vanderson,2021-2022,Unknown,1.0,Kostas Manolas,2021-2022,Unknown,1.0,James Milner,2021-2022,Unknown,1.0,Amadou Onana,2021-2022,Unknown,1.0,Danny Welbeck,2021-2022,Unknown,1.0
Dani Olmo,2021-2022,0,Unknown,Patric,2021-2022,Unknown,1.0,Lucas Hernández,2021-2022,Unknown,1.0,Thomas Partey,2021-2022,Unknown,1.0,Niklas Süle,2021-2022,Unknown,1.0,Karl Toko Ekambi,2021-2022,Unknown,1.0
Robin Olsen,2021-2022,0,Unknown,Tomás Alarcón,2021-2022,Other,1.0,Toni Moya,2021-2022,Other,1.0,Edimilson Fernandes,2021-2022,Unknown,1.0,Jere Uronen,2021-2022,Other,1.0,Angus Gunn,2021-2022,Other,1.0
Warmed Omari,2021-2022,0,Other,Luan Peres Petroni,2021-2022,Other,1.0,Iván Balliu,2021-2022,Other,1.0,Jon Moncayola,2021-2022,Other,1.0,Dylan Bronn,2021-2022,Other,1.0,Josh Brownhill,2021-2022,Other,1.0
Jonas Omlin,2021-2022,0,Other,Yangel Herrera,2021-2022,Other,1.0,Isaac Palazón Camacho,2021-2022,Other,1.0,Gerrit Holtmann,2021-2022,Other,1.0,Brandon Williams,2021-2022,Other,1.0,Mikel Balenziaga,2021-2022,Other,1.0
Andrew Omobamidele,2021-2022,0,Other,Romain Thomas,2021-2022,Other,1.0,Silvan Widmer,2021-2022,Other,1.0,Marko Arnautovi?,2021-2022,Other,1.0,Rémy Cabella,2021-2022,Unknown,1.0,Ivan Perii?,2021-2022,Other,1.0
Amadou Onana,2021-2022,0,Unknown,Danny Welbeck,2021-2022,Unknown,1.0,Mathías Olivera,2021-2022,Unknown,1.0,Vanderson,2021-2022,Unknown,1.0,Kostas Manolas,2021-2022,Unknown,1.0,James Milner,2021-2022,Unknown,1.0
Jean Onana,2021-2022,0,Other,Gregor Kobel,2021-2022,Unknown,1.0,Valentin Rongier,2021-2022,Other,1.0,Lovro Majer,2021-2022,Other,1.0,Julian Ryerson,2021-2022,Unknown,1.0,Harry Winks,2021-2022,Unknown,1.0
Karim Onisiwo,2021-2022,0,Other,Yacine Adli,2021-2022,Other,1.0,Matías Dituro,2021-2022,Other,1.0,Mario Suárez,2021-2022,Unknown,1.0,Alessandro Deiola,2021-2022,Other,1.0,Amos Pieper,2021-2022,Other,1.0
Javier Ontiveros,2021-2022,0,Other,Flávio Nazinho,2021-2022,Defender,1.0,Bonnah,2021-2022,Midfielder,1.0,Lassina Traoré,2025-2026,Forward,1.0,Taylor,2021-2022,Midfielder,1.0,Luka Stojković,2025-2026,Unknown,1.0
Tyler Onyango,2021-2022,0,Other,McAtee,2021-2022,Midfielder,1.0,Nikola Vuk?evi?,2021-2022,Other,1.0,Jeremy Sarmiento,2021-2022,Other,1.0,Aimar Sher,2021-2022,Other,1.0,Roberto Gagliardini,2021-2022,Other,1.0
Frank Onyeka,2021-2022,0,Other,Juan Miranda,2021-2022,Other,1.0,Tobias Raschl,2021-2022,Other,1.0,Julian Pollersbeck,2021-2022,Other,1.0,Will Hughes,2021-2022,Other,1.0,Manu García,2021-2022,Other,1.0
Willi Orbán,2021-2022,0,Unknown,William Saliba,2021-2022,Unknown,1.0,Virgil van Dijk,2021-2022,Unknown,1.0,Amir Rrahmani,2021-2022,Unknown,1.0,Alphonso Davies,2021-2022,Unknown,1.0,Dries Mertens,2021-2022,Unknown,1.0
Riccardo Orsolini,2021-2022,0,Other,Dennis Geiger,2021-2022,Other,1.0,Mark Flekken,2021-2022,Other,1.0,Jorge Miramón,2021-2022,Other,1.0,Alfred Duncan,2021-2022,Other,1.0,Gianluca Busio,2021-2022,Other,1.0
Stefan Ortega,2021-2022,0,Unknown,Wilfried Zaha,2021-2022,Other,1.0,Conor Coady,2021-2022,Other,1.0,Mike Maignan,2021-2022,Unknown,1.0,Cristiano Biraghi,2021-2022,Other,1.0,Mahdi Camara,2021-2022,Other,1.0
Victor Osimhen,2021-2022,0,Unknown,Kevin Kampl,2021-2022,Unknown,1.0,Nicolò Barella,2021-2022,Unknown,1.0,Jerdy Schouten,2021-2022,Unknown,1.0,David Silva,2021-2022,Unknown,1.0,Maximilian Arnold,2021-2022,Unknown,1.0
Milutin Osmaji?,2021-2022,0,Other,Jordi Mboula,2021-2022,Other,1.0,Erik Thommy,2021-2022,Other,1.0,Jordan Tell,2021-2022,Other,1.0,Javairô Dilrosun,2021-2022,Other,1.0,Carlos Dominguez,2021-2022,Other,1.0
David Ospina,2021-2022,0,Unknown,Harry Winks,2021-2022,Unknown,1.0,Sergio Canales,2021-2022,Other,1.0,Antonín Barák,2021-2022,Other,1.0,Valentin Rongier,2021-2022,Other,1.0,Fabio,2021-2022,Unknown,1.0
Patrick Osterhage,2021-2022,0,Other,Kingsley Schindler,2021-2022,Other,1.0,Levin Öztunalý,2021-2022,Other,1.0,Emanuel Vignato,2021-2022,Other,1.0,Sebastien De Maio,2021-2022,Other,1.0,Iglesias,2021-2022,Other,1.0
Tomá Ostrák,2021-2022,0,Other,Kevin De Bruyne,2025-2026,Unknown,1.0,Karim Rekik,2021-2022,Other,1.0,Ceballos,2025-2026,Midfielder,1.0,Josip Brekalo,2021-2022,Other,0.9998,Jofre,2021-2022,Other,0.9997
Dango Ouattara,2021-2022,0,Other,Stefanos Kapino,2021-2022,Other,1.0,Dominik Greif,2021-2022,Other,1.0,Matteo Ruggeri,2021-2022,Other,1.0,Philipp Pentke,2021-2022,Other,1.0,Tiemoué Bakayoko,2021-2022,Unknown,1.0
Remi Oudin,2021-2022,0,Other,Luca Ceppitelli,2021-2022,Other,1.0,Joakim Mæhle,2021-2022,Other,1.0,Jeremy Toljan,2021-2022,Other,1.0,Hicham Boudaoui,2021-2022,Other,1.0,Kamory Doumbia,2021-2022,Other,1.0
Alexandre Oukidja,2021-2022,0,Other,Roman Bürki,2021-2022,Unknown,1.0,Luca Netz,2021-2022,Other,1.0,Nolito,2021-2022,Other,1.0,David Zima,2021-2022,Other,1.0,Sergio Agüero,2021-2022,Unknown,1.0
Azzedine Ounahi,2021-2022,0,Other,Antonio Sanabria,2021-2022,Other,1.0,Jeong Woo-yeong,2021-2022,Other,1.0,Dan Burn,2021-2022,Other,1.0,Callum Wilson,2021-2022,Other,1.0,Ridgeciano Haps,2021-2022,Other,1.0
Adam Ounas,2021-2022,0,Other,Enzo Crivelli,2021-2022,Other,1.0,Dion Moise Sahi,2021-2022,Other,1.0,Toni Martínez,2021-2022,Forward,1.0,Felix Kalu Nmecha,2021-2022,Other,1.0,Noah Joel Sarenren Bazee,2021-2022,Other,1.0
Jesús Owono,2021-2022,0,Other,Sikou Niakaté,2021-2022,Other,1.0,Iñigo Pérez,2021-2022,Other,1.0,Abdón Prats,2021-2022,Other,1.0,Giovanni González,2021-2022,Other,1.0,?tefan Radu,2021-2022,Other,1.0
Reece Oxford,2021-2022,0,Other,Ryad Boudebouz,2021-2022,Other,1.0,Santiago Arias,2021-2022,Unknown,1.0,Grant Hanley,2021-2022,Other,1.0,Santi Comesaña,2021-2022,Other,1.0,Adrien Tameze,2021-2022,Other,1.0
Alex Oxlade-Chamberlain,2021-2022,0,Unknown,Callum Hudson-Odoi,2021-2022,Unknown,1.0,Moses Simon,2021-2022,Unknown,1.0,Alexis Saelemaekers,2021-2022,Unknown,1.0,Ethan Ampadu,2021-2022,Unknown,1.0,Jonathan Bamba,2021-2022,Unknown,1.0
Mikel Oyarzabal,2021-2022,0,Unknown,Chris Smalling,2021-2022,Unknown,1.0,Djibril Sow,2021-2022,Unknown,1.0,Manuel Lazzari,2021-2022,Unknown,1.0,Brendan Chardonnet,2021-2022,Unknown,1.0,Alexis Mac Allister,2021-2022,Unknown,1.0
Ambroise Oyongo,2021-2022,0,Other,Wu Lei,2021-2022,Other,1.0,Alberto Perea,2021-2022,Other,1.0,Jonathan Schmid,2021-2022,Other,1.0,Cédric Bakambu,2021-2022,Other,1.0,Eiji Kawashima,2021-2022,Other,1.0
Salih Özcan,2021-2022,0,Unknown,Maxence Caqueret,2021-2022,Unknown,1.0,Dante,2021-2022,Unknown,1.0,Scott McTominay,2021-2022,Unknown,1.0,Martín Zubimendi,2021-2022,Unknown,1.0,Douglas Luiz,2021-2022,Unknown,1.0
Levin Öztunalý,2021-2022,0,Other,Patrick Osterhage,2021-2022,Other,1.0,Kingsley Schindler,2021-2022,Other,1.0,Sebastien De Maio,2021-2022,Other,1.0,Emanuel Vignato,2021-2022,Other,1.0,Iglesias,2021-2022,Other,1.0
Fernando Pacheco,2021-2022,0,Other,Rogério,2021-2022,Other,1.0,Varazdat Haroyan,2021-2022,Other,1.0,Josep Martínez,2021-2022,Unknown,1.0,Sergi Guardiola,2021-2022,Other,1.0,Patrick Wimmer,2021-2022,Other,1.0
Jon Pacheco,2021-2022,0,Other,Augusto Solari,2021-2022,Other,1.0,Amadou Mbengue,2021-2022,Other,1.0,Carlos Bacca,2021-2022,Other,1.0,Marcus Ingvartsen,2021-2022,Other,1.0,Aaron Connolly,2021-2022,Other,1.0
Gonçalo Paciência,2021-2022,0,Other,Monchu,2021-2022,Other,1.0,Tobias Strobl,2021-2022,Other,1.0,Jutglà,2021-2022,Other,1.0,Rayan Cherki,2021-2022,Other,1.0,Andrei Motoc,2021-2022,Other,1.0
Daniele Padelli,2021-2022,0,Other,Ander Guevara,2021-2022,Other,1.0,Benjamin Hübner,2021-2022,Other,1.0,Andrea Petagna,2021-2022,Other,1.0,Ivor Pandur,2021-2022,Other,1.0,Cedric Itten,2021-2022,Other,1.0
Gavi Paez,2021-2022,0,Other,Hugo Mallo,2021-2022,Other,1.0,Hwang Ui-jo,2021-2022,Other,1.0,Ivan Ili?,2021-2022,Other,1.0,Jonas Wind,2021-2022,Other,1.0,Samuele Ricci,2021-2022,Other,1.0
Simone Pafundi,2021-2022,0,Other,Eric García,2025-2026,Unknown,1.0,Al. Miranchuk,2021-2022,Forward,1.0,Strahinja Pavlovic,2025-2026,Unknown,1.0,Lazar Samardzic,2025-2026,Other,1.0,Maier,2021-2022,Midfielder,1.0
Vincent Pajot,2021-2022,0,Other,Tyrick Mitchell,2021-2022,Other,1.0,Borna Sosa,2021-2022,Other,1.0,Quentin Merlin,2021-2022,Other,1.0,Joelinton,2021-2022,Other,1.0,Arthur Theate,2021-2022,Other,1.0
Exequiel Palacios,2021-2022,0,Unknown,Joshua Kimmich,2021-2022,Unknown,1.0,Marcel Halstenberg,2021-2022,Unknown,1.0,Raphaël Guerreiro,2021-2022,Unknown,1.0,Kevin De Bruyne,2021-2022,Unknown,1.0,Jonas Hofmann,2021-2022,Unknown,1.0
Helibelton Palacios,2021-2022,0,Other,Dion Lopy,2021-2022,Other,1.0,Takuma Asano,2021-2022,Other,1.0,Matías Viña,2021-2022,Other,1.0,Jean-Louis Leca,2021-2022,Other,1.0,Fali Candé,2021-2022,Other,1.0
Isaac Palazón Camacho,2021-2022,0,Other,Gerrit Holtmann,2021-2022,Other,1.0,Yangel Herrera,2021-2022,Other,1.0,Brandon Williams,2021-2022,Other,1.0,Kepa,2021-2022,Goalkeeper,1.0,Sepe Elye Wahi,2021-2022,Other,1.0
Nicolas Pallois,2021-2022,0,Other,Vlad Chiriche?,2021-2022,Other,1.0,Dani Rodríguez,2021-2022,Other,1.0,Martin Erlic,2021-2022,Other,1.0,Javi Martínez,2021-2022,Unknown,1.0,Terem Moffi,2021-2022,Other,1.0
Cole Palmer,2021-2022,0,Other,Josep Antoni Gayá,2021-2022,Other,1.0,Yannick Gerhardt,2021-2022,Other,1.0,Vincent Vermeij,2021-2022,Other,1.0,Alan Virginius,2025-2026,Other,1.0,Kanga,2021-2022,Forward,1.0
Erik Palmer-Brown,2021-2022,0,Other,Eduard Löwen,2021-2022,Other,1.0,Jodel Dossou,2021-2022,Other,1.0,Gerard Gumbau,2021-2022,Other,1.0,Boubacar Traoré,2021-2022,Other,1.0,Darwin Machís,2021-2022,Other,1.0
Emerson Palmieri,2021-2022,0,Other,Lewis Dunk,2021-2022,Other,1.0,David Raya,2021-2022,Unknown,1.0,Grischa Prömel,2021-2022,Other,1.0,Antonio Candreva,2021-2022,Other,1.0,Timothée Kolodziejczak,2021-2022,Other,1.0
Goran Pandev,2021-2022,0,Unknown,Ben Johnson,2021-2022,Other,1.0,Franco Russo,2021-2022,Other,1.0,Esteban Saveljich,2021-2022,Other,1.0,Andreas Luthe,2021-2022,Other,1.0,Enis Bardhi,2021-2022,Other,1.0
Ivor Pandur,2021-2022,0,Other,Andrea Petagna,2021-2022,Other,1.0,Daniele Padelli,2021-2022,Other,1.0,Sada Thioub,2021-2022,Other,1.0,Sofian Kiyine,2021-2022,Other,1.0,Ander Guevara,2021-2022,Other,1.0
Milo Pantovi?,2021-2022,0,Other,Maxime Busi,2021-2022,Other,1.0,Andros Townsend,2021-2022,Other,1.0,Sergi Canós,2021-2022,Other,1.0,Thomas Strakosha,2021-2022,Other,1.0,Patson Daka,2021-2022,Other,1.0
Matondo-Merveille Papela,2021-2022,0,Other,Charlie Cresswell,2021-2022,Other,1.0,Tommaso Pobega,2025-2026,Other,1.0,Sydney van Hooijdonk,2021-2022,Other,1.0,F. Nmecha,2021-2022,Midfielder,1.0,Liam McCarron,2021-2022,Other,1.0
Lucas Paquetá,2021-2022,0,Other,Kristjan Asllani,2021-2022,Unknown,1.0,Fabián Ruiz Peña,2021-2022,Other,1.0,Marius Wolf,2021-2022,Unknown,1.0,Lukas Klostermann,2021-2022,Unknown,1.0,Fabian Schär,2021-2022,Unknown,1.0
Rubén Pardo,2021-2022,0,Other,James Forrest,2025-2026,Unknown,1.0,Carmona,2021-2022,Other,1.0,Daan Heymans,2021-2022,Other,1.0,Lukáš Sadílek,2025-2026,Other,1.0,Farid El Melali,2021-2022,Other,1.0
Leandro Paredes,2021-2022,0,Unknown,De Gea,2021-2022,Goalkeeper,1.0,Dani Alves,2021-2022,Unknown,0.9998,Faivre,2021-2022,Goalkeeper,0.9996,David Raya,2025-2026,Unknown,0.9995,Sergio Ramos,2021-2022,Unknown,0.9979
Fabiano Parisi,2021-2022,0,Other,Dani Gómez,2021-2022,Other,1.0,Lucas Da Cunha,2021-2022,Other,1.0,Danijel Zagorac,2025-2026,Goalkeeper,1.0,Kostas Stafylidis,2021-2022,Other,1.0,Luis Hernández,2021-2022,Other,1.0
Raúl Parra,2021-2022,0,Other,Rubén,2021-2022,Other,1.0,Ilias Akhomach,2021-2022,Other,1.0,Indrit Tuci,2025-2026,Unknown,1.0,Levi Lumeka,2021-2022,Other,1.0,Victor Perea,2021-2022,Other,1.0
Thomas Partey,2021-2022,0,Unknown,Niklas Süle,2021-2022,Unknown,1.0,Nico Schlotterbeck,2021-2022,Unknown,1.0,Lucas Hernández,2021-2022,Unknown,1.0,Benjamin André,2021-2022,Unknown,1.0,Dani Olmo,2021-2022,Unknown,1.0
Mario Paali?,2021-2022,0,Other,Ryan Sessegnon,2021-2022,Unknown,1.0,Hugo Lloris,2021-2022,Unknown,1.0,Georginio Wijnaldum,2021-2022,Unknown,1.0,Wataru Endo,2021-2022,Other,1.0,Kevin Danso,2021-2022,Other,1.0
Javier Pastore,2021-2022,0,Unknown,Rade Kruni?,2021-2022,Other,1.0,Sascha Burchert,2021-2022,Other,1.0,Christian Kabasele,2021-2022,Other,1.0,Luigi Sepe,2021-2022,Other,1.0,Aihen Muñoz,2021-2022,Other,1.0
Patric,2021-2022,0,Unknown,Karl Toko Ekambi,2021-2022,Unknown,1.0,Dani Olmo,2021-2022,Unknown,1.0,Lucas Hernández,2021-2022,Unknown,1.0,Thomas Partey,2021-2022,Unknown,1.0,Niklas Süle,2021-2022,Unknown,1.0
Rui Patrício,2021-2022,0,Unknown,Gleison Bremer,2021-2022,Other,1.0,Johan Gastien,2021-2022,Other,1.0,James Maddison,2021-2022,Other,1.0,Hugo Lloris,2021-2022,Unknown,1.0,Ryan Sessegnon,2021-2022,Unknown,1.0
Gabriel Paulista,2021-2022,0,Unknown,Joaquín Correa,2021-2022,Unknown,1.0,Eliaquim Mangala,2021-2022,Unknown,1.0,Nico Elvedi,2021-2022,Unknown,1.0,Alessandro Bastoni,2021-2022,Unknown,1.0,David Raum,2021-2022,Unknown,1.0
Benjamin Pavard,2021-2022,0,Unknown,Julian Brandt,2021-2022,Unknown,1.0,Houssem Aouar,2021-2022,Unknown,1.0,Cristiano Ronaldo,2021-2022,Unknown,1.0,Pedro,2021-2022,Unknown,1.0,Hamari Traoré,2021-2022,Unknown,1.0
Strahinja Pavlovi?,2021-2022,0,Other,Stefan Ilsanker,2021-2022,Other,1.0,Timothy Fosu-Mensah,2021-2022,Other,1.0,Jean-Daniel Akpa-Akpro,2021-2022,Other,1.0,Matija Nastasi?,2021-2022,Other,1.0,Jean-Philippe Gbamin,2021-2022,Other,1.0
Leonardo Pavoletti,2021-2022,0,Other,Jay Rodriguez,2021-2022,Other,1.0,Didier Lamkel Zé,2021-2022,Other,1.0,Mattia Bani,2021-2022,Other,1.0,Simon Kjær,2021-2022,Other,1.0,Krzysztof Pi?tek,2021-2022,Other,1.0
Dimitri Payet,2021-2022,0,Other,Jetro Willems,2021-2022,Unknown,1.0,Marc Albrighton,2021-2022,Unknown,1.0,Ander Barrenetxea,2021-2022,Unknown,1.0,Keylor Navas,2021-2022,Unknown,1.0,Tom Cleverley,2021-2022,Unknown,1.0
Mads Pedersen,2021-2022,0,Other,Tyronne Ebuehi,2021-2022,Other,1.0,Nahuel Tenaglia,2021-2022,Other,1.0,Santiago Gimenez,2025-2026,Unknown,1.0,Romain Del Castillo,2021-2022,Other,1.0,Pierrick Capelle,2021-2022,Other,1.0
Pedro,2021-2022,0,Unknown,Hamari Traoré,2021-2022,Unknown,1.0,Houssem Aouar,2021-2022,Unknown,1.0,Julian Brandt,2021-2022,Unknown,1.0,Domenico Criscito,2021-2022,Unknown,1.0,Benjamin Pavard,2021-2022,Unknown,1.0
João Pedro,2021-2022,0,Other,Ashley Young,2021-2022,Unknown,1.0,Pedro Chirivella,2021-2022,Other,1.0,Eden Hazard,2021-2022,Unknown,1.0,Mateo Kova?i?,2021-2022,Other,1.0,Emile Smith Rowe,2021-2022,Other,1.0
Pedrosa,2021-2022,0,Other,Alisson,2021-2022,Other,1.0,Mauro Arambarri,2021-2022,Other,1.0,Lucas Boyé,2021-2022,Other,1.0,Santi Mina,2021-2022,Other,1.0,Ademola Lookman,2021-2022,Other,1.0
Gianluca Pegolo,2021-2022,0,Other,Axel Tuanzebe,2021-2022,Other,1.0,Hianga Mananga Mbock,2021-2022,Other,1.0,Javier Díaz,2021-2022,Other,1.0,Steven Alzate,2021-2022,Other,1.0,Juan Pérez,2021-2022,Other,1.0
Peter Pekarík,2021-2022,0,Other,Mason Holgate,2021-2022,Other,1.0,Antonio Puertas,2021-2022,Other,1.0,Florian Kainz,2021-2022,Other,1.0,Ibrahima Sissoko,2021-2022,Other,1.0,Fabian Delph,2021-2022,Unknown,1.0
Pietro Pellegri,2021-2022,0,Other,Sidney Raebiger,2021-2022,Other,1.0,Lucas Calodat,2021-2022,Other,1.0,Alex Petxa,2021-2022,Other,1.0,Wisdom Amey,2021-2022,Other,1.0,Alex Král,2021-2022,Other,1.0
Lorenzo Pellegrini,2021-2022,0,Unknown,Memphis Depay,2021-2022,Unknown,1.0,Jamal Musiala,2021-2022,Unknown,1.0,Benjamin Henrichs,2021-2022,Unknown,1.0,Jens Cajuste,2021-2022,Unknown,1.0,Marten de Roon,2021-2022,Unknown,1.0
Facundo Pellistri,2021-2022,0,Other,Faouzi Ghoulam,2021-2022,Unknown,1.0,Charles Traore,2021-2022,Other,1.0,Adrian Grbi?,2021-2022,Other,1.0,Luka Bogdan,2021-2022,Other,1.0,Willem Geubbels,2021-2022,Other,1.0
Timothee Pembele,2021-2022,0,Other,Leonardo César Jardim,2021-2022,Other,1.0,Junior Sambia,2021-2022,Other,1.0,Josip Ili?i?,2021-2022,Other,1.0,Thierry Correia,2021-2022,Other,1.0,Marc-André ter Stegen,2025-2026,Unknown,1.0
Rubén Peña,2021-2022,0,Other,Bondarenko,2021-2022,Midfielder,1.0,Raheem Sterling,2025-2026,Unknown,1.0,Diego Falcinelli,2021-2022,Other,1.0,Vanja Drkušić,2025-2026,Other,1.0,Paulo Gazzaniga,2025-2026,Other,1.0
Philipp Pentke,2021-2022,0,Other,Matteo Ruggeri,2021-2022,Other,1.0,Tiemoué Bakayoko,2021-2022,Unknown,1.0,Stefanos Kapino,2021-2022,Other,1.0,Dominik Greif,2021-2022,Other,1.0,Dango Ouattara,2021-2022,Other,1.0
Nicolas Pépé,2021-2022,0,Other,Sam Byram,2021-2022,Other,1.0,Dominique Heintz,2021-2022,Other,1.0,Bart?omiej Dr?gowski,2021-2022,Other,1.0,ime Vrsaljko,2021-2022,Other,1.0,Alphonse Areola,2021-2022,Unknown,1.0
Ricardo Pepi,2021-2022,0,Other,Cala,2021-2022,Other,1.0,Alessandro Berardi,2021-2022,Other,1.0,Flavio Junior Bianchi,2021-2022,Other,1.0,Mitchell Dijks,2021-2022,Other,1.0,Jannik Vestergaard,2021-2022,Other,1.0
Alberto Perea,2021-2022,0,Other,Wu Lei,2021-2022,Other,1.0,Ambroise Oyongo,2021-2022,Other,1.0,Ionu? Radu,2021-2022,Other,1.0,Jonathan Schmid,2021-2022,Other,1.0,Cédric Bakambu,2021-2022,Other,1.0
Victor Perea,2021-2022,0,Other,Levi Lumeka,2021-2022,Other,1.0,Chrislain Matsima,2021-2022,Other,1.0,Ilias Akhomach,2021-2022,Other,1.0,Raúl Parra,2021-2022,Other,1.0,Rubén,2021-2022,Other,1.0
Mathias Pereira Lage,2021-2022,0,Unknown,Sandro Tonali,2021-2022,Unknown,1.0,Bryan Cristante,2021-2022,Unknown,1.0,Bukayo Saka,2021-2022,Unknown,1.0,Breel Embolo,2021-2022,Unknown,1.0,Lars Stindl,2021-2022,Unknown,1.0
Danilo Pereira,2021-2022,0,Unknown,Raphaël Guerreiro,2021-2022,Unknown,1.0,Dayot Upamecano,2021-2022,Unknown,1.0,Joshua Kimmich,2021-2022,Unknown,1.0,Exequiel Palacios,2021-2022,Unknown,1.0,Cristian Romero,2021-2022,Unknown,1.0
Ricardo Pereira,2021-2022,0,Unknown,Martin Terrier,2021-2022,Unknown,1.0,Ramy Bensebaini,2021-2022,Unknown,1.0,Thilo Kehrer,2021-2022,Unknown,1.0,Raheem Sterling,2021-2022,Unknown,1.0,Hakim Ziyech,2021-2022,Unknown,1.0
Gastón Pereiro,2021-2022,0,Unknown,Jarrod Bowen,2021-2022,Other,1.0,Martín Cáceres,2021-2022,Unknown,1.0,Antonio Candreva,2021-2022,Other,1.0,Grischa Prömel,2021-2022,Other,1.0,Tomá Sou?ek,2021-2022,Other,1.0
Luan Peres Petroni,2021-2022,0,Other,Warmed Omari,2021-2022,Other,1.0,Iván Balliu,2021-2022,Other,1.0,Jon Moncayola,2021-2022,Other,1.0,Dylan Bronn,2021-2022,Other,1.0,Josh Brownhill,2021-2022,Other,1.0
Dor Peretz,2021-2022,0,Other,Stéphane Diarra,2021-2022,Other,1.0,Liberato Cacace,2021-2022,Other,1.0,Dominic Thompson,2021-2022,Other,1.0,Jakub Pešek,2025-2026,Forward,1.0,Kevin-Prince Boateng,2021-2022,Unknown,1.0
Roberto Pereyra,2021-2022,0,Unknown,Juan Musso,2021-2022,Other,1.0,Stephan El Shaarawy,2021-2022,Unknown,1.0,Junior Messias,2021-2022,Unknown,1.0,Matty Cash,2021-2022,Unknown,1.0,Radamel Falcao,2021-2022,Unknown,1.0
Ayoze Pérez,2021-2022,0,Other,Caleb Ekuban,2021-2022,Other,1.0,Alexis Flips,2021-2022,Other,1.0,Nuno Tavares,2021-2022,Other,1.0,Gio Reyna,2021-2022,Other,1.0,Danijel Petkovi?,2021-2022,Other,1.0
Carles Pérez,2021-2022,0,Other,Jorge Meré,2021-2022,Other,1.0,Paul Akouokou,2021-2022,Other,1.0,Tony Jantschke,2021-2022,Other,1.0,Jakub Jankto,2021-2022,Other,1.0,Pablo Martínez,2021-2022,Other,1.0
Iñigo Pérez,2021-2022,0,Other,Abdón Prats,2021-2022,Other,1.0,Giovanni González,2021-2022,Other,1.0,Jesús Owono,2021-2022,Other,1.0,Sikou Niakaté,2021-2022,Other,1.0,Morgan Schneiderlin,2021-2022,Other,1.0
Juan Pérez,2021-2022,0,Other,Javier Díaz,2021-2022,Other,1.0,Hianga Mananga Mbock,2021-2022,Other,1.0,Bradley Barcola,2021-2022,Unknown,1.0,Axel Tuanzebe,2021-2022,Other,1.0,Gianluca Pegolo,2021-2022,Other,1.0
Kike Pérez,2021-2022,0,Other,Mathew Ryan,2021-2022,Other,1.0,Tino Kadewere,2021-2022,Other,1.0,Finn Dahmen,2021-2022,Other,1.0,Janis Antiste,2021-2022,Other,1.0,Tyler Roberts,2021-2022,Other,1.0
Lucas Pérez,2021-2022,0,Other,Ibrahima Niane,2021-2022,Other,1.0,Federico Di Francesco,2021-2022,Other,1.0,Adam Armstrong,2021-2022,Other,1.0,Dominik Kohr,2021-2022,Other,1.0,Iñigo Ruiz de Galarreta,2021-2022,Other,1.0
Nehuén Pérez,2021-2022,0,Other,Dennis Appiah,2021-2022,Other,1.0,Arkadiusz Reca,2021-2022,Other,1.0,Álex Collado,2021-2022,Other,1.0,Benoît Costil,2021-2022,Other,1.0,Kelechi Iheanacho,2021-2022,Other,1.0
Ivan Perii?,2021-2022,0,Other,Rémy Cabella,2021-2022,Unknown,1.0,Gianluigi Donnarumma,2021-2022,Unknown,1.0,Romain Thomas,2021-2022,Other,1.0,Aaron Hickey,2021-2022,Other,1.0,Amine Gouiri,2021-2022,Other,1.0
Sonny Perkins,2021-2022,0,Other,Leonardo Capezzi,2021-2022,Other,1.0,Charles Abi,2021-2022,Other,1.0,Oriol Busquets,2021-2022,Other,1.0,Jérôme Hergault,2021-2022,Other,1.0,Håvard Nordtveit,2021-2022,Other,1.0
Diego Perotti,2021-2022,0,Unknown,Ilija Nestorovski,2021-2022,Other,1.0,Alessandro Russo,2021-2022,Other,1.0,Marcos Mauro López Gutiérrez,2021-2022,Other,1.0,Ádám Szalai,2021-2022,Other,1.0,Álvaro Bastida,2021-2022,Other,1.0
Romain Perraud,2021-2022,0,Other,Carlos Gruezo,2021-2022,Unknown,1.0,Charalambos Lykogiannis,2021-2022,Other,1.0,Stevan Joveti?,2021-2022,Other,1.0,Jérémy Le Douaron,2021-2022,Other,1.0,Ondrej Duda,2021-2022,Other,1.0
Lucas Perrin,2021-2022,0,Other,Gianluca Scamacca,2021-2022,Other,1.0,Raphael Dias Belloli,2021-2022,Other,1.0,Szymon ?urkowski,2021-2022,Other,1.0,Giacomo Raspadori,2021-2022,Other,1.0,Adam Marui?,2021-2022,Other,1.0
Andrea Petagna,2021-2022,0,Other,Ivor Pandur,2021-2022,Other,1.0,Daniele Padelli,2021-2022,Other,1.0,Sada Thioub,2021-2022,Other,1.0,Sofian Kiyine,2021-2022,Other,1.0,Ander Guevara,2021-2022,Other,1.0
Nils Petersen,2021-2022,0,Other,Tristan Dingomé,2021-2022,Other,1.0,Leo Skiri Østigård,2021-2022,Other,1.0,Isaac Hayden,2021-2022,Other,1.0,Ángel Montoro,2021-2022,Other,1.0,Gaëtan Poussin,2021-2022,Other,1.0
Danijel Petkovi?,2021-2022,0,Other,Adnan Januzaj,2021-2022,Other,1.0,Paul Nardi,2021-2022,Other,1.0,Víctor Díaz,2021-2022,Other,1.0,Caleb Ekuban,2021-2022,Other,1.0,Ayoze Pérez,2021-2022,Other,1.0
Léo Pétrot,2021-2022,0,Other,Fran Beltrán,2021-2022,Other,1.0,David García,2021-2022,Other,1.0,Ruben Aguilar,2021-2022,Other,1.0,Szymon ?urkowski,2021-2022,Other,1.0,Hugo Ekitike,2021-2022,Other,1.0
Njego Petrovi?,2021-2022,0,Other,Eberechi Eze,2021-2022,Other,1.0,Francesco Bardi,2021-2022,Other,1.0,Lamine Gueye,2021-2022,Other,1.0,Marcin Bu?ka,2021-2022,Other,1.0,Samuel Loric,2021-2022,Other,1.0
Jens Petter Hauge,2021-2022,0,Other,Andriy Yarmolenko,2021-2022,Unknown,1.0,Kieran Dowell,2021-2022,Other,1.0,Guido Carrillo,2021-2022,Other,1.0,Morten Frendrup,2021-2022,Other,1.0,Toma Bai?,2021-2022,Other,1.0
Alex Petxa,2021-2022,0,Other,Pietro Pellegri,2021-2022,Other,1.0,Sidney Raebiger,2021-2022,Other,1.0,Lucas Calodat,2021-2022,Other,1.0,Wisdom Amey,2021-2022,Other,1.0,Ruan,2021-2022,Other,1.0
Germán Pezzella,2021-2022,0,Other,Ronaël Pierre-Gabriel,2021-2022,Other,1.0,Ibrahim Amadou,2021-2022,Other,1.0,Harvey Barnes,2021-2022,Other,1.0,Musa Barrow,2021-2022,Other,1.0,Rico Henry,2021-2022,Other,1.0
Immanuel Pherai,2021-2022,0,Other,Romario Rösch,2021-2022,Other,1.0,Daniel Chesters,2021-2022,Other,1.0,Dimitrios Keramitsis,2021-2022,Other,1.0,Robert Tesche,2021-2022,Other,1.0,Marin Jakoli,2021-2022,Other,1.0
Romain Philippoteaux,2021-2022,0,Other,Junior Mwanga,2021-2022,Other,1.0,Ismaël Gharbi,2021-2022,Other,1.0,Sebastian Giovinco,2021-2022,Other,1.0,Jens Odgaard,2025-2026,Other,1.0,Cody Drameh,2021-2022,Other,1.0
Kalvin Phillips,2021-2022,0,Other,Nemanja Maksimovi?,2021-2022,Other,1.0,Samir Handanovi?,2021-2022,Other,1.0,Steve Mounié,2021-2022,Other,1.0,Claudio Bravo,2021-2022,Unknown,1.0,Amos Pieper,2021-2022,Other,1.0
Jaden Philogene Bidace,2021-2022,0,Other,Umut Tohumcu,2021-2022,Other,1.0,Moussa Djenepo,2021-2022,Other,1.0,Omar Richards,2021-2022,Other,1.0,Oriol Busquets,2021-2022,Other,1.0,Leonardo Capezzi,2021-2022,Other,1.0
Krzysztof Pi?tek,2021-2022,0,Other,Janni Serra,2021-2022,Other,1.0,Mattia Bani,2021-2022,Other,1.0,Leonardo Pavoletti,2021-2022,Other,1.0,Jay Rodriguez,2021-2022,Other,1.0,Marc-Aurèle Caillard,2021-2022,Other,1.0
Pablo Piatti,2021-2022,0,Other,Issouf Sissokho,2021-2022,Other,1.0,Martín Merquelanz,2021-2022,Other,1.0,Alexis Tibidi,2021-2022,Other,1.0,Sacha Delaye,2021-2022,Other,1.0,Amadou Diawara,2021-2022,Unknown,1.0
Cristiano Piccini,2021-2022,0,Other,Hassane Kamara,2021-2022,Other,1.0,Diego Coppola,2021-2022,Other,1.0,Bilal Brahimi,2021-2022,Other,1.0,Fredrik Jensen,2021-2022,Other,1.0,Felix Afena-Gyan,2021-2022,Other,1.0
Roberto Piccoli,2021-2022,0,Other,Pedro Neto,2021-2022,Other,1.0,Anastasios Donis,2021-2022,Other,1.0,Francesco Caputo,2021-2022,Other,1.0,Fraser Hornby,2021-2022,Other,1.0,Léo Leroy,2021-2022,Other,1.0
Jordan Pickford,2021-2022,0,Other,Cédric Brunner,2021-2022,Other,1.0,Alfred Gomis,2021-2022,Other,1.0,Koffi Djidji,2021-2022,Other,1.0,Emil Audero,2021-2022,Other,1.0,Pol Lirola,2021-2022,Other,1.0
Amos Pieper,2021-2022,0,Other,Claudio Bravo,2021-2022,Unknown,1.0,Steve Mounié,2021-2022,Other,1.0,Samir Handanovi?,2021-2022,Other,1.0,Kalvin Phillips,2021-2022,Other,1.0,Nemanja Maksimovi?,2021-2022,Other,1.0
Ronaël Pierre-Gabriel,2021-2022,0,Other,Germán Pezzella,2021-2022,Other,1.0,Ibrahim Amadou,2021-2022,Other,1.0,Gerzino Nyamsi,2021-2022,Other,1.0,Harvey Barnes,2021-2022,Other,1.0,Musa Barrow,2021-2022,Other,1.0
Erik Pieters,2021-2022,0,Other,Luka Milivojevi?,2021-2022,Other,1.0,Maranhão,2021-2022,Other,1.0,Sergio Postigo,2021-2022,Other,1.0,Louis Schaub,2021-2022,Other,1.0,Karol Linetty,2021-2022,Other,1.0
Tomás Pina Isla,2021-2022,0,Other,Opa Nguette,2021-2022,Other,1.0,Ignatius Ganago,2021-2022,Other,1.0,Nadir Zortea,2021-2022,Other,1.0,Lucas Alario,2021-2022,Other,1.0,Fernando Calero,2021-2022,Other,1.0
Andrea Pinamonti,2021-2022,0,Other,Richarlison,2021-2022,Other,1.0,Angelo Ogbonna,2021-2022,Other,1.0,Kelvin Amian,2021-2022,Other,1.0,Séamus Coleman,2021-2022,Other,1.0,Matthieu Udol,2021-2022,Other,1.0
Orbelín Pineda,2021-2022,0,Other,Erencan Yardımcı,2025-2026,Other,1.0,Facundo Gonzalez,2025-2026,Unknown,1.0,Kacper Urbanski,2021-2022,Other,1.0,Francisco Conceição,2021-2022,Unknown,1.0,Antonio Nusa,2025-2026,Other,1.0
Ethan Pinnock,2021-2022,0,Other,Saïd Benrahma,2021-2022,Other,1.0,Robert Andrich,2021-2022,Other,1.0,Piotr Zieli?ski,2021-2022,Other,1.0,Michael Keane,2021-2022,Other,1.0,Igor,2021-2022,Other,1.0
Yeremi Pino,2021-2022,0,Other,Craig Dawson,2021-2022,Other,1.0,Stian Rode Gregersen,2021-2022,Other,1.0,Arnaut Groeneveld,2021-2022,Other,1.0,Santiago Ascacíbar,2021-2022,Other,1.0,Thomas Monconduit,2021-2022,Other,1.0
Carlo Pinsoglio,2021-2022,0,Other,Arnór Sigur?sson,2021-2022,Other,1.0,Shane Long,2021-2022,Other,1.0,Mickey van de Ven,2021-2022,Other,1.0,Tachi,2021-2022,Other,1.0,Riccardo Ciervo,2021-2022,Other,1.0
Marko Pjaca,2021-2022,0,Other,Dominik Kohr,2021-2022,Other,1.0,Jean-Philippe Mateta,2021-2022,Other,1.0,Vanja Milinkovi?-Savi?,2021-2022,Other,1.0,Yvann Macon,2021-2022,Other,1.0,Wout Weghorst,2021-2022,Other,1.0
Marvin Plattenhardt,2021-2022,0,Other,Mathias Normann,2021-2022,Other,1.0,Jim Allevinah,2021-2022,Other,1.0,Emil Krafth,2021-2022,Other,1.0,Rey Manaj,2021-2022,Other,1.0,Cárdenas,2021-2022,Other,1.0
Alassane Pléa,2021-2022,0,Unknown,Krépin Diatta,2021-2022,Unknown,1.0,Fikayo Tomori,2021-2022,Unknown,1.0,Carlos Soler,2021-2022,Unknown,1.0,Robin Le Normand,2021-2022,Unknown,1.0,Thorgan Hazard,2021-2022,Unknown,1.0
Tommaso Pobega,2021-2022,0,Other,Omar Colley,2021-2022,Other,1.0,Niklas Dorsch,2021-2022,Other,1.0,M'Baye Niang,2021-2022,Unknown,1.0,Emi Buendía,2021-2022,Other,1.0,Giulio Maggiore,2021-2022,Other,1.0
Daniel Podence,2021-2022,0,Other,Ruben Vargas,2021-2022,Other,1.0,Adri Embarba,2021-2022,Other,1.0,Roland Sallai,2021-2022,Other,1.0,Alexander Sørloth,2021-2022,Other,1.0,Miguel Almirón,2021-2022,Other,1.0
Suf Podgoreanu,2021-2022,0,Other,Lennart-Marten Czyborra,2021-2022,Other,1.0,Rodrigo Riquelme,2025-2026,Other,1.0,Tammy Abraham,2025-2026,Unknown,1.0,Loum Tchaouna,2021-2022,Other,1.0,Dembélé,2021-2022,Unknown,1.0
Paul Pogba,2021-2022,0,Unknown,Francis Coquelin,2021-2022,Unknown,1.0,Trubin,2021-2022,Goalkeeper,1.0,Karim Bellarabi,2021-2022,Unknown,1.0,Kjell Scherpen,2025-2026,Goalkeeper,1.0,Jan Oblak,2025-2026,Unknown,1.0
Matteo Politano,2021-2022,0,Unknown,Jakub Moder,2021-2022,Unknown,1.0,Milan kriniar,2021-2022,Other,1.0,Benjamin Bourigeaud,2021-2022,Other,1.0,Romelu Lukaku,2021-2022,Unknown,1.0,Saa Luki?,2021-2022,Other,1.0
Julian Pollersbeck,2021-2022,0,Other,Frank Onyeka,2021-2022,Other,1.0,Iñaki Peña,2025-2026,Other,1.0,Juan Miranda,2021-2022,Other,1.0,Cedric Itten,2021-2022,Other,1.0,Tobias Raschl,2021-2022,Other,1.0
Sebastian Polter,2021-2022,0,Other,Johan Vásquez,2021-2022,Other,1.0,Nacho Vidal,2021-2022,Other,1.0,Leander Dendoncker,2021-2022,Other,1.0,Stefano Sturaro,2021-2022,Unknown,1.0,Fábio Cardoso,2021-2022,Unknown,1.0
Ezequiel Ponce,2021-2022,0,Other,Michael Esser,2021-2022,Other,1.0,Mat?j Vydra,2021-2022,Other,1.0,Fransérgio,2021-2022,Other,1.0,Unai Núñez,2021-2022,Other,1.0,Arial Mendy,2021-2022,Other,1.0
Marin Pongra?i?,2021-2022,0,Other,Marcus Coco,2021-2022,Other,1.0,Christos Tzolis,2021-2022,Unknown,1.0,Boris Radunovi?,2021-2022,Other,1.0,Angel Gomes,2021-2022,Other,1.0,Fede San Emeterio,2021-2022,Other,1.0
Pere Pons,2021-2022,0,Other,Robin Hack,2021-2022,Other,1.0,Philipp Förster,2021-2022,Other,1.0,Janik Haberer,2021-2022,Other,1.0,Etienne Green,2021-2022,Other,1.0,Romain Del Castillo,2021-2022,Other,1.0
Nick Pope,2021-2022,0,Other,Víctor Chust,2021-2022,Other,1.0,Vitaliy Mykolenko,2021-2022,Other,1.0,Dejan Ljubicic,2021-2022,Other,1.0,Matthew Lowton,2021-2022,Other,1.0,Pol Lirola,2021-2022,Other,1.0
Manolo Portanova,2021-2022,0,Other,Pathé Ciss,2021-2022,Other,1.0,Jessic Ngankam,2021-2022,Other,1.0,Daniel Bachmann,2021-2022,Other,1.0,Marko Dmitrovi?,2021-2022,Other,1.0,Christian Benteke,2021-2022,Other,1.0
Portu,2021-2022,0,Other,Sekou Mara,2021-2022,Other,1.0,Håvard Nielsen,2021-2022,Other,1.0,Viktor Kovalenko,2021-2022,Other,1.0,Álvaro Fernández,2021-2022,Other,1.0,Andreas Linde,2021-2022,Other,1.0
Stefan Posch,2021-2022,0,Unknown,Amine Adli,2021-2022,Unknown,1.0,Kyle Walker,2021-2022,Unknown,1.0,Amir Rrahmani,2021-2022,Unknown,1.0,Conor Gallagher,2021-2022,Unknown,1.0,William Saliba,2021-2022,Unknown,1.0
Sergio Postigo,2021-2022,0,Other,Luka Milivojevi?,2021-2022,Other,1.0,Karol Linetty,2021-2022,Other,1.0,Erik Pieters,2021-2022,Other,1.0,Rubén Rochina,2021-2022,Other,1.0,Riccardo Fiamozzi,2021-2022,Other,1.0
Yussuf Poulsen,2021-2022,0,Unknown,Víctor Ruiz,2021-2022,Unknown,1.0,Thomas Foket,2021-2022,Unknown,1.0,Michael Olise,2021-2022,Unknown,1.0,Héctor Bellerín,2021-2022,Unknown,1.0,Mehdi Bourabia,2021-2022,Other,1.0
Gaëtan Poussin,2021-2022,0,Other,Ismail Jakobs,2021-2022,Other,1.0,Ángel Montoro,2021-2022,Other,1.0,Isaac Hayden,2021-2022,Other,1.0,Tristan Dingomé,2021-2022,Other,1.0,Nils Petersen,2021-2022,Other,1.0
Darío Poveda,2021-2022,0,Other,Jonás Ramalho,2021-2022,Other,1.0,Ken Sema,2021-2022,Other,1.0,Marvelous Nakamba,2021-2022,Other,1.0,Gabriel Silva,2021-2022,Other,1.0,Alejandro Primo,2021-2022,Other,1.0
José Pozo,2021-2022,0,Other,Ruben Lendinez,2021-2022,Other,1.0,Bryan Djile Nokoué,2021-2022,Other,1.0,Idjessi Metsoko,2025-2026,Unknown,1.0,Tariqe Fosu,2021-2022,Other,1.0,Alen Mustafić,2025-2026,Other,0.9999
Dennis Praet,2021-2022,0,Other,Sofyan Amrabat,2021-2022,Other,1.0,Édgar Badía,2021-2022,Other,1.0,Yoane Wissa,2021-2022,Other,1.0,Marvin Friedrich,2021-2022,Other,1.0,Mert Günok,2021-2022,Goalkeeper,1.0
Mateusz Praszelik,2021-2022,0,Other,Jeyland Mitchell,2025-2026,Unknown,1.0,Cristian Portu,2025-2026,Forward,1.0,Douglas Luiz,2025-2026,Unknown,1.0,Malik Tillman,2021-2022,Unknown,1.0,Thomas Müller,2025-2026,Unknown,1.0
Abdón Prats,2021-2022,0,Other,Giovanni González,2021-2022,Other,1.0,Iñigo Pérez,2021-2022,Other,1.0,Morgan Schneiderlin,2021-2022,Other,1.0,Jesús Owono,2021-2022,Other,1.0,Sikou Niakaté,2021-2022,Other,1.0
Sanjin Prci?,2021-2022,0,Other,Rico Henry,2021-2022,Other,1.0,Musa Barrow,2021-2022,Other,1.0,Harvey Barnes,2021-2022,Other,1.0,Ibrahim Amadou,2021-2022,Other,1.0,Germán Pezzella,2021-2022,Other,1.0
Nicolas de Préville,2021-2022,0,Other,Birger Meling,2021-2022,Other,1.0,Erik Durm,2021-2022,Unknown,1.0,Alban Lafont,2021-2022,Other,1.0,Ante Budimir,2021-2022,Other,1.0,Dedryck Boyata,2021-2022,Other,1.0
Manuel Prietl,2021-2022,0,Other,Roger Martí,2021-2022,Other,1.0,Liam Cooper,2021-2022,Other,1.0,Habib Diallo,2021-2022,Other,1.0,Willian José,2021-2022,Other,1.0,Pau López,2021-2022,Other,1.0
Alejandro Primo,2021-2022,0,Other,Marvelous Nakamba,2021-2022,Other,1.0,Danny da Costa,2021-2022,Other,1.0,Wayne Hennessey,2021-2022,Other,1.0,Darío Poveda,2021-2022,Other,1.0,Dodi Lukebakio,2021-2022,Other,1.0
Grischa Prömel,2021-2022,0,Other,Antonio Candreva,2021-2022,Other,1.0,Gastón Pereiro,2021-2022,Unknown,1.0,Jarrod Bowen,2021-2022,Other,1.0,Emerson Palmieri,2021-2022,Other,1.0,Martín Cáceres,2021-2022,Unknown,1.0
Nick Proschwitz,2021-2022,0,Other,Chrislain Matsima,2021-2022,Other,1.0,Francesco Rossi,2021-2022,Other,1.0,Victor Perea,2021-2022,Other,1.0,Levi Lumeka,2021-2022,Other,1.0,Cristhian Mosquera,2021-2022,Other,1.0
Ivan Provedel,2021-2022,0,Unknown,Álex Remiro,2021-2022,Unknown,1.0,Denis Suárez,2021-2022,Other,1.0,Jean-Clair Todibo,2021-2022,Other,1.0,Jonathan Clauss,2021-2022,Other,1.0,Koen Casteels,2021-2022,Unknown,1.0
Javi Puado,2021-2022,0,Other,Yunus Musah,2021-2022,Unknown,1.0,Mateusz Klich,2021-2022,Other,1.0,Stefano Sturaro,2021-2022,Unknown,1.0,Leander Dendoncker,2021-2022,Other,1.0,Nacho Vidal,2021-2022,Other,1.0
Pubill,2021-2022,0,Other,Mateo Klimowicz,2021-2022,Other,1.0,Willy Caballero,2021-2022,Other,1.0,Dickson Abiama,2021-2022,Other,1.0,Abdul Majeed Waris,2021-2022,Other,1.0,Samuel Kalu,2021-2022,Other,1.0
Antonio Puertas,2021-2022,0,Other,Mason Holgate,2021-2022,Other,1.0,Peter Pekarík,2021-2022,Other,1.0,Florian Kainz,2021-2022,Other,1.0,Ibrahima Sissoko,2021-2022,Other,1.0,Fabian Delph,2021-2022,Unknown,1.0
Riqui Puig,2021-2022,0,Other,Jeremie Boga,2021-2022,Other,1.0,Dávid Strelec,2021-2022,Other,1.0,Wesley Saïd,2021-2022,Other,1.0,Jeremy Ngakia,2021-2022,Other,1.0,Marco Bizot,2025-2026,Other,1.0
Teemu Pukki,2021-2022,0,Unknown,Jesús Corona,2021-2022,Unknown,1.0,Robin Knoche,2021-2022,Unknown,1.0,Fernando Marçal,2021-2022,Unknown,1.0,Jérôme Boateng,2021-2022,Unknown,1.0,Moussa Sissoko,2021-2022,Unknown,1.0
Erick Pulgar,2021-2022,0,Other,Renaud Emond,2021-2022,Other,1.0,Folarin Balogun,2021-2022,Other,1.0,Valon Berisha,2021-2022,Other,1.0,Chimuanya Ugochukwu,2021-2022,Other,1.0,Warren Tchimbembé,2021-2022,Other,1.0
Christian Pulisic,2021-2022,0,Unknown,Mohamed Simakan,2021-2022,Unknown,1.0,Mohamed Elneny,2021-2022,Unknown,1.0,Robin Le Normand,2021-2022,Unknown,1.0,Carlos Soler,2021-2022,Unknown,1.0,Omar Marmoush,2021-2022,Unknown,1.0
Afimico Pululu,2021-2022,0,Other,Keita Endo,2021-2022,Other,1.0,Lucas Copado,2021-2022,Other,1.0,Arbër Hoxha,2025-2026,Other,1.0,Gökhan Töre,2021-2022,Midfielder,1.0,Eric Ramirez,2021-2022,Forward,1.0
Ignacio Pussetto,2021-2022,0,Other,Rolando Mandragora,2021-2022,Other,1.0,Pawe? Dawidowicz,2021-2022,Other,1.0,Jonathan Ikone,2021-2022,Other,1.0,Nikola Maksimovi?,2021-2022,Other,1.0,Matt Ritchie,2021-2022,Other,1.0
Przemys?aw P?acheta,2021-2022,0,Other,Jason,2021-2022,Other,1.0,Freddie Veseli,2021-2022,Other,1.0,Yannick Cahuzac,2021-2022,Other,1.0,Lennart Grill,2021-2022,Other,1.0,Fábio Silva,2021-2022,Other,1.0
Yacine Qasmi,2021-2022,0,Other,Ibrahim Diakité,2021-2022,Other,1.0,José Mari,2021-2022,Other,1.0,Julian Chabot,2021-2022,Other,1.0,Pizzi,2021-2022,Unknown,1.0,Nils Seufert,2021-2022,Other,1.0
Fabio Quagliarella,2021-2022,0,Unknown,Edin D?eko,2021-2022,Other,1.0,Johan Mojica,2021-2022,Other,1.0,Iker Muniain,2021-2022,Other,1.0,Joselu,2021-2022,Other,1.0,Takefusa Kubo,2021-2022,Unknown,1.0
Quini,2021-2022,0,Other,Ilan Kebbal,2021-2022,Other,1.0,Jamie Leweling,2021-2022,Other,1.0,Jaume Costa,2021-2022,Other,1.0,Harold Moukoudi,2021-2022,Other,1.0,Joaquín,2021-2022,Unknown,1.0
Adrien Rabiot,2021-2022,0,Unknown,Fernando Marçal,2021-2022,Unknown,1.0,Maxwel Cornet,2021-2022,Unknown,1.0,Kevin Volland,2021-2022,Unknown,1.0,Teemu Pukki,2021-2022,Unknown,1.0,Jesús Corona,2021-2022,Unknown,1.0
Uro Ra?i?,2021-2022,0,Other,Kevin Schade,2021-2022,Other,1.0,Jóhann Berg Gu?mundsson,2021-2022,Other,1.0,Jack Stephens,2021-2022,Other,1.0,Arber Zeneli,2021-2022,Other,1.0,Youssef Maleh,2021-2022,Other,1.0
Nemanja Radoja,2021-2022,0,Other,Jens Jønsson,2021-2022,Other,1.0,Juan Mata,2021-2022,Unknown,1.0,Raúl Torrente,2021-2022,Other,1.0,Giorgio Scalvini,2021-2022,Other,1.0,Fabian Bredlow,2021-2022,Other,1.0
Nemanja Radonji?,2021-2022,0,Other,Vladyslav Supriaha,2021-2022,Other,1.0,Jaume Grau,2021-2022,Other,1.0,Adrian Fein,2021-2022,Other,1.0,Andres Cuenca,2025-2026,Other,1.0,Ramiz Zerrouki,2025-2026,Other,1.0
Ivan Radovanovi?,2021-2022,0,Other,Josh Sargent,2021-2022,Other,1.0,Abdu Conté,2021-2022,Other,1.0,Danijel Zagorac,2025-2026,Goalkeeper,1.0,Ivo Grbi?,2021-2022,Other,1.0,Fabiano Parisi,2021-2022,Other,1.0
Ionu? Radu,2021-2022,0,Other,Mattia Perin,2021-2022,Other,1.0,Dénys Bain,2021-2022,Other,1.0,Hernani,2021-2022,Other,1.0,Alberto Perea,2021-2022,Other,1.0,Wu Lei,2021-2022,Other,1.0
?tefan Radu,2021-2022,0,Other,Oier Sanjurjo,2021-2022,Other,1.0,Sikou Niakaté,2021-2022,Other,1.0,Jesús Owono,2021-2022,Other,1.0,Luca Fiordilino,2021-2022,Other,1.0,Diant Ramaj,2021-2022,Other,1.0
Boris Radunovi?,2021-2022,0,Other,Marcus Coco,2021-2022,Other,1.0,Angel Gomes,2021-2022,Other,1.0,Marin Pongra?i?,2021-2022,Other,1.0,Christos Tzolis,2021-2022,Unknown,1.0,Andreas Skov Olsen,2021-2022,Other,1.0
Sidney Raebiger,2021-2022,0,Other,Lucas Calodat,2021-2022,Other,1.0,Pietro Pellegri,2021-2022,Other,1.0,Alex Petxa,2021-2022,Other,1.0,Wisdom Amey,2021-2022,Other,1.0,Alex Král,2021-2022,Other,1.0
Rafinha,2021-2022,0,Unknown,Gabriel Jesus,2021-2022,Unknown,1.0,Aymeric Laporte,2021-2022,Unknown,1.0,Youri Tielemans,2021-2022,Unknown,1.0,Aurélien Tchouaméni,2021-2022,Unknown,1.0,Tuta,2021-2022,Unknown,1.0
Antonio Raillo,2021-2022,0,Other,José Campaña,2021-2022,Other,1.0,Aleix Vidal,2021-2022,Other,1.0,Lilian Brassier,2021-2022,Other,1.0,Mattias Svanberg,2021-2022,Other,1.0,Salva Sevilla,2021-2022,Other,1.0
Antonio Raimondo,2021-2022,0,Other,Hamza Choudhury,2021-2022,Other,1.0,Raúl,2021-2022,Unknown,1.0,Jesús Areso,2021-2022,Other,1.0,Sven Michel,2021-2022,Other,1.0,Oghenekaro Etebo,2021-2022,Other,1.0
Predrag Rajkovi?,2021-2022,0,Other,Kiko Femenía,2021-2022,Other,1.0,Damián Suárez,2021-2022,Other,1.0,Óscar Trejo,2021-2022,Other,1.0,Luká Hrádeck?,2021-2022,Other,1.0,?ukasz Skorupski,2021-2022,Other,1.0
Jesuran Rak Sakyi,2021-2022,0,Other,William Smallbone,2021-2022,Other,1.0,Bruno Costa,2021-2022,Unknown,1.0,Diego Lainez,2021-2022,Other,1.0,Aïssa Mandi,2021-2022,Other,1.0,Béni Makouana,2021-2022,Other,1.0
Ivan Rakiti?,2021-2022,0,Other,Jan Bednarek,2021-2022,Other,1.0,Kevin Trapp,2021-2022,Unknown,1.0,Edmond Tapsoba,2021-2022,Other,1.0,Mauro Icardi,2021-2022,Unknown,1.0,José Callejón,2021-2022,Unknown,1.0
Diant Ramaj,2021-2022,0,Other,Joe Gelhardt,2021-2022,Other,1.0,Bryan,2021-2022,Other,1.0,Luca Fiordilino,2021-2022,Other,1.0,Deyovaisio Zeefuik,2021-2022,Other,1.0,Oier Sanjurjo,2021-2022,Other,1.0
Jonás Ramalho,2021-2022,0,Other,Ken Sema,2021-2022,Other,1.0,Gabriel Silva,2021-2022,Other,1.0,Darío Poveda,2021-2022,Other,1.0,Kevin Behrens,2021-2022,Other,1.0,Nicola Sansone,2021-2022,Other,1.0
Adil Rami,2021-2022,0,Unknown,Presnel Kimpembe,2021-2022,Unknown,1.0,Wilfred Ndidi,2021-2022,Unknown,1.0,Boubacar Kamara,2021-2022,Unknown,1.0,Federico Dimarco,2021-2022,Unknown,1.0,Florian Wirtz,2021-2022,Unknown,1.0
Sandro Ramírez,2021-2022,0,Other,Jacob Murphy,2021-2022,Other,1.0,Ciaran Clark,2021-2022,Other,1.0,Marc-Aurèle Caillard,2021-2022,Other,1.0,Janni Serra,2021-2022,Other,1.0,Krzysztof Pi?tek,2021-2022,Other,1.0
Guilherme Ramos,2021-2022,0,Other,Henrique,2021-2022,Other,1.0,Riccardo Gagliolo,2021-2022,Other,1.0,Isaac Success,2021-2022,Other,1.0,Simon Kjær,2021-2022,Other,1.0,Simon Zoller,2021-2022,Other,1.0
Sergio Ramos,2021-2022,0,Unknown,David Raya,2025-2026,Unknown,0.9995,Faivre,2021-2022,Goalkeeper,0.9993,Lucas Chevalier,2025-2026,Unknown,0.9984,Diego Demme,2021-2022,Unknown,0.9982,De Gea,2021-2022,Goalkeeper,0.9981
Aaron Ramsdale,2021-2022,0,Other,Willy Boly,2021-2022,Other,1.0,Danny Ings,2021-2022,Other,1.0,Rafa? Gikiewicz,2021-2022,Other,1.0,Orel Mangala,2021-2022,Other,1.0,Renaud Ripart,2021-2022,Other,1.0
Aaron Ramsey,2021-2022,0,Unknown,Sergi Roberto,2021-2022,Unknown,1.0,Lorenzo Torriani,2025-2026,Unknown,1.0,Kiliann Sildillia,2021-2022,Other,1.0,Nicolas Jackson,2021-2022,Other,1.0,Vincent Vermeij,2021-2022,Other,1.0
Jacob Ramsey,2021-2022,0,Unknown,Elseid Hysaj,2021-2022,Unknown,1.0,Juan Jesus,2021-2022,Unknown,1.0,Davide Calabria,2021-2022,Unknown,1.0,Ivan Nevistić,2025-2026,Goalkeeper,1.0,Clément Lenglet,2021-2022,Unknown,1.0
Luca Ranieri,2021-2022,0,Other,Tim Krul,2021-2022,Other,1.0,Elvis Rexhbeçaj,2021-2022,Other,1.0,Domen ?rnigoj,2021-2022,Other,1.0,Omar Alderete,2021-2022,Other,1.0,Iñigo Lekue,2021-2022,Other,1.0
Andrea Ranocchia,2021-2022,0,Unknown,Joko Gvardiol,2021-2022,Other,1.0,Gabriel Dos Santos,2021-2022,Other,1.0,Cheick Doucouré,2021-2022,Other,1.0,Raúl de Tomás,2021-2022,Other,1.0,Stefan Lainer,2021-2022,Unknown,1.0
Tobias Raschl,2021-2022,0,Other,Juan Miranda,2021-2022,Other,1.0,Will Hughes,2021-2022,Other,1.0,Manu García,2021-2022,Other,1.0,Dylan Chambost,2021-2022,Other,1.0,Ohis Felix Uduokhai,2021-2022,Other,1.0
Elba Rashani,2021-2022,0,Other,Yves Bissouma,2021-2022,Other,1.0,Lucas Höler,2021-2022,Other,1.0,Andriy Lunin,2021-2022,Unknown,1.0,Gianluca Mancini,2021-2022,Other,1.0,Timo Baumgartl,2021-2022,Other,1.0
Marcus Rashford,2021-2022,0,Unknown,Joakim Nilsson,2021-2022,Other,1.0,Saa Luki?,2021-2022,Other,1.0,Raúl García,2021-2022,Unknown,1.0,Christian Nørgaard,2021-2022,Other,1.0,Benjamin Bourigeaud,2021-2022,Other,1.0
Milot Rashica,2021-2022,0,Other,Samir Santos,2021-2022,Other,1.0,Cédric Soares,2021-2022,Other,1.0,Nathaniel Clyne,2021-2022,Other,1.0,Robin Zentner,2021-2022,Other,1.0,Paul Seguin,2021-2022,Other,1.0
Giacomo Raspadori,2021-2022,0,Other,Adam Marui?,2021-2022,Other,1.0,Jordan Ferri,2021-2022,Other,1.0,Gianluca Scamacca,2021-2022,Other,1.0,Branimir Hrgota,2021-2022,Other,1.0,Lucas Perrin,2021-2022,Other,1.0
Raúl,2021-2022,0,Unknown,Jesús Areso,2021-2022,Other,1.0,Sven Michel,2021-2022,Other,1.0,Hamza Choudhury,2021-2022,Other,1.0,Antonio Raimondo,2021-2022,Other,1.0,Oghenekaro Etebo,2021-2022,Other,1.0
David Raum,2021-2022,0,Unknown,Harry Kane,2021-2022,Unknown,1.0,Mikel Merino,2021-2022,Unknown,1.0,Joaquín Correa,2021-2022,Unknown,1.0,João Moutinho,2021-2022,Unknown,1.0,Brais Méndez,2021-2022,Unknown,1.0
David Raya,2021-2022,0,Unknown,Timothée Kolodziejczak,2021-2022,Other,1.0,Steve Mandanda,2021-2022,Unknown,1.0,Lewis Dunk,2021-2022,Other,1.0,Emerson Palmieri,2021-2022,Other,1.0,Grischa Prömel,2021-2022,Other,1.0
Ante Rebi?,2021-2022,0,Other,Ohis Felix Uduokhai,2021-2022,Other,1.0,Dylan Chambost,2021-2022,Other,1.0,Anderson Lucoqui,2021-2022,Other,1.0,Manu García,2021-2022,Other,1.0,Will Hughes,2021-2022,Other,1.0
Arkadiusz Reca,2021-2022,0,Other,Nehuén Pérez,2021-2022,Other,1.0,Jamaal Lascelles,2021-2022,Other,1.0,Moisés Caicedo,2021-2022,Other,1.0,Dennis Appiah,2021-2022,Other,1.0,Stole Dimitrievski,2021-2022,Other,1.0
Lluís Recasens,2021-2022,0,Other,Nikita Iosifov,2021-2022,Other,1.0,Moise Kean,2021-2022,Unknown,1.0,Jeremiah St. Juste,2025-2026,Other,1.0,Stefan Hierländer,2025-2026,Other,1.0,Noah Weißhaupt,2021-2022,Other,1.0
Nathan Redmond,2021-2022,0,Other,Giorgio Altare,2021-2022,Other,1.0,Yeray Álvarez,2021-2022,Other,1.0,Kristijan Jaki?,2021-2022,Other,1.0,José Luis García Vayá,2021-2022,Other,1.0,Brian Oliván,2021-2022,Other,1.0
Sergio Reguilón,2021-2022,0,Unknown,Jonathan David,2021-2022,Unknown,1.0,Mark Uth,2021-2022,Unknown,1.0,Kevin Gameiro,2021-2022,Unknown,1.0,Joël Veltman,2021-2022,Unknown,1.0,Cengiz Ünder,2021-2022,Unknown,1.0
Manolo Reina,2021-2022,0,Other,Sergio Romero,2021-2022,Other,1.0,Chris Wood,2021-2022,Other,1.0,Nahitan Nández,2021-2022,Other,1.0,Alidu Seidu,2021-2022,Other,1.0,Simone Verdi,2021-2022,Other,1.0
Pepe Reina,2021-2022,0,Unknown,Aaron Cresswell,2021-2022,Other,1.0,Takefusa Kubo,2021-2022,Unknown,1.0,Anthony Losilla,2021-2022,Other,1.0,Salis Abdul Samed,2021-2022,Other,1.0,Rodrigo Becão,2021-2022,Other,1.0
Jeff Reine-Adélaïde,2021-2022,0,Other,Icardi,2021-2022,Forward,1.0,Brobbey,2021-2022,Forward,1.0,Corentin Jean,2021-2022,Other,1.0,Marco Brescianini,2025-2026,Midfielder,1.0,Hannes Wolf,2021-2022,Other,1.0
Álex Remiro,2021-2022,0,Unknown,Denis Suárez,2021-2022,Other,1.0,Jean-Clair Todibo,2021-2022,Other,1.0,Jonathan Clauss,2021-2022,Other,1.0,Koen Casteels,2021-2022,Unknown,1.0,Ivan Provedel,2021-2022,Unknown,1.0
Panagiotis Retsos,2021-2022,0,Other,Pedro Mendes,2021-2022,Other,1.0,Martín,2021-2022,Other,1.0,Ricardo Pepi,2025-2026,Other,1.0,Bale,2021-2022,Forward,1.0,Martin Satriano,2021-2022,Other,1.0
Marco Reus,2021-2022,0,Unknown,Hakim Ziyech,2021-2022,Unknown,1.0,Raheem Sterling,2021-2022,Unknown,1.0,Thilo Kehrer,2021-2022,Unknown,1.0,Martin Terrier,2021-2022,Unknown,1.0,Ricardo Pereira,2021-2022,Unknown,1.0
Elvis Rexhbeçaj,2021-2022,0,Other,Tim Krul,2021-2022,Other,1.0,Domen ?rnigoj,2021-2022,Other,1.0,Luca Ranieri,2021-2022,Other,1.0,Nicolò Rovella,2021-2022,Other,1.0,Omar Alderete,2021-2022,Other,1.0
Gio Reyna,2021-2022,0,Other,Nuno Tavares,2021-2022,Other,1.0,Alexis Flips,2021-2022,Other,1.0,Youssouf Sabaly,2021-2022,Other,1.0,Andrea Schiavone,2021-2022,Other,1.0,Ayoze Pérez,2021-2022,Other,1.0
Bryan Reynolds,2021-2022,0,Other,Tiago Ribeiro,2021-2022,Other,1.0,Djeidi Gassama,2021-2022,Other,1.0,Filippo Distefano,2021-2022,Other,1.0,Hugo Sotelo,2021-2022,Other,1.0,Senny Mayulu,2025-2026,Other,1.0
Nico Ribaudo,2021-2022,0,Other,Jean-Eudes Aholou,2021-2022,Other,1.0,Leonardo Balerdi,2021-2022,Other,1.0,Paul Lasne,2021-2022,Other,1.0,Marcel Lotka,2021-2022,Other,1.0,Lebo Mothiba,2021-2022,Other,1.0
Tiago Ribeiro,2021-2022,0,Other,Bryan Reynolds,2021-2022,Other,1.0,Djeidi Gassama,2021-2022,Other,1.0,Filippo Distefano,2021-2022,Other,1.0,Hugo Sotelo,2021-2022,Other,1.0,Senny Mayulu,2025-2026,Other,1.0
Franck Ribéry,2021-2022,0,Unknown,Ludovic Ajorque,2021-2022,Other,1.0,Yunis Abdelhamid,2021-2022,Other,1.0,Walace,2021-2022,Other,1.0,Romain Saïss,2021-2022,Other,1.0,Salvatore Sirigu,2021-2022,Unknown,1.0
Samuele Ricci,2021-2022,0,Other,Masaya Okugawa,2021-2022,Other,1.0,Óscar Valentín,2021-2022,Other,1.0,Álvaro Odriozola,2021-2022,Other,1.0,Florent Ogier,2021-2022,Other,1.0,Josip Stanii?,2021-2022,Other,1.0
Declan Rice,2021-2022,0,Unknown,Dries Mertens,2021-2022,Unknown,1.0,Dominik Szoboszlai,2021-2022,Unknown,1.0,Davinson Sánchez,2021-2022,Unknown,1.0,Alphonso Davies,2021-2022,Unknown,1.0,Juan Bernat,2021-2022,Unknown,1.0
Chris Richards,2021-2022,0,Other,Neal Maupay,2021-2022,Other,1.0,Nedim Bajrami,2021-2022,Other,1.0,Iddrisu Baba,2021-2022,Other,1.0,Édgar González,2021-2022,Other,1.0,Rubén García,2021-2022,Other,1.0
Omar Richards,2021-2022,0,Other,Oriol Busquets,2021-2022,Other,1.0,Leonardo Capezzi,2021-2022,Other,1.0,Sonny Perkins,2021-2022,Other,1.0,Charles Abi,2021-2022,Other,1.0,Jérôme Hergault,2021-2022,Other,1.0
Richarlison,2021-2022,0,Other,Séamus Coleman,2021-2022,Other,1.0,Matthieu Udol,2021-2022,Other,1.0,Andrea Pinamonti,2021-2022,Other,1.0,Nick Viergever,2021-2022,Other,1.0,Niko Gießelmann,2021-2022,Other,1.0
Marco Richter,2021-2022,0,Other,Óscar Gil,2021-2022,Other,1.0,Andreas Luthe,2021-2022,Other,1.0,Andrea Carboni,2021-2022,Other,1.0,Jamie Leweling,2021-2022,Other,1.0,Ben Johnson,2021-2022,Other,1.0
Diego Rico,2021-2022,0,Other,Leandro Barreiro Martins,2021-2022,Other,1.0,Lucas Douath,2021-2022,Other,1.0,Rubén Sobrino,2021-2022,Other,1.0,Juan Cruz Armada,2021-2022,Other,1.0,Milan ?uri?,2021-2022,Other,1.0
Sergio Rico,2021-2022,0,Unknown,Troy Deeney,2021-2022,Other,1.0,Julian Eitschberger,2021-2022,Other,1.0,Kingsley Michael,2021-2022,Other,1.0,Leonardo Spinazzola,2021-2022,Unknown,1.0,Kaio Jorge,2021-2022,Other,1.0
Jaïro Riedewald,2021-2022,0,Other,Daniel Didavi,2021-2022,Other,1.0,Jordan Amavi,2025-2026,Other,1.0,Immanuel Pherai,2021-2022,Other,1.0,Dimitrios Keramitsis,2021-2022,Other,1.0,Daniel Chesters,2021-2022,Other,1.0
Manuel Riemann,2021-2022,0,Other,Alban Lafont,2021-2022,Other,1.0,Germán Sánchez,2021-2022,Other,1.0,Mama Samba Baldé,2021-2022,Other,1.0,?ukasz Fabia?ski,2021-2022,Other,1.0,Nicolas de Préville,2021-2022,Other,1.0
Tomás Rincón,2021-2022,0,Other,Nemanja Radonjić,2025-2026,Forward,1.0,Aleix Febas,2021-2022,Other,1.0,Dídac Vilà,2021-2022,Other,1.0,Laurens Serpe,2021-2022,Other,1.0,Tommaso De Nipoti,2021-2022,Other,1.0
Luis Rioja,2021-2022,0,Other,Sasa Kalajdzic,2021-2022,Other,1.0,Anton Stach,2021-2022,Other,1.0,Habib Maïga,2021-2022,Other,1.0,Demarai Gray,2021-2022,Other,1.0,Óscar Duarte,2021-2022,Other,1.0
Renaud Ripart,2021-2022,0,Other,Boyko,2021-2022,Goalkeeper,1.0,Orel Mangala,2021-2022,Other,1.0,Callum Wilson,2021-2022,Other,1.0,Dan Burn,2021-2022,Other,1.0,Danny Ings,2021-2022,Other,1.0
Mihailo Risti?,2021-2022,0,Other,Pedro Bigas,2021-2022,Other,1.0,Connor Roberts,2021-2022,Other,1.0,Bamba Dieng,2021-2022,Other,1.0,Abdelhamid Sabiri,2021-2022,Other,1.0,Duan Vlahovi?,2021-2022,Other,1.0
Matt Ritchie,2021-2022,0,Other,Aridane Hernández,2021-2022,Other,1.0,Loïc Bade,2021-2022,Other,1.0,Nikola Maksimovi?,2021-2022,Other,1.0,Jonathan Ikone,2021-2022,Other,1.0,Erhan Maovi?,2021-2022,Other,1.0
Maxence Rivera,2021-2022,0,Other,Edoardo Goldaniga,2021-2022,Other,1.0,Salim Ben Seghir,2021-2022,Other,1.0,Samuel Koeberlé,2021-2022,Other,1.0,Antonin Bobichon,2021-2022,Other,1.0,Djeidi Gassama,2021-2022,Other,1.0
Rober,2021-2022,0,Other,Jordan Ayew,2021-2022,Other,1.0,Joshua King,2021-2022,Other,1.0,Matt Targett,2021-2022,Other,1.0,Anthony Gordon,2021-2022,Other,1.0,João Virginia,2021-2022,Goalkeeper,1.0
Connor Roberts,2021-2022,0,Other,Bamba Dieng,2021-2022,Other,1.0,Mihailo Risti?,2021-2022,Other,1.0,Pedro Bigas,2021-2022,Other,1.0,Luká Hrádeck?,2021-2022,Other,1.0,Abdelhamid Sabiri,2021-2022,Other,1.0
Patrick Roberts,2021-2022,0,Other,Mbete,2021-2022,Defender,1.0,Yussuf Poulsen,2025-2026,Unknown,1.0,Gianluca Frabotta,2021-2022,Other,1.0,Bouna Sarr,2021-2022,Other,1.0,Kolarov,2021-2022,Defender,1.0
Tyler Roberts,2021-2022,0,Other,Danylo Ihnatenko,2021-2022,Other,1.0,Janis Antiste,2021-2022,Other,1.0,Finn Dahmen,2021-2022,Other,1.0,Mathew Ryan,2021-2022,Other,1.0,Eliot Matazo,2021-2022,Other,1.0
Rubén Rochina,2021-2022,0,Other,Karol Linetty,2021-2022,Other,1.0,Riccardo Fiamozzi,2021-2022,Other,1.0,Sergio Postigo,2021-2022,Other,1.0,Luka Milivojevi?,2021-2022,Other,1.0,Erik Pieters,2021-2022,Other,1.0
Enzo Roco,2021-2022,0,Other,Allan Saint-Maximin,2021-2022,Other,1.0,Lorenzo De Silvestri,2021-2022,Other,1.0,Jasper Cillessen,2021-2022,Unknown,1.0,Jonjo Shelvey,2021-2022,Other,1.0,Jean-Ricner Bellegarde,2021-2022,Other,1.0
Stian Rode Gregersen,2021-2022,0,Other,Craig Dawson,2021-2022,Other,1.0,Yeremi Pino,2021-2022,Other,1.0,Arnaut Groeneveld,2021-2022,Other,1.0,Santiago Ascacíbar,2021-2022,Other,1.0,Thomas Monconduit,2021-2022,Other,1.0
Sebastian Rode,2021-2022,0,Unknown,Sèrge Aurier,2021-2022,Unknown,1.0,Juanmi,2021-2022,Other,1.0,Andrés Guardado,2021-2022,Unknown,1.0,Matej Kovar,2025-2026,Unknown,1.0,Gabriel Gudmundsson,2021-2022,Unknown,1.0
Joe Rodon,2021-2022,0,Other,Ki-Jana Hoever,2021-2022,Other,1.0,Luis Hartwig,2021-2022,Other,1.0,Patrick Leal,2021-2022,Other,1.0,Stefano Sabelli,2021-2022,Other,1.0,Burak Ýnce,2021-2022,Other,1.0
Rodrigo,2021-2022,0,Unknown,Alex Iwobi,2021-2022,Unknown,1.0,Timo Werner,2021-2022,Unknown,1.0,Diego Godín,2021-2022,Unknown,1.0,Raúl Albiol,2021-2022,Unknown,1.0,Antoine Griezmann,2021-2022,Unknown,1.0
Gerson Rodrigues,2021-2022,0,Other,Tom Lacoux,2021-2022,Other,1.0,Marcin Bu?ka,2021-2022,Other,1.0,Luca Lezzerini,2021-2022,Other,1.0,Francesco Bardi,2021-2022,Other,1.0,Eberechi Eze,2021-2022,Other,1.0
Kévin Rodrigues,2021-2022,0,Other,Rayan Cherki,2021-2022,Other,1.0,Jutglà,2021-2022,Other,1.0,Nianzou Kouassi,2021-2022,Other,1.0,Tobias Strobl,2021-2022,Other,1.0,Giangiacomo Magnani,2021-2022,Other,1.0
Óscar Rodríguez Arnaiz,2021-2022,0,Other,Morgan Sanson,2021-2022,Other,1.0,Leo Fuhr Hjelde,2021-2022,Other,1.0,Aaron Connolly,2021-2022,Other,1.0,Francesco Caputo,2021-2022,Other,1.0,Anastasios Donis,2021-2022,Other,1.0
Ángel Rodríguez,2021-2022,0,Other,Carlos Clerc,2021-2022,Other,1.0,Nathanael Mbuku,2021-2022,Other,1.0,Manu Morlanes,2021-2022,Other,1.0,Miguel Trauco,2021-2022,Other,1.0,Youcef Belaïli,2021-2022,Other,1.0
Dani Rodríguez,2021-2022,0,Other,Vlad Chiriche?,2021-2022,Other,1.0,Martin Erlic,2021-2022,Other,1.0,Nicolas Pallois,2021-2022,Other,1.0,Javi Martínez,2021-2022,Unknown,1.0,Terem Moffi,2021-2022,Other,1.0
Guido Rodríguez,2021-2022,0,Other,M. Kerzhakov,2021-2022,Goalkeeper,1.0,Rominigue Kouamé,2021-2022,Other,1.0,André Gomes,2021-2022,Unknown,1.0,Mauro Icardi,2021-2022,Unknown,1.0,Andrej Kramari?,2021-2022,Other,1.0
Jay Rodriguez,2021-2022,0,Other,Leonardo Pavoletti,2021-2022,Other,1.0,Didier Lamkel Zé,2021-2022,Other,1.0,Mattia Bani,2021-2022,Other,1.0,Simon Kjær,2021-2022,Other,1.0,Krzysztof Pi?tek,2021-2022,Other,1.0
Ricardo Rodríguez,2021-2022,0,Unknown,Anthony Elanga,2021-2022,Unknown,1.0,Idrissa Gana Gueye,2021-2022,Other,1.0,Marcelo Brozovi?,2021-2022,Other,1.0,Nicolò Zaniolo,2021-2022,Unknown,1.0,Kasper Dolberg,2021-2022,Unknown,1.0
Mads Roerslev,2021-2022,0,Other,Damien Da Silva,2021-2022,Other,1.0,Gian-Luca Itter,2021-2022,Other,1.0,Michael Svoboda,2021-2022,Other,1.0,Thierry Correia,2021-2022,Other,1.0,Junior Sambia,2021-2022,Other,1.0
Marko Rog,2021-2022,0,Other,Yasser Larouci,2021-2022,Other,1.0,Isaac Lihadji,2021-2022,Other,1.0,Grejohn Kyei,2021-2022,Other,1.0,Alessandro Zanoli,2021-2022,Other,1.0,Nanasi,2021-2022,Midfielder,1.0
Rogério,2021-2022,0,Other,Fernando Pacheco,2021-2022,Other,1.0,Josep Martínez,2021-2022,Unknown,1.0,Varazdat Haroyan,2021-2022,Other,1.0,Patrick Wimmer,2021-2022,Other,1.0,Sergi Guardiola,2021-2022,Other,1.0
Alessio Romagnoli,2021-2022,0,Unknown,Trent Alexander-Arnold,2021-2022,Unknown,1.0,Giovanni Di Lorenzo,2021-2022,Unknown,1.0,Sven Botman,2021-2022,Unknown,1.0,Amadou Haidara,2021-2022,Unknown,1.0,Luis Alberto,2021-2022,Unknown,1.0
Simone Romagnoli,2021-2022,0,Other,Michail Antonio,2021-2022,Other,1.0,Ivan Toney,2021-2022,Other,1.0,Jean-Charles Castelletto,2021-2022,Other,1.0,Giacomo Bonaventura,2021-2022,Other,1.0,Víctor Laguardia,2021-2022,Other,1.0
Leonardo Román,2021-2022,0,Other,Jonas Lössl,2021-2022,Other,1.0,Nikola Vlai?,2021-2022,Other,1.0,Alfre? Finnbogason,2021-2022,Other,1.0,Mariano,2021-2022,Unknown,1.0,Roberto Torres,2021-2022,Other,1.0
Cristian Romero,2021-2022,0,Unknown,Dayot Upamecano,2021-2022,Unknown,1.0,Dahlin,2021-2022,Goalkeeper,1.0,Leon Goretzka,2021-2022,Unknown,1.0,Mathias Jørgensen,2021-2022,Unknown,1.0,Danilo Pereira,2021-2022,Unknown,1.0
Luka Romero,2021-2022,0,Other,Lednev,2021-2022,Midfielder,1.0,Jon Bautista,2021-2022,Other,1.0,Spielmann,2021-2022,Midfielder,1.0,Martin Ødegaard,2025-2026,Unknown,1.0,Min-su Kim,2025-2026,Unknown,1.0
Sergio Romero,2021-2022,0,Other,Manolo Reina,2021-2022,Other,1.0,Simone Verdi,2021-2022,Other,1.0,Chris Wood,2021-2022,Other,1.0,Nahitan Nández,2021-2022,Other,1.0,Necip Uysal,2021-2022,Unknown,1.0
Oriol Romeu,2021-2022,0,Other,Mouctar Diakhaby,2021-2022,Unknown,1.0,Hiroki Ito,2021-2022,Other,1.0,Emmanuel Dennis,2021-2022,Other,1.0,Alfonso Espino,2021-2022,Other,1.0,Andy Delort,2021-2022,Other,1.0
Cristiano Ronaldo,2021-2022,0,Unknown,Benjamin Pavard,2021-2022,Unknown,1.0,Julian Brandt,2021-2022,Unknown,1.0,Houssem Aouar,2021-2022,Unknown,1.0,Pedro,2021-2022,Unknown,1.0,Hamari Traoré,2021-2022,Unknown,1.0
Salomón Rondón,2021-2022,0,Unknown,Robin Koch,2021-2022,Other,1.0,Lorenzo Venuti,2021-2022,Other,1.0,Riccardo Saponara,2021-2022,Other,1.0,Mohamed Ali Cho,2021-2022,Other,1.0,Cárdenas,2021-2022,Other,1.0
Valentin Rongier,2021-2022,0,Other,Gregor Kobel,2021-2022,Unknown,1.0,Jean Onana,2021-2022,Other,1.0,Harry Winks,2021-2022,Unknown,1.0,David Ospina,2021-2022,Unknown,1.0,Lovro Majer,2021-2022,Other,1.0
Marten de Roon,2021-2022,0,Unknown,Benjamin Henrichs,2021-2022,Unknown,1.0,Romain Faivre,2021-2022,Unknown,1.0,Francesco Acerbi,2021-2022,Unknown,1.0,Lorenzo Pellegrini,2021-2022,Unknown,1.0,Nico Schulz,2021-2022,Unknown,1.0
Unai Ropero,2021-2022,0,Other,Paulo Bernardo,2021-2022,Midfielder,1.0,Miguel Juan Llambrich,2021-2022,Other,1.0,Farid El Melali,2021-2022,Other,1.0,Lukáš Sadílek,2025-2026,Other,1.0,Daan Heymans,2021-2022,Other,1.0
Pablo Rosario,2021-2022,0,Other,Jeffrey Gouweleeuw,2021-2022,Other,1.0,Álvaro García,2021-2022,Other,1.0,Joris Chotard,2021-2022,Other,1.0,Petko Hristov,2021-2022,Other,1.0,Sanjin Prci?,2021-2022,Other,1.0
Romario Rösch,2021-2022,0,Other,Immanuel Pherai,2021-2022,Other,1.0,Dimitrios Keramitsis,2021-2022,Other,1.0,Daniel Chesters,2021-2022,Other,1.0,Robert Tesche,2021-2022,Other,1.0,Marin Jakoli,2021-2022,Other,1.0
Danny Rose,2021-2022,0,Unknown,Arthur Theate,2021-2022,Other,1.0,Joelinton,2021-2022,Other,1.0,Enes Ünal,2021-2022,Other,1.0,Borna Sosa,2021-2022,Other,1.0,Adrien Tameze,2021-2022,Other,1.0
Francesco Rossi,2021-2022,0,Other,Cristhian Mosquera,2021-2022,Other,1.0,Daniele Baselli,2021-2022,Other,1.0,Oleksiy Shevchenko,2021-2022,Goalkeeper,1.0,Nick Proschwitz,2021-2022,Other,1.0,Diego Lainez,2021-2022,Other,1.0
Tom Rothe,2021-2022,0,Other,Albion Rrahmani,2025-2026,Other,1.0,Pedrinho,2025-2026,Midfielder,1.0,Iván Martín,2025-2026,Other,1.0,Stepanenko,2025-2026,Midfielder,1.0,Rick Karsdorp,2025-2026,Unknown,1.0
Nicolò Rovella,2021-2022,0,Other,Domen ?rnigoj,2021-2022,Other,1.0,Elvis Rexhbeçaj,2021-2022,Other,1.0,Tim Krul,2021-2022,Other,1.0,Louis Beyer,2021-2022,Other,1.0,Luca Ranieri,2021-2022,Other,1.0
Jon Rowe,2021-2022,0,Other,Eric N'Jo,2021-2022,Other,1.0,Vedat Muriqi,2021-2022,Unknown,1.0,Armando Izzo,2021-2022,Other,1.0,Kaj Sierhuis,2021-2022,Other,1.0,Ki-Jana Hoever,2021-2022,Other,1.0
Amir Rrahmani,2021-2022,0,Unknown,William Saliba,2021-2022,Unknown,1.0,Willi Orbán,2021-2022,Unknown,1.0,Stefan Posch,2021-2022,Unknown,1.0,Amine Adli,2021-2022,Unknown,1.0,Virgil van Dijk,2021-2022,Unknown,1.0
Ruan,2021-2022,0,Other,Edoardo Vergani,2021-2022,Other,1.0,Wilson Isidor,2021-2022,Other,1.0,Beñat Turrientes,2021-2022,Other,1.0,Abdoulaye Sylla,2021-2022,Other,1.0,Alex Petxa,2021-2022,Other,1.0
Rubén,2021-2022,0,Other,Raúl Parra,2021-2022,Other,1.0,Ilias Akhomach,2021-2022,Other,1.0,Indrit Tuci,2025-2026,Unknown,1.0,Levi Lumeka,2021-2022,Other,1.0,Victor Perea,2021-2022,Other,1.0
John Ruddy,2021-2022,0,Other,David Nemeth,2021-2022,Other,1.0,Caoimhín Kelleher,2025-2026,Other,1.0,Jamie Shackleton,2021-2022,Other,1.0,Xavier Chavalerin,2021-2022,Other,1.0,Kingsley Ehizibue,2021-2022,Other,1.0
Antonio Rüdiger,2021-2022,0,Unknown,Phil Foden,2021-2022,Unknown,1.0,Rúben Neves,2021-2022,Unknown,1.0,Luis Alberto,2021-2022,Unknown,1.0,Amadou Haidara,2021-2022,Unknown,1.0,Giovanni Di Lorenzo,2021-2022,Unknown,1.0
Sebastian Rudy,2021-2022,0,Other,Louis Schaub,2021-2022,Other,1.0,Stefan Bajic,2021-2022,Other,1.0,Maranhão,2021-2022,Other,1.0,Simon Asta,2021-2022,Other,1.0,Erik Pieters,2021-2022,Other,1.0
Matteo Ruggeri,2021-2022,0,Other,Philipp Pentke,2021-2022,Other,1.0,Tiemoué Bakayoko,2021-2022,Unknown,1.0,Stefanos Kapino,2021-2022,Other,1.0,Dominik Greif,2021-2022,Other,1.0,Dango Ouattara,2021-2022,Other,1.0
Mário Rui,2021-2022,0,Unknown,Jude Bellingham,2021-2022,Unknown,1.0,Dan-Axel Zagadou,2021-2022,Unknown,1.0,Juan Bernat,2021-2022,Unknown,1.0,Davinson Sánchez,2021-2022,Unknown,1.0,Dominik Szoboszlai,2021-2022,Unknown,1.0
Aitor Ruibal,2021-2022,0,Other,Albert Gu?mundsson,2021-2022,Other,1.0,Luis Binks,2021-2022,Other,1.0,Antonio Sivera,2021-2022,Other,1.0,Iván Marcone,2021-2022,Other,1.0,Papa Ndiaga Yade,2021-2022,Other,1.0
Fabián Ruiz Peña,2021-2022,0,Other,Marius Wolf,2021-2022,Unknown,1.0,Lucas Paquetá,2021-2022,Other,1.0,Kristjan Asllani,2021-2022,Unknown,1.0,Lukas Klostermann,2021-2022,Unknown,1.0,Fabian Schär,2021-2022,Unknown,1.0
Isma Ruiz,2021-2022,0,Other,Iker Bravo,2021-2022,Other,1.0,Maximilian Philipp,2021-2022,Other,1.0,Gideon Jung,2021-2022,Other,1.0,Abdou Harroui,2021-2022,Other,1.0,Hugo Novoa,2021-2022,Other,1.0
Víctor Ruiz,2021-2022,0,Unknown,Yussuf Poulsen,2021-2022,Unknown,1.0,Thomas Foket,2021-2022,Unknown,1.0,Michael Olise,2021-2022,Unknown,1.0,Diego Godín,2021-2022,Unknown,1.0,Héctor Bellerín,2021-2022,Unknown,1.0
Lukas Rupp,2021-2022,0,Other,Anderson Lucoqui,2021-2022,Other,1.0,Ante Rebi?,2021-2022,Other,1.0,Ohis Felix Uduokhai,2021-2022,Other,1.0,Dylan Chambost,2021-2022,Other,1.0,Manu García,2021-2022,Other,1.0
Alessandro Russo,2021-2022,0,Other,Diego Perotti,2021-2022,Unknown,1.0,Ilija Nestorovski,2021-2022,Other,1.0,Marcos Mauro López Gutiérrez,2021-2022,Other,1.0,Ádám Szalai,2021-2022,Other,1.0,Felix Kalu Nmecha,2021-2022,Other,1.0
Franco Russo,2021-2022,0,Other,Esteban Saveljich,2021-2022,Other,1.0,Enis Bardhi,2021-2022,Other,1.0,Goran Pandev,2021-2022,Unknown,1.0,Ben Johnson,2021-2022,Other,1.0,Alexander Schwolow,2021-2022,Other,1.0
Georginio Rutter,2021-2022,0,Other,Manolo Gabbiadini,2021-2022,Other,1.0,Bernd Leno,2021-2022,Unknown,1.0,Brian Oliván,2021-2022,Other,1.0,José Luis García Vayá,2021-2022,Other,1.0,Kristijan Jaki?,2021-2022,Other,1.0
Mathew Ryan,2021-2022,0,Other,Finn Dahmen,2021-2022,Other,1.0,Janis Antiste,2021-2022,Other,1.0,Tyler Roberts,2021-2022,Other,1.0,Danylo Ihnatenko,2021-2022,Other,1.0,Kike Pérez,2021-2022,Other,1.0
Julian Ryerson,2021-2022,0,Unknown,Lovro Majer,2021-2022,Other,1.0,Conor Coady,2021-2022,Other,1.0,Wilfried Zaha,2021-2022,Other,1.0,Stefan Ortega,2021-2022,Unknown,1.0,Jean Onana,2021-2022,Other,1.0
Frederik Rønnow,2021-2022,0,Other,Wajdi Kechrida,2021-2022,Other,1.0,Patrick Bamford,2021-2022,Other,1.0,Kike Barja,2021-2022,Other,1.0,Fernando Niño,2021-2022,Other,1.0,Cristian Molinaro,2021-2022,Other,1.0
José Sá,2021-2022,0,Unknown,Flavien Tait,2021-2022,Other,1.0,Marcus Thuram,2021-2022,Unknown,1.0,Léo Jardim,2021-2022,Unknown,1.0,Walace,2021-2022,Other,1.0,Tyler Adams,2021-2022,Unknown,1.0
Roli Pereira de Sa,2021-2022,0,Other,Sam Lammers,2021-2022,Other,1.0,Sambou Soumano,2021-2022,Other,1.0,Jean-Philippe Krasso,2021-2022,Other,1.0,Pavao Pervan,2021-2022,Other,1.0,Emanuel Vignato,2021-2022,Other,1.0
Youssouf Sabaly,2021-2022,0,Other,Andrea Schiavone,2021-2022,Other,1.0,Gio Reyna,2021-2022,Other,1.0,Nuno Tavares,2021-2022,Other,1.0,Alexis Flips,2021-2022,Other,1.0,Ola Aina,2021-2022,Other,1.0
Mathys Saban,2021-2022,0,Other,Lewis Ferguson,2025-2026,Unknown,1.0,Yýldýrým Mert Çetin,2021-2022,Other,1.0,Jean-Kévin Augustin,2021-2022,Other,1.0,Marco Benassi,2021-2022,Other,1.0,András Schäfer,2021-2022,Other,1.0
Stefano Sabelli,2021-2022,0,Other,Patrick Leal,2021-2022,Other,1.0,Luis Hartwig,2021-2022,Other,1.0,Joe Rodon,2021-2022,Other,1.0,Ki-Jana Hoever,2021-2022,Other,1.0,Burak Ýnce,2021-2022,Other,1.0
Abdelhamid Sabiri,2021-2022,0,Other,Duan Vlahovi?,2021-2022,Other,1.0,Cristian Gamboa,2021-2022,Other,1.0,Pedro Bigas,2021-2022,Other,1.0,Mihailo Risti?,2021-2022,Other,1.0,Son,2021-2022,Other,1.0
Falaye Sacko,2021-2022,0,Other,Adil Aouchiche,2021-2022,Other,1.0,Gaetano Castrovilli,2021-2022,Other,1.0,Keita Baldé,2021-2022,Other,1.0,Filip ?uri?i?,2021-2022,Other,1.0,Adam Masina,2021-2022,Other,1.0
Alexis Saelemaekers,2021-2022,0,Unknown,Ethan Ampadu,2021-2022,Unknown,1.0,Moses Simon,2021-2022,Unknown,1.0,Callum Hudson-Odoi,2021-2022,Unknown,1.0,Alex Oxlade-Chamberlain,2021-2022,Unknown,1.0,Ozan Kabak,2021-2022,Unknown,1.0
Rafiki Said Ahamada,2021-2022,0,Other,Myles Lewis-Skelly,2025-2026,Unknown,1.0,Mengi,2021-2022,Defender,1.0,Jarell Quansah,2025-2026,Unknown,1.0,Aleksandr Kokorin,2021-2022,Unknown,1.0,Pedro Benito,2021-2022,Other,1.0
Wesley Saïd,2021-2022,0,Other,Dávid Strelec,2021-2022,Other,1.0,Jeremie Boga,2021-2022,Other,1.0,Riqui Puig,2021-2022,Other,1.0,Jeremy Ngakia,2021-2022,Other,1.0,Marco Bizot,2025-2026,Other,1.0
Allan Saint-Maximin,2021-2022,0,Other,Lorenzo De Silvestri,2021-2022,Other,1.0,Jonjo Shelvey,2021-2022,Other,1.0,Enzo Roco,2021-2022,Other,1.0,Jean-Ricner Bellegarde,2021-2022,Other,1.0,Hugo Guillamón,2021-2022,Other,1.0
Romain Saïss,2021-2022,0,Other,Yunis Abdelhamid,2021-2022,Other,1.0,Salvatore Sirigu,2021-2022,Unknown,1.0,Ludovic Ajorque,2021-2022,Other,1.0,Franck Ribéry,2021-2022,Unknown,1.0,Marko Arnautovi?,2021-2022,Other,1.0
Bukayo Saka,2021-2022,0,Unknown,Sandro Tonali,2021-2022,Unknown,1.0,Mathias Pereira Lage,2021-2022,Unknown,1.0,Jonathan Tah,2021-2022,Unknown,1.0,Bryan Cristante,2021-2022,Unknown,1.0,Breel Embolo,2021-2022,Unknown,1.0
Mamadou Sakho,2021-2022,0,Unknown,Pape Matar Sarr,2021-2022,Unknown,1.0,Alexandre Lacazette,2021-2022,Unknown,1.0,Allan,2021-2022,Unknown,1.0,Emil Forsberg,2021-2022,Unknown,1.0,Julian Draxler,2021-2022,Unknown,1.0
Bakary Sako,2021-2022,0,Other,Noah Joel Sarenren Bazee,2021-2022,Other,1.0,Adrián Butzke,2021-2022,Other,1.0,Lago Junior,2021-2022,Other,1.0,Toni Martínez,2021-2022,Forward,1.0,Ismaël Doukouré,2021-2022,Other,1.0
Jacopo Sala,2021-2022,0,Other,Josan,2021-2022,Other,1.0,Moanes Dabbur,2021-2022,Other,1.0,Osman Bukari,2021-2022,Other,1.0,Jaume Doménech,2021-2022,Unknown,1.0,William Troost-Ekong,2021-2022,Other,1.0
Mohamed Salah,2021-2022,0,Unknown,Christian Eriksen,2021-2022,Unknown,1.0,Reinildo Mandava,2021-2022,Unknown,1.0,Pierre-Emerick Aubameyang,2021-2022,Unknown,1.0,Christopher Nkunku,2021-2022,Unknown,1.0,Serge Gnabry,2021-2022,Unknown,1.0
Eddie Salcedo,2021-2022,0,Other,Joan García,2021-2022,Other,1.0,Kristoffer Askildsen,2021-2022,Other,1.0,Abdessamad Ezzalzouli,2021-2022,Other,1.0,Philippe Koffi,2021-2022,Other,1.0,Yayah Kallon,2021-2022,Other,1.0
William Saliba,2021-2022,0,Unknown,Willi Orbán,2021-2022,Unknown,1.0,Amir Rrahmani,2021-2022,Unknown,1.0,Virgil van Dijk,2021-2022,Unknown,1.0,Alphonso Davies,2021-2022,Unknown,1.0,Stefan Posch,2021-2022,Unknown,1.0
Romain Salin,2021-2022,0,Other,Edon Zhegrova,2021-2022,Other,1.0,Dodi Lukebakio,2021-2022,Other,1.0,Eiji Kawashima,2021-2022,Other,1.0,Wayne Hennessey,2021-2022,Other,1.0,Cédric Bakambu,2021-2022,Other,1.0
Mohammed Salisu,2021-2022,0,Unknown,Raphaël Varane,2021-2022,Unknown,1.0,Rafael Borré,2021-2022,Unknown,1.0,Kevin Gameiro,2021-2022,Unknown,1.0,Tammy Abraham,2021-2022,Unknown,1.0,Axel Disasi,2021-2022,Unknown,1.0
Roland Sallai,2021-2022,0,Other,Martin Dúbravka,2021-2022,Other,1.0,Daniel Podence,2021-2022,Other,1.0,Ruben Vargas,2021-2022,Other,1.0,Adri Embarba,2021-2022,Other,1.0,Hicham Boudaoui,2021-2022,Other,1.0
Yoann Salmier,2021-2022,0,Other,Emi Buendía,2021-2022,Other,1.0,Pablo Marí,2021-2022,Other,1.0,M'Baye Niang,2021-2022,Unknown,1.0,Ihlas Bebou,2021-2022,Other,1.0,Morten Thorsby,2021-2022,Other,1.0
Salvi,2021-2022,0,Other,Sébastien Corchia,2021-2022,Other,1.0,Aihen Muñoz,2021-2022,Other,1.0,Linus Gechter,2021-2022,Other,1.0,Christian Kabasele,2021-2022,Other,1.0,Aitor Fernández,2021-2022,Other,1.0
Lazar Samardzic,2021-2022,0,Other,Jack Butland,2021-2022,Other,1.0,Ciprian T?t?ru?anu,2021-2022,Other,1.0,Nicolas Haas,2021-2022,Other,1.0,Jeison Murillo,2021-2022,Other,1.0,Marius Funk,2021-2022,Other,1.0
Diadie Samassékou,2021-2022,0,Other,Nampalys Mendy,2021-2022,Other,1.0,Gaël Kakuta,2021-2022,Other,1.0,Álex Berenguer,2021-2022,Other,1.0,Burak Yýlmaz,2021-2022,Other,1.0,Alessio Cragno,2021-2022,Other,1.0
Mama Samba Baldé,2021-2022,0,Other,?ukasz Fabia?ski,2021-2022,Other,1.0,Germán Sánchez,2021-2022,Other,1.0,Manuel Riemann,2021-2022,Other,1.0,Alban Lafont,2021-2022,Other,1.0,Asier Illarramendi,2021-2022,Unknown,1.0
Albert Sambi Lokonga,2021-2022,0,Other,James Tomkins,2021-2022,Other,1.0,Jarrad Branthwaite,2021-2022,Other,1.0,Imran Louza,2021-2022,Other,1.0,Anthony Lozano,2021-2022,Other,1.0,Stéphane Bahoken,2021-2022,Other,1.0
Junior Sambia,2021-2022,0,Other,Leonardo César Jardim,2021-2022,Other,1.0,Thierry Correia,2021-2022,Other,1.0,Timothee Pembele,2021-2022,Other,1.0,Josip Ili?i?,2021-2022,Other,1.0,Damien Da Silva,2021-2022,Other,1.0
Fede San Emeterio,2021-2022,0,Other,Bebé,2021-2022,Other,1.0,Konrad De La Fuente,2021-2022,Other,1.0,Lyanco,2021-2022,Other,1.0,Christos Tzolis,2021-2022,Unknown,1.0,Mitchell van Bergen,2021-2022,Other,1.0
Antonio Sanabria,2021-2022,0,Other,Azzedine Ounahi,2021-2022,Other,1.0,Jeong Woo-yeong,2021-2022,Other,1.0,Ridgeciano Haps,2021-2022,Other,1.0,Dan Burn,2021-2022,Other,1.0,Callum Wilson,2021-2022,Other,1.0
Oihan Sancet,2021-2022,0,Other,Moritz Jenz,2021-2022,Other,1.0,Sehrou Guirassy,2021-2022,Other,1.0,Kristoffer Ajer,2021-2022,Other,1.0,Florian Grillitsch,2021-2022,Other,1.0,Adama Soumaoro,2021-2022,Other,1.0
Antonio Sánchez,2021-2022,0,Other,Christopher Wooh,2021-2022,Other,1.0,Dominic Calvert-Lewin,2021-2022,Other,1.0,Darwin Machís,2021-2022,Other,1.0,Stole Dimitrievski,2021-2022,Other,1.0,Gerard Gumbau,2021-2022,Other,1.0
Davinson Sánchez,2021-2022,0,Unknown,Juan Bernat,2021-2022,Unknown,1.0,Dominik Szoboszlai,2021-2022,Unknown,1.0,Mário Rui,2021-2022,Unknown,1.0,Declan Rice,2021-2022,Unknown,1.0,Jude Bellingham,2021-2022,Unknown,1.0
Germán Sánchez,2021-2022,0,Other,Mama Samba Baldé,2021-2022,Other,1.0,?ukasz Fabia?ski,2021-2022,Other,1.0,Manuel Riemann,2021-2022,Other,1.0,Alban Lafont,2021-2022,Other,1.0,Asier Illarramendi,2021-2022,Unknown,1.0
Manuel Sánchez,2021-2022,0,Other,Benno Schmitz,2021-2022,Other,1.0,Martinelli,2021-2022,Other,1.0,Christoph Baumgartner,2021-2022,Other,1.0,Frederic Guilbert,2021-2022,Other,1.0,Bartosz Bereszy?ski,2021-2022,Other,1.0
Robert Sánchez,2021-2022,0,Other,Pau López,2021-2022,Other,1.0,Habib Diallo,2021-2022,Other,1.0,Liam Cooper,2021-2022,Other,1.0,Stefan Mitrovi?,2021-2022,Other,1.0,Manuel Prietl,2021-2022,Other,1.0
Jadon Sancho,2021-2022,0,Unknown,Pierre Lees-Melou,2021-2022,Unknown,1.0,Julian Draxler,2021-2022,Unknown,1.0,Mamadou Sakho,2021-2022,Unknown,1.0,Steven Bergwijn,2021-2022,Unknown,1.0,Pascal Groß,2021-2022,Unknown,1.0
Philippe Sandler,2021-2022,0,Other,Ibrahim Diakité,2021-2022,Other,1.0,Yacine Qasmi,2021-2022,Other,1.0,José Mari,2021-2022,Other,1.0,Julian Chabot,2021-2022,Other,1.0,Pizzi,2021-2022,Unknown,1.0
Leroy Sané,2021-2022,0,Unknown,Jerry St. Juste,2021-2022,Unknown,1.0,John Stones,2021-2022,Unknown,1.0,Kalidou Koulibaly,2021-2022,Unknown,1.0,Riyad Mahrez,2021-2022,Unknown,1.0,Jonny Evans,2021-2022,Unknown,1.0
Oier Sanjurjo,2021-2022,0,Other,Luca Fiordilino,2021-2022,Other,1.0,Diant Ramaj,2021-2022,Other,1.0,?tefan Radu,2021-2022,Other,1.0,Joe Gelhardt,2021-2022,Other,1.0,Bryan,2021-2022,Other,1.0
Mohamed Sankoh,2021-2022,0,Other,Romain Faivre,2025-2026,Unknown,1.0,Eliot Matazo,2025-2026,Other,1.0,Jhon Solís,2025-2026,Other,1.0,Marcelo Saracchi,2021-2022,Other,1.0,Cedric Itten,2025-2026,Other,1.0
Morgan Sanson,2021-2022,0,Other,Óscar Rodríguez Arnaiz,2021-2022,Other,1.0,Leo Fuhr Hjelde,2021-2022,Other,1.0,Aaron Connolly,2021-2022,Other,1.0,Francesco Caputo,2021-2022,Other,1.0,Amadou Mbengue,2021-2022,Other,1.0
Nicola Sansone,2021-2022,0,Other,Jens Grahl,2021-2022,Other,1.0,Kevin Behrens,2021-2022,Other,1.0,Yan Valery,2021-2022,Other,1.0,Gabriel Silva,2021-2022,Other,1.0,Ken Sema,2021-2022,Other,1.0
Baptiste Santamaria,2021-2022,0,Other,Oguzhan Özyakup,2021-2022,Unknown,1.0,Bjarki Bjarkason,2021-2022,Other,1.0,Aleksandar Sedlar,2021-2022,Other,1.0,Martin Adeline,2021-2022,Other,1.0,Luke Cundle,2021-2022,Other,1.0
Federico Santander,2021-2022,0,Other,Ben Arfa,2021-2022,Midfielder,1.0,Brahim Díaz,2025-2026,Unknown,1.0,Bernardo,2021-2022,Defender,1.0,Shoretire,2021-2022,Midfielder,1.0,Ramsey,2021-2022,Midfielder,1.0
Jesús Santiago,2021-2022,0,Other,Davide Marfella,2021-2022,Other,1.0,Diego Farias,2021-2022,Other,1.0,Matias Arezo,2021-2022,Other,1.0,Myziane Maolida,2021-2022,Other,1.0,Luca Waldschmidt,2021-2022,Other,1.0
Samir Santos,2021-2022,0,Other,Milot Rashica,2021-2022,Other,1.0,Cédric Soares,2021-2022,Other,1.0,Nathaniel Clyne,2021-2022,Other,1.0,Robin Zentner,2021-2022,Other,1.0,Paul Seguin,2021-2022,Other,1.0
Alvaro Sanz,2021-2022,0,Other,Ben Godfrey,2025-2026,Other,1.0,Seedy Jatta,2025-2026,Other,1.0,Giuliano Simeone,2021-2022,Unknown,1.0,Amadou Traore,2021-2022,Other,1.0,Nassim Chadli,2021-2022,Other,1.0
Riccardo Saponara,2021-2022,0,Other,Mohamed Ali Cho,2021-2022,Other,1.0,Robin Koch,2021-2022,Other,1.0,Salomón Rondón,2021-2022,Unknown,1.0,Enock Mwepu,2021-2022,Other,1.0,Lorenzo Venuti,2021-2022,Other,1.0
Marcelo Saracchi,2021-2022,0,Other,Jhon Solís,2025-2026,Other,1.0,José Fontán,2021-2022,Other,1.0,Mohamed Sankoh,2021-2022,Other,1.0,Romain Faivre,2025-2026,Unknown,1.0,Mohamed Bayo,2025-2026,Other,1.0
Josh Sargent,2021-2022,0,Other,Ivan Radovanovi?,2021-2022,Other,1.0,Abdu Conté,2021-2022,Other,1.0,Danijel Zagorac,2025-2026,Goalkeeper,1.0,Ivo Grbi?,2021-2022,Other,1.0,Maximilian Mittelstädt,2021-2022,Other,1.0
Jeremy Sarmiento,2021-2022,0,Other,Nikola Vuk?evi?,2021-2022,Other,1.0,McAtee,2021-2022,Midfielder,1.0,Roberto Gagliardini,2021-2022,Other,1.0,Tyler Onyango,2021-2022,Other,1.0,Aimar Sher,2021-2022,Other,1.0
Bouna Sarr,2021-2022,0,Other,Gianluca Frabotta,2021-2022,Other,1.0,Yussuf Poulsen,2025-2026,Unknown,1.0,Kolarov,2021-2022,Defender,1.0,Mbete,2021-2022,Defender,1.0,Javi Serrano,2021-2022,Midfielder,1.0
Ismaila Sarr,2021-2022,0,Other,Jason Berthomier,2021-2022,Other,1.0,Guglielmo Vicario,2021-2022,Other,1.0,Stefan Savi?,2021-2022,Other,1.0,Esteves,2021-2022,Defender,1.0,Néstor Araujo,2021-2022,Other,1.0
Malang Sarr,2021-2022,0,Other,Ermedin Demirovi?,2021-2022,Other,1.0,Luca Lezzerini,2021-2022,Other,1.0,Gerson Rodrigues,2021-2022,Other,1.0,Tom Lacoux,2021-2022,Other,1.0,Myrto Uzuni,2021-2022,Other,1.0
Joan Sastre Vanrell,2021-2022,0,Other,Tom Davies,2021-2022,Other,1.0,Erick Cabaco,2021-2022,Other,1.0,Dennis Jastrzembski,2021-2022,Other,1.0,Sam Greenwood,2021-2022,Other,1.0,Burak Ýnce,2021-2022,Other,1.0
Giacomo Satalino,2021-2022,0,Other,Lihadji,2021-2022,Forward,1.0,Pablo Torre,2025-2026,Other,1.0,Mario Dominguez,2021-2022,Other,1.0,Noah Weißhaupt,2021-2022,Other,1.0,Rodrigo Riquelme,2025-2026,Other,1.0
Martin Satriano,2021-2022,0,Other,Mehdi Zerkane,2021-2022,Other,1.0,Carmona,2021-2022,Other,1.0,Rubén Pardo,2021-2022,Other,1.0,Pedro Mendes,2021-2022,Other,1.0,James Forrest,2025-2026,Unknown,1.0
Téji Savanier,2021-2022,0,Other,Lucas Leiva,2021-2022,Unknown,1.0,Lucas Tousart,2021-2022,Unknown,1.0,Valère Germain,2021-2022,Unknown,1.0,Ulreich,2021-2022,Goalkeeper,1.0,Pierre Højbjerg,2021-2022,Other,1.0
Esteban Saveljich,2021-2022,0,Other,Franco Russo,2021-2022,Other,1.0,Enis Bardhi,2021-2022,Other,1.0,Alexander Schwolow,2021-2022,Other,1.0,Goran Pandev,2021-2022,Unknown,1.0,Ben Johnson,2021-2022,Other,1.0
Stefan Savi?,2021-2022,0,Other,Jason Berthomier,2021-2022,Other,1.0,Ismaila Sarr,2021-2022,Other,1.0,Guglielmo Vicario,2021-2022,Other,1.0,Esteves,2021-2022,Defender,1.0,Pere Milla,2021-2022,Other,1.0
Joseph Scally,2021-2022,0,Other,Jeremías Ledesma,2021-2022,Other,1.0,Sebastiano Luperto,2021-2022,Other,1.0,Federico Ceccherini,2021-2022,Other,1.0,Thomas Henry,2021-2022,Other,1.0,Vladimír Darida,2021-2022,Other,1.0
Giorgio Scalvini,2021-2022,0,Other,Juan Mata,2021-2022,Unknown,1.0,Nemanja Radoja,2021-2022,Other,1.0,Anthony Mandrea,2021-2022,Other,1.0,Timothy Chandler,2021-2022,Other,1.0,Jens Jønsson,2021-2022,Other,1.0
Gianluca Scamacca,2021-2022,0,Other,Lucas Perrin,2021-2022,Other,1.0,Giacomo Raspadori,2021-2022,Other,1.0,Adam Marui?,2021-2022,Other,1.0,Raphael Dias Belloli,2021-2022,Other,1.0,Jordan Ferri,2021-2022,Other,1.0
Dane Scarlett,2021-2022,0,Other,Kristoffer Klaesson,2021-2022,Other,1.0,Lee Dongjun,2021-2022,Other,1.0,Nils Seufert,2021-2022,Other,1.0,Pizzi,2021-2022,Unknown,1.0,Julian Chabot,2021-2022,Other,1.0
Kevin Schade,2021-2022,0,Other,Uro Ra?i?,2021-2022,Other,1.0,Arber Zeneli,2021-2022,Other,1.0,Banzouzi Locko,2021-2022,Other,1.0,Gonzalo Verdú,2021-2022,Other,1.0,Jóhann Berg Gu?mundsson,2021-2022,Other,1.0
András Schäfer,2021-2022,0,Other,Jean-Kévin Augustin,2021-2022,Other,1.0,Ernesto Torregrossa,2021-2022,Other,1.0,Lewis Ferguson,2025-2026,Unknown,1.0,Mathys Saban,2021-2022,Other,1.0,Yýldýrým Mert Çetin,2021-2022,Other,1.0
Fabian Schär,2021-2022,0,Unknown,Lukas Klostermann,2021-2022,Unknown,1.0,Marius Wolf,2021-2022,Unknown,1.0,Fabián Ruiz Peña,2021-2022,Other,1.0,Lucas Paquetá,2021-2022,Other,1.0,Kristjan Asllani,2021-2022,Unknown,1.0
Louis Schaub,2021-2022,0,Other,Maranhão,2021-2022,Other,1.0,Sebastian Rudy,2021-2022,Other,1.0,Erik Pieters,2021-2022,Other,1.0,Stefan Bajic,2021-2022,Other,1.0,Luka Milivojevi?,2021-2022,Other,1.0
Andrea Schiavone,2021-2022,0,Other,Ola Aina,2021-2022,Other,1.0,Youssouf Sabaly,2021-2022,Other,1.0,Gio Reyna,2021-2022,Other,1.0,Nuno Tavares,2021-2022,Other,1.0,Alexis Flips,2021-2022,Other,1.0
Patrik Schick,2021-2022,0,Unknown,Kritsyuk,2021-2022,Goalkeeper,1.0,Ferland Mendy,2021-2022,Unknown,1.0,Nabil Bentaleb,2021-2022,Unknown,1.0,Lautaro Martínez,2021-2022,Unknown,1.0,Lorenzo Insigne,2021-2022,Unknown,1.0
Kingsley Schindler,2021-2022,0,Other,Patrick Osterhage,2021-2022,Other,1.0,Levin Öztunalý,2021-2022,Other,1.0,Emanuel Vignato,2021-2022,Other,1.0,Sebastien De Maio,2021-2022,Other,1.0,Iglesias,2021-2022,Other,1.0
Xaver Schlager,2021-2022,0,Unknown,Radosław Majecki,2025-2026,Goalkeeper,1.0,Ozan Kabak,2021-2022,Unknown,1.0,Domenico Berardi,2021-2022,Other,1.0,Ethan Ampadu,2021-2022,Unknown,1.0,Suat Serdar,2021-2022,Unknown,1.0
Keven Schlotterbeck,2021-2022,0,Other,Ismaël Doukouré,2021-2022,Other,1.0,Steffen Tigges,2021-2022,Other,1.0,Lago Junior,2021-2022,Other,1.0,Matthew Hoppe,2021-2022,Other,1.0,Adrián Butzke,2021-2022,Other,1.0
Nico Schlotterbeck,2021-2022,0,Unknown,Benjamin André,2021-2022,Unknown,1.0,Niklas Süle,2021-2022,Unknown,1.0,Thomas Partey,2021-2022,Unknown,1.0,Lucas Hernández,2021-2022,Unknown,1.0,Dani Olmo,2021-2022,Unknown,1.0
Jeffrey Schlupp,2021-2022,0,Other,Son,2021-2022,Other,1.0,Andrea Cambiaso,2021-2022,Other,1.0,Mërgim Vojvoda,2021-2022,Other,1.0,Cristian Gamboa,2021-2022,Other,1.0,Aarón Martín,2021-2022,Other,1.0
Kasper Schmeichel,2021-2022,0,Unknown,Wout Faes,2021-2022,Other,1.0,Manuel Lanzini,2021-2022,Other,1.0,Sergi Darder,2021-2022,Other,1.0,Ellyes Skhiri,2021-2022,Other,1.0,David von Ballmoos,2025-2026,Goalkeeper,1.0
Jonathan Schmid,2021-2022,0,Other,Cédric Bakambu,2021-2022,Other,1.0,Eiji Kawashima,2021-2022,Other,1.0,Ambroise Oyongo,2021-2022,Other,1.0,Edon Zhegrova,2021-2022,Other,1.0,Wu Lei,2021-2022,Other,1.0
Benno Schmitz,2021-2022,0,Other,Manuel Sánchez,2021-2022,Other,1.0,Christoph Baumgartner,2021-2022,Other,1.0,Martinelli,2021-2022,Other,1.0,Bartosz Bereszy?ski,2021-2022,Other,1.0,Frederic Guilbert,2021-2022,Other,1.0
David Schnegg,2021-2022,0,Other,Riccardo Stivanello,2021-2022,Other,1.0,Vitinho,2021-2022,Midfielder,1.0,Julian Eitschberger,2021-2022,Other,1.0,Gabriel Veiga,2021-2022,Other,1.0,Sergio Rico,2021-2022,Unknown,1.0
Morgan Schneiderlin,2021-2022,0,Other,Abdoulaye Bakayoko,2021-2022,Other,1.0,Mikkel Damsgaard,2021-2022,Other,1.0,Nathan de Medina,2021-2022,Other,1.0,Bertrand Traoré,2021-2022,Unknown,1.0,Giovanni González,2021-2022,Other,1.0
Alessandro Schöpf,2021-2022,0,Other,Angelo Stiller,2021-2022,Other,1.0,Malo Gusto,2021-2022,Other,1.0,Bartosz Bereszy?ski,2021-2022,Other,1.0,Christoph Baumgartner,2021-2022,Other,1.0,Benno Schmitz,2021-2022,Other,1.0
Jerdy Schouten,2021-2022,0,Unknown,Nicolò Barella,2021-2022,Unknown,1.0,David Silva,2021-2022,Unknown,1.0,Victor Osimhen,2021-2022,Unknown,1.0,Maximilian Arnold,2021-2022,Unknown,1.0,Kevin Kampl,2021-2022,Unknown,1.0
Nico Schulz,2021-2022,0,Unknown,Nabil Fekir,2021-2022,Unknown,1.0,Francesco Acerbi,2021-2022,Unknown,1.0,Son Heung-Min,2021-2022,Unknown,1.0,Tuta,2021-2022,Unknown,1.0,Aurélien Tchouaméni,2021-2022,Unknown,1.0
Marvin Schwäbe,2021-2022,0,Other,André Hahn,2021-2022,Other,1.0,Farid Boulaya,2021-2022,Other,1.0,Maxime Estève,2021-2022,Other,1.0,Iñigo Lekue,2021-2022,Other,1.0,Omar Alderete,2021-2022,Other,1.0
Alexander Schwolow,2021-2022,0,Other,Enis Bardhi,2021-2022,Other,1.0,Mamadou Coulibaly,2021-2022,Other,1.0,Carlos Akapo,2021-2022,Other,1.0,Esteban Saveljich,2021-2022,Other,1.0,Sean Longstaff,2021-2022,Other,1.0
Demba Seck,2021-2022,0,Other,Roberto González,2021-2022,Other,1.0,Cole Campbell,2025-2026,Other,1.0,Javier Llabrés,2021-2022,Other,1.0,Matthew Hoppe,2021-2022,Other,1.0,Steffen Tigges,2021-2022,Other,1.0
Aleksandar Sedlar,2021-2022,0,Other,Luke Cundle,2021-2022,Other,1.0,Kasey McAteer,2021-2022,Other,1.0,Baptiste Santamaria,2021-2022,Other,1.0,Roberto Navarro,2021-2022,Other,1.0,Hwang Hee-chan,2021-2022,Other,1.0
Paul Seguin,2021-2022,0,Other,Nathaniel Clyne,2021-2022,Other,1.0,Cédric Soares,2021-2022,Other,1.0,Milot Rashica,2021-2022,Other,1.0,Samir Santos,2021-2022,Other,1.0,Kevin Vázquez,2021-2022,Other,1.0
Alidu Seidu,2021-2022,0,Other,Nahitan Nández,2021-2022,Other,1.0,Chris Wood,2021-2022,Other,1.0,Manolo Reina,2021-2022,Other,1.0,Sergio Romero,2021-2022,Other,1.0,Grégoire Defrel,2021-2022,Other,1.0
Davie Selke,2021-2022,0,Other,Andreas Voglsammer,2021-2022,Other,1.0,Filippo Melegoni,2021-2022,Other,1.0,Sergio Asenjo,2021-2022,Other,1.0,Luca Zidane,2021-2022,Other,1.0,Philipp Klement,2021-2022,Other,1.0
Matz Sels,2021-2022,0,Unknown,Vincenzo Grifo,2021-2022,Other,1.0,Alexander Djiku,2021-2022,Other,1.0,Eden Hazard,2021-2022,Unknown,1.0,Pedro Chirivella,2021-2022,Other,1.0,José Callejón,2021-2022,Unknown,1.0
Ken Sema,2021-2022,0,Other,Gabriel Silva,2021-2022,Other,1.0,Jonás Ramalho,2021-2022,Other,1.0,Kevin Behrens,2021-2022,Other,1.0,Nicola Sansone,2021-2022,Other,1.0,Darío Poveda,2021-2022,Other,1.0
Nélson Semedo,2021-2022,0,Unknown,Nahuel Molina,2021-2022,Unknown,1.0,Mattia De Sciglio,2021-2022,Unknown,1.0,Laurent Koscielny,2021-2022,Unknown,1.0,Ezri Konsa,2021-2022,Unknown,1.0,Wilfried Singo,2021-2022,Unknown,1.0
Lion Semi?,2021-2022,0,Other,Noah Guede-Nadje,2021-2022,Other,1.0,Borja Mayoral,2021-2022,Other,1.0,Carson,2021-2022,Goalkeeper,1.0,Francesco Di Mariano,2021-2022,Other,1.0,Ibrahima Baldé,2021-2022,Other,1.0
Adrian emper,2021-2022,0,Other,Jannik Vestergaard,2021-2022,Other,1.0,Hamadi Al Ghaddioui,2021-2022,Other,1.0,Nicholas Gioacchini,2021-2022,Other,1.0,Alessandro Berardi,2021-2022,Other,1.0,Sardar Azmoun,2021-2022,Other,1.0
Luigi Sepe,2021-2022,0,Other,Cucho,2021-2022,Other,1.0,Giorgi Mamardashvili,2021-2022,Other,1.0,Sascha Burchert,2021-2022,Other,1.0,Javier Pastore,2021-2022,Unknown,1.0,Rade Kruni?,2021-2022,Other,1.0
Suat Serdar,2021-2022,0,Unknown,Mehdi Bourabia,2021-2022,Other,1.0,Domenico Berardi,2021-2022,Other,1.0,Héctor Bellerín,2021-2022,Unknown,1.0,Michael Olise,2021-2022,Unknown,1.0,Thomas Foket,2021-2022,Unknown,1.0
Laurens Serpe,2021-2022,0,Other,Dídac Vilà,2021-2022,Other,1.0,Tommaso De Nipoti,2021-2022,Other,1.0,Damir Ceter,2021-2022,Other,1.0,Saúl García,2021-2022,Other,1.0,Nemanja Radonjić,2025-2026,Forward,1.0
Janni Serra,2021-2022,0,Other,Krzysztof Pi?tek,2021-2022,Other,1.0,Mattia Bani,2021-2022,Other,1.0,Marc-Aurèle Caillard,2021-2022,Other,1.0,Leonardo Pavoletti,2021-2022,Other,1.0,Jay Rodriguez,2021-2022,Other,1.0
Javier Serrano,2021-2022,0,Other,Hyunjun,2025-2026,Unknown,1.0,Ceballos,2021-2022,Midfielder,1.0,Jon Gorenc Stanković,2025-2026,Other,1.0,Andy Robertson,2025-2026,Other,1.0,Giuliano Simeone,2025-2026,Unknown,1.0
Nicolás Serrano,2021-2022,0,Other,Ellis Simms,2021-2022,Other,1.0,Todd Cantwell,2021-2022,Other,1.0,Munir El Haddadi,2021-2022,Other,1.0,Eray Cömert,2021-2022,Other,1.0,Michel Aebischer,2021-2022,Other,1.0
Ryan Sessegnon,2021-2022,0,Unknown,Hugo Lloris,2021-2022,Unknown,1.0,Mario Paali?,2021-2022,Other,1.0,Georginio Wijnaldum,2021-2022,Unknown,1.0,Wataru Endo,2021-2022,Other,1.0,Rui Patrício,2021-2022,Unknown,1.0
Nils Seufert,2021-2022,0,Other,Lee Dongjun,2021-2022,Other,1.0,Pizzi,2021-2022,Unknown,1.0,Kristoffer Klaesson,2021-2022,Other,1.0,Julian Chabot,2021-2022,Other,1.0,José Mari,2021-2022,Other,1.0
Salva Sevilla,2021-2022,0,Other,Wahbi Khazri,2021-2022,Other,1.0,Lilian Brassier,2021-2022,Other,1.0,Aleix Vidal,2021-2022,Other,1.0,Jorge de Frutos,2021-2022,Other,1.0,Max Aarons,2021-2022,Other,1.0
Stephan El Shaarawy,2021-2022,0,Unknown,Matty Cash,2021-2022,Unknown,1.0,Marc Bartra,2021-2022,Unknown,1.0,Roberto Pereyra,2021-2022,Unknown,1.0,Juan Musso,2021-2022,Other,1.0,Stefan de Vrij,2021-2022,Unknown,1.0
Jamie Shackleton,2021-2022,0,Other,Kingsley Ehizibue,2021-2022,Other,1.0,John Ruddy,2021-2022,Other,1.0,David Nemeth,2021-2022,Other,1.0,Caoimhín Kelleher,2025-2026,Other,1.0,George Bello,2021-2022,Other,1.0
Xherdan Shaqiri,2021-2022,0,Unknown,Frenkie de Jong,2021-2022,Unknown,1.0,David Alaba,2021-2022,Unknown,1.0,Dan-Axel Zagadou,2021-2022,Unknown,1.0,Jude Bellingham,2021-2022,Unknown,1.0,Waldemar Anton,2021-2022,Unknown,1.0
Luke Shaw,2021-2022,0,Unknown,Antoine Griezmann,2021-2022,Unknown,1.0,Raúl Albiol,2021-2022,Unknown,1.0,Gary Medel,2021-2022,Unknown,1.0,José María Giménez,2021-2022,Unknown,1.0,Jakub Kiwior,2021-2022,Unknown,1.0
Jonjo Shelvey,2021-2022,0,Other,Lorenzo De Silvestri,2021-2022,Other,1.0,Allan Saint-Maximin,2021-2022,Other,1.0,Jean-Ricner Bellegarde,2021-2022,Other,1.0,Hugo Guillamón,2021-2022,Other,1.0,Enzo Roco,2021-2022,Other,1.0
Aimar Sher,2021-2022,0,Other,Tyler Onyango,2021-2022,Other,1.0,McAtee,2021-2022,Midfielder,1.0,Maurits Kjærgaard,2025-2026,Other,1.0,Nikola Vuk?evi?,2021-2022,Other,1.0,Jeremy Sarmiento,2021-2022,Other,1.0
Eldor Shomurodov,2021-2022,0,Other,Jonjoe Kenny,2021-2022,Other,1.0,Etrit Berisha,2021-2022,Other,1.0,Nemanja Gudelj,2021-2022,Other,1.0,Jens Stryger Larsen,2021-2022,Other,1.0,Christopher Antwi-Adjei,2021-2022,Other,1.0
Shola Shoretire,2021-2022,0,Other,Bale,2021-2022,Forward,1.0,Ricardo Pepi,2025-2026,Other,1.0,Aleksandar Katai,2025-2026,Forward,1.0,Agüero,2021-2022,Forward,1.0,Martín,2021-2022,Other,1.0
Mahame Siby,2021-2022,0,Other,Baptiste Mouazan,2021-2022,Other,1.0,Dele Alli,2021-2022,Unknown,1.0,Wesley,2021-2022,Forward,1.0,Vecino,2021-2022,Midfielder,1.0,Dembélé,2021-2022,Unknown,1.0
Djibril Sidibé,2021-2022,0,Unknown,Thiago Mendes,2021-2022,Other,1.0,Emile Smith Rowe,2021-2022,Other,1.0,Tomá Sou?ek,2021-2022,Other,1.0,Mateo Kova?i?,2021-2022,Other,1.0,Martín Cáceres,2021-2022,Unknown,1.0
Kaj Sierhuis,2021-2022,0,Other,Ki-Jana Hoever,2021-2022,Other,1.0,Joe Rodon,2021-2022,Other,1.0,Patrick Leal,2021-2022,Other,1.0,Luis Hartwig,2021-2022,Other,1.0,Stefano Sabelli,2021-2022,Other,1.0
Francisco Sierralta,2021-2022,0,Other,Stéphane Bahoken,2021-2022,Other,1.0,Timo Horn,2021-2022,Other,1.0,Jarrad Branthwaite,2021-2022,Other,1.0,James Tomkins,2021-2022,Other,1.0,Albert Sambi Lokonga,2021-2022,Other,1.0
Arnór Sigur?sson,2021-2022,0,Other,Carlo Pinsoglio,2021-2022,Other,1.0,Shane Long,2021-2022,Other,1.0,Mickey van de Ven,2021-2022,Other,1.0,Tachi,2021-2022,Other,1.0,Isma Ruiz,2021-2022,Other,1.0
Kiliann Sildillia,2021-2022,0,Other,Nicolas Jackson,2021-2022,Other,1.0,Lorenzo Torriani,2025-2026,Unknown,1.0,Daniel Ginczek,2021-2022,Other,1.0,Aaron Ramsey,2021-2022,Unknown,1.0,Sergi Roberto,2021-2022,Unknown,1.0
Adrien Silva,2021-2022,0,Other,Oualid El Hajjam,2021-2022,Other,1.0,Ezequiel Ávila,2021-2022,Other,1.0,Víctor Díaz,2021-2022,Other,1.0,Paul Nardi,2021-2022,Other,1.0,Adnan Januzaj,2021-2022,Other,1.0
Caio Henrique Oliveira Silva,2021-2022,0,Other,Catena,2021-2022,Other,1.0,Armand Lauriente,2021-2022,Other,1.0,Milan Badelj,2021-2022,Other,1.0,Jonathan Gradit,2021-2022,Other,1.0,Emmanuel Gyasi,2021-2022,Other,1.0
David Silva,2021-2022,0,Unknown,Maximilian Arnold,2021-2022,Unknown,1.0,Jerdy Schouten,2021-2022,Unknown,1.0,Nicolò Barella,2021-2022,Unknown,1.0,Victor Osimhen,2021-2022,Unknown,1.0,Brais Méndez,2021-2022,Unknown,1.0
Fábio Silva,2021-2022,0,Other,Yannick Cahuzac,2021-2022,Other,1.0,Jason,2021-2022,Other,1.0,Przemys?aw P?acheta,2021-2022,Other,1.0,Mitchell Dijks,2021-2022,Other,1.0,Freddie Veseli,2021-2022,Other,1.0
Gabriel Silva,2021-2022,0,Other,Ken Sema,2021-2022,Other,1.0,Jonás Ramalho,2021-2022,Other,1.0,Kevin Behrens,2021-2022,Other,1.0,Nicola Sansone,2021-2022,Other,1.0,Jens Grahl,2021-2022,Other,1.0
Jonathan Silva,2021-2022,0,Other,Marcelo,2021-2022,Unknown,1.0,Nordine Kandil,2021-2022,Other,1.0,Emil Ceide,2021-2022,Other,1.0,Mouhamadou Diarra,2021-2022,Other,1.0,Luis Palma,2025-2026,Unknown,1.0
Rui Silva,2021-2022,0,Unknown,Abdoulaye Doucouré,2021-2022,Other,1.0,Jonas Hector,2021-2022,Other,1.0,Gonzalo Melero,2021-2022,Other,1.0,Emmanuel Gyasi,2021-2022,Other,1.0,Jonathan Gradit,2021-2022,Other,1.0
Marco Silvestri,2021-2022,0,Other,Ishak Belfodil,2021-2022,Other,1.0,Atakan Karazor,2021-2022,Other,1.0,Max Christiansen,2021-2022,Other,1.0,Kevin Akpoguma,2021-2022,Other,1.0,Anthony Martial,2021-2022,Unknown,1.0
Mohamed Simakan,2021-2022,0,Unknown,Christian Pulisic,2021-2022,Unknown,1.0,Mohamed Elneny,2021-2022,Unknown,1.0,Robin Le Normand,2021-2022,Unknown,1.0,Carlos Soler,2021-2022,Unknown,1.0,Alassane Pléa,2021-2022,Unknown,1.0
Giovanni Simeone,2021-2022,0,Other,Diego Llorente,2021-2022,Other,1.0,Joël Drommel,2025-2026,Unknown,1.0,Ludovic Blas,2021-2022,Other,1.0,Ryan Bertrand,2021-2022,Unknown,1.0,Álex Moreno,2021-2022,Other,1.0
Giuliano Simeone,2021-2022,0,Unknown,Amadou Traore,2021-2022,Other,1.0,Alvaro Sanz,2021-2022,Other,1.0,Ben Godfrey,2025-2026,Other,1.0,Seedy Jatta,2025-2026,Other,1.0,Július Szöke,2025-2026,Unknown,1.0
Ellis Simms,2021-2022,0,Other,Munir El Haddadi,2021-2022,Other,1.0,Jannes Horn,2021-2022,Other,1.0,Nicolás Serrano,2021-2022,Other,1.0,Jan Morávek,2021-2022,Other,1.0,Javi López,2021-2022,Other,1.0
Moses Simon,2021-2022,0,Unknown,Callum Hudson-Odoi,2021-2022,Unknown,1.0,Alex Oxlade-Chamberlain,2021-2022,Unknown,1.0,Alexis Saelemaekers,2021-2022,Unknown,1.0,Ethan Ampadu,2021-2022,Unknown,1.0,Ozan Kabak,2021-2022,Unknown,1.0
Unai Simón,2021-2022,0,Other,Lukas Nmecha,2021-2022,Other,1.0,Martin Braithwaite,2021-2022,Other,1.0,Arne Maier,2021-2022,Other,1.0,Mert Müldür,2021-2022,Other,1.0,Youcef Atal,2021-2022,Other,1.0
Xavi Simons,2021-2022,0,Unknown,Thibault Klidje,2021-2022,Other,1.0,Wesley,2021-2022,Forward,1.0,Valerio Verre,2021-2022,Other,1.0,Mathieu Cafaro,2021-2022,Other,1.0,Mahame Siby,2021-2022,Other,1.0
Wilfried Singo,2021-2022,0,Unknown,José Fonte,2021-2022,Unknown,1.0,Ezri Konsa,2021-2022,Unknown,1.0,Nahuel Molina,2021-2022,Unknown,1.0,Nélson Semedo,2021-2022,Unknown,1.0,Mattia De Sciglio,2021-2022,Unknown,1.0
Daley Sinkgraven,2021-2022,0,Other,Oier Olazábal,2021-2022,Other,1.0,Jeremy Doku,2021-2022,Other,1.0,Julien Faussurier,2021-2022,Other,1.0,Landry Dimata,2021-2022,Other,1.0,Brandon Soppy,2021-2022,Other,1.0
Tobias Sippel,2021-2022,0,Other,Andrey Lunyov,2021-2022,Other,1.0,Amath,2021-2022,Other,1.0,Loren Morón,2021-2022,Other,1.0,Sardar Azmoun,2021-2022,Other,1.0,Deyovaisio Zeefuik,2021-2022,Other,1.0
Salvatore Sirigu,2021-2022,0,Unknown,Romain Saïss,2021-2022,Other,1.0,Yunis Abdelhamid,2021-2022,Other,1.0,Marko Arnautovi?,2021-2022,Other,1.0,Ludovic Ajorque,2021-2022,Other,1.0,Franck Ribéry,2021-2022,Unknown,1.0
Issouf Sissokho,2021-2022,0,Other,Pablo Piatti,2021-2022,Other,1.0,Martín Merquelanz,2021-2022,Other,1.0,Alexis Tibidi,2021-2022,Other,1.0,Sacha Delaye,2021-2022,Other,1.0,Amadou Diawara,2021-2022,Unknown,1.0
Ibrahima Sissoko,2021-2022,0,Other,Antonio Puertas,2021-2022,Other,1.0,Mason Holgate,2021-2022,Other,1.0,Peter Pekarík,2021-2022,Other,1.0,Florian Kainz,2021-2022,Other,1.0,Fabian Delph,2021-2022,Unknown,1.0
Moussa Sissoko,2021-2022,0,Unknown,Von Ballmoos,2021-2022,Goalkeeper,1.0,Jérôme Boateng,2021-2022,Unknown,1.0,Japhet Tanganga,2021-2022,Unknown,1.0,Robin Knoche,2021-2022,Unknown,1.0,Rick Karsdorp,2021-2022,Unknown,1.0
Nelson Sissoko,2021-2022,0,Other,Aleksandr Kokorin,2021-2022,Unknown,1.0,Jarell Quansah,2025-2026,Unknown,1.0,Leandro Morgalla,2025-2026,Other,1.0,Mengi,2021-2022,Defender,1.0,Myles Lewis-Skelly,2025-2026,Unknown,1.0
Sambou Sissoko,2021-2022,0,Other,Giuseppe Pezzella,2021-2022,Other,1.0,Fodé Doucouré,2021-2022,Other,1.0,Okay Yokuþlu,2021-2022,Other,1.0,Stuart McKinstry,2021-2022,Other,1.0,Víctor Camarasa,2021-2022,Other,1.0
Antonio Sivera,2021-2022,0,Other,Luis Binks,2021-2022,Other,1.0,Abdoulaye Touré,2021-2022,Other,1.0,Albert Gu?mundsson,2021-2022,Other,1.0,Aitor Ruibal,2021-2022,Other,1.0,Mato Jajalo,2021-2022,Other,1.0
Ellyes Skhiri,2021-2022,0,Other,Christoph Kramer,2021-2022,Unknown,1.0,Manuel Lanzini,2021-2022,Other,1.0,Wout Faes,2021-2022,Other,1.0,Luka Modri?,2021-2022,Other,1.0,Kasper Schmeichel,2021-2022,Unknown,1.0
Oliver Skipp,2021-2022,0,Unknown,Mohamed Elyounoussi,2021-2022,Unknown,1.0,Daichi Kamada,2021-2022,Unknown,1.0,Raúl Jiménez,2021-2022,Unknown,1.0,Donyell Malen,2021-2022,Unknown,1.0,Kristjan Asllani,2021-2022,Unknown,1.0
Leo Skiri Østigård,2021-2022,0,Other,Nils Petersen,2021-2022,Other,1.0,Tristan Dingomé,2021-2022,Other,1.0,Isaac Hayden,2021-2022,Other,1.0,Ángel Montoro,2021-2022,Other,1.0,Gaëtan Poussin,2021-2022,Other,1.0
?ukasz Skorupski,2021-2022,0,Other,Óscar Trejo,2021-2022,Other,1.0,Damián Suárez,2021-2022,Other,1.0,Kiko Femenía,2021-2022,Other,1.0,Predrag Rajkovi?,2021-2022,Other,1.0,Gelson Martins,2021-2022,Other,1.0
Andreas Skov Olsen,2021-2022,0,Other,Angel Gomes,2021-2022,Other,1.0,Manu Vallejo,2021-2022,Other,1.0,Boris Radunovi?,2021-2022,Other,1.0,Marcus Coco,2021-2022,Other,1.0,Cedric Gondo,2021-2022,Other,1.0
Robert Skov,2021-2022,0,Other,Mamadou Sylla,2021-2022,Other,1.0,Vitolo,2021-2022,Unknown,1.0,Carlos Dominguez,2021-2022,Other,1.0,Silas Katompa,2021-2022,Other,1.0,Javairô Dilrosun,2021-2022,Other,1.0
Milan kriniar,2021-2022,0,Other,Matteo Politano,2021-2022,Unknown,1.0,Romelu Lukaku,2021-2022,Unknown,1.0,Jakub Moder,2021-2022,Unknown,1.0,Raoul Bellanova,2021-2022,Unknown,1.0,Benjamin Bourigeaud,2021-2022,Other,1.0
William Smallbone,2021-2022,0,Other,Jesuran Rak Sakyi,2021-2022,Other,1.0,Diego Lainez,2021-2022,Other,1.0,Bruno Costa,2021-2022,Unknown,1.0,Oleksiy Shevchenko,2021-2022,Goalkeeper,1.0,Daniele Baselli,2021-2022,Other,1.0
Chris Smalling,2021-2022,0,Unknown,Djibril Sow,2021-2022,Unknown,1.0,Mikel Oyarzabal,2021-2022,Unknown,1.0,Brendan Chardonnet,2021-2022,Unknown,1.0,Manuel Lazzari,2021-2022,Unknown,1.0,Marc Cucurella,2021-2022,Unknown,1.0
Emile Smith Rowe,2021-2022,0,Other,Thiago Mendes,2021-2022,Other,1.0,Djibril Sidibé,2021-2022,Unknown,1.0,Mateo Kova?i?,2021-2022,Other,1.0,Tomá Sou?ek,2021-2022,Other,1.0,Ashley Young,2021-2022,Unknown,1.0
Cédric Soares,2021-2022,0,Other,Nathaniel Clyne,2021-2022,Other,1.0,Paul Seguin,2021-2022,Other,1.0,Milot Rashica,2021-2022,Other,1.0,Samir Santos,2021-2022,Other,1.0,Robin Zentner,2021-2022,Other,1.0
Danilo Soares,2021-2022,0,Other,Amine Harit,2021-2022,Other,1.0,Timothy Castagne,2021-2022,Other,1.0,Abdoulaye Doucouré,2021-2022,Other,1.0,Rui Silva,2021-2022,Unknown,1.0,Jonas Hector,2021-2022,Other,1.0
Rubén Sobrino,2021-2022,0,Other,Juan Cruz Armada,2021-2022,Other,1.0,Nemanja Mati?,2021-2022,Other,1.0,Ike Ugbo,2021-2022,Other,1.0,Armel Bella Kotchap,2021-2022,Other,1.0,Armando Broja,2021-2022,Other,1.0
Alex Sola,2021-2022,0,Other,Rodrigo Ribeiro,2021-2022,Forward,1.0,Da Graca,2021-2022,Forward,1.0,Dani Olmo,2025-2026,Unknown,1.0,Newertton,2025-2026,Other,1.0,Samuel Mbangula,2025-2026,Other,1.0
Augusto Solari,2021-2022,0,Other,Amadou Mbengue,2021-2022,Other,1.0,Jon Pacheco,2021-2022,Other,1.0,Carlos Bacca,2021-2022,Other,1.0,Aaron Connolly,2021-2022,Other,1.0,Marcus Ingvartsen,2021-2022,Other,1.0
Soldado,2021-2022,0,Unknown,Sergio Agüero,2021-2022,Unknown,1.0,David Zima,2021-2022,Other,1.0,Nolito,2021-2022,Other,1.0,Alexandre Oukidja,2021-2022,Other,1.0,Roman Bürki,2021-2022,Unknown,1.0
Carlos Soler,2021-2022,0,Unknown,Robin Le Normand,2021-2022,Unknown,1.0,Mohamed Simakan,2021-2022,Unknown,1.0,Christian Pulisic,2021-2022,Unknown,1.0,Alassane Pléa,2021-2022,Unknown,1.0,Mohamed Elneny,2021-2022,Unknown,1.0
Yann Sommer,2021-2022,0,Unknown,Álvaro Negredo,2021-2022,Unknown,1.0,Nayef Aguerd,2021-2022,Other,1.0,Péter Gulácsi,2021-2022,Unknown,1.0,Timothy Weah,2021-2022,Unknown,1.0,Keylor Navas,2021-2022,Unknown,1.0
Son,2021-2022,0,Other,Cristian Gamboa,2021-2022,Other,1.0,Jeffrey Schlupp,2021-2022,Other,1.0,Duan Vlahovi?,2021-2022,Other,1.0,Andrea Cambiaso,2021-2022,Other,1.0,Abdelhamid Sabiri,2021-2022,Other,1.0
Brandon Soppy,2021-2022,0,Other,Landry Dimata,2021-2022,Other,1.0,Samuel Kalu,2021-2022,Other,1.0,Julien Faussurier,2021-2022,Other,1.0,Abdul Majeed Waris,2021-2022,Other,1.0,Dickson Abiama,2021-2022,Other,1.0
David Soria,2021-2022,0,Unknown,Alex Meret,2021-2022,Unknown,1.0,Vital N'Simba,2021-2022,Other,1.0,Leandro Cabrera,2021-2022,Other,1.0,Francisco Garcia,2021-2022,Other,1.0,Benoît Badiashile,2021-2022,Other,1.0
Roberto Soriano,2021-2022,0,Other,Kortney Hause,2021-2022,Other,1.0,Jeroen Zoet,2021-2022,Unknown,1.0,Anel Ahmedhodzic,2021-2022,Other,1.0,William Carvalho,2021-2022,Other,1.0,Stian Rode Gregersen,2021-2022,Other,1.0
Alberto Soro,2021-2022,0,Other,Emil Bohinen,2021-2022,Other,1.0,Jonathan Iglesias,2021-2022,Other,1.0,Tanguy Coulibaly,2021-2022,Other,1.0,Justin Hoogma,2021-2022,Other,1.0,Jed Steer,2021-2022,Other,1.0
Borna Sosa,2021-2022,0,Other,Joelinton,2021-2022,Other,1.0,Arthur Theate,2021-2022,Other,1.0,Danny Rose,2021-2022,Unknown,1.0,Tyrick Mitchell,2021-2022,Other,1.0,Vincent Pajot,2021-2022,Other,1.0
Hugo Sotelo,2021-2022,0,Other,Filippo Distefano,2021-2022,Other,1.0,Bryan Reynolds,2021-2022,Other,1.0,Tiago Ribeiro,2021-2022,Other,1.0,Djeidi Gassama,2021-2022,Other,1.0,Senny Mayulu,2025-2026,Other,1.0
Florian Sotoca,2021-2022,0,Other,Stefan Bell,2021-2022,Other,1.0,Quentin Merlin,2021-2022,Other,1.0,Vincent Pajot,2021-2022,Other,1.0,Igor,2021-2022,Other,1.0,Tyrick Mitchell,2021-2022,Other,1.0
Riccardo Sottil,2021-2022,0,Other,Irvin Cardona,2021-2022,Other,1.0,Necip Uysal,2021-2022,Unknown,1.0,Simone Verdi,2021-2022,Other,1.0,Michael Svoboda,2021-2022,Other,1.0,Gian-Luca Itter,2021-2022,Other,1.0
Tomá Sou?ek,2021-2022,0,Other,Martín Cáceres,2021-2022,Unknown,1.0,Djibril Sidibé,2021-2022,Unknown,1.0,Jarrod Bowen,2021-2022,Other,1.0,Thiago Mendes,2021-2022,Other,1.0,Emile Smith Rowe,2021-2022,Other,1.0
Sambou Soumano,2021-2022,0,Other,Sam Lammers,2021-2022,Other,1.0,Pavao Pervan,2021-2022,Other,1.0,Roli Pereira de Sa,2021-2022,Other,1.0,Jean-Philippe Krasso,2021-2022,Other,1.0,Emanuel Vignato,2021-2022,Other,1.0
Adama Soumaoro,2021-2022,0,Other,Kristoffer Ajer,2021-2022,Other,1.0,Norbert Gyömbér,2021-2022,Other,1.0,Jacob Barrett Laursen,2021-2022,Other,1.0,Aarón Martín,2021-2022,Other,1.0,Mërgim Vojvoda,2021-2022,Other,1.0
Boubakary Soumaré,2021-2022,0,Other,Arthur Desmas,2021-2022,Other,1.0,Alex McCarthy,2021-2022,Other,1.0,Salvador Ferrer,2021-2022,Other,1.0,M'Bala Nzola,2021-2022,Other,1.0,Martin Agirregabiria,2021-2022,Other,1.0
Arnaud Souquet,2021-2022,0,Other,Wylan Cyprien,2021-2022,Other,1.0,Wojciech Szcz?sny,2021-2022,Other,1.0,Leon Bailey,2021-2022,Unknown,1.0,Marco Bizot,2021-2022,Other,1.0,Jean-Victor Makengo,2021-2022,Other,1.0
Djibril Sow,2021-2022,0,Unknown,Chris Smalling,2021-2022,Unknown,1.0,Mikel Oyarzabal,2021-2022,Unknown,1.0,Brendan Chardonnet,2021-2022,Unknown,1.0,Manuel Lazzari,2021-2022,Unknown,1.0,Marc Cucurella,2021-2022,Unknown,1.0
Saidou Sow,2021-2022,0,Other,Eric Dier,2021-2022,Unknown,1.0,Olivier Giroud,2021-2022,Unknown,1.0,Denzel Dumfries,2021-2022,Unknown,1.0,James Milner,2021-2022,Unknown,1.0,Kostas Manolas,2021-2022,Unknown,1.0
Çaðlar Söyüncü,2021-2022,0,Other,Tyler Adams,2021-2022,Unknown,1.0,Luke Ayling,2021-2022,Other,1.0,Léo Jardim,2021-2022,Unknown,1.0,Marcus Thuram,2021-2022,Unknown,1.0,Flavien Tait,2021-2022,Other,1.0
Leonardo Spinazzola,2021-2022,0,Unknown,Kaio Jorge,2021-2022,Other,1.0,Robert Ibáñez,2021-2022,Other,1.0,Kingsley Michael,2021-2022,Other,1.0,Troy Deeney,2021-2022,Other,1.0,Sergio Rico,2021-2022,Unknown,1.0
Marco Sportiello,2021-2022,0,Unknown,Youcef Atal,2021-2022,Other,1.0,Kevin Akpoguma,2021-2022,Other,1.0,Max Christiansen,2021-2022,Other,1.0,Ishak Belfodil,2021-2022,Other,1.0,Marco Silvestri,2021-2022,Other,1.0
Tony Springett,2021-2022,0,Other,Yegor Prutsev,2025-2026,Other,1.0,Florin Andone,2021-2022,Other,1.0,Martin Adeline,2021-2022,Other,1.0,Bjarki Bjarkason,2021-2022,Other,1.0,Oguzhan Özyakup,2021-2022,Unknown,1.0
Jerry St. Juste,2021-2022,0,Unknown,Kalidou Koulibaly,2021-2022,Unknown,1.0,Leroy Sané,2021-2022,Unknown,1.0,Riyad Mahrez,2021-2022,Unknown,1.0,Jonny Evans,2021-2022,Unknown,1.0,John Stones,2021-2022,Unknown,1.0
Anton Stach,2021-2022,0,Other,Sasa Kalajdzic,2021-2022,Other,1.0,Luis Rioja,2021-2022,Other,1.0,Demarai Gray,2021-2022,Other,1.0,Christopher Trimmel,2021-2022,Other,1.0,Hugo Duro,2021-2022,Other,1.0
Kostas Stafylidis,2021-2022,0,Other,Luis Hernández,2021-2022,Other,1.0,El Bilal Touré,2021-2022,Other,1.0,Youcef Belaïli,2021-2022,Other,1.0,Miguel Trauco,2021-2022,Other,1.0,Lucas Da Cunha,2021-2022,Other,1.0
Josip Stanii?,2021-2022,0,Other,Florent Ogier,2021-2022,Other,1.0,Álvaro Odriozola,2021-2022,Other,1.0,Óscar Valentín,2021-2022,Other,1.0,Masaya Okugawa,2021-2022,Other,1.0,Samuele Ricci,2021-2022,Other,1.0
Niklas Stark,2021-2022,0,Other,Alex Ferrari,2021-2022,Other,1.0,Joe Willock,2021-2022,Other,1.0,Franco Israel,2025-2026,Other,1.0,Celeadnic,2021-2022,Goalkeeper,1.0,Jesper Lindstrøm,2021-2022,Other,1.0
Jason Steele,2021-2022,0,Other,Kelvin Yeboah,2021-2022,Other,1.0,Steven Alzate,2021-2022,Other,1.0,Lucas Olaza,2021-2022,Other,1.0,Gianluca Pegolo,2021-2022,Other,1.0,Andrea La Mantia,2021-2022,Other,1.0
Jed Steer,2021-2022,0,Other,Tanguy Coulibaly,2021-2022,Other,1.0,Jonathan Iglesias,2021-2022,Other,1.0,Sinaly Diomande,2021-2022,Other,1.0,Alberto Soro,2021-2022,Other,1.0,Tiemoué Bakayoko,2021-2022,Unknown,1.0
Zack Steffen,2021-2022,0,Other,Frederik Winther,2021-2022,Other,1.0,Andrea La Mantia,2021-2022,Other,1.0,Sargis Adamyan,2021-2022,Other,1.0,Lucas Olaza,2021-2022,Other,1.0,Danny Blum,2021-2022,Other,1.0
Calvin Stengs,2021-2022,0,Other,Fabien Lemoine,2021-2022,Other,1.0,Angus Gunn,2021-2022,Other,1.0,Alphonse Areola,2021-2022,Unknown,1.0,Edimilson Fernandes,2021-2022,Unknown,1.0,Toni Moya,2021-2022,Other,1.0
Pascal Stenzel,2021-2022,0,Other,Leo tulac,2021-2022,Other,1.0,Flavius Daniliuc,2021-2022,Other,1.0,Kevin Lasagna,2021-2022,Other,1.0,Roberto Massimo,2021-2022,Other,1.0,Pawe? Dawidowicz,2021-2022,Other,1.0
Dale Stephens,2021-2022,0,Other,Mijat Ga?inovi?,2021-2022,Other,1.0,Romeo Vermant,2025-2026,Other,1.0,Arthur Cabral,2025-2026,Forward,1.0,Nicolò Casale,2025-2026,Other,1.0,Loris Benito,2021-2022,Other,1.0
Jack Stephens,2021-2022,0,Other,Youssef Maleh,2021-2022,Other,1.0,Jóhann Berg Gu?mundsson,2021-2022,Other,1.0,Marash Kumbulla,2021-2022,Other,1.0,Uro Ra?i?,2021-2022,Other,1.0,David López,2021-2022,Other,1.0
Raheem Sterling,2021-2022,0,Unknown,Thilo Kehrer,2021-2022,Unknown,1.0,Hakim Ziyech,2021-2022,Unknown,1.0,Marco Reus,2021-2022,Unknown,1.0,Martin Terrier,2021-2022,Unknown,1.0,Ricardo Pereira,2021-2022,Unknown,1.0
Angelo Stiller,2021-2022,0,Other,Alessandro Schöpf,2021-2022,Other,1.0,Franco Israel,2025-2026,Other,1.0,Alex Ferrari,2021-2022,Other,1.0,Malo Gusto,2021-2022,Other,1.0,Bartosz Bereszy?ski,2021-2022,Other,1.0
Lars Stindl,2021-2022,0,Unknown,Breel Embolo,2021-2022,Unknown,1.0,Granit Xhaka,2021-2022,Unknown,1.0,Mahmoud Dahoud,2021-2022,Unknown,1.0,Leandro Trossard,2021-2022,Unknown,1.0,Bryan Cristante,2021-2022,Unknown,1.0
Riccardo Stivanello,2021-2022,0,Other,David Schnegg,2021-2022,Other,1.0,Vitinho,2021-2022,Midfielder,1.0,Gabriel Veiga,2021-2022,Other,1.0,Julian Eitschberger,2021-2022,Other,1.0,Antonin Bobichon,2021-2022,Other,1.0
Kevin Stöger,2021-2022,0,Other,Nicola Bagnolini,2021-2022,Other,1.0,Piątkowski,2021-2022,Defender,1.0,Philippe Sandler,2021-2022,Other,1.0,Florin Andone,2021-2022,Other,1.0,Tony Springett,2021-2022,Other,1.0
Petar Stojanovi?,2021-2022,0,Other,José Luis Palomino,2021-2022,Other,1.0,Jonathan Burkardt,2021-2022,Other,1.0,José Luis Morales,2021-2022,Other,1.0,Lukas Kübler,2021-2022,Other,1.0,Filip Kosti?,2021-2022,Other,1.0
John Stones,2021-2022,0,Unknown,Leroy Sané,2021-2022,Unknown,1.0,Christopher Nkunku,2021-2022,Unknown,1.0,Jerry St. Juste,2021-2022,Unknown,1.0,Kalidou Koulibaly,2021-2022,Unknown,1.0,Reinildo Mandava,2021-2022,Unknown,1.0
Thomas Strakosha,2021-2022,0,Other,Andros Townsend,2021-2022,Other,1.0,Milo Pantovi?,2021-2022,Other,1.0,Maxime Busi,2021-2022,Other,1.0,Víctor Chust,2021-2022,Other,1.0,Nick Pope,2021-2022,Other,1.0
Stefan Strandberg,2021-2022,0,Other,Dimitris Giannoulis,2021-2022,Other,1.0,Tete Morente,2021-2022,Other,1.0,Jordan Lotomba,2021-2022,Other,1.0,Ben Foster,2021-2022,Other,1.0,Kevin Strootman,2021-2022,Unknown,1.0
Dávid Strelec,2021-2022,0,Other,Wesley Saïd,2021-2022,Other,1.0,Jeremie Boga,2021-2022,Other,1.0,Riqui Puig,2021-2022,Other,1.0,Jeremy Ngakia,2021-2022,Other,1.0,Marco Bizot,2025-2026,Other,1.0
Tobias Strobl,2021-2022,0,Other,Jutglà,2021-2022,Other,1.0,Monchu,2021-2022,Other,1.0,Rayan Cherki,2021-2022,Other,1.0,Kévin Rodrigues,2021-2022,Other,1.0,Gonçalo Paciência,2021-2022,Other,1.0
Kevin Strootman,2021-2022,0,Unknown,Ben Foster,2021-2022,Other,1.0,Jordan Lotomba,2021-2022,Other,1.0,Pasquale Mazzocchi,2021-2022,Other,1.0,Stefan Strandberg,2021-2022,Other,1.0,Dimitris Giannoulis,2021-2022,Other,1.0
Pascal Struijk,2021-2022,0,Other,Martin Hinteregger,2021-2022,Other,1.0,Bastian Oczipka,2021-2022,Unknown,1.0,Kevin Vogt,2021-2022,Other,1.0,Fidel,2021-2022,Other,1.0,Gareth Bale,2021-2022,Unknown,1.0
Jens Stryger Larsen,2021-2022,0,Other,Christopher Antwi-Adjei,2021-2022,Other,1.0,Wladimiro Falcone,2021-2022,Other,1.0,Jonjoe Kenny,2021-2022,Other,1.0,Eldor Shomurodov,2021-2022,Other,1.0,Dimitry Bertaud,2021-2022,Other,1.0
Leo tulac,2021-2022,0,Other,Pascal Stenzel,2021-2022,Other,1.0,Flavius Daniliuc,2021-2022,Other,1.0,Kevin Lasagna,2021-2022,Other,1.0,Roberto Massimo,2021-2022,Other,1.0,Pawe? Dawidowicz,2021-2022,Other,1.0
Stefano Sturaro,2021-2022,0,Unknown,Leander Dendoncker,2021-2022,Other,1.0,Nacho Vidal,2021-2022,Other,1.0,Sebastian Polter,2021-2022,Other,1.0,Johan Vásquez,2021-2022,Other,1.0,Javi Puado,2021-2022,Other,1.0
Damián Suárez,2021-2022,0,Other,Kiko Femenía,2021-2022,Other,1.0,Predrag Rajkovi?,2021-2022,Other,1.0,Óscar Trejo,2021-2022,Other,1.0,Luká Hrádeck?,2021-2022,Other,1.0,?ukasz Skorupski,2021-2022,Other,1.0
Denis Suárez,2021-2022,0,Other,Álex Remiro,2021-2022,Unknown,1.0,Jean-Clair Todibo,2021-2022,Other,1.0,Jonathan Clauss,2021-2022,Other,1.0,Koen Casteels,2021-2022,Unknown,1.0,Ivan Provedel,2021-2022,Unknown,1.0
Mario Suárez,2021-2022,0,Unknown,Alessandro Deiola,2021-2022,Other,1.0,Karim Onisiwo,2021-2022,Other,1.0,Yacine Adli,2021-2022,Other,1.0,Matías Dituro,2021-2022,Other,1.0,Billy Gilmour,2021-2022,Other,1.0
Isaac Success,2021-2022,0,Other,Simon Zoller,2021-2022,Other,1.0,Unai García,2021-2022,Other,1.0,Riccardo Gagliolo,2021-2022,Other,1.0,Rob Holding,2021-2022,Other,1.0,Guilherme Ramos,2021-2022,Other,1.0
Niklas Süle,2021-2022,0,Unknown,Thomas Partey,2021-2022,Unknown,1.0,Nico Schlotterbeck,2021-2022,Unknown,1.0,Lucas Hernández,2021-2022,Unknown,1.0,Benjamin André,2021-2022,Unknown,1.0,Dani Olmo,2021-2022,Unknown,1.0
Kamaldeen Sulemana,2021-2022,0,Other,Iñigo Ruiz de Galarreta,2021-2022,Other,1.0,Igor Carioca,2021-2022,Other,1.0,Federico Di Francesco,2021-2022,Other,1.0,Ibrahima Niane,2021-2022,Other,1.0,Lucas Pérez,2021-2022,Other,1.0
Crysencio Summerville,2021-2022,0,Other,Philipp Tschauner,2021-2022,Other,1.0,Francesco Magnanelli,2021-2022,Other,1.0,Senny Mayulu,2025-2026,Other,1.0,Filippo Distefano,2021-2022,Other,1.0,Bryan Reynolds,2021-2022,Other,1.0
Vladyslav Supriaha,2021-2022,0,Other,Adrian Fein,2021-2022,Other,1.0,Andres Cuenca,2025-2026,Other,1.0,Nemanja Radonji?,2021-2022,Other,1.0,Ramiz Zerrouki,2025-2026,Other,1.0,Justin Che,2021-2022,Other,1.0
Bosko Sutalo,2021-2022,0,Other,Rodrigo Battaglia,2021-2022,Other,1.0,Pablo Galdames Millán,2021-2022,Other,1.0,Neto,2021-2022,Other,1.0,David López,2021-2022,Other,1.0,Marash Kumbulla,2021-2022,Other,1.0
Mattias Svanberg,2021-2022,0,Other,Jorge Cuenca,2021-2022,Other,1.0,Kenny McLean,2021-2022,Other,1.0,Giorgos Kyriakopoulos,2021-2022,Other,1.0,Lucas Martínez Quarta,2021-2022,Other,1.0,José Campaña,2021-2022,Other,1.0
Michael Svoboda,2021-2022,0,Other,Gian-Luca Itter,2021-2022,Other,1.0,Mads Roerslev,2021-2022,Other,1.0,Damien Da Silva,2021-2022,Other,1.0,Riccardo Sottil,2021-2022,Other,1.0,Thierry Correia,2021-2022,Other,1.0
Abdoulaye Sylla,2021-2022,0,Other,Luke McCowan,2025-2026,Unknown,1.0,Beñat Turrientes,2021-2022,Other,1.0,Wilson Isidor,2021-2022,Other,1.0,Edoardo Vergani,2021-2022,Other,1.0,Ruan,2021-2022,Other,1.0
Mamadou Sylla,2021-2022,0,Other,Carlos Dominguez,2021-2022,Other,1.0,Javairô Dilrosun,2021-2022,Other,1.0,Jordan Tell,2021-2022,Other,1.0,Robert Skov,2021-2022,Other,1.0,Milutin Osmaji?,2021-2022,Other,1.0
Ádám Szalai,2021-2022,0,Other,Álvaro Bastida,2021-2022,Other,1.0,Marcos Mauro López Gutiérrez,2021-2022,Other,1.0,Ilija Nestorovski,2021-2022,Other,1.0,Diego Perotti,2021-2022,Unknown,1.0,Alessandro Russo,2021-2022,Other,1.0
Wojciech Szcz?sny,2021-2022,0,Other,Wylan Cyprien,2021-2022,Other,1.0,Arnaud Souquet,2021-2022,Other,1.0,Leon Bailey,2021-2022,Unknown,1.0,Marco Bizot,2021-2022,Other,1.0,Jean-Victor Makengo,2021-2022,Other,1.0
Dominik Szoboszlai,2021-2022,0,Unknown,Davinson Sánchez,2021-2022,Unknown,1.0,Juan Bernat,2021-2022,Unknown,1.0,Mário Rui,2021-2022,Unknown,1.0,Declan Rice,2021-2022,Unknown,1.0,Jude Bellingham,2021-2022,Unknown,1.0
Jakob Sørensen,2021-2022,0,Other,Andrés Andrade Cedeño,2021-2022,Other,1.0,Cristian Molinaro,2021-2022,Other,1.0,Wajdi Kechrida,2021-2022,Other,1.0,Frederik Rønnow,2021-2022,Other,1.0,Patrick Bamford,2021-2022,Other,1.0
Alexander Sørloth,2021-2022,0,Other,Miguel Almirón,2021-2022,Other,1.0,Adri Embarba,2021-2022,Other,1.0,Ruben Vargas,2021-2022,Other,1.0,James Justin,2021-2022,Other,1.0,Daniel Podence,2021-2022,Other,1.0
Tachi,2021-2022,0,Other,Mickey van de Ven,2021-2022,Other,1.0,Shane Long,2021-2022,Other,1.0,Riccardo Ciervo,2021-2022,Other,1.0,Sebastian Walukiewicz,2021-2022,Other,1.0,Carlo Pinsoglio,2021-2022,Other,1.0
Jonathan Tah,2021-2022,0,Unknown,Bukayo Saka,2021-2022,Unknown,1.0,Sandro Tonali,2021-2022,Unknown,1.0,Mathias Pereira Lage,2021-2022,Unknown,1.0,Bryan Cristante,2021-2022,Unknown,1.0,Breel Embolo,2021-2022,Unknown,1.0
Waniss Taibi,2021-2022,0,Other,Gijs Smal,2025-2026,Unknown,1.0,Samuel Iling-Junior,2025-2026,Other,1.0,Alen Mustafić,2025-2026,Other,1.0,Florenzi,2021-2022,Defender,1.0,Tillman,2021-2022,Midfielder,1.0
Flavien Tait,2021-2022,0,Other,Marcus Thuram,2021-2022,Unknown,1.0,José Sá,2021-2022,Unknown,1.0,Léo Jardim,2021-2022,Unknown,1.0,Walace,2021-2022,Other,1.0,Tyler Adams,2021-2022,Unknown,1.0
Adrien Tameze,2021-2022,0,Other,Enes Ünal,2021-2022,Other,1.0,Santi Comesaña,2021-2022,Other,1.0,Grant Hanley,2021-2022,Other,1.0,Danny Rose,2021-2022,Unknown,1.0,Santiago Arias,2021-2022,Unknown,1.0
Japhet Tanganga,2021-2022,0,Unknown,Von Ballmoos,2021-2022,Goalkeeper,1.0,Moussa Sissoko,2021-2022,Unknown,1.0,Rick Karsdorp,2021-2022,Unknown,1.0,Jérôme Boateng,2021-2022,Unknown,1.0,Mitchel Bakker,2021-2022,Unknown,1.0
Renato Tapia,2021-2022,0,Other,Florian Krüger,2021-2022,Other,1.0,Morten Frendrup,2021-2022,Other,1.0,Andriy Yarmolenko,2021-2022,Unknown,1.0,Jens Petter Hauge,2021-2022,Other,1.0,Kieran Dowell,2021-2022,Other,1.0
Edmond Tapsoba,2021-2022,0,Other,Mauro Icardi,2021-2022,Unknown,1.0,André Gomes,2021-2022,Unknown,1.0,Ivan Rakiti?,2021-2022,Other,1.0,Jan Bednarek,2021-2022,Other,1.0,Kevin Trapp,2021-2022,Unknown,1.0
Florian Tardieu,2021-2022,0,Other,Tom Cleverley,2021-2022,Unknown,1.0,Edinson Cavani,2021-2022,Unknown,1.0,Thibaut Courtois,2021-2022,Unknown,1.0,Gianluca Caprari,2021-2022,Other,1.0,Andrei Girotto,2021-2022,Other,1.0
Matt Targett,2021-2022,0,Other,Joshua King,2021-2022,Other,1.0,Rober,2021-2022,Other,1.0,Jordan Ayew,2021-2022,Other,1.0,Nicolás Domínguez,2021-2022,Other,1.0,Haris Belkebla,2021-2022,Other,1.0
James Tarkowski,2021-2022,0,Other,Kerem Demirbay,2021-2022,Other,1.0,Calum Chambers,2021-2022,Other,1.0,Jesper Lindstrøm,2021-2022,Other,1.0,Celeadnic,2021-2022,Goalkeeper,1.0,Joe Willock,2021-2022,Other,1.0
Ciprian T?t?ru?anu,2021-2022,0,Other,Nicolas Haas,2021-2022,Other,1.0,Lazar Samardzic,2021-2022,Other,1.0,Jack Butland,2021-2022,Other,1.0,Jeison Murillo,2021-2022,Other,1.0,ime Vrsaljko,2021-2022,Other,1.0
Niklas Tauer,2021-2022,0,Other,Enric Franquesa,2021-2022,Other,1.0,Matteo Gabbia,2021-2022,Other,1.0,Tony Jantschke,2021-2022,Other,1.0,Paul Akouokou,2021-2022,Other,1.0,Dan Ndoye,2021-2022,Other,1.0
Nuno Tavares,2021-2022,0,Other,Alexis Flips,2021-2022,Other,1.0,Gio Reyna,2021-2022,Other,1.0,Youssouf Sabaly,2021-2022,Other,1.0,Ayoze Pérez,2021-2022,Other,1.0,Andrea Schiavone,2021-2022,Other,1.0
Charlie Taylor,2021-2022,0,Other,Alberth Elis,2021-2022,Other,1.0,Adrien Truffert,2021-2022,Other,1.0,Lassana Coulibaly,2021-2022,Other,1.0,João Virginia,2021-2022,Goalkeeper,1.0,Anthony Gordon,2021-2022,Other,1.0
Loum Tchaouna,2021-2022,0,Other,Tammy Abraham,2025-2026,Unknown,1.0,Dembélé,2021-2022,Unknown,1.0,Vecino,2021-2022,Midfielder,1.0,Lennart-Marten Czyborra,2021-2022,Other,1.0,Suf Podgoreanu,2021-2022,Other,1.0
Warren Tchimbembé,2021-2022,0,Other,László Bénes,2021-2022,Other,1.0,Valon Berisha,2021-2022,Other,1.0,Folarin Balogun,2021-2022,Other,1.0,Erick Pulgar,2021-2022,Other,1.0,Renaud Emond,2021-2022,Other,1.0
Aurélien Tchouaméni,2021-2022,0,Unknown,Tuta,2021-2022,Unknown,1.0,Aymeric Laporte,2021-2022,Unknown,1.0,Gabriel Jesus,2021-2022,Unknown,1.0,Son Heung-Min,2021-2022,Unknown,1.0,Rafinha,2021-2022,Unknown,1.0
Mathys Tel,2021-2022,0,Other,Luka Ilić,2025-2026,Midfielder,1.0,Ramsey,2021-2022,Midfielder,1.0,Shoretire,2021-2022,Midfielder,1.0,Bernardo,2021-2022,Defender,1.0,Gomez,2025-2026,Defender,0.9999
Jordan Tell,2021-2022,0,Other,Javairô Dilrosun,2021-2022,Other,1.0,Carlos Dominguez,2021-2022,Other,1.0,Milutin Osmaji?,2021-2022,Other,1.0,Mamadou Sylla,2021-2022,Other,1.0,Jordi Mboula,2021-2022,Other,1.0
Nathan Tella,2021-2022,0,Other,Luis Henrique,2021-2022,Other,1.0,Asmir Begovi?,2021-2022,Other,1.0,Christopher Lenz,2021-2022,Unknown,1.0,Thuler,2021-2022,Other,1.0,Myrto Uzuni,2021-2022,Other,1.0
Cristian Tello,2021-2022,0,Unknown,James Ward-Prowse,2021-2022,Other,1.0,Sheraldo Becker,2021-2022,Unknown,1.0,Igor Zubeldia,2021-2022,Unknown,1.0,Pierre Højbjerg,2021-2022,Other,1.0,Gerson,2021-2022,Other,1.0
Nahuel Tenaglia,2021-2022,0,Other,Romain Del Castillo,2021-2022,Other,1.0,Mads Pedersen,2021-2022,Other,1.0,Tyronne Ebuehi,2021-2022,Other,1.0,Santiago Gimenez,2025-2026,Unknown,1.0,Pere Pons,2021-2022,Other,1.0
Marc-André ter Stegen,2021-2022,0,Unknown,Maxime Lopez,2021-2022,Other,1.0,Obite N'Dicka,2021-2022,Other,1.0,Raoul Bellanova,2021-2022,Unknown,1.0,Gabriel Gudmundsson,2021-2022,Unknown,1.0,Matej Kovar,2025-2026,Unknown,1.0
Pietro Terracciano,2021-2022,0,Other,Oliver Baumann,2021-2022,Other,1.0,Pere Milla,2021-2022,Other,1.0,Youssouf Fofana,2021-2022,Other,1.0,Rani Khedira,2021-2022,Other,1.0,Nathan Collins,2021-2022,Other,1.0
Martin Terrier,2021-2022,0,Unknown,Ricardo Pereira,2021-2022,Unknown,1.0,Thilo Kehrer,2021-2022,Unknown,1.0,Ramy Bensebaini,2021-2022,Unknown,1.0,Raheem Sterling,2021-2022,Unknown,1.0,Hakim Ziyech,2021-2022,Unknown,1.0
Aleksa Terzi?,2021-2022,0,Other,Evan Ferguson,2021-2022,Other,1.0,Ben Lhassine Kone,2021-2022,Other,1.0,Suk Hyun-jun,2021-2022,Other,1.0,Daniel Villahermosa,2021-2022,Other,1.0,Cedric Teuchert,2021-2022,Other,1.0
Robert Tesche,2021-2022,0,Other,Immanuel Pherai,2021-2022,Other,1.0,Dimitrios Keramitsis,2021-2022,Other,1.0,Romario Rösch,2021-2022,Other,1.0,Daniel Chesters,2021-2022,Other,1.0,Marin Jakoli,2021-2022,Other,1.0
Tanner Tessmann,2021-2022,0,Other,Vincenzo Fiorillo,2021-2022,Other,1.0,Adrian Grbi?,2021-2022,Other,1.0,Danny Blum,2021-2022,Other,1.0,Faouzi Ghoulam,2021-2022,Unknown,1.0,Facundo Pellistri,2021-2022,Other,1.0
Cedric Teuchert,2021-2022,0,Other,Yan Brice Eteki,2021-2022,Other,1.0,Brian Brobbey,2021-2022,Other,1.0,Aleksa Terzi?,2021-2022,Other,1.0,Sven Ulreich,2025-2026,Unknown,1.0,Evan Ferguson,2021-2022,Other,1.0
Arthur Theate,2021-2022,0,Other,Danny Rose,2021-2022,Unknown,1.0,Joelinton,2021-2022,Other,1.0,Borna Sosa,2021-2022,Other,1.0,Enes Ünal,2021-2022,Other,1.0,Adrien Tameze,2021-2022,Other,1.0
Jan Thielmann,2021-2022,0,Other,Zinho Vanheusden,2021-2022,Other,1.0,Kalifa Coulibaly,2021-2022,Other,1.0,Marius Funk,2021-2022,Other,1.0,Fabian Bredlow,2021-2022,Other,1.0,Raúl Torrente,2021-2022,Other,1.0
Sada Thioub,2021-2022,0,Other,Sofian Kiyine,2021-2022,Other,1.0,Carney Chukwuemeka,2021-2022,Unknown,1.0,Ivor Pandur,2021-2022,Other,1.0,Andrea Petagna,2021-2022,Other,1.0,Antonio Vacca,2021-2022,Other,1.0
Luke Thomas,2021-2022,0,Other,Rubén Alcaraz,2021-2022,Other,1.0,Juraj Kucka,2021-2022,Other,1.0,Giulian Biancone,2021-2022,Other,1.0,Ben Mee,2021-2022,Other,1.0,Florian Lejeune,2021-2022,Other,1.0
Romain Thomas,2021-2022,0,Other,Andrew Omobamidele,2021-2022,Other,1.0,Rémy Cabella,2021-2022,Unknown,1.0,Ivan Perii?,2021-2022,Other,1.0,Gianluigi Donnarumma,2021-2022,Unknown,1.0,Silvan Widmer,2021-2022,Other,1.0
Adrien Thomasson,2021-2022,0,Other,Seko Fofana,2021-2022,Other,1.0,Alexander Meyer,2025-2026,Unknown,1.0,Ansgar Knauff,2021-2022,Unknown,1.0,Sebastian Rode,2021-2022,Unknown,1.0,Miguel Veloso,2021-2022,Unknown,1.0
Erik Thommy,2021-2022,0,Other,Jordi Mboula,2021-2022,Other,1.0,Adam Obert,2021-2022,Other,1.0,Milutin Osmaji?,2021-2022,Other,1.0,Jordan Tell,2021-2022,Other,1.0,Javairô Dilrosun,2021-2022,Other,1.0
Dominic Thompson,2021-2022,0,Other,Liberato Cacace,2021-2022,Other,1.0,Stéphane Diarra,2021-2022,Other,1.0,Dor Peretz,2021-2022,Other,1.0,Jakub Pešek,2025-2026,Forward,1.0,Kevin-Prince Boateng,2021-2022,Unknown,1.0
Morten Thorsby,2021-2022,0,Other,Ihlas Bebou,2021-2022,Other,1.0,Papu Gómez,2021-2022,Other,1.0,Pablo Marí,2021-2022,Other,1.0,Fraser Forster,2021-2022,Unknown,1.0,Yoann Salmier,2021-2022,Other,1.0
Thuler,2021-2022,0,Other,Christopher Lenz,2021-2022,Unknown,1.0,Asmir Begovi?,2021-2022,Other,1.0,Radu Dr?gu?in,2021-2022,Other,1.0,Dimitri Foulquier,2021-2022,Other,1.0,Jordan Torunarigha,2021-2022,Other,1.0
Marcus Thuram,2021-2022,0,Unknown,Flavien Tait,2021-2022,Other,1.0,José Sá,2021-2022,Unknown,1.0,Léo Jardim,2021-2022,Unknown,1.0,Tyler Adams,2021-2022,Unknown,1.0,Walace,2021-2022,Other,1.0
Khéphren Thuram-Ulie,2021-2022,0,Other,Enock Kwateng,2021-2022,Other,1.0,Andre-Frank Zambo Anguissa,2021-2022,Other,1.0,Ghislain Konan,2021-2022,Other,1.0,Simone Bastoni,2021-2022,Other,1.0,Marwin Hitz,2021-2022,Unknown,1.0
Alexis Tibidi,2021-2022,0,Other,Martín Merquelanz,2021-2022,Other,1.0,Sacha Delaye,2021-2022,Other,1.0,Amadou Diawara,2021-2022,Unknown,1.0,Pablo Piatti,2021-2022,Other,1.0,Issouf Sissokho,2021-2022,Other,1.0
Cheikh Tidiane Sabaly,2021-2022,0,Other,Fodé Ballo-Touré,2021-2022,Other,1.0,Josema,2021-2022,Other,1.0,Naïs Djouahra,2021-2022,Other,1.0,Moustapha Mbow,2021-2022,Other,1.0,Felipe Caicedo,2021-2022,Other,1.0
Youri Tielemans,2021-2022,0,Unknown,Rafinha,2021-2022,Unknown,1.0,Gabriel Jesus,2021-2022,Unknown,1.0,Aymeric Laporte,2021-2022,Unknown,1.0,Aurélien Tchouaméni,2021-2022,Unknown,1.0,Tuta,2021-2022,Unknown,1.0
Kieran Tierney,2021-2022,0,Unknown,Victor Lindelöf,2021-2022,Unknown,1.0,Trincão,2021-2022,Forward,1.0,Gonçalo Guedes,2021-2022,Unknown,1.0,Diogo Dalot,2021-2022,Unknown,1.0,Daniel Caligiuri,2021-2022,Unknown,1.0
Malik Tillman,2021-2022,0,Unknown,Simone Trimboli,2021-2022,Other,1.0,Douglas Luiz,2025-2026,Unknown,1.0,Jeyland Mitchell,2025-2026,Unknown,1.0,Mateusz Praszelik,2021-2022,Other,1.0,Jorginho,2025-2026,Unknown,1.0
Timothy Tillman,2021-2022,0,Other,Jean-Paul Boëtius,2021-2022,Other,1.0,Justin Kluivert,2021-2022,Other,1.0,Mattia Destro,2021-2022,Other,1.0,Arnaud Nordin,2021-2022,Other,1.0,David Pereira da Costa,2021-2022,Other,1.0
David Timor,2021-2022,0,Other,Giovani Lo Celso,2021-2022,Unknown,1.0,Ebrima Colley,2021-2022,Other,1.0,Chimuanya Ugochukwu,2021-2022,Other,1.0,Renaud Emond,2021-2022,Other,1.0,Erick Pulgar,2021-2022,Other,1.0
Jean-Clair Todibo,2021-2022,0,Other,Jonathan Clauss,2021-2022,Other,1.0,Koen Casteels,2021-2022,Unknown,1.0,Denis Suárez,2021-2022,Other,1.0,Álex Remiro,2021-2022,Unknown,1.0,Ivan Provedel,2021-2022,Unknown,1.0
Umut Tohumcu,2021-2022,0,Other,Jaden Philogene Bidace,2021-2022,Other,1.0,Moussa Djenepo,2021-2022,Other,1.0,Omar Richards,2021-2022,Other,1.0,Oriol Busquets,2021-2022,Other,1.0,Leonardo Capezzi,2021-2022,Other,1.0
Karl Toko Ekambi,2021-2022,0,Unknown,Patric,2021-2022,Unknown,1.0,Dani Olmo,2021-2022,Unknown,1.0,Cristiano Ronaldo,2021-2022,Unknown,1.0,Benjamin Pavard,2021-2022,Unknown,1.0,Julian Brandt,2021-2022,Unknown,1.0
Corentin Tolisso,2021-2022,0,Unknown,Marco Carnesecchi,2025-2026,Unknown,1.0,Pyatov,2021-2022,Goalkeeper,0.9997,Nathan Aké,2021-2022,Unknown,0.9997,Marco Verratti,2021-2022,Unknown,0.9993,Oleksandr Zinchenko,2021-2022,Unknown,0.9991
Jeremy Toljan,2021-2022,0,Other,Joakim Mæhle,2021-2022,Other,1.0,Remi Oudin,2021-2022,Other,1.0,Luca Ceppitelli,2021-2022,Other,1.0,Hicham Boudaoui,2021-2022,Other,1.0,Kamory Doumbia,2021-2022,Other,1.0
Raúl de Tomás,2021-2022,0,Other,Cheick Doucouré,2021-2022,Other,1.0,Nicolas Cozza,2021-2022,Other,1.0,Joko Gvardiol,2021-2022,Other,1.0,Andrea Ranocchia,2021-2022,Unknown,1.0,Gabriel Dos Santos,2021-2022,Other,1.0
James Tomkins,2021-2022,0,Other,Albert Sambi Lokonga,2021-2022,Other,1.0,Jarrad Branthwaite,2021-2022,Other,1.0,Imran Louza,2021-2022,Other,1.0,Stéphane Bahoken,2021-2022,Other,1.0,Francisco Sierralta,2021-2022,Other,1.0
Fikayo Tomori,2021-2022,0,Unknown,Krépin Diatta,2021-2022,Unknown,1.0,Thorgan Hazard,2021-2022,Unknown,1.0,Alassane Pléa,2021-2022,Unknown,1.0,Rodrigo De Paul,2021-2022,Unknown,1.0,Carlos Soler,2021-2022,Unknown,1.0
Sandro Tonali,2021-2022,0,Unknown,Mathias Pereira Lage,2021-2022,Unknown,1.0,Bukayo Saka,2021-2022,Unknown,1.0,Bryan Cristante,2021-2022,Unknown,1.0,Jonathan Tah,2021-2022,Unknown,1.0,Breel Embolo,2021-2022,Unknown,1.0
Lorenzo Tonelli,2021-2022,0,Other,Alessandro Buongiorno,2021-2022,Other,1.0,Fernando Niño,2021-2022,Other,1.0,Kike Barja,2021-2022,Other,1.0,Patrick Bamford,2021-2022,Other,1.0,Frederik Rønnow,2021-2022,Other,1.0
Ivan Toney,2021-2022,0,Other,Michail Antonio,2021-2022,Other,1.0,Simone Romagnoli,2021-2022,Other,1.0,Giacomo Bonaventura,2021-2022,Other,1.0,Jean-Charles Castelletto,2021-2022,Other,1.0,Maya Yoshida,2021-2022,Other,1.0
Ernesto Torregrossa,2021-2022,0,Other,András Schäfer,2021-2022,Other,1.0,Jean-Kévin Augustin,2021-2022,Other,1.0,Lewis Ferguson,2025-2026,Unknown,1.0,Mathys Saban,2021-2022,Other,1.0,Paulo Bernardo,2021-2022,Midfielder,1.0
Lucas Torreira,2021-2022,0,Other,Anthony Modeste,2021-2022,Other,1.0,Nicolas Höfler,2021-2022,Other,1.0,Diego López,2021-2022,Unknown,1.0,David de Gea,2021-2022,Unknown,1.0,Duje ?aleta-Car,2021-2022,Other,1.0
Raúl Torrente,2021-2022,0,Other,Fabian Bredlow,2021-2022,Other,1.0,Jens Jønsson,2021-2022,Other,1.0,Nemanja Radoja,2021-2022,Other,1.0,Jan Thielmann,2021-2022,Other,1.0,Juan Mata,2021-2022,Unknown,1.0
Roberto Torres,2021-2022,0,Other,Patrick Herrmann,2021-2022,Other,1.0,Davide Biraschi,2021-2022,Other,1.0,Mariano,2021-2022,Unknown,1.0,Alfre? Finnbogason,2021-2022,Other,1.0,Jonas Lössl,2021-2022,Other,1.0
Lucas Torró,2021-2022,0,Other,Jack Harrison,2021-2022,Other,1.0,Luiz Felipe,2021-2022,Other,1.0,Vitaly Janelt,2021-2022,Other,1.0,Batista Mendy,2021-2022,Other,1.0,Davide Faraoni,2021-2022,Other,1.0
Jordan Torunarigha,2021-2022,0,Other,Adam Idah,2021-2022,Other,1.0,Dimitri Foulquier,2021-2022,Other,1.0,Radu Dr?gu?in,2021-2022,Other,1.0,Hernani,2021-2022,Other,1.0,Thuler,2021-2022,Other,1.0
Cenk Tosun,2021-2022,0,Other,Kayky Chagas,2021-2022,Other,1.0,Banhie Zoukrou,2021-2022,Other,1.0,Adamo Nagalo,2025-2026,Unknown,1.0,Francesco Camarda,2025-2026,Other,1.0,Idjessi Metsoko,2025-2026,Unknown,1.0
Abdoulaye Touré,2021-2022,0,Other,Antonio Sivera,2021-2022,Other,1.0,Luis Binks,2021-2022,Other,1.0,Mato Jajalo,2021-2022,Other,1.0,Denis Cheryshev,2021-2022,Other,1.0,Felix Afena-Gyan,2021-2022,Other,1.0
Almamy Touré,2021-2022,0,Unknown,Niki Mäenpää,2021-2022,Other,1.0,Randy Ntekja,2021-2022,Other,1.0,Jaume Doménech,2021-2022,Unknown,1.0,Gideon Mensah,2021-2022,Other,1.0,José Ángel,2021-2022,Other,1.0
Lucas Tousart,2021-2022,0,Unknown,Valère Germain,2021-2022,Unknown,1.0,Pierre Højbjerg,2021-2022,Other,1.0,Téji Savanier,2021-2022,Other,1.0,Lucas Leiva,2021-2022,Unknown,1.0,Ulreich,2021-2022,Goalkeeper,1.0
Yoann Touzghar,2021-2022,0,Other,Ouparine Djoco,2021-2022,Other,1.0,Dani García,2021-2022,Other,1.0,Charalambos Lykogiannis,2021-2022,Other,1.0,Pape Gueye,2021-2022,Other,1.0,Romain Perraud,2021-2022,Other,1.0
Andros Townsend,2021-2022,0,Other,Thomas Strakosha,2021-2022,Other,1.0,Milo Pantovi?,2021-2022,Other,1.0,Maxime Busi,2021-2022,Other,1.0,Víctor Chust,2021-2022,Other,1.0,Sergi Canós,2021-2022,Other,1.0
Adama Traoré,2021-2022,0,Other,Danilo Barbosa,2021-2022,Other,1.0,Fredrik Jensen,2021-2022,Other,1.0,Bilal Brahimi,2021-2022,Other,1.0,Hassane Kamara,2021-2022,Other,1.0,Marko Ilić,2025-2026,Other,1.0
Amadou Traore,2021-2022,0,Other,Giuliano Simeone,2021-2022,Unknown,1.0,Alvaro Sanz,2021-2022,Other,1.0,Ben Godfrey,2025-2026,Other,1.0,Seedy Jatta,2025-2026,Other,1.0,Július Szöke,2025-2026,Unknown,1.0
Bertrand Traoré,2021-2022,0,Unknown,Nathan de Medina,2021-2022,Other,1.0,Mikkel Damsgaard,2021-2022,Other,1.0,Abdoulaye Bakayoko,2021-2022,Other,1.0,Dango Ouattara,2021-2022,Other,1.0,Morgan Schneiderlin,2021-2022,Other,1.0
Boubacar Traoré,2021-2022,0,Other,Jack Cork,2021-2022,Other,1.0,Jodel Dossou,2021-2022,Other,1.0,Eduard Löwen,2021-2022,Other,1.0,Erik Palmer-Brown,2021-2022,Other,1.0,Michael Gregoritsch,2021-2022,Other,1.0
Charles Traore,2021-2022,0,Other,Luka Bogdan,2021-2022,Other,1.0,Facundo Pellistri,2021-2022,Other,1.0,Willem Geubbels,2021-2022,Other,1.0,Faouzi Ghoulam,2021-2022,Unknown,1.0,Adrian Grbi?,2021-2022,Other,1.0
Hamari Traoré,2021-2022,0,Unknown,Pedro,2021-2022,Unknown,1.0,Domenico Criscito,2021-2022,Unknown,1.0,Houssem Aouar,2021-2022,Unknown,1.0,Julian Brandt,2021-2022,Unknown,1.0,Benjamin Pavard,2021-2022,Unknown,1.0
Ismaël Traoré,2021-2022,0,Other,Alexander Nübel,2021-2022,Unknown,1.0,Maxi Gómez,2021-2022,Unknown,1.0,James Maddison,2021-2022,Other,1.0,Fabien Centonze,2021-2022,Other,1.0,Iago Aspas,2021-2022,Other,1.0
Kevin Trapp,2021-2022,0,Unknown,Jan Bednarek,2021-2022,Other,1.0,Ivan Rakiti?,2021-2022,Other,1.0,José Callejón,2021-2022,Unknown,1.0,Edmond Tapsoba,2021-2022,Other,1.0,Mauro Icardi,2021-2022,Unknown,1.0
Miguel Trauco,2021-2022,0,Other,Youcef Belaïli,2021-2022,Other,1.0,El Bilal Touré,2021-2022,Other,1.0,Luis Hernández,2021-2022,Other,1.0,Kostas Stafylidis,2021-2022,Other,1.0,Carlos Clerc,2021-2022,Other,1.0
Óscar Trejo,2021-2022,0,Other,Damián Suárez,2021-2022,Other,1.0,Kiko Femenía,2021-2022,Other,1.0,Predrag Rajkovi?,2021-2022,Other,1.0,?ukasz Skorupski,2021-2022,Other,1.0,Luká Hrádeck?,2021-2022,Other,1.0
Simone Trimboli,2021-2022,0,Other,Malik Tillman,2021-2022,Unknown,1.0,Jorginho,2025-2026,Unknown,1.0,Douglas Luiz,2025-2026,Unknown,1.0,Jeyland Mitchell,2025-2026,Unknown,1.0,Aleksandar Kolarov,2021-2022,Unknown,1.0
Christopher Trimmel,2021-2022,0,Other,Demarai Gray,2021-2022,Other,1.0,Hugo Duro,2021-2022,Other,1.0,Illan Meslier,2021-2022,Other,1.0,Christophe Hérelle,2021-2022,Other,1.0,Anton Stach,2021-2022,Other,1.0
Trincão,2021-2022,0,Forward,Victor Lindelöf,2021-2022,Unknown,1.0,Gonçalo Guedes,2021-2022,Unknown,1.0,Diogo Dalot,2021-2022,Unknown,1.0,Daniel Caligiuri,2021-2022,Unknown,1.0,Piero Hincapié,2021-2022,Unknown,1.0
Kieran Trippier,2021-2022,0,Unknown,Casteels,2021-2022,Goalkeeper,1.0,Jimmy Briand,2021-2022,Unknown,0.9996,Marvin Keller,2025-2026,Unknown,0.9996,Mattia Zaccagni,2021-2022,Unknown,0.9994,Gianluigi Donnarumma,2025-2026,Unknown,0.9987
William Troost-Ekong,2021-2022,0,Other,Grigoris Kastanos,2021-2022,Other,1.0,Ajdin Hrustic,2021-2022,Other,1.0,Osman Bukari,2021-2022,Other,1.0,Moanes Dabbur,2021-2022,Other,1.0,Albin Ekdal,2021-2022,Other,1.0
Leandro Trossard,2021-2022,0,Unknown,Mahmoud Dahoud,2021-2022,Unknown,1.0,Granit Xhaka,2021-2022,Unknown,1.0,Lars Stindl,2021-2022,Unknown,1.0,Breel Embolo,2021-2022,Unknown,1.0,Bryan Cristante,2021-2022,Unknown,1.0
Adrien Truffert,2021-2022,0,Other,Alberth Elis,2021-2022,Other,1.0,Charlie Taylor,2021-2022,Other,1.0,Lassana Coulibaly,2021-2022,Other,1.0,João Virginia,2021-2022,Goalkeeper,1.0,Carles Aleñá,2021-2022,Other,1.0
Philipp Tschauner,2021-2022,0,Other,Crysencio Summerville,2021-2022,Other,1.0,Francesco Magnanelli,2021-2022,Other,1.0,Luka Ivanusec,2025-2026,Unknown,1.0,Senny Mayulu,2025-2026,Other,1.0,Hugo Sotelo,2021-2022,Other,1.0
Axel Tuanzebe,2021-2022,0,Other,Hianga Mananga Mbock,2021-2022,Other,1.0,Javier Díaz,2021-2022,Other,1.0,Juan Pérez,2021-2022,Other,1.0,Bradley Barcola,2021-2022,Unknown,1.0,Gianluca Pegolo,2021-2022,Other,1.0
Ozan Tufan,2021-2022,0,Other,Pawe? Jaroszy?ski,2021-2022,Other,1.0,Santiago Arzamendia,2021-2022,Other,1.0,Yayah Kallon,2021-2022,Other,1.0,Abdessamad Ezzalzouli,2021-2022,Other,1.0,Joan García,2021-2022,Other,1.0
Beñat Turrientes,2021-2022,0,Other,Abdoulaye Sylla,2021-2022,Other,1.0,Wilson Isidor,2021-2022,Other,1.0,Edoardo Vergani,2021-2022,Other,1.0,Ruan,2021-2022,Other,1.0,Luke McCowan,2025-2026,Unknown,1.0
Tuta,2021-2022,0,Unknown,Aurélien Tchouaméni,2021-2022,Unknown,1.0,Aymeric Laporte,2021-2022,Unknown,1.0,Gabriel Jesus,2021-2022,Unknown,1.0,Son Heung-Min,2021-2022,Unknown,1.0,Rafinha,2021-2022,Unknown,1.0
Christos Tzolis,2021-2022,0,Unknown,Marin Pongra?i?,2021-2022,Other,1.0,Marcus Coco,2021-2022,Other,1.0,Boris Radunovi?,2021-2022,Other,1.0,Fede San Emeterio,2021-2022,Other,1.0,Angel Gomes,2021-2022,Other,1.0
Iyenoma Udogie,2021-2022,0,Other,Pontus Jansson,2021-2022,Other,1.0,Gerard Deulofeu,2021-2022,Other,1.0,Gaëtan Laborde,2021-2022,Other,1.0,Max Kilman,2021-2022,Other,1.0,Aritz Elustondo,2021-2022,Other,1.0
Matthieu Udol,2021-2022,0,Other,Nick Viergever,2021-2022,Other,1.0,Niko Gießelmann,2021-2022,Other,1.0,Séamus Coleman,2021-2022,Other,1.0,Aaron Wan-Bissaka,2021-2022,Other,1.0,Richarlison,2021-2022,Other,1.0
Ike Ugbo,2021-2022,0,Other,Armel Bella Kotchap,2021-2022,Other,1.0,Armando Broja,2021-2022,Other,1.0,Nemanja Mati?,2021-2022,Other,1.0,Enzo Ebosse,2021-2022,Other,1.0,Juan Cruz Armada,2021-2022,Other,1.0
Chimuanya Ugochukwu,2021-2022,0,Other,David Timor,2021-2022,Other,1.0,Renaud Emond,2021-2022,Other,1.0,Giovani Lo Celso,2021-2022,Unknown,1.0,Erick Pulgar,2021-2022,Other,1.0,Ebrima Colley,2021-2022,Other,1.0
Hwang Ui-jo,2021-2022,0,Other,Gavi Paez,2021-2022,Other,1.0,Hugo Mallo,2021-2022,Other,1.0,Ivan Ili?,2021-2022,Other,1.0,Jonas Wind,2021-2022,Other,1.0,Samuele Ricci,2021-2022,Other,1.0
Anthony Ujah,2021-2022,0,Other,Christian Mawissa,2025-2026,Unknown,1.0,Mechele,2021-2022,Defender,1.0,Ousmane Toure,2025-2026,Unknown,1.0,Julien Duranville,2025-2026,Other,1.0,Alex Valle,2025-2026,Other,0.9999
Maximilian Ullmann,2021-2022,0,Other,Daniel Brosinski,2021-2022,Other,1.0,Luka Jovi?,2021-2022,Other,1.0,Abdoulaye Bamba,2021-2022,Other,1.0,Paolo Ghiglione,2021-2022,Other,1.0,Nani,2021-2022,Unknown,1.0
Sven Ulreich,2021-2022,0,Unknown,Kouadio Koné,2021-2022,Other,1.0,Sergi Gómez,2021-2022,Other,1.0,Max Kilman,2021-2022,Other,1.0,Gerard Deulofeu,2021-2022,Other,1.0,Pontus Jansson,2021-2022,Other,1.0
Samuel Umtiti,2021-2022,0,Unknown,Nico O’Reilly,2025-2026,Unknown,1.0,Lukáš Pauschek,2025-2026,Other,1.0,Marco John,2021-2022,Other,1.0,Nicolas Viola,2021-2022,Other,1.0,Mariano Díaz,2021-2022,Forward,1.0
Enes Ünal,2021-2022,0,Other,Adrien Tameze,2021-2022,Other,1.0,Danny Rose,2021-2022,Unknown,1.0,Santi Comesaña,2021-2022,Other,1.0,Arthur Theate,2021-2022,Other,1.0,Grant Hanley,2021-2022,Other,1.0
Cengiz Ünder,2021-2022,0,Unknown,Kaan Ayhan,2021-2022,Unknown,1.0,Joël Veltman,2021-2022,Unknown,1.0,Jeremie Frimpong,2021-2022,Unknown,1.0,Radamel Falcao,2021-2022,Unknown,1.0,Junior Messias,2021-2022,Unknown,1.0
Dayot Upamecano,2021-2022,0,Unknown,Cristian Romero,2021-2022,Unknown,1.0,Danilo Pereira,2021-2022,Unknown,1.0,Dahlin,2021-2022,Goalkeeper,1.0,Leon Goretzka,2021-2022,Unknown,1.0,Raphaël Guerreiro,2021-2022,Unknown,0.9999
Benjamin Uphoff,2021-2022,0,Other,Matías Vecino,2021-2022,Unknown,1.0,Nikola Vlai?,2021-2022,Other,1.0,Leonardo Román,2021-2022,Other,1.0,Jonas Lössl,2021-2022,Other,1.0,Toti Gomes,2021-2022,Other,1.0
Kacper Urbanski,2021-2022,0,Other,Francisco Conceição,2021-2022,Unknown,1.0,Keanan Bennetts,2021-2022,Other,1.0,Facundo Gonzalez,2025-2026,Unknown,1.0,Erencan Yardımcı,2025-2026,Other,1.0,Orbelín Pineda,2021-2022,Other,1.0
Jere Uronen,2021-2022,0,Other,Robin Olsen,2021-2022,Unknown,1.0,Tomás Alarcón,2021-2022,Other,1.0,Toni Moya,2021-2022,Other,1.0,Edimilson Fernandes,2021-2022,Unknown,1.0,Ibrahima Diallo,2021-2022,Other,1.0
Mark Uth,2021-2022,0,Unknown,Jonathan David,2021-2022,Unknown,1.0,Sergio Reguilón,2021-2022,Unknown,1.0,Kevin Gameiro,2021-2022,Unknown,1.0,Joël Veltman,2021-2022,Unknown,1.0,Mohammed Salisu,2021-2022,Unknown,1.0
Myrto Uzuni,2021-2022,0,Other,Luis Henrique,2021-2022,Other,1.0,Nathan Tella,2021-2022,Other,1.0,Asmir Begovi?,2021-2022,Other,1.0,Ermedin Demirovi?,2021-2022,Other,1.0,Malang Sarr,2021-2022,Other,1.0
Antonio Vacca,2021-2022,0,Other,Ainsley Maitland-Niles,2021-2022,Other,1.0,Carney Chukwuemeka,2021-2022,Unknown,1.0,Sofian Kiyine,2021-2022,Other,1.0,Sada Thioub,2021-2022,Other,1.0,Jean-Armel Kana-Biyik,2021-2022,Other,1.0
Óscar Valentín,2021-2022,0,Other,Masaya Okugawa,2021-2022,Other,1.0,Samuele Ricci,2021-2022,Other,1.0,Álvaro Odriozola,2021-2022,Other,1.0,Florent Ogier,2021-2022,Other,1.0,Josip Stanii?,2021-2022,Other,1.0
Germán Valera,2021-2022,0,Other,Aleksa Terzić,2025-2026,Other,1.0,Mads Bidstrup,2021-2022,Other,1.0,Pedro Benito,2021-2022,Other,1.0,Henrichs,2021-2022,Defender,1.0,Nathan Tella,2025-2026,Other,1.0
Yan Valery,2021-2022,0,Other,Jens Grahl,2021-2022,Other,1.0,Nicola Sansone,2021-2022,Other,1.0,Danny Ward,2021-2022,Other,1.0,Kevin Behrens,2021-2022,Other,1.0,Gabriel Silva,2021-2022,Other,1.0
Martin Valjent,2021-2022,0,Other,Ben Gibson,2021-2022,Other,1.0,Tommaso Augello,2021-2022,Other,1.0,Djené,2021-2022,Other,1.0,Sofiane Diop,2021-2022,Other,1.0,Enzo Le Fée,2021-2022,Other,1.0
Manu Vallejo,2021-2022,0,Other,Cedric Gondo,2021-2022,Other,1.0,Andreas Skov Olsen,2021-2022,Other,1.0,Freddie Woodman,2021-2022,Other,1.0,Angel Gomes,2021-2022,Other,1.0,Boris Radunovi?,2021-2022,Other,1.0
Vanderson,2021-2022,0,Unknown,Kostas Manolas,2021-2022,Unknown,1.0,Mathías Olivera,2021-2022,Unknown,1.0,James Milner,2021-2022,Unknown,1.0,Amadou Onana,2021-2022,Unknown,1.0,Danny Welbeck,2021-2022,Unknown,1.0
Zinho Vanheusden,2021-2022,0,Other,Kalifa Coulibaly,2021-2022,Other,1.0,Marius Funk,2021-2022,Other,1.0,Jan Thielmann,2021-2022,Other,1.0,Jeison Murillo,2021-2022,Other,1.0,Jack Butland,2021-2022,Other,1.0
Jonathan Varane,2021-2022,0,Other,Tim Iroegbunam,2021-2022,Other,1.0,Calderón,2021-2022,Other,1.0,Francesco Camarda,2025-2026,Other,1.0,Jaume Grau,2021-2022,Other,1.0,Nemanja Radonji?,2021-2022,Other,1.0
Raphaël Varane,2021-2022,0,Unknown,Mohammed Salisu,2021-2022,Unknown,1.0,Rafael Borré,2021-2022,Unknown,1.0,Tammy Abraham,2021-2022,Unknown,1.0,Axel Disasi,2021-2022,Unknown,1.0,Kevin Gameiro,2021-2022,Unknown,1.0
Jamie Vardy,2021-2022,0,Unknown,Philipp Köhn,2025-2026,Unknown,1.0,Alberto Moreno,2021-2022,Unknown,1.0,John McGinn,2021-2022,Unknown,1.0,Alexis Mac Allister,2021-2022,Unknown,1.0,Javi Galán,2021-2022,Unknown,1.0
Ruben Vargas,2021-2022,0,Other,Daniel Podence,2021-2022,Other,1.0,Adri Embarba,2021-2022,Other,1.0,Alexander Sørloth,2021-2022,Other,1.0,Miguel Almirón,2021-2022,Other,1.0,Roland Sallai,2021-2022,Other,1.0
Sebastian Vasiliadis,2021-2022,0,Other,Louis Mafouta,2021-2022,Other,1.0,Paul Lasne,2021-2022,Other,1.0,Nicolas Nkoulou,2021-2022,Unknown,1.0,Leonardo Balerdi,2021-2022,Other,1.0,Riqui Puig,2021-2022,Other,1.0
Johan Vásquez,2021-2022,0,Other,Sebastian Polter,2021-2022,Other,1.0,Fábio Cardoso,2021-2022,Unknown,1.0,Nacho Vidal,2021-2022,Other,1.0,Leander Dendoncker,2021-2022,Other,1.0,Stefano Sturaro,2021-2022,Unknown,1.0
José Luis García Vayá,2021-2022,0,Other,Kristijan Jaki?,2021-2022,Other,1.0,Brian Oliván,2021-2022,Other,1.0,Yeray Álvarez,2021-2022,Other,1.0,Manolo Gabbiadini,2021-2022,Other,1.0,Nathan Redmond,2021-2022,Other,1.0
Jesus Vazquez,2021-2022,0,Other,Jurgen Ekkelenkamp,2021-2022,Other,1.0,Arthur Melo,2021-2022,Other,1.0,Nikola Mara,2021-2022,Other,1.0,Caoimhín Kelleher,2021-2022,Other,1.0,Álvaro González,2021-2022,Other,1.0
Kevin Vázquez,2021-2022,0,Other,Robert Gumny,2021-2022,Other,1.0,Nicolò Casale,2021-2022,Other,1.0,Mexer,2021-2022,Other,1.0,Darko Braanac,2021-2022,Other,1.0,Dedryck Boyata,2021-2022,Other,1.0
Matías Vecino,2021-2022,0,Unknown,Benjamin Uphoff,2021-2022,Other,1.0,Toti Gomes,2021-2022,Other,1.0,Nikola Vlai?,2021-2022,Other,1.0,Leonardo Mancuso,2021-2022,Other,1.0,Leonardo Román,2021-2022,Other,1.0
Gabriel Veiga,2021-2022,0,Other,Vitinho,2021-2022,Midfielder,1.0,Antonin Bobichon,2021-2022,Other,1.0,Riccardo Stivanello,2021-2022,Other,1.0,David Schnegg,2021-2022,Other,1.0,Maxence Rivera,2021-2022,Other,1.0
Miguel Veloso,2021-2022,0,Unknown,Lucas Moura,2021-2022,Unknown,1.0,Ansgar Knauff,2021-2022,Unknown,1.0,Maxime Gonalons,2021-2022,Unknown,1.0,Moussa Niakhate,2021-2022,Other,1.0,Melvin Bard,2021-2022,Other,1.0
Joël Veltman,2021-2022,0,Unknown,Sergio Reguilón,2021-2022,Unknown,1.0,Jonathan David,2021-2022,Unknown,1.0,Mark Uth,2021-2022,Unknown,1.0,Cengiz Ünder,2021-2022,Unknown,1.0,Kaan Ayhan,2021-2022,Unknown,1.0
Mickey van de Ven,2021-2022,0,Other,Shane Long,2021-2022,Other,1.0,Tachi,2021-2022,Other,1.0,Riccardo Ciervo,2021-2022,Other,1.0,Sebastian Walukiewicz,2021-2022,Other,1.0,Carlo Pinsoglio,2021-2022,Other,1.0
Unai Vencedor Paris,2021-2022,0,Other,Sergi Guardiola,2021-2022,Other,1.0,Varazdat Haroyan,2021-2022,Other,1.0,Kevin Agudelo,2021-2022,Other,1.0,Fernando Pacheco,2021-2022,Other,1.0,Rogério,2021-2022,Other,1.0
Lorenzo Venuti,2021-2022,0,Other,Cárdenas,2021-2022,Other,1.0,Salomón Rondón,2021-2022,Unknown,1.0,Robin Koch,2021-2022,Other,1.0,Riccardo Saponara,2021-2022,Other,1.0,Marvin Plattenhardt,2021-2022,Other,1.0
Daniele Verde,2021-2022,0,Other,Daniel Amartey,2021-2022,Other,1.0,Ademola Lookman,2021-2022,Other,1.0,Mauro Arambarri,2021-2022,Other,1.0,Pedrosa,2021-2022,Other,1.0,Alisson,2021-2022,Other,1.0
Simone Verdi,2021-2022,0,Other,Necip Uysal,2021-2022,Unknown,1.0,Irvin Cardona,2021-2022,Other,1.0,Sergio Romero,2021-2022,Other,1.0,Riccardo Sottil,2021-2022,Other,1.0,Manolo Reina,2021-2022,Other,1.0
Gonzalo Verdú,2021-2022,0,Other,Florentino Luís,2021-2022,Other,1.0,Banzouzi Locko,2021-2022,Other,1.0,Youssouf Koné,2021-2022,Other,1.0,Arber Zeneli,2021-2022,Other,1.0,Óscar Melendo,2021-2022,Other,1.0
Jordan Veretout,2021-2022,0,Other,Florent Mollet,2021-2022,Other,1.0,Daniel Vivian,2021-2022,Other,1.0,Luis Milla,2021-2022,Other,1.0,Michael Keane,2021-2022,Other,1.0,Piotr Zieli?ski,2021-2022,Other,1.0
Edoardo Vergani,2021-2022,0,Other,Wilson Isidor,2021-2022,Other,1.0,Ruan,2021-2022,Other,1.0,Beñat Turrientes,2021-2022,Other,1.0,Abdoulaye Sylla,2021-2022,Other,1.0,Luke McCowan,2025-2026,Unknown,1.0
Vincent Vermeij,2021-2022,0,Other,Sergi Roberto,2021-2022,Unknown,1.0,Cole Palmer,2021-2022,Other,1.0,Josep Antoni Gayá,2021-2022,Other,1.0,Yannick Gerhardt,2021-2022,Other,1.0,Aaron Ramsey,2021-2022,Unknown,1.0
Marco Verratti,2021-2022,0,Unknown,Erik Lamela,2021-2022,Unknown,1.0,Nathan Aké,2021-2022,Unknown,0.9999,Jason Denayer,2021-2022,Unknown,0.9998,Marco Carnesecchi,2025-2026,Unknown,0.9995,Corentin Tolisso,2021-2022,Unknown,0.9993
Valerio Verre,2021-2022,0,Other,Mathieu Cafaro,2021-2022,Other,1.0,Valentin Mihaila,2021-2022,Other,1.0,Petar Ratkov,2025-2026,Other,1.0,Thibault Klidje,2021-2022,Other,1.0,Xavi Simons,2021-2022,Unknown,1.0
Freddie Veseli,2021-2022,0,Other,Lennart Grill,2021-2022,Other,1.0,Przemys?aw P?acheta,2021-2022,Other,1.0,Jason,2021-2022,Other,1.0,Yannick Cahuzac,2021-2022,Other,1.0,Fábio Silva,2021-2022,Other,1.0
Mikel Vesga,2021-2022,0,Other,Myron Boadu,2021-2022,Other,1.0,Arthur Masuaku,2021-2022,Other,1.0,Matthieu Dreyer,2021-2022,Other,1.0,Patrick Cutrone,2021-2022,Other,1.0,Ximo Navarro,2021-2022,Other,1.0
Jannik Vestergaard,2021-2022,0,Other,Adrian emper,2021-2022,Other,1.0,Alessandro Berardi,2021-2022,Other,1.0,Hamadi Al Ghaddioui,2021-2022,Other,1.0,Nicholas Gioacchini,2021-2022,Other,1.0,Ricardo Pepi,2021-2022,Other,1.0
Rúben Vezo,2021-2022,0,Other,Fabian Delph,2021-2022,Unknown,1.0,R?zvan Marin,2021-2022,Other,1.0,Billy Gilmour,2021-2022,Other,1.0,Florian Kainz,2021-2022,Other,1.0,Peter Pekarík,2021-2022,Other,1.0
Guglielmo Vicario,2021-2022,0,Other,Ismaila Sarr,2021-2022,Other,1.0,Jason Berthomier,2021-2022,Other,1.0,Esteves,2021-2022,Defender,1.0,Néstor Araujo,2021-2022,Other,1.0,Andrea Consigli,2021-2022,Other,1.0
Aleix Vidal,2021-2022,0,Other,Lilian Brassier,2021-2022,Other,1.0,Salva Sevilla,2021-2022,Other,1.0,Wahbi Khazri,2021-2022,Other,1.0,Antonio Raillo,2021-2022,Other,1.0,José Campaña,2021-2022,Other,1.0
Arturo Vidal,2021-2022,0,Unknown,L. de Jong,2021-2022,Forward,0.9999,Dani Alves,2021-2022,Unknown,0.9988,Athanasiadis,2021-2022,Goalkeeper,0.9987,Thibaut Courtois,2025-2026,Unknown,0.9983,Leandro Paredes,2021-2022,Unknown,0.9977
Nacho Vidal,2021-2022,0,Other,Leander Dendoncker,2021-2022,Other,1.0,Stefano Sturaro,2021-2022,Unknown,1.0,Sebastian Polter,2021-2022,Other,1.0,Johan Vásquez,2021-2022,Other,1.0,Javi Puado,2021-2022,Other,1.0
Gabriel Vidovic,2021-2022,0,Other,Samu Castillejo,2021-2022,Other,1.0,Jordan Amavi,2021-2022,Other,1.0,Lys Mousset,2021-2022,Other,1.0,Paul Nebel,2021-2022,Other,1.0,Clinton Mola,2021-2022,Other,1.0
Ronaldo Vieira,2021-2022,0,Other,Andrés Martín,2021-2022,Other,1.0,Heaton,2021-2022,Goalkeeper,1.0,Francesco Forte,2021-2022,Other,1.0,Wahidullah Faghir,2021-2022,Other,1.0,Casimir Ninga,2021-2022,Other,1.0
Nick Viergever,2021-2022,0,Other,Niko Gießelmann,2021-2022,Other,1.0,Matthieu Udol,2021-2022,Other,1.0,Séamus Coleman,2021-2022,Other,1.0,Aaron Wan-Bissaka,2021-2022,Other,1.0,Iñaki Williams,2021-2022,Other,1.0
Luca Vignali,2021-2022,0,Other,Matteo Cancellieri,2021-2022,Other,1.0,Amine Bassi,2021-2022,Other,1.0,Felix Passlack,2021-2022,Other,1.0,Béni Makouana,2021-2022,Other,1.0,Lukas Klünter,2021-2022,Other,1.0
Emanuel Vignato,2021-2022,0,Other,Kingsley Schindler,2021-2022,Other,1.0,Patrick Osterhage,2021-2022,Other,1.0,Levin Öztunalý,2021-2022,Other,1.0,Jean-Philippe Krasso,2021-2022,Other,1.0,Sebastien De Maio,2021-2022,Other,1.0
Dídac Vilà,2021-2022,0,Other,Laurens Serpe,2021-2022,Other,1.0,Tommaso De Nipoti,2021-2022,Other,1.0,Damir Ceter,2021-2022,Other,1.0,Saúl García,2021-2022,Other,1.0,Nemanja Radonjić,2025-2026,Forward,1.0
Tonny Vilhena,2021-2022,0,Other,Hélder Costa,2021-2022,Other,1.0,Simon Asta,2021-2022,Other,1.0,Unai Núñez,2021-2022,Other,1.0,Stefan Bajic,2021-2022,Other,1.0,Mat?j Vydra,2021-2022,Other,1.0
Daniel Villahermosa,2021-2022,0,Other,Suk Hyun-jun,2021-2022,Other,1.0,Ben Lhassine Kone,2021-2022,Other,1.0,Evan Ferguson,2021-2022,Other,1.0,Aleksa Terzi?,2021-2022,Other,1.0,Stuart McKinstry,2021-2022,Other,1.0
Asier Villalibre,2021-2022,0,Other,Luis Abram,2021-2022,Other,1.0,Danny Ward,2021-2022,Other,1.0,Bradley Barcola,2021-2022,Unknown,1.0,Yan Valery,2021-2022,Other,1.0,Juan Pérez,2021-2022,Other,1.0
Gonzalo Villar,2021-2022,0,Other,Sergio Córdova,2021-2022,Other,1.0,José Juan Macías,2021-2022,Other,1.0,Andrea Favilli,2021-2022,Other,1.0,Silvère Ganvoula M'Boussy,2021-2022,Other,1.0,Ramzi Aya,2021-2022,Other,1.0
Matías Viña,2021-2022,0,Other,Takuma Asano,2021-2022,Other,1.0,Dion Lopy,2021-2022,Other,1.0,Helibelton Palacios,2021-2022,Other,1.0,Miguel,2021-2022,Unknown,1.0,Jean-Louis Leca,2021-2022,Other,1.0
Nicolas Viola,2021-2022,0,Other,Tommaso Baldanzi,2021-2022,Other,1.0,Lukáš Pauschek,2025-2026,Other,1.0,Nico O’Reilly,2025-2026,Unknown,1.0,Samuel Umtiti,2021-2022,Unknown,1.0,Clinton Mola,2021-2022,Other,1.0
Mattia Viti,2021-2022,0,Other,Marc-Oliver Kempf,2021-2022,Other,1.0,Danilo D'Ambrosio,2021-2022,Other,1.0,Javier Manquillo,2021-2022,Other,1.0,Samuel Moutoussamy,2021-2022,Other,1.0,Maximilian Bauer,2021-2022,Other,1.0
Vitolo,2021-2022,0,Unknown,Silas Katompa,2021-2022,Other,1.0,Mark Noble,2021-2022,Other,1.0,Robert Skov,2021-2022,Other,1.0,Lenny Lacroix,2021-2022,Other,1.0,Eric Bailly,2021-2022,Unknown,1.0
Daniel Vivian,2021-2022,0,Other,Michael Keane,2021-2022,Other,1.0,Piotr Zieli?ski,2021-2022,Other,1.0,Jordan Veretout,2021-2022,Other,1.0,Robert Andrich,2021-2022,Other,1.0,Saïd Benrahma,2021-2022,Other,1.0
Duan Vlahovi?,2021-2022,0,Other,Abdelhamid Sabiri,2021-2022,Other,1.0,Cristian Gamboa,2021-2022,Other,1.0,Son,2021-2022,Other,1.0,Pedro Bigas,2021-2022,Other,1.0,Mihailo Risti?,2021-2022,Other,1.0
Nikola Vlai?,2021-2022,0,Other,Leonardo Román,2021-2022,Other,1.0,Jonas Lössl,2021-2022,Other,1.0,Alfre? Finnbogason,2021-2022,Other,1.0,Mariano,2021-2022,Unknown,1.0,Benjamin Uphoff,2021-2022,Other,1.0
Andreas Voglsammer,2021-2022,0,Other,Filippo Melegoni,2021-2022,Other,1.0,Davie Selke,2021-2022,Other,1.0,Sergio Asenjo,2021-2022,Other,1.0,Luca Zidane,2021-2022,Other,1.0,Philipp Klement,2021-2022,Other,1.0
Kevin Vogt,2021-2022,0,Other,Bastian Oczipka,2021-2022,Unknown,1.0,Fidel,2021-2022,Other,1.0,Pascal Struijk,2021-2022,Other,1.0,Gareth Bale,2021-2022,Unknown,1.0,?ukasz Skorupski,2025-2026,Other,1.0
Mërgim Vojvoda,2021-2022,0,Other,Andrea Cambiaso,2021-2022,Other,1.0,Aarón Martín,2021-2022,Other,1.0,Jacob Barrett Laursen,2021-2022,Other,1.0,Norbert Gyömbér,2021-2022,Other,1.0,Jeffrey Schlupp,2021-2022,Other,1.0
Kevin Volland,2021-2022,0,Unknown,Maxwel Cornet,2021-2022,Unknown,1.0,Ollie Watkins,2021-2022,Unknown,1.0,Adrien Rabiot,2021-2022,Unknown,1.0,Aleksandr Golovin,2021-2022,Unknown,1.0,Mattia Caldara,2021-2022,Unknown,1.0
Stefan de Vrij,2021-2022,0,Unknown,Luuk de Jong,2021-2022,Unknown,1.0,Marc Bartra,2021-2022,Unknown,1.0,Matty Cash,2021-2022,Unknown,1.0,Denzel Dumfries,2021-2022,Unknown,1.0,Stephan El Shaarawy,2021-2022,Unknown,1.0
ime Vrsaljko,2021-2022,0,Other,Bart?omiej Dr?gowski,2021-2022,Other,1.0,Nicolas Pépé,2021-2022,Other,1.0,Sam Byram,2021-2022,Other,1.0,Nicolas Haas,2021-2022,Other,1.0,Dominique Heintz,2021-2022,Other,1.0
Nikola Vuk?evi?,2021-2022,0,Other,McAtee,2021-2022,Midfielder,1.0,Jeremy Sarmiento,2021-2022,Other,1.0,Tyler Onyango,2021-2022,Other,1.0,Roberto Gagliardini,2021-2022,Other,1.0,Aimar Sher,2021-2022,Other,1.0
Mat?j Vydra,2021-2022,0,Other,Unai Núñez,2021-2022,Other,1.0,Michael Esser,2021-2022,Other,1.0,Ezequiel Ponce,2021-2022,Other,1.0,Hélder Costa,2021-2022,Other,1.0,Tonny Vilhena,2021-2022,Other,1.0
Walace,2021-2022,0,Other,Franck Ribéry,2021-2022,Unknown,1.0,Ludovic Ajorque,2021-2022,Other,1.0,José Sá,2021-2022,Unknown,1.0,Flavien Tait,2021-2022,Other,1.0,Yunis Abdelhamid,2021-2022,Other,1.0
Theo Walcott,2021-2022,0,Unknown,William Mikelbrencis,2021-2022,Other,1.0,Julian Green,2021-2022,Other,1.0,Mickael Malsa,2021-2022,Other,1.0,Oier Zarraga,2021-2022,Other,1.0,Márton Dárdai,2021-2022,Other,1.0
Kyle Walker,2021-2022,0,Unknown,Amine Adli,2021-2022,Unknown,1.0,Stefan Posch,2021-2022,Unknown,1.0,Conor Gallagher,2021-2022,Unknown,1.0,Amir Rrahmani,2021-2022,Unknown,1.0,Henrikh Mkhitaryan,2021-2022,Unknown,1.0
Kyle Walker-Peters,2021-2022,0,Other,Alexander Hack,2021-2022,Other,1.0,Marco Meyerhöfer,2021-2022,Other,1.0,Mario Lemina,2021-2022,Other,1.0,?ukasz Skorupski,2025-2026,Other,1.0,Gareth Bale,2021-2022,Unknown,1.0
Sebastian Walukiewicz,2021-2022,0,Other,Riccardo Ciervo,2021-2022,Other,1.0,Iván Martín,2021-2022,Other,1.0,Tachi,2021-2022,Other,1.0,Mickey van de Ven,2021-2022,Other,1.0,Shane Long,2021-2022,Other,1.0
Aaron Wan-Bissaka,2021-2022,0,Other,Iñaki Williams,2021-2022,Other,1.0,Maxime Le Marchand,2021-2022,Other,1.0,Bryan Mbeumo,2021-2022,Other,1.0,Niko Gießelmann,2021-2022,Other,1.0,Nick Viergever,2021-2022,Other,1.0
Paul Wanner,2021-2022,0,Other,Youssoufa Moukoko,2021-2022,Other,1.0,Yadaly Diaby,2021-2022,Other,1.0,Marley Aké,2021-2022,Other,1.0,Noah Okafor,2025-2026,Unknown,1.0,Ömer Faruk Beyaz,2021-2022,Other,1.0
Danny Ward,2021-2022,0,Other,Yan Valery,2021-2022,Other,1.0,Asier Villalibre,2021-2022,Other,1.0,Jens Grahl,2021-2022,Other,1.0,Luis Abram,2021-2022,Other,1.0,Nicola Sansone,2021-2022,Other,1.0
Joel Ward,2021-2022,0,Other,Valentino Livramento,2021-2022,Other,1.0,Enzo Le Fée,2021-2022,Other,1.0,Rayan Aït Nouri,2021-2022,Other,1.0,Djené,2021-2022,Other,1.0,Tommaso Augello,2021-2022,Other,1.0
James Ward-Prowse,2021-2022,0,Other,Cristian Tello,2021-2022,Unknown,1.0,Sheraldo Becker,2021-2022,Unknown,1.0,Igor Zubeldia,2021-2022,Unknown,1.0,Gerson,2021-2022,Other,1.0,Pierre Højbjerg,2021-2022,Other,1.0
Magnus Warming,2021-2022,0,Other,Mohamed Bayo,2025-2026,Other,1.0,Agüero,2021-2022,Forward,1.0,Aleksandar Katai,2025-2026,Forward,1.0,José Fontán,2021-2022,Other,1.0,Marcelo Saracchi,2021-2022,Other,1.0
Daniel Wass,2021-2022,0,Unknown,Davide Calabria,2025-2026,Unknown,1.0,John Mellberg,2025-2026,Other,1.0,Tomi Horvat,2025-2026,Other,1.0,Taylor,2021-2022,Midfielder,1.0,Bonnah,2021-2022,Midfielder,1.0
Ollie Watkins,2021-2022,0,Unknown,Aleksandr Golovin,2021-2022,Unknown,1.0,Mattia Caldara,2021-2022,Unknown,1.0,Dominik Takáč,2025-2026,Unknown,1.0,Kevin Volland,2021-2022,Unknown,1.0,Maxwel Cornet,2021-2022,Unknown,1.0
Timothy Weah,2021-2022,0,Unknown,Nayef Aguerd,2021-2022,Other,1.0,Moussa Diaby,2021-2022,Other,1.0,Mahdi Camara,2021-2022,Other,1.0,Cristiano Biraghi,2021-2022,Other,1.0,Mike Maignan,2021-2022,Unknown,1.0
Adam Webster,2021-2022,0,Other,Alexander Isak,2021-2022,Other,1.0,Stefan Mitrovi?,2021-2022,Other,1.0,Paul Jaeckel,2021-2022,Other,1.0,Robert Sánchez,2021-2022,Other,1.0,Pau López,2021-2022,Other,1.0
Wout Weghorst,2021-2022,0,Other,Yvann Macon,2021-2022,Other,1.0,Florian Niederlechner,2021-2022,Other,1.0,Vanja Milinkovi?-Savi?,2021-2022,Other,1.0,Jean-Philippe Mateta,2021-2022,Other,1.0,Marko Pjaca,2021-2022,Other,1.0
Noah Weißhaupt,2021-2022,0,Other,Mario Dominguez,2021-2022,Other,1.0,Jeremiah St. Juste,2025-2026,Other,1.0,Nikita Iosifov,2021-2022,Other,1.0,Giacomo Satalino,2021-2022,Other,1.0,Lihadji,2021-2022,Forward,1.0
Danny Welbeck,2021-2022,0,Unknown,Amadou Onana,2021-2022,Unknown,1.0,Mathías Olivera,2021-2022,Unknown,1.0,Vanderson,2021-2022,Unknown,1.0,Kostas Manolas,2021-2022,Unknown,1.0,James Milner,2021-2022,Unknown,1.0
Timo Werner,2021-2022,0,Unknown,Diego Godín,2021-2022,Unknown,1.0,Alex Iwobi,2021-2022,Unknown,1.0,Rodrigo,2021-2022,Unknown,1.0,Víctor Ruiz,2021-2022,Unknown,1.0,Raúl Albiol,2021-2022,Unknown,1.0
Ashley Westwood,2021-2022,0,Other,Odsonne Édouard,2021-2022,Other,1.0,Andrew Gravillon,2021-2022,Other,1.0,Bernd Leno,2021-2022,Unknown,1.0,Georginio Rutter,2021-2022,Other,1.0,Manolo Gabbiadini,2021-2022,Other,1.0
Ben White,2021-2022,0,Unknown,Piero Hincapié,2021-2022,Unknown,1.0,Daniel Caligiuri,2021-2022,Unknown,1.0,Diogo Dalot,2021-2022,Unknown,1.0,Gonçalo Guedes,2021-2022,Unknown,1.0,Trincão,2021-2022,Forward,1.0
Silvan Widmer,2021-2022,0,Other,Marko Arnautovi?,2021-2022,Other,1.0,Andrew Omobamidele,2021-2022,Other,1.0,Romain Thomas,2021-2022,Other,1.0,Salvatore Sirigu,2021-2022,Unknown,1.0,Rémy Cabella,2021-2022,Unknown,1.0
Georginio Wijnaldum,2021-2022,0,Unknown,Wataru Endo,2021-2022,Other,1.0,Kevin Danso,2021-2022,Other,1.0,Mario Paali?,2021-2022,Other,1.0,Ryan Sessegnon,2021-2022,Unknown,1.0,Hugo Lloris,2021-2022,Unknown,1.0
Jetro Willems,2021-2022,0,Unknown,Marc Albrighton,2021-2022,Unknown,1.0,Ander Barrenetxea,2021-2022,Unknown,1.0,Dimitri Payet,2021-2022,Other,1.0,Keylor Navas,2021-2022,Unknown,1.0,Péter Gulácsi,2021-2022,Unknown,1.0
Brandon Williams,2021-2022,0,Other,Gerrit Holtmann,2021-2022,Other,1.0,Kepa,2021-2022,Goalkeeper,1.0,Isaac Palazón Camacho,2021-2022,Other,1.0,Sepe Elye Wahi,2021-2022,Other,1.0,Yangel Herrera,2021-2022,Other,1.0
Iñaki Williams,2021-2022,0,Other,Aaron Wan-Bissaka,2021-2022,Other,1.0,Maxime Le Marchand,2021-2022,Other,1.0,Bryan Mbeumo,2021-2022,Other,1.0,Niko Gießelmann,2021-2022,Other,1.0,Nick Viergever,2021-2022,Other,1.0
Nico Williams,2021-2022,0,Other,Kévin N'Doram,2021-2022,Other,1.0,Matt Miazga,2021-2022,Other,1.0,Yvan Neyou,2021-2022,Other,1.0,Bonke Innocent,2021-2022,Other,1.0,Edo Kayembe,2021-2022,Other,1.0
Joe Willock,2021-2022,0,Other,Celeadnic,2021-2022,Goalkeeper,1.0,Jesper Lindstrøm,2021-2022,Other,1.0,Kerem Demirbay,2021-2022,Other,1.0,Niklas Stark,2021-2022,Other,1.0,James Tarkowski,2021-2022,Other,1.0
Callum Wilson,2021-2022,0,Other,Dan Burn,2021-2022,Other,1.0,Boyko,2021-2022,Goalkeeper,1.0,Renaud Ripart,2021-2022,Other,1.0,Orel Mangala,2021-2022,Other,1.0,Danny Ings,2021-2022,Other,1.0
Patrick Wimmer,2021-2022,0,Other,Josep Martínez,2021-2022,Unknown,1.0,Rogério,2021-2022,Other,1.0,Fernando Pacheco,2021-2022,Other,1.0,Varazdat Haroyan,2021-2022,Other,1.0,Sergi Guardiola,2021-2022,Other,1.0
Jonas Wind,2021-2022,0,Other,Ivan Ili?,2021-2022,Other,1.0,Hugo Mallo,2021-2022,Other,1.0,Gavi Paez,2021-2022,Other,1.0,Hwang Ui-jo,2021-2022,Other,1.0,Jonas Martin,2021-2022,Other,1.0
Marten Winkler,2021-2022,0,Other,Matteo Lovato,2021-2022,Other,1.0,Julián Carranza,2025-2026,Unknown,1.0,Juraj Kucka,2025-2026,Other,1.0,Fabio Depaoli,2021-2022,Other,1.0,Jastin García,2025-2026,Unknown,1.0
Harry Winks,2021-2022,0,Unknown,David Ospina,2021-2022,Unknown,1.0,Valentin Rongier,2021-2022,Other,1.0,Gregor Kobel,2021-2022,Unknown,1.0,Jean Onana,2021-2022,Other,1.0,Sergio Canales,2021-2022,Other,1.0
Frederik Winther,2021-2022,0,Other,Zack Steffen,2021-2022,Other,1.0,Andrea La Mantia,2021-2022,Other,1.0,Sargis Adamyan,2021-2022,Other,1.0,Lucas Olaza,2021-2022,Other,1.0,Danny Blum,2021-2022,Other,1.0
Florian Wirtz,2021-2022,0,Unknown,Theo Hernández,2021-2022,Unknown,1.0,Boubacar Kamara,2021-2022,Unknown,1.0,Sven Botman,2021-2022,Unknown,1.0,Adil Rami,2021-2022,Unknown,1.0,Presnel Kimpembe,2021-2022,Unknown,1.0
Yoane Wissa,2021-2022,0,Other,Marvin Friedrich,2021-2022,Other,1.0,Dennis Praet,2021-2022,Other,1.0,Sofyan Amrabat,2021-2022,Other,1.0,Édgar Badía,2021-2022,Other,1.0,Kamory Doumbia,2021-2022,Other,1.0
Axel Witsel,2021-2022,0,Unknown,Charles Aránguiz,2021-2022,Unknown,1.0,César Azpilicueta,2021-2022,Unknown,1.0,Henrikh Mkhitaryan,2021-2022,Unknown,1.0,Conor Gallagher,2021-2022,Unknown,1.0,Florian Neuhaus,2021-2022,Unknown,1.0
Hannes Wolf,2021-2022,0,Other,Marco Brescianini,2025-2026,Midfielder,1.0,Brobbey,2021-2022,Forward,1.0,Jeff Reine-Adélaïde,2021-2022,Other,1.0,Icardi,2021-2022,Forward,1.0,Matias Arezo,2021-2022,Other,1.0
Marius Wolf,2021-2022,0,Unknown,Fabián Ruiz Peña,2021-2022,Other,1.0,Lucas Paquetá,2021-2022,Other,1.0,Kristjan Asllani,2021-2022,Unknown,1.0,Lukas Klostermann,2021-2022,Unknown,1.0,Fabian Schär,2021-2022,Unknown,1.0
Jeong Woo-yeong,2021-2022,0,Other,Ridgeciano Haps,2021-2022,Other,1.0,Antonio Sanabria,2021-2022,Other,1.0,Loum Ndiaye,2021-2022,Other,1.0,Azzedine Ounahi,2021-2022,Other,1.0,Shane Duffy,2021-2022,Other,1.0
Chris Wood,2021-2022,0,Other,Nahitan Nández,2021-2022,Other,1.0,Alidu Seidu,2021-2022,Other,1.0,Manolo Reina,2021-2022,Other,1.0,Sergio Romero,2021-2022,Other,1.0,Simone Verdi,2021-2022,Other,1.0
Freddie Woodman,2021-2022,0,Other,Lorenz Assignon,2021-2022,Other,1.0,Abdel Jalil Medioub,2021-2022,Other,1.0,Cedric Gondo,2021-2022,Other,1.0,Manu Vallejo,2021-2022,Other,1.0,Andreas Skov Olsen,2021-2022,Other,1.0
Christopher Wooh,2021-2022,0,Other,Antonio Sánchez,2021-2022,Other,1.0,Darwin Machís,2021-2022,Other,1.0,Dominic Calvert-Lewin,2021-2022,Other,1.0,Gerard Gumbau,2021-2022,Other,1.0,Stole Dimitrievski,2021-2022,Other,1.0
Granit Xhaka,2021-2022,0,Unknown,Mahmoud Dahoud,2021-2022,Unknown,1.0,Leandro Trossard,2021-2022,Unknown,1.0,Lars Stindl,2021-2022,Unknown,1.0,Breel Embolo,2021-2022,Unknown,1.0,Bryan Cristante,2021-2022,Unknown,1.0
Andriy Yarmolenko,2021-2022,0,Unknown,Jens Petter Hauge,2021-2022,Other,1.0,Kieran Dowell,2021-2022,Other,1.0,Guido Carrillo,2021-2022,Other,1.0,Morten Frendrup,2021-2022,Other,1.0,Toma Bai?,2021-2022,Other,1.0
Yusuf Yazýcý,2021-2022,0,Other,Philippe Koffi,2021-2022,Other,1.0,Kristoffer Askildsen,2021-2022,Other,1.0,Mario Hernández,2021-2022,Other,1.0,Aimen Moueffek,2021-2022,Other,1.0,Eddie Salcedo,2021-2022,Other,1.0
Kelvin Yeboah,2021-2022,0,Other,Steven Alzate,2021-2022,Other,1.0,Jason Steele,2021-2022,Other,1.0,Gianluca Pegolo,2021-2022,Other,1.0,Axel Tuanzebe,2021-2022,Other,1.0,Hianga Mananga Mbock,2021-2022,Other,1.0
Burak Yýlmaz,2021-2022,0,Other,Alessio Cragno,2021-2022,Other,1.0,Jean Lucas,2021-2022,Other,1.0,Gauthier Gallon,2021-2022,Other,1.0,Nampalys Mendy,2021-2022,Other,1.0,Arnaud Nordin,2021-2022,Other,1.0
Okay Yokuþlu,2021-2022,0,Other,Fodé Doucouré,2021-2022,Other,1.0,Sambou Sissoko,2021-2022,Other,1.0,Giuseppe Pezzella,2021-2022,Other,1.0,Stuart McKinstry,2021-2022,Other,1.0,Daniel Villahermosa,2021-2022,Other,1.0
Maya Yoshida,2021-2022,0,Other,Stephy Mavididi,2021-2022,Other,1.0,Giacomo Bonaventura,2021-2022,Other,1.0,Petko Hristov,2021-2022,Other,1.0,Joris Chotard,2021-2022,Other,1.0,Pablo Rosario,2021-2022,Other,1.0
Ashley Young,2021-2022,0,Unknown,João Pedro,2021-2022,Other,1.0,Pedro Chirivella,2021-2022,Other,1.0,Mateo Kova?i?,2021-2022,Other,1.0,Eden Hazard,2021-2022,Unknown,1.0,Emile Smith Rowe,2021-2022,Other,1.0
Nathan Young-Coombes,2021-2022,0,Other,Yanis Lhery,2021-2022,Other,1.0,Matúš Vojtko,2025-2026,Other,1.0,Naouirou Ahamada,2021-2022,Other,1.0,Mariano Díaz,2021-2022,Forward,1.0,Marco John,2021-2022,Other,1.0
Zaydou Youssouf,2021-2022,0,Other,Issa Diop,2021-2022,Other,1.0,Issa Kaboré,2021-2022,Other,1.0,Genki Haraguchi,2021-2022,Other,1.0,Patson Daka,2021-2022,Other,1.0,Stuart Armstrong,2021-2022,Other,1.0
Mattia Zaccagni,2021-2022,0,Unknown,Marvin Keller,2025-2026,Unknown,1.0,Gianluigi Donnarumma,2025-2026,Unknown,0.9999,Szczęsny,2021-2022,Goalkeeper,0.9997,Casteels,2021-2022,Goalkeeper,0.9995,Kieran Trippier,2021-2022,Unknown,0.9994
Dan-Axel Zagadou,2021-2022,0,Unknown,Jude Bellingham,2021-2022,Unknown,1.0,Mário Rui,2021-2022,Unknown,1.0,David Alaba,2021-2022,Unknown,1.0,Frenkie de Jong,2021-2022,Unknown,1.0,Xherdan Shaqiri,2021-2022,Unknown,1.0
Wilfried Zaha,2021-2022,0,Other,Conor Coady,2021-2022,Other,1.0,Stefan Ortega,2021-2022,Unknown,1.0,Julian Ryerson,2021-2022,Unknown,1.0,Mike Maignan,2021-2022,Unknown,1.0,Lovro Majer,2021-2022,Other,1.0
Denis Zakaria,2021-2022,0,Unknown,Junior Firpo,2021-2022,Unknown,1.0,Sergej Milinkovi?-Savi?,2021-2022,Other,1.0,Franco Cervi,2021-2022,Unknown,1.0,Nordi Mukiele,2021-2022,Unknown,1.0,Kurt Zouma,2021-2022,Unknown,1.0
Joseba Zaldúa,2021-2022,0,Other,Julen Agirrezabala,2021-2022,Other,1.0,Joel Obi,2021-2022,Other,1.0,Peter Vindahl,2025-2026,Other,1.0,Romain Hamouma,2021-2022,Other,1.0,Quentin Boisgard,2021-2022,Other,1.0
Nicola Zalewski,2021-2022,0,Other,Dimitry Bertaud,2021-2022,Other,1.0,Mickaël Cuisance,2021-2022,Other,1.0,Wladimiro Falcone,2021-2022,Other,1.0,Christopher Antwi-Adjei,2021-2022,Other,1.0,Jens Stryger Larsen,2021-2022,Other,1.0
Andre-Frank Zambo Anguissa,2021-2022,0,Other,Enock Kwateng,2021-2022,Other,1.0,Khéphren Thuram-Ulie,2021-2022,Other,1.0,Simone Bastoni,2021-2022,Other,1.0,Ghislain Konan,2021-2022,Other,1.0,Marwin Hitz,2021-2022,Unknown,1.0
Nicolò Zaniolo,2021-2022,0,Unknown,Marcelo Brozovi?,2021-2022,Other,1.0,Ricardo Rodríguez,2021-2022,Unknown,1.0,Anthony Elanga,2021-2022,Unknown,1.0,Kasper Dolberg,2021-2022,Unknown,1.0,Idrissa Gana Gueye,2021-2022,Other,1.0
Alessandro Zanoli,2021-2022,0,Other,Nanasi,2021-2022,Midfielder,1.0,Josh Dasilva,2021-2022,Other,1.0,Thomas Fontaine,2021-2022,Other,1.0,Grejohn Kyei,2021-2022,Other,1.0,Raúl Moro,2021-2022,Other,1.0
Gabriele Zappa,2021-2022,0,Other,Andi Zeqiri,2021-2022,Other,1.0,Karl Darlow,2021-2022,Other,1.0,John Donald,2021-2022,Other,1.0,Matheus Henrique,2021-2022,Other,1.0,Neto,2021-2022,Other,1.0
Oier Zarraga,2021-2022,0,Other,Mickael Malsa,2021-2022,Other,1.0,Márton Dárdai,2021-2022,Other,1.0,Julian Green,2021-2022,Other,1.0,William Mikelbrencis,2021-2022,Other,1.0,Hans Nunoo Sarpei,2021-2022,Other,1.0
Simone Zaza,2021-2022,0,Other,Torben Müsel,2021-2022,Other,1.0,Sergi Dominguez,2025-2026,Other,1.0,Benjamin Rollheiser,2025-2026,Unknown,1.0,Alexandre Letellier,2021-2022,Other,1.0,Edwards,2021-2022,Forward,1.0
Akim Zedadka,2021-2022,0,Other,Azor Matusiwa,2021-2022,Other,1.0,Stuart Dallas,2021-2022,Other,1.0,Rodrigo Becão,2021-2022,Other,1.0,Salis Abdul Samed,2021-2022,Other,1.0,Timo Hübers,2021-2022,Other,1.0
Deyovaisio Zeefuik,2021-2022,0,Other,Bryan,2021-2022,Other,1.0,Amath,2021-2022,Other,1.0,Joe Gelhardt,2021-2022,Other,1.0,Tobias Sippel,2021-2022,Other,1.0,Diant Ramaj,2021-2022,Other,1.0
Marvin Zeegelaar,2021-2022,0,Other,Willy Caballero,2021-2022,Other,1.0,Filippo Delli Carri,2021-2022,Other,1.0,Mateo Klimowicz,2021-2022,Other,1.0,Pubill,2021-2022,Other,1.0,Aarón Escandell,2021-2022,Other,1.0
Arber Zeneli,2021-2022,0,Other,Banzouzi Locko,2021-2022,Other,1.0,Gonzalo Verdú,2021-2022,Other,1.0,Florentino Luís,2021-2022,Other,1.0,Kevin Schade,2021-2022,Other,1.0,Youssouf Koné,2021-2022,Other,1.0
Robin Zentner,2021-2022,0,Other,Álex Berenguer,2021-2022,Other,1.0,Gaël Kakuta,2021-2022,Other,1.0,Samir Santos,2021-2022,Other,1.0,Milot Rashica,2021-2022,Other,1.0,Cédric Soares,2021-2022,Other,1.0
Andi Zeqiri,2021-2022,0,Other,Gabriele Zappa,2021-2022,Other,1.0,Karl Darlow,2021-2022,Other,1.0,John Donald,2021-2022,Other,1.0,Matheus Henrique,2021-2022,Other,1.0,Neto,2021-2022,Other,1.0
Mehdi Zerkane,2021-2022,0,Other,Martin Satriano,2021-2022,Other,1.0,Carmona,2021-2022,Other,1.0,Rubén Pardo,2021-2022,Other,1.0,James Forrest,2025-2026,Unknown,1.0,Pedro Mendes,2021-2022,Other,1.0
Edon Zhegrova,2021-2022,0,Other,Romain Salin,2021-2022,Other,1.0,Eiji Kawashima,2021-2022,Other,1.0,Cédric Bakambu,2021-2022,Other,1.0,Jonathan Schmid,2021-2022,Other,1.0,Dodi Lukebakio,2021-2022,Other,1.0
Luca Zidane,2021-2022,0,Other,Philipp Klement,2021-2022,Other,1.0,Sergio Asenjo,2021-2022,Other,1.0,Filippo Melegoni,2021-2022,Other,1.0,Andreas Voglsammer,2021-2022,Other,1.0,Davie Selke,2021-2022,Other,1.0
Piotr Zieli?ski,2021-2022,0,Other,Michael Keane,2021-2022,Other,1.0,Robert Andrich,2021-2022,Other,1.0,Saïd Benrahma,2021-2022,Other,1.0,Ethan Pinnock,2021-2022,Other,1.0,Daniel Vivian,2021-2022,Other,1.0
David Zima,2021-2022,0,Other,Nolito,2021-2022,Other,1.0,Sergio Agüero,2021-2022,Unknown,1.0,Soldado,2021-2022,Unknown,1.0,Alexandre Oukidja,2021-2022,Other,1.0,Roman Bürki,2021-2022,Unknown,1.0
Christoph Zimmermann,2021-2022,0,Other,Álvaro Jiménez,2021-2022,Other,1.0,Domagoj Bradari?,2021-2022,Other,1.0,Lewis Bate,2021-2022,Other,1.0,Gustaf Nilsson,2025-2026,Other,1.0,Evann Guessand,2021-2022,Other,1.0
Oleksandr Zinchenko,2021-2022,0,Unknown,Stefan Ortega,2025-2026,Unknown,1.0,Martín Montoya,2021-2022,Unknown,1.0,Jan Oblak,2025-2026,Unknown,0.9999,Kjell Scherpen,2025-2026,Goalkeeper,0.9999,Pyatov,2021-2022,Goalkeeper,0.9999
Hakim Ziyech,2021-2022,0,Unknown,Marco Reus,2021-2022,Unknown,1.0,Raheem Sterling,2021-2022,Unknown,1.0,Thilo Kehrer,2021-2022,Unknown,1.0,Martin Terrier,2021-2022,Unknown,1.0,Ricardo Pereira,2021-2022,Unknown,1.0
Jeroen Zoet,2021-2022,0,Unknown,Roberto Soriano,2021-2022,Other,1.0,Kortney Hause,2021-2022,Other,1.0,Anel Ahmedhodzic,2021-2022,Other,1.0,William Carvalho,2021-2022,Other,1.0,Iago,2021-2022,Other,1.0
Simon Zoller,2021-2022,0,Other,Isaac Success,2021-2022,Other,1.0,Unai García,2021-2022,Other,1.0,Riccardo Gagliolo,2021-2022,Other,1.0,Rob Holding,2021-2022,Other,1.0,Guilherme Ramos,2021-2022,Other,1.0
Nadir Zortea,2021-2022,0,Other,Ignatius Ganago,2021-2022,Other,1.0,Tomás Pina Isla,2021-2022,Other,1.0,Opa Nguette,2021-2022,Other,1.0,Fernando Calero,2021-2022,Other,1.0,Lucas Alario,2021-2022,Other,1.0
Banhie Zoukrou,2021-2022,0,Other,Cenk Tosun,2021-2022,Other,1.0,Kayky Chagas,2021-2022,Other,1.0,Adamo Nagalo,2025-2026,Unknown,1.0,Francesco Camarda,2025-2026,Other,1.0,Idjessi Metsoko,2025-2026,Unknown,1.0
Kurt Zouma,2021-2022,0,Unknown,Matteo Darmian,2021-2022,Unknown,1.0,Nordi Mukiele,2021-2022,Unknown,1.0,Mohamed Fares,2021-2022,Unknown,1.0,Sergej Milinkovi?-Savi?,2021-2022,Other,1.0,Dominik Takáč,2025-2026,Unknown,1.0
Igor Zubeldia,2021-2022,0,Unknown,Sheraldo Becker,2021-2022,Unknown,1.0,Gerson,2021-2022,Other,1.0,Ýlkay Gündoðan,2021-2022,Other,1.0,James Ward-Prowse,2021-2022,Other,1.0,Cristian Tello,2021-2022,Unknown,1.0
Martín Zubimendi,2021-2022,0,Unknown,Douglas Luiz,2021-2022,Unknown,1.0,Salih Özcan,2021-2022,Unknown,1.0,Mario Hermoso,2021-2022,Unknown,1.0,Maxence Caqueret,2021-2022,Unknown,1.0,Dante,2021-2022,Unknown,1.0
Szymon ?urkowski,2021-2022,0,Other,Raphael Dias Belloli,2021-2022,Other,1.0,Ruben Aguilar,2021-2022,Other,1.0,Fran Beltrán,2021-2022,Other,1.0,Léo Pétrot,2021-2022,Other,1.0,Lucas Perrin,2021-2022,Other,1.0
Martin Ødegaard,2021-2022,0,Unknown,Ousmane Dembélé,2021-2022,Unknown,1.0,Waldemar Anton,2021-2022,Unknown,1.0,Pierre Kalulu,2021-2022,Unknown,1.0,Yuri Berchiche,2021-2022,Unknown,1.0,Xherdan Shaqiri,2021-2022,Unknown,1.0
Milan ?uri?,2021-2022,0,Other,Luís Maximiano,2021-2022,Other,1.0,Kike,2021-2022,Other,1.0,Lorenzo Montipò,2021-2022,Other,1.0,Lucas Douath,2021-2022,Other,1.0,Emil Audero,2021-2022,Other,1.0
Filip ?uri?i?,2021-2022,0,Other,Adam Masina,2021-2022,Other,1.0,Keita Baldé,2021-2022,Other,1.0,Gaetano Castrovilli,2021-2022,Other,1.0,Falaye Sacko,2021-2022,Other,1.0,Adil Aouchiche,2021-2022,Other,1.0
Martinelli,2025-2026,0,Other,Bafodé Diakité,2025-2026,Unknown,1.0,Marko Pjaca,2025-2026,Other,1.0,Samy Mmaee,2025-2026,Defender,1.0,Koopmeiners,2021-2022,Midfielder,1.0,Tigran Barseghyan,2025-2026,Forward,0.9999
Youngwoo Seol,2025-2026,0,Other,Lustenberger,2021-2022,Defender,1.0,Bojan Miovski,2025-2026,Other,0.9999,D'Ambrosio,2021-2022,Defender,0.9999,Jović,2021-2022,Forward,0.9999,Poulsen,2021-2022,Forward,0.9997
Timi Elšnik,2025-2026,0,Other,Óliver Torres,2021-2022,Unknown,1.0,Elias Cobbaut,2025-2026,Defender,1.0,Saúl Ñíguez,2021-2022,Unknown,1.0,Chiquinho,2021-2022,Unknown,1.0,Cherif Ndiaye,2025-2026,Other,1.0
Kenny Lala,2025-2026,0,Other,Ferland Mendy,2025-2026,Unknown,1.0,Anis Hadj Moussa,2025-2026,Unknown,1.0,Kenan Yıldız,2025-2026,Other,1.0,Kyriani Sabbe,2025-2026,Unknown,0.9999,Bernardo Silva,2025-2026,Unknown,0.9999
David Raya,2025-2026,0,Unknown,Faivre,2021-2022,Goalkeeper,1.0,De Gea,2021-2022,Goalkeeper,0.9996,Leandro Paredes,2021-2022,Unknown,0.9995,Sergio Ramos,2021-2022,Unknown,0.9995,Dani Alves,2021-2022,Unknown,0.9986
Péter Gulácsi,2025-2026,0,Unknown,Dzyuba,2021-2022,Forward,1.0,Neuer,2025-2026,Unknown,1.0,Umut Meraş,2021-2022,Defender,0.9996,Kolovos,2021-2022,Midfielder,0.9994,Yansané,2021-2022,Forward,0.9988
Marco Bizot,2025-2026,0,Other,Jeremy Ngakia,2021-2022,Other,1.0,Wesley Saïd,2021-2022,Other,1.0,Dávid Strelec,2021-2022,Other,1.0,Jeremie Boga,2021-2022,Other,1.0,Riqui Puig,2021-2022,Other,1.0
Timon Wellenreuther,2025-2026,0,Unknown,Pasveer,2021-2022,Goalkeeper,1.0,Nuno Santos,2021-2022,Forward,1.0,Mehmet Topal,2021-2022,Unknown,1.0,Handanovič,2021-2022,Goalkeeper,1.0,Ridle Baku,2021-2022,Other,0.9999
Mignolet,2025-2026,0,Goalkeeper,Mignolet,2021-2022,Goalkeeper,0.9999,Hateboer,2021-2022,Defender,0.9989,Asger Sørensen,2025-2026,Defender,0.9988,Gregor Kobel,2025-2026,Unknown,0.9985,Adán,2021-2022,Goalkeeper,0.9977
Dmytro Riznyk,2025-2026,0,Goalkeeper,Ter Stegen,2021-2022,Goalkeeper,1.0,Kike Hermoso,2021-2022,Other,0.9996,Diogo Costa,2021-2022,Unknown,0.9996,Ridle Baku,2021-2022,Other,0.9992,Mehmet Topal,2021-2022,Unknown,0.9988
Alexander Nübel,2025-2026,0,Unknown,Ayase Ueda,2025-2026,Unknown,0.9999,Vlachodimos,2021-2022,Goalkeeper,0.9999,Handanovič,2021-2022,Goalkeeper,0.9998,Nuno Santos,2021-2022,Forward,0.9997,Timon Wellenreuther,2025-2026,Unknown,0.9996
Peter Vindahl,2025-2026,0,Other,Julen Agirrezabala,2021-2022,Other,1.0,Romain Hamouma,2021-2022,Other,1.0,Joseba Zaldúa,2021-2022,Other,1.0,Quentin Boisgard,2021-2022,Other,1.0,Joel Obi,2021-2022,Other,1.0
Jan Oblak,2025-2026,0,Unknown,Kjell Scherpen,2025-2026,Goalkeeper,1.0,Francis Coquelin,2021-2022,Unknown,1.0,Paul Pogba,2021-2022,Unknown,1.0,Martín Montoya,2021-2022,Unknown,0.9999,Stefan Ortega,2025-2026,Unknown,0.9999
Franco Israel,2025-2026,0,Other,Alex Ferrari,2021-2022,Other,1.0,Angelo Stiller,2021-2022,Other,1.0,Alessandro Schöpf,2021-2022,Other,1.0,Niklas Stark,2021-2022,Other,1.0,Malo Gusto,2021-2022,Other,1.0
Yann Sommer,2025-2026,0,Unknown,Vlahović,2021-2022,Forward,1.0,Messias Junior,2021-2022,Forward,0.9989,Mike Maignan,2025-2026,Unknown,0.9987,Péter Gulácsi,2025-2026,Unknown,0.9986,Dzyuba,2021-2022,Forward,0.9985
Lucas Chevalier,2025-2026,0,Unknown,Diego Demme,2021-2022,Unknown,1.0,Shabanov,2021-2022,Defender,0.9995,Sergio Ramos,2021-2022,Unknown,0.9984,Jimmy Briand,2021-2022,Unknown,0.9976,David Raya,2025-2026,Unknown,0.996
Kjell Scherpen,2025-2026,0,Goalkeeper,Jan Oblak,2025-2026,Unknown,1.0,Francis Coquelin,2021-2022,Unknown,1.0,Paul Pogba,2021-2022,Unknown,1.0,Trubin,2021-2022,Goalkeeper,0.9999,Martín Montoya,2021-2022,Unknown,0.9999
Marco Carnesecchi,2025-2026,0,Unknown,Corentin Tolisso,2021-2022,Unknown,1.0,Nathan Aké,2021-2022,Unknown,0.9998,Pyatov,2021-2022,Goalkeeper,0.9996,Marco Verratti,2021-2022,Unknown,0.9995,Erik Lamela,2021-2022,Unknown,0.9992
Dominik Takáč,2025-2026,0,Unknown,Mattia Caldara,2021-2022,Unknown,1.0,Aleksandr Golovin,2021-2022,Unknown,1.0,Mohamed Fares,2021-2022,Unknown,1.0,Matteo Darmian,2021-2022,Unknown,1.0,Kurt Zouma,2021-2022,Unknown,1.0
Kasper Schmeichel,2025-2026,0,Unknown,Rodrygo,2025-2026,Unknown,1.0,Ibrahimović,2021-2022,Forward,1.0,Marlos,2021-2022,Unknown,1.0,Šeško,2021-2022,Forward,1.0,Charles De Ketelaere,2025-2026,Unknown,1.0
?ukasz Skorupski,2025-2026,0,Other,Gareth Bale,2021-2022,Unknown,1.0,Mario Lemina,2021-2022,Other,1.0,Kyle Walker-Peters,2021-2022,Other,1.0,Fidel,2021-2022,Other,1.0,Kevin Vogt,2021-2022,Other,1.0
Anatoliy Trubin,2025-2026,0,Unknown,Köhn,2021-2022,Goalkeeper,1.0,Eric Maxim Choupo-Moting,2021-2022,Unknown,0.9999,Oblak,2021-2022,Goalkeeper,0.9998,Bounou,2021-2022,Goalkeeper,0.9998,Szczęsny,2021-2022,Goalkeeper,0.9995
Paulo Gazzaniga,2025-2026,0,Other,Vanja Drkušić,2025-2026,Other,1.0,Nathan Tella,2025-2026,Other,1.0,Henrichs,2021-2022,Defender,1.0,Rubén Peña,2021-2022,Other,1.0,Bondarenko,2021-2022,Midfielder,1.0
Tigran Barseghyan,2025-2026,0,Forward,Koopmeiners,2021-2022,Midfielder,1.0,Hutchinson,2021-2022,Midfielder,1.0,Isco,2021-2022,Unknown,1.0,Gonçalo Inacio,2025-2026,Unknown,1.0,Matheus Reis,2025-2026,Unknown,1.0
Dan Ndoye,2025-2026,0,Other,Mohamed Ali Camara,2025-2026,Defender,1.0,Moi Gómez,2021-2022,Midfielder,1.0,Ousmane Diomande,2025-2026,Unknown,1.0,Jaroslav Zelený,2025-2026,Defender,1.0,Chilwell,2021-2022,Defender,1.0
Dávid Strelec,2025-2026,0,Other,Berget,2021-2022,Midfielder,1.0,Elanga,2021-2022,Forward,1.0,Rebić,2021-2022,Forward,1.0,Julián Álvarez,2025-2026,Unknown,0.9999,Ismaily,2021-2022,Unknown,0.9997
Mike Maignan,2025-2026,0,Unknown,Messias Junior,2021-2022,Forward,1.0,Vlahović,2021-2022,Forward,0.9988,Yann Sommer,2025-2026,Unknown,0.9987,Ayase Ueda,2025-2026,Unknown,0.9972,Alexander Nübel,2025-2026,Unknown,0.9964
Bafodé Diakité,2025-2026,0,Unknown,Martinelli,2025-2026,Other,1.0,Marko Pjaca,2025-2026,Other,1.0,Samy Mmaee,2025-2026,Defender,1.0,Koopmeiners,2021-2022,Midfielder,1.0,Tigran Barseghyan,2025-2026,Forward,0.9999
Neuer,2025-2026,0,Unknown,Dzyuba,2021-2022,Forward,1.0,Péter Gulácsi,2025-2026,Unknown,1.0,Umut Meraş,2021-2022,Defender,0.9997,Kolovos,2021-2022,Midfielder,0.9996,Yansané,2021-2022,Forward,0.9991
Joel Monteiro,2025-2026,0,Other,Draxler,2021-2022,Forward,1.0,Hendry Blank,2025-2026,Unknown,1.0,Mama Baldé,2025-2026,Unknown,0.9999,Nicolò Savona,2025-2026,Unknown,0.9998,Dorgeles Nene,2025-2026,Other,0.9997
Mika Biereth,2025-2026,0,Unknown,Ousmane Diomande,2025-2026,Unknown,1.0,Moi Gómez,2021-2022,Midfielder,1.0,Dan Ndoye,2025-2026,Other,1.0,Mohamed Ali Camara,2025-2026,Defender,1.0,Eguinaldo,2025-2026,Other,1.0
Andrea Cambiaso,2025-2026,0,Other,Krunić,2021-2022,Midfielder,1.0,Veljko Birmančević,2025-2026,Other,1.0,Niklas Süle,2025-2026,Unknown,0.9999,Pedri,2021-2022,Unknown,0.9999,Aster Vranckx,2021-2022,Other,0.9999
Eguinaldo,2025-2026,0,Other,Kenan Karaman,2021-2022,Forward,1.0,Fábio Vieira,2021-2022,Midfielder,1.0,Vitão,2021-2022,Defender,1.0,Mika Biereth,2025-2026,Unknown,1.0,Ousmane Diomande,2025-2026,Unknown,1.0
Kenan Yıldız,2025-2026,0,Other,Kenny Lala,2025-2026,Other,1.0,Ferland Mendy,2025-2026,Unknown,1.0,Ruben Loftus-Cheek,2025-2026,Unknown,0.9999,Egan-Riley,2021-2022,Defender,0.9999,Anis Hadj Moussa,2025-2026,Unknown,0.9999
Janis Blaswich,2025-2026,0,Unknown,Yusuf Yazıcı,2021-2022,Midfielder,1.0,Edouard Michut,2021-2022,Other,1.0,Héctor Fort,2025-2026,Unknown,1.0,Michał Skóraś,2025-2026,Forward,1.0,Fredrik Oppegård,2025-2026,Defender,0.9999
Ferland Mendy,2025-2026,0,Unknown,Kenny Lala,2025-2026,Other,1.0,Anis Hadj Moussa,2025-2026,Unknown,1.0,Kenan Yıldız,2025-2026,Other,1.0,Kyriani Sabbe,2025-2026,Unknown,0.9999,Bernardo Silva,2025-2026,Unknown,0.9999
Matěj Ryneš,2025-2026,0,Midfielder,Geny Catamo,2025-2026,Other,1.0,Marcos Llorente,2025-2026,Unknown,1.0,Novoa,2021-2022,Midfielder,1.0,Aïssa Mandi,2025-2026,Other,1.0,Waldemar Anton,2025-2026,Unknown,1.0
Julián Álvarez,2025-2026,0,Unknown,Ismaily,2021-2022,Unknown,1.0,Elanga,2021-2022,Forward,0.9999,Dávid Strelec,2025-2026,Other,0.9999,Berget,2021-2022,Midfielder,0.9998,Rebić,2021-2022,Forward,0.9998
Massadio Haidara,2025-2026,0,Unknown,Nikolov,2021-2022,Midfielder,1.0,Mitchel Bakker,2025-2026,Unknown,1.0,Vormer,2021-2022,Midfielder,1.0,Slimani,2021-2022,Forward,0.9999,Josha Vagnoman,2025-2026,Other,0.9999
Raúl Torrente,2025-2026,0,Other,Choupo-Moting,2021-2022,Midfielder,1.0,Jurriën Timber,2025-2026,Unknown,0.9999,Kyriakos Savvidis,2025-2026,Other,0.9999,Lingard,2021-2022,Midfielder,0.9999,Marcus Thuram,2025-2026,Unknown,0.9999
Angelo Preciado,2025-2026,0,Other,Juan Cabal,2025-2026,Unknown,1.0,Clément Lenglet,2025-2026,Unknown,1.0,Eliesse Ben Seghir,2025-2026,Unknown,0.9999,Dario Špikić,2025-2026,Other,0.9999,Sebastiaan Bornauw,2021-2022,Other,0.9999
Iñaki Peña,2025-2026,0,Other,Cedric Itten,2021-2022,Other,1.0,Julian Pollersbeck,2021-2022,Other,1.0,Benjamin Hübner,2021-2022,Other,1.0,Ander Guevara,2021-2022,Other,1.0,Frank Onyeka,2021-2022,Other,1.0
Gregor Kobel,2025-2026,0,Unknown,Kike Hermoso,2021-2022,Other,0.9992,Mignolet,2025-2026,Goalkeeper,0.9985,Mignolet,2021-2022,Goalkeeper,0.9979,Ter Stegen,2021-2022,Goalkeeper,0.9978,Dmytro Riznyk,2025-2026,Goalkeeper,0.9977
Lukas Hradecky,2025-2026,0,Unknown,Ansu Fati,2021-2022,Other,1.0,Ben White,2025-2026,Unknown,1.0,Lefort,2021-2022,Defender,1.0,Aïssa Mandi,2025-2026,Other,1.0,Bryan Gil,2025-2026,Forward,1.0
Walter Benítez,2025-2026,0,Unknown,Daouda Guindo,2025-2026,Other,1.0,Tagliafico,2021-2022,Defender,1.0,Daniel Bragança,2021-2022,Midfielder,1.0,Gonzalo Montiel,2021-2022,Other,1.0,Bondar,2021-2022,Defender,0.9999
Ivan Nevistić,2025-2026,0,Goalkeeper,Elseid Hysaj,2021-2022,Unknown,1.0,Jacob Ramsey,2021-2022,Unknown,1.0,Juan Jesus,2021-2022,Unknown,1.0,Davide Calabria,2021-2022,Unknown,1.0,Ángel Correa,2021-2022,Unknown,1.0
Gianluigi Donnarumma,2025-2026,0,Unknown,Szczęsny,2021-2022,Goalkeeper,1.0,Mattia Zaccagni,2021-2022,Unknown,0.9999,Marvin Keller,2025-2026,Unknown,0.9998,Oblak,2021-2022,Goalkeeper,0.9998,Anatoliy Trubin,2025-2026,Unknown,0.9992
Yukhym Konoplia,2025-2026,0,Other,Rémy Cabella,2025-2026,Unknown,1.0,Rúben Dias,2025-2026,Unknown,1.0,Reinier,2021-2022,Forward,1.0,Mathias Pereira Lage,2025-2026,Unknown,1.0,Nicolò Zaniolo,2025-2026,Unknown,1.0
Jordan Lotomba,2025-2026,0,Other,Andreas Skov Olsen,2025-2026,Other,1.0,Tomáš Wiesner,2025-2026,Defender,1.0,Mario Gaspar,2021-2022,Defender,1.0,Zachary Athekame,2025-2026,Unknown,1.0,Jaouen Hadjam,2025-2026,Other,0.9999
Tochi Chukwuani,2025-2026,0,Other,Maximilian Beier,2025-2026,Unknown,1.0,Rodri,2025-2026,Unknown,1.0,Nicolás Capaldo,2025-2026,Unknown,1.0,Kevin,2025-2026,Unknown,1.0,Nathan Aké,2025-2026,Unknown,1.0
Max Johnston,2025-2026,0,Unknown,Alejandro Francés,2025-2026,Unknown,1.0,Moriba,2021-2022,Midfielder,1.0,Charalampos Lykogiannis,2025-2026,Other,1.0,Joey Veerman,2025-2026,Unknown,0.9999,Paulo Bernardo,2025-2026,Midfielder,0.9999
Ferran Jutglà,2025-2026,0,Unknown,Yakhshiboev,2021-2022,Forward,1.0,Calabria,2021-2022,Defender,1.0,Dia,2021-2022,Forward,0.9999,Sobol,2021-2022,Defender,0.9999,Solomon,2021-2022,Midfielder,0.9999
Kyriakos Savvidis,2025-2026,0,Other,Lingard,2021-2022,Midfielder,1.0,Marcus Thuram,2025-2026,Unknown,1.0,Onana,2021-2022,Midfielder,0.9999,Raúl Torrente,2025-2026,Other,0.9999,Konrad Laimer,2025-2026,Unknown,0.9999
Otar Kiteishvili,2025-2026,0,Other,André Almeida,2021-2022,Unknown,1.0,Guerreiro,2021-2022,Defender,0.9999,Marko Pjaca,2025-2026,Other,0.9999,Martinelli,2025-2026,Other,0.9999,Bafodé Diakité,2025-2026,Unknown,0.9999
Giovanni Fabbian,2025-2026,0,Other,Thomas Meunier,2025-2026,Unknown,1.0,Robert Andrich,2025-2026,Other,0.9999,Ricca,2021-2022,Defender,0.9998,Paulo Otávio,2021-2022,Defender,0.9997,Niklas Geyrhofer,2025-2026,Unknown,0.9996
Geovany Quenda,2025-2026,0,Unknown,Osame Sahraoui,2025-2026,Unknown,1.0,Tiago Tomás,2021-2022,Forward,1.0,Cherif Ndiaye,2025-2026,Other,1.0,Chiquinho,2021-2022,Unknown,1.0,Saúl Ñíguez,2021-2022,Unknown,1.0
Veljko Birmančević,2025-2026,0,Other,Pedri,2021-2022,Unknown,1.0,Aster Vranckx,2021-2022,Other,1.0,Alcácer,2021-2022,Forward,1.0,Andrea Cambiaso,2025-2026,Other,1.0,Krunić,2021-2022,Midfielder,0.9999
Xavi Simons,2025-2026,0,Unknown,Malick Thiaw,2025-2026,Unknown,1.0,Birmančević,2021-2022,Midfielder,1.0,Takumi Minamino,2021-2022,Unknown,0.9999,Alex Teixeira,2021-2022,Unknown,0.9999,Solomon,2021-2022,Midfielder,0.9999
Hugo Bueno,2025-2026,0,Unknown,Viktor Tsygankov,2025-2026,Forward,1.0,Elias Cobbaut,2025-2026,Defender,1.0,E. Hazard,2021-2022,Forward,1.0,Lukáš Haraslín,2025-2026,Other,1.0,Timi Elšnik,2025-2026,Other,1.0
Geny Catamo,2025-2026,0,Other,Marcos Llorente,2025-2026,Unknown,1.0,Matěj Ryneš,2025-2026,Midfielder,1.0,Aïssa Mandi,2025-2026,Other,1.0,Novoa,2021-2022,Midfielder,1.0,Waldemar Anton,2025-2026,Unknown,1.0
Piotr Zielinski,2025-2026,0,Unknown,Kryvtsov,2021-2022,Defender,1.0,Bruno,2021-2022,Unknown,1.0,Bernardo Silva,2025-2026,Unknown,1.0,Jeff Hendrick,2021-2022,Other,0.9999,Kyriani Sabbe,2025-2026,Unknown,0.9999
Cherif Ndiaye,2025-2026,0,Other,Chiquinho,2021-2022,Unknown,1.0,Saúl Ñíguez,2021-2022,Unknown,1.0,Tiago Tomás,2021-2022,Forward,1.0,Óliver Torres,2021-2022,Unknown,1.0,Geovany Quenda,2025-2026,Unknown,1.0
Kyogo Furuhashi,2025-2026,0,Other,Nicolás González,2025-2026,Unknown,1.0,Munir,2021-2022,Forward,1.0,M. Olsson,2021-2022,Defender,1.0,Bailly,2021-2022,Defender,0.9999,Evanilson,2021-2022,Unknown,0.9999
Aïssa Mandi,2025-2026,0,Other,Ben White,2025-2026,Unknown,1.0,Marcos Llorente,2025-2026,Unknown,1.0,Geny Catamo,2025-2026,Other,1.0,Matěj Ryneš,2025-2026,Midfielder,1.0,Lukas Hradecky,2025-2026,Unknown,1.0
Josha Vagnoman,2025-2026,0,Other,Nicolò Fagioli,2025-2026,Other,1.0,Slimani,2021-2022,Forward,1.0,Ferran Torres,2025-2026,Unknown,1.0,Gonzalo Montiel,2021-2022,Other,1.0,Vormer,2021-2022,Midfielder,1.0
Jaouen Hadjam,2025-2026,0,Other,Sarr,2021-2022,Defender,1.0,Zachary Athekame,2025-2026,Unknown,1.0,Mario Gaspar,2021-2022,Defender,1.0,Andreas Skov Olsen,2025-2026,Other,1.0,Jordan Lotomba,2025-2026,Other,0.9999
Nicolás Capaldo,2025-2026,0,Unknown,Kevin,2025-2026,Unknown,1.0,Tochi Chukwuani,2025-2026,Other,1.0,Maximilian Beier,2025-2026,Unknown,1.0,Rodri,2025-2026,Unknown,1.0,David Raum,2025-2026,Unknown,0.9999
Ruben Loftus-Cheek,2025-2026,0,Unknown,Egan-Riley,2021-2022,Defender,1.0,Carrasco,2021-2022,Forward,1.0,Kenan Yıldız,2025-2026,Other,0.9999,Gudmundsson,2021-2022,Defender,0.9999,Evanilson,2021-2022,Unknown,0.9999
Michele Di Gregorio,2025-2026,0,Unknown,Lukebakio,2021-2022,Forward,1.0,Weah,2021-2022,Forward,1.0,Sandra,2021-2022,Midfielder,1.0,Yansané,2021-2022,Forward,0.9989,Kolovos,2021-2022,Midfielder,0.9981
Carlos Augusto,2025-2026,0,Unknown,Bürgy,2021-2022,Defender,1.0,Marko Arnautović,2025-2026,Forward,0.9999,Serdar Saatçı,2021-2022,Defender,0.9997,Kyogo Furuhashi,2025-2026,Other,0.9995,Nicolás González,2025-2026,Unknown,0.9995
Hidemasa Morita,2025-2026,0,Other,Cheikh Niasse,2025-2026,Other,1.0,Fran García,2025-2026,Defender,1.0,Cristhian Stuani,2025-2026,Other,1.0,Riccardo Calafiori,2025-2026,Other,0.9999,Robin Le Normand,2025-2026,Unknown,0.9999
Ebrima Colley,2025-2026,0,Other,Shepeliev,2021-2022,Midfielder,0.9999,Stepanenko,2025-2026,Midfielder,0.9998,Pedrinho,2025-2026,Midfielder,0.9998,Tom Rothe,2021-2022,Other,0.9997,Adam Idah,2025-2026,Other,0.9997
Andreas Skov Olsen,2025-2026,0,Other,Mario Gaspar,2021-2022,Defender,1.0,Jordan Lotomba,2025-2026,Other,1.0,Zachary Athekame,2025-2026,Unknown,1.0,Tomáš Wiesner,2025-2026,Defender,1.0,Jaouen Hadjam,2025-2026,Other,1.0
Bernardo Silva,2025-2026,0,Unknown,Kyriani Sabbe,2025-2026,Unknown,1.0,Anis Hadj Moussa,2025-2026,Unknown,1.0,Kryvtsov,2021-2022,Defender,1.0,Piotr Zielinski,2025-2026,Unknown,1.0,Bruno,2021-2022,Unknown,0.9999
Ben White,2025-2026,0,Unknown,Aïssa Mandi,2025-2026,Other,1.0,Lukas Hradecky,2025-2026,Unknown,1.0,Ansu Fati,2021-2022,Other,1.0,Marcos Llorente,2025-2026,Unknown,1.0,Geny Catamo,2025-2026,Other,1.0
Riccardo Orsolini,2025-2026,0,Other,Salih Uçan,2021-2022,Midfielder,1.0,Barkley,2021-2022,Midfielder,1.0,Mateo Kovacic,2025-2026,Unknown,1.0,Matteo Gabbia,2025-2026,Other,0.9999,Wendell,2021-2022,Unknown,0.9999
Bryan Gil,2025-2026,0,Forward,Łukasz Łakomy,2025-2026,Unknown,1.0,Bobby Clark,2025-2026,Other,1.0,Ansu Fati,2021-2022,Other,1.0,Edoardo Bove,2021-2022,Other,1.0,Lukas Hradecky,2025-2026,Unknown,1.0
Antonio Nusa,2025-2026,0,Other,Yan Couto,2025-2026,Unknown,1.0,Krugovoi,2021-2022,Defender,1.0,Ethan Nwaneri,2025-2026,Unknown,1.0,Orbelín Pineda,2021-2022,Other,1.0,Erencan Yardımcı,2025-2026,Other,0.9999
Victor Boniface,2025-2026,0,Unknown,Mirko Ivanić,2025-2026,Midfielder,0.9999,Trippier,2021-2022,Defender,0.9999,De Pena,2021-2022,Midfielder,0.9999,Sobol,2021-2022,Defender,0.9998,Dia,2021-2022,Forward,0.9997
Zachary Athekame,2025-2026,0,Unknown,Mario Gaspar,2021-2022,Defender,1.0,Andreas Skov Olsen,2025-2026,Other,1.0,Jaouen Hadjam,2025-2026,Other,1.0,Jordan Lotomba,2025-2026,Other,1.0,Sarr,2021-2022,Defender,1.0
Bobby Clark,2025-2026,0,Other,Edoardo Bove,2021-2022,Other,1.0,Sabitzer,2021-2022,Midfielder,1.0,Łukasz Łakomy,2025-2026,Unknown,1.0,Bryan Gil,2025-2026,Forward,1.0,Lefort,2021-2022,Defender,1.0
Andrija Maksimović,2025-2026,0,Unknown,Zagadou,2021-2022,Defender,1.0,Kevin Kampl,2025-2026,Unknown,1.0,Daley Blind,2025-2026,Unknown,1.0,Amine Adli,2025-2026,Unknown,1.0,Wolf,2021-2022,Midfielder,1.0
Ousmane Diomande,2025-2026,0,Unknown,Moi Gómez,2021-2022,Midfielder,1.0,Mika Biereth,2025-2026,Unknown,1.0,Dan Ndoye,2025-2026,Other,1.0,Mohamed Ali Camara,2025-2026,Defender,1.0,Jaroslav Zelený,2025-2026,Defender,1.0
Bojan Miovski,2025-2026,0,Other,Lustenberger,2021-2022,Defender,1.0,Youngwoo Seol,2025-2026,Other,0.9999,Poulsen,2021-2022,Forward,0.9999,D'Ambrosio,2021-2022,Defender,0.9997,Rıdvan Yılmaz,2021-2022,Defender,0.9997
Ayyoub Bouaddi,2025-2026,0,Unknown,Nathan Aké,2025-2026,Unknown,1.0,Donny van de Beek,2021-2022,Unknown,1.0,Rodri,2025-2026,Unknown,1.0,Maximilian Beier,2025-2026,Unknown,1.0,Tochi Chukwuani,2025-2026,Other,0.9999
Eliesse Ben Seghir,2025-2026,0,Unknown,Sebastiaan Bornauw,2021-2022,Other,1.0,Pablo Barrios,2025-2026,Unknown,1.0,Juan Cabal,2025-2026,Unknown,0.9999,Angelo Preciado,2025-2026,Other,0.9999,Tomáš Wiesner,2025-2026,Defender,0.9999
Greg Taylor,2025-2026,0,Defender,Palmer,2021-2022,Midfielder,1.0,Chilwell,2021-2022,Defender,1.0,Jaroslav Zelený,2025-2026,Defender,1.0,Mohamed Ali Camara,2025-2026,Defender,1.0,Jahmai Simpson-Pusey,2025-2026,Unknown,1.0
Dorgeles Nene,2025-2026,0,Other,Alexander Sørloth,2025-2026,Other,1.0,Bart Nieuwkoop,2025-2026,Defender,1.0,Mama Baldé,2025-2026,Unknown,1.0,Draxler,2021-2022,Forward,0.9999,Joel Monteiro,2025-2026,Other,0.9997
Nicolò Fagioli,2025-2026,0,Other,Josha Vagnoman,2025-2026,Other,1.0,Slimani,2021-2022,Forward,1.0,Ferran Torres,2025-2026,Unknown,1.0,Gonzalo Montiel,2021-2022,Other,1.0,Vormer,2021-2022,Midfielder,1.0
Jurriën Timber,2025-2026,0,Unknown,Choupo-Moting,2021-2022,Midfielder,1.0,Caio Henrique,2025-2026,Unknown,0.9999,Raúl Torrente,2025-2026,Other,0.9999,Tymchyk,2021-2022,Defender,0.9999,Matheus Reis,2025-2026,Unknown,0.9998
Lukáš Haraslín,2025-2026,0,Other,E. Hazard,2021-2022,Forward,1.0,António Silva,2025-2026,Unknown,1.0,Hugo Bueno,2025-2026,Unknown,1.0,Viktor Tsygankov,2025-2026,Forward,1.0,Elias Cobbaut,2025-2026,Defender,0.9999
Charles De Ketelaere,2025-2026,0,Unknown,Ibrahimović,2021-2022,Forward,1.0,Kasper Schmeichel,2025-2026,Unknown,1.0,Rodrygo,2025-2026,Unknown,1.0,Niklas Süle,2025-2026,Unknown,1.0,Marlos,2021-2022,Unknown,0.9999
Seedy Jatta,2025-2026,0,Other,Ben Godfrey,2025-2026,Other,1.0,Alvaro Sanz,2021-2022,Other,1.0,Giuliano Simeone,2021-2022,Unknown,1.0,Amadou Traore,2021-2022,Other,1.0,Nassim Chadli,2021-2022,Other,1.0
Gonçalo Inacio,2025-2026,0,Unknown,Matheus Reis,2025-2026,Unknown,1.0,Isco,2021-2022,Unknown,1.0,Darmian,2021-2022,Defender,1.0,Tymchyk,2021-2022,Defender,1.0,Hutchinson,2021-2022,Midfielder,1.0
Thijs Dallinga,2025-2026,0,Other,Javier Galán,2025-2026,Other,1.0,Alexander Schlager,2025-2026,Goalkeeper,1.0,Jofre,2021-2022,Other,1.0,Josip Brekalo,2021-2022,Other,1.0,Ermedin Demirović,2025-2026,Other,0.9999
Ronaël Pierre-Gabriel,2025-2026,0,Other,Guindo,2021-2022,Defender,1.0,Cesc Fàbregas,2021-2022,Unknown,1.0,Tijani,2021-2022,Midfielder,1.0,Alex Valle,2025-2026,Other,0.9999,Lázaro,2021-2022,Midfielder,0.9999
Juan Miranda,2025-2026,0,Other,Kingsley Coman,2025-2026,Unknown,1.0,Mathias Pereira Lage,2025-2026,Unknown,1.0,Nicolò Savona,2025-2026,Unknown,1.0,Reinier,2021-2022,Forward,1.0,Yukhym Konoplia,2025-2026,Other,0.9999
Albion Rrahmani,2025-2026,0,Other,Tom Rothe,2021-2022,Other,1.0,Iván Martín,2025-2026,Other,1.0,Pedrinho,2025-2026,Midfielder,1.0,Rick Karsdorp,2025-2026,Unknown,1.0,Stepanenko,2025-2026,Midfielder,1.0
Caio Henrique,2025-2026,0,Unknown,Tymchyk,2021-2022,Defender,1.0,Jurriën Timber,2025-2026,Unknown,0.9999,Matheus Reis,2025-2026,Unknown,0.9999,Gonçalo Inacio,2025-2026,Unknown,0.9999,Isco,2021-2022,Unknown,0.9999
Cristhian Stuani,2025-2026,0,Other,Hidemasa Morita,2025-2026,Other,1.0,Cheikh Niasse,2025-2026,Other,1.0,Fran García,2025-2026,Defender,1.0,Robin Le Normand,2025-2026,Unknown,0.9999,Riccardo Calafiori,2025-2026,Other,0.9999
Davide Frattesi,2025-2026,0,Unknown,Danylo Sikan,2025-2026,Forward,1.0,Jan-Niklas Beste,2025-2026,Other,1.0,Jeremy Doku,2025-2026,Other,1.0,Lucas Gourna-Douath,2025-2026,Other,1.0,Fabian Rieder,2025-2026,Midfielder,1.0
Gabriel Jesus,2025-2026,0,Unknown,Frenkie de Jong,2025-2026,Unknown,1.0,Endrick,2025-2026,Unknown,1.0,Niklas Geyrhofer,2025-2026,Unknown,1.0,Paulo Otávio,2021-2022,Defender,0.9999,Robert Andrich,2025-2026,Other,0.9998
Matheus Reis,2025-2026,0,Unknown,Gonçalo Inacio,2025-2026,Unknown,1.0,Isco,2021-2022,Unknown,1.0,Darmian,2021-2022,Defender,1.0,Tymchyk,2021-2022,Defender,1.0,Hutchinson,2021-2022,Midfielder,1.0
Kastriot Imeri,2025-2026,0,Other,Yunus Musah,2025-2026,Unknown,1.0,Gerard Martín,2025-2026,Unknown,1.0,Christoph Baumgartner,2025-2026,Other,0.9999,Bart Nieuwkoop,2025-2026,Defender,0.9998,Alexander Sørloth,2025-2026,Other,0.9998
António Silva,2025-2026,0,Unknown,Lukáš Haraslín,2025-2026,Other,1.0,E. Hazard,2021-2022,Forward,1.0,Hugo Bueno,2025-2026,Unknown,1.0,Viktor Tsygankov,2025-2026,Forward,1.0,Elias Cobbaut,2025-2026,Defender,0.9999
Christoph Baumgartner,2025-2026,0,Other,Gerard Martín,2025-2026,Unknown,1.0,Mateo Kovacic,2025-2026,Unknown,0.9999,Kastriot Imeri,2025-2026,Other,0.9999,Barkley,2021-2022,Midfielder,0.9999,Yunus Musah,2025-2026,Unknown,0.9999
Adam Daghim,2025-2026,0,Other,Eljif Elmas,2025-2026,Unknown,1.0,Hugo Álvarez,2021-2022,Other,1.0,Ansu Fati,2025-2026,Other,1.0,Lewis Brunt,2021-2022,Other,1.0,Siemen Voet,2025-2026,Other,1.0
Lucas Gourna-Douath,2025-2026,0,Other,Fabian Rieder,2025-2026,Midfielder,1.0,Davide Frattesi,2025-2026,Unknown,1.0,Asensio,2025-2026,Forward,1.0,Danylo Sikan,2025-2026,Forward,1.0,Jan-Niklas Beste,2025-2026,Other,1.0
Konrad Laimer,2025-2026,0,Unknown,Onana,2021-2022,Midfielder,1.0,Rıdvan Yılmaz,2021-2022,Defender,1.0,Marcus Thuram,2025-2026,Unknown,0.9999,Lingard,2021-2022,Midfielder,0.9999,Kyriakos Savvidis,2025-2026,Other,0.9999
Iván Martín,2025-2026,0,Other,Albion Rrahmani,2025-2026,Other,1.0,Rick Karsdorp,2025-2026,Unknown,1.0,Tom Rothe,2021-2022,Other,1.0,Mads Bidstrup,2025-2026,Other,1.0,Pedrinho,2025-2026,Midfielder,1.0
David Raum,2025-2026,0,Unknown,Fabián Ruiz,2025-2026,Unknown,1.0,Kevin,2025-2026,Unknown,0.9999,Wolf,2021-2022,Midfielder,0.9999,Nicolás Capaldo,2025-2026,Unknown,0.9999,Daley Blind,2025-2026,Unknown,0.9999
Jaroslav Zelený,2025-2026,0,Defender,Chilwell,2021-2022,Defender,1.0,Mohamed Ali Camara,2025-2026,Defender,1.0,Greg Taylor,2025-2026,Defender,1.0,Palmer,2021-2022,Midfielder,1.0,Dan Ndoye,2025-2026,Other,1.0
Banhie Zoukrou,2025-2026,0,Other,Rensch,2021-2022,Defender,1.0,Robin Le Normand,2025-2026,Unknown,0.9998,Ranocchia,2021-2022,Defender,0.9997,Cristhian Stuani,2025-2026,Other,0.9995,Phillips,2021-2022,Defender,0.9994
Niklas Süle,2025-2026,0,Unknown,Krunić,2021-2022,Midfielder,1.0,Charles De Ketelaere,2025-2026,Unknown,1.0,Andrea Cambiaso,2025-2026,Other,0.9999,Ibrahimović,2021-2022,Forward,0.9999,Kasper Schmeichel,2025-2026,Unknown,0.9999
Mohamed Ali Camara,2025-2026,0,Defender,Dan Ndoye,2025-2026,Other,1.0,Jaroslav Zelený,2025-2026,Defender,1.0,Chilwell,2021-2022,Defender,1.0,Moi Gómez,2021-2022,Midfielder,1.0,Ousmane Diomande,2025-2026,Unknown,1.0
David von Ballmoos,2025-2026,0,Goalkeeper,Nikola Milenkovi?,2021-2022,Other,1.0,Sergio Escudero,2021-2022,Unknown,1.0,Sergi Darder,2021-2022,Other,1.0,Franck Honorat,2021-2022,Other,1.0,Tolgay Arslan,2021-2022,Unknown,1.0
Marvin Keller,2025-2026,0,Unknown,Mattia Zaccagni,2021-2022,Unknown,1.0,Gianluigi Donnarumma,2025-2026,Unknown,0.9998,Casteels,2021-2022,Goalkeeper,0.9996,Szczęsny,2021-2022,Goalkeeper,0.9996,Kieran Trippier,2021-2022,Unknown,0.9996
Radosław Majecki,2025-2026,0,Goalkeeper,Xaver Schlager,2021-2022,Unknown,1.0,Ozan Kabak,2021-2022,Unknown,1.0,Ethan Ampadu,2021-2022,Unknown,1.0,Domenico Berardi,2021-2022,Other,1.0,Alexis Saelemaekers,2021-2022,Unknown,1.0
Alisson Becker,2025-2026,0,Unknown,Omri Glazer,2025-2026,Unknown,1.0,N'Koudou,2021-2022,Midfielder,1.0,Robert Lewandowski,2021-2022,Unknown,1.0,Thomas Meunier,2021-2022,Unknown,0.9999,Castello Lukeba,2021-2022,Unknown,0.9999
Caoimhín Kelleher,2025-2026,0,Other,David Nemeth,2021-2022,Other,1.0,John Ruddy,2021-2022,Other,1.0,Xavier Chavalerin,2021-2022,Other,1.0,Jamie Shackleton,2021-2022,Other,1.0,Iglesias,2021-2022,Other,1.0
Stefan Ortega,2025-2026,0,Unknown,Martín Montoya,2021-2022,Unknown,1.0,Oleksandr Zinchenko,2021-2022,Unknown,1.0,Jan Oblak,2025-2026,Unknown,0.9999,Kjell Scherpen,2025-2026,Goalkeeper,0.9999,Pyatov,2021-2022,Goalkeeper,0.9998
Philipp Köhn,2025-2026,0,Unknown,Jamie Vardy,2021-2022,Unknown,1.0,John McGinn,2021-2022,Unknown,1.0,Alexis Mac Allister,2021-2022,Unknown,1.0,Alberto Moreno,2021-2022,Unknown,1.0,Javi Galán,2021-2022,Unknown,1.0
Andriy Lunin,2025-2026,0,Unknown,Matteo Guendouzi,2021-2022,Unknown,1.0,Matthias Ginter,2021-2022,Unknown,1.0,Yuri Berchiche,2021-2022,Unknown,1.0,Pierre Kalulu,2021-2022,Unknown,1.0,Alessandro Bastoni,2021-2022,Unknown,1.0
Marko Ilić,2025-2026,0,Other,Julen Lobete,2021-2022,Other,1.0,Saman Ghoddos,2021-2022,Other,1.0,Danilo Barbosa,2021-2022,Other,1.0,Adama Traoré,2021-2022,Other,1.0,Fredrik Jensen,2021-2022,Other,1.0
Thibaut Courtois,2025-2026,0,Unknown,Athanasiadis,2021-2022,Goalkeeper,1.0,L. de Jong,2021-2022,Forward,0.999,Arturo Vidal,2021-2022,Unknown,0.9983,Tătăruşanu,2021-2022,Goalkeeper,0.9977,Ersin Destanoğlu,2021-2022,Goalkeeper,0.9976
Omri Glazer,2025-2026,0,Unknown,Alisson Becker,2025-2026,Unknown,1.0,N'Koudou,2021-2022,Midfielder,1.0,Robert Lewandowski,2021-2022,Unknown,1.0,Thomas Meunier,2021-2022,Unknown,1.0,Castello Lukeba,2021-2022,Unknown,0.9999
Matteo Gabbia,2025-2026,0,Other,Salih Uçan,2021-2022,Midfielder,1.0,Wendell,2021-2022,Unknown,1.0,Riccardo Orsolini,2025-2026,Other,0.9999,Diogo Jota,2025-2026,Unknown,0.9998,Barkley,2021-2022,Midfielder,0.9998
Riccardo Calafiori,2025-2026,0,Other,Fran García,2025-2026,Defender,1.0,Cheikh Niasse,2025-2026,Other,1.0,Hidemasa Morita,2025-2026,Other,0.9999,Stanišić,2021-2022,Defender,0.9999,Cristhian Stuani,2025-2026,Other,0.9999
Mitchel Bakker,2025-2026,0,Unknown,Vormer,2021-2022,Midfielder,1.0,Massadio Haidara,2025-2026,Unknown,1.0,Nikolov,2021-2022,Midfielder,1.0,Slimani,2021-2022,Forward,1.0,Josha Vagnoman,2025-2026,Other,1.0
Niklas Geyrhofer,2025-2026,0,Unknown,Paulo Otávio,2021-2022,Defender,1.0,Frenkie de Jong,2025-2026,Unknown,1.0,Gabriel Jesus,2025-2026,Unknown,1.0,Endrick,2025-2026,Unknown,0.9999,Robert Andrich,2025-2026,Other,0.9999
Osame Sahraoui,2025-2026,0,Unknown,Geovany Quenda,2025-2026,Unknown,1.0,Tiago Tomás,2021-2022,Forward,1.0,Cherif Ndiaye,2025-2026,Other,1.0,Chiquinho,2021-2022,Unknown,1.0,Saúl Ñíguez,2021-2022,Unknown,1.0
Rodrygo,2025-2026,0,Unknown,Kasper Schmeichel,2025-2026,Unknown,1.0,Ibrahimović,2021-2022,Forward,1.0,Marlos,2021-2022,Unknown,1.0,Šeško,2021-2022,Forward,1.0,Charles De Ketelaere,2025-2026,Unknown,1.0
Ayase Ueda,2025-2026,0,Unknown,Alexander Nübel,2025-2026,Unknown,0.9999,Vlachodimos,2021-2022,Goalkeeper,0.9997,Handanovič,2021-2022,Goalkeeper,0.9996,Nuno Santos,2021-2022,Forward,0.9994,Timon Wellenreuther,2025-2026,Unknown,0.9992
Ermedin Demirović,2025-2026,0,Other,Abubakari,2021-2022,Forward,1.0,Alexander Schlager,2025-2026,Goalkeeper,1.0,Maghnes Akliouche,2021-2022,Unknown,1.0,Thijs Dallinga,2025-2026,Other,0.9999,Ibrahim Osman,2025-2026,Unknown,0.9999
Fabián Ruiz,2025-2026,0,Unknown,Wolf,2021-2022,Midfielder,1.0,Daley Blind,2025-2026,Unknown,1.0,Kevin Kampl,2025-2026,Unknown,1.0,Zagadou,2021-2022,Defender,1.0,Andrija Maksimović,2025-2026,Unknown,1.0
Aleksa Terzić,2025-2026,0,Other,Germán Valera,2021-2022,Other,1.0,Mads Bidstrup,2021-2022,Other,1.0,Henrichs,2021-2022,Defender,1.0,Nathan Tella,2025-2026,Other,1.0,Pedro Benito,2021-2022,Other,1.0
Santiago Castro,2025-2026,0,Unknown,Adam Idah,2025-2026,Other,1.0,Chukwueze,2025-2026,Midfielder,0.9999,Arthur Vermeeren,2025-2026,Other,0.9999,Marko Rog,2025-2026,Other,0.9999,Javi Serrano,2025-2026,Midfielder,0.9999
Charalampos Lykogiannis,2025-2026,0,Other,Alejandro Francés,2025-2026,Unknown,1.0,Joey Veerman,2025-2026,Unknown,1.0,Paulo Bernardo,2025-2026,Midfielder,1.0,Nordi Mukiele,2025-2026,Unknown,1.0,Max Johnston,2025-2026,Unknown,1.0
Dálcio Gomes,2025-2026,0,Other,Maceiras,2021-2022,Defender,1.0,Seferović,2021-2022,Forward,1.0,Loris Benito,2025-2026,Other,1.0,Tiago Santos,2025-2026,Other,1.0,Sudakov,2021-2022,Midfielder,0.9999
Cheikh Niasse,2025-2026,0,Other,Fran García,2025-2026,Defender,1.0,Hidemasa Morita,2025-2026,Other,1.0,Cristhian Stuani,2025-2026,Other,1.0,Riccardo Calafiori,2025-2026,Other,1.0,Robin Le Normand,2025-2026,Unknown,0.9999
Ibrahim Osman,2025-2026,0,Unknown,Maghnes Akliouche,2021-2022,Unknown,1.0,Abubakari,2021-2022,Forward,1.0,Ermedin Demirović,2025-2026,Other,0.9999,Gomez,2025-2026,Defender,0.9999,Alexander Schlager,2025-2026,Goalkeeper,0.9998
Chris Führich,2025-2026,0,Other,Soma Novothny,2021-2022,Other,1.0,Tim Lemperle,2021-2022,Other,1.0,Izquierdo,2021-2022,Forward,1.0,Gökhan Töre,2021-2022,Midfielder,1.0,Arbër Hoxha,2025-2026,Other,1.0
Matteo Darmian,2025-2026,0,Unknown,Jeff Hendrick,2021-2022,Other,1.0,Bruno,2021-2022,Unknown,1.0,Alcácer,2021-2022,Forward,1.0,Piotr Zielinski,2025-2026,Unknown,0.9999,Kryvtsov,2021-2022,Defender,0.9999
Romain Del Castillo,2025-2026,0,Other,Amady Camara,2025-2026,Unknown,1.0,Chemsdine Talbi,2025-2026,Unknown,1.0,Iqbal,2021-2022,Midfielder,1.0,Gil Dias,2021-2022,Midfielder,1.0,Bradley,2021-2022,Midfielder,1.0
Tomáš Wiesner,2025-2026,0,Defender,Jordan Lotomba,2025-2026,Other,1.0,Andreas Skov Olsen,2025-2026,Other,1.0,Pablo Barrios,2025-2026,Unknown,1.0,Mario Gaspar,2021-2022,Defender,0.9999,Zachary Athekame,2025-2026,Unknown,0.9999
Arijan Ademi,2025-2026,0,Midfielder,Vladimír Weiss,2025-2026,Forward,1.0,Nicolò Zaniolo,2025-2026,Unknown,1.0,T. Hazard,2021-2022,Midfielder,1.0,Rúben Dias,2025-2026,Unknown,1.0,Rémy Cabella,2025-2026,Unknown,0.9999
Alex Valle,2025-2026,0,Other,Tijani,2021-2022,Midfielder,1.0,Ronaël Pierre-Gabriel,2025-2026,Other,0.9999,Mechele,2021-2022,Defender,0.9999,Christian Mawissa,2025-2026,Unknown,0.9999,Anthony Ujah,2021-2022,Other,0.9999
Juan Cabal,2025-2026,0,Unknown,Angelo Preciado,2025-2026,Other,1.0,Clément Lenglet,2025-2026,Unknown,1.0,Eliesse Ben Seghir,2025-2026,Unknown,0.9999,Sebastiaan Bornauw,2021-2022,Other,0.9999,Dario Špikić,2025-2026,Other,0.9999
Thomas Meunier,2025-2026,0,Unknown,Giovanni Fabbian,2025-2026,Other,1.0,Ricca,2021-2022,Defender,0.9999,Robert Andrich,2025-2026,Other,0.9999,Paulo Otávio,2021-2022,Defender,0.9996,Niklas Geyrhofer,2025-2026,Unknown,0.9996
Waldemar Anton,2025-2026,0,Unknown,Bondar,2021-2022,Defender,1.0,Novoa,2021-2022,Midfielder,1.0,Daniel Bragança,2021-2022,Midfielder,1.0,Matěj Ryneš,2025-2026,Midfielder,1.0,Geny Catamo,2025-2026,Other,1.0
Marko Pjaca,2025-2026,0,Other,Martinelli,2025-2026,Other,1.0,Bafodé Diakité,2025-2026,Unknown,1.0,Samy Mmaee,2025-2026,Defender,1.0,André Almeida,2021-2022,Unknown,1.0,Koopmeiners,2021-2022,Midfielder,0.9999
Hugo Vetlesen,2025-2026,0,Unknown,James Mcatee,2025-2026,Other,0.9999,Ballo,2021-2022,Defender,0.9999,Matheus Cunha,2021-2022,Forward,0.9999,Olmo,2021-2022,Forward,0.9999,Richard Ledezma,2025-2026,Unknown,0.9999
Samuel Lino,2025-2026,0,Unknown,Lewicki,2021-2022,Midfielder,1.0,Pongračić,2021-2022,Defender,1.0,Amine Adli,2025-2026,Unknown,1.0,Jones,2025-2026,Midfielder,1.0,Andrija Maksimović,2025-2026,Unknown,1.0
Łukasz Łakomy,2025-2026,0,Unknown,Bryan Gil,2025-2026,Forward,1.0,Lefort,2021-2022,Defender,1.0,Bobby Clark,2025-2026,Other,1.0,Ansu Fati,2021-2022,Other,1.0,Edoardo Bove,2021-2022,Other,1.0
Tomi Horvat,2025-2026,0,Other,John Mellberg,2025-2026,Other,1.0,Zeki Amdouni,2025-2026,Other,1.0,Davide Calabria,2025-2026,Unknown,1.0,Daniel Wass,2021-2022,Unknown,1.0,Kuznetsov,2021-2022,Forward,1.0
El Bilal Touré,2025-2026,0,Other,Verbič,2021-2022,Midfielder,1.0,Chris-Kévin Nadje,2025-2026,Unknown,1.0,Mostovoy,2021-2022,Midfielder,1.0,Selvi Clua,2025-2026,Unknown,1.0,Kamory Doumbia,2025-2026,Other,1.0
Kacper Urbanski,2025-2026,0,Other,Iván Romero,2021-2022,Forward,1.0,Konstantin Schopp,2025-2026,Unknown,1.0,Jonas Rouhi,2025-2026,Unknown,1.0,Giuliano Simeone,2025-2026,Unknown,1.0,Jon Gorenc Stanković,2025-2026,Other,1.0
Vladimír Weiss,2025-2026,0,Forward,Arijan Ademi,2025-2026,Midfielder,1.0,T. Hazard,2021-2022,Midfielder,1.0,Nicolò Zaniolo,2025-2026,Unknown,1.0,Rúben Dias,2025-2026,Unknown,0.9999,Rémy Cabella,2025-2026,Unknown,0.9999
Arthur Vermeeren,2025-2026,0,Other,Marko Rog,2025-2026,Other,1.0,Chukwueze,2025-2026,Midfielder,1.0,Javi Serrano,2025-2026,Midfielder,1.0,Cavani,2021-2022,Forward,1.0,Santiago Castro,2025-2026,Unknown,0.9999
Nicolò Savona,2025-2026,0,Unknown,Kingsley Coman,2025-2026,Unknown,1.0,Juan Miranda,2025-2026,Other,1.0,Hendry Blank,2025-2026,Unknown,0.9999,Mathias Pereira Lage,2025-2026,Unknown,0.9999,Reinier,2021-2022,Forward,0.9998
Anrie Chase,2025-2026,0,Other,Julian Baumgartlinger,2021-2022,Unknown,1.0,Krépin Diatta,2025-2026,Unknown,1.0,Julien,2021-2022,Defender,1.0,Couhaib Driouech,2025-2026,Unknown,1.0,Bradarić,2021-2022,Defender,1.0
Alexander Sørloth,2025-2026,0,Other,Bart Nieuwkoop,2025-2026,Defender,1.0,Dorgeles Nene,2025-2026,Other,1.0,Mama Baldé,2025-2026,Unknown,0.9999,Draxler,2021-2022,Forward,0.9998,Yunus Musah,2025-2026,Unknown,0.9998
Javier Galán,2025-2026,0,Other,Thijs Dallinga,2025-2026,Other,1.0,Alexander Schlager,2025-2026,Goalkeeper,1.0,Jofre,2021-2022,Other,1.0,Josip Brekalo,2021-2022,Other,1.0,Ermedin Demirović,2025-2026,Other,0.9999
Rúben Dias,2025-2026,0,Unknown,Rémy Cabella,2025-2026,Unknown,1.0,Yukhym Konoplia,2025-2026,Other,1.0,Nicolò Zaniolo,2025-2026,Unknown,1.0,Reinier,2021-2022,Forward,1.0,Mathias Pereira Lage,2025-2026,Unknown,1.0
Alan Virginius,2025-2026,0,Other,Kanga,2021-2022,Forward,1.0,Ander Capa,2021-2022,Other,1.0,Sven Ulreich,2025-2026,Unknown,1.0,Brian Brobbey,2021-2022,Other,1.0,Yan Brice Eteki,2021-2022,Other,1.0
Maximilian Beier,2025-2026,0,Unknown,Rodri,2025-2026,Unknown,1.0,Tochi Chukwuani,2025-2026,Other,1.0,Nathan Aké,2025-2026,Unknown,1.0,Nicolás Capaldo,2025-2026,Unknown,1.0,Kevin,2025-2026,Unknown,1.0
Kevin,2025-2026,0,Unknown,Nicolás Capaldo,2025-2026,Unknown,1.0,Tochi Chukwuani,2025-2026,Other,1.0,Maximilian Beier,2025-2026,Unknown,1.0,Rodri,2025-2026,Unknown,1.0,David Raum,2025-2026,Unknown,0.9999
Nicolas Seiwald,2025-2026,0,Unknown,Randal Kolo Muani,2025-2026,Unknown,1.0,Mata,2021-2022,Midfielder,0.9999,Guélor Kanga,2025-2026,Midfielder,0.9999,Kenedy,2021-2022,Unknown,0.9999,Coke,2021-2022,Other,0.9999
Stefan Bajcetic,2025-2026,0,Unknown,Aurier,2021-2022,Defender,1.0,Sarr,2021-2022,Defender,1.0,Jaouen Hadjam,2025-2026,Other,0.9999,Mikel Merino,2025-2026,Unknown,0.9999,Zachary Athekame,2025-2026,Unknown,0.9999
Asensio,2025-2026,0,Forward,Fabian Rieder,2025-2026,Midfielder,1.0,Lucas Gourna-Douath,2025-2026,Other,1.0,Sharani Zuberu,2025-2026,Unknown,1.0,Davide Frattesi,2025-2026,Unknown,1.0,Danylo Sikan,2025-2026,Forward,1.0
Mama Baldé,2025-2026,0,Unknown,Draxler,2021-2022,Forward,1.0,Dorgeles Nene,2025-2026,Other,1.0,Alexander Sørloth,2025-2026,Other,0.9999,Bart Nieuwkoop,2025-2026,Defender,0.9999,Joel Monteiro,2025-2026,Other,0.9999
Marko Arnautović,2025-2026,0,Forward,Carlos Augusto,2025-2026,Unknown,0.9999,Kyogo Furuhashi,2025-2026,Other,0.9999,Nicolás González,2025-2026,Unknown,0.9999,Munir,2021-2022,Forward,0.9998,Evanilson,2021-2022,Unknown,0.9996
Lazar Samardzic,2025-2026,0,Other,Al. Miranchuk,2021-2022,Forward,1.0,Conrad Harder,2025-2026,Unknown,1.0,Simone Pafundi,2021-2022,Other,1.0,Eric García,2025-2026,Unknown,1.0,Anthony Ralston,2025-2026,Defender,0.9999
Kamory Doumbia,2025-2026,0,Other,Kehrer,2021-2022,Defender,1.0,Selvi Clua,2025-2026,Unknown,1.0,Verbič,2021-2022,Midfielder,1.0,El Bilal Touré,2025-2026,Other,1.0,Moriba,2021-2022,Midfielder,0.9999
Robert Andrich,2025-2026,0,Other,Paulo Otávio,2021-2022,Defender,0.9999,Niklas Geyrhofer,2025-2026,Unknown,0.9999,Giovanni Fabbian,2025-2026,Other,0.9999,Thomas Meunier,2025-2026,Unknown,0.9999,Frenkie de Jong,2025-2026,Unknown,0.9998
Marcos Llorente,2025-2026,0,Unknown,Geny Catamo,2025-2026,Other,1.0,Matěj Ryneš,2025-2026,Midfielder,1.0,Aïssa Mandi,2025-2026,Other,1.0,Novoa,2021-2022,Midfielder,1.0,Waldemar Anton,2025-2026,Unknown,1.0
Ngal'ayel Mukau,2025-2026,0,Unknown,Kenedy,2021-2022,Unknown,1.0,Richards,2021-2022,Defender,1.0,Nicolas Seiwald,2025-2026,Unknown,0.9999,Diogo Jota,2025-2026,Unknown,0.9998,Randal Kolo Muani,2025-2026,Unknown,0.9998
Loris Benito,2025-2026,0,Other,Maceiras,2021-2022,Defender,1.0,Sudakov,2021-2022,Midfielder,1.0,Dálcio Gomes,2025-2026,Other,1.0,Timothy Weah,2025-2026,Unknown,1.0,Lázaro,2021-2022,Midfielder,1.0
Danylo Sikan,2025-2026,0,Forward,Jan-Niklas Beste,2025-2026,Other,1.0,Jeremy Doku,2025-2026,Other,1.0,Davide Frattesi,2025-2026,Unknown,1.0,Lucas Gourna-Douath,2025-2026,Other,1.0,Fabian Rieder,2025-2026,Midfielder,1.0
Oriol Romeu,2025-2026,0,Other,Francesco Acerbi,2025-2026,Unknown,1.0,Mads Bidstrup,2025-2026,Other,1.0,Rick Karsdorp,2025-2026,Unknown,0.9999,Bremer,2025-2026,Other,0.9999,Iván Martín,2025-2026,Other,0.9999
Mattia Perin,2025-2026,0,Other,André Silva,2025-2026,Unknown,1.0,Lovro Zvonarek,2025-2026,Other,1.0,Korniienko,2021-2022,Defender,1.0,Rhodri Smith,2025-2026,Unknown,1.0,Vasilije Adžić,2025-2026,Other,1.0
Mads Bidstrup,2025-2026,0,Other,Francesco Acerbi,2025-2026,Unknown,1.0,Oriol Romeu,2025-2026,Other,1.0,Rick Karsdorp,2025-2026,Unknown,1.0,Iván Martín,2025-2026,Other,1.0,Albion Rrahmani,2025-2026,Other,0.9999
Samuel Iling-Junior,2025-2026,0,Other,Gijs Smal,2025-2026,Unknown,1.0,Waniss Taibi,2021-2022,Other,1.0,Alen Mustafić,2025-2026,Other,1.0,Florenzi,2021-2022,Defender,1.0,Tariqe Fosu,2021-2022,Other,1.0
Amine Adli,2025-2026,0,Unknown,Andrija Maksimović,2025-2026,Unknown,1.0,Zagadou,2021-2022,Defender,1.0,Samuel Lino,2025-2026,Unknown,1.0,Kevin Kampl,2025-2026,Unknown,1.0,Lewicki,2021-2022,Midfielder,1.0
Adam Idah,2025-2026,0,Other,Shepeliev,2021-2022,Midfielder,1.0,Santiago Castro,2025-2026,Unknown,1.0,Chukwueze,2025-2026,Midfielder,0.9998,Arthur Vermeeren,2025-2026,Other,0.9998,Marko Rog,2025-2026,Other,0.9997
Matias Fernandez-Pardo,2025-2026,0,Unknown,Soungoutou Magassa,2025-2026,Other,1.0,Vallejo,2021-2022,Defender,1.0,Gregory Wüthrich,2025-2026,Defender,1.0,De Winter,2021-2022,Defender,1.0,Luka Stojković,2025-2026,Unknown,1.0
Viktor Tsygankov,2025-2026,0,Forward,Hugo Bueno,2025-2026,Unknown,1.0,E. Hazard,2021-2022,Forward,1.0,Timi Elšnik,2025-2026,Other,1.0,Lukáš Haraslín,2025-2026,Other,1.0,António Silva,2025-2026,Unknown,1.0
Sharani Zuberu,2025-2026,0,Unknown,Bruno Duarte,2025-2026,Forward,1.0,Julien Le Cardinal,2025-2026,Unknown,1.0,Asensio,2025-2026,Forward,1.0,Fabian Rieder,2025-2026,Midfielder,1.0,Benjamin Mendy,2021-2022,Unknown,1.0
Mikel Merino,2025-2026,0,Unknown,Aurier,2021-2022,Defender,1.0,Jonas Hofmann,2025-2026,Unknown,1.0,Van Der Brempt,2021-2022,Defender,1.0,Stefan Bajcetic,2025-2026,Unknown,0.9999,Sarr,2021-2022,Defender,0.9997
Tiago Santos,2025-2026,0,Other,Seferović,2021-2022,Forward,1.0,Colin Dagba,2021-2022,Unknown,1.0,Dálcio Gomes,2025-2026,Other,1.0,Maceiras,2021-2022,Defender,1.0,Ilaix Moriba,2021-2022,Other,0.9999
Francesco Acerbi,2025-2026,0,Unknown,Oriol Romeu,2025-2026,Other,1.0,Mads Bidstrup,2025-2026,Other,1.0,Rick Karsdorp,2025-2026,Unknown,1.0,Iván Martín,2025-2026,Other,0.9999,Bremer,2025-2026,Other,0.9999
Lovro Zvonarek,2025-2026,0,Other,Korniienko,2021-2022,Defender,1.0,Rhodri Smith,2025-2026,Unknown,1.0,Vasilije Adžić,2025-2026,Other,1.0,Mattia Perin,2025-2026,Other,1.0,André Silva,2025-2026,Unknown,1.0
Jeremy Doku,2025-2026,0,Other,Jan-Niklas Beste,2025-2026,Other,1.0,Danylo Sikan,2025-2026,Forward,1.0,Davide Frattesi,2025-2026,Unknown,1.0,Lucas Gourna-Douath,2025-2026,Other,1.0,Fabian Rieder,2025-2026,Midfielder,1.0
Frenkie de Jong,2025-2026,0,Unknown,Gabriel Jesus,2025-2026,Unknown,1.0,Endrick,2025-2026,Unknown,1.0,Niklas Geyrhofer,2025-2026,Unknown,1.0,Paulo Otávio,2021-2022,Defender,1.0,Robert Andrich,2025-2026,Other,0.9998
Nino Marcelli,2025-2026,0,Unknown,Róbert Mak,2025-2026,Forward,1.0,Jakub Kiwior,2025-2026,Unknown,1.0,Meite,2021-2022,Midfielder,1.0,Christos Kourfalidis,2021-2022,Other,1.0,Kyle Walker,2025-2026,Unknown,1.0
Jonas Hofmann,2025-2026,0,Unknown,Van Der Brempt,2021-2022,Defender,1.0,Mikel Merino,2025-2026,Unknown,1.0,Aurier,2021-2022,Defender,0.9999,Stefan Bajcetic,2025-2026,Unknown,0.9998,Endrick,2025-2026,Unknown,0.9998
Marcus Thuram,2025-2026,0,Unknown,Lingard,2021-2022,Midfielder,1.0,Kyriakos Savvidis,2025-2026,Other,1.0,Onana,2021-2022,Midfielder,0.9999,Konrad Laimer,2025-2026,Unknown,0.9999,Raúl Torrente,2025-2026,Other,0.9999
Rémy Cabella,2025-2026,0,Unknown,Yukhym Konoplia,2025-2026,Other,1.0,Rúben Dias,2025-2026,Unknown,1.0,Reinier,2021-2022,Forward,1.0,Nicolò Zaniolo,2025-2026,Unknown,1.0,Mathias Pereira Lage,2025-2026,Unknown,1.0
Matteo Ruggeri,2025-2026,0,Other,CJ Egan-Riley,2021-2022,Unknown,1.0,Arda Güler,2025-2026,Other,1.0,Ebrima Darboe,2021-2022,Other,1.0,Min-su Kim,2025-2026,Unknown,1.0,Raba,2021-2022,Midfielder,1.0
Kevin Kampl,2025-2026,0,Unknown,Daley Blind,2025-2026,Unknown,1.0,Zagadou,2021-2022,Defender,1.0,Andrija Maksimović,2025-2026,Unknown,1.0,Wolf,2021-2022,Midfielder,1.0,Fabián Ruiz,2025-2026,Unknown,1.0
El Chadaille Bitshiabu,2025-2026,0,Other,Raba,2021-2022,Midfielder,1.0,Ebrima Darboe,2021-2022,Other,1.0,Arda Güler,2025-2026,Other,1.0,CJ Egan-Riley,2021-2022,Unknown,1.0,Matteo Ruggeri,2025-2026,Other,1.0
Richard Ledezma,2025-2026,0,Unknown,Jack Grealish,2025-2026,Unknown,1.0,Ballo,2021-2022,Defender,1.0,Eduardo Quaresma,2025-2026,Defender,1.0,Stanišić,2021-2022,Defender,1.0,Hugo Vetlesen,2025-2026,Unknown,0.9999
Mateo Kovacic,2025-2026,0,Unknown,Barkley,2021-2022,Midfielder,1.0,Riccardo Orsolini,2025-2026,Other,1.0,Christoph Baumgartner,2025-2026,Other,0.9999,Salih Uçan,2021-2022,Midfielder,0.9999,Gerard Martín,2025-2026,Unknown,0.9998
Renato Sanches,2025-2026,0,Unknown,Issa Kaboré,2025-2026,Other,1.0,Milan Rodić,2025-2026,Defender,1.0,Meschack Elia,2025-2026,Forward,1.0,Moussa Yeo,2025-2026,Unknown,1.0,Eric Dier,2025-2026,Unknown,1.0
Soungoutou Magassa,2025-2026,0,Other,Matias Fernandez-Pardo,2025-2026,Unknown,1.0,Luka Stojković,2025-2026,Unknown,1.0,Vallejo,2021-2022,Defender,1.0,Gregory Wüthrich,2025-2026,Defender,1.0,De Winter,2021-2022,Defender,1.0
Yunus Musah,2025-2026,0,Unknown,Kastriot Imeri,2025-2026,Other,1.0,Gerard Martín,2025-2026,Unknown,1.0,Christoph Baumgartner,2025-2026,Other,0.9999,Bart Nieuwkoop,2025-2026,Defender,0.9998,Alexander Sørloth,2025-2026,Other,0.9998
Paulo Bernardo,2025-2026,0,Midfielder,Joey Veerman,2025-2026,Unknown,1.0,Nordi Mukiele,2025-2026,Unknown,1.0,Olmo,2021-2022,Forward,1.0,Charalampos Lykogiannis,2025-2026,Other,1.0,Matheus Cunha,2021-2022,Forward,1.0
Randal Kolo Muani,2025-2026,0,Unknown,Mata,2021-2022,Midfielder,1.0,Guélor Kanga,2025-2026,Midfielder,1.0,Coke,2021-2022,Other,1.0,Nicolas Seiwald,2025-2026,Unknown,1.0,Jeremy Doku,2025-2026,Other,0.9999
Giuliano Simeone,2025-2026,0,Unknown,Konstantin Schopp,2025-2026,Unknown,1.0,Jonas Rouhi,2025-2026,Unknown,1.0,Jon Gorenc Stanković,2025-2026,Other,1.0,Iván Romero,2021-2022,Forward,1.0,Kacper Urbanski,2025-2026,Other,1.0
Marko Rog,2025-2026,0,Other,Arthur Vermeeren,2025-2026,Other,1.0,Javi Serrano,2025-2026,Midfielder,1.0,Chukwueze,2025-2026,Midfielder,1.0,Cavani,2021-2022,Forward,1.0,Darian Males,2025-2026,Forward,0.9999
Tammy Abraham,2025-2026,0,Unknown,Loum Tchaouna,2021-2022,Other,1.0,Dembélé,2021-2022,Unknown,1.0,Vecino,2021-2022,Midfielder,1.0,Lennart-Marten Czyborra,2021-2022,Other,1.0,Suf Podgoreanu,2021-2022,Other,1.0
Hendry Blank,2025-2026,0,Unknown,Joel Monteiro,2025-2026,Other,1.0,Nicolò Savona,2025-2026,Unknown,0.9999,Kingsley Coman,2025-2026,Unknown,0.9999,Draxler,2021-2022,Forward,0.9999,Juan Miranda,2025-2026,Other,0.9998
Désiré Doué,2025-2026,0,Unknown,Ibrahim Salah,2025-2026,Other,1.0,Folarin Balogun,2025-2026,Other,1.0,Supryaha,2021-2022,Forward,1.0,Mbamba-Muanda,2021-2022,Defender,0.9999,Charles Boli,2021-2022,Other,0.9999
Zeki Amdouni,2025-2026,0,Other,Tomi Horvat,2025-2026,Other,1.0,John Mellberg,2025-2026,Other,1.0,Kuznetsov,2021-2022,Forward,1.0,Ricardo Esgaio,2025-2026,Unknown,1.0,Davide Calabria,2025-2026,Unknown,1.0
Jack Grealish,2025-2026,0,Unknown,Eduardo Quaresma,2025-2026,Defender,1.0,Richard Ledezma,2025-2026,Unknown,1.0,Ballo,2021-2022,Defender,1.0,Stanišić,2021-2022,Defender,1.0,Hugo Vetlesen,2025-2026,Unknown,0.9999
Patrik Schick,2025-2026,0,Unknown,Mamadou Camara,2021-2022,Other,1.0,Hannibal Mejbri,2021-2022,Other,1.0,Zhegrova,2021-2022,Midfielder,1.0,Anderson Lima,2021-2022,Other,1.0,Chiellini,2021-2022,Defender,1.0
Gerard Martín,2025-2026,0,Unknown,Christoph Baumgartner,2025-2026,Other,1.0,Kastriot Imeri,2025-2026,Other,1.0,Yunus Musah,2025-2026,Unknown,1.0,Mateo Kovacic,2025-2026,Unknown,0.9998,Barkley,2021-2022,Midfielder,0.9998
Ferran Torres,2025-2026,0,Unknown,Gonzalo Montiel,2021-2022,Other,1.0,Nicolò Fagioli,2025-2026,Other,1.0,Josha Vagnoman,2025-2026,Other,1.0,Slimani,2021-2022,Forward,1.0,Tagliafico,2021-2022,Defender,1.0
Darian Males,2025-2026,0,Forward,Cavani,2021-2022,Forward,1.0,Javi Serrano,2025-2026,Midfielder,0.9999,Marko Rog,2025-2026,Other,0.9999,Arthur Vermeeren,2025-2026,Other,0.9999,Chukwueze,2025-2026,Midfielder,0.9999
Bruno Duarte,2025-2026,0,Forward,Julien Le Cardinal,2025-2026,Unknown,1.0,Sharani Zuberu,2025-2026,Unknown,1.0,Benjamin Mendy,2021-2022,Unknown,1.0,Mostovoy,2021-2022,Midfielder,1.0,Chris-Kévin Nadje,2025-2026,Unknown,1.0
Angel Gomes,2025-2026,0,Other,Marlon Gomes,2025-2026,Unknown,1.0,Ilaix Moriba,2021-2022,Other,1.0,Colin Dagba,2021-2022,Unknown,0.9998,Edouard Michut,2021-2022,Other,0.9998,Yusuf Yazıcı,2021-2022,Midfielder,0.9998
Issa Kaboré,2025-2026,0,Other,Renato Sanches,2025-2026,Unknown,1.0,Milan Rodić,2025-2026,Defender,1.0,Meschack Elia,2025-2026,Forward,1.0,Moussa Yeo,2025-2026,Unknown,1.0,Eric Dier,2025-2026,Unknown,1.0
Martin Terrier,2025-2026,0,Unknown,Connor Noß,2021-2022,Other,1.0,Daniel Ginczek,2021-2022,Other,1.0,Mikael,2021-2022,Other,1.0,Lenny Joseph,2021-2022,Other,1.0,Nicolas Jackson,2021-2022,Other,1.0
Andy Robertson,2025-2026,0,Other,Ceballos,2021-2022,Midfielder,1.0,Hyunjun,2025-2026,Unknown,1.0,Javier Serrano,2021-2022,Other,1.0,Tyler Morton,2021-2022,Other,1.0,Jon Gorenc Stanković,2025-2026,Other,0.9999
Malick Thiaw,2025-2026,0,Unknown,Birmančević,2021-2022,Midfielder,1.0,Takumi Minamino,2021-2022,Unknown,1.0,Solomon,2021-2022,Midfielder,1.0,Xavi Simons,2025-2026,Unknown,1.0,Yakhshiboev,2021-2022,Forward,0.9999
Luka Ivanusec,2025-2026,0,Unknown,Denso Kasius,2021-2022,Other,1.0,Francesco Magnanelli,2021-2022,Other,1.0,Philipp Tschauner,2021-2022,Other,1.0,Koba Koindredi,2021-2022,Other,1.0,Crysencio Summerville,2021-2022,Other,1.0
Diogo Jota,2025-2026,0,Unknown,Wendell,2021-2022,Unknown,0.9999,Richards,2021-2022,Defender,0.9998,Matteo Gabbia,2025-2026,Other,0.9998,Ngal'ayel Mukau,2025-2026,Unknown,0.9998,Kenedy,2021-2022,Unknown,0.9998
Rick Karsdorp,2025-2026,0,Unknown,Iván Martín,2025-2026,Other,1.0,Mads Bidstrup,2025-2026,Other,1.0,Albion Rrahmani,2025-2026,Other,1.0,Francesco Acerbi,2025-2026,Unknown,1.0,Tom Rothe,2021-2022,Other,1.0
Bremer,2025-2026,0,Other,Andriyevskiy,2021-2022,Midfielder,1.0,Clément Grenier,2021-2022,Other,0.9999,Oriol Romeu,2025-2026,Other,0.9999,Francesco Acerbi,2025-2026,Unknown,0.9999,Mads Bidstrup,2025-2026,Other,0.9999
Jones,2025-2026,0,Midfielder,Pongračić,2021-2022,Defender,1.0,Sabitzer,2021-2022,Midfielder,1.0,Lewicki,2021-2022,Midfielder,1.0,Samuel Lino,2025-2026,Unknown,1.0,Edoardo Bove,2021-2022,Other,1.0
Kingsley Coman,2025-2026,0,Unknown,Juan Miranda,2025-2026,Other,1.0,Nicolò Savona,2025-2026,Unknown,1.0,Mathias Pereira Lage,2025-2026,Unknown,0.9999,Reinier,2021-2022,Forward,0.9999,Hendry Blank,2025-2026,Unknown,0.9999
Dario Špikić,2025-2026,0,Other,Donny van de Beek,2021-2022,Unknown,1.0,Clément Lenglet,2025-2026,Unknown,1.0,Ayyoub Bouaddi,2025-2026,Unknown,0.9999,Angelo Preciado,2025-2026,Other,0.9999,Nathan Aké,2025-2026,Unknown,0.9999
Rodrigo Riquelme,2025-2026,0,Other,Suf Podgoreanu,2021-2022,Other,1.0,Lennart-Marten Czyborra,2021-2022,Other,1.0,Tammy Abraham,2025-2026,Unknown,1.0,Loum Tchaouna,2021-2022,Other,1.0,Pablo Torre,2025-2026,Other,1.0
Alejandro Francés,2025-2026,0,Unknown,Charalampos Lykogiannis,2025-2026,Other,1.0,Max Johnston,2025-2026,Unknown,1.0,Joey Veerman,2025-2026,Unknown,1.0,Paulo Bernardo,2025-2026,Midfielder,1.0,Moriba,2021-2022,Midfielder,0.9999
Jan-Niklas Beste,2025-2026,0,Other,Jeremy Doku,2025-2026,Other,1.0,Danylo Sikan,2025-2026,Forward,1.0,Davide Frattesi,2025-2026,Unknown,1.0,Lucas Gourna-Douath,2025-2026,Other,1.0,Fabian Rieder,2025-2026,Midfielder,1.0
Strahinja Pavlovic,2025-2026,0,Unknown,Maier,2021-2022,Midfielder,1.0,Kyle Walker,2025-2026,Unknown,1.0,Eric García,2025-2026,Unknown,1.0,Simone Pafundi,2021-2022,Other,1.0,Meite,2021-2022,Midfielder,1.0
Anis Hadj Moussa,2025-2026,0,Unknown,Kyriani Sabbe,2025-2026,Unknown,1.0,Bernardo Silva,2025-2026,Unknown,1.0,Ferland Mendy,2025-2026,Unknown,1.0,Kenny Lala,2025-2026,Other,1.0,Kryvtsov,2021-2022,Defender,0.9999
George Ilenikhena,2025-2026,0,Other,Phillips,2021-2022,Defender,1.0,Marc Roca,2021-2022,Defender,1.0,Bakayoko,2021-2022,Defender,0.9999,Erokhin,2021-2022,Midfielder,0.9999,Ranocchia,2021-2022,Defender,0.9999
Milan Rodić,2025-2026,0,Defender,Renato Sanches,2025-2026,Unknown,1.0,Issa Kaboré,2025-2026,Other,1.0,Meschack Elia,2025-2026,Forward,1.0,Moussa Yeo,2025-2026,Unknown,1.0,Eric Dier,2025-2026,Unknown,1.0
Pablo Barrios,2025-2026,0,Unknown,Sebastiaan Bornauw,2021-2022,Other,1.0,Eliesse Ben Seghir,2025-2026,Unknown,1.0,Tomáš Wiesner,2025-2026,Defender,1.0,Jordan Lotomba,2025-2026,Other,0.9999,Andreas Skov Olsen,2025-2026,Other,0.9999
Maurits Kjærgaard,2025-2026,0,Other,Aimar Sher,2021-2022,Other,1.0,Tyler Onyango,2021-2022,Other,1.0,McAtee,2021-2022,Midfielder,1.0,Nikola Vuk?evi?,2021-2022,Other,1.0,Jeremy Sarmiento,2021-2022,Other,1.0
Rodri,2025-2026,0,Unknown,Maximilian Beier,2025-2026,Unknown,1.0,Tochi Chukwuani,2025-2026,Other,1.0,Nathan Aké,2025-2026,Unknown,1.0,Nicolás Capaldo,2025-2026,Unknown,1.0,Kevin,2025-2026,Unknown,1.0
Jon Gorenc Stanković,2025-2026,0,Other,Giuliano Simeone,2025-2026,Unknown,1.0,Jonas Rouhi,2025-2026,Unknown,1.0,Konstantin Schopp,2025-2026,Unknown,1.0,Iván Romero,2021-2022,Forward,1.0,Javier Serrano,2021-2022,Other,1.0
Mirko Ivanić,2025-2026,0,Midfielder,De Pena,2021-2022,Midfielder,1.0,Sobol,2021-2022,Defender,1.0,Dia,2021-2022,Forward,1.0,Calabria,2021-2022,Defender,0.9999,Victor Boniface,2025-2026,Unknown,0.9999
Elias Cobbaut,2025-2026,0,Defender,Viktor Tsygankov,2025-2026,Forward,1.0,Timi Elšnik,2025-2026,Other,1.0,Hugo Bueno,2025-2026,Unknown,1.0,Óliver Torres,2021-2022,Unknown,1.0,Saúl Ñíguez,2021-2022,Unknown,1.0
Clément Lenglet,2025-2026,0,Unknown,Angelo Preciado,2025-2026,Other,1.0,Juan Cabal,2025-2026,Unknown,1.0,Dario Špikić,2025-2026,Other,1.0,Donny van de Beek,2021-2022,Unknown,0.9999,Eliesse Ben Seghir,2025-2026,Unknown,0.9998
Siemen Voet,2025-2026,0,Other,Lewis Brunt,2021-2022,Other,1.0,Radeljić,2021-2022,Defender,1.0,Hugo Álvarez,2021-2022,Other,1.0,Adam Daghim,2025-2026,Other,1.0,Eljif Elmas,2025-2026,Unknown,1.0
Julien Le Cardinal,2025-2026,0,Unknown,Bruno Duarte,2025-2026,Forward,1.0,Benjamin Mendy,2021-2022,Unknown,1.0,Sharani Zuberu,2025-2026,Unknown,1.0,Mostovoy,2021-2022,Midfielder,1.0,Chris-Kévin Nadje,2025-2026,Unknown,1.0
Samy Mmaee,2025-2026,0,Defender,Bafodé Diakité,2025-2026,Unknown,1.0,Martinelli,2025-2026,Other,1.0,Marko Pjaca,2025-2026,Other,1.0,Koopmeiners,2021-2022,Midfielder,1.0,Tigran Barseghyan,2025-2026,Forward,1.0
Santiago Gimenez,2025-2026,0,Unknown,Tyronne Ebuehi,2021-2022,Other,1.0,Mads Pedersen,2021-2022,Other,1.0,Nahuel Tenaglia,2021-2022,Other,1.0,Pierrick Capelle,2021-2022,Other,1.0,Romain Del Castillo,2021-2022,Other,1.0
Robin Le Normand,2025-2026,0,Unknown,Cristhian Stuani,2025-2026,Other,0.9999,Hidemasa Morita,2025-2026,Other,0.9999,Rensch,2021-2022,Defender,0.9999,Cheikh Niasse,2025-2026,Other,0.9999,Fran García,2025-2026,Defender,0.9999
Daley Blind,2025-2026,0,Unknown,Kevin Kampl,2025-2026,Unknown,1.0,Zagadou,2021-2022,Defender,1.0,Andrija Maksimović,2025-2026,Unknown,1.0,Wolf,2021-2022,Midfielder,1.0,Fabián Ruiz,2025-2026,Unknown,1.0
Jahmai Simpson-Pusey,2025-2026,0,Unknown,Corona,2021-2022,Forward,1.0,Gosens,2021-2022,Midfielder,1.0,Schulz,2021-2022,Defender,1.0,Palmer,2021-2022,Midfielder,1.0,Greg Taylor,2025-2026,Defender,1.0
Asger Sørensen,2025-2026,0,Defender,Hateboer,2021-2022,Defender,1.0,Adán,2021-2022,Goalkeeper,0.9998,Mignolet,2021-2022,Goalkeeper,0.9993,Mignolet,2025-2026,Goalkeeper,0.9988,Gulácsi,2021-2022,Goalkeeper,0.9984
Alexander Meyer,2025-2026,0,Unknown,Seko Fofana,2021-2022,Other,1.0,Adrien Thomasson,2021-2022,Other,1.0,Ansgar Knauff,2021-2022,Unknown,1.0,Miguel Veloso,2021-2022,Unknown,1.0,Lucas Moura,2021-2022,Unknown,1.0
Danijel Zagorac,2025-2026,0,Goalkeeper,Fabiano Parisi,2021-2022,Other,1.0,Dani Gómez,2021-2022,Other,1.0,Lucas Da Cunha,2021-2022,Other,1.0,Ivan Radovanovi?,2021-2022,Other,1.0,Kostas Stafylidis,2021-2022,Other,1.0
Matvei Safonov,2025-2026,0,Goalkeeper,Silvan Hefti,2021-2022,Other,1.0,Sean Longstaff,2021-2022,Other,1.0,Carlos Akapo,2021-2022,Other,1.0,Mamadou Coulibaly,2021-2022,Other,1.0,Vassilis Lambropoulos,2021-2022,Other,1.0
Joël Drommel,2025-2026,0,Unknown,Diego Llorente,2021-2022,Other,1.0,Giovanni Simeone,2021-2022,Other,1.0,Ludovic Blas,2021-2022,Other,1.0,Ryan Bertrand,2021-2022,Unknown,1.0,Álex Moreno,2021-2022,Other,1.0
Matej Kovar,2025-2026,0,Unknown,Gabriel Gudmundsson,2021-2022,Unknown,1.0,Andrés Guardado,2021-2022,Unknown,1.0,Juanmi,2021-2022,Other,1.0,Sèrge Aurier,2021-2022,Unknown,1.0,Marc-André ter Stegen,2021-2022,Unknown,1.0
Marc-André ter Stegen,2025-2026,0,Unknown,Fali,2021-2022,Other,1.0,Paul Bernardoni,2021-2022,Other,1.0,Josip Ili?i?,2021-2022,Other,1.0,Timothee Pembele,2021-2022,Other,1.0,José Ángel,2021-2022,Other,1.0
Marlon Gomes,2025-2026,0,Unknown,Angel Gomes,2025-2026,Other,1.0,Edouard Michut,2021-2022,Other,0.9999,Yusuf Yazıcı,2021-2022,Midfielder,0.9999,Janis Blaswich,2025-2026,Unknown,0.9999,Héctor Fort,2025-2026,Unknown,0.9999
Vanja Drkušić,2025-2026,0,Other,Paulo Gazzaniga,2025-2026,Other,1.0,Rubén Peña,2021-2022,Other,1.0,Bondarenko,2021-2022,Midfielder,1.0,Raheem Sterling,2025-2026,Unknown,1.0,Diego Falcinelli,2021-2022,Other,1.0
Guélor Kanga,2025-2026,0,Midfielder,Coke,2021-2022,Other,1.0,Mata,2021-2022,Midfielder,1.0,Randal Kolo Muani,2025-2026,Unknown,1.0,Jeremy Doku,2025-2026,Other,1.0,Jan-Niklas Beste,2025-2026,Other,1.0
Meschack Elia,2025-2026,0,Forward,Renato Sanches,2025-2026,Unknown,1.0,Issa Kaboré,2025-2026,Other,1.0,Iborra,2021-2022,Midfielder,1.0,Ricardo Esgaio,2025-2026,Unknown,1.0,Moussa Yeo,2025-2026,Unknown,1.0
Romain Faivre,2025-2026,0,Unknown,Eliot Matazo,2025-2026,Other,1.0,Mohamed Sankoh,2021-2022,Other,1.0,Cedric Itten,2025-2026,Other,1.0,Jhon Solís,2025-2026,Other,1.0,Bjorn Meijer,2025-2026,Unknown,1.0
Cedric Itten,2025-2026,0,Other,Bjorn Meijer,2025-2026,Unknown,1.0,Giorgio Cittadini,2021-2022,Other,1.0,Eliot Matazo,2025-2026,Other,1.0,Romain Faivre,2025-2026,Unknown,1.0,Mohamed Sankoh,2021-2022,Other,1.0
Juraj Kucka,2025-2026,0,Other,Matteo Lovato,2021-2022,Other,1.0,Marten Winkler,2021-2022,Other,1.0,Jastin García,2025-2026,Unknown,1.0,Julián Carranza,2025-2026,Unknown,1.0,Christian Oliva,2021-2022,Other,1.0
Jordan Amavi,2025-2026,0,Other,Dimitrios Keramitsis,2021-2022,Other,1.0,Romario Rösch,2021-2022,Other,1.0,Daniel Chesters,2021-2022,Other,1.0,Immanuel Pherai,2021-2022,Other,1.0,Robert Tesche,2021-2022,Other,1.0
Nicolò Zaniolo,2025-2026,0,Unknown,Arijan Ademi,2025-2026,Midfielder,1.0,Rúben Dias,2025-2026,Unknown,1.0,Vladimír Weiss,2025-2026,Forward,1.0,Rémy Cabella,2025-2026,Unknown,1.0,Yukhym Konoplia,2025-2026,Other,1.0
Thomas Müller,2025-2026,0,Unknown,Martin Suchomel,2025-2026,Unknown,1.0,Cristian Portu,2025-2026,Forward,1.0,Mateusz Praszelik,2021-2022,Other,1.0,Jeyland Mitchell,2025-2026,Unknown,0.9999,Douglas Luiz,2025-2026,Unknown,0.9999
Casper Nielsen,2025-2026,0,Other,Oleksandr Zinchenko,2025-2026,Unknown,1.0,Michel Aebischer,2025-2026,Other,1.0,Josué Albert,2021-2022,Other,1.0,Chiellini,2021-2022,Defender,1.0,Supryaha,2021-2022,Forward,1.0
Nicolás González,2025-2026,0,Unknown,Kyogo Furuhashi,2025-2026,Other,1.0,Munir,2021-2022,Forward,1.0,M. Olsson,2021-2022,Defender,1.0,Bailly,2021-2022,Defender,1.0,Evanilson,2021-2022,Unknown,0.9999
Christian Mawissa,2025-2026,0,Unknown,Anthony Ujah,2021-2022,Other,1.0,Mechele,2021-2022,Defender,1.0,Ousmane Toure,2025-2026,Unknown,1.0,Julien Duranville,2025-2026,Other,1.0,Alex Valle,2025-2026,Other,0.9999
Benjamin Rollheiser,2025-2026,0,Unknown,Sergi Dominguez,2025-2026,Other,1.0,Simone Zaza,2021-2022,Other,1.0,Alexandre Letellier,2021-2022,Other,1.0,Edwards,2021-2022,Forward,1.0,Torben Müsel,2021-2022,Other,1.0
Selvi Clua,2025-2026,0,Unknown,Kamory Doumbia,2025-2026,Other,1.0,Kehrer,2021-2022,Defender,1.0,Verbič,2021-2022,Midfielder,1.0,El Bilal Touré,2025-2026,Other,1.0,Chris-Kévin Nadje,2025-2026,Unknown,0.9999
Luka Ilić,2025-2026,0,Midfielder,Ramsey,2021-2022,Midfielder,1.0,Shoretire,2021-2022,Midfielder,1.0,Bernardo,2021-2022,Defender,1.0,Mathys Tel,2021-2022,Other,1.0,Brahim Díaz,2025-2026,Unknown,1.0
Timothy Weah,2025-2026,0,Unknown,Lázaro,2021-2022,Midfielder,1.0,Sudakov,2021-2022,Midfielder,1.0,Loris Benito,2025-2026,Other,1.0,Cesc Fàbregas,2021-2022,Unknown,0.9999,Maceiras,2021-2022,Defender,0.9999
Leandro Morgalla,2025-2026,0,Other,Nelson Sissoko,2021-2022,Other,1.0,Aleksandr Kokorin,2021-2022,Unknown,1.0,Jarell Quansah,2025-2026,Unknown,1.0,Keanan Bennetts,2021-2022,Other,1.0,Francisco Conceição,2021-2022,Unknown,1.0
Jakub Pešek,2025-2026,0,Forward,Kevin-Prince Boateng,2021-2022,Unknown,1.0,Yannik Keitel,2021-2022,Other,1.0,Charlie Goode,2021-2022,Other,1.0,Phil Jones,2021-2022,Unknown,1.0,Dominic Thompson,2021-2022,Other,1.0
Fran García,2025-2026,0,Defender,Cheikh Niasse,2025-2026,Other,1.0,Hidemasa Morita,2025-2026,Other,1.0,Cristhian Stuani,2025-2026,Other,1.0,Riccardo Calafiori,2025-2026,Other,1.0,Robin Le Normand,2025-2026,Unknown,0.9999
Stepanenko,2025-2026,0,Midfielder,Pedrinho,2025-2026,Midfielder,1.0,Tom Rothe,2021-2022,Other,1.0,Albion Rrahmani,2025-2026,Other,1.0,Iván Martín,2025-2026,Other,0.9999,Rick Karsdorp,2025-2026,Unknown,0.9999
Nathan Tella,2025-2026,0,Other,Henrichs,2021-2022,Defender,1.0,Paulo Gazzaniga,2025-2026,Other,1.0,Vanja Drkušić,2025-2026,Other,1.0,Aleksa Terzić,2025-2026,Other,1.0,Germán Valera,2021-2022,Other,1.0
Ramiz Zerrouki,2025-2026,0,Other,Andres Cuenca,2025-2026,Other,1.0,Adrian Fein,2021-2022,Other,1.0,Justin Che,2021-2022,Other,1.0,Stefano Sensi,2021-2022,Other,1.0,Vladyslav Supriaha,2021-2022,Other,1.0
Nathan Aké,2025-2026,0,Unknown,Ayyoub Bouaddi,2025-2026,Unknown,1.0,Rodri,2025-2026,Unknown,1.0,Maximilian Beier,2025-2026,Unknown,1.0,Tochi Chukwuani,2025-2026,Other,1.0,Donny van de Beek,2021-2022,Unknown,0.9999
Nordi Mukiele,2025-2026,0,Unknown,Olmo,2021-2022,Forward,1.0,Paulo Bernardo,2025-2026,Midfielder,1.0,Joey Veerman,2025-2026,Unknown,1.0,Matheus Cunha,2021-2022,Forward,1.0,James Mcatee,2025-2026,Other,1.0
Ermal Krasniqi,2025-2026,0,Other,Dilane Bakwa,2021-2022,Other,1.0,Ethan Nwaneri,2025-2026,Unknown,1.0,Noah Okafor,2025-2026,Unknown,1.0,Yadaly Diaby,2021-2022,Other,1.0,Youssoufa Moukoko,2021-2022,Other,1.0
Pascal Stenzel,2025-2026,0,Other,Christian Früchtl,2021-2022,Other,1.0,Berkay Vardar,2021-2022,Midfielder,1.0,Daniel Maldini,2021-2022,Other,1.0,Balde,2021-2022,Defender,1.0,Patrick Roberts,2021-2022,Other,1.0
Erencan Yardımcı,2025-2026,0,Other,Orbelín Pineda,2021-2022,Other,1.0,Facundo Gonzalez,2025-2026,Unknown,1.0,Kacper Urbanski,2021-2022,Other,1.0,Francisco Conceição,2021-2022,Unknown,1.0,Keanan Bennetts,2021-2022,Other,1.0
Gijs Smal,2025-2026,0,Unknown,Samuel Iling-Junior,2025-2026,Other,1.0,Waniss Taibi,2021-2022,Other,1.0,Alen Mustafić,2025-2026,Other,1.0,Florenzi,2021-2022,Defender,1.0,Tariqe Fosu,2021-2022,Other,1.0
Newertton,2025-2026,0,Other,Samuel Mbangula,2025-2026,Other,1.0,Jarzinho Malanga,2025-2026,Other,1.0,Alex Sola,2021-2022,Other,1.0,Da Graca,2021-2022,Forward,1.0,Rodrigo Ribeiro,2021-2022,Forward,1.0
Tommaso Pobega,2025-2026,0,Other,Matondo-Merveille Papela,2021-2022,Other,1.0,Sydney van Hooijdonk,2021-2022,Other,1.0,F. Nmecha,2021-2022,Midfielder,1.0,Charlie Cresswell,2021-2022,Other,1.0,Liam McCarron,2021-2022,Other,1.0
Amady Camara,2025-2026,0,Unknown,Romain Del Castillo,2025-2026,Other,1.0,Chemsdine Talbi,2025-2026,Unknown,1.0,Gil Dias,2021-2022,Midfielder,1.0,Savage,2021-2022,Midfielder,1.0,Woltman,2021-2022,Midfielder,1.0
Davide Calabria,2025-2026,0,Unknown,John Mellberg,2025-2026,Other,1.0,Daniel Wass,2021-2022,Unknown,1.0,Tomi Horvat,2025-2026,Other,1.0,Zeki Amdouni,2025-2026,Other,1.0,Taylor,2021-2022,Midfielder,0.9999
Chemsdine Talbi,2025-2026,0,Unknown,Amady Camara,2025-2026,Unknown,1.0,Romain Del Castillo,2025-2026,Other,1.0,Iqbal,2021-2022,Midfielder,1.0,Savage,2021-2022,Midfielder,1.0,Gil Dias,2021-2022,Midfielder,1.0
Bart Nieuwkoop,2025-2026,0,Defender,Alexander Sørloth,2025-2026,Other,1.0,Dorgeles Nene,2025-2026,Other,1.0,Mama Baldé,2025-2026,Unknown,0.9999,Yunus Musah,2025-2026,Unknown,0.9998,Kastriot Imeri,2025-2026,Other,0.9998
Endrick,2025-2026,0,Unknown,Gabriel Jesus,2025-2026,Unknown,1.0,Frenkie de Jong,2025-2026,Unknown,1.0,Niklas Geyrhofer,2025-2026,Unknown,0.9999,Paulo Otávio,2021-2022,Defender,0.9999,Van Der Brempt,2021-2022,Defender,0.9998
Fabian Rieder,2025-2026,0,Midfielder,Asensio,2025-2026,Forward,1.0,Lucas Gourna-Douath,2025-2026,Other,1.0,Davide Frattesi,2025-2026,Unknown,1.0,Danylo Sikan,2025-2026,Forward,1.0,Jan-Niklas Beste,2025-2026,Other,1.0
Cuadrado,2025-2026,0,Midfielder,Erokhin,2021-2022,Midfielder,1.0,Bakayoko,2021-2022,Defender,1.0,Marc Roca,2021-2022,Defender,0.9999,George Ilenikhena,2025-2026,Other,0.9999,Phillips,2021-2022,Defender,0.9999
Moussa Yeo,2025-2026,0,Unknown,Eric Dier,2025-2026,Unknown,1.0,Delap,2021-2022,Forward,1.0,Markus Solbakken,2025-2026,Unknown,1.0,Issa Kaboré,2025-2026,Other,1.0,Renato Sanches,2025-2026,Unknown,1.0
Folarin Balogun,2025-2026,0,Other,Désiré Doué,2025-2026,Unknown,1.0,Ibrahim Salah,2025-2026,Other,1.0,Supryaha,2021-2022,Forward,1.0,Michel Aebischer,2025-2026,Other,0.9999,Mbamba-Muanda,2021-2022,Defender,0.9999
Alexander Schlager,2025-2026,0,Goalkeeper,Thijs Dallinga,2025-2026,Other,1.0,Javier Galán,2025-2026,Other,1.0,Jofre,2021-2022,Other,1.0,Ermedin Demirović,2025-2026,Other,1.0,Josip Brekalo,2021-2022,Other,0.9999
Michał Skóraś,2025-2026,0,Forward,Héctor Fort,2025-2026,Unknown,1.0,Janis Blaswich,2025-2026,Unknown,1.0,Yusuf Yazıcı,2021-2022,Midfielder,1.0,Edouard Michut,2021-2022,Other,1.0,Cojocaru,2021-2022,Midfielder,1.0
Yan Couto,2025-2026,0,Unknown,Antonio Nusa,2025-2026,Other,1.0,Krugovoi,2021-2022,Defender,1.0,Ethan Nwaneri,2025-2026,Unknown,1.0,Orbelín Pineda,2021-2022,Other,1.0,Ermal Krasniqi,2025-2026,Other,0.9999
Mohamed Bayo,2025-2026,0,Other,Magnus Warming,2021-2022,Other,1.0,Agüero,2021-2022,Forward,1.0,José Fontán,2021-2022,Other,1.0,Aleksandar Katai,2025-2026,Forward,1.0,Marcelo Saracchi,2021-2022,Other,1.0
Gustaf Nilsson,2025-2026,0,Other,Evann Guessand,2021-2022,Other,1.0,Lewis Bate,2021-2022,Other,1.0,Jamal Lewis,2021-2022,Other,1.0,Christoph Zimmermann,2021-2022,Other,1.0,Álvaro Jiménez,2021-2022,Other,1.0
Eduardo Quaresma,2025-2026,0,Defender,Jack Grealish,2025-2026,Unknown,1.0,Richard Ledezma,2025-2026,Unknown,1.0,Stanišić,2021-2022,Defender,1.0,Ballo,2021-2022,Defender,1.0,Riccardo Calafiori,2025-2026,Other,0.9998
Kyriani Sabbe,2025-2026,0,Unknown,Bernardo Silva,2025-2026,Unknown,1.0,Anis Hadj Moussa,2025-2026,Unknown,1.0,Kryvtsov,2021-2022,Defender,0.9999,Piotr Zielinski,2025-2026,Unknown,0.9999,Ferland Mendy,2025-2026,Unknown,0.9999
Joey Veerman,2025-2026,0,Unknown,Paulo Bernardo,2025-2026,Midfielder,1.0,Nordi Mukiele,2025-2026,Unknown,1.0,Olmo,2021-2022,Forward,1.0,Charalampos Lykogiannis,2025-2026,Other,1.0,Matheus Cunha,2021-2022,Forward,1.0
Yussuf Poulsen,2025-2026,0,Unknown,Gianluca Frabotta,2021-2022,Other,1.0,Bouna Sarr,2021-2022,Other,1.0,Mbete,2021-2022,Defender,1.0,Kolarov,2021-2022,Defender,1.0,Patrick Roberts,2021-2022,Other,1.0
Jonas Martin,2025-2026,0,Other,Alaa Ghram,2025-2026,Unknown,1.0,Dost,2021-2022,Forward,1.0,Julien Duranville,2025-2026,Other,0.9999,Ousmane Toure,2025-2026,Unknown,0.9999,Christos Kourfalidis,2021-2022,Other,0.9998
Ricardo Esgaio,2025-2026,0,Unknown,Kuznetsov,2021-2022,Forward,1.0,Iborra,2021-2022,Midfielder,1.0,Zeki Amdouni,2025-2026,Other,1.0,Meschack Elia,2025-2026,Forward,1.0,Milan Rodić,2025-2026,Defender,1.0
Couhaib Driouech,2025-2026,0,Unknown,Anrie Chase,2025-2026,Other,1.0,Diogo Gonçalves,2021-2022,Unknown,1.0,Julian Baumgartlinger,2021-2022,Unknown,1.0,Krépin Diatta,2025-2026,Unknown,1.0,Julien,2021-2022,Defender,1.0
James Mcatee,2025-2026,0,Other,Matheus Cunha,2021-2022,Forward,1.0,Olmo,2021-2022,Forward,1.0,Nordi Mukiele,2025-2026,Unknown,1.0,Paulo Bernardo,2025-2026,Midfielder,1.0,Joey Veerman,2025-2026,Unknown,1.0
Kevin De Bruyne,2025-2026,0,Unknown,Ceballos,2025-2026,Midfielder,1.0,Tomá Ostrák,2021-2022,Other,1.0,Karim Rekik,2021-2022,Other,1.0,Josip Brekalo,2021-2022,Other,0.9997,Jofre,2021-2022,Other,0.9997
Chris-Kévin Nadje,2025-2026,0,Unknown,Mostovoy,2021-2022,Midfielder,1.0,Benjamin Mendy,2021-2022,Unknown,1.0,Julien Le Cardinal,2025-2026,Unknown,1.0,El Bilal Touré,2025-2026,Other,1.0,Bruno Duarte,2025-2026,Forward,1.0
Noah Okafor,2025-2026,0,Unknown,Dilane Bakwa,2021-2022,Other,1.0,Ermal Krasniqi,2025-2026,Other,1.0,Yadaly Diaby,2021-2022,Other,1.0,Ethan Nwaneri,2025-2026,Unknown,1.0,Youssoufa Moukoko,2021-2022,Other,1.0
Vinicius Tobias,2025-2026,0,Other,Emre Can,2021-2022,Unknown,1.0,Chiesa,2025-2026,Forward,1.0,Conor Bradley,2025-2026,Unknown,1.0,Ander Martin,2021-2022,Other,1.0,Daramy,2021-2022,Forward,0.9999
Luka Stojković,2025-2026,0,Unknown,Soungoutou Magassa,2025-2026,Other,1.0,Matias Fernandez-Pardo,2025-2026,Unknown,1.0,Vallejo,2021-2022,Defender,1.0,Gregory Wüthrich,2025-2026,Defender,1.0,De Winter,2021-2022,Defender,1.0
Federico Dimarco,2025-2026,0,Unknown,Cojocaru,2021-2022,Midfielder,1.0,Fredrik Oppegård,2025-2026,Defender,0.9999,Michał Skóraś,2025-2026,Forward,0.9999,Héctor Fort,2025-2026,Unknown,0.9998,Ben Arfa,2021-2022,Midfielder,0.9998
Dani Olmo,2025-2026,0,Unknown,Da Graca,2021-2022,Forward,1.0,Rodrigo Ribeiro,2021-2022,Forward,1.0,Alex Sola,2021-2022,Other,1.0,Newertton,2025-2026,Other,1.0,Samuel Mbangula,2025-2026,Other,1.0
Jens Odgaard,2025-2026,0,Other,Cody Drameh,2021-2022,Other,1.0,Riccardo Calafiori,2021-2022,Other,1.0,Miguel Baeza,2021-2022,Other,1.0,Romain Philippoteaux,2021-2022,Other,1.0,Junior Mwanga,2021-2022,Other,1.0
Lassina Traoré,2025-2026,0,Forward,Javier Ontiveros,2021-2022,Other,1.0,Bonnah,2021-2022,Midfielder,1.0,Taylor,2021-2022,Midfielder,1.0,Luka Stojković,2025-2026,Unknown,1.0,Soungoutou Magassa,2025-2026,Other,1.0
Javi Serrano,2025-2026,0,Midfielder,Marko Rog,2025-2026,Other,1.0,Arthur Vermeeren,2025-2026,Other,1.0,Chukwueze,2025-2026,Midfielder,1.0,Cavani,2021-2022,Forward,1.0,Darian Males,2025-2026,Forward,0.9999
John Mellberg,2025-2026,0,Other,Tomi Horvat,2025-2026,Other,1.0,Davide Calabria,2025-2026,Unknown,1.0,Zeki Amdouni,2025-2026,Other,1.0,Daniel Wass,2021-2022,Unknown,1.0,Kuznetsov,2021-2022,Forward,1.0
Alaa Ghram,2025-2026,0,Unknown,Dost,2021-2022,Forward,1.0,Jonas Martin,2025-2026,Other,1.0,Julien Duranville,2025-2026,Other,1.0,Ousmane Toure,2025-2026,Unknown,0.9999,Anthony Ujah,2021-2022,Other,0.9998
Brahim Díaz,2025-2026,0,Unknown,Federico Santander,2021-2022,Other,1.0,Bernardo,2021-2022,Defender,1.0,Ben Arfa,2021-2022,Midfielder,1.0,Shoretire,2021-2022,Midfielder,1.0,Ramsey,2021-2022,Midfielder,1.0
Jakub Kiwior,2025-2026,0,Unknown,Christos Kourfalidis,2021-2022,Other,1.0,Nino Marcelli,2025-2026,Unknown,1.0,Róbert Mak,2025-2026,Forward,1.0,Meite,2021-2022,Midfielder,0.9999,Kyle Walker,2025-2026,Unknown,0.9999
Ousmane Toure,2025-2026,0,Unknown,Anthony Ujah,2021-2022,Other,1.0,Christian Mawissa,2025-2026,Unknown,1.0,Julien Duranville,2025-2026,Other,1.0,Mechele,2021-2022,Defender,1.0,Dost,2021-2022,Forward,0.9999
Sven Ulreich,2025-2026,0,Unknown,Ander Capa,2021-2022,Other,1.0,Kanga,2021-2022,Forward,1.0,Alan Virginius,2025-2026,Other,1.0,Brian Brobbey,2021-2022,Other,1.0,Yan Brice Eteki,2021-2022,Other,1.0
Douglas Luiz,2025-2026,0,Unknown,Jeyland Mitchell,2025-2026,Unknown,1.0,Mateusz Praszelik,2021-2022,Other,1.0,Malik Tillman,2021-2022,Unknown,1.0,Cristian Portu,2025-2026,Forward,1.0,Simone Trimboli,2021-2022,Other,1.0
Hyunjun,2025-2026,0,Unknown,Ceballos,2021-2022,Midfielder,1.0,Javier Serrano,2021-2022,Other,1.0,Andy Robertson,2025-2026,Other,1.0,Jon Gorenc Stanković,2025-2026,Other,1.0,Giuliano Simeone,2025-2026,Unknown,1.0
Kryštof Daněk,2025-2026,0,Unknown,Bali Mumba,2021-2022,Other,1.0,Jamie Bynoe-Gittens,2021-2022,Other,1.0,Jean-Philippe Gbamin,2021-2022,Other,1.0,Lenny Joseph,2021-2022,Other,1.0,Matija Nastasi?,2021-2022,Other,1.0
Julien Duranville,2025-2026,0,Other,Ousmane Toure,2025-2026,Unknown,1.0,Dost,2021-2022,Forward,1.0,Anthony Ujah,2021-2022,Other,1.0,Christian Mawissa,2025-2026,Unknown,1.0,Alaa Ghram,2025-2026,Unknown,1.0
Chukwueze,2025-2026,0,Midfielder,Arthur Vermeeren,2025-2026,Other,1.0,Marko Rog,2025-2026,Other,1.0,Javi Serrano,2025-2026,Midfielder,1.0,Cavani,2021-2022,Forward,0.9999,Santiago Castro,2025-2026,Unknown,0.9999
Cristian Portu,2025-2026,0,Forward,Mateusz Praszelik,2021-2022,Other,1.0,Jeyland Mitchell,2025-2026,Unknown,1.0,Thomas Müller,2025-2026,Unknown,1.0,Martin Suchomel,2025-2026,Unknown,1.0,Douglas Luiz,2025-2026,Unknown,1.0
Yáser Asprilla,2025-2026,0,Unknown,Simon Banza,2021-2022,Other,1.0,Mambimbi,2021-2022,Forward,1.0,Ricard Puig,2021-2022,Midfielder,1.0,Kacper Urbanski,2025-2026,Other,0.9999,Iván Romero,2021-2022,Forward,0.9999
Kristjan Asllani,2025-2026,0,Unknown,Chema,2021-2022,Other,1.0,Markus Solbakken,2025-2026,Unknown,1.0,Diogo Gonçalves,2021-2022,Unknown,1.0,Delap,2021-2022,Forward,1.0,Eric Dier,2025-2026,Unknown,1.0
Arda Güler,2025-2026,0,Other,Ebrima Darboe,2021-2022,Other,1.0,Raba,2021-2022,Midfielder,1.0,El Chadaille Bitshiabu,2025-2026,Other,1.0,CJ Egan-Riley,2021-2022,Unknown,1.0,Matteo Ruggeri,2025-2026,Other,1.0
Raheem Sterling,2025-2026,0,Unknown,Diego Falcinelli,2021-2022,Other,1.0,Bondarenko,2021-2022,Midfielder,1.0,Rubén Peña,2021-2022,Other,1.0,Dário Essugo,2021-2022,Midfielder,1.0,Zakaria,2021-2022,Midfielder,1.0
Lorenzo Torriani,2025-2026,0,Unknown,Kiliann Sildillia,2021-2022,Other,1.0,Aaron Ramsey,2021-2022,Unknown,1.0,Nicolas Jackson,2021-2022,Other,1.0,Sergi Roberto,2021-2022,Unknown,1.0,Daniel Ginczek,2021-2022,Other,1.0
Mathias Pereira Lage,2025-2026,0,Unknown,Reinier,2021-2022,Forward,1.0,Yukhym Konoplia,2025-2026,Other,1.0,Juan Miranda,2025-2026,Other,1.0,Rémy Cabella,2025-2026,Unknown,1.0,Rúben Dias,2025-2026,Unknown,1.0
Róbert Mak,2025-2026,0,Forward,Nino Marcelli,2025-2026,Unknown,1.0,Meite,2021-2022,Midfielder,1.0,Jakub Kiwior,2025-2026,Unknown,1.0,Kyle Walker,2025-2026,Unknown,1.0,Christos Kourfalidis,2021-2022,Other,1.0
Jeremiah St. Juste,2025-2026,0,Other,Nikita Iosifov,2021-2022,Other,1.0,Noah Weißhaupt,2021-2022,Other,1.0,Lluís Recasens,2021-2022,Other,1.0,Mario Dominguez,2021-2022,Other,1.0,Moise Kean,2021-2022,Unknown,1.0
Ansu Fati,2025-2026,0,Other,Eljif Elmas,2025-2026,Unknown,1.0,Adam Daghim,2025-2026,Other,1.0,Hugo Álvarez,2021-2022,Other,1.0,Lewis Brunt,2021-2022,Other,1.0,Nalić,2021-2022,Midfielder,1.0
Jorginho,2025-2026,0,Unknown,Simone Trimboli,2021-2022,Other,1.0,Aleksandar Kolarov,2021-2022,Unknown,1.0,Pau Victor,2025-2026,Unknown,1.0,Malik Tillman,2021-2022,Unknown,1.0,Douglas Luiz,2025-2026,Unknown,0.9999
Sergi Dominguez,2025-2026,0,Other,Benjamin Rollheiser,2025-2026,Unknown,1.0,Simone Zaza,2021-2022,Other,1.0,Torben Müsel,2021-2022,Other,1.0,Alexandre Letellier,2021-2022,Other,1.0,Edwards,2021-2022,Forward,1.0
Julián Carranza,2025-2026,0,Unknown,Marten Winkler,2021-2022,Other,1.0,Fabio Depaoli,2021-2022,Other,1.0,Matteo Lovato,2021-2022,Other,1.0,Juraj Kucka,2025-2026,Other,1.0,Stefano Sensi,2021-2022,Other,1.0
Jhon Solís,2025-2026,0,Other,Marcelo Saracchi,2021-2022,Other,1.0,José Fontán,2021-2022,Other,1.0,Mohamed Sankoh,2021-2022,Other,1.0,Romain Faivre,2025-2026,Unknown,1.0,Eliot Matazo,2025-2026,Other,1.0
Eljif Elmas,2025-2026,0,Unknown,Ansu Fati,2025-2026,Other,1.0,Adam Daghim,2025-2026,Other,1.0,Hugo Álvarez,2021-2022,Other,1.0,Lewis Brunt,2021-2022,Other,1.0,Nalić,2021-2022,Midfielder,1.0
Július Szöke,2025-2026,0,Unknown,Dimitrije Kamenovi?,2021-2022,Other,1.0,Amadou Traore,2021-2022,Other,1.0,Giuliano Simeone,2021-2022,Unknown,1.0,Alvaro Sanz,2021-2022,Other,1.0,Ben Godfrey,2025-2026,Other,1.0
Pau Victor,2025-2026,0,Unknown,Aleksandar Kolarov,2021-2022,Unknown,1.0,Jorginho,2025-2026,Unknown,1.0,Ricard Puig,2021-2022,Midfielder,1.0,Simone Trimboli,2021-2022,Other,0.9999,Mambimbi,2021-2022,Forward,0.9999
Lukáš Sadílek,2025-2026,0,Other,Farid El Melali,2021-2022,Other,1.0,Miguel Juan Llambrich,2021-2022,Other,1.0,Daan Heymans,2021-2022,Other,1.0,Unai Ropero,2021-2022,Other,1.0,James Forrest,2025-2026,Unknown,1.0
Krépin Diatta,2025-2026,0,Unknown,Julien,2021-2022,Defender,1.0,Julian Baumgartlinger,2021-2022,Unknown,1.0,Bradarić,2021-2022,Defender,1.0,Anrie Chase,2025-2026,Other,1.0,Couhaib Driouech,2025-2026,Unknown,1.0
Idjessi Metsoko,2025-2026,0,Unknown,Bryan Djile Nokoué,2021-2022,Other,1.0,Adamo Nagalo,2025-2026,Unknown,1.0,Banhie Zoukrou,2021-2022,Other,1.0,Kayky Chagas,2021-2022,Other,1.0,Cenk Tosun,2021-2022,Other,1.0
Arthur Cabral,2025-2026,0,Forward,Mijat Ga?inovi?,2021-2022,Other,1.0,Dale Stephens,2021-2022,Other,1.0,Romeo Vermant,2025-2026,Other,1.0,Nicolò Casale,2025-2026,Other,1.0,Loris Benito,2021-2022,Other,1.0
Michel Aebischer,2025-2026,0,Other,Casper Nielsen,2025-2026,Other,1.0,Oleksandr Zinchenko,2025-2026,Unknown,1.0,Josué Albert,2021-2022,Other,1.0,Supryaha,2021-2022,Forward,1.0,Chiellini,2021-2022,Defender,1.0
James Forrest,2025-2026,0,Unknown,Rubén Pardo,2021-2022,Other,1.0,Carmona,2021-2022,Other,1.0,Daan Heymans,2021-2022,Other,1.0,Lukáš Sadílek,2025-2026,Other,1.0,Farid El Melali,2021-2022,Other,1.0
Gavi,2025-2026,0,Unknown,Coutinho,2021-2022,Forward,1.0,Anthony Ralston,2025-2026,Defender,1.0,Conrad Harder,2025-2026,Unknown,1.0,Lazar Samardzic,2025-2026,Other,0.9999,De Winter,2021-2022,Defender,0.9998
Ceballos,2025-2026,0,Midfielder,Kevin De Bruyne,2025-2026,Unknown,1.0,Tomá Ostrák,2021-2022,Other,1.0,Karim Rekik,2021-2022,Other,1.0,Josip Brekalo,2021-2022,Other,0.9997,Miguel Gutiérrez,2021-2022,Defender,0.9997
Rhodri Smith,2025-2026,0,Unknown,Korniienko,2021-2022,Defender,1.0,Lovro Zvonarek,2025-2026,Other,1.0,Vasilije Adžić,2025-2026,Other,1.0,Mattia Perin,2025-2026,Other,1.0,André Silva,2025-2026,Unknown,1.0
Nicolò Casale,2025-2026,0,Other,Romeo Vermant,2025-2026,Other,1.0,Dale Stephens,2021-2022,Other,1.0,Mijat Ga?inovi?,2021-2022,Other,1.0,Loris Benito,2021-2022,Other,1.0,Arthur Cabral,2025-2026,Forward,1.0
Ibrahim Salah,2025-2026,0,Other,Désiré Doué,2025-2026,Unknown,1.0,Folarin Balogun,2025-2026,Other,1.0,Supryaha,2021-2022,Forward,1.0,Mbamba-Muanda,2021-2022,Defender,0.9999,Charles Boli,2021-2022,Other,0.9999
Héctor Fort,2025-2026,0,Unknown,Janis Blaswich,2025-2026,Unknown,1.0,Yusuf Yazıcı,2021-2022,Midfielder,1.0,Edouard Michut,2021-2022,Other,1.0,Michał Skóraś,2025-2026,Forward,1.0,Fredrik Oppegård,2025-2026,Defender,1.0
Abdu Conté,2025-2026,0,Other,Luca Waldschmidt,2021-2022,Other,1.0,Radonjić,2021-2022,Forward,1.0,Redwan Bourles,2021-2022,Other,1.0,Myziane Maolida,2021-2022,Other,1.0,Diego Farias,2021-2022,Other,1.0
Gomez,2025-2026,0,Defender,Mathys Tel,2021-2022,Other,0.9999,Ibrahim Osman,2025-2026,Unknown,0.9999,Maghnes Akliouche,2021-2022,Unknown,0.9999,Luka Ilić,2025-2026,Midfielder,0.9999,Ramsey,2021-2022,Midfielder,0.9998
Pedrinho,2025-2026,0,Midfielder,Stepanenko,2025-2026,Midfielder,1.0,Tom Rothe,2021-2022,Other,1.0,Albion Rrahmani,2025-2026,Other,1.0,Iván Martín,2025-2026,Other,1.0,Rick Karsdorp,2025-2026,Unknown,0.9999
Ognjen Mimović,2025-2026,0,Unknown,Dina Ebimbe,2021-2022,Midfielder,1.0,Ömer Faruk Beyaz,2021-2022,Other,1.0,Marley Aké,2021-2022,Other,1.0,Samuel Di Carmine,2021-2022,Other,1.0,Enzo Millot,2021-2022,Other,1.0
Aleksandar Katai,2025-2026,0,Forward,Agüero,2021-2022,Forward,1.0,Shola Shoretire,2021-2022,Other,1.0,Bale,2021-2022,Forward,1.0,Magnus Warming,2021-2022,Other,1.0,Ricardo Pepi,2025-2026,Other,1.0
Vasilije Adžić,2025-2026,0,Other,Rhodri Smith,2025-2026,Unknown,1.0,Korniienko,2021-2022,Defender,1.0,Lovro Zvonarek,2025-2026,Other,1.0,Mattia Perin,2025-2026,Other,1.0,Kassoum Ouattara,2025-2026,Other,1.0
Eric Dier,2025-2026,0,Unknown,Delap,2021-2022,Forward,1.0,Markus Solbakken,2025-2026,Unknown,1.0,Moussa Yeo,2025-2026,Unknown,1.0,Issa Kaboré,2025-2026,Other,1.0,Renato Sanches,2025-2026,Unknown,1.0
Ricardo Pepi,2025-2026,0,Other,Bale,2021-2022,Forward,1.0,Shola Shoretire,2021-2022,Other,1.0,Martín,2021-2022,Other,1.0,Aleksandar Katai,2025-2026,Forward,1.0,Panagiotis Retsos,2021-2022,Other,1.0
Nemanja Radonjić,2025-2026,0,Forward,Tomás Rincón,2021-2022,Other,1.0,Aleix Febas,2021-2022,Other,1.0,Dídac Vilà,2021-2022,Other,1.0,Laurens Serpe,2021-2022,Other,1.0,Damir Ceter,2021-2022,Other,1.0
Arbër Hoxha,2025-2026,0,Other,Lucas Copado,2021-2022,Other,1.0,Keita Endo,2021-2022,Other,1.0,Gökhan Töre,2021-2022,Midfielder,1.0,Afimico Pululu,2021-2022,Other,1.0,Izquierdo,2021-2022,Forward,1.0
Romeo Vermant,2025-2026,0,Other,Nicolò Casale,2025-2026,Other,1.0,Dale Stephens,2021-2022,Other,1.0,Mijat Ga?inovi?,2021-2022,Other,1.0,Arthur Cabral,2025-2026,Forward,1.0,Loris Benito,2021-2022,Other,1.0
Myles Lewis-Skelly,2025-2026,0,Unknown,Mengi,2021-2022,Defender,1.0,Rafiki Said Ahamada,2021-2022,Other,1.0,Jarell Quansah,2025-2026,Unknown,1.0,Aleksandr Kokorin,2021-2022,Unknown,1.0,Pedro Benito,2021-2022,Other,1.0
Fredrik Oppegård,2025-2026,0,Defender,Michał Skóraś,2025-2026,Forward,1.0,Cojocaru,2021-2022,Midfielder,1.0,Héctor Fort,2025-2026,Unknown,1.0,Janis Blaswich,2025-2026,Unknown,0.9999,Federico Dimarco,2025-2026,Unknown,0.9999
Jeyland Mitchell,2025-2026,0,Unknown,Douglas Luiz,2025-2026,Unknown,1.0,Mateusz Praszelik,2021-2022,Other,1.0,Cristian Portu,2025-2026,Forward,1.0,Malik Tillman,2021-2022,Unknown,1.0,Simone Trimboli,2021-2022,Other,1.0
Daouda Guindo,2025-2026,0,Other,Walter Benítez,2025-2026,Unknown,1.0,Tagliafico,2021-2022,Defender,1.0,Daniel Bragança,2021-2022,Midfielder,1.0,Gonzalo Montiel,2021-2022,Other,1.0,Bondar,2021-2022,Defender,0.9999
Anthony Ralston,2025-2026,0,Defender,Gavi,2025-2026,Unknown,1.0,Coutinho,2021-2022,Forward,1.0,Conrad Harder,2025-2026,Unknown,1.0,Lazar Samardzic,2025-2026,Other,0.9999,Al. Miranchuk,2021-2022,Forward,0.9998
Eliot Matazo,2025-2026,0,Other,Romain Faivre,2025-2026,Unknown,1.0,Mohamed Sankoh,2021-2022,Other,1.0,Cedric Itten,2025-2026,Other,1.0,Bjorn Meijer,2025-2026,Unknown,1.0,Jhon Solís,2025-2026,Other,1.0
Luis Palma,2025-2026,0,Unknown,Oussama Idrissi,2021-2022,Other,1.0,Mouhamadou Diarra,2021-2022,Other,1.0,Emil Ceide,2021-2022,Other,1.0,Jovane Cabral,2021-2022,Forward,1.0,Marcelo,2021-2022,Unknown,1.0
Conrad Harder,2025-2026,0,Unknown,Lazar Samardzic,2025-2026,Other,1.0,Anthony Ralston,2025-2026,Defender,1.0,Gavi,2025-2026,Unknown,1.0,Coutinho,2021-2022,Forward,1.0,Al. Miranchuk,2021-2022,Forward,0.9999
Conor Bradley,2025-2026,0,Unknown,Vinicius Tobias,2025-2026,Other,1.0,Emre Can,2021-2022,Unknown,1.0,Chiesa,2025-2026,Forward,1.0,Ander Martin,2021-2022,Other,1.0,Daramy,2021-2022,Forward,0.9999
Francesco Camarda,2025-2026,0,Other,Kayky Chagas,2021-2022,Other,1.0,Cenk Tosun,2021-2022,Other,1.0,Banhie Zoukrou,2021-2022,Other,1.0,Adamo Nagalo,2025-2026,Unknown,1.0,Jonathan Varane,2021-2022,Other,1.0
Bjorn Meijer,2025-2026,0,Unknown,Giorgio Cittadini,2021-2022,Other,1.0,Cedric Itten,2025-2026,Other,1.0,Eliot Matazo,2025-2026,Other,1.0,Matúš Vojtko,2025-2026,Other,1.0,Romain Faivre,2025-2026,Unknown,1.0
Luke McCowan,2025-2026,0,Unknown,Abdoulaye Sylla,2021-2022,Other,1.0,Beñat Turrientes,2021-2022,Other,1.0,Jean-Daniel Akpa-Akpro,2021-2022,Other,1.0,Wilson Isidor,2021-2022,Other,1.0,Edoardo Vergani,2021-2022,Other,1.0
Cole Campbell,2025-2026,0,Other,Demba Seck,2021-2022,Other,1.0,Roberto González,2021-2022,Other,1.0,Javier Llabrés,2021-2022,Other,1.0,Matthew Hoppe,2021-2022,Other,1.0,Steffen Tigges,2021-2022,Other,1.0
Assan Ouedraogo,2025-2026,0,Unknown,Aymen Barkok,2021-2022,Other,1.0,Kévin Malcuit,2021-2022,Other,1.0,Samuel Mráz,2021-2022,Other,1.0,Corentin Jean,2021-2022,Other,1.0,Rúben Vinagre,2021-2022,Defender,1.0
Jeanuel Belocian,2025-2026,0,Other,Marcano,2021-2022,Defender,1.0,Marco Benassi,2021-2022,Other,1.0,Yýldýrým Mert Çetin,2021-2022,Other,1.0,Mathys Saban,2021-2022,Other,1.0,Lewis Ferguson,2025-2026,Unknown,1.0
Min-su Kim,2025-2026,0,Unknown,Martin Ødegaard,2025-2026,Unknown,1.0,Matteo Ruggeri,2025-2026,Other,1.0,CJ Egan-Riley,2021-2022,Unknown,1.0,Lednev,2021-2022,Midfielder,1.0,Arda Güler,2025-2026,Other,1.0
Indrit Tuci,2025-2026,0,Unknown,Rubén,2021-2022,Other,1.0,Raúl Parra,2021-2022,Other,1.0,Yusuf Demir,2021-2022,Other,1.0,Ilias Akhomach,2021-2022,Other,1.0,Alex Král,2021-2022,Other,1.0
Kyle Walker,2025-2026,0,Unknown,Maier,2021-2022,Midfielder,1.0,Meite,2021-2022,Midfielder,1.0,Strahinja Pavlovic,2025-2026,Unknown,1.0,Róbert Mak,2025-2026,Forward,1.0,Nino Marcelli,2025-2026,Unknown,1.0
Jastin García,2025-2026,0,Unknown,Christian Oliva,2021-2022,Other,1.0,Juraj Kucka,2025-2026,Other,1.0,Matteo Lovato,2021-2022,Other,1.0,Marten Winkler,2021-2022,Other,1.0,Mamadou Fofana,2021-2022,Other,1.0
Lukáš Pauschek,2025-2026,0,Other,Nico O’Reilly,2025-2026,Unknown,1.0,Samuel Umtiti,2021-2022,Unknown,1.0,Nicolas Viola,2021-2022,Other,1.0,Tommaso Baldanzi,2021-2022,Other,1.0,Marco John,2021-2022,Other,1.0
Matúš Vojtko,2025-2026,0,Other,Nathan Young-Coombes,2021-2022,Other,1.0,Giorgio Cittadini,2021-2022,Other,1.0,Yanis Lhery,2021-2022,Other,1.0,Bjorn Meijer,2025-2026,Unknown,1.0,Cedric Itten,2025-2026,Other,1.0
Eric García,2025-2026,0,Unknown,Simone Pafundi,2021-2022,Other,1.0,Strahinja Pavlovic,2025-2026,Unknown,1.0,Al. Miranchuk,2021-2022,Forward,1.0,Maier,2021-2022,Midfielder,1.0,Lazar Samardzic,2025-2026,Other,1.0
André Silva,2025-2026,0,Unknown,Mattia Perin,2025-2026,Other,1.0,Liam McCarron,2021-2022,Other,1.0,Lovro Zvonarek,2025-2026,Other,1.0,Charlie Cresswell,2021-2022,Other,1.0,Korniienko,2021-2022,Defender,1.0
Senny Mayulu,2025-2026,0,Other,Tiago Ribeiro,2021-2022,Other,1.0,Bryan Reynolds,2021-2022,Other,1.0,Hugo Sotelo,2021-2022,Other,1.0,Djeidi Gassama,2021-2022,Other,1.0,Filippo Distefano,2021-2022,Other,1.0
Kassoum Ouattara,2025-2026,0,Other,Vasilije Adžić,2025-2026,Other,1.0,Rhodri Smith,2025-2026,Unknown,1.0,Korniienko,2021-2022,Defender,1.0,Lovro Zvonarek,2025-2026,Other,1.0,Ayman Azhil,2025-2026,Midfielder,1.0
Jarzinho Malanga,2025-2026,0,Other,Samuel Mbangula,2025-2026,Other,1.0,Abdourahmane Barry,2021-2022,Other,1.0,Newertton,2025-2026,Other,1.0,Alex Sola,2021-2022,Other,1.0,Rodrigo Ribeiro,2021-2022,Forward,1.0
Nico O’Reilly,2025-2026,0,Unknown,Samuel Umtiti,2021-2022,Unknown,1.0,Lukáš Pauschek,2025-2026,Other,1.0,Nicolas Viola,2021-2022,Other,1.0,Marco John,2021-2022,Other,1.0,Mariano Díaz,2021-2022,Forward,1.0
Gregory Wüthrich,2025-2026,0,Defender,Vallejo,2021-2022,Defender,1.0,De Winter,2021-2022,Defender,1.0,Matias Fernandez-Pardo,2025-2026,Unknown,1.0,Soungoutou Magassa,2025-2026,Other,1.0,Luka Stojković,2025-2026,Unknown,1.0
Stefan Hierländer,2025-2026,0,Other,Moise Kean,2021-2022,Unknown,1.0,Lys Mousset,2021-2022,Other,1.0,Lluís Recasens,2021-2022,Other,1.0,Nikita Iosifov,2021-2022,Other,1.0,Jordan Amavi,2021-2022,Other,1.0
Ethan Nwaneri,2025-2026,0,Unknown,Ermal Krasniqi,2025-2026,Other,1.0,Dilane Bakwa,2021-2022,Other,1.0,Noah Okafor,2025-2026,Unknown,1.0,Yadaly Diaby,2021-2022,Other,1.0,Krugovoi,2021-2022,Defender,1.0
Samuel Mbangula,2025-2026,0,Other,Jarzinho Malanga,2025-2026,Other,1.0,Newertton,2025-2026,Other,1.0,Abdourahmane Barry,2021-2022,Other,1.0,Alex Sola,2021-2022,Other,1.0,Rodrigo Ribeiro,2021-2022,Forward,1.0
Lewis Ferguson,2025-2026,0,Unknown,Mathys Saban,2021-2022,Other,1.0,Jean-Kévin Augustin,2021-2022,Other,1.0,András Schäfer,2021-2022,Other,1.0,Yýldýrým Mert Çetin,2021-2022,Other,1.0,Ernesto Torregrossa,2021-2022,Other,1.0
Oleksandr Zinchenko,2025-2026,0,Unknown,Casper Nielsen,2025-2026,Other,1.0,Michel Aebischer,2025-2026,Other,1.0,Josué Albert,2021-2022,Other,1.0,Chiellini,2021-2022,Defender,1.0,Hannibal Mejbri,2021-2022,Other,1.0
Yegor Prutsev,2025-2026,0,Other,Tony Springett,2021-2022,Other,1.0,Martin Adeline,2021-2022,Other,1.0,Florin Andone,2021-2022,Other,1.0,Bjarki Bjarkason,2021-2022,Other,1.0,Oguzhan Özyakup,2021-2022,Unknown,1.0
Facundo Gonzalez,2025-2026,0,Unknown,Kacper Urbanski,2021-2022,Other,1.0,Francisco Conceição,2021-2022,Unknown,1.0,Erencan Yardımcı,2025-2026,Other,1.0,Keanan Bennetts,2021-2022,Other,1.0,Orbelín Pineda,2021-2022,Other,1.0
Pablo Torre,2025-2026,0,Other,Lihadji,2021-2022,Forward,1.0,Giacomo Satalino,2021-2022,Other,1.0,Mario Dominguez,2021-2022,Other,1.0,Rodrigo Riquelme,2025-2026,Other,1.0,Suf Podgoreanu,2021-2022,Other,1.0
Markus Solbakken,2025-2026,0,Unknown,Delap,2021-2022,Forward,1.0,Eric Dier,2025-2026,Unknown,1.0,Moussa Yeo,2025-2026,Unknown,1.0,Issa Kaboré,2025-2026,Other,1.0,Renato Sanches,2025-2026,Unknown,1.0
Petar Ratkov,2025-2026,0,Other,Valentin Mihaila,2021-2022,Other,1.0,Mathieu Cafaro,2021-2022,Other,1.0,Lasse Günther,2021-2022,Other,1.0,Valerio Verre,2021-2022,Other,1.0,Alexis Claude-Maurice,2021-2022,Other,1.0
Ben Godfrey,2025-2026,0,Other,Alvaro Sanz,2021-2022,Other,1.0,Seedy Jatta,2025-2026,Other,1.0,Giuliano Simeone,2021-2022,Unknown,1.0,Amadou Traore,2021-2022,Other,1.0,Nassim Chadli,2021-2022,Other,1.0
Marco Brescianini,2025-2026,0,Midfielder,Hannes Wolf,2021-2022,Other,1.0,Brobbey,2021-2022,Forward,1.0,Jeff Reine-Adélaïde,2021-2022,Other,1.0,Icardi,2021-2022,Forward,1.0,Matias Arezo,2021-2022,Other,1.0
Andres Cuenca,2025-2026,0,Other,Ramiz Zerrouki,2025-2026,Other,1.0,Adrian Fein,2021-2022,Other,1.0,Vladyslav Supriaha,2021-2022,Other,1.0,Justin Che,2021-2022,Other,1.0,Stefano Sensi,2021-2022,Other,1.0
Martin Suchomel,2025-2026,0,Unknown,Thomas Müller,2025-2026,Unknown,1.0,Cristian Portu,2025-2026,Forward,1.0,Mateusz Praszelik,2021-2022,Other,1.0,Jeyland Mitchell,2025-2026,Unknown,0.9999,Douglas Luiz,2025-2026,Unknown,0.9999
Adamo Nagalo,2025-2026,0,Unknown,Banhie Zoukrou,2021-2022,Other,1.0,Cenk Tosun,2021-2022,Other,1.0,Kayky Chagas,2021-2022,Other,1.0,Francesco Camarda,2025-2026,Other,1.0,Idjessi Metsoko,2025-2026,Unknown,1.0
Alen Mustafić,2025-2026,0,Other,Samuel Iling-Junior,2025-2026,Other,1.0,Gijs Smal,2025-2026,Unknown,1.0,Waniss Taibi,2021-2022,Other,1.0,Tariqe Fosu,2021-2022,Other,1.0,Florenzi,2021-2022,Defender,1.0
Jarell Quansah,2025-2026,0,Unknown,Aleksandr Kokorin,2021-2022,Unknown,1.0,Nelson Sissoko,2021-2022,Other,1.0,Mengi,2021-2022,Defender,1.0,Myles Lewis-Skelly,2025-2026,Unknown,1.0,Rafiki Said Ahamada,2021-2022,Other,1.0
Jonas Rouhi,2025-2026,0,Unknown,Konstantin Schopp,2025-2026,Unknown,1.0,Giuliano Simeone,2025-2026,Unknown,1.0,Iván Romero,2021-2022,Forward,1.0,Jon Gorenc Stanković,2025-2026,Other,1.0,Kacper Urbanski,2025-2026,Other,1.0
Ayman Azhil,2025-2026,0,Midfielder,Tim Lemperle,2021-2022,Other,1.0,Soma Novothny,2021-2022,Other,1.0,Kassoum Ouattara,2025-2026,Other,1.0,Chris Führich,2025-2026,Other,0.9999,Vasilije Adžić,2025-2026,Other,0.9999
Konstantin Schopp,2025-2026,0,Unknown,Jonas Rouhi,2025-2026,Unknown,1.0,Giuliano Simeone,2025-2026,Unknown,1.0,Iván Romero,2021-2022,Forward,1.0,Jon Gorenc Stanković,2025-2026,Other,1.0,Kacper Urbanski,2025-2026,Other,1.0
Martin Ødegaard,2025-2026,0,Unknown,Min-su Kim,2025-2026,Unknown,1.0,Matteo Ruggeri,2025-2026,Other,1.0,Lednev,2021-2022,Midfielder,1.0,CJ Egan-Riley,2021-2022,Unknown,1.0,Luka Romero,2021-2022,Other,1.0
Chiesa,2025-2026,0,Forward,Emre Can,2021-2022,Unknown,1.0,Vinicius Tobias,2025-2026,Other,1.0,Conor Bradley,2025-2026,Unknown,1.0,Ander Martin,2021-2022,Other,1.0,Charles Boli,2021-2022,Other,0.9999
Courtois,2021-2022,1,Goalkeeper,Rulli,2021-2022,Goalkeeper,0.9999,Ederson,2021-2022,Unknown,0.9988,Alisson Becker,2021-2022,Unknown,0.9972,Neuer,2021-2022,Unknown,0.9959,Rafael Leão,2021-2022,Unknown,0.9947
Vinícius Júnior,2021-2022,1,Unknown,Mahrez,2021-2022,Midfielder,1.0,Lang,2021-2022,Forward,1.0,Rafa Mir,2021-2022,Forward,1.0,Zapata,2021-2022,Forward,1.0,Nuno Mendes,2021-2022,Unknown,1.0
Benzema,2021-2022,1,Forward,Chiesa,2021-2022,Forward,1.0,Aaronson,2021-2022,Midfielder,1.0,Serhou Guirassy,2025-2026,Unknown,1.0,Haaland,2021-2022,Forward,1.0,Núñez,2021-2022,Forward,1.0
Modrić,2021-2022,1,Midfielder,Vertonghen,2021-2022,Defender,1.0,Savić,2021-2022,Defender,1.0,Edon Zhegrova,2025-2026,Other,1.0,Grimaldo,2021-2022,Defender,1.0,Müller,2021-2022,Forward,1.0
Éder Militão,2021-2022,1,Unknown,Koundé,2021-2022,Defender,1.0,Dmytro Kryskiv,2025-2026,Unknown,1.0,Moumi Ngamaleu,2021-2022,Midfielder,1.0,Feddal,2021-2022,Defender,1.0,F. de Jong,2021-2022,Midfielder,1.0
Alaba,2021-2022,1,Defender,João Cancelo,2021-2022,Unknown,1.0,Azpilicueta,2021-2022,Defender,1.0,Maxence Lacroix,2021-2022,Other,1.0,Škriniar,2021-2022,Defender,1.0,Laporte,2021-2022,Defender,1.0
Carvajal,2021-2022,1,Defender,Christiansen,2021-2022,Midfielder,1.0,Foyth,2021-2022,Defender,1.0,Martínez,2021-2022,Defender,1.0,Feddal,2021-2022,Defender,1.0,Dmytro Kryskiv,2025-2026,Unknown,1.0
Casemiro,2021-2022,1,Unknown,Lenglet,2021-2022,Defender,1.0,Reinildo,2021-2022,Defender,1.0,Shaw,2021-2022,Defender,1.0,Djimsiti,2025-2026,Defender,1.0,Griezmann,2021-2022,Forward,1.0
Kroos,2021-2022,1,Midfielder,Ronald Araújo,2021-2022,Unknown,1.0,T. Hernández,2021-2022,Defender,1.0,Dominik Szoboszlai,2025-2026,Unknown,1.0,Sydorchuk,2021-2022,Midfielder,1.0,Gündoğan,2021-2022,Midfielder,1.0
Mendy,2021-2022,1,Defender,Daizen Maeda,2025-2026,Unknown,1.0,Haller,2021-2022,Forward,1.0,Müller,2021-2022,Forward,1.0,Giménez,2021-2022,Defender,1.0,Malcom,2021-2022,Forward,1.0
Valverde,2021-2022,1,Midfielder,Mané,2021-2022,Midfielder,1.0,Palomino,2021-2022,Defender,1.0,Igor Paixão,2025-2026,Unknown,1.0,Phil Foden,2025-2026,Unknown,1.0,Maghnes Akliouche,2025-2026,Unknown,1.0
Nacho,2021-2022,1,Unknown,Hudson-Odoi,2021-2022,Midfielder,1.0,Perišić,2021-2022,Midfielder,1.0,Cuadrado,2021-2022,Midfielder,1.0,Mukiele,2021-2022,Defender,1.0,Brozović,2021-2022,Midfielder,1.0
Rodrygo,2021-2022,1,Unknown,L. Nielsen,2021-2022,Defender,1.0,Siebatcheu,2021-2022,Forward,1.0,Rafa Silva,2021-2022,Unknown,1.0,Diego Carlos,2021-2022,Unknown,1.0,Brorsson,2021-2022,Defender,1.0
Lucas Vázquez,2021-2022,1,Unknown,Dumfries,2021-2022,Unknown,1.0,J. Timber,2021-2022,Midfielder,1.0,Neres,2021-2022,Forward,1.0,Florian Wirtz,2025-2026,Unknown,1.0,Larsson,2021-2022,Defender,1.0
Camavinga,2021-2022,1,Midfielder,Guram Kashia,2025-2026,Defender,1.0,Kang-in Lee,2025-2026,Forward,1.0,Felipe,2021-2022,Unknown,1.0,John Brooks,2021-2022,Other,1.0,Francisco Conceição,2025-2026,Unknown,1.0
Asensio,2021-2022,1,Forward,Renato Sanches,2021-2022,Unknown,1.0,Claudinho,2021-2022,Midfielder,1.0,Jerdy Schouten,2025-2026,Unknown,1.0,Arnold,2021-2022,Midfielder,1.0,Leandro Trossard,2025-2026,Unknown,1.0
Alisson Becker,2021-2022,1,Unknown,Neuer,2021-2022,Unknown,0.9999,Ederson,2021-2022,Unknown,0.9996,Rafael Leão,2021-2022,Unknown,0.9996,Morato,2021-2022,Unknown,0.9987,Rulli,2021-2022,Goalkeeper,0.9979
Salah,2021-2022,1,Forward,Raphinha,2025-2026,Unknown,1.0,Berghuis,2021-2022,Forward,1.0,Marquinhos,2021-2022,Unknown,1.0,Fassnacht,2021-2022,Midfielder,1.0,Pulišić,2021-2022,Midfielder,1.0
Fabinho,2021-2022,1,Unknown,Witsel,2021-2022,Midfielder,1.0,Piqué,2021-2022,Defender,1.0,Hefti,2021-2022,Defender,1.0,Lo Celso,2021-2022,Midfielder,1.0,Angeliño,2021-2022,Unknown,1.0
Robertson,2021-2022,1,Defender,Wijnaldum,2021-2022,Midfielder,1.0,Rico Lewis,2025-2026,Unknown,1.0,Everton,2021-2022,Unknown,1.0,Tsygankov,2021-2022,Midfielder,1.0,Čolak,2021-2022,Forward,1.0
Mané,2021-2022,1,Midfielder,Valverde,2021-2022,Midfielder,1.0,Igor Paixão,2025-2026,Unknown,1.0,Phil Foden,2025-2026,Unknown,1.0,Palomino,2021-2022,Defender,1.0,Maghnes Akliouche,2025-2026,Unknown,1.0
Van Dijk,2021-2022,1,Defender,Ademola Lookman,2025-2026,Other,1.0,Freuler,2021-2022,Midfielder,1.0,Karim Adeyemi,2025-2026,Unknown,1.0,Ángel Di María,2025-2026,Unknown,1.0,Klaassen,2021-2022,Midfielder,1.0
Alexander-Arnold,2021-2022,1,Defender,Maguire,2021-2022,Defender,1.0,Sučić,2021-2022,Midfielder,1.0,Bradley Barcola,2025-2026,Unknown,1.0,De Ligt,2021-2022,Defender,1.0,Antony,2021-2022,Unknown,1.0
Konaté,2021-2022,1,Defender,Gonçalo Ramos,2021-2022,Unknown,1.0,Christensen,2021-2022,Defender,1.0,Alex Sandro,2021-2022,Unknown,1.0,Cesar Blackman,2025-2026,Unknown,1.0,Rashford,2021-2022,Forward,1.0
Henderson,2021-2022,1,Midfielder,Moreno,2021-2022,Defender,1.0,Kai Havertz,2025-2026,Unknown,1.0,Thiago Alcantara,2021-2022,Unknown,1.0,Maycon,2021-2022,Midfielder,1.0,Weigl,2021-2022,Midfielder,1.0
Matip,2021-2022,1,Unknown,Bonucci,2021-2022,Defender,1.0,Laporte,2021-2022,Defender,1.0,Škriniar,2021-2022,Defender,1.0,Alaba,2021-2022,Defender,1.0,João Cancelo,2021-2022,Unknown,1.0
Thiago Alcantara,2021-2022,1,Unknown,Kai Havertz,2025-2026,Unknown,1.0,Henderson,2021-2022,Midfielder,1.0,Moreno,2021-2022,Defender,1.0,Aebischer,2021-2022,Midfielder,1.0,Zeno Debast,2025-2026,Unknown,1.0
Diogo Jota,2021-2022,1,Unknown,Jordi Alba,2021-2022,Unknown,1.0,Renato Steffen,2021-2022,Other,1.0,Cuadrado,2021-2022,Midfielder,1.0,Perišić,2021-2022,Midfielder,1.0,Hudson-Odoi,2021-2022,Midfielder,1.0
Keïta,2021-2022,1,Midfielder,Cody Gakpo,2025-2026,Unknown,1.0,Luis Díaz,2025-2026,Unknown,1.0,Petar Sučić,2025-2026,Other,1.0,Kovačić,2021-2022,Midfielder,1.0,Otávio,2021-2022,Unknown,1.0
Luis Díaz,2021-2022,1,Unknown,Vidal,2021-2022,Midfielder,1.0,Virgil van Dijk,2025-2026,Unknown,1.0,Innocent,2021-2022,Midfielder,1.0,Gueye,2021-2022,Midfielder,1.0,Julian Brandt,2025-2026,Unknown,1.0
Tsimikas,2021-2022,1,Defender,Deniz Undav,2025-2026,Unknown,1.0,Tolói,2021-2022,Defender,1.0,Christos Tzolis,2025-2026,Unknown,1.0,Trigueros,2021-2022,Midfielder,1.0,Kondogbia,2021-2022,Midfielder,1.0
Firmino,2021-2022,1,Midfielder,Lovren,2021-2022,Defender,1.0,Pedrinho,2021-2022,Midfielder,1.0,Rakitskyy,2021-2022,Defender,1.0,Thiago Silva,2021-2022,Unknown,1.0,Jesus,2021-2022,Forward,1.0
Oxlade-Chamberlain,2021-2022,1,Midfielder,Suso,2021-2022,Unknown,1.0,Sierro,2021-2022,Midfielder,1.0,Ricardo Esgaio,2021-2022,Unknown,1.0,Piero Hincapié,2025-2026,Unknown,1.0,Solet,2021-2022,Defender,1.0
Gomez,2021-2022,1,Defender,Serge Gnabry,2025-2026,Unknown,1.0,Loïs Openda,2025-2026,Unknown,1.0,Jordán,2021-2022,Midfielder,1.0,Nico González,2021-2022,Unknown,1.0,Rafael Leão,2025-2026,Unknown,1.0
Milner,2021-2022,1,Midfielder,Capaldo,2021-2022,Midfielder,1.0,John Stones,2025-2026,Unknown,1.0,Martin Vitík,2025-2026,Defender,1.0,Maximilian Mittelstädt,2025-2026,Other,1.0,Adamu,2021-2022,Forward,1.0
Origi,2021-2022,1,Forward,João Neves,2025-2026,Unknown,1.0,Felix Nmecha,2025-2026,Unknown,1.0,Emerson,2025-2026,Unknown,1.0,Peña,2021-2022,Midfielder,1.0,Uribe,2021-2022,Midfielder,1.0
Jones,2021-2022,1,Midfielder,Guilavogui,2021-2022,Midfielder,1.0,Kulusevski,2021-2022,Midfielder,1.0,Sead Kolasinac,2025-2026,Unknown,1.0,Oscar Gloukh,2025-2026,Midfielder,1.0,Di María,2021-2022,Forward,1.0
N. Williams,2021-2022,1,Defender,Ardon Jashari,2025-2026,Unknown,1.0,Tsimikas,2025-2026,Defender,1.0,Rugani,2021-2022,Defender,1.0,Matić,2021-2022,Midfielder,1.0,Maxime Bernauer,2025-2026,Defender,1.0
Pau Torres,2021-2022,1,Unknown,Christian Pulisic,2025-2026,Unknown,1.0,Buyalskiy,2021-2022,Midfielder,1.0,Robert Lewandowski,2025-2026,Unknown,1.0,Sandro Kulenović,2025-2026,Forward,0.9999,Danjuma,2021-2022,Midfielder,0.9999
Rulli,2021-2022,1,Goalkeeper,Courtois,2021-2022,Goalkeeper,0.9999,Ederson,2021-2022,Unknown,0.9993,Alisson Becker,2021-2022,Unknown,0.9979,Neuer,2021-2022,Unknown,0.9968,Rafael Leão,2021-2022,Unknown,0.9957
Daniel Parejo,2021-2022,1,Other,Tadić,2021-2022,Forward,1.0,Jesús Navas,2021-2022,Unknown,1.0,Batshuayi,2021-2022,Forward,1.0,Jamie Gittens,2025-2026,Unknown,1.0,Mykolenko,2021-2022,Defender,1.0
Capoue,2021-2022,1,Midfielder,Zappacosta,2021-2022,Defender,1.0,Arne Engels,2025-2026,Unknown,1.0,Süle,2021-2022,Defender,1.0,Matviyenko,2021-2022,Defender,1.0,Theo Hernández,2025-2026,Unknown,1.0
Albiol,2021-2022,1,Defender,Stones,2021-2022,Defender,1.0,Georgiy Sudakov,2025-2026,Midfielder,1.0,Raphaël Guerreiro,2025-2026,Unknown,1.0,Maxence Lacroix,2021-2022,Other,1.0,Antoine Griezmann,2025-2026,Unknown,1.0
Ederson,2021-2022,1,Unknown,Alisson Becker,2021-2022,Unknown,0.9996,Rulli,2021-2022,Goalkeeper,0.9993,Neuer,2021-2022,Unknown,0.9991,Courtois,2021-2022,Goalkeeper,0.9988,Rafael Leão,2021-2022,Unknown,0.9985
Mahrez,2021-2022,1,Midfielder,Vinícius Júnior,2021-2022,Unknown,1.0,Lang,2021-2022,Forward,1.0,Rafa Mir,2021-2022,Forward,1.0,Zapata,2021-2022,Forward,1.0,Nuno Mendes,2021-2022,Unknown,1.0
Danjuma,2021-2022,1,Midfielder,Sandro Kulenović,2025-2026,Forward,1.0,Núñez,2021-2022,Forward,1.0,Aaronson,2021-2022,Midfielder,1.0,Robert Lewandowski,2025-2026,Unknown,1.0,Chiesa,2021-2022,Forward,1.0
Vertonghen,2021-2022,1,Defender,Modrić,2021-2022,Midfielder,1.0,Savić,2021-2022,Defender,1.0,Edon Zhegrova,2025-2026,Other,1.0,Müller,2021-2022,Forward,1.0,Daizen Maeda,2025-2026,Unknown,1.0
Foyth,2021-2022,1,Defender,Carvajal,2021-2022,Defender,1.0,Christiansen,2021-2022,Midfielder,1.0,Martínez,2021-2022,Defender,1.0,Feddal,2021-2022,Defender,1.0,Dmytro Kryskiv,2025-2026,Unknown,1.0
Bernardo Silva,2021-2022,1,Unknown,Harry Kane,2025-2026,Unknown,1.0,Cristiano,2021-2022,Defender,1.0,Sané,2021-2022,Midfielder,1.0,Nuno Santos,2025-2026,Forward,1.0,Hakimi,2021-2022,Unknown,1.0
Lewandowski,2021-2022,1,Forward,Mbappé,2021-2022,Forward,1.0,Morata,2021-2022,Forward,1.0,Malen,2021-2022,Forward,1.0,Rits,2021-2022,Midfielder,1.0,Vanaken,2021-2022,Midfielder,1.0
Grimaldo,2021-2022,1,Defender,Coman,2021-2022,Forward,1.0,Edon Zhegrova,2025-2026,Other,1.0,Matheus Reis,2021-2022,Unknown,1.0,Modrić,2021-2022,Midfielder,1.0,Vertonghen,2021-2022,Defender,1.0
Rodri,2021-2022,1,Unknown,Zinchenko,2021-2022,Defender,1.0,Fermín López,2025-2026,Unknown,1.0,Xeka,2021-2022,Unknown,1.0,Gravenberch,2021-2022,Midfielder,1.0,André,2021-2022,Unknown,1.0
João Cancelo,2021-2022,1,Unknown,Azpilicueta,2021-2022,Defender,1.0,Alaba,2021-2022,Defender,1.0,Maxence Lacroix,2021-2022,Other,1.0,Raphaël Guerreiro,2025-2026,Unknown,1.0,Škriniar,2021-2022,Defender,1.0
Rüdiger,2021-2022,1,Defender,Vanaken,2025-2026,Midfielder,1.0,Walker,2021-2022,Defender,1.0,Wendel,2021-2022,Midfielder,1.0,Dybala,2021-2022,Forward,1.0,Fonte,2021-2022,Defender,1.0
Reinildo,2021-2022,1,Defender,Lenglet,2021-2022,Defender,1.0,Casemiro,2021-2022,Unknown,1.0,Griezmann,2021-2022,Forward,1.0,Shaw,2021-2022,Defender,1.0,Djimsiti,2025-2026,Defender,1.0
Neuer,2021-2022,1,Unknown,Rafael Leão,2021-2022,Unknown,0.9999,Alisson Becker,2021-2022,Unknown,0.9999,Morato,2021-2022,Unknown,0.9994,Ederson,2021-2022,Unknown,0.9991,Rulli,2021-2022,Goalkeeper,0.9968
Weigl,2021-2022,1,Midfielder,Maycon,2021-2022,Midfielder,1.0,Lamine Yamal,2025-2026,Unknown,1.0,Upamecano,2021-2022,Defender,1.0,Moreno,2021-2022,Defender,1.0,Brozović,2021-2022,Midfielder,1.0
Otamendi,2021-2022,1,Defender,Kévin Théophile-Catherine,2025-2026,Defender,1.0,Castañeda,2021-2022,Midfielder,1.0,Ryan Gravenberch,2025-2026,Unknown,1.0,L. Hernández,2021-2022,Defender,1.0,Camara,2021-2022,Midfielder,1.0
Sané,2021-2022,1,Midfielder,Nuno Santos,2025-2026,Forward,1.0,Hakimi,2021-2022,Unknown,1.0,Bernardo Silva,2021-2022,Unknown,1.0,Harry Kane,2025-2026,Unknown,1.0,Messi,2021-2022,Forward,1.0
Laporte,2021-2022,1,Defender,Škriniar,2021-2022,Defender,1.0,Alaba,2021-2022,Defender,1.0,João Cancelo,2021-2022,Unknown,1.0,Azpilicueta,2021-2022,Defender,1.0,Matip,2021-2022,Unknown,1.0
Müller,2021-2022,1,Forward,Daizen Maeda,2025-2026,Unknown,1.0,Haller,2021-2022,Forward,1.0,Malcom,2021-2022,Forward,1.0,Modrić,2021-2022,Midfielder,1.0,Edon Zhegrova,2025-2026,Other,1.0
Pavard,2021-2022,1,Unknown,Leandro Trossard,2025-2026,Unknown,1.0,Arnold,2021-2022,Midfielder,1.0,Meunier,2021-2022,Defender,1.0,Dodô,2021-2022,Defender,1.0,Larin,2021-2022,Forward,1.0
Thiago Silva,2021-2022,1,Unknown,Pedrinho,2021-2022,Midfielder,1.0,Jesus,2021-2022,Forward,1.0,Firmino,2021-2022,Midfielder,1.0,Lovren,2021-2022,Defender,1.0,Rakitskyy,2021-2022,Defender,1.0
De Bruyne,2021-2022,1,Midfielder,Demiral,2021-2022,Defender,1.0,Kylian Mbappé,2025-2026,Unknown,1.0,Declan Rice,2025-2026,Unknown,1.0,Sydorchuk,2021-2022,Midfielder,1.0,Dominik Szoboszlai,2025-2026,Unknown,1.0
Škriniar,2021-2022,1,Defender,Laporte,2021-2022,Defender,1.0,Alaba,2021-2022,Defender,1.0,João Cancelo,2021-2022,Unknown,1.0,Azpilicueta,2021-2022,Defender,1.0,Matip,2021-2022,Unknown,1.0
Kristensen,2021-2022,1,Defender,Emre Can,2025-2026,Unknown,1.0,Varane,2021-2022,Defender,1.0,Aké,2021-2022,Defender,1.0,De Paul,2021-2022,Midfielder,1.0,Rade Krunic,2025-2026,Unknown,1.0
Martínez,2021-2022,1,Defender,Christiansen,2021-2022,Midfielder,1.0,Carvajal,2021-2022,Defender,1.0,Feddal,2021-2022,Defender,1.0,Dmytro Kryskiv,2025-2026,Unknown,1.0,Foyth,2021-2022,Defender,1.0
Marquinhos,2021-2022,1,Unknown,Fassnacht,2021-2022,Midfielder,1.0,Salah,2021-2022,Forward,1.0,Raphinha,2025-2026,Unknown,1.0,Berghuis,2021-2022,Forward,1.0,Pulišić,2021-2022,Midfielder,1.0
Fonte,2021-2022,1,Defender,Miguel Gutiérrez,2025-2026,Defender,1.0,Sérgio Oliveira,2021-2022,Unknown,1.0,Wendel,2021-2022,Midfielder,1.0,Walker,2021-2022,Defender,1.0,Rüdiger,2021-2022,Defender,1.0
Hakimi,2021-2022,1,Unknown,Nuno Santos,2025-2026,Forward,1.0,Sané,2021-2022,Midfielder,1.0,Bernardo Silva,2021-2022,Unknown,1.0,Harry Kane,2025-2026,Unknown,1.0,Messi,2021-2022,Forward,1.0
Ulmer,2021-2022,1,Defender,Mykola Matviyenko,2025-2026,Defender,1.0,Bastoni,2021-2022,Unknown,1.0,Renato Steffen,2021-2022,Other,1.0,Larin,2021-2022,Forward,1.0,Pavard,2021-2022,Unknown,1.0
Gilberto,2021-2022,1,Unknown,Grealish,2021-2022,Midfielder,1.0,Ikoné,2021-2022,Midfielder,1.0,Marlon,2021-2022,Defender,1.0,Bernardeschi,2021-2022,Midfielder,1.0,Pierre Kalulu,2025-2026,Unknown,1.0
Aaronson,2021-2022,1,Midfielder,Chiesa,2021-2022,Forward,1.0,Benzema,2021-2022,Forward,1.0,Núñez,2021-2022,Forward,1.0,Serhou Guirassy,2025-2026,Unknown,1.0,Danjuma,2021-2022,Midfielder,1.0
Rafa Silva,2021-2022,1,Unknown,Brorsson,2021-2022,Defender,1.0,Rodrygo,2021-2022,Unknown,1.0,L. Nielsen,2021-2022,Defender,1.0,Siebatcheu,2021-2022,Forward,1.0,Diego Carlos,2021-2022,Unknown,1.0
Gravenberch,2021-2022,1,Midfielder,André,2021-2022,Unknown,1.0,Xeka,2021-2022,Unknown,1.0,Zinchenko,2021-2022,Defender,1.0,Alphonso Davies,2025-2026,Unknown,1.0,Rodri,2021-2022,Unknown,1.0
Kimmich,2021-2022,1,Midfielder,Weston McKennie,2025-2026,Unknown,1.0,Pino,2021-2022,Forward,1.0,Ryan Flamingo,2025-2026,Unknown,1.0,Sterling,2021-2022,Forward,1.0,Marcos Llorente,2021-2022,Unknown,1.0
Marcos Llorente,2021-2022,1,Unknown,Cesar Blackman,2025-2026,Unknown,1.0,Christensen,2021-2022,Defender,1.0,Konaté,2021-2022,Defender,1.0,Kimmich,2021-2022,Midfielder,1.0,Weston McKennie,2025-2026,Unknown,1.0
Azpilicueta,2021-2022,1,Defender,João Cancelo,2021-2022,Unknown,1.0,Alaba,2021-2022,Defender,1.0,Maxence Lacroix,2021-2022,Other,1.0,Raphaël Guerreiro,2025-2026,Unknown,1.0,Škriniar,2021-2022,Defender,1.0
David,2021-2022,1,Forward,Greenwood,2021-2022,Forward,1.0,De Ketelaere,2021-2022,Forward,1.0,Sutormin,2021-2022,Midfielder,1.0,Lukaku,2021-2022,Forward,0.9999,Luis Suárez,2021-2022,Unknown,0.9999
Mbappé,2021-2022,1,Forward,Morata,2021-2022,Forward,1.0,Malen,2021-2022,Forward,1.0,Rits,2021-2022,Midfielder,1.0,Vanaken,2021-2022,Midfielder,1.0,Lewandowski,2021-2022,Forward,1.0
Havertz,2021-2022,1,Midfielder,Qazim Laçi,2025-2026,Midfielder,1.0,Kenan Bajrić,2025-2026,Defender,1.0,James,2021-2022,Defender,1.0,Kjær,2021-2022,Defender,1.0,Grimaldo,2025-2026,Defender,1.0
Camara,2021-2022,1,Midfielder,Ryan Gravenberch,2025-2026,Unknown,1.0,Shaparenko,2021-2022,Midfielder,1.0,Joel Ordóñez,2025-2026,Unknown,1.0,Giroud,2021-2022,Forward,1.0,Locatelli,2021-2022,Midfielder,1.0
Haller,2021-2022,1,Forward,Daizen Maeda,2025-2026,Unknown,1.0,Müller,2021-2022,Forward,1.0,Malcom,2021-2022,Forward,1.0,Modrić,2021-2022,Midfielder,1.0,Edon Zhegrova,2025-2026,Other,1.0
Bastoni,2021-2022,1,Unknown,Larin,2021-2022,Forward,1.0,Mykola Matviyenko,2025-2026,Defender,1.0,Ulmer,2021-2022,Defender,1.0,Pavard,2021-2022,Unknown,1.0,Leandro Trossard,2025-2026,Unknown,1.0
Koke,2021-2022,1,Unknown,Brandt,2021-2022,Midfielder,1.0,Gnabry,2021-2022,Forward,1.0,Montero,2021-2022,Defender,1.0,Jorginho,2021-2022,Unknown,1.0,Akanji,2021-2022,Defender,1.0
Rúben Dias,2021-2022,1,Unknown,Guus Til,2025-2026,Unknown,1.0,Kimpembe,2021-2022,Defender,1.0,Musiala,2021-2022,Midfielder,1.0,Danilo,2021-2022,Unknown,1.0,Blind,2021-2022,Defender,1.0
Mazraoui,2021-2022,1,Defender,Estupiñán,2021-2022,Defender,1.0,Hakan Çalhanoglu,2021-2022,Unknown,1.0,Lindelöf,2021-2022,Defender,1.0,Theo Hernández,2025-2026,Unknown,1.0,Angeliño,2021-2022,Unknown,1.0
Gündoğan,2021-2022,1,Midfielder,De Vrij,2021-2022,Defender,1.0,Ronald Araújo,2021-2022,Unknown,1.0,Kroos,2021-2022,Midfielder,1.0,Vlahović,2025-2026,Forward,1.0,T. Hernández,2021-2022,Defender,1.0
Upamecano,2021-2022,1,Defender,Brozović,2021-2022,Midfielder,1.0,Mukiele,2021-2022,Defender,1.0,Lamine Yamal,2025-2026,Unknown,1.0,Weigl,2021-2022,Midfielder,1.0,Maycon,2021-2022,Midfielder,1.0
Foden,2021-2022,1,Midfielder,Viktor Gyökeres,2025-2026,Unknown,1.0,Syrota,2021-2022,Defender,1.0,Juanpe,2025-2026,Unknown,1.0,Wijnaldum,2021-2022,Midfielder,1.0,Kaan Kairinen,2025-2026,Other,1.0
Seiwald,2021-2022,1,Midfielder,Mbemba,2021-2022,Defender,1.0,Oleksandr Zubkov,2025-2026,Midfielder,1.0,Barella,2021-2022,Unknown,1.0,Álvarez,2021-2022,Midfielder,1.0,Victor  Olatunji,2025-2026,Other,1.0
Estupiñán,2021-2022,1,Defender,Mazraoui,2021-2022,Defender,1.0,Lindelöf,2021-2022,Defender,1.0,Hakan Çalhanoglu,2021-2022,Unknown,1.0,Theo Hernández,2025-2026,Unknown,1.0,Angeliño,2021-2022,Unknown,1.0
Stones,2021-2022,1,Defender,Albiol,2021-2022,Defender,1.0,Georgiy Sudakov,2025-2026,Midfielder,1.0,Raphaël Guerreiro,2025-2026,Unknown,1.0,Maxence Lacroix,2021-2022,Other,1.0,Azpilicueta,2021-2022,Defender,1.0
Brozović,2021-2022,1,Midfielder,Upamecano,2021-2022,Defender,1.0,Mukiele,2021-2022,Defender,1.0,Lamine Yamal,2025-2026,Unknown,1.0,Weigl,2021-2022,Midfielder,1.0,Maycon,2021-2022,Midfielder,1.0
Coman,2021-2022,1,Forward,Edon Zhegrova,2025-2026,Other,1.0,Matheus Reis,2021-2022,Unknown,1.0,Modrić,2021-2022,Midfielder,1.0,Müller,2021-2022,Forward,1.0,Daizen Maeda,2025-2026,Unknown,1.0
Messi,2021-2022,1,Forward,Sancho,2021-2022,Midfielder,1.0,Hakimi,2021-2022,Unknown,1.0,Matheus Nunes,2021-2022,Unknown,1.0,Nuno Santos,2025-2026,Forward,1.0,Pedro Porro,2021-2022,Unknown,1.0
Tadić,2021-2022,1,Forward,Daniel Parejo,2021-2022,Other,1.0,Jesús Navas,2021-2022,Unknown,1.0,Batshuayi,2021-2022,Forward,1.0,Jamie Gittens,2025-2026,Unknown,1.0,Diego Carlos,2021-2022,Unknown,1.0
André,2021-2022,1,Unknown,Gravenberch,2021-2022,Midfielder,1.0,Xeka,2021-2022,Unknown,1.0,Zinchenko,2021-2022,Defender,1.0,Alphonso Davies,2025-2026,Unknown,1.0,N'Sakala,2021-2022,Defender,1.0
Kimpembe,2021-2022,1,Defender,Rúben Dias,2021-2022,Unknown,1.0,Guus Til,2025-2026,Unknown,1.0,Musiala,2021-2022,Midfielder,1.0,Blind,2021-2022,Defender,1.0,Danilo,2021-2022,Unknown,1.0
Berghuis,2021-2022,1,Forward,Raphinha,2025-2026,Unknown,1.0,Salah,2021-2022,Forward,1.0,Marquinhos,2021-2022,Unknown,1.0,Fassnacht,2021-2022,Midfielder,1.0,Pulišić,2021-2022,Midfielder,1.0
De Ligt,2021-2022,1,Defender,Bradley Barcola,2025-2026,Unknown,1.0,André Silva,2021-2022,Unknown,1.0,Takumi Minamino,2025-2026,Unknown,1.0,Maguire,2021-2022,Defender,1.0,Alexander-Arnold,2021-2022,Defender,1.0
Núñez,2021-2022,1,Forward,Danjuma,2021-2022,Midfielder,1.0,Sandro Kulenović,2025-2026,Forward,1.0,Aaronson,2021-2022,Midfielder,1.0,Chiesa,2021-2022,Forward,1.0,Benzema,2021-2022,Forward,1.0
Matheus Reis,2021-2022,1,Unknown,Coman,2021-2022,Forward,1.0,Grimaldo,2021-2022,Defender,1.0,Edon Zhegrova,2025-2026,Other,1.0,Modrić,2021-2022,Midfielder,1.0,Vertonghen,2021-2022,Defender,1.0
Ronaldo,2021-2022,1,Forward,João Félix,2021-2022,Unknown,1.0,Elia,2021-2022,Forward,1.0,Iličić,2021-2022,Midfielder,1.0,Kerem Aktürkoglu,2025-2026,Unknown,1.0,Haaland,2021-2022,Forward,1.0
Adeyemi,2021-2022,1,Forward,Ocampos,2021-2022,Midfielder,1.0,Nicolas Kühn,2025-2026,Unknown,1.0,Filip Panák,2025-2026,Unknown,1.0,Neymar,2021-2022,Unknown,1.0,Reus,2021-2022,Midfielder,1.0
Christensen,2021-2022,1,Defender,Cesar Blackman,2025-2026,Unknown,1.0,Marcos Llorente,2021-2022,Unknown,1.0,Konaté,2021-2022,Defender,1.0,Gonçalo Ramos,2021-2022,Unknown,1.0,Alex Sandro,2021-2022,Unknown,1.0
Zeki Çelik,2021-2022,1,Unknown,Taremi,2021-2022,Forward,1.0,Takumi Minamino,2025-2026,Unknown,1.0,André Silva,2021-2022,Unknown,1.0,De Ligt,2021-2022,Defender,1.0,Bradley Barcola,2025-2026,Unknown,1.0
Giménez,2021-2022,1,Defender,Malcom,2021-2022,Forward,1.0,Haller,2021-2022,Forward,1.0,Mendy,2021-2022,Defender,1.0,Daizen Maeda,2025-2026,Unknown,1.0,Müller,2021-2022,Forward,1.0
Paulinho,2021-2022,1,Unknown,Azmoun,2021-2022,Forward,1.0,Tijjani Reijnders,2025-2026,Unknown,1.0,Džeko,2021-2022,Forward,1.0,Werner,2021-2022,Forward,1.0,Chukwueze,2021-2022,Midfielder,1.0
Sterling,2021-2022,1,Forward,Ryan Flamingo,2025-2026,Unknown,1.0,Pino,2021-2022,Forward,1.0,Weston McKennie,2025-2026,Unknown,1.0,Kimmich,2021-2022,Midfielder,1.0,Christiansen,2021-2022,Midfielder,1.0
Nuno Mendes,2021-2022,1,Unknown,S. Thill,2021-2022,Midfielder,1.0,Zapata,2021-2022,Forward,1.0,Vinícius Júnior,2021-2022,Unknown,1.0,Nkunku,2021-2022,Midfielder,1.0,Traore,2021-2022,Midfielder,1.0
Bonucci,2021-2022,1,Defender,Matip,2021-2022,Unknown,1.0,Maghnes Akliouche,2025-2026,Unknown,1.0,Phil Foden,2025-2026,Unknown,1.0,Igor Paixão,2025-2026,Unknown,1.0,Laporte,2021-2022,Defender,1.0
Kondogbia,2021-2022,1,Midfielder,Trigueros,2021-2022,Midfielder,1.0,Christos Tzolis,2025-2026,Unknown,1.0,Deniz Undav,2025-2026,Unknown,1.0,Tsimikas,2021-2022,Defender,1.0,Trent Alexander-Arnold,2025-2026,Unknown,1.0
De Paul,2021-2022,1,Midfielder,Aké,2021-2022,Defender,1.0,Varane,2021-2022,Defender,1.0,Alonso,2021-2022,Defender,1.0,Nsoki,2021-2022,Defender,1.0,Kristensen,2021-2022,Defender,1.0
Antony,2021-2022,1,Unknown,Klaassen,2021-2022,Midfielder,1.0,Ángel Di María,2025-2026,Unknown,1.0,Sučić,2021-2022,Midfielder,1.0,Alexander-Arnold,2021-2022,Defender,1.0,Maguire,2021-2022,Defender,1.0
Walker,2021-2022,1,Defender,Wendel,2021-2022,Midfielder,1.0,Rüdiger,2021-2022,Defender,1.0,Vanaken,2025-2026,Midfielder,1.0,Fonte,2021-2022,Defender,1.0,Miguel Gutiérrez,2025-2026,Defender,1.0
João Félix,2021-2022,1,Unknown,Elia,2021-2022,Forward,1.0,Coates,2021-2022,Defender,1.0,Ronaldo,2021-2022,Forward,1.0,Kerem Aktürkoglu,2025-2026,Unknown,1.0,Kuzyaev,2021-2022,Midfielder,1.0
Wöber,2021-2022,1,Defender,Zeno Debast,2025-2026,Unknown,1.0,Valentin Rosier,2021-2022,Defender,1.0,Aebischer,2021-2022,Midfielder,1.0,Thiago Alcantara,2021-2022,Unknown,1.0,Kai Havertz,2025-2026,Unknown,1.0
Blind,2021-2022,1,Defender,Douglas Santos,2021-2022,Defender,1.0,Kimpembe,2021-2022,Defender,1.0,Rúben Dias,2021-2022,Unknown,1.0,Dulanto,2021-2022,Defender,1.0,Guus Til,2025-2026,Unknown,1.0
L. Hernández,2021-2022,1,Defender,De Roon,2021-2022,Midfielder,1.0,Achraf Hakimi,2025-2026,Unknown,1.0,Castañeda,2021-2022,Midfielder,1.0,Kévin Théophile-Catherine,2025-2026,Defender,1.0,Callum McGregor,2025-2026,Unknown,1.0
J. Timber,2021-2022,1,Midfielder,Dumfries,2021-2022,Unknown,1.0,Lucas Vázquez,2021-2022,Unknown,1.0,Florian Wirtz,2025-2026,Unknown,1.0,Neres,2021-2022,Forward,1.0,Zappacosta,2025-2026,Defender,1.0
Jorginho,2021-2022,1,Unknown,Akanji,2021-2022,Defender,1.0,Grimaldo,2025-2026,Defender,1.0,Koke,2021-2022,Unknown,1.0,James,2021-2022,Defender,1.0,Kenan Bajrić,2025-2026,Defender,1.0
Gonçalo Inacio,2021-2022,1,Unknown,Vanaken,2021-2022,Midfielder,1.0,Rits,2021-2022,Midfielder,1.0,Malen,2021-2022,Forward,1.0,Morata,2021-2022,Forward,1.0,Mbappé,2021-2022,Forward,1.0
Álvarez,2021-2022,1,Midfielder,Barella,2021-2022,Unknown,1.0,Mbemba,2021-2022,Defender,1.0,Seiwald,2021-2022,Midfielder,1.0,Gueye,2021-2022,Midfielder,1.0,Oleksandr Zubkov,2025-2026,Midfielder,1.0
Alex Sandro,2021-2022,1,Unknown,Gonçalo Ramos,2021-2022,Unknown,1.0,Rashford,2021-2022,Forward,1.0,Konaté,2021-2022,Defender,1.0,Christensen,2021-2022,Defender,1.0,Cesar Blackman,2025-2026,Unknown,1.0
Alonso,2021-2022,1,Defender,Nsoki,2021-2022,Defender,1.0,Griezmann,2021-2022,Forward,1.0,Reinildo,2021-2022,Defender,1.0,De Paul,2021-2022,Midfielder,1.0,Lenglet,2021-2022,Defender,1.0
Everton,2021-2022,1,Unknown,Rico Lewis,2025-2026,Unknown,1.0,Tsygankov,2021-2022,Midfielder,1.0,Čolak,2021-2022,Forward,1.0,Robertson,2021-2022,Defender,1.0,Hendry,2021-2022,Defender,1.0
Džeko,2021-2022,1,Forward,Chukwueze,2021-2022,Midfielder,1.0,Yaremchuk,2021-2022,Forward,1.0,Erling Haaland,2025-2026,Unknown,1.0,Azmoun,2021-2022,Forward,1.0,Paulinho,2021-2022,Unknown,1.0
Vanaken,2021-2022,1,Midfielder,Rits,2021-2022,Midfielder,1.0,Malen,2021-2022,Forward,1.0,Morata,2021-2022,Forward,1.0,Mbappé,2021-2022,Forward,1.0,Gonçalo Inacio,2021-2022,Unknown,1.0
S. Thill,2021-2022,1,Midfielder,Nuno Mendes,2021-2022,Unknown,1.0,Zapata,2021-2022,Forward,1.0,Nkunku,2021-2022,Midfielder,1.0,Traore,2021-2022,Midfielder,1.0,Vinícius Júnior,2021-2022,Unknown,1.0
Coates,2021-2022,1,Defender,Ronaldo,2021-2022,Forward,1.0,João Félix,2021-2022,Unknown,1.0,Elia,2021-2022,Forward,1.0,Iličić,2021-2022,Midfielder,1.0,Kerem Aktürkoglu,2025-2026,Unknown,1.0
Arnold,2021-2022,1,Midfielder,Leandro Trossard,2025-2026,Unknown,1.0,Pavard,2021-2022,Unknown,1.0,Meunier,2021-2022,Defender,1.0,Dodô,2021-2022,Defender,1.0,Onguéné,2021-2022,Defender,1.0
Cristiano,2021-2022,1,Defender,Harry Kane,2025-2026,Unknown,1.0,Bernardo Silva,2021-2022,Unknown,1.0,Mohamed Salah,2025-2026,Unknown,1.0,Sané,2021-2022,Midfielder,1.0,Nuno Santos,2025-2026,Forward,1.0
Zabarnyi,2021-2022,1,Defender,Clinton Mata,2021-2022,Unknown,1.0,Kaan Kairinen,2025-2026,Other,1.0,Juanpe,2025-2026,Unknown,1.0,Matheus Reis,2021-2022,Unknown,1.0,Syrota,2021-2022,Defender,1.0
Fernando,2021-2022,1,Unknown,Dybala,2021-2022,Forward,1.0,Dulanto,2021-2022,Defender,1.0,Douglas Santos,2021-2022,Defender,1.0,Vanaken,2025-2026,Midfielder,1.0,Rüdiger,2021-2022,Defender,1.0
Fernando Costanza,2021-2022,1,Defender,Maxim De Cuyper,2025-2026,Unknown,1.0,Nico Schlotterbeck,2025-2026,Unknown,1.0,Orkun Kökçü,2025-2026,Unknown,1.0,João Mário,2021-2022,Unknown,1.0,Pjanic,2021-2022,Midfielder,1.0
Dodô,2021-2022,1,Defender,Onguéné,2021-2022,Defender,1.0,Meunier,2021-2022,Defender,1.0,Arnold,2021-2022,Midfielder,1.0,Leandro Trossard,2025-2026,Unknown,1.0,Pavard,2021-2022,Unknown,1.0
Barrios,2021-2022,1,Midfielder,Rabiot,2021-2022,Midfielder,1.0,Fred,2021-2022,Unknown,1.0,Bellingham,2021-2022,Midfielder,1.0,Nicolás Otamendi,2025-2026,Unknown,1.0,McKennie,2021-2022,Midfielder,1.0
Maxence Lacroix,2021-2022,1,Other,Raphaël Guerreiro,2025-2026,Unknown,1.0,Azpilicueta,2021-2022,Defender,1.0,João Cancelo,2021-2022,Unknown,1.0,Alaba,2021-2022,Defender,1.0,Škriniar,2021-2022,Defender,1.0
Hendry,2021-2022,1,Defender,Čolak,2021-2022,Forward,1.0,Tsygankov,2021-2022,Midfielder,1.0,Zeki Çelik,2021-2022,Unknown,1.0,Taremi,2021-2022,Forward,1.0,Everton,2021-2022,Unknown,1.0
Arboleda,2021-2022,1,Defender,David,2021-2022,Forward,1.0,Greenwood,2021-2022,Forward,1.0,De Ketelaere,2021-2022,Forward,1.0,Sutormin,2021-2022,Midfielder,1.0,Lukaku,2021-2022,Forward,0.9999
Dulanto,2021-2022,1,Defender,Douglas Santos,2021-2022,Defender,1.0,Fernando,2021-2022,Unknown,1.0,Dybala,2021-2022,Forward,1.0,Blind,2021-2022,Defender,1.0,Vanaken,2025-2026,Midfielder,1.0
Locatelli,2021-2022,1,Midfielder,Garcia,2021-2022,Defender,1.0,Giroud,2021-2022,Forward,1.0,Joel Ordóñez,2025-2026,Unknown,1.0,Shaparenko,2021-2022,Midfielder,1.0,Camara,2021-2022,Midfielder,1.0
Diego Carlos,2021-2022,1,Unknown,Siebatcheu,2021-2022,Forward,1.0,L. Nielsen,2021-2022,Defender,1.0,Rodrygo,2021-2022,Unknown,1.0,Rafa Silva,2021-2022,Unknown,1.0,Brorsson,2021-2022,Defender,1.0
Mount,2021-2022,1,Midfielder,Iñigo Martínez,2025-2026,Unknown,1.0,Bamba,2021-2022,Forward,1.0,Tetê,2021-2022,Forward,1.0,Hakan Çalhanoglu,2025-2026,Unknown,1.0,L. Nmecha,2021-2022,Forward,1.0
Rabiot,2021-2022,1,Midfielder,Barrios,2021-2022,Midfielder,1.0,Bellingham,2021-2022,Midfielder,1.0,Nicolás Otamendi,2025-2026,Unknown,1.0,Fred,2021-2022,Unknown,1.0,Pepe,2021-2022,Unknown,1.0
Sydorchuk,2021-2022,1,Midfielder,Dominik Szoboszlai,2025-2026,Unknown,1.0,T. Hernández,2021-2022,Defender,1.0,Kroos,2021-2022,Midfielder,1.0,Ronald Araújo,2021-2022,Unknown,1.0,Gündoğan,2021-2022,Midfielder,1.0
Maguire,2021-2022,1,Defender,Alexander-Arnold,2021-2022,Defender,1.0,Sučić,2021-2022,Midfielder,1.0,Bradley Barcola,2025-2026,Unknown,1.0,De Ligt,2021-2022,Defender,1.0,Antony,2021-2022,Unknown,1.0
João Palhinha,2021-2022,1,Unknown,Joshua Kimmich,2025-2026,Unknown,1.0,Vanderson,2025-2026,Unknown,1.0,Grujić,2021-2022,Midfielder,1.0,Ilkay Gündogan,2025-2026,Unknown,1.0,Thilo Kehrer,2025-2026,Unknown,1.0
Tiago Djaló,2021-2022,1,Unknown,Kędziora,2021-2022,Defender,1.0,Verissimo,2021-2022,Defender,1.0,Rashford,2021-2022,Forward,1.0,Alex Sandro,2021-2022,Unknown,1.0,Gonçalo Ramos,2021-2022,Unknown,1.0
Moumi Ngamaleu,2021-2022,1,Midfielder,F. de Jong,2021-2022,Midfielder,1.0,L. Nmecha,2021-2022,Forward,1.0,Koundé,2021-2022,Defender,1.0,Éder Militão,2021-2022,Unknown,1.0,Iñigo Martínez,2025-2026,Unknown,1.0
Perišić,2021-2022,1,Midfielder,Hudson-Odoi,2021-2022,Midfielder,1.0,Cuadrado,2021-2022,Midfielder,1.0,Nacho,2021-2022,Unknown,1.0,Mukiele,2021-2022,Defender,1.0,Brozović,2021-2022,Midfielder,1.0
Nkunku,2021-2022,1,Midfielder,Traore,2021-2022,Midfielder,1.0,S. Thill,2021-2022,Midfielder,1.0,Nuno Mendes,2021-2022,Unknown,1.0,Zapata,2021-2022,Forward,1.0,Vinícius Júnior,2021-2022,Unknown,1.0
Traore,2021-2022,1,Midfielder,Nkunku,2021-2022,Midfielder,1.0,S. Thill,2021-2022,Midfielder,1.0,Nuno Mendes,2021-2022,Unknown,1.0,Zapata,2021-2022,Forward,1.0,Vinícius Júnior,2021-2022,Unknown,1.0
Burak Yılmaz,2021-2022,1,Forward,Mehdi Taremi,2025-2026,Unknown,1.0,Rieks,2021-2022,Midfielder,1.0,Buyalskiy,2021-2022,Midfielder,1.0,Antoni Milambo,2025-2026,Unknown,1.0,Christian Pulisic,2025-2026,Unknown,1.0
Pedro Porro,2021-2022,1,Unknown,Matheus Nunes,2021-2022,Unknown,1.0,Sancho,2021-2022,Midfielder,1.0,Messi,2021-2022,Forward,1.0,Pulišić,2021-2022,Midfielder,1.0,Fassnacht,2021-2022,Midfielder,1.0
Lang,2021-2022,1,Forward,Rafa Mir,2021-2022,Forward,1.0,Mahrez,2021-2022,Midfielder,1.0,Vinícius Júnior,2021-2022,Unknown,1.0,Zapata,2021-2022,Forward,1.0,Nuno Mendes,2021-2022,Unknown,1.0
Clinton Mata,2021-2022,1,Unknown,Zabarnyi,2021-2022,Defender,1.0,Kaan Kairinen,2025-2026,Other,1.0,Juanpe,2025-2026,Unknown,1.0,Matheus Reis,2021-2022,Unknown,1.0,Syrota,2021-2022,Defender,1.0
Freuler,2021-2022,1,Midfielder,Ademola Lookman,2025-2026,Other,1.0,Karim Adeyemi,2025-2026,Unknown,1.0,Van Dijk,2021-2022,Defender,1.0,Pašalić,2021-2022,Midfielder,1.0,Ángel Di María,2025-2026,Unknown,1.0
Depay,2021-2022,1,Forward,Luis Suárez,2021-2022,Unknown,1.0,Lukaku,2021-2022,Forward,1.0,Brahim Díaz,2021-2022,Unknown,1.0,Alex Telles,2021-2022,Unknown,1.0,Nahuel Molina,2025-2026,Unknown,1.0
Gerard Moreno,2021-2022,1,Unknown,Pedro Gonçalves,2021-2022,Unknown,1.0,Kuzyaev,2021-2022,Midfielder,1.0,Werner,2021-2022,Forward,1.0,Kerem Aktürkoglu,2025-2026,Unknown,1.0,Tijjani Reijnders,2025-2026,Unknown,1.0
Lo Celso,2021-2022,1,Midfielder,Hefti,2021-2022,Defender,1.0,Piqué,2021-2022,Defender,1.0,Willi Orbán,2025-2026,Unknown,1.0,Weghorst,2021-2022,Forward,1.0,Witsel,2021-2022,Midfielder,1.0
F. de Jong,2021-2022,1,Midfielder,Moumi Ngamaleu,2021-2022,Midfielder,1.0,L. Nmecha,2021-2022,Forward,1.0,Koundé,2021-2022,Defender,1.0,Iñigo Martínez,2025-2026,Unknown,1.0,Éder Militão,2021-2022,Unknown,1.0
Morata,2021-2022,1,Forward,Mbappé,2021-2022,Forward,1.0,Malen,2021-2022,Forward,1.0,Rits,2021-2022,Midfielder,1.0,Vanaken,2021-2022,Midfielder,1.0,Lewandowski,2021-2022,Forward,1.0
Bruno Fernandes,2021-2022,1,Unknown,Jesus,2021-2022,Forward,1.0,Thiago Silva,2021-2022,Unknown,1.0,Pedrinho,2021-2022,Midfielder,1.0,Sérgio Oliveira,2021-2022,Unknown,1.0,Miguel Gutiérrez,2025-2026,Defender,1.0
Griezmann,2021-2022,1,Forward,Casemiro,2021-2022,Unknown,1.0,Davies,2021-2022,Midfielder,1.0,De Paul,2021-2022,Midfielder,1.0,Emre Can,2025-2026,Unknown,1.0,Pjanic,2021-2022,Midfielder,1.0
Sučić,2021-2022,1,Midfielder,Alexander-Arnold,2021-2022,Defender,1.0,Maguire,2021-2022,Defender,1.0,Bradley Barcola,2025-2026,Unknown,1.0,De Ligt,2021-2022,Defender,1.0,Antony,2021-2022,Unknown,1.0
Süle,2021-2022,1,Defender,Matviyenko,2021-2022,Defender,1.0,Pierre Kalulu,2025-2026,Unknown,1.0,Arne Engels,2025-2026,Unknown,1.0,Zappacosta,2021-2022,Defender,1.0,Capoue,2021-2022,Midfielder,1.0
Yaremchuk,2021-2022,1,Forward,Erling Haaland,2025-2026,Unknown,1.0,Chukwueze,2021-2022,Midfielder,1.0,Džeko,2021-2022,Forward,1.0,Lewandowski,2021-2022,Forward,1.0,Azmoun,2021-2022,Forward,1.0
Sarabia,2021-2022,1,Forward,Szoboszlai,2021-2022,Midfielder,1.0,Antoni Milambo,2025-2026,Unknown,1.0,Rieks,2021-2022,Midfielder,1.0,Nahuel Molina,2025-2026,Unknown,0.9999,Alex Telles,2021-2022,Unknown,0.9999
Matheus Nunes,2021-2022,1,Unknown,Pedro Porro,2021-2022,Unknown,1.0,Sancho,2021-2022,Midfielder,1.0,Messi,2021-2022,Forward,1.0,Pulišić,2021-2022,Midfielder,1.0,Fassnacht,2021-2022,Midfielder,1.0
James,2021-2022,1,Defender,Kenan Bajrić,2025-2026,Defender,1.0,Grimaldo,2025-2026,Defender,1.0,Havertz,2021-2022,Midfielder,1.0,Qazim Laçi,2025-2026,Midfielder,1.0,Akanji,2021-2022,Defender,1.0
Aebischer,2021-2022,1,Midfielder,Zeno Debast,2025-2026,Unknown,1.0,Wöber,2021-2022,Defender,1.0,Valentin Rosier,2021-2022,Defender,1.0,Thiago Alcantara,2021-2022,Unknown,1.0,Kai Havertz,2025-2026,Unknown,1.0
Bellingham,2021-2022,1,Midfielder,Nicolás Otamendi,2025-2026,Unknown,1.0,Rabiot,2021-2022,Midfielder,1.0,Barrios,2021-2022,Midfielder,1.0,Fred,2021-2022,Unknown,1.0,Pepe,2021-2022,Unknown,1.0
Zinchenko,2021-2022,1,Defender,Xeka,2021-2022,Unknown,1.0,Rodri,2021-2022,Unknown,1.0,Gravenberch,2021-2022,Midfielder,1.0,André,2021-2022,Unknown,1.0,Fermín López,2025-2026,Unknown,1.0
De Ketelaere,2021-2022,1,Forward,Sutormin,2021-2022,Midfielder,1.0,Greenwood,2021-2022,Forward,1.0,David,2021-2022,Forward,1.0,Lukaku,2021-2022,Forward,0.9998,Luis Suárez,2021-2022,Unknown,0.9998
Čolak,2021-2022,1,Forward,Tsygankov,2021-2022,Midfielder,1.0,Everton,2021-2022,Unknown,1.0,Rico Lewis,2025-2026,Unknown,1.0,Zeki Çelik,2021-2022,Unknown,1.0,Taremi,2021-2022,Forward,1.0
Reus,2021-2022,1,Midfielder,Karavaev,2021-2022,Defender,1.0,Filip Panák,2025-2026,Unknown,1.0,Nicolas Kühn,2025-2026,Unknown,1.0,Ocampos,2021-2022,Midfielder,1.0,Adeyemi,2021-2022,Forward,1.0
Rakitskyy,2021-2022,1,Defender,Lovren,2021-2022,Defender,1.0,Firmino,2021-2022,Midfielder,1.0,Kjær,2021-2022,Defender,1.0,Pedrinho,2021-2022,Midfielder,1.0,Thiago Silva,2021-2022,Unknown,1.0
Barella,2021-2022,1,Unknown,Álvarez,2021-2022,Midfielder,1.0,Mbemba,2021-2022,Defender,1.0,Seiwald,2021-2022,Midfielder,1.0,Oleksandr Zubkov,2025-2026,Midfielder,1.0,Gueye,2021-2022,Midfielder,1.0
Innocent,2021-2022,1,Midfielder,Julian Brandt,2025-2026,Unknown,1.0,Trincão,2025-2026,Forward,1.0,Vidal,2021-2022,Midfielder,1.0,Luis Díaz,2021-2022,Unknown,1.0,Virgil van Dijk,2025-2026,Unknown,1.0
Taremi,2021-2022,1,Forward,Zeki Çelik,2021-2022,Unknown,1.0,Takumi Minamino,2025-2026,Unknown,1.0,André Silva,2021-2022,Unknown,1.0,Bradley Barcola,2025-2026,Unknown,1.0,Sučić,2021-2022,Midfielder,1.0
João Mário,2021-2022,1,Unknown,Orkun Kökçü,2025-2026,Unknown,1.0,Dávid Hancko,2025-2026,Unknown,1.0,N'Sakala,2021-2022,Defender,1.0,Alphonso Davies,2025-2026,Unknown,1.0,Maxim De Cuyper,2025-2026,Unknown,1.0
Addo,2021-2022,1,Midfielder,Matheus Nunes,2025-2026,Unknown,1.0,Manuel Akanji,2025-2026,Unknown,1.0,Garmash,2021-2022,Midfielder,1.0,Adams,2021-2022,Midfielder,1.0,Kampl,2021-2022,Midfielder,1.0
Tsygankov,2021-2022,1,Midfielder,Čolak,2021-2022,Forward,1.0,Everton,2021-2022,Unknown,1.0,Rico Lewis,2025-2026,Unknown,1.0,Hendry,2021-2022,Defender,1.0,Robertson,2021-2022,Defender,1.0
Elia,2021-2022,1,Forward,João Félix,2021-2022,Unknown,1.0,Ronaldo,2021-2022,Forward,1.0,Kerem Aktürkoglu,2025-2026,Unknown,1.0,Kuzyaev,2021-2022,Midfielder,1.0,Gerard Moreno,2021-2022,Unknown,1.0
De Vrij,2021-2022,1,Defender,Gündoğan,2021-2022,Midfielder,1.0,Vlahović,2025-2026,Forward,1.0,Ronald Araújo,2021-2022,Unknown,1.0,Kroos,2021-2022,Midfielder,1.0,T. Hernández,2021-2022,Defender,1.0
Sergio Busquets,2021-2022,1,Unknown,Correa,2021-2022,Forward,1.0,Angelo Stiller,2025-2026,Other,1.0,Loftus-Cheek,2021-2022,Forward,1.0,McTominay,2021-2022,Midfielder,1.0,Hermoso,2021-2022,Defender,1.0
Shaparenko,2021-2022,1,Midfielder,Camara,2021-2022,Midfielder,1.0,Ryan Gravenberch,2025-2026,Unknown,1.0,Joel Ordóñez,2025-2026,Unknown,1.0,Giroud,2021-2022,Forward,1.0,Locatelli,2021-2022,Midfielder,1.0
Mukiele,2021-2022,1,Defender,Brozović,2021-2022,Midfielder,1.0,Upamecano,2021-2022,Defender,1.0,Lamine Yamal,2025-2026,Unknown,1.0,Weigl,2021-2022,Midfielder,1.0,Maycon,2021-2022,Midfielder,1.0
Wendel,2021-2022,1,Midfielder,Walker,2021-2022,Defender,1.0,Fonte,2021-2022,Defender,1.0,Rüdiger,2021-2022,Defender,1.0,Miguel Gutiérrez,2025-2026,Defender,1.0,Vanaken,2025-2026,Midfielder,1.0
Meunier,2021-2022,1,Defender,Dodô,2021-2022,Defender,1.0,Onguéné,2021-2022,Defender,1.0,Arnold,2021-2022,Midfielder,1.0,Leandro Trossard,2025-2026,Unknown,1.0,Pavard,2021-2022,Unknown,1.0
De Roon,2021-2022,1,Midfielder,L. Hernández,2021-2022,Defender,1.0,Achraf Hakimi,2025-2026,Unknown,1.0,Castañeda,2021-2022,Midfielder,1.0,Kévin Théophile-Catherine,2025-2026,Defender,1.0,Callum McGregor,2025-2026,Unknown,1.0
Nsoki,2021-2022,1,Defender,Alonso,2021-2022,Defender,1.0,Griezmann,2021-2022,Forward,1.0,Reinildo,2021-2022,Defender,1.0,Lenglet,2021-2022,Defender,1.0,De Paul,2021-2022,Midfielder,1.0
Renan Lodi,2021-2022,1,Unknown,Dalot,2021-2022,Defender,1.0,Ousmane Dembélé,2025-2026,Unknown,1.0,Kovačić,2021-2022,Midfielder,1.0,Petar Sučić,2025-2026,Other,1.0,Dimarco,2021-2022,Unknown,1.0
Davies,2021-2022,1,Midfielder,Djimsiti,2025-2026,Defender,1.0,Shaw,2021-2022,Defender,1.0,Casemiro,2021-2022,Unknown,1.0,Lenglet,2021-2022,Defender,1.0,Reinildo,2021-2022,Defender,1.0
Maycon,2021-2022,1,Midfielder,Weigl,2021-2022,Midfielder,1.0,Lamine Yamal,2025-2026,Unknown,1.0,Moreno,2021-2022,Defender,1.0,Upamecano,2021-2022,Defender,1.0,Brozović,2021-2022,Midfielder,1.0
Cuadrado,2021-2022,1,Midfielder,Perišić,2021-2022,Midfielder,1.0,Hudson-Odoi,2021-2022,Midfielder,1.0,Nacho,2021-2022,Unknown,1.0,Jordi Alba,2021-2022,Unknown,1.0,Diogo Jota,2021-2022,Unknown,1.0
Felipe,2021-2022,1,Unknown,John Brooks,2021-2022,Other,1.0,Francisco Conceição,2025-2026,Unknown,1.0,Carvajal,2025-2026,Defender,1.0,Djimsiti,2021-2022,Defender,1.0,Camavinga,2021-2022,Midfielder,1.0
Witsel,2021-2022,1,Midfielder,Fabinho,2021-2022,Unknown,1.0,Piqué,2021-2022,Defender,1.0,Hefti,2021-2022,Defender,1.0,Lo Celso,2021-2022,Midfielder,1.0,Willi Orbán,2025-2026,Unknown,1.0
Neymar,2021-2022,1,Unknown,Rafa Mir,2021-2022,Forward,1.0,Lang,2021-2022,Forward,1.0,Adeyemi,2021-2022,Forward,1.0,Mahrez,2021-2022,Midfielder,1.0,Vinícius Júnior,2021-2022,Unknown,1.0
Bamba,2021-2022,1,Forward,Tetê,2021-2022,Forward,1.0,Hakan Çalhanoglu,2025-2026,Unknown,1.0,Mount,2021-2022,Midfielder,1.0,Iñigo Martínez,2025-2026,Unknown,1.0,Jerdy Schouten,2025-2026,Unknown,1.0
Dumfries,2021-2022,1,Unknown,J. Timber,2021-2022,Midfielder,1.0,Lucas Vázquez,2021-2022,Unknown,1.0,Florian Wirtz,2025-2026,Unknown,1.0,Neres,2021-2022,Forward,1.0,Zappacosta,2025-2026,Defender,1.0
Goretzka,2021-2022,1,Midfielder,Ziyech,2021-2022,Midfielder,1.0,Antonio Rüdiger,2025-2026,Unknown,1.0,Bukayo Saka,2025-2026,Unknown,1.0,Fernandinho,2021-2022,Unknown,1.0,Bentancur,2021-2022,Midfielder,1.0
Zapata,2021-2022,1,Forward,Nuno Mendes,2021-2022,Unknown,1.0,S. Thill,2021-2022,Midfielder,1.0,Vinícius Júnior,2021-2022,Unknown,1.0,Mahrez,2021-2022,Midfielder,1.0,Lang,2021-2022,Forward,1.0
Coquelin,2021-2022,1,Midfielder,Alexander Bah,2025-2026,Unknown,1.0,Brendan Chardonnet,2025-2026,Unknown,1.0,Karim Konaté,2025-2026,Other,1.0,Willian Pacho,2025-2026,Unknown,1.0,Amadou Haidara,2025-2026,Unknown,1.0
Ocampos,2021-2022,1,Midfielder,Adeyemi,2021-2022,Forward,1.0,Nicolas Kühn,2025-2026,Unknown,1.0,Filip Panák,2025-2026,Unknown,1.0,Reus,2021-2022,Midfielder,1.0,Karavaev,2021-2022,Defender,1.0
Lauper,2021-2022,1,Midfielder,Garcia,2021-2022,Defender,1.0,Koundé,2025-2026,Defender,1.0,Enzo Millot,2025-2026,Other,1.0,Locatelli,2021-2022,Midfielder,1.0,Giroud,2021-2022,Forward,1.0
Grealish,2021-2022,1,Midfielder,Ikoné,2021-2022,Midfielder,1.0,Gilberto,2021-2022,Unknown,1.0,Bernardeschi,2021-2022,Midfielder,1.0,Marlon,2021-2022,Defender,1.0,Valentin Rosier,2021-2022,Defender,1.0
Claudinho,2021-2022,1,Midfielder,Botman,2021-2022,Defender,1.0,Jerdy Schouten,2025-2026,Unknown,1.0,Renato Sanches,2021-2022,Unknown,1.0,Asensio,2021-2022,Forward,1.0,Hakan Çalhanoglu,2025-2026,Unknown,1.0
Otávio,2021-2022,1,Unknown,Nasser Djiga,2025-2026,Other,1.0,Luis Díaz,2025-2026,Unknown,1.0,Keïta,2021-2022,Midfielder,1.0,Jamie Leweling,2025-2026,Other,1.0,Cody Gakpo,2025-2026,Unknown,1.0
Feddal,2021-2022,1,Defender,Dmytro Kryskiv,2025-2026,Unknown,1.0,Martínez,2021-2022,Defender,1.0,Christiansen,2021-2022,Midfielder,1.0,Carvajal,2021-2022,Defender,1.0,Foyth,2021-2022,Defender,1.0
Palomino,2021-2022,1,Defender,Declan Rice,2025-2026,Unknown,1.0,Kylian Mbappé,2025-2026,Unknown,1.0,Valverde,2021-2022,Midfielder,1.0,Mané,2021-2022,Midfielder,1.0,De Bruyne,2021-2022,Midfielder,1.0
T. Hernández,2021-2022,1,Defender,Dominik Szoboszlai,2025-2026,Unknown,1.0,Sydorchuk,2021-2022,Midfielder,1.0,Kroos,2021-2022,Midfielder,1.0,Ronald Araújo,2021-2022,Unknown,1.0,Gündoğan,2021-2022,Midfielder,1.0
Danilo,2021-2022,1,Unknown,Musiala,2021-2022,Midfielder,1.0,Liam Scales,2025-2026,Other,1.0,Guus Til,2025-2026,Unknown,1.0,Rúben Dias,2021-2022,Unknown,1.0,Rachid Ghezzal,2021-2022,Forward,1.0
Mykolenko,2021-2022,1,Defender,Diego Carlos,2021-2022,Unknown,1.0,Siebatcheu,2021-2022,Forward,1.0,L. Nielsen,2021-2022,Defender,1.0,Rodrygo,2021-2022,Unknown,1.0,Jamie Gittens,2025-2026,Unknown,1.0
Syrota,2021-2022,1,Defender,Viktor Gyökeres,2025-2026,Unknown,1.0,Juanpe,2025-2026,Unknown,1.0,Kaan Kairinen,2025-2026,Other,1.0,Foden,2021-2022,Midfielder,1.0,Clinton Mata,2021-2022,Unknown,1.0
Koundé,2021-2022,1,Defender,Éder Militão,2021-2022,Unknown,1.0,Moumi Ngamaleu,2021-2022,Midfielder,1.0,F. de Jong,2021-2022,Midfielder,1.0,L. Nmecha,2021-2022,Forward,1.0,Dmytro Kryskiv,2025-2026,Unknown,1.0
Savić,2021-2022,1,Defender,Vertonghen,2021-2022,Defender,1.0,Modrić,2021-2022,Midfielder,1.0,Müller,2021-2022,Forward,1.0,Daizen Maeda,2025-2026,Unknown,1.0,Mendy,2021-2022,Defender,1.0
Akanji,2021-2022,1,Defender,Jorginho,2021-2022,Unknown,1.0,Grimaldo,2025-2026,Defender,1.0,James,2021-2022,Defender,1.0,Kenan Bajrić,2025-2026,Defender,1.0,Koke,2021-2022,Unknown,1.0
L. Nielsen,2021-2022,1,Defender,Siebatcheu,2021-2022,Forward,1.0,Diego Carlos,2021-2022,Unknown,1.0,Rodrygo,2021-2022,Unknown,1.0,Rafa Silva,2021-2022,Unknown,1.0,Brorsson,2021-2022,Defender,1.0
Marlon,2021-2022,1,Defender,Gilberto,2021-2022,Unknown,1.0,Pierre Kalulu,2025-2026,Unknown,1.0,Grealish,2021-2022,Midfielder,1.0,Ikoné,2021-2022,Midfielder,1.0,Matviyenko,2021-2022,Defender,1.0
Mbemba,2021-2022,1,Defender,Seiwald,2021-2022,Midfielder,1.0,Barella,2021-2022,Unknown,1.0,Oleksandr Zubkov,2025-2026,Midfielder,1.0,Álvarez,2021-2022,Midfielder,1.0,Victor  Olatunji,2025-2026,Other,1.0
Musiala,2021-2022,1,Midfielder,Guus Til,2025-2026,Unknown,1.0,Rúben Dias,2021-2022,Unknown,1.0,Danilo,2021-2022,Unknown,1.0,Kimpembe,2021-2022,Defender,1.0,Liam Scales,2025-2026,Other,1.0
Brorsson,2021-2022,1,Defender,Rafa Silva,2021-2022,Unknown,1.0,Rodrygo,2021-2022,Unknown,1.0,L. Nielsen,2021-2022,Defender,1.0,Siebatcheu,2021-2022,Forward,1.0,Diego Carlos,2021-2022,Unknown,1.0
Ziyech,2021-2022,1,Midfielder,Goretzka,2021-2022,Midfielder,1.0,Antonio Rüdiger,2025-2026,Unknown,1.0,Bukayo Saka,2025-2026,Unknown,1.0,Fernandinho,2021-2022,Unknown,1.0,Bentancur,2021-2022,Midfielder,1.0
Saelemaekers,2021-2022,1,Midfielder,Bruno Tabata,2021-2022,Unknown,1.0,Chalobah,2021-2022,Defender,1.0,Lemar,2021-2022,Midfielder,1.0,William Saliba,2025-2026,Unknown,1.0,Pedri,2025-2026,Unknown,1.0
Douglas Santos,2021-2022,1,Defender,Dulanto,2021-2022,Defender,1.0,Blind,2021-2022,Defender,1.0,Fernando,2021-2022,Unknown,1.0,Dybala,2021-2022,Forward,1.0,Kimpembe,2021-2022,Defender,1.0
Chistiakov,2021-2022,1,Defender,Malik Tillman,2025-2026,Unknown,1.0,Simakan,2021-2022,Defender,1.0,Olivier Boscagli,2025-2026,Unknown,1.0,Yann Bisseck,2025-2026,Unknown,1.0,Edimilson Fernandes,2025-2026,Unknown,1.0
Welinton Souza,2021-2022,1,Defender,Vangelis Pavlidis,2025-2026,Unknown,1.0,Josip Mišić,2025-2026,Midfielder,1.0,Abdallah Sima,2025-2026,Unknown,1.0,Rieder,2021-2022,Midfielder,1.0,Gavi,2021-2022,Unknown,1.0
Onguéné,2021-2022,1,Defender,Dodô,2021-2022,Defender,1.0,Meunier,2021-2022,Defender,1.0,Arnold,2021-2022,Midfielder,1.0,Leandro Trossard,2025-2026,Unknown,1.0,Pavard,2021-2022,Unknown,1.0
Buyalskiy,2021-2022,1,Midfielder,Christian Pulisic,2025-2026,Unknown,1.0,Pau Torres,2021-2022,Unknown,1.0,Mehdi Taremi,2025-2026,Unknown,1.0,Burak Yılmaz,2021-2022,Forward,1.0,Robert Lewandowski,2025-2026,Unknown,0.9999
Xeka,2021-2022,1,Unknown,Gravenberch,2021-2022,Midfielder,1.0,André,2021-2022,Unknown,1.0,Zinchenko,2021-2022,Defender,1.0,Rodri,2021-2022,Unknown,1.0,Alphonso Davies,2025-2026,Unknown,1.0
Mæhle,2021-2022,1,Defender,Pessina,2021-2022,Midfielder,1.0,Brorsson,2021-2022,Defender,1.0,Rafa Silva,2021-2022,Unknown,1.0,Malcom,2021-2022,Forward,1.0,Giménez,2021-2022,Defender,1.0
Garcia,2021-2022,1,Defender,Locatelli,2021-2022,Midfielder,1.0,Giroud,2021-2022,Forward,1.0,Joel Ordóñez,2025-2026,Unknown,1.0,Lauper,2021-2022,Midfielder,1.0,Shaparenko,2021-2022,Midfielder,1.0
Malcom,2021-2022,1,Forward,Haller,2021-2022,Forward,1.0,Daizen Maeda,2025-2026,Unknown,1.0,Müller,2021-2022,Forward,1.0,Modrić,2021-2022,Midfielder,1.0,Edon Zhegrova,2025-2026,Other,1.0
Fred,2021-2022,1,Unknown,Barrios,2021-2022,Midfielder,1.0,Rabiot,2021-2022,Midfielder,1.0,McKennie,2021-2022,Midfielder,1.0,Bellingham,2021-2022,Midfielder,1.0,Fermín López,2025-2026,Unknown,1.0
Angeliño,2021-2022,1,Unknown,Lindelöf,2021-2022,Defender,1.0,Fabinho,2021-2022,Unknown,1.0,Witsel,2021-2022,Midfielder,1.0,Piqué,2021-2022,Defender,1.0,Hefti,2021-2022,Defender,1.0
Pedraza,2021-2022,1,Midfielder,Herrera,2021-2022,Midfielder,1.0,C. Martins Pereira,2021-2022,Midfielder,1.0,Zaidu,2021-2022,Defender,1.0,Warren Zaïre-Emery,2025-2026,Unknown,1.0,Sergio Busquets,2021-2022,Unknown,1.0
Pino,2021-2022,1,Forward,Weston McKennie,2025-2026,Unknown,1.0,Kimmich,2021-2022,Midfielder,1.0,Ryan Flamingo,2025-2026,Unknown,1.0,Sterling,2021-2022,Forward,1.0,Marcos Llorente,2021-2022,Unknown,1.0
Verratti,2021-2022,1,Midfielder,Ismael Saibari,2025-2026,Unknown,1.0,Silvère Ganvoula,2025-2026,Unknown,1.0,Edimilson Fernandes,2025-2026,Unknown,1.0,Yann Bisseck,2025-2026,Unknown,1.0,Michael Olise,2025-2026,Unknown,1.0
Guilavogui,2021-2022,1,Midfielder,Jones,2021-2022,Midfielder,1.0,Kulusevski,2021-2022,Midfielder,1.0,Sead Kolasinac,2025-2026,Unknown,1.0,Oscar Gloukh,2025-2026,Midfielder,1.0,Di María,2021-2022,Forward,1.0
Kanté,2021-2022,1,Midfielder,Mechele,2025-2026,Defender,1.0,Thilo Kehrer,2025-2026,Unknown,1.0,Vanderson,2025-2026,Unknown,1.0,Tomás Araújo,2025-2026,Unknown,1.0,João Palhinha,2021-2022,Unknown,1.0
Kovačić,2021-2022,1,Midfielder,Petar Sučić,2025-2026,Other,1.0,Cody Gakpo,2025-2026,Unknown,1.0,Keïta,2021-2022,Midfielder,1.0,Renan Lodi,2021-2022,Unknown,1.0,Dalot,2021-2022,Defender,1.0
Lindelöf,2021-2022,1,Defender,Angeliño,2021-2022,Unknown,1.0,Estupiñán,2021-2022,Defender,1.0,Fabinho,2021-2022,Unknown,1.0,Mazraoui,2021-2022,Defender,1.0,Witsel,2021-2022,Midfielder,1.0
Hermoso,2021-2022,1,Defender,Malinovskyi,2021-2022,Midfielder,1.0,Orbán,2021-2022,Defender,1.0,McTominay,2021-2022,Midfielder,1.0,Loftus-Cheek,2021-2022,Forward,1.0,Angelo Stiller,2025-2026,Other,1.0
C. Martins Pereira,2021-2022,1,Midfielder,Pedraza,2021-2022,Midfielder,1.0,Herrera,2021-2022,Midfielder,1.0,Zaidu,2021-2022,Defender,1.0,Warren Zaïre-Emery,2025-2026,Unknown,1.0,Sergio Busquets,2021-2022,Unknown,1.0
Hakan Çalhanoglu,2021-2022,1,Unknown,Theo Hernández,2025-2026,Unknown,1.0,Mazraoui,2021-2022,Defender,1.0,Estupiñán,2021-2022,Defender,1.0,Capoue,2021-2022,Midfielder,1.0,Zappacosta,2021-2022,Defender,1.0
Wan-Bissaka,2021-2022,1,Defender,Hummels,2021-2022,Defender,1.0,Dayot Upamecano,2025-2026,Unknown,1.0,Núñez,2025-2026,Forward,1.0,Jamal Musiala,2025-2026,Unknown,1.0,Gabriel,2025-2026,Defender,1.0
Tomori,2021-2022,1,Defender,Asensio,2021-2022,Forward,1.0,Renato Sanches,2021-2022,Unknown,1.0,Botman,2021-2022,Defender,1.0,Claudinho,2021-2022,Midfielder,1.0,Jerdy Schouten,2025-2026,Unknown,1.0
Botman,2021-2022,1,Defender,Claudinho,2021-2022,Midfielder,1.0,Renato Sanches,2021-2022,Unknown,1.0,Jerdy Schouten,2025-2026,Unknown,1.0,Asensio,2021-2022,Forward,1.0,Tomori,2021-2022,Defender,1.0
Rits,2021-2022,1,Midfielder,Malen,2021-2022,Forward,1.0,Vanaken,2021-2022,Midfielder,1.0,Morata,2021-2022,Forward,1.0,Mbappé,2021-2022,Forward,1.0,Gonçalo Inacio,2021-2022,Unknown,1.0
Ahmedhodžić,2021-2022,1,Defender,Felício Milson,2025-2026,Unknown,1.0,Raphael Onyedika,2025-2026,Unknown,1.0,Peter Olayinka,2025-2026,Forward,1.0,Muriel,2021-2022,Forward,1.0,Marquinhos,2025-2026,Unknown,1.0
André Silva,2021-2022,1,Unknown,Takumi Minamino,2025-2026,Unknown,1.0,Taremi,2021-2022,Forward,1.0,Zeki Çelik,2021-2022,Unknown,1.0,De Ligt,2021-2022,Defender,1.0,Bradley Barcola,2025-2026,Unknown,1.0
Vidal,2021-2022,1,Midfielder,Luis Díaz,2021-2022,Unknown,1.0,Virgil van Dijk,2025-2026,Unknown,1.0,Innocent,2021-2022,Midfielder,1.0,Julian Brandt,2025-2026,Unknown,1.0,Gueye,2021-2022,Midfielder,1.0
Balanta,2021-2022,1,Midfielder,Benjamin Pavard,2025-2026,Unknown,1.0,Konaté,2025-2026,Defender,1.0,Pau Cubarsí,2025-2026,Unknown,1.0,Soumaula Coulibaly,2025-2026,Other,1.0,Ilkay Gündogan,2025-2026,Unknown,1.0
Renato Sanches,2021-2022,1,Unknown,Botman,2021-2022,Defender,1.0,Claudinho,2021-2022,Midfielder,1.0,Asensio,2021-2022,Forward,1.0,Tomori,2021-2022,Defender,1.0,Jerdy Schouten,2025-2026,Unknown,1.0
Zappacosta,2021-2022,1,Defender,Capoue,2021-2022,Midfielder,1.0,Arne Engels,2025-2026,Unknown,1.0,Süle,2021-2022,Defender,1.0,Matviyenko,2021-2022,Defender,1.0,Pierre Kalulu,2025-2026,Unknown,1.0
Laimer,2021-2022,1,Midfielder,De Sciglio,2021-2022,Defender,1.0,Alan Patrick,2021-2022,Midfielder,1.0,Tonali,2021-2022,Midfielder,1.0,Thomas Partey,2025-2026,Unknown,1.0,Manuel Akanji,2025-2026,Unknown,1.0
Valentin Rosier,2021-2022,1,Defender,Wöber,2021-2022,Defender,1.0,Zeno Debast,2025-2026,Unknown,1.0,Aebischer,2021-2022,Midfielder,1.0,Bernardeschi,2021-2022,Midfielder,1.0,Thiago Alcantara,2021-2022,Unknown,1.0
Correa,2021-2022,1,Forward,Angelo Stiller,2025-2026,Other,1.0,Loftus-Cheek,2021-2022,Forward,1.0,Sergio Busquets,2021-2022,Unknown,1.0,McTominay,2021-2022,Midfielder,1.0,Malinovskyi,2021-2022,Midfielder,1.0
Gueye,2021-2022,1,Midfielder,Virgil van Dijk,2025-2026,Unknown,1.0,Álvarez,2021-2022,Midfielder,1.0,Barella,2021-2022,Unknown,1.0,Luis Díaz,2021-2022,Unknown,1.0,Vidal,2021-2022,Midfielder,1.0
McTominay,2021-2022,1,Midfielder,Loftus-Cheek,2021-2022,Forward,1.0,Angelo Stiller,2025-2026,Other,1.0,Correa,2021-2022,Forward,1.0,Hermoso,2021-2022,Defender,1.0,Malinovskyi,2021-2022,Midfielder,1.0
Gavi,2021-2022,1,Unknown,Abdallah Sima,2025-2026,Unknown,1.0,Kevin Wimmer,2025-2026,Defender,1.0,Josip Mišić,2025-2026,Midfielder,1.0,Vangelis Pavlidis,2025-2026,Unknown,1.0,Jérôme Roussillon,2021-2022,Other,1.0
Weghorst,2021-2022,1,Forward,Willi Orbán,2025-2026,Unknown,1.0,Lo Celso,2021-2022,Midfielder,1.0,Witsel,2021-2022,Midfielder,1.0,Fabinho,2021-2022,Unknown,1.0,Pepe,2021-2022,Unknown,1.0
Shaw,2021-2022,1,Defender,Djimsiti,2025-2026,Defender,1.0,Davies,2021-2022,Midfielder,1.0,Casemiro,2021-2022,Unknown,1.0,Lenglet,2021-2022,Defender,1.0,Reinildo,2021-2022,Defender,1.0
Brandt,2021-2022,1,Midfielder,Gnabry,2021-2022,Forward,1.0,Montero,2021-2022,Defender,1.0,Koke,2021-2022,Unknown,1.0,Jorginho,2021-2022,Unknown,1.0,Vlahović,2025-2026,Forward,1.0
Sancho,2021-2022,1,Midfielder,Messi,2021-2022,Forward,1.0,Matheus Nunes,2021-2022,Unknown,1.0,Pedro Porro,2021-2022,Unknown,1.0,Hakimi,2021-2022,Unknown,1.0,Nuno Santos,2025-2026,Forward,1.0
Piqué,2021-2022,1,Defender,Hefti,2021-2022,Defender,1.0,Lo Celso,2021-2022,Midfielder,1.0,Witsel,2021-2022,Midfielder,1.0,Fabinho,2021-2022,Unknown,1.0,Willi Orbán,2025-2026,Unknown,1.0
Malen,2021-2022,1,Forward,Rits,2021-2022,Midfielder,1.0,Morata,2021-2022,Forward,1.0,Vanaken,2021-2022,Midfielder,1.0,Mbappé,2021-2022,Forward,1.0,Lewandowski,2021-2022,Forward,1.0
Romagnoli,2021-2022,1,Defender,Benjamin Sesko,2025-2026,Unknown,1.0,Marten de Roon,2025-2026,Unknown,1.0,Oxlade-Chamberlain,2021-2022,Midfielder,1.0,Suso,2021-2022,Unknown,1.0,Sierro,2021-2022,Midfielder,1.0
Gnabry,2021-2022,1,Forward,Brandt,2021-2022,Midfielder,1.0,Koke,2021-2022,Unknown,1.0,Vlahović,2025-2026,Forward,1.0,Jorginho,2021-2022,Unknown,1.0,Gündoğan,2021-2022,Midfielder,1.0
Zaidu,2021-2022,1,Defender,Herrera,2021-2022,Midfielder,1.0,Pedraza,2021-2022,Midfielder,1.0,C. Martins Pereira,2021-2022,Midfielder,1.0,Warren Zaïre-Emery,2025-2026,Unknown,1.0,Bentancur,2021-2022,Midfielder,1.0
McKennie,2021-2022,1,Midfielder,Fermín López,2025-2026,Unknown,1.0,Fred,2021-2022,Unknown,1.0,Rodri,2021-2022,Unknown,1.0,Barrios,2021-2022,Midfielder,1.0,Zinchenko,2021-2022,Defender,1.0
Hefti,2021-2022,1,Defender,Piqué,2021-2022,Defender,1.0,Lo Celso,2021-2022,Midfielder,1.0,Witsel,2021-2022,Midfielder,1.0,Willi Orbán,2025-2026,Unknown,1.0,Weghorst,2021-2022,Forward,1.0
Forsberg,2021-2022,1,Forward,Antoine Griezmann,2025-2026,Unknown,1.0,Pašalić,2021-2022,Midfielder,1.0,Georgiy Sudakov,2025-2026,Midfielder,1.0,Karim Adeyemi,2025-2026,Unknown,1.0,Freuler,2021-2022,Midfielder,1.0
Batshuayi,2021-2022,1,Forward,Jesús Navas,2021-2022,Unknown,1.0,Daniel Parejo,2021-2022,Other,1.0,Tadić,2021-2022,Forward,1.0,Jamie Gittens,2025-2026,Unknown,1.0,Traore,2021-2022,Midfielder,1.0
Bentancur,2021-2022,1,Midfielder,Antonio Rüdiger,2025-2026,Unknown,1.0,Warren Zaïre-Emery,2025-2026,Unknown,1.0,Ziyech,2021-2022,Midfielder,1.0,Goretzka,2021-2022,Midfielder,1.0,Bukayo Saka,2025-2026,Unknown,1.0
Ricardo Esgaio,2021-2022,1,Unknown,Sierro,2021-2022,Midfielder,1.0,Suso,2021-2022,Unknown,1.0,Oxlade-Chamberlain,2021-2022,Midfielder,1.0,Piero Hincapié,2025-2026,Unknown,1.0,Solet,2021-2022,Defender,1.0
Acuña,2021-2022,1,Defender,Raoul Bellanova,2025-2026,Unknown,1.0,Jeff Chabot,2025-2026,Unknown,1.0,Di María,2021-2022,Forward,1.0,Rieder,2021-2022,Midfielder,1.0,Jones,2021-2022,Midfielder,1.0
Lemar,2021-2022,1,Midfielder,Pedri,2025-2026,Unknown,1.0,Chalobah,2021-2022,Defender,1.0,Zappacosta,2025-2026,Defender,1.0,Bruno Tabata,2021-2022,Unknown,1.0,Saelemaekers,2021-2022,Midfielder,1.0
Bennacer,2021-2022,1,Midfielder,Tomás Araújo,2025-2026,Unknown,1.0,Vida,2021-2022,Defender,1.0,Kanté,2021-2022,Midfielder,1.0,Mechele,2025-2026,Defender,1.0,Taarabt,2021-2022,Midfielder,1.0
Jordi Alba,2021-2022,1,Unknown,Diogo Jota,2021-2022,Unknown,1.0,Cuadrado,2021-2022,Midfielder,1.0,Renato Steffen,2021-2022,Other,1.0,Perišić,2021-2022,Midfielder,1.0,Hudson-Odoi,2021-2022,Midfielder,1.0
Tetê,2021-2022,1,Forward,Hakan Çalhanoglu,2025-2026,Unknown,1.0,Bamba,2021-2022,Forward,1.0,Mount,2021-2022,Midfielder,1.0,Jerdy Schouten,2025-2026,Unknown,1.0,Iñigo Martínez,2025-2026,Unknown,1.0
Demiral,2021-2022,1,Defender,De Bruyne,2021-2022,Midfielder,1.0,Kylian Mbappé,2025-2026,Unknown,1.0,Declan Rice,2025-2026,Unknown,1.0,Sydorchuk,2021-2022,Midfielder,1.0,Dominik Szoboszlai,2025-2026,Unknown,1.0
Gonçalo Ramos,2021-2022,1,Unknown,Alex Sandro,2021-2022,Unknown,1.0,Rashford,2021-2022,Forward,1.0,Konaté,2021-2022,Defender,1.0,Christensen,2021-2022,Defender,1.0,Cesar Blackman,2025-2026,Unknown,1.0
Luís Neto,2021-2022,1,Unknown,Solet,2021-2022,Defender,1.0,Piero Hincapié,2025-2026,Unknown,1.0,Johan Bakayoko,2025-2026,Unknown,1.0,Ricardo Esgaio,2021-2022,Unknown,1.0,Sierro,2021-2022,Midfielder,1.0
Pulišić,2021-2022,1,Midfielder,Fassnacht,2021-2022,Midfielder,1.0,Marquinhos,2021-2022,Unknown,1.0,Salah,2021-2022,Forward,1.0,Raphinha,2025-2026,Unknown,1.0,Berghuis,2021-2022,Forward,1.0
Ronald Araújo,2021-2022,1,Unknown,Kroos,2021-2022,Midfielder,1.0,T. Hernández,2021-2022,Defender,1.0,Dominik Szoboszlai,2025-2026,Unknown,1.0,Sydorchuk,2021-2022,Midfielder,1.0,Gündoğan,2021-2022,Midfielder,1.0
Kędziora,2021-2022,1,Defender,Tiago Djaló,2021-2022,Unknown,1.0,Rashford,2021-2022,Forward,1.0,Alex Sandro,2021-2022,Unknown,1.0,Gonçalo Ramos,2021-2022,Unknown,1.0,Verissimo,2021-2022,Defender,1.0
Jérôme Roussillon,2021-2022,1,Other,Vinícius Júnior,2025-2026,Unknown,1.0,Teun Koopmeiners,2025-2026,Unknown,1.0,Dest,2021-2022,Defender,1.0,Paredes,2021-2022,Midfielder,1.0,Dahoud,2021-2022,Midfielder,1.0
Tolói,2021-2022,1,Defender,Tsimikas,2021-2022,Defender,1.0,Deniz Undav,2025-2026,Unknown,1.0,Christos Tzolis,2025-2026,Unknown,1.0,Rade Krunic,2025-2026,Unknown,1.0,Trigueros,2021-2022,Midfielder,1.0
Matviyenko,2021-2022,1,Defender,Süle,2021-2022,Defender,1.0,Pierre Kalulu,2025-2026,Unknown,1.0,Arne Engels,2025-2026,Unknown,1.0,Zappacosta,2021-2022,Defender,1.0,Capoue,2021-2022,Midfielder,1.0
Loftus-Cheek,2021-2022,1,Forward,Angelo Stiller,2025-2026,Other,1.0,Correa,2021-2022,Forward,1.0,Sergio Busquets,2021-2022,Unknown,1.0,McTominay,2021-2022,Midfielder,1.0,Malinovskyi,2021-2022,Midfielder,1.0
Hummels,2021-2022,1,Defender,Wan-Bissaka,2021-2022,Defender,1.0,Dayot Upamecano,2025-2026,Unknown,1.0,Núñez,2025-2026,Forward,1.0,Jamal Musiala,2025-2026,Unknown,1.0,Gabriel,2025-2026,Defender,1.0
Castañeda,2021-2022,1,Midfielder,Kévin Théophile-Catherine,2025-2026,Defender,1.0,Otamendi,2021-2022,Defender,1.0,L. Hernández,2021-2022,Defender,1.0,De Roon,2021-2022,Midfielder,1.0,Achraf Hakimi,2025-2026,Unknown,1.0
Klostermann,2021-2022,1,Defender,Pepe,2021-2022,Unknown,1.0,Weghorst,2021-2022,Forward,1.0,Willi Orbán,2025-2026,Unknown,1.0,Lo Celso,2021-2022,Midfielder,1.0,Nicolás Otamendi,2025-2026,Unknown,1.0
Larin,2021-2022,1,Forward,Pavard,2021-2022,Unknown,1.0,Leandro Trossard,2025-2026,Unknown,1.0,Arnold,2021-2022,Midfielder,1.0,Bastoni,2021-2022,Unknown,1.0,Renato Steffen,2021-2022,Other,1.0
Varane,2021-2022,1,Defender,Aké,2021-2022,Defender,1.0,De Paul,2021-2022,Midfielder,1.0,Kristensen,2021-2022,Defender,1.0,Emre Can,2025-2026,Unknown,1.0,Alonso,2021-2022,Defender,1.0
Jesus,2021-2022,1,Forward,Thiago Silva,2021-2022,Unknown,1.0,Pedrinho,2021-2022,Midfielder,1.0,Firmino,2021-2022,Midfielder,1.0,Bruno Fernandes,2021-2022,Unknown,1.0,Qazim Laçi,2025-2026,Midfielder,1.0
Brahim Díaz,2021-2022,1,Unknown,Alex Telles,2021-2022,Unknown,1.0,Nahuel Molina,2025-2026,Unknown,1.0,Depay,2021-2022,Forward,1.0,Luis Suárez,2021-2022,Unknown,0.9999,Sarabia,2021-2022,Forward,0.9999
Pepe,2021-2022,1,Unknown,Klostermann,2021-2022,Defender,1.0,Weghorst,2021-2022,Forward,1.0,Willi Orbán,2025-2026,Unknown,1.0,Nicolás Otamendi,2025-2026,Unknown,1.0,Lo Celso,2021-2022,Midfielder,1.0
Fernandinho,2021-2022,1,Unknown,Bukayo Saka,2025-2026,Unknown,1.0,Goretzka,2021-2022,Midfielder,1.0,Ziyech,2021-2022,Midfielder,1.0,Antonio Rüdiger,2025-2026,Unknown,1.0,Alexsandro,2025-2026,Unknown,1.0
Luis Suárez,2021-2022,1,Unknown,Lukaku,2021-2022,Forward,1.0,Depay,2021-2022,Forward,1.0,Brahim Díaz,2021-2022,Unknown,0.9999,Alex Telles,2021-2022,Unknown,0.9999,Nahuel Molina,2025-2026,Unknown,0.9999
Pogba,2021-2022,1,Midfielder,Maximiliano Araújo,2025-2026,Unknown,1.0,Pau Cubarsí,2025-2026,Unknown,1.0,Dahoud,2021-2022,Midfielder,1.0,Paredes,2021-2022,Midfielder,1.0,Dest,2021-2022,Defender,1.0
Okafor,2021-2022,1,Midfielder,William Bøving,2025-2026,Forward,1.0,Mohamed Salah,2025-2026,Unknown,1.0,Karavaev,2021-2022,Defender,1.0,Reus,2021-2022,Midfielder,1.0,Cristiano,2021-2022,Defender,1.0
Rachid Ghezzal,2021-2022,1,Forward,Liam Scales,2025-2026,Other,1.0,Danilo,2021-2022,Unknown,1.0,Musiala,2021-2022,Midfielder,1.0,Guus Til,2025-2026,Unknown,1.0,Rúben Dias,2021-2022,Unknown,1.0
Lenglet,2021-2022,1,Defender,Casemiro,2021-2022,Unknown,1.0,Reinildo,2021-2022,Defender,1.0,Shaw,2021-2022,Defender,1.0,Djimsiti,2025-2026,Defender,1.0,Griezmann,2021-2022,Forward,1.0
Taarabt,2021-2022,1,Midfielder,Vida,2021-2022,Defender,1.0,Thomas Partey,2025-2026,Unknown,1.0,Bennacer,2021-2022,Midfielder,1.0,Tonali,2021-2022,Midfielder,1.0,Alan Patrick,2021-2022,Midfielder,1.0
Pedrinho,2021-2022,1,Midfielder,Thiago Silva,2021-2022,Unknown,1.0,Firmino,2021-2022,Midfielder,1.0,Jesus,2021-2022,Forward,1.0,Lovren,2021-2022,Defender,1.0,Rakitskyy,2021-2022,Defender,1.0
Siebatcheu,2021-2022,1,Forward,Diego Carlos,2021-2022,Unknown,1.0,Rodrygo,2021-2022,Unknown,1.0,Rafa Silva,2021-2022,Unknown,1.0,Pessina,2021-2022,Midfielder,1.0,Jamie Gittens,2025-2026,Unknown,1.0
Chiesa,2021-2022,1,Forward,Aaronson,2021-2022,Midfielder,1.0,Benzema,2021-2022,Forward,1.0,Núñez,2021-2022,Forward,1.0,Serhou Guirassy,2025-2026,Unknown,1.0,Danjuma,2021-2022,Midfielder,1.0
Gvardiol,2021-2022,1,Defender,Gabriel Gudmundsson,2025-2026,Unknown,1.0,Gabriel,2025-2026,Defender,1.0,Jamal Musiala,2025-2026,Unknown,1.0,Silas,2025-2026,Unknown,1.0,Núñez,2025-2026,Forward,1.0
Tonali,2021-2022,1,Midfielder,Alan Patrick,2021-2022,Midfielder,1.0,Thomas Partey,2025-2026,Unknown,1.0,Laimer,2021-2022,Midfielder,1.0,De Sciglio,2021-2022,Defender,1.0,Taarabt,2021-2022,Midfielder,1.0
Jesús Navas,2021-2022,1,Unknown,Batshuayi,2021-2022,Forward,1.0,Daniel Parejo,2021-2022,Other,1.0,Tadić,2021-2022,Forward,1.0,Jamie Gittens,2025-2026,Unknown,1.0,Traore,2021-2022,Midfielder,1.0
John Brooks,2021-2022,1,Other,Felipe,2021-2022,Unknown,1.0,Francisco Conceição,2025-2026,Unknown,1.0,Carvajal,2025-2026,Defender,1.0,Djimsiti,2021-2022,Defender,1.0,Valeriy Bondar,2025-2026,Defender,1.0
Trigueros,2021-2022,1,Midfielder,Kondogbia,2021-2022,Midfielder,1.0,Christos Tzolis,2025-2026,Unknown,1.0,Deniz Undav,2025-2026,Unknown,1.0,Tsimikas,2021-2022,Defender,1.0,Tolói,2021-2022,Defender,1.0
Pedro Gonçalves,2021-2022,1,Unknown,Gerard Moreno,2021-2022,Unknown,1.0,Werner,2021-2022,Forward,1.0,Kuzyaev,2021-2022,Midfielder,1.0,Kerem Aktürkoglu,2025-2026,Unknown,1.0,Tijjani Reijnders,2025-2026,Unknown,1.0
Kevin Mbabu,2021-2022,1,Other,Kjærgaard,2021-2022,Midfielder,1.0,Morten Hjulmand,2025-2026,Midfielder,1.0,Balde,2025-2026,Defender,1.0,Eric García,2021-2022,Unknown,1.0,Mykhaylo Mudryk,2021-2022,Midfielder,1.0
Solet,2021-2022,1,Defender,Luís Neto,2021-2022,Unknown,1.0,Piero Hincapié,2025-2026,Unknown,1.0,Johan Bakayoko,2025-2026,Unknown,1.0,Ricardo Esgaio,2021-2022,Unknown,1.0,Sierro,2021-2022,Midfielder,1.0
Christiansen,2021-2022,1,Midfielder,Martínez,2021-2022,Defender,1.0,Carvajal,2021-2022,Defender,1.0,Feddal,2021-2022,Defender,1.0,Dmytro Kryskiv,2025-2026,Unknown,1.0,Foyth,2021-2022,Defender,1.0
Jordán,2021-2022,1,Midfielder,Loïs Openda,2025-2026,Unknown,1.0,Gomez,2021-2022,Defender,1.0,Serge Gnabry,2025-2026,Unknown,1.0,Nico González,2021-2022,Unknown,1.0,Rafael Leão,2025-2026,Unknown,1.0
Herrera,2021-2022,1,Midfielder,Pedraza,2021-2022,Midfielder,1.0,Zaidu,2021-2022,Defender,1.0,C. Martins Pereira,2021-2022,Midfielder,1.0,Warren Zaïre-Emery,2025-2026,Unknown,1.0,Sergio Busquets,2021-2022,Unknown,1.0
Garmash,2021-2022,1,Midfielder,Adams,2021-2022,Midfielder,1.0,Kampl,2021-2022,Midfielder,1.0,Karim Konaté,2025-2026,Other,1.0,Addo,2021-2022,Midfielder,1.0,Matheus Nunes,2025-2026,Unknown,1.0
Aké,2021-2022,1,Defender,Varane,2021-2022,Defender,1.0,De Paul,2021-2022,Midfielder,1.0,Kristensen,2021-2022,Defender,1.0,Alonso,2021-2022,Defender,1.0,Nsoki,2021-2022,Defender,1.0
L. Nmecha,2021-2022,1,Forward,F. de Jong,2021-2022,Midfielder,1.0,Moumi Ngamaleu,2021-2022,Midfielder,1.0,Iñigo Martínez,2025-2026,Unknown,1.0,Mount,2021-2022,Midfielder,1.0,Bamba,2021-2022,Forward,1.0
Franck Kessié,2021-2022,1,Other,Isak Hien,2025-2026,Unknown,1.0,Inbeom Hwang,2025-2026,Other,1.0,Mahdi Camara,2025-2026,Other,1.0,Luuk de Jong,2025-2026,Unknown,1.0,Khephren Thuram,2025-2026,Midfielder,1.0
Lukaku,2021-2022,1,Forward,Luis Suárez,2021-2022,Unknown,1.0,Depay,2021-2022,Forward,1.0,David,2021-2022,Forward,0.9999,Greenwood,2021-2022,Forward,0.9999,Brahim Díaz,2021-2022,Unknown,0.9999
Grujić,2021-2022,1,Midfielder,Ilkay Gündogan,2025-2026,Unknown,1.0,Soumaula Coulibaly,2025-2026,Other,1.0,Joshua Kimmich,2025-2026,Unknown,1.0,João Palhinha,2021-2022,Unknown,1.0,Benjamin Pavard,2025-2026,Unknown,1.0
Paredes,2021-2022,1,Midfielder,Dahoud,2021-2022,Midfielder,1.0,Dest,2021-2022,Defender,1.0,Teun Koopmeiners,2025-2026,Unknown,1.0,Vinícius Júnior,2025-2026,Unknown,1.0,Jérôme Roussillon,2021-2022,Other,1.0
Orbán,2021-2022,1,Defender,Malinovskyi,2021-2022,Midfielder,1.0,Hermoso,2021-2022,Defender,1.0,McTominay,2021-2022,Midfielder,1.0,Marten de Roon,2025-2026,Unknown,1.0,Benjamin Sesko,2025-2026,Unknown,1.0
Lovren,2021-2022,1,Defender,Rakitskyy,2021-2022,Defender,1.0,Firmino,2021-2022,Midfielder,1.0,Pedrinho,2021-2022,Midfielder,1.0,Kjær,2021-2022,Defender,1.0,Thiago Silva,2021-2022,Unknown,1.0
Welinton,2021-2022,1,Defender,Van de Beek,2021-2022,Midfielder,1.0,Uroš Spajić,2025-2026,Defender,1.0,Aurélien Tchouaméni,2025-2026,Unknown,1.0,Freuler,2025-2026,Midfielder,1.0,Jude Bellingham,2025-2026,Unknown,1.0
Moreno,2021-2022,1,Defender,Henderson,2021-2022,Midfielder,1.0,Kai Havertz,2025-2026,Unknown,1.0,Thiago Alcantara,2021-2022,Unknown,1.0,Maycon,2021-2022,Midfielder,1.0,Weigl,2021-2022,Midfielder,1.0
Montero,2021-2022,1,Defender,Gnabry,2021-2022,Forward,1.0,Brandt,2021-2022,Midfielder,1.0,Koke,2021-2022,Unknown,1.0,Vlahović,2025-2026,Forward,1.0,De Vrij,2021-2022,Defender,1.0
Vrsaljko,2021-2022,1,Defender,Donny van de Beek,2025-2026,Unknown,1.0,Diallo,2021-2022,Defender,1.0,Reo Hatate,2025-2026,Unknown,1.0,Savinho,2025-2026,Unknown,1.0,Koke,2025-2026,Unknown,1.0
Greenwood,2021-2022,1,Forward,David,2021-2022,Forward,1.0,De Ketelaere,2021-2022,Forward,1.0,Sutormin,2021-2022,Midfielder,1.0,Lukaku,2021-2022,Forward,0.9999,Luis Suárez,2021-2022,Unknown,0.9999
Azmoun,2021-2022,1,Forward,Paulinho,2021-2022,Unknown,1.0,Džeko,2021-2022,Forward,1.0,Tijjani Reijnders,2025-2026,Unknown,1.0,Chukwueze,2021-2022,Midfielder,1.0,Werner,2021-2022,Forward,1.0
Malinovskyi,2021-2022,1,Midfielder,Hermoso,2021-2022,Defender,1.0,Orbán,2021-2022,Defender,1.0,McTominay,2021-2022,Midfielder,1.0,Loftus-Cheek,2021-2022,Forward,1.0,Angelo Stiller,2025-2026,Other,1.0
Sérgio Oliveira,2021-2022,1,Unknown,Miguel Gutiérrez,2025-2026,Defender,1.0,Fonte,2021-2022,Defender,1.0,Wendel,2021-2022,Midfielder,1.0,Walker,2021-2022,Defender,1.0,Bruno Fernandes,2021-2022,Unknown,1.0
Karavaev,2021-2022,1,Defender,Reus,2021-2022,Midfielder,1.0,Filip Panák,2025-2026,Unknown,1.0,Nicolas Kühn,2025-2026,Unknown,1.0,Ocampos,2021-2022,Midfielder,1.0,Adeyemi,2021-2022,Forward,1.0
Sowah,2021-2022,1,Forward,Auston Trusty,2025-2026,Unknown,1.0,Federico Gatti,2025-2026,Unknown,1.0,Jonathan Tah,2025-2026,Unknown,1.0,Fikayo Tomori,2025-2026,Unknown,1.0,Jonathan David,2025-2026,Unknown,1.0
Ikoné,2021-2022,1,Midfielder,Grealish,2021-2022,Midfielder,1.0,Bernardeschi,2021-2022,Midfielder,1.0,Gilberto,2021-2022,Unknown,1.0,Marlon,2021-2022,Defender,1.0,Valentin Rosier,2021-2022,Defender,1.0
Simakan,2021-2022,1,Defender,Chistiakov,2021-2022,Defender,1.0,Olivier Boscagli,2025-2026,Unknown,1.0,Malik Tillman,2025-2026,Unknown,1.0,Amadou Haidara,2025-2026,Unknown,1.0,Willian Pacho,2025-2026,Unknown,1.0
Rafael Leão,2021-2022,1,Unknown,Neuer,2021-2022,Unknown,0.9999,Morato,2021-2022,Unknown,0.9998,Alisson Becker,2021-2022,Unknown,0.9996,Ederson,2021-2022,Unknown,0.9985,Rulli,2021-2022,Goalkeeper,0.9957
Sutormin,2021-2022,1,Midfielder,De Ketelaere,2021-2022,Forward,1.0,Greenwood,2021-2022,Forward,1.0,David,2021-2022,Forward,1.0,Arboleda,2021-2022,Defender,1.0,Lukaku,2021-2022,Forward,0.9998
Alex Telles,2021-2022,1,Unknown,Nahuel Molina,2025-2026,Unknown,1.0,Brahim Díaz,2021-2022,Unknown,1.0,Depay,2021-2022,Forward,1.0,Sarabia,2021-2022,Forward,0.9999,Luis Suárez,2021-2022,Unknown,0.9999
Bernardeschi,2021-2022,1,Midfielder,Ikoné,2021-2022,Midfielder,1.0,Grealish,2021-2022,Midfielder,1.0,Gilberto,2021-2022,Unknown,1.0,Valentin Rosier,2021-2022,Defender,1.0,Wöber,2021-2022,Defender,1.0
Adams,2021-2022,1,Midfielder,Kampl,2021-2022,Midfielder,1.0,Garmash,2021-2022,Midfielder,1.0,Karim Konaté,2025-2026,Other,1.0,Brendan Chardonnet,2025-2026,Unknown,1.0,Coquelin,2021-2022,Midfielder,1.0
Hudson-Odoi,2021-2022,1,Midfielder,Perišić,2021-2022,Midfielder,1.0,Nacho,2021-2022,Unknown,1.0,Cuadrado,2021-2022,Midfielder,1.0,Mukiele,2021-2022,Defender,1.0,Brozović,2021-2022,Midfielder,1.0
Uribe,2021-2022,1,Midfielder,Oscar Gloukh,2025-2026,Midfielder,1.0,Emerson,2025-2026,Unknown,1.0,Felix Nmecha,2025-2026,Unknown,1.0,Sead Kolasinac,2025-2026,Unknown,1.0,João Neves,2025-2026,Unknown,1.0
De Sciglio,2021-2022,1,Defender,Laimer,2021-2022,Midfielder,1.0,Alan Patrick,2021-2022,Midfielder,1.0,Tonali,2021-2022,Midfielder,1.0,Manuel Akanji,2025-2026,Unknown,1.0,Thomas Partey,2025-2026,Unknown,1.0
Dimarco,2021-2022,1,Unknown,Ousmane Dembélé,2025-2026,Unknown,1.0,Dalot,2021-2022,Defender,1.0,Renan Lodi,2021-2022,Unknown,1.0,Wilfried Singo,2025-2026,Unknown,1.0,Kovačić,2021-2022,Midfielder,1.0
Capaldo,2021-2022,1,Midfielder,Milner,2021-2022,Midfielder,1.0,John Stones,2025-2026,Unknown,1.0,Martin Vitík,2025-2026,Defender,1.0,Maximilian Mittelstädt,2025-2026,Other,1.0,Adamu,2021-2022,Forward,1.0
Peña,2021-2022,1,Midfielder,Origi,2021-2022,Forward,1.0,João Neves,2025-2026,Unknown,1.0,Felix Nmecha,2025-2026,Unknown,1.0,Emerson,2025-2026,Unknown,1.0,Uribe,2021-2022,Midfielder,1.0
Rakitić,2021-2022,1,Midfielder,William Saliba,2025-2026,Unknown,1.0,Enzo Millot,2025-2026,Other,1.0,Koundé,2025-2026,Defender,1.0,Saelemaekers,2021-2022,Midfielder,1.0,Bruno Tabata,2021-2022,Unknown,1.0
Larsson,2021-2022,1,Defender,Trent Alexander-Arnold,2025-2026,Unknown,1.0,Neres,2021-2022,Forward,1.0,Kondogbia,2021-2022,Midfielder,1.0,Lucas Vázquez,2021-2022,Unknown,1.0,Trigueros,2021-2022,Midfielder,1.0
Chukwueze,2021-2022,1,Midfielder,Yaremchuk,2021-2022,Forward,1.0,Erling Haaland,2025-2026,Unknown,1.0,Džeko,2021-2022,Forward,1.0,Azmoun,2021-2022,Forward,1.0,Paulinho,2021-2022,Unknown,1.0
Rakip,2021-2022,1,Midfielder,David López,2025-2026,Other,1.0,Marc Casado,2025-2026,Other,1.0,Alexis Sánchez,2021-2022,Unknown,1.0,Benjamin Henrichs,2025-2026,Unknown,1.0,Thomas Beelen,2025-2026,Unknown,1.0
Rieder,2021-2022,1,Midfielder,Welinton Souza,2021-2022,Defender,1.0,Vangelis Pavlidis,2025-2026,Unknown,1.0,Josip Mišić,2025-2026,Midfielder,1.0,Abdallah Sima,2025-2026,Unknown,1.0,Acuña,2021-2022,Defender,1.0
Rafa Mir,2021-2022,1,Forward,Lang,2021-2022,Forward,1.0,Mahrez,2021-2022,Midfielder,1.0,Vinícius Júnior,2021-2022,Unknown,1.0,Zapata,2021-2022,Forward,1.0,Nuno Mendes,2021-2022,Unknown,1.0
Kampl,2021-2022,1,Midfielder,Adams,2021-2022,Midfielder,1.0,Karim Konaté,2025-2026,Other,1.0,Garmash,2021-2022,Midfielder,1.0,Brendan Chardonnet,2025-2026,Unknown,1.0,Coquelin,2021-2022,Midfielder,1.0
Verissimo,2021-2022,1,Defender,Rachid Ghezzal,2021-2022,Forward,1.0,Liam Scales,2025-2026,Other,1.0,Tiago Djaló,2021-2022,Unknown,1.0,Danilo,2021-2022,Unknown,1.0,Kędziora,2021-2022,Defender,1.0
N'Sakala,2021-2022,1,Defender,Dávid Hancko,2025-2026,Unknown,1.0,João Mário,2021-2022,Unknown,1.0,Alphonso Davies,2025-2026,Unknown,1.0,Orkun Kökçü,2025-2026,Unknown,1.0,André,2021-2022,Unknown,1.0
Kjær,2021-2022,1,Defender,Rakitskyy,2021-2022,Defender,1.0,Lovren,2021-2022,Defender,1.0,Qazim Laçi,2025-2026,Midfielder,1.0,Firmino,2021-2022,Midfielder,1.0,Pedrinho,2021-2022,Midfielder,1.0
Fassnacht,2021-2022,1,Midfielder,Marquinhos,2021-2022,Unknown,1.0,Salah,2021-2022,Forward,1.0,Raphinha,2025-2026,Unknown,1.0,Berghuis,2021-2022,Forward,1.0,Pulišić,2021-2022,Midfielder,1.0
Alan Patrick,2021-2022,1,Midfielder,Tonali,2021-2022,Midfielder,1.0,Laimer,2021-2022,Midfielder,1.0,Thomas Partey,2025-2026,Unknown,1.0,De Sciglio,2021-2022,Defender,1.0,Taarabt,2021-2022,Midfielder,1.0
Arthur,2021-2022,1,Unknown,Marcos Antônio,2021-2022,Midfielder,1.0,Breel Embolo,2025-2026,Unknown,1.0,Minjae Kim,2025-2026,Other,1.0,Hugo Magnetti,2025-2026,Other,1.0,Mateo Retegui,2025-2026,Unknown,1.0
Wijnaldum,2021-2022,1,Midfielder,Robertson,2021-2022,Defender,1.0,Rico Lewis,2025-2026,Unknown,1.0,Foden,2021-2022,Midfielder,1.0,Everton,2021-2022,Unknown,1.0,Tsygankov,2021-2022,Midfielder,1.0
Giroud,2021-2022,1,Forward,Joel Ordóñez,2025-2026,Unknown,1.0,Shaparenko,2021-2022,Midfielder,1.0,Locatelli,2021-2022,Midfielder,1.0,Camara,2021-2022,Midfielder,1.0,Ryan Gravenberch,2025-2026,Unknown,1.0
Pjanic,2021-2022,1,Midfielder,Nico Schlotterbeck,2025-2026,Unknown,1.0,Fernando Costanza,2021-2022,Defender,1.0,Maxim De Cuyper,2025-2026,Unknown,1.0,Orkun Kökçü,2025-2026,Unknown,1.0,Davies,2021-2022,Midfielder,1.0
Di María,2021-2022,1,Forward,Jones,2021-2022,Midfielder,1.0,Guilavogui,2021-2022,Midfielder,1.0,Jeff Chabot,2025-2026,Unknown,1.0,Kulusevski,2021-2022,Midfielder,1.0,Raoul Bellanova,2025-2026,Unknown,1.0
Djimsiti,2021-2022,1,Defender,Carvajal,2025-2026,Defender,1.0,Francisco Conceição,2025-2026,Unknown,1.0,Valeriy Bondar,2025-2026,Defender,1.0,John Brooks,2021-2022,Other,1.0,Atakan Karazor,2025-2026,Other,1.0
Renato Steffen,2021-2022,1,Other,Ulmer,2021-2022,Defender,1.0,Mykola Matviyenko,2025-2026,Defender,1.0,Bastoni,2021-2022,Unknown,1.0,Larin,2021-2022,Forward,1.0,Pavard,2021-2022,Unknown,1.0
Rashford,2021-2022,1,Forward,Alex Sandro,2021-2022,Unknown,1.0,Gonçalo Ramos,2021-2022,Unknown,1.0,Cesar Blackman,2025-2026,Unknown,1.0,Marcos Llorente,2021-2022,Unknown,1.0,Tiago Djaló,2021-2022,Unknown,1.0
Kuzyaev,2021-2022,1,Midfielder,Gerard Moreno,2021-2022,Unknown,1.0,Pedro Gonçalves,2021-2022,Unknown,1.0,Werner,2021-2022,Forward,1.0,Kerem Aktürkoglu,2025-2026,Unknown,1.0,Tijjani Reijnders,2025-2026,Unknown,1.0
Marcos Antônio,2021-2022,1,Midfielder,Arthur,2021-2022,Unknown,1.0,Breel Embolo,2025-2026,Unknown,1.0,Minjae Kim,2025-2026,Other,1.0,Hugo Magnetti,2025-2026,Other,1.0,Mateo Retegui,2025-2026,Unknown,1.0
Dybala,2021-2022,1,Forward,Fernando,2021-2022,Unknown,1.0,Vanaken,2025-2026,Midfielder,1.0,Wendel,2021-2022,Midfielder,1.0,Rúben Dias,2021-2022,Unknown,1.0,Guus Til,2025-2026,Unknown,1.0
Iličić,2021-2022,1,Midfielder,Haaland,2021-2022,Forward,1.0,Ronaldo,2021-2022,Forward,1.0,Coates,2021-2022,Defender,1.0,Serhou Guirassy,2025-2026,Unknown,1.0,João Félix,2021-2022,Unknown,1.0
Nico González,2021-2022,1,Unknown,Rafael Leão,2025-2026,Unknown,1.0,Mateo Retegui,2025-2026,Unknown,1.0,Hugo Magnetti,2025-2026,Other,1.0,Breel Embolo,2025-2026,Unknown,1.0,Marcos Antônio,2021-2022,Midfielder,1.0
Eric García,2021-2022,1,Unknown,Mykhaylo Mudryk,2021-2022,Midfielder,1.0,Balde,2025-2026,Defender,1.0,Morten Hjulmand,2025-2026,Midfielder,1.0,Delaney,2021-2022,Midfielder,1.0,Kjærgaard,2021-2022,Midfielder,1.0
Werner,2021-2022,1,Forward,Pedro Gonçalves,2021-2022,Unknown,1.0,Gerard Moreno,2021-2022,Unknown,1.0,Kuzyaev,2021-2022,Midfielder,1.0,Tijjani Reijnders,2025-2026,Unknown,1.0,Kerem Aktürkoglu,2025-2026,Unknown,1.0
Sierro,2021-2022,1,Midfielder,Ricardo Esgaio,2021-2022,Unknown,1.0,Suso,2021-2022,Unknown,1.0,Oxlade-Chamberlain,2021-2022,Midfielder,1.0,Piero Hincapié,2025-2026,Unknown,1.0,Solet,2021-2022,Defender,1.0
Tolisso,2021-2022,1,Midfielder,Josko Gvardiol,2025-2026,Unknown,1.0,Bruno Petković,2025-2026,Forward,1.0,Minjae Kim,2025-2026,Other,1.0,Nuno Mendes,2025-2026,Unknown,1.0,Arthur,2021-2022,Unknown,1.0
Dalot,2021-2022,1,Defender,Renan Lodi,2021-2022,Unknown,1.0,Ousmane Dembélé,2025-2026,Unknown,1.0,Kovačić,2021-2022,Midfielder,1.0,Petar Sučić,2025-2026,Other,1.0,Dimarco,2021-2022,Unknown,1.0
Klaassen,2021-2022,1,Midfielder,Antony,2021-2022,Unknown,1.0,Ángel Di María,2025-2026,Unknown,1.0,Van Dijk,2021-2022,Defender,1.0,Sučić,2021-2022,Midfielder,1.0,Alexander-Arnold,2021-2022,Defender,1.0
Adamu,2021-2022,1,Forward,Maximilian Mittelstädt,2025-2026,Other,1.0,Aleksandr Golovin,2025-2026,Unknown,1.0,Leroy Sané,2025-2026,Unknown,1.0,Milner,2021-2022,Midfielder,1.0,Capaldo,2021-2022,Midfielder,1.0
Dest,2021-2022,1,Defender,Teun Koopmeiners,2025-2026,Unknown,1.0,Paredes,2021-2022,Midfielder,1.0,Dahoud,2021-2022,Midfielder,1.0,Vinícius Júnior,2025-2026,Unknown,1.0,Jérôme Roussillon,2021-2022,Other,1.0
Suso,2021-2022,1,Unknown,Oxlade-Chamberlain,2021-2022,Midfielder,1.0,Sierro,2021-2022,Midfielder,1.0,Ricardo Esgaio,2021-2022,Unknown,1.0,Piero Hincapié,2025-2026,Unknown,1.0,Solet,2021-2022,Defender,1.0
Stepanenko,2021-2022,1,Midfielder,Ugarte,2021-2022,Midfielder,1.0,Aleksandar Pavlovic,2025-2026,Unknown,1.0,Pierre Lees-Melou,2025-2026,Unknown,1.0,Lang,2025-2026,Forward,1.0,Khephren Thuram,2025-2026,Midfielder,1.0
Rieks,2021-2022,1,Midfielder,Antoni Milambo,2025-2026,Unknown,1.0,Szoboszlai,2021-2022,Midfielder,1.0,Burak Yılmaz,2021-2022,Forward,1.0,Mehdi Taremi,2025-2026,Unknown,1.0,Sarabia,2021-2022,Forward,1.0
Pašalić,2021-2022,1,Midfielder,Karim Adeyemi,2025-2026,Unknown,1.0,Freuler,2021-2022,Midfielder,1.0,Ademola Lookman,2025-2026,Other,1.0,Forsberg,2021-2022,Forward,1.0,Antoine Griezmann,2025-2026,Unknown,1.0
Mingueza,2021-2022,1,Defender,Benjamin André,2025-2026,Unknown,1.0,Schuurs,2021-2022,Defender,1.0,Odilon Kossounou,2025-2026,Defender,1.0,Pedro Gonçalves,2025-2026,Unknown,1.0,Arnau Martínez,2025-2026,Unknown,1.0
Vitinha,2021-2022,1,Unknown,Donyell Malen,2025-2026,Unknown,1.0,Silas,2025-2026,Unknown,1.0,Artem Bondarenko,2025-2026,Midfielder,1.0,Moisander,2021-2022,Defender,1.0,Marcel Sabitzer,2025-2026,Unknown,1.0
Kalulu,2021-2022,1,Defender,Álvaro Carreras,2025-2026,Unknown,1.0,Marcel Sabitzer,2025-2026,Unknown,1.0,Martin Baturina,2025-2026,Midfielder,1.0,Moisander,2021-2022,Defender,1.0,Artem Bondarenko,2025-2026,Midfielder,1.0
Dahoud,2021-2022,1,Midfielder,Paredes,2021-2022,Midfielder,1.0,Dest,2021-2022,Defender,1.0,Teun Koopmeiners,2025-2026,Unknown,1.0,Vinícius Júnior,2025-2026,Unknown,1.0,Jérôme Roussillon,2021-2022,Other,1.0
Nianzou,2021-2022,1,Midfielder,Anthony Rouault,2025-2026,Other,1.0,Kevin Mbabu,2021-2022,Other,1.0,Kjærgaard,2021-2022,Midfielder,1.0,John Stones,2025-2026,Unknown,1.0,Morten Hjulmand,2025-2026,Midfielder,1.0
Pessina,2021-2022,1,Midfielder,Brorsson,2021-2022,Defender,1.0,Rafa Silva,2021-2022,Unknown,1.0,Rodrygo,2021-2022,Unknown,1.0,L. Nielsen,2021-2022,Defender,1.0,Siebatcheu,2021-2022,Forward,1.0
Szoboszlai,2021-2022,1,Midfielder,Sarabia,2021-2022,Forward,1.0,Antoni Milambo,2025-2026,Unknown,1.0,Rieks,2021-2022,Midfielder,1.0,Burak Yılmaz,2021-2022,Forward,0.9999,Mehdi Taremi,2025-2026,Unknown,0.9999
Ugarte,2021-2022,1,Midfielder,Aleksandar Pavlovic,2025-2026,Unknown,1.0,Pierre Lees-Melou,2025-2026,Unknown,1.0,Stepanenko,2021-2022,Midfielder,1.0,Maxime Bernauer,2025-2026,Defender,1.0,Matić,2021-2022,Midfielder,1.0
Van de Beek,2021-2022,1,Midfielder,Aurélien Tchouaméni,2025-2026,Unknown,1.0,Welinton,2021-2022,Defender,1.0,Freuler,2025-2026,Midfielder,1.0,Uroš Spajić,2025-2026,Defender,1.0,Jude Bellingham,2025-2026,Unknown,1.0
Neres,2021-2022,1,Forward,Lucas Vázquez,2021-2022,Unknown,1.0,Dumfries,2021-2022,Unknown,1.0,J. Timber,2021-2022,Midfielder,1.0,Trent Alexander-Arnold,2025-2026,Unknown,1.0,Florian Wirtz,2025-2026,Unknown,1.0
Haaland,2021-2022,1,Forward,Iličić,2021-2022,Midfielder,1.0,Serhou Guirassy,2025-2026,Unknown,1.0,Ronaldo,2021-2022,Forward,1.0,Benzema,2021-2022,Forward,1.0,João Félix,2021-2022,Unknown,1.0
Bruno Tabata,2021-2022,1,Unknown,Saelemaekers,2021-2022,Midfielder,1.0,Chalobah,2021-2022,Defender,1.0,Lemar,2021-2022,Midfielder,1.0,Pedri,2025-2026,Unknown,1.0,Zappacosta,2025-2026,Defender,1.0
Delaney,2021-2022,1,Midfielder,Florentino,2025-2026,Unknown,1.0,Alexis Mac Allister,2025-2026,Unknown,1.0,Mykhaylo Mudryk,2021-2022,Midfielder,1.0,Eric García,2021-2022,Unknown,1.0,Balde,2025-2026,Defender,1.0
Matić,2021-2022,1,Midfielder,Rugani,2021-2022,Defender,1.0,Ardon Jashari,2025-2026,Unknown,1.0,Maxime Bernauer,2025-2026,Defender,1.0,N. Williams,2021-2022,Defender,1.0,Pierre Lees-Melou,2025-2026,Unknown,1.0
Moisander,2021-2022,1,Defender,Marcel Sabitzer,2025-2026,Unknown,1.0,Artem Bondarenko,2025-2026,Midfielder,1.0,Álvaro Carreras,2025-2026,Unknown,1.0,Vitinha,2021-2022,Unknown,1.0,Donyell Malen,2025-2026,Unknown,1.0
Haidara,2021-2022,1,Midfielder,Castello Lukeba,2025-2026,Unknown,1.0,Lewin Blum,2025-2026,Defender,1.0,Lutsharel Geertruida,2025-2026,Defender,1.0,Denzel Dumfries,2025-2026,Unknown,0.9999,Rodrigo De Paul,2025-2026,Unknown,0.9999
Morato,2021-2022,1,Unknown,Rafael Leão,2021-2022,Unknown,0.9998,Neuer,2021-2022,Unknown,0.9994,Alisson Becker,2021-2022,Unknown,0.9987,Ederson,2021-2022,Unknown,0.997,Sutormin,2021-2022,Midfielder,0.997
Vida,2021-2022,1,Defender,Taarabt,2021-2022,Midfielder,1.0,Bennacer,2021-2022,Midfielder,1.0,Tomás Araújo,2025-2026,Unknown,1.0,Thomas Partey,2025-2026,Unknown,1.0,Kanté,2021-2022,Midfielder,1.0
Mykhaylo Mudryk,2021-2022,1,Midfielder,Eric García,2021-2022,Unknown,1.0,Balde,2025-2026,Defender,1.0,Morten Hjulmand,2025-2026,Midfielder,1.0,Delaney,2021-2022,Midfielder,1.0,Kjærgaard,2021-2022,Midfielder,1.0
Rugani,2021-2022,1,Defender,Ardon Jashari,2025-2026,Unknown,1.0,Matić,2021-2022,Midfielder,1.0,Maxime Bernauer,2025-2026,Defender,1.0,N. Williams,2021-2022,Defender,1.0,Tsimikas,2025-2026,Defender,1.0
Chalobah,2021-2022,1,Defender,Bruno Tabata,2021-2022,Unknown,1.0,Lemar,2021-2022,Midfielder,1.0,Saelemaekers,2021-2022,Midfielder,1.0,Pedri,2025-2026,Unknown,1.0,Zappacosta,2025-2026,Defender,1.0
Diallo,2021-2022,1,Defender,Vrsaljko,2021-2022,Defender,1.0,Donny van de Beek,2025-2026,Unknown,1.0,Jhon Lucumi,2025-2026,Defender,1.0,Reo Hatate,2025-2026,Unknown,1.0,Quinten Timber,2025-2026,Midfielder,1.0
Alexis Sánchez,2021-2022,1,Unknown,Thomas Beelen,2025-2026,Unknown,1.0,Sandro Lauper,2025-2026,Defender,1.0,Rakip,2021-2022,Midfielder,1.0,David López,2025-2026,Other,1.0,Marc Casado,2025-2026,Other,1.0
Schuurs,2021-2022,1,Defender,Benjamin André,2025-2026,Unknown,1.0,Mingueza,2021-2022,Defender,1.0,Pedro Gonçalves,2025-2026,Unknown,1.0,Arnau Martínez,2025-2026,Unknown,1.0,Odilon Kossounou,2025-2026,Defender,1.0
Muriel,2021-2022,1,Forward,Marquinhos,2025-2026,Unknown,1.0,Peña,2021-2022,Midfielder,1.0,Felício Milson,2025-2026,Unknown,1.0,Origi,2021-2022,Forward,1.0,João Neves,2025-2026,Unknown,1.0
Lamela,2021-2022,1,Midfielder,Samson Baidoo,2025-2026,Other,1.0,Pascal Gross,2025-2026,Other,1.0,Malick Yalcouye,2025-2026,Unknown,1.0,Dimitri Lavalée,2025-2026,Defender,1.0,Kamil Piątkowski,2025-2026,Other,0.9999
En-Nesyri,2021-2022,1,Forward,Danylo Ihnatenko,2025-2026,Other,0.9999,Luka Modric,2025-2026,Unknown,0.9999,Ángel Correa,2025-2026,Unknown,0.9998,Delano Burgzorg,2021-2022,Other,0.9997,Fernando Forestieri,2021-2022,Other,0.9997
Kulusevski,2021-2022,1,Midfielder,Sead Kolasinac,2025-2026,Unknown,1.0,Guilavogui,2021-2022,Midfielder,1.0,Jones,2021-2022,Midfielder,1.0,Oscar Gloukh,2025-2026,Midfielder,1.0,Uribe,2021-2022,Midfielder,1.0
Kjærgaard,2021-2022,1,Midfielder,Kevin Mbabu,2021-2022,Other,1.0,Morten Hjulmand,2025-2026,Midfielder,1.0,Balde,2025-2026,Defender,1.0,Eric García,2021-2022,Unknown,1.0,Mykhaylo Mudryk,2021-2022,Midfielder,1.0
Ozdoev,2021-2022,1,Midfielder,Joaquin Seys,2025-2026,Unknown,1.0,Sam Beukema,2025-2026,Other,1.0,José María Giménez,2025-2026,Unknown,1.0,Arnau Martínez,2025-2026,Unknown,0.9999,Pedro Gonçalves,2025-2026,Unknown,0.9999
Delano Burgzorg,2021-2022,1,Other,Fernando Forestieri,2021-2022,Other,1.0,En-Nesyri,2021-2022,Forward,0.9997,Danylo Ihnatenko,2025-2026,Other,0.9994,Luka Modric,2025-2026,Unknown,0.9993,Ángel Correa,2025-2026,Unknown,0.9991
Moustapha Cissé,2021-2022,1,Other,Danilo,2025-2026,Unknown,1.0,Camavinga,2025-2026,Midfielder,0.9993,Leon Goretzka,2025-2026,Unknown,0.9957,Fernando Forestieri,2021-2022,Other,0.9796,Delano Burgzorg,2021-2022,Other,0.9795
Fernando Forestieri,2021-2022,1,Other,Delano Burgzorg,2021-2022,Other,1.0,En-Nesyri,2021-2022,Forward,0.9997,Danylo Ihnatenko,2025-2026,Other,0.9993,Luka Modric,2025-2026,Unknown,0.9993,Ángel Correa,2025-2026,Unknown,0.999
Cristian Volpato,2021-2022,1,Other,Álvaro Morata,2025-2026,Unknown,1.0,Exequiel Palacios,2025-2026,Unknown,1.0,Matteo Dams,2025-2026,Other,1.0,Nikola Moro,2025-2026,Midfielder,1.0,Éder Militão,2025-2026,Unknown,1.0
Harry Kane,2025-2026,1,Unknown,Bernardo Silva,2021-2022,Unknown,1.0,Cristiano,2021-2022,Defender,1.0,Sané,2021-2022,Midfielder,1.0,Nuno Santos,2025-2026,Forward,1.0,Hakimi,2021-2022,Unknown,1.0
Viktor Gyökeres,2025-2026,1,Unknown,Syrota,2021-2022,Defender,1.0,Juanpe,2025-2026,Unknown,1.0,Foden,2021-2022,Midfielder,1.0,Kaan Kairinen,2025-2026,Other,1.0,Wijnaldum,2021-2022,Midfielder,1.0
Vinícius Júnior,2025-2026,1,Unknown,Jérôme Roussillon,2021-2022,Other,1.0,Teun Koopmeiners,2025-2026,Unknown,1.0,Dest,2021-2022,Defender,1.0,Paredes,2021-2022,Midfielder,1.0,Dahoud,2021-2022,Midfielder,1.0
Tijjani Reijnders,2025-2026,1,Unknown,Werner,2021-2022,Forward,1.0,Pedro Gonçalves,2021-2022,Unknown,1.0,Gerard Moreno,2021-2022,Unknown,1.0,Kuzyaev,2021-2022,Midfielder,1.0,Kerem Aktürkoglu,2025-2026,Unknown,1.0
Maghnes Akliouche,2025-2026,1,Unknown,Phil Foden,2025-2026,Unknown,1.0,Igor Paixão,2025-2026,Unknown,1.0,Bonucci,2021-2022,Defender,1.0,Matip,2021-2022,Unknown,1.0,Mané,2021-2022,Midfielder,1.0
Antonio Rüdiger,2025-2026,1,Unknown,Ziyech,2021-2022,Midfielder,1.0,Goretzka,2021-2022,Midfielder,1.0,Bukayo Saka,2025-2026,Unknown,1.0,Bentancur,2021-2022,Midfielder,1.0,Fernandinho,2021-2022,Unknown,1.0
Malik Tillman,2025-2026,1,Unknown,Chistiakov,2021-2022,Defender,1.0,Simakan,2021-2022,Defender,1.0,Olivier Boscagli,2025-2026,Unknown,1.0,Yann Bisseck,2025-2026,Unknown,1.0,Edimilson Fernandes,2025-2026,Unknown,1.0
Thilo Kehrer,2025-2026,1,Unknown,Mechele,2025-2026,Defender,1.0,Kanté,2021-2022,Midfielder,1.0,Vanderson,2025-2026,Unknown,1.0,Tomás Araújo,2025-2026,Unknown,1.0,João Palhinha,2021-2022,Unknown,1.0
Vanaken,2025-2026,1,Midfielder,Rüdiger,2021-2022,Defender,1.0,Walker,2021-2022,Defender,1.0,Wendel,2021-2022,Midfielder,1.0,Dybala,2021-2022,Forward,1.0,Fernando,2021-2022,Unknown,1.0
Achraf Hakimi,2025-2026,1,Unknown,De Roon,2021-2022,Midfielder,1.0,L. Hernández,2021-2022,Defender,1.0,Callum McGregor,2025-2026,Unknown,1.0,Denis Zakaria,2025-2026,Unknown,1.0,Alexsandro,2025-2026,Unknown,1.0
Ryan Flamingo,2025-2026,1,Unknown,Sterling,2021-2022,Forward,1.0,Pino,2021-2022,Forward,1.0,Weston McKennie,2025-2026,Unknown,1.0,Kimmich,2021-2022,Midfielder,1.0,Foyth,2021-2022,Defender,1.0
Miguel Gutiérrez,2025-2026,1,Defender,Fonte,2021-2022,Defender,1.0,Sérgio Oliveira,2021-2022,Unknown,1.0,Wendel,2021-2022,Midfielder,1.0,Walker,2021-2022,Defender,1.0,Rüdiger,2021-2022,Defender,1.0
Virgil van Dijk,2025-2026,1,Unknown,Luis Díaz,2021-2022,Unknown,1.0,Vidal,2021-2022,Midfielder,1.0,Gueye,2021-2022,Midfielder,1.0,Álvarez,2021-2022,Midfielder,1.0,Innocent,2021-2022,Midfielder,1.0
Joshua Kimmich,2025-2026,1,Unknown,João Palhinha,2021-2022,Unknown,1.0,Grujić,2021-2022,Midfielder,1.0,Ilkay Gündogan,2025-2026,Unknown,1.0,Soumaula Coulibaly,2025-2026,Other,1.0,Vanderson,2025-2026,Unknown,1.0
Koundé,2025-2026,1,Defender,Enzo Millot,2025-2026,Other,1.0,Lauper,2021-2022,Midfielder,1.0,Rakitić,2021-2022,Midfielder,1.0,Garcia,2021-2022,Defender,1.0,William Saliba,2025-2026,Unknown,1.0
Marc Casado,2025-2026,1,Other,David López,2025-2026,Other,1.0,Rakip,2021-2022,Midfielder,1.0,Benjamin Henrichs,2025-2026,Unknown,1.0,Alexis Sánchez,2021-2022,Unknown,1.0,Thomas Beelen,2025-2026,Unknown,1.0
Stefan Ristovski,2025-2026,1,Defender,Granit Xhaka,2025-2026,Unknown,1.0,Conor Gallagher,2025-2026,Unknown,1.0,Gernot Trauner,2025-2026,Defender,1.0,Amar Dedić,2025-2026,Other,1.0,Lucas Vázquez,2025-2026,Unknown,1.0
Rico Lewis,2025-2026,1,Unknown,Everton,2021-2022,Unknown,1.0,Tsygankov,2021-2022,Midfielder,1.0,Robertson,2021-2022,Defender,1.0,Čolak,2021-2022,Forward,1.0,Hendry,2021-2022,Defender,1.0
Kamil Piątkowski,2025-2026,1,Other,Dimitri Lavalée,2025-2026,Defender,1.0,Pascal Gross,2025-2026,Other,1.0,Jusuf Gazibegović,2025-2026,Other,1.0,Samson Baidoo,2025-2026,Other,0.9999,Lamela,2021-2022,Midfielder,0.9999
Josip Mišić,2025-2026,1,Midfielder,Vangelis Pavlidis,2025-2026,Unknown,1.0,Abdallah Sima,2025-2026,Unknown,1.0,Gavi,2021-2022,Unknown,1.0,Welinton Souza,2021-2022,Defender,1.0,Kevin Wimmer,2025-2026,Defender,1.0
Nico Schlotterbeck,2025-2026,1,Unknown,Pjanic,2021-2022,Midfielder,1.0,Fernando Costanza,2021-2022,Defender,1.0,Maxim De Cuyper,2025-2026,Unknown,1.0,Orkun Kökçü,2025-2026,Unknown,1.0,João Mário,2021-2022,Unknown,1.0
Dávid Hancko,2025-2026,1,Unknown,N'Sakala,2021-2022,Defender,1.0,João Mário,2021-2022,Unknown,1.0,Alphonso Davies,2025-2026,Unknown,1.0,Orkun Kökçü,2025-2026,Unknown,1.0,Maxim De Cuyper,2025-2026,Unknown,1.0
Filip Panák,2025-2026,1,Unknown,Nicolas Kühn,2025-2026,Unknown,1.0,Ocampos,2021-2022,Midfielder,1.0,Reus,2021-2022,Midfielder,1.0,Karavaev,2021-2022,Defender,1.0,Adeyemi,2021-2022,Forward,1.0
Nuno Mendes,2025-2026,1,Unknown,Bruno Petković,2025-2026,Forward,1.0,Vitinha,2025-2026,Unknown,1.0,Josko Gvardiol,2025-2026,Unknown,1.0,Mohammed Salisu,2025-2026,Unknown,1.0,Tolisso,2021-2022,Midfielder,1.0
Callum McGregor,2025-2026,1,Unknown,Denis Zakaria,2025-2026,Unknown,1.0,Alexsandro,2025-2026,Unknown,1.0,Achraf Hakimi,2025-2026,Unknown,1.0,De Roon,2021-2022,Midfielder,1.0,L. Hernández,2021-2022,Defender,1.0
Ederson,2025-2026,1,Unknown,Cameron Carter-Vickers,2025-2026,Unknown,1.0,Nicolò Barella,2025-2026,Unknown,1.0,Lamine Camara,2025-2026,Unknown,0.9999,Éder Militão,2025-2026,Unknown,0.9999,Nikola Moro,2025-2026,Midfielder,0.9999
Inbeom Hwang,2025-2026,1,Other,Khephren Thuram,2025-2026,Midfielder,1.0,Franck Kessié,2021-2022,Other,1.0,Lang,2025-2026,Forward,1.0,Isak Hien,2025-2026,Unknown,1.0,Mahdi Camara,2025-2026,Other,1.0
Angelo Stiller,2025-2026,1,Other,Correa,2021-2022,Forward,1.0,Loftus-Cheek,2021-2022,Forward,1.0,Sergio Busquets,2021-2022,Unknown,1.0,McTominay,2021-2022,Midfielder,1.0,Hermoso,2021-2022,Defender,1.0
Morten Hjulmand,2025-2026,1,Midfielder,Balde,2025-2026,Defender,1.0,Kjærgaard,2021-2022,Midfielder,1.0,Kevin Mbabu,2021-2022,Other,1.0,Eric García,2021-2022,Unknown,1.0,Mykhaylo Mudryk,2021-2022,Midfielder,1.0
Pedro Henrique,2025-2026,1,Other,Ramy Bensebaini,2025-2026,Unknown,1.0,Daniel Bragança,2025-2026,Midfielder,1.0,João Palhinha,2025-2026,Unknown,1.0,Pašalić,2025-2026,Midfielder,1.0,Stefan Posch,2025-2026,Unknown,1.0
Stefan Posch,2025-2026,1,Unknown,Danjuma,2025-2026,Midfielder,1.0,João Palhinha,2025-2026,Unknown,1.0,Alessandro Bastoni,2025-2026,Unknown,1.0,Ramy Bensebaini,2025-2026,Unknown,1.0,Pedro Henrique,2025-2026,Other,1.0
Benjamin André,2025-2026,1,Unknown,Schuurs,2021-2022,Defender,1.0,Mingueza,2021-2022,Defender,1.0,Pedro Gonçalves,2025-2026,Unknown,1.0,Arnau Martínez,2025-2026,Unknown,1.0,Odilon Kossounou,2025-2026,Defender,1.0
Marten de Roon,2025-2026,1,Unknown,Benjamin Sesko,2025-2026,Unknown,1.0,Romagnoli,2021-2022,Defender,1.0,Oxlade-Chamberlain,2021-2022,Midfielder,1.0,Suso,2021-2022,Unknown,1.0,Sierro,2021-2022,Midfielder,1.0
Alphonso Davies,2025-2026,1,Unknown,N'Sakala,2021-2022,Defender,1.0,Dávid Hancko,2025-2026,Unknown,1.0,João Mário,2021-2022,Unknown,1.0,Orkun Kökçü,2025-2026,Unknown,1.0,André,2021-2022,Unknown,1.0
Piero Hincapié,2025-2026,1,Unknown,Ricardo Esgaio,2021-2022,Unknown,1.0,Sierro,2021-2022,Midfielder,1.0,Solet,2021-2022,Defender,1.0,Suso,2021-2022,Unknown,1.0,Luís Neto,2021-2022,Unknown,1.0
Maxim De Cuyper,2025-2026,1,Unknown,Fernando Costanza,2021-2022,Defender,1.0,Orkun Kökçü,2025-2026,Unknown,1.0,Nico Schlotterbeck,2025-2026,Unknown,1.0,João Mário,2021-2022,Unknown,1.0,Dávid Hancko,2025-2026,Unknown,1.0
Ladislav Krejčí,2025-2026,1,Forward,Mohammed Salisu,2025-2026,Unknown,1.0,Vitinha,2025-2026,Unknown,1.0,Martin Baturina,2025-2026,Midfielder,1.0,Nuno Mendes,2025-2026,Unknown,1.0,Bruno Petković,2025-2026,Forward,1.0
Ryan Gravenberch,2025-2026,1,Unknown,Camara,2021-2022,Midfielder,1.0,Shaparenko,2021-2022,Midfielder,1.0,Joel Ordóñez,2025-2026,Unknown,1.0,Giroud,2021-2022,Forward,1.0,Locatelli,2021-2022,Midfielder,1.0
Jusuf Gazibegović,2025-2026,1,Other,Lautaro Martínez,2025-2026,Unknown,1.0,Kamil Piątkowski,2025-2026,Other,1.0,Reinildo,2025-2026,Defender,0.9999,Youssouf Fofana,2025-2026,Other,0.9999,Dimitri Lavalée,2025-2026,Defender,0.9999
Pierre Kalulu,2025-2026,1,Unknown,Matviyenko,2021-2022,Defender,1.0,Süle,2021-2022,Defender,1.0,Arne Engels,2025-2026,Unknown,1.0,Zappacosta,2021-2022,Defender,1.0,Marlon,2021-2022,Defender,1.0
Álvaro Carreras,2025-2026,1,Unknown,Marcel Sabitzer,2025-2026,Unknown,1.0,Moisander,2021-2022,Defender,1.0,Artem Bondarenko,2025-2026,Midfielder,1.0,Kalulu,2021-2022,Defender,1.0,Vitinha,2021-2022,Unknown,1.0
Dayot Upamecano,2025-2026,1,Unknown,Wan-Bissaka,2021-2022,Defender,1.0,Núñez,2025-2026,Forward,1.0,Hummels,2021-2022,Defender,1.0,Jamal Musiala,2025-2026,Unknown,1.0,Gabriel,2025-2026,Defender,1.0
Mykola Matviyenko,2025-2026,1,Defender,Ulmer,2021-2022,Defender,1.0,Bastoni,2021-2022,Unknown,1.0,Larin,2021-2022,Forward,1.0,Renato Steffen,2021-2022,Other,1.0,Pavard,2021-2022,Unknown,1.0
Jonathan Tah,2025-2026,1,Unknown,Federico Gatti,2025-2026,Unknown,1.0,Sowah,2021-2022,Forward,1.0,Auston Trusty,2025-2026,Unknown,1.0,Fikayo Tomori,2025-2026,Unknown,1.0,Jonathan David,2025-2026,Unknown,1.0
Marquinhos,2025-2026,1,Unknown,Muriel,2021-2022,Forward,1.0,Peña,2021-2022,Midfielder,1.0,Origi,2021-2022,Forward,1.0,João Neves,2025-2026,Unknown,1.0,Felix Nmecha,2025-2026,Unknown,1.0
Emanuel Aiwu,2025-2026,1,Other,Denzel Dumfries,2025-2026,Unknown,1.0,Ludovic Ajorque,2025-2026,Other,1.0,Fredrik Aursnes,2025-2026,Unknown,1.0,Haidara,2021-2022,Midfielder,0.9999,Castello Lukeba,2025-2026,Unknown,0.9999
Olivier Boscagli,2025-2026,1,Unknown,Amadou Haidara,2025-2026,Unknown,1.0,Willian Pacho,2025-2026,Unknown,1.0,Simakan,2021-2022,Defender,1.0,Alexander Bah,2025-2026,Unknown,1.0,Coquelin,2021-2022,Midfielder,1.0
Willi Orbán,2025-2026,1,Unknown,Weghorst,2021-2022,Forward,1.0,Lo Celso,2021-2022,Midfielder,1.0,Hefti,2021-2022,Defender,1.0,Piqué,2021-2022,Defender,1.0,Witsel,2021-2022,Midfielder,1.0
Mechele,2025-2026,1,Defender,Kanté,2021-2022,Midfielder,1.0,Thilo Kehrer,2025-2026,Unknown,1.0,Vanderson,2025-2026,Unknown,1.0,Tomás Araújo,2025-2026,Unknown,1.0,João Palhinha,2021-2022,Unknown,1.0
Valeriy Bondar,2025-2026,1,Defender,Atakan Karazor,2025-2026,Other,1.0,Djimsiti,2021-2022,Defender,1.0,Carvajal,2025-2026,Defender,1.0,Francisco Conceição,2025-2026,Unknown,1.0,John Brooks,2021-2022,Other,1.0
Alexsandro,2025-2026,1,Unknown,Denis Zakaria,2025-2026,Unknown,1.0,Callum McGregor,2025-2026,Unknown,1.0,Fernandinho,2021-2022,Unknown,1.0,Achraf Hakimi,2025-2026,Unknown,1.0,Bukayo Saka,2025-2026,Unknown,1.0
Willian Pacho,2025-2026,1,Unknown,Alexander Bah,2025-2026,Unknown,1.0,Coquelin,2021-2022,Midfielder,1.0,Brendan Chardonnet,2025-2026,Unknown,1.0,Amadou Haidara,2025-2026,Unknown,1.0,Karim Konaté,2025-2026,Other,1.0
Gabriel,2025-2026,1,Defender,Jamal Musiala,2025-2026,Unknown,1.0,Gabriel Gudmundsson,2025-2026,Unknown,1.0,Gvardiol,2021-2022,Defender,1.0,Núñez,2025-2026,Forward,1.0,Dayot Upamecano,2025-2026,Unknown,1.0
Martin Vitík,2025-2026,1,Defender,Maximilian Mittelstädt,2025-2026,Other,1.0,Adamu,2021-2022,Forward,1.0,Milner,2021-2022,Midfielder,1.0,Capaldo,2021-2022,Midfielder,1.0,John Stones,2025-2026,Unknown,1.0
William Saliba,2025-2026,1,Unknown,Rakitić,2021-2022,Midfielder,1.0,Saelemaekers,2021-2022,Midfielder,1.0,Bruno Tabata,2021-2022,Unknown,1.0,Chalobah,2021-2022,Defender,1.0,Enzo Millot,2025-2026,Other,1.0
Theo Hernández,2025-2026,1,Unknown,Hakan Çalhanoglu,2021-2022,Unknown,1.0,Capoue,2021-2022,Midfielder,1.0,Zappacosta,2021-2022,Defender,1.0,Mazraoui,2021-2022,Defender,1.0,Arne Engels,2025-2026,Unknown,1.0
Cesar Blackman,2025-2026,1,Unknown,Christensen,2021-2022,Defender,1.0,Marcos Llorente,2021-2022,Unknown,1.0,Konaté,2021-2022,Defender,1.0,Gonçalo Ramos,2021-2022,Unknown,1.0,Alex Sandro,2021-2022,Unknown,1.0
Kévin Théophile-Catherine,2025-2026,1,Defender,Castañeda,2021-2022,Midfielder,1.0,Otamendi,2021-2022,Defender,1.0,L. Hernández,2021-2022,Defender,1.0,De Roon,2021-2022,Midfielder,1.0,Achraf Hakimi,2025-2026,Unknown,1.0
Nasser Djiga,2025-2026,1,Other,Otávio,2021-2022,Unknown,1.0,Jamie Leweling,2025-2026,Other,1.0,Luis Díaz,2025-2026,Unknown,1.0,Keïta,2021-2022,Midfielder,1.0,Michael Olise,2025-2026,Unknown,1.0
Soumaula Coulibaly,2025-2026,1,Other,Ilkay Gündogan,2025-2026,Unknown,1.0,Grujić,2021-2022,Midfielder,1.0,Joshua Kimmich,2025-2026,Unknown,1.0,Benjamin Pavard,2025-2026,Unknown,1.0,Balanta,2021-2022,Midfielder,1.0
Nicolás Otamendi,2025-2026,1,Unknown,Bellingham,2021-2022,Midfielder,1.0,Rabiot,2021-2022,Midfielder,1.0,Barrios,2021-2022,Midfielder,1.0,Pepe,2021-2022,Unknown,1.0,Klostermann,2021-2022,Defender,1.0
Joel Ordóñez,2025-2026,1,Unknown,Giroud,2021-2022,Forward,1.0,Shaparenko,2021-2022,Midfielder,1.0,Camara,2021-2022,Midfielder,1.0,Ryan Gravenberch,2025-2026,Unknown,1.0,Locatelli,2021-2022,Midfielder,1.0
Kenan Bajrić,2025-2026,1,Defender,James,2021-2022,Defender,1.0,Grimaldo,2025-2026,Defender,1.0,Havertz,2021-2022,Midfielder,1.0,Qazim Laçi,2025-2026,Midfielder,1.0,Akanji,2021-2022,Defender,1.0
Jhon Lucumi,2025-2026,1,Defender,Quinten Timber,2025-2026,Midfielder,1.0,Diallo,2021-2022,Defender,1.0,Vrsaljko,2021-2022,Defender,1.0,Donny van de Beek,2025-2026,Unknown,1.0,Kang-in Lee,2025-2026,Forward,1.0
Uroš Spajić,2025-2026,1,Defender,Welinton,2021-2022,Defender,1.0,Van de Beek,2021-2022,Midfielder,1.0,Aurélien Tchouaméni,2025-2026,Unknown,1.0,Freuler,2025-2026,Midfielder,1.0,Jude Bellingham,2025-2026,Unknown,1.0
Kai Havertz,2025-2026,1,Unknown,Thiago Alcantara,2021-2022,Unknown,1.0,Henderson,2021-2022,Midfielder,1.0,Moreno,2021-2022,Defender,1.0,Aebischer,2021-2022,Midfielder,1.0,Zeno Debast,2025-2026,Unknown,1.0
Alexis Mac Allister,2025-2026,1,Unknown,Florentino,2025-2026,Unknown,1.0,Delaney,2021-2022,Midfielder,1.0,Edmond Tapsoba,2025-2026,Other,1.0,Jude Bellingham,2025-2026,Unknown,1.0,Freuler,2025-2026,Midfielder,1.0
Maximilian Mittelstädt,2025-2026,1,Other,Martin Vitík,2025-2026,Defender,1.0,Adamu,2021-2022,Forward,1.0,Aleksandr Golovin,2025-2026,Unknown,1.0,Milner,2021-2022,Midfielder,1.0,Capaldo,2021-2022,Midfielder,1.0
Dmytro Kryskiv,2025-2026,1,Unknown,Feddal,2021-2022,Defender,1.0,Martínez,2021-2022,Defender,1.0,Christiansen,2021-2022,Midfielder,1.0,Carvajal,2021-2022,Defender,1.0,Foyth,2021-2022,Defender,1.0
Anthony Rouault,2025-2026,1,Other,Nianzou,2021-2022,Midfielder,1.0,John Stones,2025-2026,Unknown,1.0,Kevin Mbabu,2021-2022,Other,1.0,Kjærgaard,2021-2022,Midfielder,1.0,Capaldo,2021-2022,Midfielder,1.0
Konaté,2025-2026,1,Defender,Balanta,2021-2022,Midfielder,1.0,Benjamin Pavard,2025-2026,Unknown,1.0,Pau Cubarsí,2025-2026,Unknown,1.0,Maximiliano Araújo,2025-2026,Unknown,1.0,Soumaula Coulibaly,2025-2026,Other,1.0
Iñigo Martínez,2025-2026,1,Unknown,Mount,2021-2022,Midfielder,1.0,Bamba,2021-2022,Forward,1.0,Tetê,2021-2022,Forward,1.0,L. Nmecha,2021-2022,Forward,1.0,Hakan Çalhanoglu,2025-2026,Unknown,1.0
Freuler,2025-2026,1,Midfielder,Jude Bellingham,2025-2026,Unknown,1.0,Edmond Tapsoba,2025-2026,Other,1.0,Aurélien Tchouaméni,2025-2026,Unknown,1.0,Van de Beek,2021-2022,Midfielder,1.0,Welinton,2021-2022,Defender,1.0
Fikayo Tomori,2025-2026,1,Unknown,Auston Trusty,2025-2026,Unknown,1.0,Sowah,2021-2022,Forward,1.0,Federico Gatti,2025-2026,Unknown,1.0,Jonathan Tah,2025-2026,Unknown,1.0,Peter Olayinka,2025-2026,Forward,1.0
Kaan Kairinen,2025-2026,1,Other,Juanpe,2025-2026,Unknown,1.0,Syrota,2021-2022,Defender,1.0,Viktor Gyökeres,2025-2026,Unknown,1.0,Clinton Mata,2021-2022,Unknown,1.0,Foden,2021-2022,Midfielder,1.0
Johan Bakayoko,2025-2026,1,Unknown,Victor  Olatunji,2025-2026,Other,1.0,Luís Neto,2021-2022,Unknown,1.0,Solet,2021-2022,Defender,1.0,Oleksandr Zubkov,2025-2026,Midfielder,1.0,Piero Hincapié,2025-2026,Unknown,1.0
Loïs Openda,2025-2026,1,Unknown,Gomez,2021-2022,Defender,1.0,Serge Gnabry,2025-2026,Unknown,1.0,Jordán,2021-2022,Midfielder,1.0,Nico González,2021-2022,Unknown,1.0,Rafael Leão,2025-2026,Unknown,1.0
Georgiy Sudakov,2025-2026,1,Midfielder,Albiol,2021-2022,Defender,1.0,Stones,2021-2022,Defender,1.0,Antoine Griezmann,2025-2026,Unknown,1.0,Forsberg,2021-2022,Forward,1.0,Raphaël Guerreiro,2025-2026,Unknown,1.0
Guram Kashia,2025-2026,1,Defender,Kang-in Lee,2025-2026,Forward,1.0,Camavinga,2021-2022,Midfielder,1.0,Felipe,2021-2022,Unknown,1.0,John Brooks,2021-2022,Other,1.0,Francisco Conceição,2025-2026,Unknown,1.0
Trincão,2025-2026,1,Forward,Julian Brandt,2025-2026,Unknown,1.0,Innocent,2021-2022,Midfielder,1.0,Vidal,2021-2022,Midfielder,1.0,Luis Díaz,2021-2022,Unknown,1.0,Wilfried Singo,2025-2026,Unknown,1.0
Enzo Millot,2025-2026,1,Other,Koundé,2025-2026,Defender,1.0,Lauper,2021-2022,Midfielder,1.0,Rakitić,2021-2022,Midfielder,1.0,William Saliba,2025-2026,Unknown,1.0,Garcia,2021-2022,Defender,1.0
Youssouf Fofana,2025-2026,1,Other,Reinildo,2025-2026,Defender,1.0,Lautaro Martínez,2025-2026,Unknown,1.0,Rodrigo De Paul,2025-2026,Unknown,1.0,Jusuf Gazibegović,2025-2026,Other,0.9999,Lutsharel Geertruida,2025-2026,Defender,0.9999
Daizen Maeda,2025-2026,1,Unknown,Mendy,2021-2022,Defender,1.0,Müller,2021-2022,Forward,1.0,Haller,2021-2022,Forward,1.0,Giménez,2021-2022,Defender,1.0,Malcom,2021-2022,Forward,1.0
Edon Zhegrova,2025-2026,1,Other,Grimaldo,2021-2022,Defender,1.0,Coman,2021-2022,Forward,1.0,Modrić,2021-2022,Midfielder,1.0,Vertonghen,2021-2022,Defender,1.0,Matheus Reis,2021-2022,Unknown,1.0
Alistair Johnston,2025-2026,1,Unknown,Julian Ryerson,2025-2026,Unknown,1.0,Odilon Kossounou,2025-2026,Defender,1.0,Amar Dedić,2025-2026,Other,1.0,Gernot Trauner,2025-2026,Defender,1.0,Stefan Ristovski,2025-2026,Defender,1.0
Marko Tolić,2025-2026,1,Midfielder,Locatelli,2025-2026,Midfielder,1.0,Stefan de Vrij,2025-2026,Unknown,1.0,Axel Witsel,2025-2026,Unknown,1.0,José María Giménez,2025-2026,Unknown,1.0,Jeremie Frimpong,2025-2026,Unknown,0.9999
Florian Wirtz,2025-2026,1,Unknown,J. Timber,2021-2022,Midfielder,1.0,Zappacosta,2025-2026,Defender,1.0,Dumfries,2021-2022,Unknown,1.0,Pedri,2025-2026,Unknown,1.0,Lucas Vázquez,2021-2022,Unknown,1.0
Grimaldo,2025-2026,1,Defender,James,2021-2022,Defender,1.0,Kenan Bajrić,2025-2026,Defender,1.0,Akanji,2021-2022,Defender,1.0,Jorginho,2021-2022,Unknown,1.0,Havertz,2021-2022,Midfielder,1.0
Luuk de Jong,2025-2026,1,Unknown,Mahdi Camara,2025-2026,Other,1.0,Isak Hien,2025-2026,Unknown,1.0,Franck Kessié,2021-2022,Other,1.0,Valverde,2025-2026,Midfielder,1.0,Inbeom Hwang,2025-2026,Other,1.0
Zeno Debast,2025-2026,1,Unknown,Wöber,2021-2022,Defender,1.0,Aebischer,2021-2022,Midfielder,1.0,Valentin Rosier,2021-2022,Defender,1.0,Thiago Alcantara,2021-2022,Unknown,1.0,Kai Havertz,2025-2026,Unknown,1.0
Zappacosta,2025-2026,1,Defender,Pedri,2025-2026,Unknown,1.0,Lemar,2021-2022,Midfielder,1.0,Florian Wirtz,2025-2026,Unknown,1.0,Chalobah,2021-2022,Defender,1.0,Bruno Tabata,2021-2022,Unknown,1.0
Vanderson,2025-2026,1,Unknown,Thilo Kehrer,2025-2026,Unknown,1.0,Mechele,2025-2026,Defender,1.0,Kanté,2021-2022,Midfielder,1.0,João Palhinha,2021-2022,Unknown,1.0,Joshua Kimmich,2025-2026,Unknown,1.0
Oscar Gloukh,2025-2026,1,Midfielder,Uribe,2021-2022,Midfielder,1.0,Sead Kolasinac,2025-2026,Unknown,1.0,Emerson,2025-2026,Unknown,1.0,Kulusevski,2021-2022,Midfielder,1.0,Felix Nmecha,2025-2026,Unknown,1.0
Quinten Timber,2025-2026,1,Midfielder,Jhon Lucumi,2025-2026,Defender,1.0,Diallo,2021-2022,Defender,1.0,Kang-in Lee,2025-2026,Forward,1.0,Guram Kashia,2025-2026,Defender,1.0,Vrsaljko,2021-2022,Defender,1.0
Ludovic Ajorque,2025-2026,1,Other,Emanuel Aiwu,2025-2026,Other,1.0,Denzel Dumfries,2025-2026,Unknown,1.0,Fredrik Aursnes,2025-2026,Unknown,1.0,Haidara,2021-2022,Midfielder,0.9999,Castello Lukeba,2025-2026,Unknown,0.9999
Mehdi Taremi,2025-2026,1,Unknown,Burak Yılmaz,2021-2022,Forward,1.0,Rieks,2021-2022,Midfielder,1.0,Buyalskiy,2021-2022,Midfielder,1.0,Christian Pulisic,2025-2026,Unknown,1.0,Antoni Milambo,2025-2026,Unknown,1.0
William Bøving,2025-2026,1,Forward,Okafor,2021-2022,Midfielder,1.0,Mohamed Salah,2025-2026,Unknown,1.0,Reus,2021-2022,Midfielder,1.0,Harry Kane,2025-2026,Unknown,1.0,Filip Panák,2025-2026,Unknown,1.0
Minjae Kim,2025-2026,1,Other,Arthur,2021-2022,Unknown,1.0,Marcos Antônio,2021-2022,Midfielder,1.0,Breel Embolo,2025-2026,Unknown,1.0,Hugo Magnetti,2025-2026,Other,1.0,Tolisso,2021-2022,Midfielder,1.0
Warren Zaïre-Emery,2025-2026,1,Unknown,Zaidu,2021-2022,Defender,1.0,Bentancur,2021-2022,Midfielder,1.0,Herrera,2021-2022,Midfielder,1.0,Pedraza,2021-2022,Midfielder,1.0,C. Martins Pereira,2021-2022,Midfielder,1.0
Jude Bellingham,2025-2026,1,Unknown,Freuler,2025-2026,Midfielder,1.0,Edmond Tapsoba,2025-2026,Other,1.0,Aurélien Tchouaméni,2025-2026,Unknown,1.0,Van de Beek,2021-2022,Midfielder,1.0,Welinton,2021-2022,Defender,1.0
Mohamed Salah,2025-2026,1,Unknown,William Bøving,2025-2026,Forward,1.0,Okafor,2021-2022,Midfielder,1.0,Cristiano,2021-2022,Defender,1.0,Harry Kane,2025-2026,Unknown,1.0,Bernardo Silva,2021-2022,Unknown,1.0
Julian Brandt,2025-2026,1,Unknown,Innocent,2021-2022,Midfielder,1.0,Trincão,2025-2026,Forward,1.0,Vidal,2021-2022,Midfielder,1.0,Luis Díaz,2021-2022,Unknown,1.0,Virgil van Dijk,2025-2026,Unknown,1.0
Sam Beukema,2025-2026,1,Other,Joaquin Seys,2025-2026,Unknown,1.0,Ozdoev,2021-2022,Midfielder,1.0,Arnau Martínez,2025-2026,Unknown,1.0,Pedro Gonçalves,2025-2026,Unknown,1.0,José María Giménez,2025-2026,Unknown,0.9999
Sandro Lauper,2025-2026,1,Defender,Thomas Beelen,2025-2026,Unknown,1.0,Alexis Sánchez,2021-2022,Unknown,1.0,Leroy Sané,2025-2026,Unknown,1.0,Rakip,2021-2022,Midfielder,1.0,David López,2025-2026,Other,1.0
Igor Paixão,2025-2026,1,Unknown,Phil Foden,2025-2026,Unknown,1.0,Maghnes Akliouche,2025-2026,Unknown,1.0,Mané,2021-2022,Midfielder,1.0,Bonucci,2021-2022,Defender,1.0,Valverde,2021-2022,Midfielder,1.0
Manuel Akanji,2025-2026,1,Unknown,Matheus Nunes,2025-2026,Unknown,1.0,Addo,2021-2022,Midfielder,1.0,De Sciglio,2021-2022,Defender,1.0,Laimer,2021-2022,Midfielder,1.0,Alan Patrick,2021-2022,Midfielder,1.0
Lamine Yamal,2025-2026,1,Unknown,Upamecano,2021-2022,Defender,1.0,Brozović,2021-2022,Midfielder,1.0,Weigl,2021-2022,Midfielder,1.0,Maycon,2021-2022,Midfielder,1.0,Mukiele,2021-2022,Defender,1.0
Atakan Karazor,2025-2026,1,Other,Valeriy Bondar,2025-2026,Defender,1.0,Djimsiti,2021-2022,Defender,1.0,Carvajal,2025-2026,Defender,1.0,Francisco Conceição,2025-2026,Unknown,1.0,John Brooks,2021-2022,Other,1.0
Christian Pulisic,2025-2026,1,Unknown,Buyalskiy,2021-2022,Midfielder,1.0,Pau Torres,2021-2022,Unknown,1.0,Mehdi Taremi,2025-2026,Unknown,1.0,Burak Yılmaz,2021-2022,Forward,1.0,Robert Lewandowski,2025-2026,Unknown,0.9999
Qazim Laçi,2025-2026,1,Midfielder,Kjær,2021-2022,Defender,1.0,Havertz,2021-2022,Midfielder,1.0,Rakitskyy,2021-2022,Defender,1.0,Lovren,2021-2022,Defender,1.0,Firmino,2021-2022,Midfielder,1.0
Filip Ugrinic,2025-2026,1,Unknown,Uroš Spajić,2025-2026,Defender,1.0,Welinton,2021-2022,Defender,1.0,Atakan Karazor,2025-2026,Other,1.0,Van de Beek,2021-2022,Midfielder,1.0,Valeriy Bondar,2025-2026,Defender,1.0
Amadou Haidara,2025-2026,1,Unknown,Willian Pacho,2025-2026,Unknown,1.0,Alexander Bah,2025-2026,Unknown,1.0,Coquelin,2021-2022,Midfielder,1.0,Brendan Chardonnet,2025-2026,Unknown,1.0,Olivier Boscagli,2025-2026,Unknown,1.0
Matteo Dams,2025-2026,1,Other,Nikola Moro,2025-2026,Midfielder,1.0,Exequiel Palacios,2025-2026,Unknown,1.0,Cristian Volpato,2021-2022,Other,1.0,Álvaro Morata,2025-2026,Unknown,1.0,Éder Militão,2025-2026,Unknown,1.0
Orkun Kökçü,2025-2026,1,Unknown,João Mário,2021-2022,Unknown,1.0,Dávid Hancko,2025-2026,Unknown,1.0,N'Sakala,2021-2022,Defender,1.0,Alphonso Davies,2025-2026,Unknown,1.0,Maxim De Cuyper,2025-2026,Unknown,1.0
Arnau Martínez,2025-2026,1,Unknown,Pedro Gonçalves,2025-2026,Unknown,1.0,Schuurs,2021-2022,Defender,1.0,Benjamin André,2025-2026,Unknown,1.0,Mingueza,2021-2022,Defender,1.0,Sam Beukema,2025-2026,Other,1.0
Bradley Barcola,2025-2026,1,Unknown,De Ligt,2021-2022,Defender,1.0,André Silva,2021-2022,Unknown,1.0,Takumi Minamino,2025-2026,Unknown,1.0,Maguire,2021-2022,Defender,1.0,Alexander-Arnold,2021-2022,Defender,1.0
Arne Engels,2025-2026,1,Unknown,Zappacosta,2021-2022,Defender,1.0,Capoue,2021-2022,Midfielder,1.0,Süle,2021-2022,Defender,1.0,Matviyenko,2021-2022,Defender,1.0,Pierre Kalulu,2025-2026,Unknown,1.0
Erling Haaland,2025-2026,1,Unknown,Yaremchuk,2021-2022,Forward,1.0,Chukwueze,2021-2022,Midfielder,1.0,Džeko,2021-2022,Forward,1.0,Lewandowski,2021-2022,Forward,1.0,Azmoun,2021-2022,Forward,1.0
Rade Krunic,2025-2026,1,Unknown,Tolói,2021-2022,Defender,1.0,Tsimikas,2021-2022,Defender,1.0,Deniz Undav,2025-2026,Unknown,1.0,Christos Tzolis,2025-2026,Unknown,1.0,Emre Can,2025-2026,Unknown,1.0
Christos Tzolis,2025-2026,1,Unknown,Deniz Undav,2025-2026,Unknown,1.0,Tsimikas,2021-2022,Defender,1.0,Tolói,2021-2022,Defender,1.0,Trigueros,2021-2022,Midfielder,1.0,Kondogbia,2021-2022,Midfielder,1.0
Trent Alexander-Arnold,2025-2026,1,Unknown,Larsson,2021-2022,Defender,1.0,Kondogbia,2021-2022,Midfielder,1.0,Trigueros,2021-2022,Midfielder,1.0,Christos Tzolis,2025-2026,Unknown,1.0,Neres,2021-2022,Forward,1.0
Robert Lewandowski,2025-2026,1,Unknown,Sandro Kulenović,2025-2026,Forward,1.0,Danjuma,2021-2022,Midfielder,1.0,Núñez,2021-2022,Forward,1.0,Aaronson,2021-2022,Midfielder,1.0,Pau Torres,2021-2022,Unknown,1.0
Rafael Leão,2025-2026,1,Unknown,Nico González,2021-2022,Unknown,1.0,Mateo Retegui,2025-2026,Unknown,1.0,Hugo Magnetti,2025-2026,Other,1.0,Breel Embolo,2025-2026,Unknown,1.0,Marcos Antônio,2021-2022,Midfielder,1.0
Vlahović,2025-2026,1,Forward,Gündoğan,2021-2022,Midfielder,1.0,Ronald Araújo,2021-2022,Unknown,1.0,Kroos,2021-2022,Midfielder,1.0,Gnabry,2021-2022,Forward,1.0,Dominik Szoboszlai,2025-2026,Unknown,1.0
Djimsiti,2025-2026,1,Defender,Shaw,2021-2022,Defender,1.0,Davies,2021-2022,Midfielder,1.0,Casemiro,2021-2022,Unknown,1.0,Lenglet,2021-2022,Defender,1.0,Reinildo,2021-2022,Defender,1.0
Valverde,2025-2026,1,Midfielder,Luuk de Jong,2025-2026,Unknown,1.0,Mahdi Camara,2025-2026,Other,1.0,Isak Hien,2025-2026,Unknown,1.0,Franck Kessié,2021-2022,Other,1.0,Benjamin Henrichs,2025-2026,Unknown,1.0
Raphinha,2025-2026,1,Unknown,Berghuis,2021-2022,Forward,1.0,Salah,2021-2022,Forward,1.0,Marquinhos,2021-2022,Unknown,1.0,Fassnacht,2021-2022,Midfielder,1.0,Pulišić,2021-2022,Midfielder,1.0
Antoine Griezmann,2025-2026,1,Unknown,Forsberg,2021-2022,Forward,1.0,Georgiy Sudakov,2025-2026,Midfielder,1.0,Albiol,2021-2022,Defender,1.0,Pašalić,2021-2022,Midfielder,1.0,Stones,2021-2022,Defender,1.0
Guus Til,2025-2026,1,Unknown,Rúben Dias,2021-2022,Unknown,1.0,Musiala,2021-2022,Midfielder,1.0,Kimpembe,2021-2022,Defender,1.0,Danilo,2021-2022,Unknown,1.0,Liam Scales,2025-2026,Other,1.0
Serge Gnabry,2025-2026,1,Unknown,Gomez,2021-2022,Defender,1.0,Loïs Openda,2025-2026,Unknown,1.0,Jordán,2021-2022,Midfielder,1.0,Nico González,2021-2022,Unknown,1.0,Rafael Leão,2025-2026,Unknown,1.0
Mahdi Camara,2025-2026,1,Other,Luuk de Jong,2025-2026,Unknown,1.0,Isak Hien,2025-2026,Unknown,1.0,Franck Kessié,2021-2022,Other,1.0,Inbeom Hwang,2025-2026,Other,1.0,Valverde,2025-2026,Midfielder,1.0
Oleksandr Zubkov,2025-2026,1,Midfielder,Seiwald,2021-2022,Midfielder,1.0,Mbemba,2021-2022,Defender,1.0,Victor  Olatunji,2025-2026,Other,1.0,Barella,2021-2022,Unknown,1.0,Johan Bakayoko,2025-2026,Unknown,1.0
Kerem Aktürkoglu,2025-2026,1,Unknown,Kuzyaev,2021-2022,Midfielder,1.0,Gerard Moreno,2021-2022,Unknown,1.0,Pedro Gonçalves,2021-2022,Unknown,1.0,Werner,2021-2022,Forward,1.0,Elia,2021-2022,Forward,1.0
Malick Yalcouye,2025-2026,1,Unknown,Lamela,2021-2022,Midfielder,1.0,Samson Baidoo,2025-2026,Other,1.0,Pascal Gross,2025-2026,Other,0.9999,Dimitri Lavalée,2025-2026,Defender,0.9999,Ederson,2025-2026,Unknown,0.9998
Danylo Ihnatenko,2025-2026,1,Other,Luka Modric,2025-2026,Unknown,1.0,Ángel Correa,2025-2026,Unknown,1.0,En-Nesyri,2021-2022,Forward,0.9999,Mamady Diambou,2025-2026,Other,0.9998,Delano Burgzorg,2021-2022,Other,0.9994
Martin Baturina,2025-2026,1,Midfielder,Ladislav Krejčí,2025-2026,Forward,1.0,Mohammed Salisu,2025-2026,Unknown,1.0,Kalulu,2021-2022,Defender,1.0,Vitinha,2025-2026,Unknown,1.0,Nuno Mendes,2025-2026,Unknown,1.0
Fredrik Aursnes,2025-2026,1,Unknown,Ludovic Ajorque,2025-2026,Other,1.0,Emanuel Aiwu,2025-2026,Other,1.0,Denzel Dumfries,2025-2026,Unknown,1.0,Alessandro Bastoni,2025-2026,Unknown,0.9999,Danjuma,2025-2026,Midfielder,0.9999
Phil Foden,2025-2026,1,Unknown,Igor Paixão,2025-2026,Unknown,1.0,Maghnes Akliouche,2025-2026,Unknown,1.0,Bonucci,2021-2022,Defender,1.0,Mané,2021-2022,Midfielder,1.0,Valverde,2021-2022,Midfielder,1.0
Ademola Lookman,2025-2026,1,Other,Freuler,2021-2022,Midfielder,1.0,Karim Adeyemi,2025-2026,Unknown,1.0,Van Dijk,2021-2022,Defender,1.0,Pašalić,2021-2022,Midfielder,1.0,Ángel Di María,2025-2026,Unknown,1.0
Silas,2025-2026,1,Unknown,Donyell Malen,2025-2026,Unknown,1.0,Vitinha,2021-2022,Unknown,1.0,Gvardiol,2021-2022,Defender,1.0,Gabriel Gudmundsson,2025-2026,Unknown,1.0,Artem Bondarenko,2025-2026,Midfielder,1.0
Benjamin Sesko,2025-2026,1,Unknown,Marten de Roon,2025-2026,Unknown,1.0,Romagnoli,2021-2022,Defender,1.0,Oxlade-Chamberlain,2021-2022,Midfielder,1.0,Suso,2021-2022,Unknown,1.0,Sierro,2021-2022,Midfielder,1.0
Karim Konaté,2025-2026,1,Other,Brendan Chardonnet,2025-2026,Unknown,1.0,Coquelin,2021-2022,Midfielder,1.0,Alexander Bah,2025-2026,Unknown,1.0,Kampl,2021-2022,Midfielder,1.0,Willian Pacho,2025-2026,Unknown,1.0
Kylian Mbappé,2025-2026,1,Unknown,Declan Rice,2025-2026,Unknown,1.0,De Bruyne,2021-2022,Midfielder,1.0,Demiral,2021-2022,Defender,1.0,Palomino,2021-2022,Defender,1.0,Valverde,2021-2022,Midfielder,1.0
Savinho,2025-2026,1,Unknown,Koke,2025-2026,Unknown,1.0,Reo Hatate,2025-2026,Unknown,1.0,Takuya Ogiwara,2025-2026,Unknown,1.0,Donny van de Beek,2025-2026,Unknown,1.0,Vrsaljko,2021-2022,Defender,1.0
Thomas Partey,2025-2026,1,Unknown,Tonali,2021-2022,Midfielder,1.0,Alan Patrick,2021-2022,Midfielder,1.0,Taarabt,2021-2022,Midfielder,1.0,Laimer,2021-2022,Midfielder,1.0,De Sciglio,2021-2022,Defender,1.0
Pau Cubarsí,2025-2026,1,Unknown,Konaté,2025-2026,Defender,1.0,Balanta,2021-2022,Midfielder,1.0,Benjamin Pavard,2025-2026,Unknown,1.0,Maximiliano Araújo,2025-2026,Unknown,1.0,Pogba,2021-2022,Midfielder,1.0
Jeremie Frimpong,2025-2026,1,Unknown,Pašalić,2025-2026,Midfielder,1.0,Daniel Bragança,2025-2026,Midfielder,1.0,Axel Witsel,2025-2026,Unknown,1.0,Stefan de Vrij,2025-2026,Unknown,1.0,Pedro Henrique,2025-2026,Other,1.0
Joaquin Seys,2025-2026,1,Unknown,Ozdoev,2021-2022,Midfielder,1.0,Sam Beukema,2025-2026,Other,1.0,José María Giménez,2025-2026,Unknown,1.0,Arnau Martínez,2025-2026,Unknown,0.9999,Pedro Gonçalves,2025-2026,Unknown,0.9999
Benjamin Henrichs,2025-2026,1,Unknown,Marc Casado,2025-2026,Other,1.0,David López,2025-2026,Other,1.0,Rakip,2021-2022,Midfielder,1.0,Valverde,2025-2026,Midfielder,1.0,Alexis Sánchez,2021-2022,Unknown,1.0
Deniz Undav,2025-2026,1,Unknown,Christos Tzolis,2025-2026,Unknown,1.0,Tsimikas,2021-2022,Defender,1.0,Tolói,2021-2022,Defender,1.0,Trigueros,2021-2022,Midfielder,1.0,Kondogbia,2021-2022,Midfielder,1.0
Pedri,2025-2026,1,Unknown,Zappacosta,2025-2026,Defender,1.0,Lemar,2021-2022,Midfielder,1.0,Chalobah,2021-2022,Defender,1.0,Florian Wirtz,2025-2026,Unknown,1.0,Bruno Tabata,2021-2022,Unknown,1.0
Emerson,2025-2026,1,Unknown,Felix Nmecha,2025-2026,Unknown,1.0,Uribe,2021-2022,Midfielder,1.0,João Neves,2025-2026,Unknown,1.0,Oscar Gloukh,2025-2026,Midfielder,1.0,Origi,2021-2022,Forward,1.0
Nicolas Kühn,2025-2026,1,Unknown,Filip Panák,2025-2026,Unknown,1.0,Ocampos,2021-2022,Midfielder,1.0,Reus,2021-2022,Midfielder,1.0,Karavaev,2021-2022,Defender,1.0,Adeyemi,2021-2022,Forward,1.0
Edmond Tapsoba,2025-2026,1,Other,Jude Bellingham,2025-2026,Unknown,1.0,Freuler,2025-2026,Midfielder,1.0,Aurélien Tchouaméni,2025-2026,Unknown,1.0,Van de Beek,2021-2022,Midfielder,1.0,Alexis Mac Allister,2025-2026,Unknown,1.0
Granit Xhaka,2025-2026,1,Unknown,Conor Gallagher,2025-2026,Unknown,1.0,Stefan Ristovski,2025-2026,Defender,1.0,Lucas Vázquez,2025-2026,Unknown,1.0,Gernot Trauner,2025-2026,Defender,1.0,Amar Dedić,2025-2026,Other,1.0
Liam Scales,2025-2026,1,Other,Rachid Ghezzal,2021-2022,Forward,1.0,Danilo,2021-2022,Unknown,1.0,Musiala,2021-2022,Midfielder,1.0,Guus Til,2025-2026,Unknown,1.0,Rúben Dias,2021-2022,Unknown,1.0
Jeff Chabot,2025-2026,1,Unknown,Raoul Bellanova,2025-2026,Unknown,1.0,Acuña,2021-2022,Defender,1.0,Di María,2021-2022,Forward,1.0,Jones,2021-2022,Midfielder,1.0,Guilavogui,2021-2022,Midfielder,1.0
Denzel Dumfries,2025-2026,1,Unknown,Emanuel Aiwu,2025-2026,Other,1.0,Ludovic Ajorque,2025-2026,Other,1.0,Fredrik Aursnes,2025-2026,Unknown,1.0,Haidara,2021-2022,Midfielder,0.9999,Castello Lukeba,2025-2026,Unknown,0.9999
Emre Can,2025-2026,1,Unknown,Kristensen,2021-2022,Defender,1.0,Rade Krunic,2025-2026,Unknown,1.0,Varane,2021-2022,Defender,1.0,Aké,2021-2022,Defender,1.0,De Paul,2021-2022,Midfielder,1.0
Donny van de Beek,2025-2026,1,Unknown,Vrsaljko,2021-2022,Defender,1.0,Reo Hatate,2025-2026,Unknown,1.0,Diallo,2021-2022,Defender,1.0,Savinho,2025-2026,Unknown,1.0,Koke,2025-2026,Unknown,1.0
Dominik Szoboszlai,2025-2026,1,Unknown,T. Hernández,2021-2022,Defender,1.0,Sydorchuk,2021-2022,Midfielder,1.0,Kroos,2021-2022,Midfielder,1.0,Ronald Araújo,2021-2022,Unknown,1.0,Gündoğan,2021-2022,Midfielder,1.0
Artem Bondarenko,2025-2026,1,Midfielder,Moisander,2021-2022,Defender,1.0,Marcel Sabitzer,2025-2026,Unknown,1.0,Álvaro Carreras,2025-2026,Unknown,1.0,Vitinha,2021-2022,Unknown,1.0,Donyell Malen,2025-2026,Unknown,1.0
Éder Militão,2025-2026,1,Unknown,Lamine Camara,2025-2026,Unknown,1.0,Nikola Moro,2025-2026,Midfielder,1.0,Matteo Dams,2025-2026,Other,1.0,Nicolò Barella,2025-2026,Unknown,1.0,Exequiel Palacios,2025-2026,Unknown,1.0
Serhou Guirassy,2025-2026,1,Unknown,Haaland,2021-2022,Forward,1.0,Benzema,2021-2022,Forward,1.0,Iličić,2021-2022,Midfielder,1.0,Chiesa,2021-2022,Forward,1.0,Aaronson,2021-2022,Midfielder,1.0
Reo Hatate,2025-2026,1,Unknown,Savinho,2025-2026,Unknown,1.0,Koke,2025-2026,Unknown,1.0,Donny van de Beek,2025-2026,Unknown,1.0,Vrsaljko,2021-2022,Defender,1.0,Takuya Ogiwara,2025-2026,Unknown,1.0
David López,2025-2026,1,Other,Marc Casado,2025-2026,Other,1.0,Rakip,2021-2022,Midfielder,1.0,Alexis Sánchez,2021-2022,Unknown,1.0,Benjamin Henrichs,2025-2026,Unknown,1.0,Thomas Beelen,2025-2026,Unknown,1.0
Leandro Trossard,2025-2026,1,Unknown,Arnold,2021-2022,Midfielder,1.0,Pavard,2021-2022,Unknown,1.0,Meunier,2021-2022,Defender,1.0,Dodô,2021-2022,Defender,1.0,Onguéné,2021-2022,Defender,1.0
Auston Trusty,2025-2026,1,Unknown,Sowah,2021-2022,Forward,1.0,Federico Gatti,2025-2026,Unknown,1.0,Jonathan Tah,2025-2026,Unknown,1.0,Fikayo Tomori,2025-2026,Unknown,1.0,Jonathan David,2025-2026,Unknown,1.0
Silvère Ganvoula,2025-2026,1,Unknown,Edimilson Fernandes,2025-2026,Unknown,1.0,Yann Bisseck,2025-2026,Unknown,1.0,Verratti,2021-2022,Midfielder,1.0,Ismael Saibari,2025-2026,Unknown,1.0,Malik Tillman,2025-2026,Unknown,1.0
Josko Gvardiol,2025-2026,1,Unknown,Bruno Petković,2025-2026,Forward,1.0,Tolisso,2021-2022,Midfielder,1.0,Nuno Mendes,2025-2026,Unknown,1.0,Vitinha,2025-2026,Unknown,1.0,Minjae Kim,2025-2026,Other,1.0
João Neves,2025-2026,1,Unknown,Felix Nmecha,2025-2026,Unknown,1.0,Origi,2021-2022,Forward,1.0,Emerson,2025-2026,Unknown,1.0,Uribe,2021-2022,Midfielder,1.0,Oscar Gloukh,2025-2026,Midfielder,1.0
Hugo Magnetti,2025-2026,1,Other,Mateo Retegui,2025-2026,Unknown,1.0,Breel Embolo,2025-2026,Unknown,1.0,Rafael Leão,2025-2026,Unknown,1.0,Nico González,2021-2022,Unknown,1.0,Marcos Antônio,2021-2022,Midfielder,1.0
Lamine Camara,2025-2026,1,Unknown,Éder Militão,2025-2026,Unknown,1.0,Nicolò Barella,2025-2026,Unknown,1.0,Nikola Moro,2025-2026,Midfielder,1.0,Matteo Dams,2025-2026,Other,1.0,Exequiel Palacios,2025-2026,Unknown,1.0
Lutsharel Geertruida,2025-2026,1,Defender,Rodrigo De Paul,2025-2026,Unknown,1.0,Lewin Blum,2025-2026,Defender,1.0,Castello Lukeba,2025-2026,Unknown,1.0,Haidara,2021-2022,Midfielder,1.0,Youssouf Fofana,2025-2026,Other,0.9999
Breel Embolo,2025-2026,1,Unknown,Marcos Antônio,2021-2022,Midfielder,1.0,Arthur,2021-2022,Unknown,1.0,Hugo Magnetti,2025-2026,Other,1.0,Mateo Retegui,2025-2026,Unknown,1.0,Minjae Kim,2025-2026,Other,1.0
Sead Kolasinac,2025-2026,1,Unknown,Kulusevski,2021-2022,Midfielder,1.0,Oscar Gloukh,2025-2026,Midfielder,1.0,Uribe,2021-2022,Midfielder,1.0,Guilavogui,2021-2022,Midfielder,1.0,Jones,2021-2022,Midfielder,1.0
Benjamin Pavard,2025-2026,1,Unknown,Balanta,2021-2022,Midfielder,1.0,Konaté,2025-2026,Defender,1.0,Pau Cubarsí,2025-2026,Unknown,1.0,Soumaula Coulibaly,2025-2026,Other,1.0,Ilkay Gündogan,2025-2026,Unknown,1.0
Gernot Trauner,2025-2026,1,Defender,Amar Dedić,2025-2026,Other,1.0,Stefan Ristovski,2025-2026,Defender,1.0,Julian Ryerson,2025-2026,Unknown,1.0,Alistair Johnston,2025-2026,Unknown,1.0,Granit Xhaka,2025-2026,Unknown,1.0
Axel Witsel,2025-2026,1,Unknown,Stefan de Vrij,2025-2026,Unknown,1.0,Marko Tolić,2025-2026,Midfielder,1.0,Locatelli,2025-2026,Midfielder,1.0,Jeremie Frimpong,2025-2026,Unknown,1.0,José María Giménez,2025-2026,Unknown,0.9999
Yann Bisseck,2025-2026,1,Unknown,Edimilson Fernandes,2025-2026,Unknown,1.0,Silvère Ganvoula,2025-2026,Unknown,1.0,Verratti,2021-2022,Midfielder,1.0,Ismael Saibari,2025-2026,Unknown,1.0,Malik Tillman,2025-2026,Unknown,1.0
Matheus Nunes,2025-2026,1,Unknown,Addo,2021-2022,Midfielder,1.0,Manuel Akanji,2025-2026,Unknown,1.0,Garmash,2021-2022,Midfielder,1.0,Adams,2021-2022,Midfielder,1.0,Kampl,2021-2022,Midfielder,1.0
Wilfried Singo,2025-2026,1,Unknown,Dimarco,2021-2022,Unknown,1.0,Ousmane Dembélé,2025-2026,Unknown,1.0,Trincão,2025-2026,Forward,1.0,Julian Brandt,2025-2026,Unknown,1.0,Dalot,2021-2022,Defender,1.0
Kevin Wimmer,2025-2026,1,Defender,Gavi,2021-2022,Unknown,1.0,Jérôme Roussillon,2021-2022,Other,1.0,Vinícius Júnior,2025-2026,Unknown,1.0,Abdallah Sima,2025-2026,Unknown,1.0,Teun Koopmeiners,2025-2026,Unknown,1.0
José María Giménez,2025-2026,1,Unknown,Locatelli,2025-2026,Midfielder,1.0,Marko Tolić,2025-2026,Midfielder,1.0,Ozdoev,2021-2022,Midfielder,1.0,Joaquin Seys,2025-2026,Unknown,1.0,Stefan de Vrij,2025-2026,Unknown,1.0
Teun Koopmeiners,2025-2026,1,Unknown,Dest,2021-2022,Defender,1.0,Paredes,2021-2022,Midfielder,1.0,Dahoud,2021-2022,Midfielder,1.0,Vinícius Júnior,2025-2026,Unknown,1.0,Jérôme Roussillon,2021-2022,Other,1.0
Declan Rice,2025-2026,1,Unknown,Kylian Mbappé,2025-2026,Unknown,1.0,De Bruyne,2021-2022,Midfielder,1.0,Demiral,2021-2022,Defender,1.0,Palomino,2021-2022,Defender,1.0,Valverde,2021-2022,Midfielder,1.0
Isak Hien,2025-2026,1,Unknown,Mahdi Camara,2025-2026,Other,1.0,Franck Kessié,2021-2022,Other,1.0,Luuk de Jong,2025-2026,Unknown,1.0,Inbeom Hwang,2025-2026,Other,1.0,Khephren Thuram,2025-2026,Midfielder,1.0
Amar Dedić,2025-2026,1,Other,Gernot Trauner,2025-2026,Defender,1.0,Julian Ryerson,2025-2026,Unknown,1.0,Alistair Johnston,2025-2026,Unknown,1.0,Stefan Ristovski,2025-2026,Defender,1.0,Granit Xhaka,2025-2026,Unknown,1.0
Tomás Araújo,2025-2026,1,Unknown,Bennacer,2021-2022,Midfielder,1.0,Kanté,2021-2022,Midfielder,1.0,Mechele,2025-2026,Defender,1.0,Thilo Kehrer,2025-2026,Unknown,1.0,Vida,2021-2022,Defender,1.0
Brendan Chardonnet,2025-2026,1,Unknown,Coquelin,2021-2022,Midfielder,1.0,Alexander Bah,2025-2026,Unknown,1.0,Karim Konaté,2025-2026,Other,1.0,Willian Pacho,2025-2026,Unknown,1.0,Amadou Haidara,2025-2026,Unknown,1.0
Castello Lukeba,2025-2026,1,Unknown,Haidara,2021-2022,Midfielder,1.0,Lewin Blum,2025-2026,Defender,1.0,Lutsharel Geertruida,2025-2026,Defender,1.0,Rodrigo De Paul,2025-2026,Unknown,0.9999,Denzel Dumfries,2025-2026,Unknown,0.9999
Jonathan David,2025-2026,1,Unknown,Jonathan Tah,2025-2026,Unknown,1.0,Federico Gatti,2025-2026,Unknown,1.0,Sowah,2021-2022,Forward,1.0,Auston Trusty,2025-2026,Unknown,1.0,Fikayo Tomori,2025-2026,Unknown,1.0
Takumi Minamino,2025-2026,1,Unknown,André Silva,2021-2022,Unknown,1.0,Taremi,2021-2022,Forward,1.0,Zeki Çelik,2021-2022,Unknown,1.0,De Ligt,2021-2022,Defender,1.0,Bradley Barcola,2025-2026,Unknown,1.0
Gabriel Gudmundsson,2025-2026,1,Unknown,Gvardiol,2021-2022,Defender,1.0,Gabriel,2025-2026,Defender,1.0,Jamal Musiala,2025-2026,Unknown,1.0,Silas,2025-2026,Unknown,1.0,Núñez,2025-2026,Forward,1.0
Ramy Bensebaini,2025-2026,1,Unknown,Pedro Henrique,2025-2026,Other,1.0,João Palhinha,2025-2026,Unknown,1.0,Daniel Bragança,2025-2026,Midfielder,1.0,Pašalić,2025-2026,Midfielder,1.0,Stefan Posch,2025-2026,Unknown,1.0
Balde,2025-2026,1,Defender,Eric García,2021-2022,Unknown,1.0,Morten Hjulmand,2025-2026,Midfielder,1.0,Mykhaylo Mudryk,2021-2022,Midfielder,1.0,Kjærgaard,2021-2022,Midfielder,1.0,Kevin Mbabu,2021-2022,Other,1.0
Dimitri Lavalée,2025-2026,1,Defender,Pascal Gross,2025-2026,Other,1.0,Kamil Piątkowski,2025-2026,Other,1.0,Samson Baidoo,2025-2026,Other,1.0,Lamela,2021-2022,Midfielder,1.0,Jusuf Gazibegović,2025-2026,Other,0.9999
Denis Zakaria,2025-2026,1,Unknown,Alexsandro,2025-2026,Unknown,1.0,Callum McGregor,2025-2026,Unknown,1.0,Fernandinho,2021-2022,Unknown,1.0,Achraf Hakimi,2025-2026,Unknown,1.0,De Roon,2021-2022,Midfielder,1.0
Vangelis Pavlidis,2025-2026,1,Unknown,Josip Mišić,2025-2026,Midfielder,1.0,Abdallah Sima,2025-2026,Unknown,1.0,Welinton Souza,2021-2022,Defender,1.0,Gavi,2021-2022,Unknown,1.0,Kevin Wimmer,2025-2026,Defender,1.0
Petar Sučić,2025-2026,1,Other,Kovačić,2021-2022,Midfielder,1.0,Cody Gakpo,2025-2026,Unknown,1.0,Keïta,2021-2022,Midfielder,1.0,Renan Lodi,2021-2022,Unknown,1.0,Dalot,2021-2022,Defender,1.0
Tsimikas,2025-2026,1,Defender,N. Williams,2021-2022,Defender,1.0,Lucas Vázquez,2025-2026,Unknown,1.0,Ardon Jashari,2025-2026,Unknown,1.0,Conor Gallagher,2025-2026,Unknown,1.0,Rugani,2021-2022,Defender,1.0
Jamie Leweling,2025-2026,1,Other,Nasser Djiga,2025-2026,Other,1.0,Michael Olise,2025-2026,Unknown,1.0,Otávio,2021-2022,Unknown,1.0,Luis Díaz,2025-2026,Unknown,1.0,Ismael Saibari,2025-2026,Unknown,1.0
Ardon Jashari,2025-2026,1,Unknown,Rugani,2021-2022,Defender,1.0,Matić,2021-2022,Midfielder,1.0,N. Williams,2021-2022,Defender,1.0,Maxime Bernauer,2025-2026,Defender,1.0,Tsimikas,2025-2026,Defender,1.0
Mauro Júnior,2025-2026,1,Unknown,Henrikh Mkhitaryan,2025-2026,Unknown,0.9999,Aleix García,2025-2026,Unknown,0.9996,Yangel Herrera,2025-2026,Other,0.9995,Mamady Diambou,2025-2026,Other,0.9994,Álvaro Morata,2025-2026,Unknown,0.9991
Ousmane Dembélé,2025-2026,1,Unknown,Dimarco,2021-2022,Unknown,1.0,Dalot,2021-2022,Defender,1.0,Renan Lodi,2021-2022,Unknown,1.0,Kovačić,2021-2022,Midfielder,1.0,Petar Sučić,2025-2026,Other,1.0
Álvaro Morata,2025-2026,1,Unknown,Cristian Volpato,2021-2022,Other,1.0,Exequiel Palacios,2025-2026,Unknown,1.0,Matteo Dams,2025-2026,Other,1.0,Nikola Moro,2025-2026,Midfielder,1.0,Éder Militão,2025-2026,Unknown,1.0
Ángel Di María,2025-2026,1,Unknown,Klaassen,2021-2022,Midfielder,1.0,Van Dijk,2021-2022,Defender,1.0,Antony,2021-2022,Unknown,1.0,Ademola Lookman,2025-2026,Other,1.0,Freuler,2021-2022,Midfielder,1.0
Rodrigo De Paul,2025-2026,1,Unknown,Lutsharel Geertruida,2025-2026,Defender,1.0,Lewin Blum,2025-2026,Defender,1.0,Youssouf Fofana,2025-2026,Other,1.0,Reinildo,2025-2026,Defender,1.0,Castello Lukeba,2025-2026,Unknown,0.9999
Cody Gakpo,2025-2026,1,Unknown,Keïta,2021-2022,Midfielder,1.0,Petar Sučić,2025-2026,Other,1.0,Kovačić,2021-2022,Midfielder,1.0,Luis Díaz,2025-2026,Unknown,1.0,Renan Lodi,2021-2022,Unknown,1.0
Aleix García,2025-2026,1,Unknown,Yangel Herrera,2025-2026,Other,1.0,Álvaro Morata,2025-2026,Unknown,0.9999,Cristian Volpato,2021-2022,Other,0.9999,Exequiel Palacios,2025-2026,Unknown,0.9999,Matteo Dams,2025-2026,Other,0.9999
Samson Baidoo,2025-2026,1,Other,Lamela,2021-2022,Midfielder,1.0,Pascal Gross,2025-2026,Other,1.0,Malick Yalcouye,2025-2026,Unknown,1.0,Dimitri Lavalée,2025-2026,Defender,1.0,Kamil Piątkowski,2025-2026,Other,0.9999
Julian Ryerson,2025-2026,1,Unknown,Alistair Johnston,2025-2026,Unknown,1.0,Amar Dedić,2025-2026,Other,1.0,Gernot Trauner,2025-2026,Defender,1.0,Odilon Kossounou,2025-2026,Defender,1.0,Stefan Ristovski,2025-2026,Defender,1.0
Koke,2025-2026,1,Unknown,Savinho,2025-2026,Unknown,1.0,Takuya Ogiwara,2025-2026,Unknown,1.0,Reo Hatate,2025-2026,Unknown,1.0,Donny van de Beek,2025-2026,Unknown,1.0,Hummels,2021-2022,Defender,1.0
Bukayo Saka,2025-2026,1,Unknown,Goretzka,2021-2022,Midfielder,1.0,Ziyech,2021-2022,Midfielder,1.0,Fernandinho,2021-2022,Unknown,1.0,Antonio Rüdiger,2025-2026,Unknown,1.0,Bentancur,2021-2022,Midfielder,1.0
Peter Olayinka,2025-2026,1,Forward,Raphael Onyedika,2025-2026,Unknown,1.0,Fikayo Tomori,2025-2026,Unknown,1.0,Felício Milson,2025-2026,Unknown,1.0,Auston Trusty,2025-2026,Unknown,1.0,Sowah,2021-2022,Forward,1.0
Michael Olise,2025-2026,1,Unknown,Jamie Leweling,2025-2026,Other,1.0,Ismael Saibari,2025-2026,Unknown,1.0,Nasser Djiga,2025-2026,Other,1.0,Otávio,2021-2022,Unknown,1.0,Luis Díaz,2025-2026,Unknown,1.0
Nahuel Molina,2025-2026,1,Unknown,Alex Telles,2021-2022,Unknown,1.0,Brahim Díaz,2021-2022,Unknown,1.0,Depay,2021-2022,Forward,1.0,Sarabia,2021-2022,Forward,0.9999,Luis Suárez,2021-2022,Unknown,0.9999
Vitinha,2025-2026,1,Unknown,Mohammed Salisu,2025-2026,Unknown,1.0,Nuno Mendes,2025-2026,Unknown,1.0,Ladislav Krejčí,2025-2026,Forward,1.0,Bruno Petković,2025-2026,Forward,1.0,Josko Gvardiol,2025-2026,Unknown,1.0
Antoni Milambo,2025-2026,1,Unknown,Rieks,2021-2022,Midfielder,1.0,Szoboszlai,2021-2022,Midfielder,1.0,Sarabia,2021-2022,Forward,1.0,Burak Yılmaz,2021-2022,Forward,1.0,Mehdi Taremi,2025-2026,Unknown,1.0
Pascal Gross,2025-2026,1,Other,Dimitri Lavalée,2025-2026,Defender,1.0,Samson Baidoo,2025-2026,Other,1.0,Lamela,2021-2022,Midfielder,1.0,Kamil Piątkowski,2025-2026,Other,1.0,Malick Yalcouye,2025-2026,Unknown,0.9999
Marcel Sabitzer,2025-2026,1,Unknown,Álvaro Carreras,2025-2026,Unknown,1.0,Moisander,2021-2022,Defender,1.0,Artem Bondarenko,2025-2026,Midfielder,1.0,Kalulu,2021-2022,Defender,1.0,Vitinha,2021-2022,Unknown,1.0
Florentino,2025-2026,1,Unknown,Alexis Mac Allister,2025-2026,Unknown,1.0,Delaney,2021-2022,Midfielder,1.0,Edmond Tapsoba,2025-2026,Other,1.0,Mykhaylo Mudryk,2021-2022,Midfielder,1.0,Eric García,2021-2022,Unknown,1.0
Jamie Gittens,2025-2026,1,Unknown,Tadić,2021-2022,Forward,1.0,Daniel Parejo,2021-2022,Other,1.0,Mykolenko,2021-2022,Defender,1.0,Jesús Navas,2021-2022,Unknown,1.0,Batshuayi,2021-2022,Forward,1.0
Stefan de Vrij,2025-2026,1,Unknown,Axel Witsel,2025-2026,Unknown,1.0,Marko Tolić,2025-2026,Midfielder,1.0,Locatelli,2025-2026,Midfielder,1.0,Jeremie Frimpong,2025-2026,Unknown,1.0,José María Giménez,2025-2026,Unknown,1.0
Weston McKennie,2025-2026,1,Unknown,Kimmich,2021-2022,Midfielder,1.0,Pino,2021-2022,Forward,1.0,Ryan Flamingo,2025-2026,Unknown,1.0,Sterling,2021-2022,Forward,1.0,Marcos Llorente,2021-2022,Unknown,1.0
Raoul Bellanova,2025-2026,1,Unknown,Acuña,2021-2022,Defender,1.0,Jeff Chabot,2025-2026,Unknown,1.0,Di María,2021-2022,Forward,1.0,Rieder,2021-2022,Midfielder,1.0,Jones,2021-2022,Midfielder,1.0
Victor  Olatunji,2025-2026,1,Other,Johan Bakayoko,2025-2026,Unknown,1.0,Oleksandr Zubkov,2025-2026,Midfielder,1.0,Seiwald,2021-2022,Midfielder,1.0,Mbemba,2021-2022,Defender,1.0,Luís Neto,2021-2022,Unknown,1.0
Lewin Blum,2025-2026,1,Defender,Castello Lukeba,2025-2026,Unknown,1.0,Lutsharel Geertruida,2025-2026,Defender,1.0,Haidara,2021-2022,Midfielder,1.0,Rodrigo De Paul,2025-2026,Unknown,1.0,Denzel Dumfries,2025-2026,Unknown,0.9999
Thomas Beelen,2025-2026,1,Unknown,Sandro Lauper,2025-2026,Defender,1.0,Alexis Sánchez,2021-2022,Unknown,1.0,Rakip,2021-2022,Midfielder,1.0,David López,2025-2026,Other,1.0,Leroy Sané,2025-2026,Unknown,1.0
Yangel Herrera,2025-2026,1,Other,Aleix García,2025-2026,Unknown,1.0,Álvaro Morata,2025-2026,Unknown,0.9999,Cristian Volpato,2021-2022,Other,0.9999,Exequiel Palacios,2025-2026,Unknown,0.9999,Matteo Dams,2025-2026,Other,0.9999
Jamal Musiala,2025-2026,1,Unknown,Gabriel,2025-2026,Defender,1.0,Núñez,2025-2026,Forward,1.0,Gabriel Gudmundsson,2025-2026,Unknown,1.0,Gvardiol,2021-2022,Defender,1.0,Dayot Upamecano,2025-2026,Unknown,1.0
Federico Gatti,2025-2026,1,Unknown,Jonathan Tah,2025-2026,Unknown,1.0,Sowah,2021-2022,Forward,1.0,Auston Trusty,2025-2026,Unknown,1.0,Fikayo Tomori,2025-2026,Unknown,1.0,Jonathan David,2025-2026,Unknown,1.0
Mateo Retegui,2025-2026,1,Unknown,Hugo Magnetti,2025-2026,Other,1.0,Breel Embolo,2025-2026,Unknown,1.0,Rafael Leão,2025-2026,Unknown,1.0,Nico González,2021-2022,Unknown,1.0,Marcos Antônio,2021-2022,Midfielder,1.0
Conor Gallagher,2025-2026,1,Unknown,Granit Xhaka,2025-2026,Unknown,1.0,Stefan Ristovski,2025-2026,Defender,1.0,Lucas Vázquez,2025-2026,Unknown,1.0,Gernot Trauner,2025-2026,Defender,1.0,Amar Dedić,2025-2026,Other,1.0
Aleksandr Golovin,2025-2026,1,Unknown,Adamu,2021-2022,Forward,1.0,Leroy Sané,2025-2026,Unknown,1.0,Maximilian Mittelstädt,2025-2026,Other,1.0,Martin Vitík,2025-2026,Defender,1.0,Sandro Lauper,2025-2026,Defender,1.0
Abdallah Sima,2025-2026,1,Unknown,Josip Mišić,2025-2026,Midfielder,1.0,Gavi,2021-2022,Unknown,1.0,Vangelis Pavlidis,2025-2026,Unknown,1.0,Kevin Wimmer,2025-2026,Defender,1.0,Welinton Souza,2021-2022,Defender,1.0
Lucas Vázquez,2025-2026,1,Unknown,Conor Gallagher,2025-2026,Unknown,1.0,Granit Xhaka,2025-2026,Unknown,1.0,Tsimikas,2025-2026,Defender,1.0,Stefan Ristovski,2025-2026,Defender,1.0,Gernot Trauner,2025-2026,Defender,1.0
Takuya Ogiwara,2025-2026,1,Unknown,Koke,2025-2026,Unknown,1.0,Savinho,2025-2026,Unknown,1.0,Hummels,2021-2022,Defender,1.0,Wan-Bissaka,2021-2022,Defender,1.0,Reo Hatate,2025-2026,Unknown,1.0
Nikola Moro,2025-2026,1,Midfielder,Matteo Dams,2025-2026,Other,1.0,Exequiel Palacios,2025-2026,Unknown,1.0,Cristian Volpato,2021-2022,Other,1.0,Álvaro Morata,2025-2026,Unknown,1.0,Éder Militão,2025-2026,Unknown,1.0
Reinildo,2025-2026,1,Defender,Youssouf Fofana,2025-2026,Other,1.0,Lautaro Martínez,2025-2026,Unknown,1.0,Rodrigo De Paul,2025-2026,Unknown,1.0,Jusuf Gazibegović,2025-2026,Other,0.9999,Lutsharel Geertruida,2025-2026,Defender,0.9999
Hakan Çalhanoglu,2025-2026,1,Unknown,Tetê,2021-2022,Forward,1.0,Bamba,2021-2022,Forward,1.0,Mount,2021-2022,Midfielder,1.0,Jerdy Schouten,2025-2026,Unknown,1.0,Iñigo Martínez,2025-2026,Unknown,1.0
Francisco Conceição,2025-2026,1,Unknown,Carvajal,2025-2026,Defender,1.0,Djimsiti,2021-2022,Defender,1.0,John Brooks,2021-2022,Other,1.0,Valeriy Bondar,2025-2026,Defender,1.0,Felipe,2021-2022,Unknown,1.0
Edimilson Fernandes,2025-2026,1,Unknown,Yann Bisseck,2025-2026,Unknown,1.0,Silvère Ganvoula,2025-2026,Unknown,1.0,Verratti,2021-2022,Midfielder,1.0,Ismael Saibari,2025-2026,Unknown,1.0,Malik Tillman,2025-2026,Unknown,1.0
Raphael Onyedika,2025-2026,1,Unknown,Peter Olayinka,2025-2026,Forward,1.0,Fikayo Tomori,2025-2026,Unknown,1.0,Ahmedhodžić,2021-2022,Defender,1.0,Felício Milson,2025-2026,Unknown,1.0,Auston Trusty,2025-2026,Unknown,1.0
Felix Nmecha,2025-2026,1,Unknown,Emerson,2025-2026,Unknown,1.0,João Neves,2025-2026,Unknown,1.0,Uribe,2021-2022,Midfielder,1.0,Origi,2021-2022,Forward,1.0,Oscar Gloukh,2025-2026,Midfielder,1.0
Ilkay Gündogan,2025-2026,1,Unknown,Grujić,2021-2022,Midfielder,1.0,Soumaula Coulibaly,2025-2026,Other,1.0,Joshua Kimmich,2025-2026,Unknown,1.0,João Palhinha,2021-2022,Unknown,1.0,Benjamin Pavard,2025-2026,Unknown,1.0
Luis Díaz,2025-2026,1,Unknown,Keïta,2021-2022,Midfielder,1.0,Otávio,2021-2022,Unknown,1.0,Cody Gakpo,2025-2026,Unknown,1.0,Nasser Djiga,2025-2026,Other,1.0,Petar Sučić,2025-2026,Other,1.0
Alexander Bah,2025-2026,1,Unknown,Coquelin,2021-2022,Midfielder,1.0,Brendan Chardonnet,2025-2026,Unknown,1.0,Willian Pacho,2025-2026,Unknown,1.0,Karim Konaté,2025-2026,Other,1.0,Amadou Haidara,2025-2026,Unknown,1.0
Aurélien Tchouaméni,2025-2026,1,Unknown,Van de Beek,2021-2022,Midfielder,1.0,Freuler,2025-2026,Midfielder,1.0,Jude Bellingham,2025-2026,Unknown,1.0,Welinton,2021-2022,Defender,1.0,Edmond Tapsoba,2025-2026,Other,1.0
Kang-in Lee,2025-2026,1,Forward,Camavinga,2021-2022,Midfielder,1.0,Felipe,2021-2022,Unknown,1.0,John Brooks,2021-2022,Other,1.0,Francisco Conceição,2025-2026,Unknown,1.0,Quinten Timber,2025-2026,Midfielder,1.0
Nicolò Barella,2025-2026,1,Unknown,Cameron Carter-Vickers,2025-2026,Unknown,1.0,Lamine Camara,2025-2026,Unknown,1.0,Éder Militão,2025-2026,Unknown,1.0,Nikola Moro,2025-2026,Midfielder,1.0,Matteo Dams,2025-2026,Other,1.0
Mamady Diambou,2025-2026,1,Other,Ángel Correa,2025-2026,Unknown,0.9999,Luka Modric,2025-2026,Unknown,0.9999,Danylo Ihnatenko,2025-2026,Other,0.9998,En-Nesyri,2021-2022,Forward,0.9996,Mauro Júnior,2025-2026,Unknown,0.9994
Ángel Correa,2025-2026,1,Unknown,Luka Modric,2025-2026,Unknown,1.0,Danylo Ihnatenko,2025-2026,Other,1.0,Mamady Diambou,2025-2026,Other,0.9999,En-Nesyri,2021-2022,Forward,0.9998,Delano Burgzorg,2021-2022,Other,0.9991
Pedro Gonçalves,2025-2026,1,Unknown,Arnau Martínez,2025-2026,Unknown,1.0,Schuurs,2021-2022,Defender,1.0,Benjamin André,2025-2026,Unknown,1.0,Mingueza,2021-2022,Defender,1.0,Odilon Kossounou,2025-2026,Defender,1.0
Ismael Saibari,2025-2026,1,Unknown,Michael Olise,2025-2026,Unknown,1.0,Verratti,2021-2022,Midfielder,1.0,Jamie Leweling,2025-2026,Other,1.0,Nasser Djiga,2025-2026,Other,1.0,Silvère Ganvoula,2025-2026,Unknown,1.0
Sandro Kulenović,2025-2026,1,Forward,Danjuma,2021-2022,Midfielder,1.0,Núñez,2021-2022,Forward,1.0,Robert Lewandowski,2025-2026,Unknown,1.0,Aaronson,2021-2022,Midfielder,1.0,Chiesa,2021-2022,Forward,1.0
Maxime Bernauer,2025-2026,1,Defender,Matić,2021-2022,Midfielder,1.0,Rugani,2021-2022,Defender,1.0,Ardon Jashari,2025-2026,Unknown,1.0,Pierre Lees-Melou,2025-2026,Unknown,1.0,Aleksandar Pavlovic,2025-2026,Unknown,1.0
Bruno Petković,2025-2026,1,Forward,Josko Gvardiol,2025-2026,Unknown,1.0,Nuno Mendes,2025-2026,Unknown,1.0,Tolisso,2021-2022,Midfielder,1.0,Vitinha,2025-2026,Unknown,1.0,Mohammed Salisu,2025-2026,Unknown,1.0
Khephren Thuram,2025-2026,1,Midfielder,Lang,2025-2026,Forward,1.0,Inbeom Hwang,2025-2026,Other,1.0,Franck Kessié,2021-2022,Other,1.0,Isak Hien,2025-2026,Unknown,1.0,Mahdi Camara,2025-2026,Other,1.0
Luka Modric,2025-2026,1,Unknown,Danylo Ihnatenko,2025-2026,Other,1.0,Ángel Correa,2025-2026,Unknown,1.0,En-Nesyri,2021-2022,Forward,0.9999,Mamady Diambou,2025-2026,Other,0.9999,Delano Burgzorg,2021-2022,Other,0.9993
Danjuma,2025-2026,1,Midfielder,Alessandro Bastoni,2025-2026,Unknown,1.0,Stefan Posch,2025-2026,Unknown,1.0,João Palhinha,2025-2026,Unknown,1.0,Ramy Bensebaini,2025-2026,Unknown,0.9999,Pedro Henrique,2025-2026,Other,0.9999
Locatelli,2025-2026,1,Midfielder,Marko Tolić,2025-2026,Midfielder,1.0,Stefan de Vrij,2025-2026,Unknown,1.0,José María Giménez,2025-2026,Unknown,1.0,Axel Witsel,2025-2026,Unknown,1.0,Ozdoev,2021-2022,Midfielder,0.9999
Lang,2025-2026,1,Forward,Khephren Thuram,2025-2026,Midfielder,1.0,Inbeom Hwang,2025-2026,Other,1.0,Franck Kessié,2021-2022,Other,1.0,Isak Hien,2025-2026,Unknown,1.0,Mahdi Camara,2025-2026,Other,1.0
Pierre Lees-Melou,2025-2026,1,Unknown,Aleksandar Pavlovic,2025-2026,Unknown,1.0,Ugarte,2021-2022,Midfielder,1.0,Maxime Bernauer,2025-2026,Defender,1.0,Stepanenko,2021-2022,Midfielder,1.0,Matić,2021-2022,Midfielder,1.0
Jerdy Schouten,2025-2026,1,Unknown,Claudinho,2021-2022,Midfielder,1.0,Hakan Çalhanoglu,2025-2026,Unknown,1.0,Tetê,2021-2022,Forward,1.0,Botman,2021-2022,Defender,1.0,Bamba,2021-2022,Forward,1.0
Mohammed Salisu,2025-2026,1,Unknown,Vitinha,2025-2026,Unknown,1.0,Ladislav Krejčí,2025-2026,Forward,1.0,Nuno Mendes,2025-2026,Unknown,1.0,Bruno Petković,2025-2026,Forward,1.0,Martin Baturina,2025-2026,Midfielder,1.0
Carvajal,2025-2026,1,Defender,Francisco Conceição,2025-2026,Unknown,1.0,Djimsiti,2021-2022,Defender,1.0,John Brooks,2021-2022,Other,1.0,Valeriy Bondar,2025-2026,Defender,1.0,Felipe,2021-2022,Unknown,1.0
Alessandro Bastoni,2025-2026,1,Unknown,Danjuma,2025-2026,Midfielder,1.0,Stefan Posch,2025-2026,Unknown,1.0,João Palhinha,2025-2026,Unknown,1.0,Fredrik Aursnes,2025-2026,Unknown,0.9999,Ramy Bensebaini,2025-2026,Unknown,0.9999
Henrikh Mkhitaryan,2025-2026,1,Unknown,Mauro Júnior,2025-2026,Unknown,0.9999,Aleix García,2025-2026,Unknown,0.9999,Yangel Herrera,2025-2026,Other,0.9999,Álvaro Morata,2025-2026,Unknown,0.9996,Cristian Volpato,2021-2022,Other,0.9996
Maximiliano Araújo,2025-2026,1,Unknown,Pogba,2021-2022,Midfielder,1.0,Pau Cubarsí,2025-2026,Unknown,1.0,Konaté,2025-2026,Defender,1.0,Dahoud,2021-2022,Midfielder,1.0,Paredes,2021-2022,Midfielder,1.0
Pašalić,2025-2026,1,Midfielder,Daniel Bragança,2025-2026,Midfielder,1.0,Jeremie Frimpong,2025-2026,Unknown,1.0,Pedro Henrique,2025-2026,Other,1.0,Ramy Bensebaini,2025-2026,Unknown,1.0,João Palhinha,2025-2026,Unknown,1.0
Daniel Bragança,2025-2026,1,Midfielder,Pašalić,2025-2026,Midfielder,1.0,Pedro Henrique,2025-2026,Other,1.0,Ramy Bensebaini,2025-2026,Unknown,1.0,Jeremie Frimpong,2025-2026,Unknown,1.0,João Palhinha,2025-2026,Unknown,1.0
Núñez,2025-2026,1,Forward,Dayot Upamecano,2025-2026,Unknown,1.0,Jamal Musiala,2025-2026,Unknown,1.0,Gabriel Gudmundsson,2025-2026,Unknown,1.0,Takuya Ogiwara,2025-2026,Unknown,1.0,Silas,2025-2026,Unknown,1.0
Raphaël Guerreiro,2025-2026,1,Unknown,Maxence Lacroix,2021-2022,Other,1.0,Azpilicueta,2021-2022,Defender,1.0,João Cancelo,2021-2022,Unknown,1.0,Alaba,2021-2022,Defender,1.0,Škriniar,2021-2022,Defender,1.0
Aleksandar Pavlovic,2025-2026,1,Unknown,Pierre Lees-Melou,2025-2026,Unknown,1.0,Ugarte,2021-2022,Midfielder,1.0,Stepanenko,2021-2022,Midfielder,1.0,Maxime Bernauer,2025-2026,Defender,1.0,Matić,2021-2022,Midfielder,1.0
João Palhinha,2025-2026,1,Unknown,Ramy Bensebaini,2025-2026,Unknown,1.0,Pedro Henrique,2025-2026,Other,1.0,Stefan Posch,2025-2026,Unknown,1.0,Danjuma,2025-2026,Midfielder,1.0,Daniel Bragança,2025-2026,Midfielder,1.0
Nuno Santos,2025-2026,1,Forward,Sané,2021-2022,Midfielder,1.0,Hakimi,2021-2022,Unknown,1.0,Bernardo Silva,2021-2022,Unknown,1.0,Harry Kane,2025-2026,Unknown,1.0,Messi,2021-2022,Forward,1.0
John Stones,2025-2026,1,Unknown,Capaldo,2021-2022,Midfielder,1.0,Milner,2021-2022,Midfielder,1.0,Martin Vitík,2025-2026,Defender,1.0,Maximilian Mittelstädt,2025-2026,Other,1.0,Adamu,2021-2022,Forward,1.0
Odilon Kossounou,2025-2026,1,Defender,Alistair Johnston,2025-2026,Unknown,1.0,Julian Ryerson,2025-2026,Unknown,1.0,Mingueza,2021-2022,Defender,1.0,Benjamin André,2025-2026,Unknown,1.0,Schuurs,2021-2022,Defender,1.0
Cameron Carter-Vickers,2025-2026,1,Unknown,Nicolò Barella,2025-2026,Unknown,1.0,Ederson,2025-2026,Unknown,1.0,Lamine Camara,2025-2026,Unknown,1.0,Éder Militão,2025-2026,Unknown,1.0,Nikola Moro,2025-2026,Midfielder,0.9999
Exequiel Palacios,2025-2026,1,Unknown,Matteo Dams,2025-2026,Other,1.0,Nikola Moro,2025-2026,Midfielder,1.0,Cristian Volpato,2021-2022,Other,1.0,Álvaro Morata,2025-2026,Unknown,1.0,Éder Militão,2025-2026,Unknown,1.0
Donyell Malen,2025-2026,1,Unknown,Silas,2025-2026,Unknown,1.0,Vitinha,2021-2022,Unknown,1.0,Gvardiol,2021-2022,Defender,1.0,Gabriel Gudmundsson,2025-2026,Unknown,1.0,Artem Bondarenko,2025-2026,Midfielder,1.0
Lautaro Martínez,2025-2026,1,Unknown,Reinildo,2025-2026,Defender,1.0,Youssouf Fofana,2025-2026,Other,1.0,Jusuf Gazibegović,2025-2026,Other,1.0,Rodrigo De Paul,2025-2026,Unknown,0.9999,Kamil Piątkowski,2025-2026,Other,0.9999
Karim Adeyemi,2025-2026,1,Unknown,Freuler,2021-2022,Midfielder,1.0,Ademola Lookman,2025-2026,Other,1.0,Van Dijk,2021-2022,Defender,1.0,Pašalić,2021-2022,Midfielder,1.0,Ángel Di María,2025-2026,Unknown,1.0
Camavinga,2025-2026,1,Midfielder,Danilo,2025-2026,Unknown,0.9996,Moustapha Cissé,2021-2022,Other,0.9993,Leon Goretzka,2025-2026,Unknown,0.9984,Fernando Forestieri,2021-2022,Other,0.9862,Delano Burgzorg,2021-2022,Other,0.9862
Juanpe,2025-2026,1,Unknown,Kaan Kairinen,2025-2026,Other,1.0,Syrota,2021-2022,Defender,1.0,Viktor Gyökeres,2025-2026,Unknown,1.0,Foden,2021-2022,Midfielder,1.0,Clinton Mata,2021-2022,Unknown,1.0
Danilo,2025-2026,1,Unknown,Moustapha Cissé,2021-2022,Other,1.0,Camavinga,2025-2026,Midfielder,0.9996,Leon Goretzka,2025-2026,Unknown,0.9963,Fernando Forestieri,2021-2022,Other,0.981,Delano Burgzorg,2021-2022,Other,0.9809
Leroy Sané,2025-2026,1,Unknown,Aleksandr Golovin,2025-2026,Unknown,1.0,Adamu,2021-2022,Forward,1.0,Sandro Lauper,2025-2026,Defender,1.0,Thomas Beelen,2025-2026,Unknown,1.0,Maximilian Mittelstädt,2025-2026,Other,1.0
Fermín López,2025-2026,1,Unknown,McKennie,2021-2022,Midfielder,1.0,Rodri,2021-2022,Unknown,1.0,Zinchenko,2021-2022,Defender,1.0,Fred,2021-2022,Unknown,1.0,Xeka,2021-2022,Unknown,1.0
Felício Milson,2025-2026,1,Unknown,Ahmedhodžić,2021-2022,Defender,1.0,Raphael Onyedika,2025-2026,Unknown,1.0,Peter Olayinka,2025-2026,Forward,1.0,Muriel,2021-2022,Forward,1.0,Marquinhos,2025-2026,Unknown,1.0
Leon Goretzka,2025-2026,1,Unknown,Camavinga,2025-2026,Midfielder,0.9984,Danilo,2025-2026,Unknown,0.9963,Moustapha Cissé,2021-2022,Other,0.9957,Fernando Forestieri,2021-2022,Other,0.994,Delano Burgzorg,2021-2022,Other,0.994
Luca Pellegrini,2021-2022,2,Unknown,Álvaro Vadillo,2021-2022,Other,0.9997,Morgan Gibbs-White,2021-2022,Other,0.9996,Oussama Targhalline,2021-2022,Other,0.9992,Juan Sánchez,2021-2022,Other,0.9987,Gori,2021-2022,Other,0.9954
Morgan Gibbs-White,2021-2022,2,Other,Luca Pellegrini,2021-2022,Unknown,0.9996,Álvaro Vadillo,2021-2022,Other,0.9987,Oussama Targhalline,2021-2022,Other,0.9977,Juan Sánchez,2021-2022,Other,0.9969,Yanis Guermouche,2021-2022,Other,0.9955
Gori,2021-2022,2,Other,Carlos Martín,2021-2022,Other,0.9996,Juan Sánchez,2021-2022,Other,0.999,Oussama Targhalline,2021-2022,Other,0.9985,Álvaro Vadillo,2021-2022,Other,0.9973,Luca Pellegrini,2021-2022,Unknown,0.9954
Yanis Guermouche,2021-2022,2,Other,Pedro Ortiz,2021-2022,Other,0.9987,Kasim Nuhu,2021-2022,Other,0.9968,Morgan Gibbs-White,2021-2022,Other,0.9955,Luca Pellegrini,2021-2022,Unknown,0.9926,Álvaro Vadillo,2021-2022,Other,0.9895
Carlos Martín,2021-2022,2,Other,Gori,2021-2022,Other,0.9996,Juan Sánchez,2021-2022,Other,0.9972,Oussama Targhalline,2021-2022,Other,0.9964,Álvaro Vadillo,2021-2022,Other,0.9947,Luca Pellegrini,2021-2022,Unknown,0.9921
Kasim Nuhu,2021-2022,2,Other,Pedro Ortiz,2021-2022,Other,0.9996,Yanis Guermouche,2021-2022,Other,0.9968,Morgan Gibbs-White,2021-2022,Other,0.9846,Luca Pellegrini,2021-2022,Unknown,0.9796,Álvaro Vadillo,2021-2022,Other,0.9747
Pedro Ortiz,2021-2022,2,Other,Kasim Nuhu,2021-2022,Other,0.9996,Yanis Guermouche,2021-2022,Other,0.9987,Morgan Gibbs-White,2021-2022,Other,0.9894,Luca Pellegrini,2021-2022,Unknown,0.9851,Álvaro Vadillo,2021-2022,Other,0.9809
Juan Sánchez,2021-2022,2,Other,Oussama Targhalline,2021-2022,Other,0.9999,Álvaro Vadillo,2021-2022,Other,0.9996,Gori,2021-2022,Other,0.999,Luca Pellegrini,2021-2022,Unknown,0.9987,Carlos Martín,2021-2022,Other,0.9972
Oussama Targhalline,2021-2022,2,Other,Juan Sánchez,2021-2022,Other,0.9999,Álvaro Vadillo,2021-2022,Other,0.9998,Luca Pellegrini,2021-2022,Unknown,0.9992,Gori,2021-2022,Other,0.9985,Morgan Gibbs-White,2021-2022,Other,0.9977
Álvaro Vadillo,2021-2022,2,Other,Oussama Targhalline,2021-2022,Other,0.9998,Luca Pellegrini,2021-2022,Unknown,0.9997,Juan Sánchez,2021-2022,Other,0.9996,Morgan Gibbs-White,2021-2022,Other,0.9987,Gori,2021-2022,Other,0.9973
Blanco,2021-2022,3,Midfielder,Gianluca Gaetano,2021-2022,Other,1.0,Federico Peluso,2021-2022,Unknown,1.0,Nicolò Bertola,2021-2022,Other,1.0,Anwar El Ghazi,2021-2022,Other,1.0,Matìas Soulé,2021-2022,Other,0.9999
Knauff,2021-2022,3,Midfielder,Filip Benkovi?,2021-2022,Other,1.0,Stefano Okaka,2021-2022,Other,1.0,Tarsis Bonga,2021-2022,Other,1.0,Yannis M'Bemba,2021-2022,Other,0.9998,Paolo Faragò,2021-2022,Other,0.9996
Dentinho,2021-2022,3,Midfielder,Leny Yoro,2021-2022,Other,1.0,Reiss Nelson,2021-2022,Other,1.0,Mattia Zanotti,2021-2022,Other,1.0,Andy Diouf,2021-2022,Other,1.0,Gerard Yepes,2021-2022,Other,0.9999
Fabio Miretti,2021-2022,3,Other,Elhadji Dieye,2021-2022,Other,1.0,Liam Delap,2021-2022,Other,1.0,Finley Stevens,2021-2022,Other,1.0,Antonios Papadopoulos,2021-2022,Other,1.0,Mike van der Hoorn,2021-2022,Other,0.9999
Zesiger,2021-2022,3,Defender,Matìas Soulé,2021-2022,Other,1.0,Anwar El Ghazi,2021-2022,Other,1.0,Nicolò Bertola,2021-2022,Other,1.0,Gianluca Gaetano,2021-2022,Other,1.0,Peter González,2021-2022,Other,1.0
Mohamed Achi,2021-2022,3,Other,Cameron Archer,2021-2022,Other,1.0,Taylor Richards,2021-2022,Other,1.0,Luca Wollschläger,2021-2022,Other,1.0,Isaac Price,2021-2022,Other,1.0,Denis Vavro,2021-2022,Unknown,1.0
Álvaro Aguirre,2021-2022,3,Other,Brayann Pereira,2021-2022,Other,1.0,Brain Oddei,2021-2022,Other,1.0,Trézéguet,2021-2022,Other,1.0,Alejandro Asensio,2021-2022,Other,1.0,Julian Kristoffersen,2021-2022,Other,1.0
Mircea Alexandru Tirlea,2021-2022,3,Other,Fisnik Asllani,2021-2022,Other,0.9999,Georges Mikautadze,2021-2022,Other,0.9998,Mathys Tel,2025-2026,Other,0.9997,Arnaud Kalimuendo,2021-2022,Other,0.9997,Hugo Siquet,2021-2022,Other,0.9996
Ebenezer Annan,2021-2022,3,Other,Marc Tenas,2021-2022,Other,1.0,Mario Perrone,2021-2022,Other,0.9999,Ermin Bi?ak?i?,2021-2022,Other,0.9999,Mykola Kukharevych,2021-2022,Other,0.9999,Josh Maja,2021-2022,Other,0.9999
Cameron Archer,2021-2022,3,Other,Mohamed Achi,2021-2022,Other,1.0,Taylor Richards,2021-2022,Other,1.0,Luca Wollschläger,2021-2022,Other,1.0,Isaac Price,2021-2022,Other,1.0,Denis Vavro,2021-2022,Unknown,1.0
Alejandro Asensio,2021-2022,3,Other,Julian Kristoffersen,2021-2022,Other,1.0,Lucas Beraldo,2025-2026,Unknown,1.0,Trézéguet,2021-2022,Other,1.0,Brain Oddei,2021-2022,Other,1.0,Álvaro Aguirre,2021-2022,Other,1.0
Harrison Ashby,2021-2022,3,Other,Dan-Axel Zagadou,2025-2026,Unknown,1.0,Gonzalo Escalante,2021-2022,Unknown,1.0,Lohann Doucet,2021-2022,Other,1.0,Lennard Maloney,2021-2022,Other,0.9999,Mario Gila,2021-2022,Unknown,0.9999
Fisnik Asllani,2021-2022,3,Other,Georges Mikautadze,2021-2022,Other,1.0,Mathys Tel,2025-2026,Other,0.9999,Mircea Alexandru Tirlea,2021-2022,Other,0.9999,Hugo Siquet,2021-2022,Other,0.9999,Sergio Santos,2021-2022,Other,0.9999
Issa Bah,2021-2022,3,Other,Carlo,2021-2022,Other,1.0,Peru Nolaskoain,2021-2022,Other,1.0,Wesley Moraes,2021-2022,Other,1.0,Josh Maja,2021-2022,Other,1.0,Mykola Kukharevych,2021-2022,Other,1.0
Barbero,2021-2022,3,Other,Nathan Bitu Mazala,2021-2022,Other,1.0,Cristo,2021-2022,Other,1.0,Joscha Wosz,2021-2022,Other,1.0,El Chadaille Bitshiabu,2021-2022,Other,1.0,Alejandro Garnacho,2021-2022,Other,1.0
Paul Baysse,2021-2022,3,Other,Estanis,2021-2022,Other,1.0,James Mcatee,2021-2022,Other,1.0,Zidan Sertdemir,2021-2022,Other,1.0,Jacopo Dezi,2021-2022,Other,1.0,Leandro Barreiro,2025-2026,Unknown,1.0
Jeanuel Belocian,2021-2022,3,Other,Kevin Paredes,2021-2022,Other,1.0,Sekou Yansané,2021-2022,Other,1.0,Noah Fatar,2021-2022,Other,1.0,Hilmir Mikaelsson,2021-2022,Other,1.0,Giovanni Crociata,2021-2022,Other,1.0
Filip Benkovi?,2021-2022,3,Other,Stefano Okaka,2021-2022,Other,1.0,Knauff,2021-2022,Midfielder,1.0,Tarsis Bonga,2021-2022,Other,0.9999,Yannis M'Bemba,2021-2022,Other,0.9998,Paolo Faragò,2021-2022,Other,0.9997
Nicolò Bertola,2021-2022,3,Other,Gianluca Gaetano,2021-2022,Other,1.0,Anwar El Ghazi,2021-2022,Other,1.0,Matìas Soulé,2021-2022,Other,1.0,Zesiger,2021-2022,Defender,1.0,Blanco,2021-2022,Midfielder,1.0
Ermin Bi?ak?i?,2021-2022,3,Other,Mykola Kukharevych,2021-2022,Other,1.0,Josh Maja,2021-2022,Other,1.0,Carlo,2021-2022,Other,1.0,Mario Perrone,2021-2022,Other,1.0,Marc Tenas,2021-2022,Other,1.0
Tom Bischof,2021-2022,3,Other,Aboubakar Sidibé,2021-2022,Other,0.9999,Tomás Mendes,2021-2022,Other,0.9999,Johaneko Louisjean,2021-2022,Other,0.9998,Riccardo Pinzi,2021-2022,Other,0.9998,Cheikh Niasse,2021-2022,Other,0.9997
Nathan Bitu Mazala,2021-2022,3,Other,Cristo,2021-2022,Other,1.0,Barbero,2021-2022,Other,1.0,Joscha Wosz,2021-2022,Other,1.0,El Chadaille Bitshiabu,2021-2022,Other,1.0,Alejandro Garnacho,2021-2022,Other,1.0
Tarsis Bonga,2021-2022,3,Other,Knauff,2021-2022,Midfielder,1.0,Filip Benkovi?,2021-2022,Other,0.9999,Stefano Okaka,2021-2022,Other,0.9999,Yannis M'Bemba,2021-2022,Other,0.9996,Paolo Faragò,2021-2022,Other,0.9994
Solomon Bonnah,2021-2022,3,Other,Jérémy Pied,2021-2022,Other,1.0,Federico Peluso,2021-2022,Unknown,0.9998,Blanco,2021-2022,Midfielder,0.9997,Gianluca Gaetano,2021-2022,Other,0.9995,Nicolò Bertola,2021-2022,Other,0.9995
Chem Campbell,2021-2022,3,Other,Leandro Barreiro,2025-2026,Unknown,1.0,Jérôme Phojo,2021-2022,Other,1.0,Lohann Doucet,2021-2022,Other,0.9999,Jacopo Dezi,2021-2022,Other,0.9999,Zidan Sertdemir,2021-2022,Other,0.9999
Carlo,2021-2022,3,Other,Josh Maja,2021-2022,Other,1.0,Mykola Kukharevych,2021-2022,Other,1.0,Ermin Bi?ak?i?,2021-2022,Other,1.0,Issa Bah,2021-2022,Other,1.0,Mario Perrone,2021-2022,Other,1.0
Francesco Cassata,2021-2022,3,Other,Gerard Yepes,2021-2022,Other,1.0,Andy Diouf,2021-2022,Other,1.0,Isaac Babadi,2025-2026,Unknown,1.0,Mattia Zanotti,2021-2022,Other,1.0,Reiss Nelson,2021-2022,Other,1.0
El Chadaille Bitshiabu,2021-2022,3,Other,Joscha Wosz,2021-2022,Other,1.0,Alejandro Garnacho,2021-2022,Other,1.0,Thomas Delaney,2021-2022,Unknown,1.0,Barbero,2021-2022,Other,1.0,Nathan Bitu Mazala,2021-2022,Other,1.0
Mehdi Chahiri,2021-2022,3,Other,Lamine Ghezali,2021-2022,Other,1.0,Mika Màrmol,2021-2022,Other,0.9999,Stephan Fürstner,2021-2022,Other,0.9999,Nathan Ferguson,2021-2022,Other,0.9998,Petar Zovko,2021-2022,Other,0.9997
Diego Conde,2021-2022,3,Other,Derek Mazou-Sacko,2021-2022,Other,0.9993,Omar Faraj,2021-2022,Other,0.9975,Alassane Sidibe,2021-2022,Other,0.9942,Luca Kilian,2021-2022,Other,0.993,Petar Zovko,2021-2022,Other,0.9907
Cristo,2021-2022,3,Other,Nathan Bitu Mazala,2021-2022,Other,1.0,Barbero,2021-2022,Other,1.0,Joscha Wosz,2021-2022,Other,1.0,El Chadaille Bitshiabu,2021-2022,Other,1.0,Alejandro Garnacho,2021-2022,Other,1.0
Giovanni Crociata,2021-2022,3,Other,Hilmir Mikaelsson,2021-2022,Other,1.0,Aurélien Nguiamba,2021-2022,Other,1.0,Artur Gajdoš,2025-2026,Other,1.0,Sekou Yansané,2021-2022,Other,1.0,Jeanuel Belocian,2021-2022,Other,1.0
Saulo Decarli,2021-2022,3,Other,Kaide Gordon,2021-2022,Other,0.9993,Paolo Faragò,2021-2022,Other,0.999,Yannis M'Bemba,2021-2022,Other,0.9986,Stefano Okaka,2021-2022,Other,0.9976,Filip Benkovi?,2021-2022,Other,0.9975
Thomas Delaney,2021-2022,3,Unknown,Alejandro Garnacho,2021-2022,Other,1.0,El Chadaille Bitshiabu,2021-2022,Other,1.0,Joscha Wosz,2021-2022,Other,1.0,Barbero,2021-2022,Other,1.0,Nathan Bitu Mazala,2021-2022,Other,1.0
Liam Delap,2021-2022,3,Other,Finley Stevens,2021-2022,Other,1.0,Elhadji Dieye,2021-2022,Other,1.0,Fabio Miretti,2021-2022,Other,1.0,Mike van der Hoorn,2021-2022,Other,0.9999,Antonios Papadopoulos,2021-2022,Other,0.9999
Mike van der Hoorn,2021-2022,3,Other,Finley Stevens,2021-2022,Other,1.0,Liam Delap,2021-2022,Other,0.9999,Dwight Gayle,2021-2022,Other,0.9999,Elhadji Dieye,2021-2022,Other,0.9999,Fabio Miretti,2021-2022,Other,0.9999
Jacopo Dezi,2021-2022,3,Other,Zidan Sertdemir,2021-2022,Other,1.0,James Mcatee,2021-2022,Other,1.0,Paul Baysse,2021-2022,Other,1.0,Estanis,2021-2022,Other,1.0,Leandro Barreiro,2025-2026,Unknown,1.0
Elhadji Dieye,2021-2022,3,Other,Fabio Miretti,2021-2022,Other,1.0,Liam Delap,2021-2022,Other,1.0,Finley Stevens,2021-2022,Other,1.0,Antonios Papadopoulos,2021-2022,Other,1.0,Mike van der Hoorn,2021-2022,Other,0.9999
Andy Diouf,2021-2022,3,Other,Mattia Zanotti,2021-2022,Other,1.0,Reiss Nelson,2021-2022,Other,1.0,Gerard Yepes,2021-2022,Other,1.0,Leny Yoro,2021-2022,Other,1.0,Francesco Cassata,2021-2022,Other,1.0
Assane Dioussé,2021-2022,3,Other,Sergio Santos,2021-2022,Other,1.0,Hugo Siquet,2021-2022,Other,1.0,Mathys Tel,2025-2026,Other,1.0,Georges Mikautadze,2021-2022,Other,1.0,Luca Stanga,2021-2022,Other,0.9999
Lewis Dobbin,2021-2022,3,Other,Pierre-Yves Hamel,2021-2022,Other,1.0,Nicola Ravaglia,2021-2022,Other,0.9999,Filippo Terracciano,2021-2022,Other,0.9999,Riccardo Pinzi,2021-2022,Other,0.9998,Johaneko Louisjean,2021-2022,Other,0.9997
Lohann Doucet,2021-2022,3,Other,Gonzalo Escalante,2021-2022,Unknown,1.0,Jérôme Phojo,2021-2022,Other,1.0,Harrison Ashby,2021-2022,Other,1.0,Chem Campbell,2021-2022,Other,0.9999,Leandro Barreiro,2025-2026,Unknown,0.9999
Gonzalo Escalante,2021-2022,3,Unknown,Lohann Doucet,2021-2022,Other,1.0,Jérôme Phojo,2021-2022,Other,1.0,Harrison Ashby,2021-2022,Other,1.0,Chem Campbell,2021-2022,Other,0.9999,Dan-Axel Zagadou,2025-2026,Unknown,0.9999
Estanis,2021-2022,3,Other,Paul Baysse,2021-2022,Other,1.0,James Mcatee,2021-2022,Other,1.0,Zidan Sertdemir,2021-2022,Other,1.0,Jacopo Dezi,2021-2022,Other,1.0,Leandro Barreiro,2025-2026,Unknown,1.0
Paolo Faragò,2021-2022,3,Other,Yannis M'Bemba,2021-2022,Other,1.0,Kaide Gordon,2021-2022,Other,1.0,Stefano Okaka,2021-2022,Other,0.9997,Filip Benkovi?,2021-2022,Other,0.9997,Knauff,2021-2022,Midfielder,0.9996
Omar Faraj,2021-2022,3,Other,Diego Conde,2021-2022,Other,0.9975,Derek Mazou-Sacko,2021-2022,Other,0.9941,Alassane Sidibe,2021-2022,Other,0.9841,Luca Kilian,2021-2022,Other,0.982,Petar Zovko,2021-2022,Other,0.9785
Noah Fatar,2021-2022,3,Other,Luca Koleosho,2021-2022,Other,1.0,Kevin Paredes,2021-2022,Other,1.0,Luca Stanga,2021-2022,Other,1.0,Jeanuel Belocian,2021-2022,Other,1.0,Sekou Yansané,2021-2022,Other,1.0
Nathan Ferguson,2021-2022,3,Other,Stephan Fürstner,2021-2022,Other,1.0,Mika Màrmol,2021-2022,Other,1.0,Petar Zovko,2021-2022,Other,1.0,Lamine Ghezali,2021-2022,Other,0.9999,Mehdi Chahiri,2021-2022,Other,0.9998
Ashley Fletcher,2021-2022,3,Other,Niklas Pyyhtiä,2021-2022,Other,1.0,Andreas Schjelderup,2025-2026,Unknown,1.0,Gjivai Zechiel,2025-2026,Unknown,1.0,Martin Palumbo,2021-2022,Other,1.0,Denis Vavro,2021-2022,Unknown,0.9999
Stephan Fürstner,2021-2022,3,Other,Mika Màrmol,2021-2022,Other,1.0,Nathan Ferguson,2021-2022,Other,1.0,Petar Zovko,2021-2022,Other,1.0,Lamine Ghezali,2021-2022,Other,0.9999,Mehdi Chahiri,2021-2022,Other,0.9999
Gianluca Gaetano,2021-2022,3,Other,Nicolò Bertola,2021-2022,Other,1.0,Anwar El Ghazi,2021-2022,Other,1.0,Blanco,2021-2022,Midfielder,1.0,Matìas Soulé,2021-2022,Other,1.0,Zesiger,2021-2022,Defender,1.0
Nicolas Galazzi,2021-2022,3,Other,Sebastian Griesbeck,2021-2022,Other,1.0,Luca Wollschläger,2021-2022,Other,1.0,Cameron Archer,2021-2022,Other,0.9999,Lucas Beraldo,2025-2026,Unknown,0.9999,Mohamed Achi,2021-2022,Other,0.9999
Alejandro Garnacho,2021-2022,3,Other,El Chadaille Bitshiabu,2021-2022,Other,1.0,Thomas Delaney,2021-2022,Unknown,1.0,Joscha Wosz,2021-2022,Other,1.0,Barbero,2021-2022,Other,1.0,Nathan Bitu Mazala,2021-2022,Other,1.0
Dwight Gayle,2021-2022,3,Other,Mike van der Hoorn,2021-2022,Other,0.9999,Wataru Endo,2025-2026,Other,0.9999,Finley Stevens,2021-2022,Other,0.9998,Liam Delap,2021-2022,Other,0.9998,Artur Gajdoš,2025-2026,Other,0.9998
Anwar El Ghazi,2021-2022,3,Other,Nicolò Bertola,2021-2022,Other,1.0,Matìas Soulé,2021-2022,Other,1.0,Zesiger,2021-2022,Defender,1.0,Gianluca Gaetano,2021-2022,Other,1.0,Blanco,2021-2022,Midfielder,1.0
Lamine Ghezali,2021-2022,3,Other,Mehdi Chahiri,2021-2022,Other,1.0,Mika Màrmol,2021-2022,Other,1.0,Stephan Fürstner,2021-2022,Other,0.9999,Nathan Ferguson,2021-2022,Other,0.9999,Petar Zovko,2021-2022,Other,0.9998
Mario Gila,2021-2022,3,Unknown,Lennard Maloney,2021-2022,Other,1.0,Takehiro Tomiyasu,2021-2022,Unknown,1.0,Dan-Axel Zagadou,2025-2026,Unknown,1.0,Marcel Sabitzer,2021-2022,Unknown,0.9999,Harrison Ashby,2021-2022,Other,0.9999
Peter González,2021-2022,3,Other,Zesiger,2021-2022,Defender,1.0,Matìas Soulé,2021-2022,Other,1.0,Anwar El Ghazi,2021-2022,Other,0.9999,Marcel Sabitzer,2021-2022,Unknown,0.9999,Nicolò Bertola,2021-2022,Other,0.9999
Kaide Gordon,2021-2022,3,Other,Paolo Faragò,2021-2022,Other,1.0,Yannis M'Bemba,2021-2022,Other,0.9999,Stefano Okaka,2021-2022,Other,0.9995,Filip Benkovi?,2021-2022,Other,0.9995,Knauff,2021-2022,Midfielder,0.9994
Sebastian Griesbeck,2021-2022,3,Other,Nicolas Galazzi,2021-2022,Other,1.0,Luca Wollschläger,2021-2022,Other,1.0,Cameron Archer,2021-2022,Other,1.0,Mohamed Achi,2021-2022,Other,1.0,Taylor Richards,2021-2022,Other,0.9999
Pierre-Yves Hamel,2021-2022,3,Other,Lewis Dobbin,2021-2022,Other,1.0,Filippo Terracciano,2021-2022,Other,1.0,Nicola Ravaglia,2021-2022,Other,0.9999,Riccardo Pinzi,2021-2022,Other,0.9998,Johaneko Louisjean,2021-2022,Other,0.9998
Arnaud Kalimuendo,2021-2022,3,Other,Joel Pohjanpalo,2021-2022,Other,1.0,Valentino Scotta,2021-2022,Other,1.0,Mircea Alexandru Tirlea,2021-2022,Other,0.9997,Fisnik Asllani,2021-2022,Other,0.9994,Peru Nolaskoain,2021-2022,Other,0.9992
Noah Katterbach,2021-2022,3,Other,Jon Morcillo,2021-2022,Other,1.0,Cimo Röcker,2021-2022,Other,1.0,Luismi,2021-2022,Other,1.0,Mathias Olesen,2021-2022,Other,0.9999,Jason Mbock,2021-2022,Other,0.9997
Habib Keita,2021-2022,3,Other,Neco Williams,2021-2022,Other,0.9984,Luigi Samele,2021-2022,Other,0.9957,Saulo Decarli,2021-2022,Other,0.9953,Kaide Gordon,2021-2022,Other,0.9908,Paolo Faragò,2021-2022,Other,0.9898
Luca Kilian,2021-2022,3,Other,Alassane Sidibe,2021-2022,Other,0.9999,Petar Zovko,2021-2022,Other,0.9998,Nathan Ferguson,2021-2022,Other,0.9997,Stephan Fürstner,2021-2022,Other,0.9996,Mika Màrmol,2021-2022,Other,0.9996
Luca Koleosho,2021-2022,3,Other,Noah Fatar,2021-2022,Other,1.0,Luca Stanga,2021-2022,Other,1.0,Kevin Paredes,2021-2022,Other,0.9999,Jeanuel Belocian,2021-2022,Other,0.9999,Sekou Yansané,2021-2022,Other,0.9999
Julian Kristoffersen,2021-2022,3,Other,Alejandro Asensio,2021-2022,Other,1.0,Lucas Beraldo,2025-2026,Unknown,1.0,Trézéguet,2021-2022,Other,1.0,Brain Oddei,2021-2022,Other,1.0,Álvaro Aguirre,2021-2022,Other,1.0
Mykola Kukharevych,2021-2022,3,Other,Josh Maja,2021-2022,Other,1.0,Ermin Bi?ak?i?,2021-2022,Other,1.0,Carlo,2021-2022,Other,1.0,Mario Perrone,2021-2022,Other,1.0,Marc Tenas,2021-2022,Other,1.0
Latasa,2021-2022,3,Other,Dani Raba,2021-2022,Other,1.0,Bartol Franjić,2025-2026,Midfielder,1.0,Thomas Delaney,2021-2022,Unknown,0.9999,Alejandro Garnacho,2021-2022,Other,0.9999,El Chadaille Bitshiabu,2021-2022,Other,0.9999
Félix Lemaréchal,2021-2022,3,Other,Brayann Pereira,2021-2022,Other,1.0,Isaac Babadi,2025-2026,Unknown,1.0,Álvaro Aguirre,2021-2022,Other,1.0,Brain Oddei,2021-2022,Other,0.9999,Trézéguet,2021-2022,Other,0.9999
Johaneko Louisjean,2021-2022,3,Other,Riccardo Pinzi,2021-2022,Other,1.0,Tomás Mendes,2021-2022,Other,1.0,Filippo Terracciano,2021-2022,Other,0.9999,Tom Bischof,2021-2022,Other,0.9998,Pierre-Yves Hamel,2021-2022,Other,0.9998
Luismi,2021-2022,3,Other,Mathias Olesen,2021-2022,Other,1.0,Jon Morcillo,2021-2022,Other,1.0,Noah Katterbach,2021-2022,Other,1.0,Cimo Röcker,2021-2022,Other,0.9999,Ebenezer Annan,2021-2022,Other,0.9998
Yannis M'Bemba,2021-2022,3,Other,Paolo Faragò,2021-2022,Other,1.0,Kaide Gordon,2021-2022,Other,0.9999,Stefano Okaka,2021-2022,Other,0.9998,Filip Benkovi?,2021-2022,Other,0.9998,Knauff,2021-2022,Midfielder,0.9998
Josh Maja,2021-2022,3,Other,Mykola Kukharevych,2021-2022,Other,1.0,Ermin Bi?ak?i?,2021-2022,Other,1.0,Carlo,2021-2022,Other,1.0,Mario Perrone,2021-2022,Other,1.0,Marc Tenas,2021-2022,Other,1.0
Lennard Maloney,2021-2022,3,Other,Mario Gila,2021-2022,Unknown,1.0,Dan-Axel Zagadou,2025-2026,Unknown,1.0,Takehiro Tomiyasu,2021-2022,Unknown,1.0,Marcel Sabitzer,2021-2022,Unknown,0.9999,Harrison Ashby,2021-2022,Other,0.9999
Mika Màrmol,2021-2022,3,Other,Stephan Fürstner,2021-2022,Other,1.0,Nathan Ferguson,2021-2022,Other,1.0,Lamine Ghezali,2021-2022,Other,1.0,Petar Zovko,2021-2022,Other,0.9999,Mehdi Chahiri,2021-2022,Other,0.9999
Derek Mazou-Sacko,2021-2022,3,Other,Diego Conde,2021-2022,Other,0.9993,Alassane Sidibe,2021-2022,Other,0.9976,Luca Kilian,2021-2022,Other,0.9967,Petar Zovko,2021-2022,Other,0.9951,Nathan Ferguson,2021-2022,Other,0.9944
Jason Mbock,2021-2022,3,Other,Cheikh Niasse,2021-2022,Other,1.0,Aboubakar Sidibé,2021-2022,Other,0.9999,Cimo Röcker,2021-2022,Other,0.9998,Noah Katterbach,2021-2022,Other,0.9997,Jon Morcillo,2021-2022,Other,0.9997
James Mcatee,2021-2022,3,Other,Paul Baysse,2021-2022,Other,1.0,Estanis,2021-2022,Other,1.0,Zidan Sertdemir,2021-2022,Other,1.0,Jacopo Dezi,2021-2022,Other,1.0,Leandro Barreiro,2025-2026,Unknown,1.0
Tomás Mendes,2021-2022,3,Other,Johaneko Louisjean,2021-2022,Other,1.0,Riccardo Pinzi,2021-2022,Other,1.0,Filippo Terracciano,2021-2022,Other,0.9999,Tom Bischof,2021-2022,Other,0.9999,Pierre-Yves Hamel,2021-2022,Other,0.9997
Hilmir Mikaelsson,2021-2022,3,Other,Giovanni Crociata,2021-2022,Other,1.0,Aurélien Nguiamba,2021-2022,Other,1.0,Sekou Yansané,2021-2022,Other,1.0,Jeanuel Belocian,2021-2022,Other,1.0,Kevin Paredes,2021-2022,Other,1.0
Georges Mikautadze,2021-2022,3,Other,Mathys Tel,2025-2026,Other,1.0,Fisnik Asllani,2021-2022,Other,1.0,Hugo Siquet,2021-2022,Other,1.0,Sergio Santos,2021-2022,Other,1.0,Assane Dioussé,2021-2022,Other,1.0
Wesley Moraes,2021-2022,3,Other,Peru Nolaskoain,2021-2022,Other,1.0,Issa Bah,2021-2022,Other,1.0,Carlo,2021-2022,Other,1.0,Josh Maja,2021-2022,Other,1.0,Mykola Kukharevych,2021-2022,Other,1.0
Jon Morcillo,2021-2022,3,Other,Noah Katterbach,2021-2022,Other,1.0,Cimo Röcker,2021-2022,Other,1.0,Luismi,2021-2022,Other,1.0,Mathias Olesen,2021-2022,Other,0.9999,Jason Mbock,2021-2022,Other,0.9997
Reiss Nelson,2021-2022,3,Other,Mattia Zanotti,2021-2022,Other,1.0,Leny Yoro,2021-2022,Other,1.0,Andy Diouf,2021-2022,Other,1.0,Gerard Yepes,2021-2022,Other,1.0,Dentinho,2021-2022,Midfielder,1.0
Aurélien Nguiamba,2021-2022,3,Other,Artur Gajdoš,2025-2026,Other,1.0,Giovanni Crociata,2021-2022,Other,1.0,Hilmir Mikaelsson,2021-2022,Other,1.0,Wataru Endo,2025-2026,Other,0.9999,Sekou Yansané,2021-2022,Other,0.9999
Cheikh Niasse,2021-2022,3,Other,Jason Mbock,2021-2022,Other,1.0,Aboubakar Sidibé,2021-2022,Other,0.9999,Cimo Röcker,2021-2022,Other,0.9998,Tom Bischof,2021-2022,Other,0.9997,Noah Katterbach,2021-2022,Other,0.9997
Peru Nolaskoain,2021-2022,3,Other,Wesley Moraes,2021-2022,Other,1.0,Issa Bah,2021-2022,Other,1.0,Carlo,2021-2022,Other,1.0,Josh Maja,2021-2022,Other,1.0,Mykola Kukharevych,2021-2022,Other,1.0
Brain Oddei,2021-2022,3,Other,Trézéguet,2021-2022,Other,1.0,Álvaro Aguirre,2021-2022,Other,1.0,Alejandro Asensio,2021-2022,Other,1.0,Julian Kristoffersen,2021-2022,Other,1.0,Brayann Pereira,2021-2022,Other,1.0
Stefano Okaka,2021-2022,3,Other,Filip Benkovi?,2021-2022,Other,1.0,Knauff,2021-2022,Midfielder,1.0,Tarsis Bonga,2021-2022,Other,0.9999,Yannis M'Bemba,2021-2022,Other,0.9998,Paolo Faragò,2021-2022,Other,0.9997
Mathias Olesen,2021-2022,3,Other,Luismi,2021-2022,Other,1.0,Jon Morcillo,2021-2022,Other,0.9999,Noah Katterbach,2021-2022,Other,0.9999,Ebenezer Annan,2021-2022,Other,0.9999,Cimo Röcker,2021-2022,Other,0.9999
Martin Palumbo,2021-2022,3,Other,Ashley Fletcher,2021-2022,Other,1.0,Niklas Pyyhtiä,2021-2022,Other,1.0,Denis Vavro,2021-2022,Unknown,1.0,Isaac Price,2021-2022,Other,1.0,Andreas Schjelderup,2025-2026,Unknown,1.0
Antonios Papadopoulos,2021-2022,3,Other,Fabio Miretti,2021-2022,Other,1.0,Elhadji Dieye,2021-2022,Other,1.0,Bartol Franjić,2025-2026,Midfielder,0.9999,Liam Delap,2021-2022,Other,0.9999,Finley Stevens,2021-2022,Other,0.9999
Kevin Paredes,2021-2022,3,Other,Jeanuel Belocian,2021-2022,Other,1.0,Sekou Yansané,2021-2022,Other,1.0,Noah Fatar,2021-2022,Other,1.0,Hilmir Mikaelsson,2021-2022,Other,1.0,Giovanni Crociata,2021-2022,Other,1.0
Federico Peluso,2021-2022,3,Unknown,Blanco,2021-2022,Midfielder,1.0,Gianluca Gaetano,2021-2022,Other,0.9999,Nicolò Bertola,2021-2022,Other,0.9999,Anwar El Ghazi,2021-2022,Other,0.9999,Matìas Soulé,2021-2022,Other,0.9998
Brayann Pereira,2021-2022,3,Other,Álvaro Aguirre,2021-2022,Other,1.0,Brain Oddei,2021-2022,Other,1.0,Félix Lemaréchal,2021-2022,Other,1.0,Trézéguet,2021-2022,Other,1.0,Alejandro Asensio,2021-2022,Other,0.9999
Mario Perrone,2021-2022,3,Other,Marc Tenas,2021-2022,Other,1.0,Ermin Bi?ak?i?,2021-2022,Other,1.0,Mykola Kukharevych,2021-2022,Other,1.0,Josh Maja,2021-2022,Other,1.0,Carlo,2021-2022,Other,1.0
Jérôme Phojo,2021-2022,3,Other,Chem Campbell,2021-2022,Other,1.0,Lohann Doucet,2021-2022,Other,1.0,Gonzalo Escalante,2021-2022,Unknown,1.0,Leandro Barreiro,2025-2026,Unknown,1.0,Harrison Ashby,2021-2022,Other,0.9999
Jérémy Pied,2021-2022,3,Other,Solomon Bonnah,2021-2022,Other,1.0,Federico Peluso,2021-2022,Unknown,0.9998,Blanco,2021-2022,Midfielder,0.9997,Gianluca Gaetano,2021-2022,Other,0.9995,Nicolò Bertola,2021-2022,Other,0.9994
Riccardo Pinzi,2021-2022,3,Other,Johaneko Louisjean,2021-2022,Other,1.0,Tomás Mendes,2021-2022,Other,1.0,Filippo Terracciano,2021-2022,Other,1.0,Pierre-Yves Hamel,2021-2022,Other,0.9998,Lewis Dobbin,2021-2022,Other,0.9998
Joel Pohjanpalo,2021-2022,3,Other,Valentino Scotta,2021-2022,Other,1.0,Arnaud Kalimuendo,2021-2022,Other,1.0,Mircea Alexandru Tirlea,2021-2022,Other,0.9996,Wesley Moraes,2021-2022,Other,0.9994,Peru Nolaskoain,2021-2022,Other,0.9994
Isaac Price,2021-2022,3,Other,Denis Vavro,2021-2022,Unknown,1.0,Taylor Richards,2021-2022,Other,1.0,Mohamed Achi,2021-2022,Other,1.0,Cameron Archer,2021-2022,Other,1.0,Martin Palumbo,2021-2022,Other,1.0
Niklas Pyyhtiä,2021-2022,3,Other,Andreas Schjelderup,2025-2026,Unknown,1.0,Ashley Fletcher,2021-2022,Other,1.0,Gjivai Zechiel,2025-2026,Unknown,1.0,Martin Palumbo,2021-2022,Other,1.0,Denis Vavro,2021-2022,Unknown,0.9999
Dani Raba,2021-2022,3,Other,Latasa,2021-2022,Other,1.0,Bartol Franjić,2025-2026,Midfielder,1.0,Thomas Delaney,2021-2022,Unknown,0.9999,Alejandro Garnacho,2021-2022,Other,0.9999,Antonios Papadopoulos,2021-2022,Other,0.9999
Nicola Ravaglia,2021-2022,3,Other,Lewis Dobbin,2021-2022,Other,0.9999,Pierre-Yves Hamel,2021-2022,Other,0.9999,Filippo Terracciano,2021-2022,Other,0.9997,Riccardo Pinzi,2021-2022,Other,0.9994,Johaneko Louisjean,2021-2022,Other,0.9993
Taylor Richards,2021-2022,3,Other,Mohamed Achi,2021-2022,Other,1.0,Cameron Archer,2021-2022,Other,1.0,Isaac Price,2021-2022,Other,1.0,Denis Vavro,2021-2022,Unknown,1.0,Luca Wollschläger,2021-2022,Other,1.0
Cimo Röcker,2021-2022,3,Other,Noah Katterbach,2021-2022,Other,1.0,Jon Morcillo,2021-2022,Other,1.0,Luismi,2021-2022,Other,0.9999,Mathias Olesen,2021-2022,Other,0.9999,Jason Mbock,2021-2022,Other,0.9998
Marcel Sabitzer,2021-2022,3,Unknown,Takehiro Tomiyasu,2021-2022,Unknown,1.0,Mario Gila,2021-2022,Unknown,0.9999,Lennard Maloney,2021-2022,Other,0.9999,Peter González,2021-2022,Other,0.9999,Dan-Axel Zagadou,2025-2026,Unknown,0.9998
Luigi Samele,2021-2022,3,Other,Neco Williams,2021-2022,Other,0.9994,Habib Keita,2021-2022,Other,0.9957,Saulo Decarli,2021-2022,Other,0.982,Kaide Gordon,2021-2022,Other,0.9741,Paolo Faragò,2021-2022,Other,0.9724
Sergio Santos,2021-2022,3,Other,Hugo Siquet,2021-2022,Other,1.0,Assane Dioussé,2021-2022,Other,1.0,Mathys Tel,2025-2026,Other,1.0,Georges Mikautadze,2021-2022,Other,1.0,Luca Stanga,2021-2022,Other,0.9999
Pablo Sarabia,2021-2022,3,Unknown,Luigi Samele,2021-2022,Other,0.9695,Neco Williams,2021-2022,Other,0.9602,Habib Keita,2021-2022,Other,0.9427,Saulo Decarli,2021-2022,Other,0.9058,Kaide Gordon,2021-2022,Other,0.889
Valentino Scotta,2021-2022,3,Other,Joel Pohjanpalo,2021-2022,Other,1.0,Arnaud Kalimuendo,2021-2022,Other,1.0,Peru Nolaskoain,2021-2022,Other,0.9996,Wesley Moraes,2021-2022,Other,0.9996,Issa Bah,2021-2022,Other,0.9995
Zidan Sertdemir,2021-2022,3,Other,Jacopo Dezi,2021-2022,Other,1.0,James Mcatee,2021-2022,Other,1.0,Paul Baysse,2021-2022,Other,1.0,Estanis,2021-2022,Other,1.0,Leandro Barreiro,2025-2026,Unknown,1.0
Aboubakar Sidibé,2021-2022,3,Other,Cheikh Niasse,2021-2022,Other,0.9999,Jason Mbock,2021-2022,Other,0.9999,Tom Bischof,2021-2022,Other,0.9999,Tomás Mendes,2021-2022,Other,0.9996,Cimo Röcker,2021-2022,Other,0.9995
Alassane Sidibe,2021-2022,3,Other,Luca Kilian,2021-2022,Other,0.9999,Petar Zovko,2021-2022,Other,0.9996,Nathan Ferguson,2021-2022,Other,0.9993,Stephan Fürstner,2021-2022,Other,0.9993,Mika Màrmol,2021-2022,Other,0.9992
Hugo Siquet,2021-2022,3,Other,Sergio Santos,2021-2022,Other,1.0,Assane Dioussé,2021-2022,Other,1.0,Mathys Tel,2025-2026,Other,1.0,Georges Mikautadze,2021-2022,Other,1.0,Luca Stanga,2021-2022,Other,0.9999
Matìas Soulé,2021-2022,3,Other,Zesiger,2021-2022,Defender,1.0,Anwar El Ghazi,2021-2022,Other,1.0,Nicolò Bertola,2021-2022,Other,1.0,Gianluca Gaetano,2021-2022,Other,1.0,Peter González,2021-2022,Other,1.0
Luca Stanga,2021-2022,3,Other,Luca Koleosho,2021-2022,Other,1.0,Noah Fatar,2021-2022,Other,1.0,Assane Dioussé,2021-2022,Other,0.9999,Sergio Santos,2021-2022,Other,0.9999,Hugo Siquet,2021-2022,Other,0.9999
Finley Stevens,2021-2022,3,Other,Liam Delap,2021-2022,Other,1.0,Elhadji Dieye,2021-2022,Other,1.0,Fabio Miretti,2021-2022,Other,1.0,Mike van der Hoorn,2021-2022,Other,1.0,Antonios Papadopoulos,2021-2022,Other,0.9999
Marc Tenas,2021-2022,3,Other,Mario Perrone,2021-2022,Other,1.0,Ermin Bi?ak?i?,2021-2022,Other,1.0,Mykola Kukharevych,2021-2022,Other,1.0,Josh Maja,2021-2022,Other,1.0,Carlo,2021-2022,Other,1.0
Filippo Terracciano,2021-2022,3,Other,Riccardo Pinzi,2021-2022,Other,1.0,Pierre-Yves Hamel,2021-2022,Other,1.0,Johaneko Louisjean,2021-2022,Other,0.9999,Lewis Dobbin,2021-2022,Other,0.9999,Tomás Mendes,2021-2022,Other,0.9999
Takehiro Tomiyasu,2021-2022,3,Unknown,Marcel Sabitzer,2021-2022,Unknown,1.0,Mario Gila,2021-2022,Unknown,1.0,Lennard Maloney,2021-2022,Other,1.0,Dan-Axel Zagadou,2025-2026,Unknown,0.9999,Peter González,2021-2022,Other,0.9998
Trézéguet,2021-2022,3,Other,Brain Oddei,2021-2022,Other,1.0,Alejandro Asensio,2021-2022,Other,1.0,Julian Kristoffersen,2021-2022,Other,1.0,Álvaro Aguirre,2021-2022,Other,1.0,Lucas Beraldo,2025-2026,Unknown,1.0
Denis Vavro,2021-2022,3,Unknown,Isaac Price,2021-2022,Other,1.0,Taylor Richards,2021-2022,Other,1.0,Mohamed Achi,2021-2022,Other,1.0,Martin Palumbo,2021-2022,Other,1.0,Cameron Archer,2021-2022,Other,1.0
Neco Williams,2021-2022,3,Other,Luigi Samele,2021-2022,Other,0.9994,Habib Keita,2021-2022,Other,0.9984,Saulo Decarli,2021-2022,Other,0.9881,Kaide Gordon,2021-2022,Other,0.9815,Paolo Faragò,2021-2022,Other,0.9801
Luca Wollschläger,2021-2022,3,Other,Cameron Archer,2021-2022,Other,1.0,Sebastian Griesbeck,2021-2022,Other,1.0,Mohamed Achi,2021-2022,Other,1.0,Taylor Richards,2021-2022,Other,1.0,Nicolas Galazzi,2021-2022,Other,1.0
Joscha Wosz,2021-2022,3,Other,El Chadaille Bitshiabu,2021-2022,Other,1.0,Alejandro Garnacho,2021-2022,Other,1.0,Barbero,2021-2022,Other,1.0,Nathan Bitu Mazala,2021-2022,Other,1.0,Thomas Delaney,2021-2022,Unknown,1.0
Sekou Yansané,2021-2022,3,Other,Jeanuel Belocian,2021-2022,Other,1.0,Kevin Paredes,2021-2022,Other,1.0,Hilmir Mikaelsson,2021-2022,Other,1.0,Giovanni Crociata,2021-2022,Other,1.0,Noah Fatar,2021-2022,Other,1.0
Gerard Yepes,2021-2022,3,Other,Francesco Cassata,2021-2022,Other,1.0,Andy Diouf,2021-2022,Other,1.0,Mattia Zanotti,2021-2022,Other,1.0,Reiss Nelson,2021-2022,Other,1.0,Leny Yoro,2021-2022,Other,1.0
Leny Yoro,2021-2022,3,Other,Reiss Nelson,2021-2022,Other,1.0,Mattia Zanotti,2021-2022,Other,1.0,Andy Diouf,2021-2022,Other,1.0,Dentinho,2021-2022,Midfielder,1.0,Gerard Yepes,2021-2022,Other,1.0
Mattia Zanotti,2021-2022,3,Other,Reiss Nelson,2021-2022,Other,1.0,Leny Yoro,2021-2022,Other,1.0,Andy Diouf,2021-2022,Other,1.0,Gerard Yepes,2021-2022,Other,1.0,Dentinho,2021-2022,Midfielder,1.0
Petar Zovko,2021-2022,3,Other,Nathan Ferguson,2021-2022,Other,1.0,Stephan Fürstner,2021-2022,Other,1.0,Mika Màrmol,2021-2022,Other,0.9999,Luca Kilian,2021-2022,Other,0.9998,Lamine Ghezali,2021-2022,Other,0.9998
Lukas Kačavenda,2025-2026,3,Unknown,Dentinho,2021-2022,Midfielder,0.9999,Estanis,2021-2022,Other,0.9998,Paul Baysse,2021-2022,Other,0.9998,Leny Yoro,2021-2022,Other,0.9998,James Mcatee,2021-2022,Other,0.9998
Artur Gajdoš,2025-2026,3,Other,Aurélien Nguiamba,2021-2022,Other,1.0,Giovanni Crociata,2021-2022,Other,1.0,Wataru Endo,2025-2026,Other,1.0,Hilmir Mikaelsson,2021-2022,Other,1.0,Sekou Yansané,2021-2022,Other,0.9999
Isaac Babadi,2025-2026,3,Unknown,Francesco Cassata,2021-2022,Other,1.0,Félix Lemaréchal,2021-2022,Other,1.0,Gerard Yepes,2021-2022,Other,1.0,Andy Diouf,2021-2022,Other,0.9999,Mattia Zanotti,2021-2022,Other,0.9999
Leandro Barreiro,2025-2026,3,Unknown,Chem Campbell,2021-2022,Other,1.0,Jacopo Dezi,2021-2022,Other,1.0,Zidan Sertdemir,2021-2022,Other,1.0,Jérôme Phojo,2021-2022,Other,1.0,James Mcatee,2021-2022,Other,1.0
Mathys Tel,2025-2026,3,Other,Georges Mikautadze,2021-2022,Other,1.0,Hugo Siquet,2021-2022,Other,1.0,Sergio Santos,2021-2022,Other,1.0,Assane Dioussé,2021-2022,Other,1.0,Fisnik Asllani,2021-2022,Other,0.9999
Andreas Schjelderup,2025-2026,3,Unknown,Gjivai Zechiel,2025-2026,Unknown,1.0,Niklas Pyyhtiä,2021-2022,Other,1.0,Ashley Fletcher,2021-2022,Other,1.0,Martin Palumbo,2021-2022,Other,1.0,Cristo,2021-2022,Other,0.9999
Gjivai Zechiel,2025-2026,3,Unknown,Andreas Schjelderup,2025-2026,Unknown,1.0,Niklas Pyyhtiä,2021-2022,Other,1.0,Ashley Fletcher,2021-2022,Other,1.0,Martin Palumbo,2021-2022,Other,1.0,Cristo,2021-2022,Other,0.9999
Dan-Axel Zagadou,2025-2026,3,Unknown,Lennard Maloney,2021-2022,Other,1.0,Harrison Ashby,2021-2022,Other,1.0,Mario Gila,2021-2022,Unknown,1.0,Takehiro Tomiyasu,2021-2022,Unknown,0.9999,Gonzalo Escalante,2021-2022,Unknown,0.9999
Wataru Endo,2025-2026,3,Other,Artur Gajdoš,2025-2026,Other,1.0,Aurélien Nguiamba,2021-2022,Other,0.9999,Dwight Gayle,2021-2022,Other,0.9999,Giovanni Crociata,2021-2022,Other,0.9999,Hilmir Mikaelsson,2021-2022,Other,0.9999
Bartol Franjić,2025-2026,3,Midfielder,Dani Raba,2021-2022,Other,1.0,Latasa,2021-2022,Other,1.0,Antonios Papadopoulos,2021-2022,Other,0.9999,Thomas Delaney,2021-2022,Unknown,0.9999,Alejandro Garnacho,2021-2022,Other,0.9998
Lucas Beraldo,2025-2026,3,Unknown,Julian Kristoffersen,2021-2022,Other,1.0,Alejandro Asensio,2021-2022,Other,1.0,Trézéguet,2021-2022,Other,1.0,Brain Oddei,2021-2022,Other,1.0,Álvaro Aguirre,2021-2022,Other,0.9999
