player_id,player_name,season,position_group,degree,weighted_degree,pagerank,betweenness,closeness,eigenvector
player_552b26efe45e,Geoffrey Kondogbia,2019-2020,Midfielder,25,11.5377,0.0005638957519437629,0.002291742523897878,0.14501,0.0
player_6a154fc36edb,David Silva,2021-2022,Midfielder,24,10.19334,0.0005605556436477004,0.00046073610676087786,0.13416,0.0
player_698859671092,Ivan Rakitić,2018-2019,Midfielder,23,9.76837,0.000538526651040195,0.0011820542840174208,0.13324,0.0
player_6e5b3946b5bb,Odsonne Édouard,2021-2022,Forward,23,11.39665,0.0005299542245885572,0.0009538872798064215,0.15149,0.0
player_cecd12bbc1a7,Kevin Bonifazi,2021-2022,Defender,22,9.64225,0.0005294376296324302,0.0014523323810741405,0.13479,0.0
player_5c0730bf50a0,Martin Ødegaard,2021-2022,Midfielder,23,11.54927,0.0005188006258780092,0.0013322881535586034,0.14717,0.0
player_26dd4122a609,Ozan Kabak,2021-2022,Defender,22,11.26228,0.0005175522538260877,0.0015579862972272258,0.15134,1e-06
player_ffba781a2882,Jean-Victor Makengo,2021-2022,Midfielder,22,9.50286,0.0005173516663021628,0.0005968439353240822,0.12177,0.0
player_066fc7b468bb,Kike,2021-2022,Forward,22,10.65683,0.000510671403088235,0.0006602890038745475,0.14799,0.0
player_760266a9a5f6,Arnaud Souquet,2021-2022,Defender,22,10.7961,0.0005101313000923481,0.002461259077982012,0.14528,0.0
player_745563c4992c,Vinícius Júnior,2020-2021,Forward,22,9.61416,0.000506438261445723,0.003735085791764961,0.15023,0.0
player_eb5744a2ef3e,Souleyman Doumbia,2021-2022,Defender,22,9.31296,0.0005050372124247393,0.003706784411675472,0.13564,0.0
player_6706f0cdb682,Junior Sambia,2021-2022,Midfielder,21,8.94344,0.0005044518174405132,0.0005057862064507372,0.11975,0.0
player_907c0a2e7260,Leroy Sané,2020-2021,Midfielder,21,10.07059,0.0004948378771438915,0.0015800998881446656,0.13917,0.0
player_bcb40fba02bf,Franco Cervi,2021-2022,Midfielder,22,10.01937,0.000489832922591321,0.0043650731087269325,0.15884,0.0
player_75ff533d8b78,Mattias Svanberg,2021-2022,Midfielder,21,11.19174,0.0004849138096324124,0.001038307179297602,0.15002,0.0
player_b2899259a5dd,Thomas Monconduit,2021-2022,Midfielder,21,11.08721,0.0004841490537485591,0.0011420394225730968,0.14999,0.0
player_91e3bf924a67,Luis Díaz,2024-2025,Forward,21,9.6509,0.00048182682646316004,0.0013282932267042104,0.14079,0.0
player_e326f0373cb2,Wesley Saïd,2021-2022,Forward,21,8.48512,0.000481213255023184,0.0012741266871207553,0.15065,0.0
player_4aa41c7337e6,Giacomo Raspadori,2021-2022,Forward,19,6.8416,0.0004791460516544797,0.0008885416852129743,0.12246,0.0
player_69d4d50d86af,Kristjan Asllani,2021-2022,Midfielder,21,10.36846,0.00047733152368453736,0.0024876235838254706,0.15156,0.0
player_6b265a603d65,Mats Hummels,2021-2022,Defender,20,9.8318,0.0004772811524835679,0.0014752865254373541,0.1436,0.0
player_f6a60e632b1f,Mathias Normann,2021-2022,Midfielder,21,9.67782,0.00047516272062145086,0.0014687752475930824,0.15175,0.0
player_47947c0ab827,Renan Lodi,2019-2020,Defender,21,8.52488,0.00047471961006579494,0.0035449701601060514,0.13731,0.0
player_e01c0b50a618,Arthur Theate,2021-2022,Defender,21,10.91575,0.0004678245396953998,0.001425305551722524,0.14365,0.0
player_353f1e4b5f8d,Olivier Giroud,2021-2022,Forward,20,8.87996,0.00046651478744945646,0.0013746639665905406,0.14085,0.0
player_26619b00878c,Youri Tielemans,2024-2025,Midfielder,20,9.73576,0.00046306180872869845,0.001266082793924423,0.1437,0.0
player_788dbb4eb485,Lucas Beraldo,2024-2025,Defender,20,10.63192,0.00045934023275536265,0.0010447879961897283,0.14263,0.0
player_ba7dc34d2845,Nikolas Nartey,2021-2022,Midfielder,19,8.99463,0.00045815351939089156,0.002234534298744073,0.15975,0.0
player_e82d8da90d33,El Bilal Touré,2021-2022,Forward,20,8.37396,0.00045726995151308556,0.0033557312028033577,0.16231,0.0
player_2277fe691bf8,Radja Nainggolan,2017-2018,Midfielder,19,8.26876,0.0004568746792667315,0.003822407556291426,0.14486,0.0
player_0e271a23c04c,Giacomo Bonaventura,2021-2022,Midfielder,20,8.02645,0.0004567973993220093,0.0010872752308188074,0.13536,0.0
player_2629497418e8,Jean-Paul Boëtius,2021-2022,Midfielder,20,10.1685,0.0004557503058672974,0.0016079199805312334,0.15046,0.0
player_813ffd06e403,Dayot Upamecano,2019-2020,Defender,20,8.2408,0.0004545299703350893,0.001057575233850422,0.12623,0.0
player_882428ad7262,Diego González,2021-2022,Defender,19,8.4529,0.00045325230670701977,0.001154098401896879,0.12297,0.0
player_41c98e206098,Anthony Caci,2021-2022,Defender,20,9.9564,0.0004530793112497105,0.0014707505391203177,0.14333,0.0
player_215badd8a93f,Martin Hinteregger,2021-2022,Defender,20,10.85506,0.0004528230150605381,0.0008442677081281531,0.13666,0.0
player_be71d8a238a1,Luka Modric,2018-2019,Midfielder,19,9.69631,0.0004526852120861264,0.0006553567155835839,0.14103,0.0
player_e5f964dd300e,Alexander Hack,2021-2022,Defender,19,8.42338,0.00045217231824960894,0.0010039180462630614,0.12437,0.0
player_40326600ba18,Marco Reus,2021-2022,Midfielder,19,9.00026,0.0004511193141722669,0.00020423189280391915,0.1316,0.0
player_2dbe751af03a,Gonçalo Guedes,2019-2020,Midfielder,20,8.90624,0.00045097738494679246,0.002426448881376984,0.15746,0.0
player_9bfb49b2f8ba,Jean Lucas,2021-2022,Midfielder,19,8.13965,0.0004503239401501597,0.00013306682051984338,0.11941,0.0
player_88009c21e878,Mohamed Salah,2018-2019,Forward,19,8.99809,0.0004500968967577818,0.00039624900207819964,0.1307,0.0
player_99abff99a052,Armel Bella Kotchap,2021-2022,Defender,19,10.03558,0.0004499920456785729,0.0006895572169413482,0.14582,0.0
player_1a38c80c5b10,Adrien Silva,2021-2022,Midfielder,20,7.95316,0.0004496565028247828,0.00038187543107939023,0.12211,0.0
player_9569ea4d9808,Sergi Guardiola,2021-2022,Forward,19,9.36493,0.00044944197959404734,0.0026452031575851915,0.15299,0.0
player_a055d3e58c07,Robert Lewandowski,2023-2024,Forward,19,8.84091,0.00044933517209909103,0.0014102415633572615,0.13964,0.0
player_d5197c569b55,Lucas Moura,2021-2022,Midfielder,19,9.00728,0.00044876152900771897,0.0020242410751140113,0.15477,0.0
player_29f9cdb56d7f,Timo Baumgartl,2021-2022,Defender,20,9.77553,0.0004480728062549484,0.0028574241449689556,0.14932,0.0
player_73cd1c22e90c,Lewis Bate,2021-2022,Midfielder,19,8.29415,0.0004480263209190345,0.0014206349367729225,0.15513,0.0
player_2c8b60ff5713,Blaise Matuidi,2017-2018,Midfielder,19,8.80642,0.00044798094043778494,0.0011355170046899522,0.14054,0.0
player_2b175ea87ebf,Germán Sánchez,2021-2022,Defender,20,7.70905,0.00044744891844694803,0.0028110632679648443,0.13294,0.0
player_9e8bff44caf3,Opa Nguette,2021-2022,Midfielder,20,9.52302,0.00044705623318299313,0.0018213652397884618,0.14967,0.0
player_b6db818376eb,Gareth Bale,2018-2019,Forward,19,8.65601,0.00044675984226560857,0.0011291503626175046,0.14121,0.0
player_1d89b2af6681,Andrea Cambiaso,2021-2022,Midfielder,20,7.71,0.00044537818825450364,0.0022463231794329977,0.12948,0.0
player_a408de6996e8,Fraser Forster,2021-2022,Goalkeeper,18,10.72478,0.00044485630813409667,0.0026587920874192646,0.1204,0.000415
player_e0e09bbdc8e5,Kim Min-Jae,2023-2024,Defender,20,9.6765,0.00044421120055618095,0.0014532684291957557,0.13992,0.0
player_acbc99cec6be,Vanderson,2021-2022,Midfielder,20,8.93445,0.00044420923972688747,0.00441491148390062,0.16732,0.0
player_1070e1455da5,Manuel Akanji,2022-2023,Defender,18,9.17275,0.0004438743702677675,0.0006658063223357203,0.12905,0.0
player_cb4b96a4da50,Niklas Stark,2021-2022,Defender,19,9.95762,0.0004431891639353084,0.0006188695991208253,0.13626,0.0
player_1ed50dcc19a8,Lucas Perrin,2021-2022,Defender,20,10.12586,0.0004431762692891648,0.0007849627374666659,0.13988,0.0
player_75f7fe67c906,Jordan Veretout,2021-2022,Midfielder,19,9.05093,0.0004427548902320469,0.0006366429208074214,0.14737,0.0
player_cbfa3ca77c33,Lucas Digne,2024-2025,Defender,18,8.56721,0.0004426042701497002,0.0006601248598683262,0.1427,0.0
player_3273b2fa39ee,Santi Mina,2021-2022,Forward,19,9.44356,0.000441964983492384,0.0006039871224093394,0.14809,0.0
player_535fcf968514,Kyle Walker-Peters,2021-2022,Defender,19,10.05614,0.00044187656167650257,0.0005574210619212814,0.14077,0.0
player_4ba8b9d70ba3,Ousmane Dembélé,2020-2021,Forward,19,8.64174,0.0004418194024257133,0.00206785830443483,0.14056,0.0
player_1070e1455da5,Manuel Akanji,2023-2024,Defender,18,7.29297,0.0004413198487048619,0.0022769293541022597,0.12462,0.0
player_e48fa98371aa,Andrés Guardado,2021-2022,Midfielder,19,9.38494,0.0004405771770611793,0.0013304833075370162,0.14948,0.0
player_2fbd709a9da3,Marc Bartra,2021-2022,Defender,19,10.29284,0.0004405413823645872,0.0005847644637983426,0.13572,0.0
player_99f45ede9ec0,Péter Gulácsi,2021-2022,Goalkeeper,18,12.56633,0.0004397965146558224,0.001236638684066366,0.10514,0.00046
player_0aa96c5743f9,Leandro Paredes,2020-2021,Midfielder,20,7.59652,0.0004397633927285001,0.0011995082130417379,0.13482,0.0
player_74a0a808dc50,Bernardo Silva,2018-2019,Midfielder,19,9.51325,0.0004391940388254014,0.0008499981352894063,0.14223,0.0
player_e8367d2c0765,Enock Kwateng,2021-2022,Defender,18,7.98584,0.0004388833100361728,0.002640789209758452,0.12461,0.0
player_d325b431ba49,Emerson,2021-2022,Defender,19,10.2894,0.00043834061520127166,0.0010711614580241019,0.14011,0.0
player_28ffdd1f21af,Pietro Ceccaroni,2021-2022,Defender,18,8.2206,0.00043791075916009797,0.0002151089111706976,0.1132,0.0
player_89e880f80a52,Edin Dzeko,2022-2023,Forward,19,8.42496,0.00043728976458975397,0.0013171040923049863,0.14215,0.0
player_407a2d9eb620,Lorenzo Pellegrini,2018-2019,Midfielder,19,8.79857,0.00043707638247933184,0.0019037521486265062,0.15449,0.0
player_2dbe751af03a,Gonçalo Guedes,2021-2022,Midfielder,19,9.18111,0.00043706043267016626,0.0006116390583591909,0.14469,0.0
player_9322d5a0d585,Marcus Thuram,2021-2022,Forward,19,8.3313,0.00043633828817507694,0.0017924600895424636,0.1536,0.0
player_bcfbefc7d732,Lee Jae-sung,2021-2022,Midfielder,18,9.34495,0.0004358913244727039,0.0006113704368666797,0.15328,0.0
player_9c5318fae755,Dan Burn,2021-2022,Defender,19,10.28338,0.0004343408379156271,0.0008624137263434668,0.1405,0.0
player_feac6e243c30,Angelo Fulgini,2021-2022,Midfielder,19,9.81344,0.0004343404832430703,0.0007743029583507053,0.14366,0.0
player_3e88f18a1402,Iván Marcone,2021-2022,Midfielder,17,8.52635,0.0004343309458939969,0.0010529168111910621,0.15044,0.0
player_f03e303e4b61,Jonas Wind,2021-2022,Forward,19,8.53465,0.00043411736072350725,0.0011431410273581857,0.14919,0.0
player_77ff0adb4a06,Keinan Davis,2021-2022,Forward,18,7.49915,0.00043389425055314663,0.0012002360873311242,0.13815,1e-06
player_5cfeffd21e82,Douglas Luiz,2021-2022,Midfielder,19,9.9833,0.0004335070777218269,0.0008910971770905305,0.14957,0.0
player_df7b8aad5b56,Roberto González,2021-2022,Midfielder,18,7.78075,0.0004333237794192426,0.0020796570276837376,0.15723,0.0
player_dd045090c225,Rafael Borré,2021-2022,Forward,18,9.28312,0.0004331448405115805,0.0006990846427077773,0.14946,0.0
player_54951f272ebc,Ebrima Colley,2021-2022,Forward,19,6.68961,0.000432080542194537,0.002847945007890499,0.1685,1e-06
player_88c2e6d62bb1,Pedro Bigas,2021-2022,Defender,19,9.56197,0.000431995840184762,0.0022749728484424796,0.14567,0.0
player_790ade158fe0,Marvin Zeegelaar,2021-2022,Midfielder,18,8.47211,0.0004308596868580042,0.0023133398838037916,0.15533,0.0
player_a461573662f8,Matt Miazga,2021-2022,Defender,18,8.94915,0.0004294562037148945,0.0005406856483444861,0.14889,2e-06
player_8bf2118b08ef,Yann Sommer,2022-2023,Goalkeeper,18,11.94273,0.00042838623077065226,0.0018123973953654137,0.10527,0.00041
player_ee79f1544093,Jamal Lewis,2021-2022,Defender,17,8.02502,0.0004273860179701502,0.0004010388138271375,0.15353,0.0
player_9483c5b16489,Nedim Bajrami,2021-2022,Midfielder,18,8.83526,0.00042680963975264105,0.0006895886737397064,0.14199,0.0
player_608673e5d9e4,Miralem Pjanic,2018-2019,Midfielder,18,7.62275,0.00042635028994034206,0.0033114606899651887,0.14409,0.0
player_b623e24add2f,Nacho,2018-2019,Defender,19,7.71178,0.0004262191078324314,0.0008463437300774698,0.12393,0.0
player_bf20bb33a66f,Pere Pons,2021-2022,Midfielder,18,8.83172,0.00042553958985796207,0.0011365517879237041,0.14892,0.0
player_8c9b10deaedd,Fernando Calero,2021-2022,Defender,17,9.1998,0.00042514977573528763,0.000710676216883566,0.13917,0.0
player_896c24c547c9,Ruben Aguilar,2021-2022,Midfielder,18,9.02533,0.00042356871505413974,0.001015111632178779,0.15012,0.0
player_c3389acaa6fb,Mattia Zaccagni,2021-2022,Midfielder,18,8.63868,0.0004234881923051082,0.0005250165616886583,0.15239,0.0
player_8ff04cd499c4,Oihan Sancet,2021-2022,Midfielder,19,8.4724,0.0004232901946177279,0.0015288477266878866,0.15469,0.0
player_4a944f6b20b3,Kyle Walker,2019-2020,Defender,18,8.38181,0.0004232514687383335,0.002396646088825343,0.14842,0.0
player_309d9af0b27f,Gonzalo Higuaín,2019-2020,Forward,19,8.07929,0.0004227931197694546,0.002543492789950258,0.14065,0.0
player_935f9c41357a,Lucas Vázquez,2024-2025,Defender,18,8.00196,0.00042269701204292117,0.0005889765734250362,0.14048,0.0
player_615803a5428a,Luke Ayling,2021-2022,Defender,17,7.91571,0.00042267706526274296,0.0006787936284430175,0.12494,0.0
player_c789a4f087a3,Niko Gießelmann,2021-2022,Midfielder,18,8.28144,0.00042245556652387,0.0007312489657360893,0.14665,0.0
player_ad0d33288531,Yuri Berchiche,2021-2022,Defender,19,7.87944,0.0004224063354317192,0.007361308670245217,0.16057,0.0
player_fee1db7e0718,David Schnegg,2021-2022,Defender,17,7.03884,0.000422131120398258,0.0021007744703403957,0.17516,0.0
player_90dfb7cdc147,Jude Bellingham,2024-2025,Midfielder,18,7.18546,0.0004220213033053009,0.0014848585531452715,0.13512,0.0
player_8be69b5966c3,Sasa Kalajdzic,2021-2022,Forward,18,8.51535,0.0004216644915531286,0.0011367594785194346,0.14635,0.0
player_207e1b5caf22,Antonio Rüdiger,2017-2018,Defender,18,8.32694,0.00042154593186273054,0.0008177129868213803,0.13471,0.0
player_bf3534875646,Thomas Foket,2021-2022,Defender,18,9.39802,0.00042135245744585913,0.0004592624504743329,0.13965,0.0
player_90dfb7cdc147,Jude Bellingham,2020-2021,Midfielder,19,7.28082,0.00042061808243945965,0.0006551639105518133,0.13064,0.0
player_e34817411e99,Gerard Deulofeu,2021-2022,Forward,18,8.58003,0.00041955249561548063,0.0005781704543784418,0.14819,0.0
player_4ba8b9d70ba3,Ousmane Dembélé,2018-2019,Forward,18,8.30401,0.0004193738771679291,0.0021511397126216464,0.14353,0.0
player_f2d79d9f33d9,Fraser Hornby,2021-2022,Forward,18,6.58072,0.0004189078880648651,0.005006431529833913,0.17422,0.0
player_45456228aa76,Bryan Djile Nokoué,2021-2022,Defender,17,7.16165,0.0004188664053543076,0.0005385962306729979,0.14311,0.0
player_20e6a1773c59,Charles Boli,2021-2022,Midfielder,16,6.58424,0.00041862588180996977,0.0008091829556397303,0.14721,0.0
player_8cc015e96cf0,Tim Krul,2021-2022,Goalkeeper,17,12.45158,0.00041805257643476415,0.0006170026124661823,0.11348,0.284006
player_4f9a17350802,Emil Audero,2021-2022,Goalkeeper,17,12.35129,0.0004175173232096956,0.0003957261884274376,0.11098,0.26591
player_ec5ca2f84145,Jason Denayer,2018-2019,Defender,18,8.35344,0.00041726117387612356,0.0023691309347779257,0.14233,0.0
player_049e9db7dfd8,Felix Nmecha,2024-2025,Midfielder,18,7.79977,0.0004172027002352428,0.004847026204681791,0.16131,0.0
player_c05fb29ae323,Rúben Neves,2021-2022,Midfielder,18,9.30157,0.00041713161872978957,0.0006167565667597469,0.14776,0.0
player_c3f9c81ea578,Giuliano Simeone,2024-2025,Midfielder,18,8.34802,0.00041643196341787855,0.0009063508127238179,0.15091,0.0
player_c397cd5b8af0,Kelechi Iheanacho,2021-2022,Forward,18,7.48304,0.00041611332927012643,0.006433137528479929,0.15556,0.0
player_44471f51e106,Emi Buendía,2021-2022,Midfielder,18,8.3271,0.0004155982414098212,0.0006296687829257822,0.14204,0.0
player_74a0a808dc50,Bernardo Silva,2024-2025,Midfielder,18,8.71624,0.0004155569140289113,0.0011183798117806892,0.14736,0.0
player_19d5cc5e7754,Luuk de Jong,2021-2022,Forward,18,6.84961,0.00041554390004032947,0.002186239670431811,0.15293,0.0
player_71b567f5f59f,Bali Mumba,2021-2022,Defender,17,7.0763,0.0004153586162033076,0.0004054858404528506,0.14085,0.0
player_be71d8a238a1,Luka Modric,2021-2022,Midfielder,18,8.47413,0.00041526022142098347,0.0011757175936002227,0.14921,0.0
player_ed52ac169a9e,Kylian Mbappé,2023-2024,Forward,17,7.65132,0.0004147423111045545,0.00136531736741485,0.14173,0.0
player_4b4bda32e06f,Wataru Endo,2021-2022,Midfielder,18,9.13564,0.0004146922314902485,0.0008634405044877404,0.14708,0.0
player_e74ce1bc2d80,Nélson Semedo,2021-2022,Defender,17,8.48267,0.00041394395097403124,0.0007054665282181748,0.12811,0.0
player_5f5041792c91,Amadou Haidara,2020-2021,Midfielder,18,8.96414,0.000413555922506459,0.0008206696626933596,0.14783,0.0
player_40326600ba18,Marco Reus,2020-2021,Midfielder,18,8.53722,0.0004134205221536673,0.0009727366644073923,0.14091,0.0
player_d090323f9ecf,Gelson Martins,2021-2022,Midfielder,18,9.14106,0.0004132803561836345,0.0018220320328502717,0.1523,0.0
player_6a711ae36f32,Riccardo Sottil,2021-2022,Midfielder,18,6.85683,0.000413125602160655,0.0008759306027758474,0.12317,0.0
player_517d74137685,Fabien Centonze,2021-2022,Defender,18,7.43235,0.00041287859944419647,0.003431512490977664,0.15647,0.0
player_1e34db681adc,Maxime Estève,2021-2022,Defender,17,9.5146,0.0004128040836010148,0.0007030248867597071,0.13305,0.0
player_fc3f7690829c,Bruno Guimarães,2021-2022,Midfielder,18,8.72436,0.0004123730540610645,0.0015385204348165832,0.15298,0.0
player_1070e1455da5,Manuel Akanji,2021-2022,Defender,17,8.47274,0.0004120053601194952,0.0010012766566693304,0.12989,0.0
player_ff21450591e8,Federico Bonazzoli,2021-2022,Forward,17,7.57587,0.00041192590216616875,0.001854444247982545,0.14838,0.0
player_57818a3520e8,Alessandro Florenzi,2018-2019,Defender,17,6.71586,0.00041125649142497253,0.00048048501490382097,0.12041,0.0
player_1ccfca17bef8,George Bello,2021-2022,Defender,16,7.9419,0.00041080378484496577,0.0013177698736138836,0.14686,0.0
player_182f3b16aa10,Andre-Frank Zambo Anguissa,2021-2022,Midfielder,17,8.0438,0.00041076877694669816,0.0007912297308342717,0.14199,0.0
player_64a37958cc1f,Rafael Czichos,2021-2022,Defender,17,8.33548,0.0004101433635962611,0.0008293932944939625,0.14087,0.0
player_503bc121d82a,Óscar Duarte,2021-2022,Defender,18,9.22118,0.0004100485623350002,0.0009059667014888807,0.13965,0.0
player_52f2430f3fb3,Jamaal Lascelles,2021-2022,Defender,17,8.41511,0.00040989822223438255,0.0008269734503802719,0.13148,0.0
player_5bd4697b4737,Jamie Shackleton,2021-2022,Midfielder,17,7.75378,0.00040988933665772837,0.002644635017810745,0.16091,0.0
player_3065be3b2b2f,Davide Biraschi,2021-2022,Defender,17,8.41702,0.00040921611585578217,0.0027096712344970393,0.15782,0.0
player_f52517a8f097,Vital N'Simba,2021-2022,Defender,17,8.94677,0.00040908380712016717,0.0008607425543310973,0.1433,0.0
player_3cd02f56215e,Dele Alli,2019-2020,Midfielder,19,8.05799,0.00040905168972701987,0.001676981735193108,0.14998,0.0
player_3f787091b5b5,Emil Forsberg,2021-2022,Midfielder,17,7.49245,0.0004090236105644645,0.0027997903556417686,0.14804,0.0
player_d8c5a555e13b,David Alaba,2020-2021,Defender,17,8.42963,0.00040886415565373116,0.0008427735784627485,0.13943,0.0
player_6519383223b5,Jonás Ramalho,2021-2022,Defender,16,7.4411,0.00040873996665121256,0.001393152218622578,0.14924,0.0
player_46cb40011cbb,Kevin Kampl,2021-2022,Midfielder,17,8.11989,0.00040831540660329885,0.0011774401011315871,0.14737,0.0
player_acd4b644003d,Benjamin Mendy,2019-2020,Defender,17,7.7674,0.0004075050938354158,0.001238229212032076,0.14302,0.0
player_a1623f37a6ad,Kike Barja,2021-2022,Midfielder,18,7.98752,0.0004073264938460369,0.0020322026632780656,0.15839,0.0
player_740ac56b3d7a,Abdoulaye Touré,2021-2022,Midfielder,17,7.7853,0.0004068547800681341,0.0007673667144426857,0.15013,0.0
player_cd4df99134c3,Kieran Trippier,2018-2019,Defender,18,7.93186,0.0004064905253272703,0.0013144762217144356,0.14539,0.0
player_e90f11ca56fb,Miguel Juan Llambrich,2021-2022,Defender,16,7.08943,0.0004063326698749624,0.0003279407338547797,0.13782,0.0
player_3f179572ecc5,Renaud Ripart,2021-2022,Forward,17,7.81897,0.00040608437706595254,0.0009589069546153589,0.14972,0.0
player_e74ce1bc2d80,Nélson Semedo,2018-2019,Defender,17,7.5623,0.0004056071410839264,0.0017485149029867124,0.14397,0.0
player_6f50acf221d8,Ghislain Konan,2021-2022,Defender,17,8.19887,0.0004055275808489359,0.0008104170174325543,0.13569,0.0
player_0c758d16c68a,Lilian Brassier,2021-2022,Defender,17,9.13084,0.00040551766134691884,0.0006604536977667606,0.13546,0.0
player_ff4b964e8e44,Ryan Sessegnon,2019-2020,Midfielder,17,7.63087,0.0004053897745298869,0.0008710416582378598,0.15184,0.0
player_cb5b3166f2bd,Éder Militão,2020-2021,Defender,17,6.77692,0.0004048385182401272,0.0007118860545636477,0.12425,0.0
player_2793470ee346,Vladimír Darida,2021-2022,Midfielder,17,7.8559,0.0004045969420220308,0.0024732608160273964,0.15741,0.0
player_023660ee6a96,Naïs Djouahra,2021-2022,Midfielder,16,6.75072,0.00040459099431215174,0.0009973080348165814,0.16046,0.0
player_acbc99cec6be,Vanderson,2024-2025,Midfielder,16,7.32785,0.00040435064665056175,6.491531196765678e-05,0.11847,0.0
player_4a944f6b20b3,Kyle Walker,2022-2023,Defender,17,8.11464,0.00040430873318025943,0.0010274233097162574,0.13271,0.0
player_74a0a808dc50,Bernardo Silva,2022-2023,Midfielder,17,8.33992,0.00040382529837053224,0.0009830338069324487,0.1499,0.0
player_6152235816d9,Víctor Chust,2021-2022,Defender,17,9.36612,0.0004037982054685848,0.0003890928814203338,0.13159,0.0
player_4e908e5a4ed2,Antonio Sanabria,2021-2022,Forward,17,8.17389,0.00040366011996037835,0.0009046120624502754,0.14598,0.0
player_c8194df06a12,Mathias Olesen,2021-2022,Midfielder,15,6.26318,0.0004032698436732005,0.0005150952569518316,0.14491,0.0
player_37c638f3b99c,Ansgar Knauff,2022-2023,Midfielder,18,8.23414,0.0004030520236523676,0.003636146951427561,0.15905,0.0
player_72835dd1f931,Dennis Praet,2021-2022,Midfielder,17,8.75977,0.00040296636874994203,0.0026249866323664168,0.15892,0.0
player_d98e7a82e5fb,Branimir Hrgota,2021-2022,Forward,17,8.6101,0.00040273628810788857,0.0003433138014897137,0.14863,0.0
player_699dd713aade,Marcel Sabitzer,2019-2020,Midfielder,17,8.60107,0.0004027282244032723,0.0003886471383394355,0.13883,0.0
player_0fcc4dd23d4e,Iván Balliu,2021-2022,Defender,17,7.34533,0.00040265635406693423,0.0024466472284047206,0.13557,0.0
player_6931a7152678,Jamal Musiala,2021-2022,Midfielder,17,8.54003,0.00040231267373948086,0.0009240081589979663,0.14434,0.0
player_9ed86f1f2c31,László Bénes,2021-2022,Midfielder,18,5.43186,0.00040188627749340196,0.0007822203766454481,0.16009,0.0
player_ebfda8d07395,Ciro Immobile,2020-2021,Forward,16,5.65212,0.0004017474194588386,0.0007199482460156516,0.12664,0.0
player_f6e1b4f43bd0,Daniel Wass,2021-2022,Midfielder,17,7.88332,0.0004012397535963985,0.001915555021454817,0.151,0.0
player_4ec8403c92a0,Boubakar Kouyaté,2021-2022,Defender,16,6.70864,0.0004010086807874945,0.00040240352614605247,0.12398,0.0
player_14e4dc777fc9,Bukayo Saka,2023-2024,Forward,17,8.17626,0.0004009838117823007,0.0002602596634898791,0.13245,0.0
player_e8923dc9322f,Esteban Saveljich,2021-2022,Defender,17,8.99375,0.00040090032153994017,0.0006862467304286951,0.14438,0.0
player_7b0066152d1a,Zinho Vanheusden,2021-2022,Defender,17,8.85061,0.00040075140918449404,0.00047585547732776484,0.14503,0.0
player_cbfa3ca77c33,Lucas Digne,2021-2022,Defender,17,7.70459,0.0004006645736961206,0.0007235689760928186,0.14304,0.0
player_457a4bc6ea3d,Florian Neuhaus,2021-2022,Midfielder,17,8.38409,0.00040006536227017215,0.000989616975264916,0.146,0.0
player_7cf31521dc19,Stefan Radu,2020-2021,Defender,17,7.89635,0.00039977338607495073,0.002054750473138732,0.14361,0.0
player_dec371fcaec1,Portu,2021-2022,Midfielder,17,7.95354,0.00039971811914164785,0.0011409440070792173,0.15469,0.0
player_8c3883a77ba0,Sergio Agüero,2018-2019,Forward,17,7.47766,0.0003996884764431548,0.0003327469070697561,0.1337,0.0
player_3cfe0c94d2c9,Luis Binks,2021-2022,Defender,16,8.27795,0.0003994638006619607,0.0008400027180080965,0.1423,0.0
player_7cbb7b2d6c90,Gauthier Gallon,2021-2022,Goalkeeper,16,11.97794,0.0003993967243763464,0.0002287123944119252,0.11072,0.278108
player_415899e01a84,Sam Byram,2021-2022,Defender,17,8.65764,0.0003981119126142352,0.0015745451843225202,0.15109,0.0
player_c65683753d76,Abdón Prats,2021-2022,Forward,17,6.87327,0.0003979124756872518,0.0019195347470989082,0.16025,0.0
player_d79631aff02f,Daniel Caligiuri,2021-2022,Midfielder,17,8.46881,0.00039774881037800864,0.0007369755795519096,0.15015,0.0
player_882536ba7f27,Unai Ropero,2021-2022,Forward,16,6.82096,0.00039753232813706193,0.0006372270182421003,0.13397,0.0
player_5657a6446c66,Rodrigo De Paul,2021-2022,Midfielder,17,7.46159,0.00039710128997007824,0.001969634660171509,0.15354,0.0
player_8e47b44e8f05,Kristijan Jakic,2021-2022,Midfielder,16,8.28801,0.0003970555656005477,0.0004612763820458581,0.14257,0.0
player_416d45d18872,Davie Selke,2021-2022,Forward,17,7.16059,0.000397024878449469,0.0024078829364833094,0.16079,0.0
player_0aefda9bc43c,Nicolas Pallois,2021-2022,Defender,17,6.52785,0.00039690732016792196,0.0016125813868879068,0.13044,0.0
player_907c0a2e7260,Leroy Sané,2023-2024,Midfielder,17,7.84179,0.00039624886815191497,0.0008454123521286554,0.14001,0.0
player_f698236e74da,Lukas Nmecha,2021-2022,Forward,16,7.42711,0.00039620964488663803,0.0004450086649977623,0.15009,0.0
player_b41ca783bb48,Juan Mata,2017-2018,Midfielder,17,8.15545,0.00039598319040994186,0.000508542526474324,0.1422,0.0
player_0e7e22404d3d,Callum Hudson-Odoi,2020-2021,Midfielder,17,7.65265,0.00039572600703805655,0.0013269513544773386,0.14961,0.0
player_b239c0f50d02,Alex Meret,2023-2024,Goalkeeper,16,9.3537,0.0003954340104826508,0.0003080482808914551,0.10553,0.009828
player_446c1871c75c,Lucas Tousart,2021-2022,Midfielder,16,8.10227,0.000395084375082683,0.00039508232713191373,0.14571,0.0
player_8f30574fdf94,Jan Oblak,2023-2024,Goalkeeper,15,9.54342,0.0003950333301385097,0.00011937170204630571,0.11238,0.000242
player_54ea88274f8d,Renato Veiga,2024-2025,Defender,18,7.83896,0.0003950166181875199,0.0020799078623352798,0.15091,0.0
player_90dfb7cdc147,Jude Bellingham,2021-2022,Midfielder,17,8.13788,0.0003945682618240386,0.0008380503579606747,0.14981,0.0
player_989525abcd0c,Mads Bech Sørensen,2021-2022,Defender,16,8.44214,0.00039427362353078625,0.0006785293283695668,0.14165,0.0
player_c7e7463df10c,Edimilson Fernandes,2021-2022,Midfielder,16,6.45176,0.0003942237052343705,0.0015782768140721586,0.16299,0.0
player_1d531340f7a3,Fabian Schär,2021-2022,Defender,16,7.78387,0.00039398427406230356,0.0010337111240439946,0.14052,0.0
player_fb21309b20b2,Jesús Areso,2021-2022,Defender,16,6.70311,0.000393863786239449,0.002597122927175662,0.17191,0.0
player_aad89ca94395,Pablo Galdames Millán,2021-2022,Midfielder,16,7.89898,0.00039349195422921695,0.0012697512566507817,0.15247,0.0
player_feda31c1911c,Guido Rodríguez,2021-2022,Midfielder,16,7.05837,0.0003930128636257705,0.0003669547679879915,0.12163,0.0
player_e67b30804bcd,Rade Krunic,2021-2022,Midfielder,16,7.53854,0.00039286182950151396,0.001460082914752121,0.15132,0.0
player_cf80aaab9c68,Victor Moses,2017-2018,Midfielder,17,7.74273,0.0003926689283008,0.002039286519144918,0.15012,0.0
player_39368de2b8b9,Willi Orbán,2022-2023,Defender,16,7.97235,0.000391827357579979,0.00025963578991809245,0.12499,0.0
player_efd2a9529204,Chris Führich,2021-2022,Midfielder,17,8.51827,0.00039129895098794843,0.0014278758977926726,0.15202,0.0
player_9a21509db3ec,Giovani Lo Celso,2021-2022,Midfielder,17,8.17836,0.00039083563959524495,0.0016546214947129236,0.15138,0.0
player_62d0614a655f,Bafodé Diakité,2024-2025,Defender,16,6.51163,0.0003907758140164777,0.0019645849571415506,0.12482,0.0
player_899de16c3fb9,Álex Fernández,2021-2022,Midfielder,17,8.38452,0.0003907137699831795,0.0012768130264482033,0.14963,0.0
player_802c51154dc7,Maxime Busi,2021-2022,Defender,17,8.33238,0.00038984088377425367,0.002676809539476112,0.15111,0.0
player_cc69e0546770,Ohis Felix Uduokhai,2021-2022,Defender,16,7.96924,0.00038975385009504276,0.003065884608413776,0.14423,0.0
player_9d49c2b8a62f,Chris Smalling,2018-2019,Defender,16,8.03631,0.0003897166556283158,0.000431699102631562,0.12736,0.0
player_0153c3cc8ad8,Abdoulaye Doucouré,2021-2022,Midfielder,16,8.07082,0.00038915416885496257,0.0006118491743792616,0.1442,0.0
player_9dff2004dcd5,Lukas Klünter,2021-2022,Defender,16,6.42794,0.0003890993845600381,0.0019700793587530884,0.17572,0.0
player_aa577ff36263,Charles De Ketelaere,2024-2025,Midfielder,16,7.57265,0.00038882622838028733,0.000800938172475717,0.14378,0.0
player_8664911306cb,Yussuf Poulsen,2020-2021,Forward,16,6.70236,0.00038838530158376115,0.0025631951458572003,0.14572,0.0
player_975a46189f44,Zack Steffen,2021-2022,Goalkeeper,15,10.79408,0.00038815040978957253,0.00039984336007468756,0.11843,0.000342
player_e6a24e21e329,Fernando Pacheco,2021-2022,Goalkeeper,16,9.97793,0.0003881374693655623,0.0011061436454652377,0.12371,0.117624
player_29619b87a198,Marco Benassi,2021-2022,Midfielder,16,6.67846,0.00038802271541534656,0.002299247768510563,0.15918,0.0
player_bdc7b6190149,Édgar Badía,2021-2022,Goalkeeper,16,10.95574,0.0003878543958635915,0.0005615739429305909,0.11715,0.20559
player_24e5a1ce2cc9,Donyell Malen,2021-2022,Midfielder,17,7.73397,0.0003877285686377353,0.0015060090960258585,0.14904,0.0
player_e74ce1bc2d80,Nélson Semedo,2019-2020,Defender,16,7.85636,0.00038746361792424644,0.0006350786952962644,0.13481,0.0
player_ef47035e5468,Khvicha Kvaratskhelia,2022-2023,Forward,16,6.76067,0.000387387048612377,0.0013720200141451183,0.14417,0.0
player_ca4473c17f52,Thomas Delaney,2021-2022,Midfielder,16,5.95635,0.0003872670365944286,0.0010878070300565346,0.13647,0.0
player_f74fd53ba648,Jan Morávek,2021-2022,Midfielder,16,7.47795,0.0003867991901459377,0.002938468835221164,0.15449,0.0
player_d5a5ae3a791c,Jeremie Frimpong,2024-2025,Midfielder,17,8.05904,0.0003867527762263492,0.001313965052154048,0.14773,0.0
player_8bf2118b08ef,Yann Sommer,2023-2024,Goalkeeper,16,10.72656,0.0003863814010003583,0.00042209727489907835,0.10283,0.000372
player_0e7e22404d3d,Callum Hudson-Odoi,2021-2022,Midfielder,17,7.79588,0.00038614993304909466,0.002563823803301995,0.15653,0.0
player_995bf053c469,Marcelo,2019-2020,Defender,17,8.44957,0.0003859974174385817,0.0007625882737933221,0.14182,0.0
player_e683ca42c21a,Harry Kane,2018-2019,Forward,16,7.44656,0.0003858195429503285,0.000668845408922894,0.13308,0.0
player_6a154fc36edb,David Silva,2018-2019,Midfielder,16,8.1762,0.0003857248676785265,0.00046921870117265583,0.14141,0.0
player_66943afc80ff,Isco,2017-2018,Midfielder,16,7.38521,0.0003856700173493771,0.0006068002278482678,0.14081,0.0
player_15489dd8adf3,Victor Osimhen,2023-2024,Forward,15,5.3406,0.00038556453268197223,0.0005477924476203746,0.12227,0.0
player_55dd73d060bc,Brandon Williams,2021-2022,Defender,17,8.26736,0.00038526905509430736,0.0009802775877632286,0.14222,0.0
player_1cb00d67c52b,Cédric Hountondji,2021-2022,Defender,16,7.91527,0.00038492967684295256,0.0010966010719522295,0.1386,0.0
player_ca4473c17f52,Thomas Delaney,2018-2019,Midfielder,16,7.67203,0.00038481040626006603,0.000872992088560637,0.15238,0.0
player_975ae38f811f,Dries Mertens,2021-2022,Forward,16,6.74426,0.00038445424333936515,0.0008725985800512838,0.1349,0.0
player_f3934158cb8c,Vedat Muriqi,2021-2022,Forward,16,7.5121,0.00038428984377861366,0.0007002762471599026,0.15505,0.0
player_d6f16266352f,Adrien Rabiot,2020-2021,Midfielder,16,6.17044,0.00038401489714694073,0.000408360621871099,0.12653,0.0
player_5b4c864ce394,Alessio Romagnoli,2021-2022,Defender,16,6.34678,0.0003839639886411271,0.0005942369196423669,0.12424,0.0
player_c2d5b9baaa71,Dejan Lovren,2017-2018,Defender,16,7.60394,0.0003837086578154723,0.0014950666059191063,0.13871,0.0
player_e5c3d2a77b18,Mahame Siby,2021-2022,Midfielder,14,6.93954,0.0003833141695287973,0.0006302297653922494,0.14184,1e-06
player_c247366ea607,Joscha Wosz,2021-2022,Midfielder,16,4.65856,0.00038321694549610266,0.0034702972848767565,0.1782,1e-06
player_2a856bf0dfe1,Suso,2020-2021,Forward,16,7.26522,0.0003831082554446283,0.0008269524122720885,0.15177,0.0
player_1070e1455da5,Manuel Akanji,2020-2021,Defender,15,7.86283,0.000382768752303349,0.0003974329897040265,0.13003,0.0
player_04847a03f721,Thomas Partey,2024-2025,Midfielder,16,7.09334,0.00038272870731188293,0.0011737137319407474,0.14627,0.0
player_be94e4498061,Romain Saïss,2021-2022,Defender,15,7.29758,0.0003823371118310699,0.0006617078160314791,0.13765,0.0
player_d2cfe169e083,Nicolò Barella,2023-2024,Midfielder,16,7.57711,0.0003821096409576196,0.0008403308392710159,0.14237,0.0
player_7abe5e4dc2bd,Gaetano Castrovilli,2021-2022,Midfielder,16,7.54839,0.0003817837584316311,0.0012389503521706797,0.14871,0.0
player_ad387e1e0d22,Víctor Ruiz,2021-2022,Defender,16,8.73029,0.0003817811175000982,0.000872582562675099,0.13324,0.0
player_1070e1455da5,Manuel Akanji,2018-2019,Defender,16,7.76152,0.00038175176211842,0.001061048024758449,0.1311,0.0
player_25ae657ead27,Yan Couto,2024-2025,Midfielder,16,6.84682,0.000381205033537237,0.001573939281470821,0.16382,0.0
player_2c8b60ff5713,Blaise Matuidi,2018-2019,Midfielder,16,7.36958,0.0003810163742867812,0.0005017159093104289,0.13971,0.0
player_f1b57569ab8f,Raphaël Varane,2020-2021,Defender,15,8.03476,0.0003809641435872387,0.0001637340164469225,0.12137,0.0
player_3cd02f56215e,Dele Alli,2021-2022,Midfielder,16,7.09466,0.000380850235766312,0.0018619253222718962,0.1635,0.0
player_be71d8a238a1,Luka Modric,2020-2021,Midfielder,16,7.47926,0.00038084172679510157,0.001078095637243846,0.1403,0.0
player_1550ffbcd214,Irvin Cardona,2021-2022,Forward,16,7.95201,0.0003805949784721158,0.002471731699810524,0.15608,0.0
player_762cba672ac6,Florent Ogier,2021-2022,Defender,17,8.14845,0.0003805486805483354,0.0009045053502023386,0.14345,0.0
player_a384801093a1,Florian Krüger,2021-2022,Midfielder,17,7.46128,0.00038048472831320765,0.0018941086857423212,0.14993,0.0
player_67d7987f2f13,Gabriele Zappa,2021-2022,Defender,16,6.68609,0.00038040415708232137,0.000848981173189243,0.12576,0.0
player_e582277f703c,James Milner,2020-2021,Midfielder,15,7.42808,0.0003803099429917565,0.0003680530955611449,0.14796,0.0
player_966f3b942e60,Teun Koopmeiners,2021-2022,Midfielder,16,7.39229,0.00038024769431368246,0.003335710443261046,0.15522,0.0
player_2bee6aafd2b3,Habib Maïga,2021-2022,Midfielder,16,7.00439,0.0003800847637602317,0.0009081080510365477,0.15792,0.0
player_f1b57569ab8f,Raphaël Varane,2017-2018,Defender,15,7.78271,0.00037996994984829867,0.0005493666489608447,0.12875,0.0
player_532daf949e63,Gianluca Pegolo,2021-2022,Goalkeeper,15,10.551,0.00037995294399288833,0.00012543147559376217,0.11518,0.000339
player_fe1561697f73,Raúl Parra,2021-2022,Defender,15,6.55496,0.00037945005168861257,0.0002478156294401277,0.13781,0.0
player_a218b0e27579,Riccardo Stivanello,2021-2022,Defender,15,6.55207,0.0003793567141643041,0.0006211649034303664,0.14116,0.0
player_00ccae0ce162,Fabiano Parisi,2021-2022,Defender,16,8.10557,0.0003791853556447681,0.0007221744077429023,0.14484,0.0
player_123a7e01ba69,Kevin Vázquez,2021-2022,Defender,16,7.86655,0.0003791482654113417,0.001061133621792487,0.14906,0.0
player_6a154fc36edb,David Silva,2017-2018,Midfielder,16,7.45663,0.0003789933507870519,0.0008322110915455833,0.14132,0.0
player_ddc595d072d4,Karl Toko Ekambi,2019-2020,Forward,16,7.37056,0.0003787647411452654,0.0008731797401129636,0.1369,0.0
player_eeae9dbd1aa6,Lamine Yamal,2023-2024,Forward,16,7.09795,0.00037866633681581433,0.0014837850211210566,0.14468,0.0
player_e5d97bea0b99,Mikael,2021-2022,Forward,14,5.38801,0.00037865179306129435,0.00028943207484478846,0.15476,0.0
player_c69b4515a317,Raphaël Guerreiro,2018-2019,Midfielder,16,7.36194,0.00037844842042728726,0.0013910676015828237,0.14788,0.0
player_e492d6d865b1,Demba Seck,2021-2022,Midfielder,16,4.98562,0.0003783194513679684,0.000554381663136684,0.15853,0.0
player_6b265a603d65,Mats Hummels,2018-2019,Defender,16,7.57342,0.00037824344644169584,0.0007313916048143586,0.12967,0.0
player_2e1fa9e9052e,Lucien Agoume,2021-2022,Midfielder,15,7.995,0.00037812553193615456,0.0007742858701438054,0.14285,0.0
player_76bb6c12823c,Sebastien De Maio,2021-2022,Defender,15,6.84829,0.00037806442890411335,0.002722215118336054,0.15963,0.0
player_f0b0d3a3a1ea,Adam Forshaw,2021-2022,Midfielder,16,7.93927,0.00037802470746651747,0.0008387860566616398,0.15196,0.0
player_5dee3b84b412,Diadie Samassékou,2021-2022,Midfielder,16,7.12446,0.00037792126807113026,0.0014932197601167185,0.15298,0.0
player_7586f971244b,Santi Comesaña,2021-2022,Midfielder,16,6.17371,0.0003778797865787055,0.00041930726362790786,0.12827,0.0
player_4fef5e65ce04,Anthony Gordon,2021-2022,Forward,16,7.6922,0.00037782526835228536,0.0007716195909183762,0.14944,0.0
player_52068e3b8378,Jesse Lingard,2018-2019,Midfielder,16,7.31613,0.0003776497417212327,0.0015485180707061263,0.15013,0.0
player_e0e09bbdc8e5,Kim Min-Jae,2022-2023,Defender,16,6.73928,0.00037754398330062234,0.0008564418177464619,0.14941,0.0
player_999d89d1817f,Rodri,2023-2024,Midfielder,16,6.29786,0.0003774278292846465,0.0016366660837149713,0.13058,0.0
player_0011a97213f9,Tom Lacoux,2021-2022,Midfielder,15,7.26455,0.00037695417667018666,0.0005260112126365994,0.14977,0.0
player_245b25da470e,Aaron Ramsdale,2021-2022,Goalkeeper,15,10.91871,0.0003769265229904987,0.0002588431708220975,0.11316,0.240409
player_ecacf3df08f0,Angelo Stiller,2021-2022,Midfielder,16,7.62359,0.00037683871915522083,0.0024611801232729885,0.14864,0.0
player_053afce6ba98,Raheem Sterling,2021-2022,Forward,16,7.01924,0.0003767080033699211,0.0012574104430729278,0.13607,0.0
player_1922d06dfea9,Florent Mollet,2021-2022,Midfielder,16,8.26972,0.0003762875545168253,0.0012270555370128271,0.14875,0.0
player_8fd4cb861bd7,Toni Kroos,2021-2022,Midfielder,15,7.17544,0.000376282153147938,0.00034110316982743677,0.13629,0.0
player_8764c335b0a0,Emre Can,2017-2018,Midfielder,16,7.38088,0.0003760365814226869,0.0009551155565440523,0.14806,0.0
player_be71d8a238a1,Luka Modric,2024-2025,Midfielder,16,7.43754,0.0003758952732561827,0.0006993881161185053,0.15002,0.0
player_63631a8a501a,Aïssa Mandi,2021-2022,Defender,16,7.417,0.00037581280723712106,0.002966995398046971,0.14313,0.0
player_68cfbf2fede8,Ruan,2021-2022,Defender,15,6.70591,0.00037555218673783426,0.0006905098255010905,0.1607,0.0
player_47b3425a7a4e,Max Aarons,2021-2022,Defender,16,7.98121,0.0003754296995789038,0.000982037649643434,0.14287,0.0
player_58110250a303,Andi Zeqiri,2021-2022,Forward,16,7.2039,0.00037524801490117996,0.001865207638699808,0.1582,0.0
player_d167a8b5937a,Álvaro Morata,2023-2024,Forward,15,5.19802,0.00037499504486062117,0.0021764070923906077,0.12858,0.0
player_56a81aad0011,Patrick Berg,2021-2022,Midfielder,15,6.96791,0.0003749035719760027,0.00020630030127358984,0.14681,0.0
player_d612fd992256,Cheick Doucouré,2021-2022,Midfielder,15,6.76193,0.00037448639684891744,5.0883479449617744e-05,0.11937,0.0
player_053afce6ba98,Raheem Sterling,2020-2021,Forward,15,7.51158,0.00037398597549474734,0.00030959989002118075,0.13239,0.0
player_525118da19b6,Rober,2021-2022,Defender,15,6.81477,0.00037397546681423394,0.0011532210597399051,0.12654,0.0
player_04847a03f721,Thomas Partey,2021-2022,Midfielder,16,7.24182,0.00037365765780823736,0.0007827605956951324,0.14148,0.0
player_d76587454815,Yunis Abdelhamid,2021-2022,Defender,15,6.88404,0.00037347306580775907,0.00015810730733217988,0.11534,0.0
player_9bc41afcc6f6,Nicolas Höfler,2021-2022,Midfielder,16,8.52295,0.0003731946255681481,0.0005699656194676035,0.14701,0.0
player_05725319ded7,Maximilian Arnold,2020-2021,Midfielder,16,6.3538,0.00037301722579376743,0.0009693143806172852,0.12936,0.0
player_fae787f35f26,Thibaut Courtois,2021-2022,Goalkeeper,14,9.33483,0.00037294285437810485,0.004393458869522389,0.13173,0.000157
player_d3bb6d91a48d,Youssouph Badji,2021-2022,Forward,14,5.24359,0.0003727582061474145,0.001488060605828898,0.1611,0.0
player_3f787091b5b5,Emil Forsberg,2020-2021,Midfielder,16,6.88112,0.000372657305203936,0.001065100272127955,0.14363,0.0
player_3eb76a29f680,Wylan Cyprien,2021-2022,Midfielder,16,7.97451,0.00037263104501588545,0.001311286443243383,0.1533,0.0
player_fff6657c7d45,Pascal Struijk,2021-2022,Defender,15,6.82801,0.00037228946878060216,0.0007830063584618788,0.11776,0.0
player_83d8c36bb448,Ángel Rodríguez,2021-2022,Forward,16,7.52643,0.00037226665403970684,0.0009938883762256466,0.15332,0.0
player_ac8dbc13a740,Idrissa Gueye,2021-2022,Midfielder,15,7.1553,0.00037223347873438414,0.00022341492056851718,0.1414,0.0
player_5ef16e17864d,Ilkay Gündogan,2017-2018,Midfielder,15,6.97667,0.0003718872151840622,0.0006760741369957594,0.13865,0.0
player_79eaf55de9ab,Conor Gallagher,2022-2023,Midfielder,16,5.92181,0.00037180028355359975,0.002107369957509031,0.13283,0.0
player_cc58514fc691,Adam Webster,2021-2022,Defender,16,6.77652,0.0003715872504891685,0.003162705780033423,0.15737,0.0
player_37a7293b7809,Jean-Philippe Mateta,2021-2022,Forward,16,7.45256,0.00037154133522633814,0.0006035369198224973,0.14865,0.0
player_ce5ded749bd9,Stefan Posch,2021-2022,Defender,16,7.62267,0.00037137556372979176,0.0014509785597533176,0.14481,0.0
player_689386971f95,Hugo Duro,2021-2022,Forward,14,5.04259,0.00037130443237648486,0.00022663684384679794,0.11744,0.0
player_857f4f7a8862,Robin Zentner,2021-2022,Goalkeeper,15,10.88228,0.00037122635243837774,0.00027255144862349426,0.1132,0.253193
player_eefc1ab273d8,Jean-Ricner Bellegarde,2021-2022,Midfielder,16,8.19015,0.000371041826212536,0.0011825409571822867,0.14796,0.0
player_b2f66950d174,Koffi Djidji,2021-2022,Defender,15,6.10907,0.0003709913822639387,0.0019493833584490513,0.13293,0.0
player_7942acfcfa7d,Jakub Kiwior,2024-2025,Defender,15,6.131,0.00037082460522880036,0.0018348622783411603,0.14666,0.0
player_e0a0bdeb9f40,Brais Méndez,2021-2022,Midfielder,16,8.15441,0.0003707832909551205,0.0005531057869907518,0.14803,0.0
player_049d072102fa,Niklas Süle,2018-2019,Defender,15,7.39091,0.0003707353223660635,0.00046836788243097055,0.12663,0.0
player_ad0d33288531,Yuri Berchiche,2017-2018,Defender,16,6.52806,0.0003706296295420607,0.0029921750424364664,0.15931,0.0
player_4bd1bb6ab061,Pietro Terracciano,2021-2022,Goalkeeper,15,9.01714,0.0003705504575007139,0.001058193410086098,0.11392,0.021448
player_0a48e420af52,Lucas Höler,2021-2022,Forward,15,7.59487,0.0003701401767686714,0.00019555804232628297,0.1421,0.0
player_10600ce8c9d3,Tommaso Baldanzi,2021-2022,Midfielder,13,6.71103,0.00036970131598997394,0.0004690227345967519,0.14067,1e-06
player_ebb6d452efea,Rafa Mir,2021-2022,Forward,15,6.8229,0.0003696644477881908,0.0002562266306330744,0.14605,0.0
player_d8c5a555e13b,David Alaba,2021-2022,Defender,15,7.43147,0.0003695981073074428,0.0007399383306819971,0.13776,0.0
player_b7c518a30a0b,Danny Ward,2021-2022,Goalkeeper,14,10.2391,0.00036958719199788016,0.00036017258901845653,0.11837,0.000321
player_d4f3923781e4,Rogério,2021-2022,Defender,16,7.68587,0.0003695436144725889,0.0006320083405332651,0.14266,0.0
player_c824e916cf33,Wout Faes,2021-2022,Defender,15,7.26209,0.00036954041310875816,0.0004786191452546346,0.12745,0.0
player_8f4d17e76160,Reece Oxford,2021-2022,Defender,16,7.85413,0.00036927911833025426,0.0009973973290673063,0.14447,0.0
player_8770f3df12bf,Ryan Fredericks,2021-2022,Defender,14,6.77747,0.0003692675187693843,0.0007056092646201522,0.16194,0.0
player_0bb9db234336,Timothée Kolodziejczak,2021-2022,Defender,15,5.94523,0.00036907616852107673,0.0005836037708437022,0.12067,0.0
player_4f001b4be3ab,Gianluca Busio,2021-2022,Midfielder,16,7.74551,0.0003688737369066188,0.002100224882298204,0.15563,0.0
player_3f787091b5b5,Emil Forsberg,2022-2023,Midfielder,16,6.47941,0.00036882980946875753,0.008655129706077857,0.1628,0.0
player_8f30574fdf94,Jan Oblak,2018-2019,Goalkeeper,14,8.85064,0.00036848256584688145,0.0001042454078103042,0.11237,0.00023
player_d70a861bd6b9,Adam Lallana,2021-2022,Midfielder,15,7.1253,0.00036846111949563924,0.0003356227247804056,0.14161,0.0
player_39368de2b8b9,Willi Orbán,2021-2022,Defender,15,7.3147,0.0003683075458528807,0.00043982690165181824,0.12881,0.0
player_b77304495829,Wojciech Szczesny,2019-2020,Goalkeeper,14,9.48307,0.0003682418692176675,0.0015640923041240792,0.12632,0.000207
player_223a9432b6ba,Marcos Llorente,2019-2020,Midfielder,16,6.87247,0.0003682093826266595,0.0009281801218414079,0.15577,0.0
player_e61b7333b1a2,Zaydou Youssouf,2021-2022,Midfielder,14,6.39298,0.00036816463780754466,7.853418787063569e-05,0.11813,0.0
player_a19bd6865c99,Lasse Günther,2021-2022,Midfielder,15,6.11113,0.000367823840000178,0.001901636521532703,0.16247,0.0
player_c380109125be,Saman Ghoddos,2021-2022,Midfielder,17,6.63251,0.00036759348864235584,0.009838873329729762,0.17442,0.0
player_47eb9bc115d3,Antonín Barák,2021-2022,Midfielder,16,7.22429,0.0003674856223261823,0.0008355450373338871,0.14969,0.0
player_c20ee1274a1a,Jean-Claude Billong,2021-2022,Defender,16,8.22732,0.0003673716371858551,0.0008318099586685268,0.13288,0.0
player_bb48c4d2a3b0,Yves Bissouma,2021-2022,Midfielder,16,7.58159,0.00036735293312718163,0.001034861879958336,0.15305,0.0
player_f5dec5be3750,Sergio Reguilón,2021-2022,Defender,16,7.10515,0.00036725269531666046,0.0016492643534249615,0.15168,0.0
player_1b836885ae69,Imran Louza,2021-2022,Midfielder,15,7.40012,0.000367208207570013,0.0012524075904085416,0.14998,0.0
player_9964c853f432,Lorenzo Insigne,2021-2022,Forward,16,7.07978,0.0003672043362697529,0.0025533854959587125,0.14221,0.0
player_8b8018f5dfda,Alex Oxlade-Chamberlain,2017-2018,Midfielder,16,7.08783,0.00036708701306570384,0.0018246064779520175,0.15004,0.0
player_36e4299ec13f,Kevin Strootman,2021-2022,Midfielder,14,7.0085,0.0003665648578344214,0.0003526910930140874,0.14777,0.0
player_1a2a618811c3,Pape Matar Sarr,2021-2022,Midfielder,16,7.62076,0.00036603433905860346,0.0008883582609225414,0.15071,0.0
player_13c7ba5ce699,Cenk Tosun,2021-2022,Forward,14,6.20136,0.00036576764792401183,0.0005678127468247453,0.13704,0.0
player_217b7204b07f,Jamie Leweling,2021-2022,Forward,15,7.45246,0.0003656945549442156,0.000473244308367753,0.14498,0.0
player_4a944f6b20b3,Kyle Walker,2024-2025,Defender,15,6.94564,0.00036565113700662717,0.001970452833222443,0.14228,0.0
player_5b085fc0fb02,Sebastian Andersson,2021-2022,Forward,15,7.35531,0.0003655584582980909,0.0006710590767112463,0.15201,0.0
player_1532ce305a61,Benoît Badiashile,2021-2022,Defender,16,8.14684,0.0003654309591556772,0.0006543019816440765,0.13594,0.0
player_b840c9f15187,Diego Coppola,2021-2022,Defender,14,6.7729,0.0003652517862401499,0.0003568342213214637,0.1443,0.0
player_d8d9e778e356,Romain Philippoteaux,2021-2022,Midfielder,15,6.05024,0.000364939040340202,0.003591689987126354,0.14593,0.0
player_9c93ce923108,Paul Lasne,2021-2022,Midfielder,15,6.68092,0.0003647551884388283,0.002817492510871781,0.151,0.0
player_da06433fc9cb,Julian Ryerson,2021-2022,Midfielder,15,7.17515,0.000364617234858831,0.0012687513471429702,0.15357,0.0
player_ad4216476707,Daniele De Rossi,2017-2018,Midfielder,15,5.91712,0.00036451326730352617,0.000299235673922407,0.12826,0.0
player_05725319ded7,Maximilian Arnold,2024-2025,Midfielder,15,6.19006,0.0003644311563483248,0.00033772721575515947,0.12176,0.0
player_5da31deaa3ea,Hugo Lloris,2017-2018,Goalkeeper,13,9.28708,0.000364104207593628,0.000107081918955722,0.12042,0.000153
player_309d9af0b27f,Gonzalo Higuaín,2017-2018,Forward,15,7.12442,0.0003639877871705729,0.0004266813131720814,0.12966,0.0
player_c9a650f0b1f5,Vincent Pajot,2021-2022,Midfielder,14,5.60252,0.0003639834669101493,0.00026938789985196107,0.12921,0.0
player_6d7e7fcc1b23,Juan Cruz Armada,2021-2022,Defender,14,7.73566,0.00036390668917099143,0.0006205157557638607,0.13636,0.0
player_8d0da90f6ef5,Stefan Savic,2023-2024,Defender,15,5.93735,0.00036367261424997597,0.0019525081416616249,0.13496,0.0
player_3fca88662462,Fernandinho,2018-2019,Midfielder,15,7.99722,0.00036335573383442275,0.00033724358774036753,0.14147,0.0
player_4cee2300b7d7,Ryan Bertrand,2021-2022,Defender,15,6.5317,0.00036326758730515743,0.00268707234047023,0.15769,0.0
player_1c98bb5f86f7,Gonçalo Ramos,2023-2024,Forward,15,6.20872,0.00036319261157092344,0.002435810047559951,0.14471,0.0
player_6b265a603d65,Mats Hummels,2019-2020,Defender,15,5.74637,0.000362755438732785,0.00046757960970466705,0.12227,0.0
player_d2cfe169e083,Nicolò Barella,2024-2025,Midfielder,15,7.24777,0.00036271975668657376,0.00047348560621621904,0.13904,0.0
player_634fcdb1754b,Danilo Pereira,2020-2021,Midfielder,15,6.84737,0.00036271286208764704,0.0008659924325625164,0.13963,0.0
player_ae2845b6d530,Yvan Neyou,2021-2022,Midfielder,16,6.15637,0.00036269999606965516,0.0015756917730803369,0.1285,0.0
player_bc7a84447660,Raúl,2021-2022,Forward,12,5.5973,0.00036261731648641284,0.000863451745098905,0.1515,6e-06
player_11fb8edac237,Iñigo Lekue,2021-2022,Defender,15,7.45328,0.00036238685715224097,0.0007410886550454509,0.1434,0.0
player_fae787f35f26,Thibaut Courtois,2024-2025,Goalkeeper,13,9.31773,0.0003622579581171279,9.394737862282453e-05,0.12074,0.000164
player_220202d978f2,Amir Rrahmani,2023-2024,Defender,15,7.89176,0.00036210640464876654,0.00048103108936364516,0.13679,0.0
player_b1fc5ec65096,Cimo Röcker,2021-2022,Defender,15,6.14616,0.000361895324460852,0.0006528419978971238,0.13923,0.0
player_8deb02fbd5c1,Ainsley Maitland-Niles,2021-2022,Defender,16,7.06364,0.0003618308584244134,0.014043908271797408,0.16219,6e-06
player_d5e7815060a6,Jonny Evans,2021-2022,Defender,16,5.97198,0.00036164541078929934,0.0014511263578487045,0.15377,0.0
player_5fd8ea7c4958,Denis Zakaria,2024-2025,Midfielder,15,7.22831,0.00036151663434456547,0.00031876183902534966,0.14898,0.0
player_028fab7e9301,Fransérgio,2021-2022,Midfielder,15,7.0623,0.0003612176790616185,0.0013087751658621462,0.15646,0.0
player_24dbccbf6805,Marcus Rashford,2017-2018,Midfielder,15,7.54159,0.00036107804160513544,0.001283913557766169,0.14819,0.0
player_af116da11c3a,Enzo Le Fée,2021-2022,Midfielder,15,7.86532,0.0003607211752577701,0.0011258497574038382,0.14487,0.0
player_5d4fa7fcb7fd,Carlos Clerc,2021-2022,Defender,14,7.52108,0.00036059446978709583,0.0015435689219589657,0.15218,0.0
player_c42c97bf0e84,Tobias Raschl,2021-2022,Midfielder,14,6.71201,0.0003605548987676062,0.0010556866096394608,0.15215,0.0
player_b9fba05bd539,Kevin Trapp,2021-2022,Goalkeeper,15,9.53645,0.000360343914112503,0.0008184621938494697,0.10285,0.00028
player_3bf225b76f35,Joshua King,2021-2022,Forward,15,6.6227,0.0003602565364376103,0.0004577174406767626,0.14097,0.0
player_90dd344d913c,Luca Vignali,2021-2022,Defender,13,6.41785,0.0003601298569530232,0.0007628745352509962,0.14344,0.0
player_9ebc3b039b42,Aymeric Laporte,2018-2019,Defender,15,7.32541,0.00036009336844237055,0.0006447702821983456,0.13343,0.0
player_3e5cb78ab848,Abdel Jalil Medioub,2021-2022,Defender,14,6.81588,0.0003599883613418591,0.001297821812482528,0.14584,0.0
player_48c380fc75fb,Kasper Dolberg,2021-2022,Forward,16,6.70828,0.0003599365017342199,0.0014530964378007042,0.14085,0.0
player_9d49c2b8a62f,Chris Smalling,2017-2018,Defender,15,6.06815,0.0003598255854581274,0.0013838993094554425,0.14402,0.0
player_c4ea01ac57d9,Lukas Hradecky,2024-2025,Goalkeeper,14,9.79052,0.0003594780513890619,0.0014600109553993693,0.11408,0.000347
player_3ef9920fb4cb,Marcel Halstenberg,2019-2020,Defender,15,6.55155,0.00035947432290791686,0.00013320993701214227,0.11557,0.0
player_594827264a0c,Dani Rodríguez,2021-2022,Midfielder,15,7.82699,0.0003594116999621811,0.00041243294366412434,0.14491,0.0
player_d5b5b09afad7,Gabriel Veiga,2021-2022,Midfielder,14,6.0254,0.0003593369504682369,0.0005267038065161957,0.15161,0.0
player_86b1daadbfeb,Gianluigi Donnarumma,2024-2025,Goalkeeper,15,9.36456,0.00035924404438789694,0.0033781288290328166,0.09965,0.000274
player_907c0a2e7260,Leroy Sané,2022-2023,Midfielder,15,7.55641,0.000359091368262513,0.0006827530799237946,0.1404,0.0
player_0f6f115f4248,Allan Saint-Maximin,2021-2022,Forward,15,6.98936,0.00035901734152896233,0.0003634902029352952,0.14837,0.0
player_9ebbcb926ae7,Mamadou Coulibaly,2021-2022,Midfielder,15,6.29572,0.0003589786329931849,0.0024004921567920175,0.16252,0.0
player_37f71b355479,Atakan Karazor,2021-2022,Midfielder,15,5.92338,0.0003587162837301502,0.0004539687355420689,0.12837,0.0
player_4a944f6b20b3,Kyle Walker,2020-2021,Defender,15,7.30417,0.0003584484497303436,0.001975211080782386,0.1387,0.0
player_b160afd65d80,Antonio Sánchez,2021-2022,Midfielder,15,6.13533,0.00035835661477525576,0.003962194799665693,0.13041,0.0
player_a96e7c5895a0,Mikel Merino,2021-2022,Midfielder,15,7.74819,0.00035834423110167157,0.0004300043576160124,0.14809,0.0
player_74a0a808dc50,Bernardo Silva,2021-2022,Midfielder,15,7.29265,0.0003581137368241157,0.00042358442604111614,0.14314,0.0
player_3334c07abbe9,Aitor Fernández,2021-2022,Goalkeeper,12,5.5622,0.0003580982555026453,3.8296995205253937e-07,0.07682,0.0
player_97879c2cc159,Lyanco,2021-2022,Defender,15,7.4668,0.0003578179376650167,0.0023554533896326967,0.14714,0.0
player_d302f3bc0cee,Luis Alberto,2021-2022,Midfielder,15,6.69558,0.0003574710869990538,0.0008292022515776785,0.14784,0.0
player_1d5741582336,Hugo Mallo,2021-2022,Defender,16,5.70694,0.0003574430046744164,0.006947911384188432,0.14187,0.0
player_e7d510c72ace,Benjamin Uphoff,2021-2022,Goalkeeper,13,8.38165,0.0003574317891931311,0.0004720807045173335,0.13469,0.000641
player_209ee47e9be1,Christophe Hérelle,2021-2022,Defender,15,8.00338,0.0003573594176981629,0.0008874423477128026,0.14138,0.0
player_24dbccbf6805,Marcus Rashford,2024-2025,Midfielder,15,7.0101,0.00035721728095332745,0.0005814897318907261,0.14406,0.0
player_986a6542ac73,Breel Embolo,2021-2022,Forward,15,7.49925,0.0003571855734668694,0.0003515469939552824,0.14467,0.0
player_a6e225705828,Etienne Green,2021-2022,Goalkeeper,12,5.55618,0.0003571662942593592,4.671832399384382e-07,0.07682,0.0
player_c180921db900,Grigoris Kastanos,2021-2022,Midfielder,15,6.10337,0.00035704905002447676,0.003795222763321429,0.1306,0.0
player_e80e8e281750,Leon Goretzka,2022-2023,Midfielder,15,6.86175,0.00035700351441474723,0.0013822449621641412,0.14485,0.0
player_9181f895c607,Sebastiaan Bornauw,2021-2022,Defender,16,7.70519,0.0003565898519376662,0.0017021807281285125,0.1407,0.0
player_3f777be0f094,Strahinja Pavlovic,2024-2025,Defender,15,5.70043,0.0003565201146558928,0.003031086656174717,0.12765,0.0
player_24b12a2eb907,Aaron Lennon,2021-2022,Midfielder,15,6.37271,0.00035638768281913614,0.0007560499495112247,0.14605,0.0
player_3f3bce919969,Koen Casteels,2021-2022,Goalkeeper,14,9.83619,0.00035637669544148477,0.0004987683193404412,0.10271,0.000351
player_74a0a808dc50,Bernardo Silva,2019-2020,Midfielder,15,7.26072,0.0003562638010710236,0.0010174737472113872,0.14995,0.0
player_5fd8ea7c4958,Denis Zakaria,2020-2021,Midfielder,15,6.82998,0.00035599716953568566,0.00160047667413042,0.153,0.0
player_ea7ef59c7061,Mattia De Sciglio,2018-2019,Defender,14,6.58762,0.0003558402043132209,0.002168356244315054,0.14422,0.0
player_72eb99d56089,Santiago Arias,2021-2022,Defender,15,5.82228,0.0003557266106973778,0.0044920145078207975,0.16803,0.0
player_cd19e79ff75e,Billy Gilmour,2021-2022,Midfielder,15,7.4449,0.0003556449256499561,0.0007272602559804544,0.14107,0.0
player_6b265a603d65,Mats Hummels,2023-2024,Defender,15,5.67635,0.00035550240928060886,0.0005900525064623326,0.12919,0.0
player_ee91c23209cc,Julian Eitschberger,2021-2022,Defender,14,6.30727,0.00035549406479232595,0.0013092682749369137,0.14402,0.0
player_b0c3f89be71f,Luis Hartwig,2021-2022,Forward,12,5.46324,0.000355312637348921,0.0008327718576031026,0.15144,6e-06
player_e1c2923aae2a,Oier Olazábal,2021-2022,Goalkeeper,13,7.61472,0.0003550408771453142,0.0014670350084040802,0.13938,0.002561
player_dd8ae2b58998,Jordan Lotomba,2021-2022,Defender,15,8.16402,0.00035501835196576786,0.0005936016594247214,0.13484,0.0
player_4f191576d3bb,Robin Koch,2021-2022,Defender,14,7.46432,0.00035493164670497837,0.0009993256556116855,0.14084,0.0
player_e997aa699475,Timo Horn,2021-2022,Goalkeeper,14,8.408,0.0003549074672495965,0.0028546485104765738,0.11985,0.011978
player_043d37ac82e0,Koba Koindredi,2021-2022,Midfielder,15,5.8268,0.0003548874765724131,0.0017588248116362768,0.16247,0.0
player_02c696ba6e35,Mike Maignan,2024-2025,Goalkeeper,14,9.99221,0.0003547335147991928,0.0009944209573622654,0.1102,0.000389
player_3d78b96191ee,Luca Zidane,2021-2022,Goalkeeper,14,5.47853,0.0003546758061036558,0.0011429413214714354,0.08319,1e-06
player_9a187c2cc23a,Abdu Conté,2021-2022,Defender,15,7.70611,0.00035466849852134415,0.0012694105609231331,0.14632,0.0
player_65e7906915f1,Davide Faraoni,2021-2022,Midfielder,15,5.66207,0.00035459559279016724,0.0008818178172201083,0.12578,0.0
player_244491437a8b,Mateo Kovacic,2021-2022,Midfielder,15,7.10827,0.000354325047352425,0.0006948308957100255,0.1497,0.0
player_03edb3bb062c,Hirving Lozano,2021-2022,Forward,15,6.69165,0.0003542291495970387,0.0012197665580139763,0.1536,0.0
player_00a57c0d198d,Karol Fila,2021-2022,Defender,15,6.06215,0.0003542171803730436,0.0070124267504593045,0.17278,0.0
player_e516ec6ebfca,Pascal Groß,2021-2022,Midfielder,15,7.38815,0.00035416618183868186,0.0008309032926186881,0.14263,0.0
player_69d4d50d86af,Kristjan Asllani,2024-2025,Midfielder,15,7.02216,0.000354067243985934,0.001435142805937891,0.15959,0.0
player_0f8ace4a2e69,Ilan Kebbal,2021-2022,Midfielder,15,6.96886,0.0003540206596472834,0.0007060091287298446,0.14803,0.0
player_e99c30b072b4,Sebastian Giovinco,2021-2022,Forward,14,4.81201,0.0003540119261627876,0.0009387074152878161,0.16023,0.0
player_698859671092,Ivan Rakitić,2020-2021,Midfielder,14,7.04489,0.00035387956394582675,0.0003500756208500014,0.13641,0.0
player_f9e987c1edde,Raúl Torrente,2021-2022,Defender,14,7.32537,0.0003537894974962584,0.0014332371666073563,0.15199,0.0
player_222c9455db5a,Silvère Ganvoula M'Boussy,2021-2022,Forward,15,5.2501,0.0003537349425840374,0.0013692454183176948,0.16963,0.0
player_99dd9ca537eb,Ruben Loftus-Cheek,2021-2022,Midfielder,15,6.43334,0.0003536104541968761,0.0031009591845479185,0.14773,0.0
player_813ffd06e403,Dayot Upamecano,2023-2024,Defender,14,6.47886,0.0003533691537875371,0.00023940582395189845,0.11598,0.0
player_f2978559a590,Jesper Lindstrøm,2021-2022,Midfielder,15,7.01929,0.00035307252019918224,0.00030497589357053687,0.1406,0.0
player_6fdca0de9517,Oliver Baumann,2021-2022,Goalkeeper,14,8.7787,0.00035298825374047,0.0003284634477369019,0.11077,0.036003
player_907c0a2e7260,Leroy Sané,2024-2025,Midfielder,15,7.02597,0.00035291977807472616,0.0002936624995205018,0.14042,0.0
player_fd93cd080a46,Abdallah Sima,2024-2025,Forward,14,6.08803,0.00035278155962132295,0.0005673932509455987,0.13904,0.0
player_e3bead5d399b,Lorenzo Venuti,2021-2022,Defender,15,7.79698,0.00035275095646448003,0.0006335984533612316,0.13473,0.0
player_cfe1039fd695,Marc-Aurèle Caillard,2021-2022,Goalkeeper,14,8.1577,0.00035273387314624637,0.00313037952758196,0.13906,0.044321
player_4bfb1e37516a,Gianluca Caprari,2021-2022,Midfielder,15,7.0969,0.00035260053044193544,0.00043469778142710824,0.14523,0.0
player_e6089260968a,Kurt Zouma,2021-2022,Defender,15,6.38403,0.00035252312482645824,0.002643177149538789,0.14199,0.0
player_d019cc4524b1,Marius Wolf,2021-2022,Midfielder,15,6.76622,0.00035246933823333197,0.002798139525984567,0.1612,0.0
player_6d1bd0cbca73,Eddie Salcedo,2021-2022,Forward,14,5.46759,0.0003524220331679141,0.0007539082117632287,0.15931,0.0
player_3407a408511d,Randal Kolo Muani,2022-2023,Forward,14,4.81156,0.0003523635464843559,0.0035157244906904865,0.13255,0.0
player_301011f6a95b,Ivan Provedel,2023-2024,Goalkeeper,13,8.22468,0.00035223775334831226,7.263561464116904e-05,0.10516,0.007506
player_e929cfb7b81a,Mathías Olivera,2022-2023,Defender,15,6.48275,0.0003521684263198076,0.0015154807333205027,0.15239,0.0
player_9322d5a0d585,Marcus Thuram,2023-2024,Forward,14,6.11288,0.0003520781467539069,0.001057473803502798,0.14315,0.0
player_995bf053c469,Marcelo,2021-2022,Defender,15,7.09848,0.0003519621052013166,0.000860633192977721,0.14245,0.0
player_077b663928b5,Fali,2021-2022,Defender,14,6.794,0.0003518921010380189,0.0005457895212940259,0.14625,0.0
player_ffb988e49190,Roman Bürki,2018-2019,Goalkeeper,14,8.13905,0.0003518372216181651,0.000465583933605511,0.10976,0.011065
player_cf015b87bfe0,Teemu Pukki,2021-2022,Forward,14,6.85617,0.00035163879677654517,0.00037676355001920445,0.13892,0.0
player_07ca7da61a85,Juan Musso,2021-2022,Goalkeeper,14,5.40048,0.0003515973267352,0.0010701535164207422,0.08319,1e-06
player_698859671092,Ivan Rakitić,2019-2020,Midfielder,15,6.96346,0.0003514358954394825,0.00048126788133111064,0.14245,0.0
player_88341804fff5,Laurens Serpe,2021-2022,Defender,15,5.80767,0.00035138555002044245,0.00495324407645771,0.14992,0.0
player_49b53929d414,Hicham Boudaoui,2021-2022,Midfielder,15,6.3769,0.0003510367302407953,0.0010523093504348955,0.15785,0.0
player_b86f4f1a4fd5,Kévin N'Doram,2021-2022,Midfielder,14,7.26736,0.0003509843924896152,0.0007740989916687788,0.14816,0.0
player_089becae4a99,Cucho,2021-2022,Forward,15,7.0302,0.00035071882564039104,0.000991767524063526,0.15337,0.0
player_f38b22e56f7f,Harold Moukoudi,2021-2022,Defender,15,7.88302,0.0003505792275413678,0.00033887449473136424,0.13198,0.0
player_97df4ea6a1b0,Raúl Guti,2021-2022,Midfielder,14,6.11628,0.00035055192606242114,0.00015503672360210846,0.11909,0.0
player_6931a7152678,Jamal Musiala,2023-2024,Midfielder,15,7.02281,0.00035050662821192735,0.0021258758262021784,0.14726,0.0
player_56c3fe86c23e,Dion Lopy,2021-2022,Midfielder,14,7.32856,0.00035049537789918843,0.00024238434593901187,0.1367,0.0
player_1e161d999190,Miguel Veloso,2021-2022,Midfielder,15,5.73142,0.0003503931013854415,0.0008965178038281534,0.13232,0.0
player_dcf18247f4df,Aaron Wan-Bissaka,2021-2022,Defender,14,8.09739,0.00034986298899856164,0.0002056641878141461,0.13014,0.0
player_e582277f703c,James Milner,2022-2023,Midfielder,14,6.58831,0.0003497793599101907,0.0012114086178921903,0.15263,0.0
player_709f5e1c5dc5,Yohann Magnin,2021-2022,Midfielder,14,6.90264,0.0003496784760919326,0.0006515546973247139,0.14081,0.0
player_9a21509db3ec,Giovani Lo Celso,2017-2018,Midfielder,15,7.41443,0.00034965048122265543,0.000311247425672664,0.13998,0.0
player_17e470b775b9,Francesco Di Tacchio,2021-2022,Midfielder,14,7.3707,0.0003495927738558319,0.0002591927669835884,0.13838,0.0
player_0f1983eb3c68,Wissam Ben Yedder,2017-2018,Forward,14,4.79957,0.00034954774428685444,0.0006989690409276152,0.12957,0.0
player_fced907a374a,Ellyes Skhiri,2021-2022,Midfielder,14,6.3287,0.0003493965743535347,0.00039249064968906633,0.1397,0.0
player_04a991779ce1,Willy Boly,2021-2022,Defender,14,6.9642,0.0003492995355707437,0.0007951185095947612,0.15411,1e-06
player_31f166f5603f,Hiroki Ito,2021-2022,Defender,15,7.31597,0.00034929392639130344,0.001078055152078597,0.13817,0.0
player_a8f4e42ccca9,David Zima,2021-2022,Defender,15,6.72907,0.0003492656442437133,0.0014388744432056726,0.15453,1e-06
player_9ebc3b039b42,Aymeric Laporte,2019-2020,Defender,14,5.99913,0.00034918943495436963,0.001343419213901998,0.14535,0.0
player_4d4e1a3f04ba,Joël Veltman,2021-2022,Defender,15,8.0605,0.00034913382756206847,0.0004383635011752754,0.13757,0.0
player_d46337aaf7fc,Marvin Friedrich,2021-2022,Defender,14,6.07673,0.00034905459244122093,6.37796244803424e-05,0.11515,0.0
player_8c079030f388,Matthis Abline,2021-2022,Forward,14,4.86116,0.000348968363298205,0.0015999870162537826,0.15688,0.0
player_f41650cd81e3,Tete Morente,2021-2022,Midfielder,15,7.39047,0.0003488330766415726,0.002003868101790502,0.15817,0.0
player_31fb43479a11,Håvard Nielsen,2021-2022,Forward,15,6.33296,0.00034882513779448376,0.0012132939749200866,0.15723,0.0
player_e2beeda1f526,Lluís Recasens,2021-2022,Defender,15,5.55531,0.000348805591262919,0.0006642434174663836,0.14525,0.0
player_8fd35f49e28c,Kalidou Koulibaly,2019-2020,Defender,14,5.69731,0.0003487495983289728,0.002321043491689683,0.13178,0.0
player_40d69f63ca05,João Félix,2021-2022,Forward,14,4.83803,0.0003487484364510672,0.0019100899197154126,0.13108,0.0
player_ddc595d072d4,Karl Toko Ekambi,2021-2022,Forward,14,6.77742,0.00034870332344836375,0.00023861923705738774,0.12851,0.0
player_d2cfe169e083,Nicolò Barella,2022-2023,Midfielder,15,6.88564,0.00034847194534174184,0.0023405527798929303,0.1517,0.0
player_b97dacb63927,Lennart Grill,2021-2022,Goalkeeper,13,8.12558,0.0003483635175904779,0.001734591364242817,0.13815,0.000365
player_b6db818376eb,Gareth Bale,2017-2018,Forward,14,6.32659,0.0003482984431043545,0.0009021670642593176,0.13613,0.0
player_e80e8e281750,Leon Goretzka,2024-2025,Midfielder,14,6.27562,0.00034811836428951963,0.0007080748963583938,0.13711,0.0
player_7af62d936b51,Demarai Gray,2021-2022,Midfielder,15,7.15735,0.00034808009563723415,0.00031799704869468634,0.14181,0.0
player_7dc6c2fc3bfa,Christoph Kramer,2020-2021,Midfielder,14,6.463,0.00034799834201670453,0.0009025955218986185,0.14899,0.0
player_d626e9927e67,Jon Guridi,2021-2022,Midfielder,15,4.60896,0.000347919466313496,0.0013739632945580329,0.16667,0.0
player_a92e5405e6e2,Wilfred Ndidi,2021-2022,Midfielder,14,7.01475,0.0003478752841788822,0.00036673297718527506,0.14613,0.0
player_273b55f4c4d7,Gabriel Vidovic,2021-2022,Midfielder,13,6.0959,0.0003478645462792538,0.003783194513053916,0.15214,2e-06
player_daa6924f8d41,Kiliann Sildillia,2021-2022,Defender,14,6.02754,0.0003478609622691902,0.0005030456141142795,0.15743,0.0
player_69a0717472db,João Cancelo,2020-2021,Defender,14,5.51088,0.0003476883676097225,0.0009115815553144881,0.12489,0.0
player_053afce6ba98,Raheem Sterling,2022-2023,Forward,15,6.58675,0.00034757921772908074,0.0010005204646052394,0.13642,0.0
player_8ecc3aa3b0c4,Thiago Silva,2019-2020,Defender,14,6.5912,0.00034749188593993617,0.0003597098959397862,0.12828,0.0
player_2779cb5cbef0,Elseid Hysaj,2023-2024,Defender,13,6.00302,0.0003474561588738205,0.00039745714006878636,0.14811,0.0
player_a26a8a73bbd2,Flavien Tait,2021-2022,Midfielder,15,7.27884,0.00034745407022848885,0.000868625842967256,0.1466,0.0
player_e196de6d7e92,Sofiane Diop,2021-2022,Midfielder,14,7.11922,0.0003471933164219284,0.0003500407550392724,0.15063,0.0
player_acd4b644003d,Benjamin Mendy,2021-2022,Defender,14,6.0807,0.00034689705783432385,0.0010342636349221417,0.1603,0.0
player_df4f9eda9c89,Benjamin Pavard,2024-2025,Defender,14,6.48849,0.0003468741129951154,0.0008610178022096426,0.13867,0.0
player_3365e7eb8e9e,Thomas Müller,2023-2024,Midfielder,14,6.71394,0.0003467799583790294,0.0002931358153795416,0.1307,0.0
player_c060502aa1f6,Myron Boadu,2021-2022,Forward,15,6.3075,0.0003467570181474266,0.0007054086423001407,0.14097,0.0
player_8fd35f49e28c,Kalidou Koulibaly,2022-2023,Defender,14,5.39532,0.00034672773133101876,0.0012413982140084007,0.13032,0.0
player_6a9c1e000381,Cristian Romero,2021-2022,Defender,14,6.10196,0.0003466898714587418,0.002015895633581773,0.14998,0.0
player_6bac7101f32a,Yacine Qasmi,2021-2022,Forward,14,5.28993,0.0003465874493607174,0.007514534436514455,0.16358,1e-05
player_937f260ae36a,Todd Cantwell,2021-2022,Midfielder,14,6.72093,0.0003465662167906417,0.0013508043214526765,0.15153,0.0
player_d0f6f95a31c2,Gian-Luca Itter,2021-2022,Defender,14,7.46161,0.00034652633264571826,0.0006433381100634412,0.14568,0.0
player_70fa7d2016cc,Houssem Aouar,2019-2020,Midfielder,15,6.81405,0.00034646334996187077,0.0019342010916925361,0.15026,0.0
player_c48739e781f2,Romain Faivre,2024-2025,Midfielder,16,6.79514,0.00034625992781980077,0.0016094590365176018,0.15568,0.0
player_f65f9d5832a1,Yvann Macon,2021-2022,Defender,15,6.94031,0.00034592018923668735,0.0018972641272660589,0.15042,0.0
player_c69b4515a317,Raphaël Guerreiro,2021-2022,Midfielder,14,6.37361,0.00034584386845958894,0.0017449665009855286,0.14465,0.0
player_1a742f02f2cc,Thomas Lemar,2018-2019,Midfielder,14,6.61048,0.00034581186004721743,0.0005400210871020594,0.1489,0.0
player_bc9fc1d416b9,Eiji Kawashima,2021-2022,Goalkeeper,13,9.52946,0.0003458047671001735,0.00029230241263734837,0.11836,0.000305
player_7c8874638aa7,Ibrahima Sissoko,2021-2022,Midfielder,15,6.89546,0.00034580367083618624,0.00125684525392206,0.1558,0.0
player_983d099d1aa2,Pierre Lees-Melou,2021-2022,Midfielder,14,7.01309,0.0003457305359446723,0.0003926024182596754,0.14487,0.0
player_6de260a43ab5,Christian Eriksen,2018-2019,Midfielder,14,6.85386,0.0003455768292032122,0.00030866775052629567,0.13639,0.0
player_b77304495829,Wojciech Szczesny,2024-2025,Goalkeeper,14,8.65883,0.0003454934555493244,0.002066947156787062,0.12329,0.000213
player_8764c335b0a0,Emre Can,2023-2024,Midfielder,14,6.21675,0.00034548773748725546,0.0010940769000813604,0.14674,0.0
player_cf597a337234,Jérôme Boateng,2019-2020,Defender,16,5.66264,0.0003450592654373278,0.00409637512151871,0.13022,0.0
player_c4ea01ac57d9,Lukas Hradecky,2021-2022,Goalkeeper,13,9.42474,0.00034475246341135745,0.0011587253546932151,0.11408,0.000333
player_380299e83f88,Marvin Plattenhardt,2021-2022,Defender,14,6.42381,0.00034471947829195124,0.002357515935429058,0.14807,0.0
player_5fbb6d3d9e11,Eric Bailly,2021-2022,Defender,14,6.04295,0.00034449141352550783,0.0022421475657436476,0.16064,0.0
player_bf0217834e03,Albin Ekdal,2021-2022,Midfielder,15,5.11458,0.00034427633393076674,0.004096793600085443,0.14383,0.0
player_e8ace7d38552,Cesc Fàbregas,2021-2022,Midfielder,15,4.4536,0.00034420365146168967,0.010641504451473788,0.17098,0.0
player_9cb49197e15b,Alexis Sánchez,2017-2018,Forward,14,6.73551,0.0003441353581053338,0.0004979292489838075,0.13736,0.0
player_89ee52c919c2,Martin Erlic,2021-2022,Defender,14,7.22277,0.0003440832633383825,0.000637307699290275,0.13727,0.0
player_fdfa387c1f3a,Rui Patrício,2024-2025,Goalkeeper,13,8.16114,0.00034405458766338735,0.0012079789675037422,0.12965,0.00059
player_f8a0cbe3285a,Marvin Schwäbe,2021-2022,Goalkeeper,14,8.22024,0.00034403155758406395,0.002617598673150166,0.12182,0.016426
player_1b2776bd443c,Quentin Boisgard,2021-2022,Midfielder,15,6.42242,0.00034398793250179656,0.0053555031257700135,0.1652,0.0
player_1dcb0278eb3e,Cody Drameh,2021-2022,Defender,13,5.81388,0.00034398742677007666,0.0005023107780205265,0.16588,0.0
player_dec6a43f91eb,Nuno Mendes,2021-2022,Defender,14,6.82639,0.0003439255619804841,0.0013445124483796556,0.13668,0.0
player_88fb980c8621,Enzo Fernández,2022-2023,Midfielder,14,6.39357,0.0003434952419267727,0.00045936839978309854,0.13719,0.0
player_48d064d0b8f1,Calvin Stengs,2021-2022,Midfielder,15,7.05539,0.0003430421670327863,0.001175469200327397,0.14854,0.0
player_2a7f7a990779,Enzo Crivelli,2021-2022,Forward,15,4.87326,0.00034295486216629487,0.009419133951266109,0.16988,6e-06
player_99f86d3e0871,Alex Iwobi,2021-2022,Midfielder,14,6.37193,0.00034295172813076833,0.0008751659541895116,0.13753,0.0
player_498e6e8d1a28,Emil Krafth,2021-2022,Defender,14,6.98498,0.00034288957941901426,0.0013482965650702665,0.14605,0.0
player_4a944f6b20b3,Kyle Walker,2018-2019,Defender,14,6.98865,0.0003428347916947978,0.0004386070873932437,0.12925,0.0
player_b36d7acc0986,Alassane Sidibe,2021-2022,Midfielder,13,6.13783,0.0003428201236859188,0.0010137033532498228,0.13859,1e-06
player_6797bdaada0e,Antoine Griezmann,2018-2019,Forward,14,6.88176,0.00034275924866726033,0.0001402821709096009,0.13057,0.0
player_deeb39327c57,Nico Ribaudo,2021-2022,Midfielder,15,5.32374,0.00034253120401213924,0.001215847659704577,0.12708,0.0
player_0b7f8162c6d2,Afimico Pululu,2021-2022,Forward,13,4.72139,0.00034251279780664345,0.00033298115652551904,0.15669,0.0
player_8566c6c47df2,Malo Gusto,2021-2022,Defender,14,6.25695,0.0003425003508380133,0.0015128359856222233,0.15078,0.0
player_27547d7471b4,Nicolas Viola,2021-2022,Midfielder,14,5.58499,0.00034230465529884306,0.0017182332757322977,0.16269,0.0
player_ec878b562dc2,Waldemar Anton,2021-2022,Defender,14,6.36293,0.0003421053413136269,0.0004381740288081656,0.11569,0.0
player_58308b8fd7c3,Zidan Sertdemir,2021-2022,Midfielder,13,4.98271,0.00034208609766090965,0.0025507199284191115,0.15503,0.0
player_e683ca42c21a,Harry Kane,2022-2023,Forward,13,6.23348,0.00034197723013875303,7.411731207341008e-05,0.12454,0.0
player_446c1871c75c,Lucas Tousart,2019-2020,Midfielder,15,7.36249,0.0003418573690327959,0.00039165681104849344,0.1481,0.0
player_e40895bcea5e,Jonas Lössl,2021-2022,Goalkeeper,12,7.36302,0.0003418289271358218,0.0010563324744066545,0.13983,0.001339
player_806652398305,Tariq Lamptey,2021-2022,Defender,15,7.22581,0.00034161592923162093,0.0015077525040842134,0.14542,0.0
player_1f31a744733a,Aimen Moueffek,2021-2022,Midfielder,14,6.19854,0.00034141634983045766,0.0013608254084874624,0.15388,0.0
player_080eafab6dcf,Vassilis Lambropoulos,2021-2022,Defender,14,7.36195,0.0003411645554666402,0.0017516908600173702,0.13819,0.0
player_01c7097776c6,Takuma Asano,2021-2022,Midfielder,14,7.10308,0.00034100908294571033,0.0004652848737520916,0.14252,0.0
player_970c1c6ca6b3,Stéphane Bahoken,2021-2022,Forward,15,6.34866,0.0003409540426298141,0.001459046195359303,0.15141,0.0
player_0702e6dee64e,Lionel Messi,2018-2019,Forward,14,6.14416,0.0003408458471470442,0.0006611478059059364,0.1377,0.0
player_0b5197b2f011,Roberto Navarro,2021-2022,Midfielder,14,5.28639,0.00034083470171440846,0.000561362304168472,0.15809,0.0
player_58e10e42c61e,Carlos Akapo,2021-2022,Defender,13,7.11415,0.0003408138505944851,0.0011505846433745896,0.14215,0.0
player_05725319ded7,Maximilian Arnold,2022-2023,Midfielder,14,7.15115,0.00034078434606067334,0.0004012129587331253,0.14644,0.0
player_7f1fe292fe92,Virgil van Dijk,2024-2025,Defender,14,6.99179,0.0003405638450417997,0.0004181613749961385,0.12851,0.0
player_c022e1365b0f,Daniel Villahermosa,2021-2022,Midfielder,12,6.12262,0.000340546011941055,0.0004441217752610406,0.14066,1e-06
player_ee95ac81eabe,Alberto Perea,2021-2022,Midfielder,14,6.47853,0.00034029564142759643,0.0011390834117510867,0.15201,0.0
player_3fe05fd99986,Riccardo Marchizza,2021-2022,Defender,14,6.98967,0.00034009562648870407,0.0042110548088070575,0.15507,0.0
player_ae845fc0c991,Eric Dier,2022-2023,Defender,14,6.8953,0.0003399308827113662,0.0005959645895489343,0.13194,0.0
player_5657a6446c66,Rodrigo De Paul,2023-2024,Midfielder,14,6.8993,0.0003394673587225948,0.0003518865275940619,0.14477,0.0
player_6d10471f4525,Iddrisu Baba,2021-2022,Midfielder,14,6.54295,0.0003393365113890784,0.0006314199429119241,0.14951,0.0
player_46cb40011cbb,Kevin Kampl,2020-2021,Midfielder,14,6.09472,0.00033933444410502755,0.0005191150792806348,0.1414,0.0
player_27e961fc1a27,Domenico Criscito,2021-2022,Defender,15,6.09348,0.0003392891370069387,0.002966576565556652,0.15698,0.0
player_31a7e336f8fc,Saîf-Eddine Khaoui,2021-2022,Midfielder,14,6.29005,0.0003392411507818635,0.0016140915161312669,0.15334,0.0
player_ed52ac169a9e,Kylian Mbappé,2017-2018,Forward,14,5.90365,0.00033919399189811936,0.000767482516751679,0.14179,0.0
player_5d51ac6002bb,Francesco Acerbi,2020-2021,Defender,14,5.38586,0.0003391768923657295,0.0005773375391084675,0.12595,0.0
player_832b60b6cea2,Tanguy Ndombele,2018-2019,Midfielder,14,6.70446,0.00033911259321188725,0.00037927100949179985,0.14687,0.0
player_7cf31521dc19,Stefan Radu,2021-2022,Defender,13,5.82627,0.00033896828040744464,0.0009265744246434656,0.15496,0.0
player_8eb96eb40825,Tuta,2022-2023,Defender,14,6.90558,0.00033872714845250684,0.0012650442011863734,0.14337,0.0
player_2ec4da09e73a,Takumi Minamino,2024-2025,Midfielder,14,7.31581,0.00033859205966576384,0.00037367747944740603,0.14427,0.0
player_28b49ba07dba,Ki-Jana Hoever,2021-2022,Midfielder,14,6.09788,0.00033847175583998735,0.006814111987001207,0.16277,0.0
player_2be4f59babfd,Arkadiusz Milik,2021-2022,Forward,14,6.31256,0.0003384417171430186,0.0008057971045491598,0.1436,0.0
player_f94df3a7f1ee,Leandro Trossard,2024-2025,Forward,13,4.71366,0.00033825149750647555,0.00037345986504411715,0.11915,0.0
player_683a37baa975,Jamie Gittens,2024-2025,Midfielder,15,6.56586,0.00033816908144138037,0.0008840339887536573,0.14765,0.0
player_916db7e744f4,Samuel Mráz,2021-2022,Forward,13,4.55984,0.00033815354390272516,0.0028332630253164407,0.1634,0.0
player_7294311ccf12,Ashley Barnes,2021-2022,Forward,15,5.76441,0.00033759735176088927,0.0010753387700812992,0.16156,0.0
player_e29d5203510a,Jonathan Tah,2021-2022,Defender,14,6.45581,0.0003375683178293519,0.0006264700435967412,0.1317,0.0
player_907c0a2e7260,Leroy Sané,2018-2019,Midfielder,14,6.41954,0.0003375290158211899,0.00026517260510790474,0.13325,0.0
player_a79ec224e3c3,Anthony Lopes,2019-2020,Goalkeeper,13,8.88538,0.0003374832837860063,0.003933319320246406,0.12639,0.000271
player_85cae250f476,Janni Serra,2021-2022,Forward,14,6.70288,0.00033740036511070644,0.001817502874321517,0.15552,0.0
player_2d780276d3e9,Abdoulaye Sylla,2021-2022,Defender,13,5.59958,0.0003373500838670912,0.0005168050540897377,0.16531,0.0
player_feee148820c1,Flavius Daniliuc,2021-2022,Defender,14,6.92314,0.0003369728752186889,0.0011634344816386628,0.13686,0.0
player_514744d00cf0,Mitchel Bakker,2021-2022,Defender,14,6.20786,0.0003369313789187313,0.0005902595616417371,0.14622,0.0
player_9373aace6ca9,Lorenzo Tonelli,2021-2022,Defender,12,5.90197,0.0003368345272380334,0.00033137737468620675,0.148,0.0
player_8b18a98f9a34,Santiago Ascacíbar,2021-2022,Midfielder,14,6.76135,0.0003367897915411861,0.0014404180302129608,0.14507,0.0
player_75c8e2fae173,Alexander Sørloth,2021-2022,Forward,14,6.44355,0.0003367373152806818,0.00043026626822285794,0.1488,0.0
player_af3076084984,Mark Flekken,2021-2022,Goalkeeper,14,8.97717,0.00033664857968061985,0.00022450500990312832,0.11396,0.153038
player_44824875959d,Ryan Fraser,2021-2022,Midfielder,14,6.92824,0.0003364499219369357,0.000545726877398036,0.14574,0.0
player_25167823fe09,Maxime Gonalons,2021-2022,Midfielder,14,6.43894,0.00033643817853925873,0.0012799310052757215,0.14808,0.0
player_04847a03f721,Thomas Partey,2018-2019,Midfielder,15,5.51582,0.0003363707776045313,0.0006671477876650967,0.13484,0.0
player_9322d5a0d585,Marcus Thuram,2024-2025,Forward,13,5.91524,0.0003361698842031318,0.00039946080698340705,0.13741,0.0
player_c71870dca5b8,David Ospina,2021-2022,Goalkeeper,13,8.40605,0.00033599667856235705,0.00021278286201918196,0.11369,0.034849
player_04ea38897e41,Ashley Young,2017-2018,Defender,15,6.18751,0.0003356695310513453,0.0024925416183848013,0.15186,0.0
player_1933020be491,Lee Kang-in,2023-2024,Midfielder,14,6.85573,0.0003355040434133674,0.0008811370083146464,0.1476,0.0
player_f070f8e348b8,Kingsley Coman,2019-2020,Midfielder,14,6.609,0.00033547459310814267,0.0007756611631857732,0.14671,0.0
player_c0ffa3a41788,Dominic Calvert-Lewin,2021-2022,Forward,14,6.83171,0.00033539102917005546,0.00040999112970873384,0.14688,0.0
player_c842a72bbd26,Salvatore Sirigu,2021-2022,Goalkeeper,14,8.74854,0.00033534546816992456,0.002684059615113057,0.12422,0.133287
player_391f4e15d88a,Gonzalo Melero,2021-2022,Midfielder,15,5.6076,0.00033509523947622145,0.001367109172036093,0.15554,0.0
player_2a41482533c7,João Moutinho,2021-2022,Midfielder,14,6.3326,0.0003349907080570779,0.000679266858688421,0.1407,0.0
player_1a742f02f2cc,Thomas Lemar,2019-2020,Midfielder,13,5.89506,0.000334966178486845,0.00040679757218569263,0.14658,0.0
player_9e697d0f3e3c,Mateo Klimowicz,2021-2022,Forward,14,5.50574,0.0003348266301869153,0.0016318810227934624,0.16418,0.0
player_0371b199ec66,Javier Llabrés,2021-2022,Midfielder,15,5.00037,0.00033481853792268623,0.007812229552644343,0.1652,0.0
player_747ecc7c4f48,Alvaro Sanz,2021-2022,Midfielder,12,5.15736,0.0003347829951215648,0.0022786090530600733,0.14343,0.0
player_51d54da47da8,Jay Rodriguez,2021-2022,Forward,14,6.11741,0.0003347203473623046,0.0007989461838036152,0.15334,0.0
player_94626ad9bc9e,Sergi Darder,2021-2022,Midfielder,14,6.59824,0.0003347079910243435,0.0004632472483644621,0.14165,0.0
player_1f38e7ec9f0a,M'Baye Niang,2021-2022,Forward,14,6.06823,0.00033470301042737874,0.0014235451145698272,0.16023,0.0
player_7ec8d917aae2,Christian Benteke,2021-2022,Forward,14,6.83902,0.00033442148532724644,0.0006324356294988367,0.14964,0.0
player_ac8dbc13a740,Idrissa Gueye,2020-2021,Midfielder,14,6.22724,0.00033439799811112603,0.0008298256612676951,0.14519,0.0
player_61d50ee4dec1,Morten Frendrup,2021-2022,Midfielder,14,5.78516,0.00033432634510873865,0.0017733628208542493,0.16294,0.0
player_007eb9e9eca6,Andreas Linde,2021-2022,Goalkeeper,12,7.92365,0.0003342757604170552,0.0012550498208768791,0.12709,0.038773
player_da04288c75e7,Sam Lammers,2021-2022,Forward,14,6.13416,0.00033420855049192804,0.0011300989043307565,0.15655,0.0
player_424e2757f005,Abdul Majeed Waris,2021-2022,Midfielder,15,4.93984,0.00033412346848291986,0.002302736883762742,0.16516,0.0
player_d7aa74009f86,Oier Zarraga,2021-2022,Midfielder,14,6.70418,0.0003339904874099143,0.0011473770520780793,0.14815,0.0
player_eaeb293a1420,Corentin Tolisso,2017-2018,Midfielder,14,6.88208,0.00033398143794843664,0.00043133471770508505,0.14138,0.0
player_721cdd34be98,Léo Dubois,2019-2020,Defender,13,5.81768,0.0003339558778383747,0.0033217916557077704,0.14427,0.0
player_e3bff0bd1030,Mike van der Hoorn,2021-2022,Defender,14,5.49883,0.00033391061897768566,0.0008131345654851326,0.13953,0.0
player_9253d0a561d6,Marten Winkler,2021-2022,Midfielder,13,4.88135,0.0003337012133218803,0.00023976952919641862,0.14575,0.0
player_8117d49a19b1,Álex Remiro,2021-2022,Goalkeeper,13,8.97281,0.0003337007685711069,0.0003061425567875341,0.11238,0.103771
player_b7d9b246626e,Redwan Bourles,2021-2022,Midfielder,13,5.74153,0.0003334495485437728,0.001803565617130621,0.14237,1e-06
player_d477d15349db,Ben Davies,2020-2021,Defender,13,6.04753,0.00033331361937370934,0.001475112363327142,0.14284,0.0
player_a5d35d9c1d3e,Sèrge Aurier,2021-2022,Defender,14,6.14588,0.0003332589553463139,0.0013697091757269091,0.14315,0.0
player_99f45ede9ec0,Péter Gulácsi,2020-2021,Goalkeeper,14,9.01482,0.000333192663073657,0.00012441360172587724,0.10525,0.000321
player_762409413012,Timo Hübers,2021-2022,Defender,14,7.0892,0.0003331278641968959,0.0004119725362691844,0.14142,0.0
player_4f3eec577141,Wilfried Singo,2021-2022,Midfielder,14,5.42323,0.0003331183214733062,0.0004502179919801717,0.12564,0.0
player_7946ae85f05b,Tonny Vilhena,2021-2022,Midfielder,14,6.69367,0.00033308415453465497,0.0006172804488527114,0.15112,0.0
player_b175ca4bdec5,Suat Serdar,2021-2022,Midfielder,14,6.64192,0.0003330759906668554,0.0003197498784315485,0.14484,0.0
player_d477d15349db,Ben Davies,2022-2023,Defender,14,6.32896,0.0003329478689059661,0.00047025070692584714,0.14324,0.0
player_0160e69ce3cd,Rodrigo Battaglia,2021-2022,Midfielder,13,6.71108,0.0003329156266242199,0.00023389476282386907,0.14426,0.0
player_0d7013a3eec5,Javairô Dilrosun,2021-2022,Midfielder,14,6.5011,0.00033283627009999265,0.001191013942553084,0.15034,0.0
player_ff551ee79703,Unai Dufur,2021-2022,Defender,14,5.67487,0.0003327363291921588,0.0011552568966315285,0.15429,0.0
player_6bcea81cedf9,Yannick Gerhardt,2021-2022,Midfielder,14,6.42932,0.0003326713724443034,0.0011231225042437935,0.15006,0.0
player_e231c9fb8506,Andrea Petagna,2021-2022,Forward,15,5.68911,0.00033251923164145475,0.0013856228360005312,0.15707,0.0
player_c2f051f414e3,Liam McCarron,2021-2022,Defender,12,5.17486,0.0003324010905214499,0.0002460601196101285,0.13217,0.0
player_a055d3e58c07,Robert Lewandowski,2017-2018,Forward,13,5.87241,0.00033226725545367007,0.0005220173986693667,0.13227,0.0
player_0c58cc3667ce,Fredrik André Bjørkan,2021-2022,Defender,12,6.15825,0.00033223865545661065,0.0005465286079191665,0.15404,0.0
player_29d5ce7b5f1f,José Luis Morales,2021-2022,Forward,14,6.40368,0.00033215378705728205,0.00025587598594924144,0.14354,0.0
player_5bfe40b0828c,Kostas Manolas,2018-2019,Defender,14,6.69636,0.000332095673193476,0.001642106136813877,0.13945,0.0
player_57c340774712,Peter Pekarík,2021-2022,Defender,13,6.34719,0.0003320617165729232,0.0018614567451724381,0.13573,0.0
player_b239c0f50d02,Alex Meret,2022-2023,Goalkeeper,13,7.44375,0.00033196558965540977,0.00024008397635143767,0.10544,0.004597
player_27bbd7ad5c31,Kevin Akpoguma,2021-2022,Defender,14,6.11688,0.0003318842418195233,0.0015967353569193946,0.15424,0.0
player_0294b6f18716,Justin Hoogma,2021-2022,Defender,13,6.47309,0.00033149429092616325,0.00018668103086850823,0.13438,0.0
player_8ecc3aa3b0c4,Thiago Silva,2018-2019,Defender,13,6.54991,0.0003314135858122272,0.0003627603751342955,0.1283,0.0
player_d6f16266352f,Adrien Rabiot,2019-2020,Midfielder,14,5.30602,0.00033132275323245037,0.00020137759253621994,0.12604,0.0
player_4a944f6b20b3,Kyle Walker,2023-2024,Defender,13,6.50929,0.00033127125570907263,0.00032904944932203215,0.13515,0.0
player_eba6ecb3af7e,Cristián Zapata,2020-2021,Defender,14,5.92035,0.0003309665676265214,0.0026783092221119614,0.15279,1e-06
player_24e03ff0bf66,Florin Andone,2021-2022,Forward,14,4.83667,0.0003309468032735101,0.005801791196717094,0.17202,0.0
player_e1033e9346b6,Diant Ramaj,2021-2022,Goalkeeper,12,7.66952,0.0003307794858399977,0.001414808513266741,0.13814,0.000354
player_bd5bbba9a324,Mario Lemina,2021-2022,Midfielder,13,5.03415,0.0003306984285630192,0.0006444942116944688,0.1347,0.0
player_e1bc7867a2b2,Romain Thomas,2021-2022,Defender,13,6.03341,0.00033045532030943675,0.0002452859416590514,0.13784,0.0
player_7b215522a8dd,Guillermo Maripán,2021-2022,Defender,14,7.19737,0.0003301727974619482,0.00127741461461591,0.14197,0.0
player_eb7cb17f1598,Denzel Dumfries,2024-2025,Midfielder,14,6.00203,0.00032984358777055317,0.0020618250792867965,0.15869,0.0
player_21d7e9a8bc6d,José Ángel,2021-2022,Defender,14,5.84844,0.0003298273210661493,0.0005607243737022973,0.12249,0.0
player_74a0a808dc50,Bernardo Silva,2020-2021,Midfielder,14,6.33318,0.0003297475355029234,0.0025276274965816063,0.15603,0.0
player_f73e3d35b853,Simone Trimboli,2021-2022,Midfielder,12,4.11541,0.0003296400545565075,0.0006932737786712057,0.17178,3e-06
player_73da289489e2,Arnór Sigur?sson,2021-2022,Midfielder,14,5.93229,0.0003295956897535653,0.001980833786526218,0.15007,0.0
player_40d69f63ca05,João Félix,2022-2023,Forward,13,4.58441,0.00032953366761112173,0.0006477343864261897,0.12512,0.0
player_483700c69e05,Franck Ribéry,2018-2019,Forward,13,5.5088,0.0003292671239685359,0.0007929221205062514,0.15149,0.0
player_0ca5baf95c84,Álvaro Fernández,2021-2022,Goalkeeper,12,7.92958,0.000329253498400687,0.0018806070759653563,0.12704,0.05644
player_d7decf520ee6,Radamel Falcao,2021-2022,Forward,14,5.77907,0.0003291777870915719,0.0016431342513631426,0.1479,0.0
player_457a4bc6ea3d,Florian Neuhaus,2020-2021,Midfielder,14,6.84797,0.0003291774913897265,0.0007633555464068544,0.14814,0.0
player_7c3109114f6a,Leo Fuhr Hjelde,2021-2022,Defender,13,5.92203,0.0003288832930828307,0.002579627800275428,0.14561,0.0
player_9c6c2c94d7f0,Alassane Pléa,2021-2022,Forward,13,6.34793,0.00032860611066393353,0.000511022329230743,0.14001,0.0
player_788dbb4eb485,Lucas Beraldo,2023-2024,Defender,15,5.15001,0.0003284443356847257,0.008202126109255033,0.13957,0.0
player_04ea38897e41,Ashley Young,2021-2022,Defender,14,5.92415,0.00032840842876547145,0.004023404197649882,0.14845,0.0
player_353f1e4b5f8d,Olivier Giroud,2022-2023,Forward,12,4.49205,0.0003283292481001649,0.00029543102204843824,0.12472,0.0
player_cde48775fa98,Youssouf Koné,2021-2022,Defender,14,5.56119,0.00032825137829361025,0.00029473863444300135,0.12399,0.0
player_ace1ee754005,Leonardo Capezzi,2021-2022,Midfielder,12,5.15215,0.00032817699806105737,0.0018255476045233976,0.16394,0.0
player_2779cb5cbef0,Elseid Hysaj,2021-2022,Defender,14,5.72393,0.0003281619080692398,0.0007602433454228403,0.13798,0.0
player_c9aeff85abd9,Paul Bernardoni,2021-2022,Goalkeeper,12,7.84906,0.0003281614057964984,2.0776301213837556e-05,0.1119,0.000187
player_41f9dce758ac,Dani Olmo,2019-2020,Midfielder,14,5.87452,0.0003280960078601218,0.0030769446789984385,0.15446,0.0
player_8ecc3aa3b0c4,Thiago Silva,2021-2022,Defender,14,6.33225,0.00032808630264861163,0.0005055630241206731,0.12591,0.0
player_22a0b7eefd1c,Gabriel Paulista,2021-2022,Defender,14,5.48179,0.00032800865751325074,0.0010366853742081775,0.1548,0.0
player_641d11195fd4,Toby Alderweireld,2018-2019,Defender,13,6.28914,0.000328008064625648,0.0003486959895912589,0.1277,0.0
player_4e9722de788c,Alexandre Oukidja,2021-2022,Goalkeeper,12,5.02622,0.00032799138237636557,3.8296995205253937e-07,0.07682,0.0
player_81c856596937,Erling Haaland,2020-2021,Forward,13,5.61874,0.00032787894304457454,0.0007019575744347474,0.1408,0.0
player_5f3c067fa58b,Diego Llorente,2021-2022,Defender,14,5.75178,0.00032781464775800907,0.0005390797983133875,0.15088,0.0
player_9feebd667dc3,Hans Nunoo Sarpei,2021-2022,Midfielder,13,6.34725,0.0003276994850315111,0.00036858215687827345,0.14791,0.0
player_91d0ef17ed14,Nikola Maksimovic,2021-2022,Defender,13,5.85612,0.0003276103354079136,0.0011602511001235771,0.13735,0.0
player_2d76330483a9,Djené,2021-2022,Defender,14,5.83268,0.0003276065352805719,0.0019812941902938278,0.13419,0.0
player_275febce2cc0,Jean-Clair Todibo,2021-2022,Defender,14,7.28868,0.00032748307564619617,0.00020201412772692936,0.12903,0.0
player_666efd6d6f40,Jean-Kevin Duverne,2021-2022,Defender,14,6.54472,0.00032745128534831847,0.0005690520917976613,0.14006,0.0
player_6977bd4f7158,Ismaël Bennacer,2021-2022,Midfielder,14,5.83467,0.00032734934188504355,0.0027540095294498394,0.15984,0.0
player_a9340370b3a7,Freddie Veseli,2021-2022,Defender,14,5.39368,0.000326929209150645,0.007304923405553056,0.15256,0.0
player_74d352816982,Ilias Akhomach,2021-2022,Midfielder,14,4.58185,0.0003267793128885758,0.0018889191130301182,0.16025,0.0
player_d8dbed86e211,Joshua Kimmich,2021-2022,Midfielder,13,6.62242,0.0003267469140126796,0.0004990950557988301,0.1454,0.0
player_3bdb2101af19,Issa Bah,2021-2022,Forward,11,5.58974,0.0003267127699172035,0.0005581815099483686,0.13796,1e-06
player_b43877c38f29,Marco Carnesecchi,2024-2025,Goalkeeper,13,9.16506,0.0003266014646796463,0.0001225385719760936,0.11313,0.191057
player_7942acfcfa7d,Jakub Kiwior,2021-2022,Defender,12,5.64298,0.00032659160749789107,0.0008106182180905216,0.14421,0.0
player_24d1b5138474,Adrián Butzke,2021-2022,Forward,10,4.98838,0.0003265349036371127,0.0004153190267175601,0.14906,6e-06
player_daec7b9f8cf9,Ivan Perisic,2019-2020,Midfielder,14,6.31989,0.00032652374793260247,0.002801332165761251,0.15552,0.0
player_3f22848cf530,Xaver Schlager,2021-2022,Midfielder,13,5.89833,0.0003263709451839428,0.0009113946397549551,0.14783,0.0
player_981797ac0d03,Leon Bailey,2021-2022,Midfielder,14,5.68726,0.00032606190921681733,0.0024435849723454754,0.16397,0.0
player_34d3fb7c5759,Federico Fazio,2021-2022,Defender,13,5.24906,0.0003258087827466432,0.00035365113005994374,0.12547,0.0
player_bc1c998ddba1,Luigi Sepe,2021-2022,Goalkeeper,13,8.26468,0.0003258052870341814,0.00033268012732890547,0.12382,0.097695
player_88cf6ebbc8d5,Ángel Montoro,2021-2022,Midfielder,14,6.77722,0.0003257629471900316,0.0009944644496669686,0.15162,0.0
player_e64fd49b1298,Hernani,2021-2022,Midfielder,13,5.65642,0.00032569283240793776,0.00042273048094677954,0.1548,0.0
player_7d065c83f2c4,Warren Zaïre-Emery,2022-2023,Midfielder,15,5.87654,0.00032567755103263686,0.0022287659114163466,0.16179,0.0
player_9530b72d642e,Denis Vavro,2021-2022,Defender,11,5.07501,0.0003254826182482029,0.0004989066074679981,0.14288,0.0
player_e4859491166b,Gaëtan Poussin,2021-2022,Goalkeeper,14,7.57982,0.0003253257925003495,0.0029307938877915322,0.13303,0.052869
player_9ebc3b039b42,Aymeric Laporte,2021-2022,Defender,13,5.11725,0.000325258712212392,6.496684692401253e-05,0.1177,0.0
player_eebcadd1a22d,Antonio Barragán,2021-2022,Defender,13,6.54056,0.0003251630036557685,0.0013261576179100995,0.15089,0.0
player_a307238a7863,Timothee Pembele,2021-2022,Defender,14,6.96399,0.0003250900507678431,0.0013161255142112712,0.14353,0.0
player_3777f1145f8b,Nicolò Rovella,2021-2022,Midfielder,13,6.22051,0.0003248714702501434,0.0012551397736746293,0.15428,0.0
player_c0d2ac312135,Moise Kean,2021-2022,Forward,15,5.93573,0.00032487108830517883,0.0013505941045208597,0.15687,0.0
player_7d5215fdb95a,Leandro Cabrera,2021-2022,Defender,14,7.19845,0.0003248084144368931,0.00026700700376128733,0.13462,0.0
player_8764c335b0a0,Emre Can,2018-2019,Midfielder,13,6.01111,0.000324740807867,0.000306076178566079,0.14634,0.0
player_7609badf7165,Noussair Mazraoui,2023-2024,Defender,13,5.84796,0.000324717077312441,0.00018093077559964106,0.13872,0.0
player_e6cf2801b006,Luca Gagliano,2021-2022,Forward,11,5.4766,0.0003247042904411884,0.000494156466673854,0.13925,1e-06
player_df4f9eda9c89,Benjamin Pavard,2022-2023,Defender,13,6.21122,0.000324681369747308,0.0005282748093730702,0.13339,0.0
player_28f52c3b5719,Florian Niederlechner,2021-2022,Forward,14,6.30959,0.0003245885045342476,0.0028970353661118774,0.15598,0.0
player_f8552591a5c2,Mathys Saban,2021-2022,Midfielder,13,4.05966,0.00032439797562068773,0.015267562755088934,0.18657,1.7e-05
player_7123bbc45946,Nicola Zalewski,2021-2022,Midfielder,13,5.68772,0.00032433456691615244,0.0008195038480575963,0.15672,0.0
player_698859671092,Ivan Rakitić,2021-2022,Midfielder,13,6.62633,0.00032405341438705026,0.0002793709020551616,0.14568,0.0
player_842cfa5d130c,Erik Thommy,2021-2022,Midfielder,13,5.14398,0.00032400242552818386,0.00028069446115343397,0.15637,0.0
player_745563c4992c,Vinícius Júnior,2019-2020,Forward,14,5.56995,0.00032399037662585075,0.0033082046822327715,0.15325,0.0
player_7977f24572f1,Pierre Kalulu,2022-2023,Defender,13,7.07614,0.00032386062095962094,0.0003085986300111107,0.13495,0.0
player_353f1e4b5f8d,Olivier Giroud,2019-2020,Forward,13,5.43807,0.0003237387680178329,0.0015096436830633407,0.14394,0.0
player_a1d21960cec9,Antonio Vacca,2021-2022,Midfielder,12,6.15244,0.00032372069136630155,0.0003087955839421851,0.14611,0.0
player_87387d0d43dd,Alexander Schwolow,2021-2022,Goalkeeper,13,9.32887,0.00032370412853138114,0.0001042934868163135,0.11082,0.193959
player_85e698a4a720,Kepa Arrizabalaga,2022-2023,Goalkeeper,14,7.08065,0.0003236342924776006,0.0007293775948913878,0.1102,0.006596
player_26619b00878c,Youri Tielemans,2021-2022,Midfielder,13,6.34625,0.0003235130705065975,0.0004923962186580559,0.13508,0.0
player_06c0e1955776,Anthony Losilla,2021-2022,Midfielder,13,6.56367,0.00032348434576184485,0.0005773662371577773,0.14269,0.0
player_5188078f107f,Matteo Politano,2021-2022,Forward,13,5.86064,0.000323112018770396,0.0006038749786901628,0.14409,0.0
player_432c168d77a6,Matt Doherty,2021-2022,Midfielder,14,5.92797,0.0003230815659382014,0.0016444848882218384,0.15087,0.0
player_08a1e6a69c66,Konrad Laimer,2023-2024,Midfielder,13,6.08613,0.0003229161890480621,0.0009352481330010932,0.15196,0.0
player_478dc0e94eb8,Henrikh Mkhitaryan,2021-2022,Midfielder,13,5.39638,0.0003227973441543708,0.00012834043986161003,0.11943,0.0
player_2ba384a94910,Lohann Doucet,2021-2022,Midfielder,12,4.8941,0.00032270889268473776,0.0003413515960750451,0.14489,0.0
player_b26def728f4f,Jaume Doménech,2019-2020,Goalkeeper,13,7.75135,0.00032261203754018055,0.0020961145209797316,0.12343,0.023704
player_c648fc704071,Ignacio Pussetto,2021-2022,Forward,13,5.61216,0.0003225555400143672,0.0007617632010599754,0.1597,0.0
player_8c4ee8bbd52e,Bram Nuytinck,2021-2022,Defender,13,6.92917,0.0003225246656490322,0.00045229389382564516,0.13272,0.0
player_b6e867e1941b,Dominik Szoboszlai,2021-2022,Midfielder,13,5.65035,0.00032244911594289996,0.0007617587044356132,0.14774,0.0
player_eb0f5bc9c62d,Ximo Navarro,2021-2022,Defender,13,5.56372,0.0003222975948037639,0.0001893167931552171,0.12211,0.0
player_86df3cd4a8f6,Andrea Schiavone,2021-2022,Midfielder,14,4.51664,0.000322287089871244,0.002215178467680582,0.16316,0.0
player_fff0c208e883,Laurent Abergel,2021-2022,Midfielder,13,6.78127,0.0003221395389043381,0.00024621563033379844,0.13874,0.0
player_f23d1da52c87,Hugo Sotelo,2021-2022,Midfielder,9,6.05798,0.00032212446272112386,8.528377190320626e-05,0.12354,0.0
player_0c1630a1e82c,Bryan Reynolds,2021-2022,Midfielder,9,6.05798,0.00032212446272112386,8.528377190320626e-05,0.12354,0.0
player_e8df11ef970b,Tiago Ribeiro,2021-2022,Midfielder,9,6.05798,0.00032212446272112386,8.528377190320626e-05,0.12354,0.0
player_0a0e827db6f9,Caoimhín Kelleher,2021-2022,Goalkeeper,13,8.64147,0.0003221051357862337,0.00026089193035921064,0.11156,0.00031
player_fb3de00be277,Jason Steele,2021-2022,Goalkeeper,12,8.80223,0.00032200104542735283,0.0001721308922780978,0.11781,0.000278
player_750be75c525c,Alessandro Buongiorno,2021-2022,Defender,13,6.38424,0.00032195247296290145,0.0005582337558935114,0.14458,0.0
player_9477b87248ca,Johaneko Louisjean,2021-2022,Defender,12,4.79521,0.000321944413079412,0.0005301380537078115,0.14723,0.0
player_a61032d3b73e,Dan-Axel Zagadou,2018-2019,Defender,14,6.15118,0.00032191938404159615,0.002931592138825298,0.14929,0.0
player_66786844f2da,Carlos Soler,2022-2023,Midfielder,15,5.95438,0.00032183786063832943,0.004905875315289025,0.15972,0.0
player_e683ca42c21a,Harry Kane,2024-2025,Forward,14,5.83897,0.00032183764305322666,0.0006128834288601231,0.13449,0.0
player_a4580b68b690,Nabil Bentaleb,2018-2019,Midfielder,14,5.60654,0.0003217717718447867,0.0029440764681021915,0.14943,0.0
player_7e0e7e5f5f9e,Mohamed Elyounoussi,2021-2022,Midfielder,13,6.56093,0.0003217338997087834,0.0011933914252909915,0.15255,0.0
player_cfdb5ed8b88e,Jacob Bruun Larsen,2021-2022,Midfielder,14,5.39849,0.000321714556120265,0.0016592938310728501,0.15699,0.0
player_81c856596937,Erling Haaland,2023-2024,Forward,13,5.59599,0.0003217004232640611,0.0012972796354881,0.13934,0.0
player_5bb8e64bc1d9,Giulian Biancone,2021-2022,Defender,13,6.50572,0.0003215549069954529,0.00015543844466241714,0.13713,0.0
player_c63221cba890,Scott McTominay,2021-2022,Midfielder,13,6.22398,0.0003214718708792057,0.00027862409672951616,0.14036,0.0
player_9a8b9243726b,Javi López,2021-2022,Defender,12,5.84803,0.00032140229370480644,0.0005650961727947876,0.15986,0.0
player_970baad3943d,Crysencio Summerville,2021-2022,Midfielder,13,5.0955,0.0003212808741841922,0.0018003667587987507,0.16218,0.0
player_1a742f02f2cc,Thomas Lemar,2020-2021,Midfielder,13,5.77248,0.0003212684801937773,0.005051819984868576,0.16329,0.0
player_136135db20da,Sebastiano Luperto,2021-2022,Defender,14,5.41851,0.00032124479936665375,0.0007604359328690688,0.12401,0.0
player_8862933d3d23,Ruben Vargas,2021-2022,Midfielder,13,6.11139,0.00032118857035784464,0.000578949317211059,0.1481,0.0
player_ab65e467d7a2,Ronaël Pierre-Gabriel,2021-2022,Defender,14,6.74545,0.00032118581399489675,0.000772064085289897,0.14771,0.0
player_0c028f087726,Marc-Oliver Kempf,2021-2022,Defender,13,5.77088,0.00032116526273912515,6.470200991999793e-05,0.11416,0.0
player_cb5b3166f2bd,Éder Militão,2019-2020,Defender,12,5.57957,0.0003211557899196568,0.0009511155995006072,0.1493,0.0
player_125dfe637bbf,Josh Maja,2021-2022,Forward,11,5.46432,0.00032109796521905893,0.0001998497975692098,0.13244,1e-06
player_c449fbdea3d9,Rafa? Gikiewicz,2021-2022,Goalkeeper,13,8.41564,0.0003210389281621047,0.002653219535809662,0.1242,0.135731
player_699dd713aade,Marcel Sabitzer,2020-2021,Midfielder,13,6.16557,0.00032077767066059266,0.0003313721474248799,0.14577,0.0
player_e67b30804bcd,Rade Krunic,2022-2023,Midfielder,13,6.18789,0.000320739933582427,0.0008196091926120691,0.14841,0.0
player_39368de2b8b9,Willi Orbán,2023-2024,Defender,13,6.16073,0.00032072262139912964,0.0022718181019201157,0.13911,0.0
player_dd045090c225,Rafael Borré,2022-2023,Forward,13,5.79069,0.00032071710347396967,0.001864105801959158,0.1653,0.0
player_edf3ea1b8d98,Sambou Sissoko,2021-2022,Midfielder,13,5.17469,0.00032055609265377766,0.0008620456403807872,0.15677,0.0
player_0046fd953e2d,Vincent Kompany,2017-2018,Defender,14,5.91113,0.00032041832501815035,0.0025910133254617345,0.14657,0.0
player_91a3dc41f57b,Philippe Koffi,2021-2022,Forward,14,5.37802,0.0003203782043470202,0.0031581615601785126,0.16381,0.0
player_3b2dca0ee47e,Cedric Gondo,2021-2022,Forward,13,5.30913,0.00032029296617712443,0.0007965620107508284,0.15378,0.0
player_2e3746e131d1,Gerson,2021-2022,Midfielder,14,6.36562,0.0003202827360748324,0.0015828029636020303,0.1509,0.0
player_74a0a808dc50,Bernardo Silva,2023-2024,Midfielder,14,6.16615,0.0003202681885256916,0.0030822304975570325,0.15596,0.0
player_3b221cc45695,Hakan Çalhanoglu,2024-2025,Midfielder,14,6.31785,0.0003200989822017086,0.0008363523988482576,0.15026,0.0
player_ca4a62fa09fc,Calum Chambers,2021-2022,Defender,13,6.04084,0.00032003284718878314,0.0015994902353703268,0.14531,0.0
player_53422f4f98cb,Matías Viña,2021-2022,Defender,14,6.57821,0.00032000568450753133,0.00198242039153812,0.14495,0.0
player_eb7cb17f1598,Denzel Dumfries,2021-2022,Midfielder,13,6.26681,0.00032000187209526464,0.0003919864418295292,0.14376,0.0
player_4feb61100093,Sofiane Boufal,2021-2022,Midfielder,13,6.17306,0.00031966301054029225,0.0005477550766846545,0.14589,0.0
player_6a9c1e000381,Cristian Romero,2022-2023,Defender,13,5.16289,0.00031944608620934064,0.0012708521419272341,0.13148,0.0
player_986a6542ac73,Breel Embolo,2024-2025,Forward,14,6.00556,0.00031943517217915724,0.0008256013781994861,0.1505,0.0
player_9a21509db3ec,Giovani Lo Celso,2019-2020,Midfielder,13,6.42136,0.000319285413452914,0.0005501611880147569,0.14505,0.0
player_7f29cec37924,Mahmoud Dahoud,2021-2022,Midfielder,13,4.93559,0.00031912775247904776,0.0009328047915957471,0.13366,0.0
player_673160b217a1,Sébastien Haller,2022-2023,Forward,14,5.46429,0.00031905209860033987,0.009718662104461265,0.15318,0.0
player_49c2339760f7,Donny van de Beek,2021-2022,Midfielder,14,4.9673,0.0003190264447782619,0.013634587650705432,0.16987,0.0
player_3dd7cc4a97d5,Amos Pieper,2021-2022,Defender,13,6.96549,0.00031892720618415394,0.00016496602801792265,0.12895,0.0
player_0c44b663483f,Ronaldo Vieira,2021-2022,Midfielder,12,5.86192,0.000318550102902726,0.0010359075834430896,0.15438,0.0
player_3a568aa4a990,Aimar Sher,2021-2022,Midfielder,12,4.8372,0.00031817932961379424,0.00012935538371438237,0.13884,0.0
player_e70861a238ed,Moanes Dabbur,2021-2022,Forward,14,5.48111,0.0003179145359391797,0.0028590142681007924,0.16633,0.0
player_f3488f7aae3a,Ihlas Bebou,2021-2022,Forward,13,5.91207,0.0003179051365943965,0.00041624717258243143,0.14017,0.0
player_7f1fe292fe92,Virgil van Dijk,2022-2023,Defender,12,6.34845,0.00031788741211616296,0.00015082464174793567,0.1253,0.0
player_1c8592e04f08,Jeison Murillo,2021-2022,Defender,13,5.46125,0.0003178790229200607,0.0005885007552941358,0.12794,0.0
player_207e1b5caf22,Antonio Rüdiger,2019-2020,Defender,13,6.10834,0.0003178505271689329,0.00044245737189183026,0.13114,0.0
player_6cfdd4ac1b4d,Jeremy Sarmiento,2021-2022,Midfielder,13,4.43619,0.0003178418180140439,0.001060751800298868,0.15137,0.0
player_cf597a337234,Jérôme Boateng,2017-2018,Defender,14,5.95356,0.0003178409119498601,0.004037502338841058,0.15087,0.0
player_e73c0f074d9f,Sonny Perkins,2021-2022,Forward,11,4.84373,0.0003176960971567302,0.00032983509964663166,0.14699,5e-06
player_843b6c9684bd,Ben Godfrey,2021-2022,Defender,13,6.61116,0.000317630573290895,0.0006764078783057378,0.14898,1e-06
player_6debe2654505,José María Giménez,2020-2021,Defender,13,6.78036,0.00031761081487507867,0.0008749870800077289,0.14579,1e-06
player_d6a047a59085,Jérémy Pied,2021-2022,Defender,14,5.14509,0.00031756344067926205,0.00199201829921018,0.14333,0.0
player_90dfb7cdc147,Jude Bellingham,2022-2023,Midfielder,13,6.29775,0.00031751490934890035,0.00039277520237386473,0.14527,0.0
player_1892a2f1c0c8,Alfred Duncan,2021-2022,Midfielder,13,5.46161,0.0003174330212392861,0.0007081897280115393,0.14778,0.0
player_75d16d6efd8c,Álex Cantero,2021-2022,Forward,13,5.16789,0.0003174225554158505,0.0011636817775795081,0.16139,0.0
player_fef11b276dc9,Paul Jaeckel,2021-2022,Defender,12,6.69601,0.0003174095478192454,0.0011049451789545764,0.14053,0.0
player_184ccef7d38b,Hamza Choudhury,2021-2022,Midfielder,13,5.80442,0.0003171258964165661,0.0007656866757044098,0.15357,0.0
player_43c672d75b0d,Joe Rodon,2021-2022,Defender,12,5.44625,0.0003170262349353741,0.0004843924492348849,0.1366,0.0
player_c58128c7773c,Kevin De Bruyne,2022-2023,Midfielder,13,6.13158,0.0003168695975717586,6.069390562816816e-05,0.12737,0.0
player_fa2419d88be8,Martín Merquelanz,2021-2022,Midfielder,13,5.82059,0.0003167992238051235,0.0012735700103868454,0.15335,0.0
player_049a86943410,Carles Aleñá,2021-2022,Midfielder,13,5.63342,0.00031669640514255085,0.00019149066657652087,0.12135,0.0
player_981d11c618dd,Davinson Sánchez,2018-2019,Defender,14,6.58417,0.00031666279997880526,0.002598157326988222,0.14117,0.0
player_3407a408511d,Randal Kolo Muani,2024-2025,Forward,13,5.45407,0.00031664759089193264,0.0008932561946344516,0.13776,0.0
player_43020b050aa8,Benjamin Sesko,2023-2024,Forward,13,5.25737,0.00031641372342314824,0.0012529910245900997,0.14303,0.0
player_699dd713aade,Marcel Sabitzer,2024-2025,Midfielder,13,5.47037,0.00031637916766392066,0.001231898096304125,0.14096,0.0
player_0841e723560b,Rafinha,2021-2022,Midfielder,13,6.36213,0.00031626666442610094,0.0006829246570377218,0.14247,0.0
player_d62634d2f447,Christos Tzolis,2021-2022,Midfielder,13,5.37447,0.0003162495205927384,0.005944311010727403,0.16108,0.0
player_1e17f07dd9e9,Matteo Darmian,2024-2025,Midfielder,13,5.14399,0.00031622375190278046,0.001872147844133367,0.15417,0.0
player_d00efe9b48c0,James Ward-Prowse,2021-2022,Midfielder,13,5.04589,0.00031619117130580045,0.0008057492348586695,0.12697,0.0
player_56b518d76143,Sergio Córdova,2021-2022,Forward,13,4.7528,0.00031616481544109894,0.0014632244576996526,0.16559,0.0
player_54398b972ccb,Joelinton,2021-2022,Midfielder,13,6.33868,0.00031611083798944713,0.00036227159003515084,0.1426,0.0
player_1be672f41493,Andrea Carboni,2021-2022,Defender,12,6.59411,0.00031602911807018563,0.00015989574975371076,0.13433,0.0
player_2d780aa39437,Ethan Nwaneri,2024-2025,Midfielder,14,6.13412,0.00031601496769172323,0.0005308599109615361,0.14622,0.0
player_1db11aff2a8e,Arnaud Nordin,2021-2022,Midfielder,13,6.58914,0.00031574371077382527,0.0005041496221203626,0.14737,0.0
player_8f185963fabd,Filippo Bandinelli,2021-2022,Midfielder,14,6.13448,0.00031556997632130405,0.0008869255616215214,0.15403,0.0
player_5fbb6d3d9e11,Eric Bailly,2017-2018,Defender,12,4.92712,0.0003155212491927623,0.0016304637464729967,0.15664,0.0
player_71f4267a9a88,Víctor Camarasa,2021-2022,Midfielder,12,5.58325,0.00031551951357913007,6.560060512212734e-05,0.14478,0.0
player_f66c067ae1cd,Oghenekaro Etebo,2021-2022,Midfielder,12,5.83114,0.0003154014339635468,0.00026802509519382854,0.15045,0.0
player_8f30574fdf94,Jan Oblak,2024-2025,Goalkeeper,11,7.40893,0.00031537337628676274,0.00019382451789989289,0.11372,0.000217
player_fc73a08e03e6,Joseph Aidoo,2021-2022,Defender,13,6.77972,0.0003152111569624026,0.00012881038058360712,0.12951,0.0
player_7b7c5d6198b0,Maxence Caqueret,2021-2022,Midfielder,12,6.50735,0.0003151717653272319,0.0001008885163357629,0.13345,0.0
player_01412d1f662c,Alphonse Areola,2021-2022,Goalkeeper,11,6.64655,0.00031513026321203854,0.0005063363057268573,0.13897,0.001279
player_eca7e37f009c,Jurriën Timber,2024-2025,Defender,13,6.15074,0.0003150868431405219,0.0005926264428335105,0.14185,0.0
player_e29d5203510a,Jonathan Tah,2024-2025,Defender,12,6.40932,0.0003150860918663225,3.1715789490602285e-05,0.11929,0.0
player_6ab5d6d10633,Genki Haraguchi,2021-2022,Midfielder,13,6.03547,0.0003150187783501777,0.0005221843162780488,0.15163,0.0
player_ba06b218db7b,Christopher Wooh,2021-2022,Defender,13,5.63054,0.0003150166605614014,0.003131123212927619,0.1502,0.0
player_ebfda8d07395,Ciro Immobile,2021-2022,Forward,12,5.66803,0.00031497893437441827,0.0002582717517995271,0.12585,0.0
player_7e0f7fb89b67,Marcel Lotka,2021-2022,Goalkeeper,13,7.48105,0.00031494267875730716,0.0020268923280081738,0.13178,0.053153
player_2be3d5b85479,Aurélien Nguiamba,2021-2022,Midfielder,13,3.86347,0.00031492212229085396,0.002864211239333425,0.17763,1e-06
player_cb0182db7ab8,Diego Falcinelli,2021-2022,Forward,12,4.34072,0.00031479692183669075,0.0003351612105742172,0.1511,0.0
player_91788b4da273,Wesley Fofana,2022-2023,Defender,13,6.02465,0.00031443558283655675,0.0015314717309944242,0.14147,0.0
player_641d11195fd4,Toby Alderweireld,2019-2020,Defender,13,6.17349,0.00031439635327181685,0.00032804000202421254,0.13534,0.0
player_cf597a337234,Jérôme Boateng,2020-2021,Defender,14,6.70311,0.00031431081993749555,0.0009223484443459552,0.145,0.0
player_728fc9342c98,Gabriel Jesus,2022-2023,Forward,13,5.45337,0.0003142245271472807,0.0006567757712053687,0.13474,0.0
player_2859a0194aaa,Moritz Jenz,2021-2022,Defender,13,5.30067,0.00031410479686625815,0.001623490556404401,0.13653,0.0
player_b8b52ada6a68,Kévin Rodrigues,2021-2022,Defender,12,5.71861,0.0003140874485310631,0.0017278085793459403,0.14854,0.0
player_3e9c82e39e20,Patrik Schick,2019-2020,Forward,13,5.57659,0.0003140598935114541,0.0017031465211679699,0.14407,0.0
player_075e1cc35bf4,Gastón Pereiro,2021-2022,Forward,13,6.19714,0.00031380010587446955,0.001529374846840542,0.15696,0.0
player_f89743748ee0,Valon Behrami,2021-2022,Midfielder,13,4.8543,0.0003137424510875658,0.0036810989801908606,0.16203,0.0
player_e93e18f6de9d,Thomas Meunier,2021-2022,Defender,14,5.49488,0.0003136833243465012,0.001297279833900976,0.14707,0.0
player_32bd50503f28,Mattia Viti,2021-2022,Defender,12,5.3921,0.0003136437579403868,0.00046754052746674206,0.13389,0.0
player_989d66536c9f,Salvador Ferrer,2021-2022,Defender,12,5.79463,0.0003135875898771291,0.0002232366231722709,0.13875,0.0
player_72eb99d56089,Santiago Arias,2018-2019,Defender,12,5.95117,0.000313552043248736,0.000987593249037475,0.14607,0.0
player_8ecc3aa3b0c4,Thiago Silva,2020-2021,Defender,12,4.90957,0.00031354431960702495,0.0005232246363577972,0.12268,0.0
player_b137c035400c,Lucas Boyé,2021-2022,Forward,13,6.38578,0.00031343575794329757,0.0003320358329883158,0.14733,0.0
player_96094c764fe0,Illan Meslier,2021-2022,Goalkeeper,12,8.94218,0.00031338647069442877,0.00010823121858436319,0.10777,0.170328
player_9ff642835669,Paul Seguin,2021-2022,Midfielder,13,6.01148,0.0003133337744220847,0.0007370041567156871,0.15445,0.0
player_344805532ca0,Finn Dahmen,2021-2022,Goalkeeper,12,7.47379,0.000313332251391967,0.001812777659230359,0.1263,0.000584
player_981d11c618dd,Davinson Sánchez,2021-2022,Defender,13,6.26962,0.00031331665172154257,0.00048770972835292627,0.13843,0.0
player_e582277f703c,James Milner,2021-2022,Midfielder,12,5.92693,0.00031301757612392603,0.00038486035820253404,0.15078,0.0
player_37be4f4a1461,Fernando Niño,2021-2022,Forward,13,5.17131,0.00031272527514650066,0.0008112089928481841,0.15647,1e-06
player_a4003875d188,Germán Valera,2021-2022,Forward,12,4.21874,0.00031270764161724096,0.00031578603065294863,0.15612,0.0
player_f6e1b4f43bd0,Daniel Wass,2019-2020,Midfielder,13,5.8793,0.00031245482867533613,0.000438913144315206,0.14707,0.0
player_320b3a59a649,Marquinhos,2022-2023,Defender,14,6.66498,0.0003123697184241853,0.0004272995773488076,0.13298,0.0
player_b7083569ef44,Luis Abram,2021-2022,Defender,13,6.06097,0.0003123457125540313,0.0007362836352601575,0.15439,0.0
player_86ae79038272,Mario Hermoso,2024-2025,Defender,13,5.23308,0.0003123189379381595,0.0008922954260990896,0.13965,0.0
player_0f8644db82d8,Sebastian Rode,2021-2022,Midfielder,13,5.49896,0.00031223848928629193,0.0016386226104907829,0.15474,0.0
player_721cdd34be98,Léo Dubois,2021-2022,Defender,12,5.47028,0.0003120954466678606,0.0005253225519705199,0.13523,0.0
player_43ea3d808afd,Kasper Schmeichel,2021-2022,Goalkeeper,12,7.31301,0.0003117746587242077,2.2825322273681627e-05,0.1119,0.00017
player_11846c32cf96,Jorge Miramón,2021-2022,Defender,13,6.71665,0.0003117745587697143,0.0005647502666972175,0.1405,0.0
player_cc1f76caa1d3,Xavier Chavalerin,2021-2022,Midfielder,12,6.39304,0.00031174877459932184,9.905301906033678e-05,0.14164,0.0
player_0ed94c6cd90c,Carlos Bacca,2021-2022,Forward,14,5.02355,0.0003117024349743814,0.004670470170649726,0.16959,0.0
player_f3de6472f8bd,Adrien Tameze,2021-2022,Midfielder,12,6.29589,0.0003116890495738021,0.0005707922773069998,0.14657,0.0
player_5bfe40b0828c,Kostas Manolas,2019-2020,Defender,13,5.76127,0.00031165343716489554,0.0011315495510152943,0.14265,0.0
player_405c03e2ba7a,Romelu Lukaku,2017-2018,Forward,13,5.79543,0.00031163251530350695,0.0009723821664754243,0.14186,0.0
player_5da31deaa3ea,Hugo Lloris,2018-2019,Goalkeeper,11,7.8727,0.00031152821839163533,0.00026250688207764175,0.12077,0.00014
player_14c768deef64,Enric Franquesa,2021-2022,Defender,12,6.36303,0.00031146584621455863,0.0003931064607257399,0.13916,0.0
player_8f56b04987d2,Axel Tuanzebe,2021-2022,Defender,13,6.04372,0.00031139562049277355,0.002058241267002141,0.15677,1e-06
player_6797bdaada0e,Antoine Griezmann,2020-2021,Forward,12,6.1291,0.0003112353316721135,6.981265425575502e-05,0.12876,0.0
player_728fc9342c98,Gabriel Jesus,2021-2022,Forward,12,5.1595,0.0003111701724930762,0.0006825394956647743,0.14033,0.0
player_bee07ccd8c87,Admir Mehmedi,2021-2022,Midfielder,11,4.68054,0.00031091680916762847,0.00046680950997602576,0.13994,1e-06
player_d8c5a555e13b,David Alaba,2022-2023,Defender,13,5.98072,0.0003109137705105071,0.001757609667882212,0.14319,0.0
player_a25f0df7c709,Nicolò Casale,2021-2022,Defender,13,6.25414,0.0003108650201602518,0.0003249050193008934,0.14042,0.0
player_9425d9809a70,Anton Stach,2021-2022,Midfielder,13,5.82769,0.00031075899835265706,0.0006904903874310617,0.15175,0.0
player_244491437a8b,Mateo Kovacic,2020-2021,Midfielder,12,5.69381,0.0003107585364462041,0.000284464124904258,0.13485,0.0
player_d11a5c2af292,Marcelo Brozovic,2022-2023,Midfielder,13,5.87894,0.000310681006987259,0.0015769976946090206,0.15915,0.0
player_215b02f18df2,Mickaël Cuisance,2021-2022,Midfielder,13,6.24135,0.0003105896707285233,0.0009335606017897152,0.14542,0.0
player_b84744c105ef,Ciaran Clark,2021-2022,Defender,13,4.79806,0.0003105337568079976,0.0005909518555950762,0.1253,0.0
player_0bf984a00907,Denso Kasius,2021-2022,Midfielder,14,4.69722,0.0003104187472853836,0.002375853011516865,0.16422,0.0
player_9b7e71f3bbe6,Daniele Verde,2021-2022,Midfielder,14,5.74167,0.00031028649995385176,0.00028746167290011993,0.13798,0.0
player_fae787f35f26,Thibaut Courtois,2022-2023,Goalkeeper,11,7.65346,0.0003099979036282535,0.00037715574787887873,0.12076,0.000132
player_bab57aaf26ff,Håvard Nordtveit,2021-2022,Defender,12,5.86859,0.0003099519960065571,0.0005386712784469777,0.14682,0.0
player_c6f80c03ab85,Hwang Hee-chan,2021-2022,Forward,13,6.10254,0.0003098712875438795,0.00021393923661660862,0.14244,0.0
player_57818a3520e8,Alessandro Florenzi,2020-2021,Defender,13,5.99131,0.00030981209274714424,0.0015507261806480084,0.13526,0.0
player_5336e8271234,Andrea Belotti,2021-2022,Forward,13,5.26238,0.00030973902827728043,0.0011517373095225848,0.13829,0.0
player_593a16a1d706,Marc Cucurella,2021-2022,Defender,13,6.74701,0.0003095655538387089,0.0006398616912171351,0.13561,0.0
player_da06433fc9cb,Julian Ryerson,2023-2024,Midfielder,13,5.28972,0.0003095620537392797,0.0021659997177146174,0.15242,0.0
player_d8dbed86e211,Joshua Kimmich,2020-2021,Midfielder,12,6.15182,0.000309547349927282,0.0006571737949672131,0.14222,0.0
player_8acb948f222b,Piotr Zielinski,2022-2023,Midfielder,12,5.99676,0.00030925576408555707,0.0008525187981722032,0.14878,0.0
player_5f5041792c91,Amadou Haidara,2021-2022,Midfielder,13,5.44038,0.00030921743389481865,0.005108885040902548,0.16086,0.0
player_f98db2b09887,Calderón,2021-2022,Defender,12,5.36803,0.0003091101587931092,0.0005328049913147472,0.14994,0.0
player_318bf1396c2e,Tanguy Coulibaly,2021-2022,Midfielder,13,5.85351,0.0003090405167332207,0.000732998569823006,0.15697,0.0
player_8dc9044e33de,Bakary Sako,2021-2022,Forward,12,4.27871,0.00030901382344316583,0.0006806194639556454,0.15611,0.0
player_ba1d19d76630,Iñigo Ruiz de Galarreta,2021-2022,Midfielder,12,5.86682,0.0003090053388975463,0.0004947473726685866,0.15229,0.0
player_5daf964ed7f1,Leander Dendoncker,2021-2022,Midfielder,13,6.65418,0.0003089206434435347,0.0007509683320702311,0.14605,0.0
player_b0e113752db5,Gaëtan Laborde,2021-2022,Forward,13,5.62913,0.00030886275002463737,0.000431411527125758,0.14349,0.0
player_07fdd7be8fa2,Terem Moffi,2021-2022,Forward,12,5.67337,0.00030878620266265176,0.0005607178422335603,0.1411,0.0
player_935f9c41357a,Lucas Vázquez,2020-2021,Defender,13,5.3853,0.0003087773721079614,0.00043121769687995377,0.14686,0.0
player_14c0441885a3,Aaron Hickey,2021-2022,Defender,14,5.63916,0.0003087705086568693,0.0018856849187561752,0.15024,0.0
player_15489dd8adf3,Victor Osimhen,2021-2022,Forward,12,4.14327,0.0003086561057106655,0.00039322365346250183,0.1255,0.0
player_833482d8e0b8,Georginio Rutter,2021-2022,Forward,13,6.1956,0.00030858177841151037,0.0005003109378124234,0.14576,0.0
player_418ff754dac2,Niclas Füllkrug,2023-2024,Forward,13,5.74162,0.00030853737549642486,0.000662901170014338,0.14138,0.0
player_43ba221c2149,Jens Petter Hauge,2021-2022,Midfielder,14,5.56562,0.0003084655313249637,0.00802089921886175,0.17106,0.0
player_2458568b5e05,Kaj Sierhuis,2021-2022,Forward,10,4.09453,0.0003082974254434992,0.0005233239274881953,0.15288,0.0
player_6d6d2a4d97e0,Layvin Kurzawa,2020-2021,Defender,13,4.84086,0.00030828083178101936,0.0017932262575697264,0.13391,0.0
player_6797bdaada0e,Antoine Griezmann,2021-2022,Forward,12,5.78516,0.00030827736139988645,0.00014035005457198823,0.13773,0.0
player_2e05024589d2,Andreas Skov Olsen,2021-2022,Midfielder,13,5.38106,0.00030821390006241907,0.001557083447062096,0.15971,0.0
player_136bcad0f61f,Ian Maatsen,2024-2025,Defender,14,5.95412,0.0003080023281895593,0.008443218965972731,0.15288,0.0
player_f4bf630f4a5e,Alexandre Lacazette,2021-2022,Forward,13,5.29923,0.0003078389542644118,0.002520731998484559,0.14648,0.0
player_042b8f6f1523,Pedri,2020-2021,Midfielder,13,6.32668,0.00030780696983535107,0.0006976061254284158,0.14666,0.0
player_0809ce0cbc94,Josip Brekalo,2021-2022,Midfielder,13,6.39494,0.00030765265071556384,0.0003347756304769391,0.14213,0.0
player_9205f933f844,Kevin Behrens,2021-2022,Forward,13,5.17859,0.0003075969931643411,0.00189124760615413,0.16626,0.0
player_fec7b1fabfcb,Thomas Fontaine,2021-2022,Defender,13,4.96812,0.0003073929728997417,0.003311868042661445,0.17647,0.0
player_ac7e52e14906,Jean-Philippe Krasso,2021-2022,Forward,14,5.06442,0.0003073744865311977,0.007403294171273865,0.16853,0.0
player_9c6c2c94d7f0,Alassane Pléa,2020-2021,Forward,13,5.36682,0.00030733736384942956,0.0006783604600465602,0.14196,0.0
player_498d3c6bfa03,Son,2021-2022,Defender,13,4.76592,0.000307327225460539,0.0010631661842025926,0.12498,0.0
player_1e97a605eb20,Paul Dummett,2021-2022,Defender,12,4.96003,0.0003073176175081407,0.0005308130530744265,0.16756,0.0
player_37efc82d5e6b,Florian Sotoca,2021-2022,Forward,13,6.14771,0.0003071981439872022,0.0003039425547083978,0.14615,0.0
player_d8dbed86e211,Joshua Kimmich,2022-2023,Midfielder,13,5.00766,0.0003071928994392358,0.0019034312156531094,0.14084,0.0
player_6cf0541ba7c8,Hákon Haraldsson,2024-2025,Midfielder,13,6.46458,0.0003071859839828861,0.0005921867363270554,0.1476,0.0
player_152112ff5ea0,Piero Hincapié,2021-2022,Defender,12,5.58183,0.00030700946782267737,0.000999756907708206,0.14784,0.0
player_8ca417abce77,Harry Winks,2021-2022,Midfielder,13,6.003,0.00030698442442102415,0.0014529352647329977,0.15539,0.0
player_2bfb7d71113a,Saidou Sow,2021-2022,Defender,13,4.66443,0.00030683013531024414,0.001316654864039963,0.16106,0.0
player_5de1a6a7ed2f,Yasser Larouci,2021-2022,Midfielder,13,5.4762,0.0003067842809391524,0.0033685060888092584,0.16141,0.0
player_517a7cffd476,Tomás Alarcón,2021-2022,Midfielder,12,5.98325,0.00030674234417047905,0.0004063993228539611,0.14511,0.0
player_3dc6bf705363,James Justin,2021-2022,Defender,12,6.33257,0.00030674037385414464,0.0007461514474803303,0.13581,0.0
player_db4dfddc58fb,Samuel Koeberlé,2021-2022,Midfielder,9,5.72695,0.00030668532785184995,8.528377190320626e-05,0.12354,0.0
player_05725319ded7,Maximilian Arnold,2019-2020,Midfielder,13,5.97627,0.00030664442425894694,0.0013435944184497697,0.15455,0.0
player_210fd9a15076,Osman Bukari,2021-2022,Midfielder,13,5.91074,0.0003066309008437401,0.0003205412921815708,0.14385,0.0
player_ea7ef59c7061,Mattia De Sciglio,2017-2018,Defender,13,5.34754,0.0003065846161736509,0.0037984455321991234,0.15081,0.0
player_9494ebac28f2,Ouparine Djoco,2021-2022,Goalkeeper,12,8.87142,0.0003065535200769168,0.00015998210015652088,0.11663,0.223204
player_5f5041792c91,Amadou Haidara,2022-2023,Midfielder,13,5.76519,0.00030628620830387465,0.0018218958218711447,0.1582,0.0
player_27a443f56bec,Sergio Ramos,2022-2023,Defender,12,5.54027,0.00030623289344278425,0.00013252462997104085,0.11302,0.0
player_556b1c26b64d,Germán Pezzella,2021-2022,Defender,12,4.87634,0.0003061053725573393,0.00032001640842714183,0.12579,0.0
player_8c14a12935f0,Víctor Laguardia,2021-2022,Defender,13,5.48939,0.00030605603177251195,0.0009064648650151845,0.14947,0.0
player_b0da09d9e2b7,Gabriel Mercado,2017-2018,Defender,12,5.34825,0.00030591395430753664,0.000494331573887108,0.14473,0.0
player_245c380d8bf5,Martin Agirregabiria,2021-2022,Defender,12,6.04513,0.0003058439312341896,0.00040702799000011993,0.14684,0.0
player_8764c335b0a0,Emre Can,2022-2023,Midfielder,13,5.49966,0.0003058173473368833,0.0010711330195390405,0.14703,0.0
player_b24fef34a0b9,Ozan Tufan,2021-2022,Midfielder,13,5.76755,0.0003057088874592493,0.001774861173727829,0.15331,0.0
player_b1b38ac4fca9,Diego Lainez,2021-2022,Midfielder,13,3.78299,0.00030560768835640665,0.0017256111857743865,0.16686,1e-06
player_698859671092,Ivan Rakitić,2017-2018,Midfielder,13,5.82897,0.0003055832012187137,0.0004984477182093759,0.14103,0.0
player_df4f9eda9c89,Benjamin Pavard,2019-2020,Defender,13,5.61468,0.0003055214708708946,0.0004082062339342041,0.14197,0.0
player_09449b36f252,Aleksandr Golovin,2021-2022,Midfielder,13,5.02912,0.0003055184623395599,0.0032590585644567995,0.14734,0.0
player_8d0da90f6ef5,Stefan Savic,2021-2022,Defender,12,5.42463,0.0003055087141365916,0.0001305128369495268,0.13497,0.0
player_d5c5c79cc40a,Jens Grahl,2021-2022,Goalkeeper,12,8.1479,0.00030543629340791306,0.0007324482805678597,0.12035,0.000303
player_eb757ac09d78,Raphael Framberger,2021-2022,Defender,13,5.90916,0.0003054002259886722,0.0008132043841064165,0.15754,0.0
player_5d6f852df989,André Onana,2024-2025,Goalkeeper,12,7.17274,0.000305347356915222,0.00012642044897652913,0.1038,0.018507
player_14f772da7e6b,Hassane Kamara,2021-2022,Defender,12,5.32349,0.00030523792387974184,0.0005803673065644839,0.13428,0.0
player_627f63229994,Dejan Ljubicic,2021-2022,Midfielder,13,6.20638,0.0003052344549423457,0.0007985734745897851,0.14607,0.0
player_fa8ec38bb236,Stefan Strandberg,2021-2022,Defender,13,5.1837,0.0003051807245782269,0.00017212068936941862,0.11558,0.0
player_760a380cd266,Javi Galán,2023-2024,Defender,13,5.75887,0.0003051463773517066,0.0017750255933151936,0.15366,0.0
player_01ba18b5df64,Didier Lamkel Zé,2021-2022,Forward,13,5.04493,0.0003051169586174666,0.0020154307026653195,0.15787,0.0
player_f64ff5c24b7a,Cheikh Niasse,2021-2022,Midfielder,11,3.73124,0.00030506110417651797,0.0048156508605043105,0.17708,1.6e-05
player_91e3bf924a67,Luis Díaz,2021-2022,Forward,13,5.51461,0.0003048922168945519,0.0030067555792387597,0.15062,0.0
player_4fac312ee42c,Nathan de Medina,2021-2022,Defender,13,6.26426,0.0003045846668752475,0.0011731290868851516,0.14845,0.0
player_de1500f73fe6,Callum Wilson,2021-2022,Forward,13,5.10023,0.0003045763301137194,0.0009453358131813337,0.14001,0.0
player_771007bf009c,Alex Telles,2021-2022,Defender,12,5.32475,0.0003045591987105494,0.00018286571648328762,0.13583,0.0
player_26facdc68d12,Jacob Murphy,2021-2022,Forward,13,5.2112,0.00030452387397158863,0.0012531796137757866,0.1607,0.0
player_4c567f8aefa5,Stephan El Shaarawy,2018-2019,Midfielder,12,5.54366,0.0003045046802822056,0.0003262716167925351,0.13906,0.0
player_5ad6e2580a97,David Soria,2017-2018,Goalkeeper,13,6.82238,0.00030447735490731956,0.0009226683456737529,0.11062,0.009915
player_e684852f1579,Andrea Ranocchia,2021-2022,Defender,12,5.19254,0.0003043839356752657,0.004725698877981164,0.15821,1e-06
player_5da31deaa3ea,Hugo Lloris,2019-2020,Goalkeeper,11,7.44435,0.000304242245012984,0.0008252624406477308,0.12779,0.00016
player_ffb988e49190,Roman Bürki,2019-2020,Goalkeeper,11,6.85589,0.000304210509278451,3.8666257465711307e-05,0.10009,0.005919
player_2a49cdd35b9d,Joakim Mæhle,2021-2022,Midfielder,12,5.43731,0.0003040918953575886,0.00075348751608275,0.14111,0.0
player_ae845fc0c991,Eric Dier,2019-2020,Defender,13,5.51891,0.0003040284639750682,0.0020413381096323507,0.1475,0.0
player_3bc89ff4028c,Josko Gvardiol,2022-2023,Defender,12,6.19832,0.0003040123500617961,0.00011506333044101161,0.12192,0.0
player_c48739e781f2,Romain Faivre,2021-2022,Midfielder,13,6.10854,0.00030397492814258263,0.00023849873382699816,0.13902,0.0
player_ac6060a318e0,Rúben Dias,2022-2023,Defender,12,5.76015,0.00030393031107529405,0.0005936315790643316,0.12574,0.0
player_6b4707ef363c,Mário Rui,2023-2024,Defender,14,4.88396,0.0003039000922261915,0.0002488044942295986,0.12558,0.0
player_811082b77709,Timothy Chandler,2021-2022,Midfielder,12,5.78304,0.0003038807681824969,0.0006040169291527886,0.15086,0.0
player_e6ce8cf89b6d,Morgan Sanson,2021-2022,Midfielder,13,5.02462,0.00030387010675518697,0.005361519450157491,0.15955,0.0
player_82c3cfc4f333,Philippe Sandler,2021-2022,Defender,11,5.39017,0.00030381566442134545,0.00031187647907407126,0.13509,0.0
player_0e7e22404d3d,Callum Hudson-Odoi,2019-2020,Midfielder,14,5.1392,0.00030367277530877964,0.007859259300313266,0.16747,0.0
player_bd974787ed78,Jordi Alba,2020-2021,Defender,13,5.73924,0.00030366938660355457,0.0004643200053248706,0.14693,0.0
player_831b6aec5271,Adam Armstrong,2021-2022,Forward,12,5.48606,0.00030356368331853996,0.0001971493113995005,0.14541,0.0
player_d9183316b31a,Grégoire Defrel,2021-2022,Forward,13,5.42666,0.0003034479502460129,0.0019583574921930363,0.14898,0.0
player_a9420bbb41f3,Tyrone Mings,2024-2025,Defender,13,6.01384,0.00030344597260311453,0.002447068456107943,0.13737,0.0
player_8863ba2eac16,Hwang Ui-jo,2021-2022,Forward,12,5.59824,0.000303333253198164,0.00012888550648515508,0.13535,0.0
player_a7d842253622,Matias Arezo,2021-2022,Forward,14,3.91869,0.0003033020443252291,0.015341070796107966,0.18207,0.0
player_aa02b0a456be,Javi García,2019-2020,Midfielder,13,5.27721,0.0003032367742271405,0.003952919629633054,0.16693,0.0
player_042b8f6f1523,Pedri,2023-2024,Midfielder,13,5.50204,0.0003031827151483447,0.0016617955242002943,0.15795,0.0
player_42a6861524ff,Toni Moya,2021-2022,Midfielder,12,5.72692,0.00030314896293100765,0.0007530871098980219,0.14559,0.0
player_bbf4ba49624e,Salva Sevilla,2021-2022,Midfielder,13,5.88447,0.00030310957172403674,0.0004961695434825817,0.14744,0.0
player_fae665c02ddf,Antonin Bobichon,2021-2022,Midfielder,11,5.29451,0.0003030214234327469,6.814771926088066e-05,0.13617,2e-06
player_983d099d1aa2,Pierre Lees-Melou,2024-2025,Midfielder,13,5.97039,0.000302964878734743,0.0009493723721583741,0.15454,0.0
player_aa3ab7f817d7,Maxwel Cornet,2019-2020,Midfielder,13,5.72479,0.0003029639019957992,0.0017391921102971365,0.1495,0.0
player_7a35ca1caaaf,Michele Di Gregorio,2024-2025,Goalkeeper,11,6.82182,0.00030295665748706306,3.8666257465711307e-05,0.10009,0.005853
player_dda36e3a5eb7,Sean Longstaff,2021-2022,Midfielder,13,5.55535,0.00030293729887810985,0.003445726241908612,0.14865,0.0
player_193bbc009509,Aihen Muñoz,2021-2022,Defender,12,5.13888,0.00030291569050410963,0.0003772829294562772,0.1343,0.0
player_bf71cee9825f,Benjamin Bourigeaud,2021-2022,Midfielder,14,5.29997,0.0003028206901231654,0.0007928455826707695,0.14407,0.0
player_e2b5c5b947ea,Moreto Cassamã,2021-2022,Midfielder,13,5.01799,0.00030280017295776073,0.003576021771600608,0.16432,0.0
player_699dd713aade,Marcel Sabitzer,2023-2024,Midfielder,12,4.74931,0.00030272393916102615,0.00013829090163968282,0.12174,0.0
player_1e3b43b03083,José Campaña,2021-2022,Midfielder,12,4.94125,0.00030268302393331067,0.00023059830496105095,0.12222,0.0
player_5ec239f75497,Matteo Ruggeri,2021-2022,Midfielder,13,5.38646,0.00030268046060073913,0.0007345585709286756,0.15169,0.0
player_7b30f5c90092,Alexis Mac Allister,2021-2022,Midfielder,12,5.62256,0.0003026189766312458,0.0003205194735662983,0.13586,0.0
player_88009c21e878,Mohamed Salah,2022-2023,Forward,12,5.81142,0.0003025354511291612,0.00016807745306181236,0.12883,0.0
player_656eda72b77b,Ollie Watkins,2021-2022,Forward,12,6.08198,0.0003025195070679934,0.0001595822627612501,0.14107,0.0
player_b73717357625,Tammy Abraham,2021-2022,Forward,12,5.90213,0.0003024806962443294,0.0007065037008218126,0.14915,0.0
player_1571927ddf4f,Michael Esser,2021-2022,Goalkeeper,11,6.44856,0.0003023665177312276,0.00990529623877017,0.15161,0.004913
player_419e68e34ea7,Omar Marmoush,2021-2022,Forward,12,5.42215,0.00030233676974013643,0.0004751960959484,0.1548,0.0
player_70080aa08b4f,Neymar,2019-2020,Midfielder,13,4.38294,0.000302270947141313,0.0013321114118638058,0.12751,0.0
player_c17a2dd66f34,Tobias Strobl,2021-2022,Midfielder,13,5.20362,0.0003021707588194268,0.005850892178304916,0.17131,0.0
player_a041acdf517e,Maximilian Eggestein,2021-2022,Midfielder,12,6.34495,0.00030209249147941414,0.000539687528779834,0.14358,0.0
player_563dc3e59e8c,Daniel Bachmann,2021-2022,Goalkeeper,12,7.05869,0.00030206982331230415,0.00566981650024652,0.13829,0.050721
player_b77304495829,Wojciech Szczesny,2018-2019,Goalkeeper,11,7.57815,0.00030198558670334823,0.000405039051443814,0.12286,0.000143
player_81eebe4daf6d,Rui Silva,2021-2022,Goalkeeper,12,8.27914,0.00030191559764746747,0.0011886675659448158,0.11928,0.152097
player_8d6616883f71,Iago Aspas,2021-2022,Forward,12,5.68879,0.0003018958125089315,0.0002407499364141803,0.14273,0.0
player_3f22848cf530,Xaver Schlager,2022-2023,Midfielder,12,5.14954,0.0003018646577513843,0.0001900336065277686,0.14474,0.0
player_b2c9cf06d964,Amine Bassi,2021-2022,Midfielder,13,4.89845,0.00030169471879212313,0.003001805483294386,0.16157,0.0
player_88009c21e878,Mohamed Salah,2019-2020,Forward,12,5.71215,0.00030167546842361083,0.0005919338666423058,0.13317,0.0
player_3c831b876181,Ryan Gravenberch,2024-2025,Midfielder,13,5.12419,0.0003014861101881236,0.001448284170236823,0.13204,0.0
player_f857fca2449a,Fabian Frei,2017-2018,Midfielder,13,5.50894,0.0003012841559241494,0.0020037404762632905,0.16102,0.0
player_bc552393e52c,Martín Cáceres,2021-2022,Defender,13,5.15046,0.000301203782087163,0.0015239408890172941,0.13227,0.0
player_084297f1804a,Janis Antiste,2021-2022,Forward,13,5.57387,0.00030120073443671457,0.0014932704041454527,0.15283,0.0
player_71dfb59dce21,Yunus Musah,2021-2022,Midfielder,12,5.19141,0.0003011737040007389,0.0013916072651820085,0.1528,0.0
player_9272cbb9e792,Phil Foden,2023-2024,Forward,12,5.72334,0.0003011358685603119,0.00012557005155747235,0.12822,0.0
player_a5d35d9c1d3e,Sèrge Aurier,2019-2020,Defender,12,4.64672,0.00030107980716765053,0.00064627452088174,0.1225,0.0
player_3bc89ff4028c,Josko Gvardiol,2023-2024,Defender,12,5.85919,0.00030103149692318164,0.00019003870310245794,0.12743,0.0
player_3f603d96932e,Wajdi Kechrida,2021-2022,Midfielder,12,5.49473,0.0003009694035849163,0.00036253750842021285,0.14526,0.0
player_352d6e827787,Anthony Elanga,2021-2022,Midfielder,13,5.80656,0.0003008573153657331,0.001206375673680985,0.14467,0.0
player_4d8834d5373d,Domingos Duarte,2021-2022,Defender,12,4.97333,0.00030061881330762735,0.000482025261389137,0.13258,0.0
player_0702e6dee64e,Lionel Messi,2017-2018,Forward,12,5.27069,0.00030061357481593474,0.00031619558256241944,0.13827,0.0
player_8a968eba4665,Aleksandar Kolarov,2021-2022,Defender,12,4.60731,0.00030056762732538024,0.003112273565470028,0.15196,0.0
player_69ff2b57386b,Jan Bednarek,2021-2022,Defender,12,5.36183,0.00030056372870806844,0.0006764448231097102,0.13791,0.0
player_6aea080a1b7a,Vladyslav Supriaha,2021-2022,Forward,13,3.66066,0.0003005500482512839,0.009184146522159084,0.1818,1e-06
player_4c1598531e91,Youssouf Fofana,2021-2022,Midfielder,12,5.78997,0.00030054803766241863,0.0003886984892893073,0.14708,0.0
player_baea09791506,Yan Valery,2021-2022,Defender,11,5.44288,0.00030052006362491917,0.0021019449951264033,0.14621,0.0
player_3234636c8aa3,Nehuén Pérez,2021-2022,Defender,12,6.06394,0.00030046499354592925,0.0005139771705410717,0.14356,0.0
player_2cfa7177f640,Tobias Sippel,2021-2022,Goalkeeper,12,8.00382,0.00030042263231873275,9.248270139198655e-05,0.11615,0.000259
player_e80e8e281750,Leon Goretzka,2020-2021,Midfielder,12,6.11658,0.0003003928182386141,0.0005876412788125416,0.14602,0.0
player_ba15b22bf49a,Jorge de Frutos,2021-2022,Midfielder,12,5.3969,0.00030027031813920855,0.0002680008244298315,0.14665,0.0
player_07cd8345d591,Fabien Lemoine,2021-2022,Midfielder,12,4.98742,0.0003002675454583653,0.0017088753372136096,0.14968,0.0
player_84ce1fddf4aa,Fabinho,2018-2019,Midfielder,12,5.48834,0.0003002597999057187,0.0017951717053906113,0.14963,0.0
player_b85016598c33,Jérôme Roussillon,2021-2022,Defender,12,5.40614,0.0003002113408466812,0.0030167402777839247,0.14821,0.0
player_9c887f66cd1b,Iñaki Williams,2021-2022,Forward,12,5.64545,0.0003000376949663421,0.0001739563628086805,0.13995,0.0
player_f48bf73d2d97,Ignatius Ganago,2021-2022,Forward,12,5.72279,0.00029993244101551213,0.0010349290277484077,0.14626,0.0
player_22a21fc29b6d,Riccardo Orsolini,2021-2022,Midfielder,12,6.14868,0.00029989400366771727,0.00014007863987901213,0.13799,0.0
player_81c856596937,Erling Haaland,2022-2023,Forward,12,5.20978,0.0002997541368584614,0.00026156165631251746,0.13238,0.0
player_f7ef8d705c90,Alexander Nübel,2021-2022,Goalkeeper,12,8.05233,0.0002996859634292744,0.0002133896582077568,0.10756,0.129744
player_bbb6ec7a8f62,Nicolas Haas,2021-2022,Midfielder,12,5.55202,0.000299661288945924,0.0018227944125804563,0.16308,0.0
player_732fa79a9786,Gerard Yepes,2021-2022,Midfielder,11,4.5287,0.0002996416017054819,0.00025705202854281846,0.13537,0.0
player_ef47035e5468,Khvicha Kvaratskhelia,2024-2025,Forward,12,5.40742,0.00029956250129303347,0.0007619978312385945,0.13731,0.0
player_3f22848cf530,Xaver Schlager,2023-2024,Midfielder,12,5.43794,0.0002995580282534997,0.0020350802807864465,0.15675,0.0
player_d5ca38b3a6c2,Christoph Baumgartner,2021-2022,Midfielder,12,5.45505,0.00029955571618954334,0.0009241162646857976,0.15196,0.0
player_e801f3b7e8b9,Jorge Meré,2021-2022,Defender,12,5.33663,0.00029954924652328435,0.0012532730288368683,0.16043,0.0
player_e7e2ecbf256a,Junior Messias,2021-2022,Midfielder,12,5.96991,0.00029935455575624814,0.0004706259227945961,0.14686,0.0
player_7b16eb5310ae,Andoni Gorosabel,2021-2022,Defender,12,5.4718,0.00029928219803127654,0.0006766450953551742,0.14519,0.0
player_bc1bd64572f1,Carmona,2021-2022,Defender,12,4.77159,0.000299185441035453,9.75720438774011e-05,0.13724,0.0
player_b1ef0953bf9b,Pascal Stenzel,2021-2022,Defender,12,5.87475,0.00029913204785075046,0.0010346802087105357,0.15556,1e-06
player_7d236cb852e8,Kacper Urbanski,2021-2022,Midfielder,11,3.88382,0.0002989797192439048,0.0011813540953026919,0.16639,0.0
player_e46a40090301,Gerard Gumbau,2021-2022,Midfielder,12,4.53382,0.00029894943563505425,0.0007342914992129604,0.13802,0.0
player_aa4b4f639288,Luca Fiordilino,2021-2022,Midfielder,12,5.58633,0.0002988749630069761,0.0014299549072016129,0.15648,0.0
player_14e4dc777fc9,Bukayo Saka,2021-2022,Forward,12,5.82176,0.0002988556186210999,0.00013586285196225928,0.13175,0.0
player_8fcea8f684aa,Stephy Mavididi,2021-2022,Midfielder,13,6.33503,0.0002988051167348175,0.0003425556269774975,0.14369,0.0
player_a275466c20c3,Wisdom Amey,2021-2022,Defender,13,4.92293,0.00029878834493766553,0.0022319909830240837,0.1533,0.0
player_515a33072e3d,Néstor Araujo,2021-2022,Defender,12,6.56519,0.000298784611605599,0.00021449395463538152,0.12589,0.0
player_541e33288619,Andrea Barzagli,2017-2018,Defender,12,5.17915,0.0002987460216189079,0.0016294654830554178,0.14351,0.0
player_673bec879224,Joakim Nilsson,2021-2022,Defender,13,4.89385,0.0002987365114600132,0.00020795578411586163,0.14752,0.0
player_da06433fc9cb,Julian Ryerson,2024-2025,Midfielder,11,4.80084,0.000298677063098868,0.0001361397814296173,0.12273,0.0
player_b49993deb563,Declan Rice,2024-2025,Midfielder,12,5.10501,0.0002986659006335049,0.00018418594638214633,0.13279,0.0
player_9322d5a0d585,Marcus Thuram,2020-2021,Forward,11,4.063,0.00029864611693671277,0.000836273466437536,0.12263,0.0
player_449dbe64c804,Gerard Martín,2024-2025,Defender,13,4.98573,0.0002986112467445061,0.002319512510321938,0.1592,0.0
player_e9c7d935e74f,Aymen Barkok,2021-2022,Midfielder,13,4.54938,0.0002985803609443276,0.0010805945326211438,0.1611,0.0
player_f28e8aa701ba,Robert Sánchez,2021-2022,Goalkeeper,10,4.57285,0.00029857283676618665,1.4006061535644918e-07,0.07682,0.0
player_2a93b323f7fb,Cédric Bakambu,2021-2022,Forward,13,4.53356,0.0002984148653094121,0.003010537531193316,0.15334,0.0
player_049d072102fa,Niklas Süle,2021-2022,Defender,12,5.45496,0.00029833274782663975,0.0006171590400775999,0.13827,0.0
player_dfef6fe0e35c,Youcef Atal,2021-2022,Defender,13,5.80571,0.00029825960996845074,0.0009682900449170518,0.14712,0.0
player_9f511b73b7a1,Paulinho,2017-2018,Midfielder,13,5.6124,0.000298026208820045,0.0006913355164658552,0.1503,0.0
player_ed8b588cfbe9,Alessandro Zanoli,2021-2022,Midfielder,12,4.93653,0.00029797312620598304,0.005006559151532953,0.17131,0.0
player_e6089260968a,Kurt Zouma,2020-2021,Defender,12,5.47139,0.0002978073114965789,0.0007262732301257963,0.13506,0.0
player_69a0717472db,João Cancelo,2019-2020,Defender,12,5.29229,0.0002977929331478375,0.00038031847979400334,0.1356,0.0
player_2c40837dd4b9,Sandro,2017-2018,Midfielder,12,5.07783,0.00029778979410539507,0.00208231158918288,0.15422,0.0
player_f0324250137a,Tolgay Arslan,2021-2022,Midfielder,12,5.6448,0.0002977792571868307,0.001167443403781856,0.15234,0.0
player_0afb9b50e2d4,Tony Jantschke,2021-2022,Defender,12,5.23049,0.0002977522289309722,0.0007714158354847823,0.14816,0.0
player_bcb4c27c5c41,Caleb Ekuban,2021-2022,Forward,12,5.27518,0.0002977295958687559,0.0006591585045310959,0.15377,0.0
player_900134e3c9a0,Borna Sosa,2021-2022,Midfielder,13,5.62735,0.0002977232457841878,0.0006659646391040397,0.15307,0.0
player_89f4cba68559,Oleksandr Zinchenko,2017-2018,Defender,11,5.11499,0.0002977044475229472,0.0034313292963069316,0.15653,0.0
player_5ff9408cfc34,Georginio Wijnaldum,2018-2019,Midfielder,11,5.02528,0.00029747710782882794,0.0002294332750420919,0.13125,0.0
player_353f1e4b5f8d,Olivier Giroud,2020-2021,Forward,12,4.88065,0.00029739904748421903,0.0004765265457705026,0.14078,0.0
player_244491437a8b,Mateo Kovacic,2019-2020,Midfielder,12,5.82809,0.00029732487969302585,0.0005688545411489391,0.14289,0.0
player_b4f3dccfb08b,Caio Henrique Oliveira Silva,2021-2022,Defender,12,5.06515,0.0002971297237519514,0.00041843498064722843,0.14435,0.0
player_7bd3801e1972,Diogo Jota,2022-2023,Forward,13,5.08704,0.0002969973498599188,0.0018687158137677324,0.15531,0.0
player_a2c4adc3b824,Unai Vencedor Paris,2021-2022,Midfielder,12,6.10278,0.00029695155364538295,0.00023913634040511968,0.1364,0.0
player_59b42586de25,Paul Nardi,2021-2022,Goalkeeper,11,6.54417,0.000296918464285004,0.00017985329770924365,0.12906,0.030772
player_93ef03246029,Ömer Toprak,2018-2019,Defender,12,5.05179,0.0002968457730744595,0.003399554665033735,0.14864,0.0
player_a055d3e58c07,Robert Lewandowski,2019-2020,Forward,11,5.28999,0.00029684161833701906,0.00028304942709626667,0.12857,0.0
player_32806edcbce9,Salomón Rondón,2021-2022,Forward,11,3.7894,0.0002967945343019814,0.0009407724040669266,0.1243,0.0
player_e80e8e281750,Leon Goretzka,2019-2020,Midfielder,12,5.94469,0.00029676312216102063,0.0004750339252852495,0.14527,0.0
player_8a4f22f428c0,Nordi Mukiele,2024-2025,Defender,13,5.60461,0.0002966237450544968,0.0009221717565766325,0.14368,0.0
player_325b610061a4,Helibelton Palacios,2021-2022,Defender,11,6.11321,0.0002965729616544248,0.00023298243761995241,0.14092,0.0
player_7a260dd7805a,Lukas Klostermann,2020-2021,Defender,14,6.00104,0.00029652924501717476,0.0019719335927350506,0.13822,0.0
player_e7ab5bb9641e,Julian Brandt,2023-2024,Midfielder,12,5.45255,0.0002965265524763884,0.0004735480101105493,0.13384,0.0
player_1a742f02f2cc,Thomas Lemar,2021-2022,Midfielder,13,5.60023,0.00029650461543728046,0.0009221901404945479,0.14302,0.0
player_831e6ba2f0ce,Steve Mounié,2021-2022,Forward,12,5.91563,0.00029641421459577615,0.0003056694486207103,0.14271,0.0
player_a7a34c419974,Héctor Herrera,2021-2022,Midfielder,12,4.7858,0.0002962413130431104,0.0020642456861211956,0.15727,0.0
player_207e1b5caf22,Antonio Rüdiger,2024-2025,Defender,11,5.72001,0.00029604137051928445,0.00016703794208024442,0.12207,0.0
player_3d2935dd7d7b,Rodrigo Becão,2021-2022,Defender,13,6.51575,0.00029598059964434963,0.0001448911961879088,0.13435,0.0
player_515793d7c749,Simeon Nwankwo,2021-2022,Forward,12,5.28058,0.00029597028834174105,0.0014858223059749012,0.15239,0.0
player_df86b70da7cf,Presnel Kimpembe,2020-2021,Defender,11,4.80004,0.0002958801842761517,0.00012796136389217605,0.12002,0.0
player_7090610ff05d,Wladimiro Falcone,2021-2022,Goalkeeper,12,6.71801,0.0002958071422188176,0.0015272571632280049,0.13472,0.042541
player_8547ac8282ea,Francesco Caputo,2021-2022,Forward,12,5.33005,0.0002957701399846186,0.00029671943242397106,0.13584,0.0
player_b3e578206caa,Stefan Ortega,2021-2022,Goalkeeper,12,8.43275,0.0002957050020632337,0.00012023694219369308,0.10573,0.198952
player_9ebc3b039b42,Aymeric Laporte,2020-2021,Defender,12,5.75596,0.00029566061178723204,0.0005687117981635648,0.1275,0.0
player_76db68856d36,Giovanni Di Lorenzo,2021-2022,Defender,12,5.87331,0.00029561563172248703,0.000493181604523411,0.13616,0.0
player_3645090159ca,Claudio Bravo,2021-2022,Goalkeeper,12,7.51256,0.000295609534959514,0.0007104306208230892,0.12378,0.09672
player_78db0a98501c,Anthony Martial,2018-2019,Forward,12,5.14627,0.00029551081632251845,0.0005187796068675651,0.13294,0.0
player_3607b6686fd5,Edinson Cavani,2019-2020,Forward,12,4.9605,0.00029544407147946586,0.0018234375753501861,0.14947,0.0
player_a055d3e58c07,Robert Lewandowski,2024-2025,Forward,11,5.11104,0.00029521478603295023,0.00018758913076169853,0.1287,0.0
player_30b9c955206f,Liberato Cacace,2021-2022,Defender,11,5.66468,0.00029520407871773565,0.0002983907634452555,0.1433,0.0
player_f812c4edb180,Thomas Mangani,2021-2022,Midfielder,12,4.2698,0.00029502172545029274,0.0016098672933916034,0.15895,0.0
player_0b9d7d7773b1,Mattia Bani,2021-2022,Defender,12,6.01754,0.0002949700682916616,0.0009722592084540963,0.13961,0.0
player_bc733e762acd,Viktor Kovalenko,2021-2022,Midfielder,12,5.50003,0.0002949373380538446,0.0008403309162928862,0.15496,0.0
player_ed8e0319c44d,Angelo Ogbonna,2021-2022,Defender,11,4.56522,0.0002948965892684382,0.0017043743376017504,0.15668,0.0
player_203d93a73633,Nico Schulz,2020-2021,Defender,12,5.759,0.00029479662282523675,0.0001480507965801556,0.13564,0.0
player_43b7d71496c3,Ludovic Ajorque,2021-2022,Forward,11,3.96934,0.0002947157623211781,0.001383688121017303,0.11619,0.0
player_564989cf9096,Juan Bernat,2017-2018,Defender,11,5.07034,0.0002946797604945446,0.0006390025054503792,0.15474,0.0
player_89f88278765d,Giulio Maggiore,2021-2022,Midfielder,12,6.2302,0.0002946732644780607,0.0002021070521788358,0.14459,0.0
player_c38a8e00dfd2,Jesús Owono,2021-2022,Goalkeeper,10,5.94831,0.0002946012729907786,0.0011737190934639086,0.13341,0.001059
player_5e8e3f763c62,Antonio Valencia,2017-2018,Defender,12,5.61521,0.00029454901839968197,0.0008697333348895678,0.14615,0.0
player_8f30574fdf94,Jan Oblak,2019-2020,Goalkeeper,10,6.9232,0.0002944910582572809,3.779391726133891e-05,0.11236,0.00019
player_f5dec5be3750,Sergio Reguilón,2018-2019,Defender,12,5.20763,0.00029438329607843684,0.0024420577196213964,0.15405,0.0
player_5449dec1e0da,Xavi Simons,2021-2022,Forward,12,3.88078,0.0002943159736019932,0.0049828446649114845,0.16282,0.0
player_5d95bf6d46fa,Pathé Ciss,2021-2022,Midfielder,12,5.60281,0.00029429424786025474,0.0010211930617397582,0.15566,0.0
player_a90ffd794f93,Matías Vecino,2021-2022,Midfielder,13,5.05493,0.0002942324639243826,0.004317620568446447,0.16792,0.0
player_4e2f58deb2b8,Maghnes Akliouche,2024-2025,Midfielder,12,5.31552,0.00029419139108181127,0.0011497456881538405,0.14949,0.0
player_4cc574b1b977,Clément Lenglet,2017-2018,Defender,12,5.27104,0.000294189499194228,0.0002198517537801112,0.13661,0.0
player_88a55f3a0b04,Sergio Postigo,2021-2022,Defender,11,6.15489,0.00029406301460502894,0.0002070519593934855,0.13788,0.0
player_bb2deb8f9cbd,Rolando Mandragora,2021-2022,Midfielder,12,4.76351,0.0002940595517402552,0.0006909667899019286,0.13207,0.0
player_c97e721da208,Antonio Raimondo,2021-2022,Forward,13,3.85742,0.0002940041505553137,0.0024323429987459055,0.16351,0.0
player_11580a648801,Timothy Castagne,2021-2022,Defender,12,5.45018,0.00029393020832363934,0.0014089308006259927,0.13497,0.0
player_523e28bc1683,Diego Perotti,2017-2018,Midfielder,12,5.25185,0.00029390957571383643,0.0007139577208319608,0.14333,0.0
player_2c7c29acf923,Shandon Baptiste,2021-2022,Midfielder,12,4.86039,0.0002938116760910068,0.00026022821531212917,0.11831,0.0
player_d167a8b5937a,Álvaro Morata,2019-2020,Forward,11,3.94516,0.0002937287057173019,0.00042547424622080385,0.12198,0.0
player_5ef16e17864d,Ilkay Gündogan,2019-2020,Midfielder,12,5.57026,0.0002936239840294062,0.001069080625615639,0.14323,0.0
player_6f7e25c1af24,Michael Gregoritsch,2021-2022,Forward,12,5.31259,0.00029361360968707467,0.0006141454647677286,0.14887,0.0
player_b7f8dfcf4bc1,Reinier,2021-2022,Midfielder,11,4.97999,0.000293592173335885,9.61903691329762e-05,0.14553,0.0
player_f116a5d23233,Jonathan Schmid,2021-2022,Midfielder,11,5.28999,0.0002935429341481306,0.001157660489885987,0.15096,0.0
player_8627870878f5,Achraf Hakimi,2018-2019,Defender,12,5.1195,0.00029342109133655554,0.000540364759344673,0.14328,0.0
player_151463b44dad,Carlo Pinsoglio,2021-2022,Goalkeeper,13,6.79015,0.0002933602267880887,0.0038673806811530017,0.12816,0.000162
player_13933ec72173,James Maddison,2021-2022,Midfielder,12,5.46693,0.00029329142905568545,0.00021222564256130502,0.13916,0.0
player_e80e8e281750,Leon Goretzka,2023-2024,Midfielder,12,5.92163,0.0002932328828723459,0.00041431281865246273,0.13865,0.0
player_0b0062cd6031,Tiago Tomás,2021-2022,Forward,13,5.26216,0.0002931954807095797,0.004598926584287449,0.15887,1e-06
player_e7e2ecbf256a,Junior Messias,2022-2023,Midfielder,12,5.41922,0.0002931501415112727,0.001525948564153591,0.15163,0.0
player_9ebc6b3883d3,Mauro Icardi,2019-2020,Forward,12,4.78288,0.0002930787373972094,0.0007286287407196103,0.14236,0.0
player_da0f06da9373,Son Heung-Min,2018-2019,Midfielder,12,4.4108,0.00029305988286736453,0.00035556981089934927,0.12061,0.0
player_0ba8653244e1,Sven Ulreich,2017-2018,Goalkeeper,11,6.37196,0.0002929989453385638,4.6466217532719755e-05,0.10298,0.003787
player_bc38c5e668b4,Ibrahima Niane,2021-2022,Forward,12,3.84952,0.0002928147296181798,0.00024216425050810564,0.1188,0.0
player_cebbaa9ba661,Kingsley Ehizibue,2021-2022,Defender,13,5.23916,0.0002927394106098917,0.005636420810781095,0.16565,0.0
player_0c92f12a89d7,Eliot Matazo,2021-2022,Midfielder,12,5.54635,0.0002927390647375656,0.0007598967216516527,0.1463,0.0
player_a12a23784ca8,José Fonte,2021-2022,Defender,12,5.80735,0.0002927234138686969,0.0005444929954433504,0.13421,0.0
player_582fda602dfa,Ante Budimir,2021-2022,Forward,12,5.25715,0.0002926214143041707,0.0005293849883771655,0.13684,0.0
player_dbc104f58c16,Bilal Brahimi,2021-2022,Forward,12,4.92578,0.00029259439152174533,0.005891208547467007,0.16468,0.0
player_ec878b562dc2,Waldemar Anton,2024-2025,Defender,12,5.56197,0.0002925539034627655,0.0014985656782591902,0.14019,0.0
player_42c0f010208c,Daniel Bessa,2021-2022,Midfielder,13,4.31494,0.00029255017963711804,0.0035255300831595927,0.14204,0.0
player_564989cf9096,Juan Bernat,2021-2022,Defender,12,4.33029,0.0002925138235072897,0.0005214970335137545,0.15275,1e-06
player_303285cac0d0,Martin Hongla,2021-2022,Midfielder,12,5.30018,0.0002924008612532714,0.0007937442375715228,0.15663,0.0
player_c3144b22042c,Karim Rekik,2021-2022,Defender,12,4.88072,0.0002923394217952278,0.005017211358910228,0.15883,0.0
player_65509a8700ec,Vitaly Janelt,2021-2022,Midfielder,12,5.59221,0.0002923372926754516,0.0007214488079666552,0.14759,0.0
player_a97d73c3f74e,Marko Pjaca,2021-2022,Forward,12,5.17874,0.0002922890695696677,0.0004599609222650351,0.15004,0.0
player_4020e6242d61,Oussama Idrissi,2021-2022,Midfielder,12,5.58109,0.00029222866665756596,0.0012127973726288243,0.15266,0.0
player_c6cc8094c2dc,Pedro,2021-2022,Forward,12,4.92657,0.00029218111160843617,0.0005175294337403471,0.14955,0.0
player_22473760aa1a,Kiko Casilla,2021-2022,Goalkeeper,12,6.78837,0.00029216652358102387,0.0017311407800521513,0.13438,0.048367
player_16a180d557bd,Iván Marcano,2018-2019,Defender,12,5.72093,0.00029210858197607737,0.0003511074432969365,0.15029,2e-06
player_b9b1c109f63a,Elba Rashani,2021-2022,Midfielder,13,5.27732,0.0002919916091193342,0.0010299107977864582,0.15193,0.0
player_de62d68d0f84,Jeremy Dudziak,2021-2022,Midfielder,13,5.53589,0.00029198905545156677,0.0009995998785702002,0.15174,0.0
player_7ea694b501ac,Samir Santos,2021-2022,Defender,12,6.14904,0.00029197147411752657,0.00031106023906581553,0.14107,0.0
player_ef1d5d9e224e,Moussa Niakhate,2021-2022,Defender,12,5.01666,0.0002918944052941476,0.0007222106966637124,0.14734,0.0
player_a3dce168edcb,Sergio Romero,2021-2022,Goalkeeper,12,7.32993,0.00029189189010461394,0.0005825377845240678,0.12118,0.092297
player_e9b209aa8fa8,Marwin Hitz,2020-2021,Goalkeeper,12,6.62998,0.00029183321872790506,0.004308135923421335,0.12145,0.00961
player_7a10ba36b96a,Keven Schlotterbeck,2021-2022,Defender,12,5.12069,0.0002917607971720762,0.0013932943534493089,0.15086,0.0
player_c58128c7773c,Kevin De Bruyne,2017-2018,Midfielder,12,5.62032,0.00029169133816417164,0.00023322320706080954,0.13523,0.0
player_ea02ce856ef4,Mateu Morey,2020-2021,Defender,12,4.74365,0.00029161233729585944,0.01130497575754261,0.16759,0.0
player_d42add5ac776,Liam Cooper,2021-2022,Defender,12,6.05138,0.00029155318150622206,0.001063436215974627,0.14041,0.0
player_01412d1f662c,Alphonse Areola,2017-2018,Goalkeeper,11,6.69385,0.00029147371707927724,0.001219664745702228,0.12059,0.000181
player_edd5de249f5b,Jakub Moder,2021-2022,Midfielder,12,5.42942,0.0002914171027052298,0.0005116372624125314,0.14952,0.0
player_5bc3ec66054e,Silas Katompa,2021-2022,Midfielder,12,5.12346,0.00029136436380089686,0.0012823046788878977,0.15495,0.0
player_6cd56b1c160e,Omar Mascarell,2021-2022,Midfielder,11,5.96195,0.0002912231741535543,0.00022216310052980412,0.13668,0.0
player_dc0f1e9684a0,Ibrahima Mbaye,2021-2022,Defender,12,4.96501,0.0002912137052369454,0.0021169112250016037,0.16135,0.0
player_97f076f58877,Davide Frattesi,2021-2022,Midfielder,12,6.26169,0.00029108424831270557,0.00029417037204176064,0.14123,0.0
player_f137f2ec920e,Torben Müsel,2021-2022,Forward,11,4.79603,0.00029093014044526133,0.00030283618952491357,0.1361,0.0
player_9ae39616f4af,Adam Idah,2021-2022,Forward,12,5.09836,0.00029091013564077836,0.0021069039412372126,0.15724,0.0
player_a11bfbbbcdfb,Sergio Santos,2021-2022,Defender,9,4.51997,0.00029084296862775204,0.0004115748178636553,0.1432,0.0
player_c00318b81e51,John Ruddy,2021-2022,Goalkeeper,10,6.08079,0.00029072382919917466,0.005154257670930473,0.15129,0.001142
player_be3a12e2941d,Jonny Castro,2021-2022,Midfielder,12,4.93457,0.0002907137218923844,0.0010065649322161755,0.1544,0.0
player_ab35d555ccdd,David López,2021-2022,Defender,12,4.437,0.0002907080788850575,0.0023587762212265375,0.15694,1e-06
player_f52996d8a757,Mario Suárez,2021-2022,Midfielder,12,5.15482,0.00029063256519148506,0.0010059810443464835,0.16127,0.0
player_da7a2564d1c9,Alfred Gomis,2021-2022,Goalkeeper,11,7.65399,0.00029062290243990973,9.319942177381034e-05,0.11034,0.0835
player_7d03385f721d,Danny Welbeck,2021-2022,Forward,12,5.32292,0.00029060897160327216,0.0003745365974704553,0.14256,0.0
player_55c03b7cfcaf,Pepe Reina,2020-2021,Goalkeeper,11,6.58289,0.0002904983991040534,0.0001235097366810687,0.10291,0.005052
player_745563c4992c,Vinícius Júnior,2024-2025,Forward,10,3.87324,0.0002903489108891257,0.0008004488399926003,0.12798,0.0
player_7518546a0cf2,Moussa Doumbia,2021-2022,Midfielder,13,3.64402,0.00029034283630234565,0.0003545106783144782,0.15543,0.0
player_30f69badfa96,James Tarkowski,2021-2022,Defender,11,5.64174,0.00029026721365076817,0.00016747207985039992,0.13645,0.0
player_c23da315e652,Dominik Greif,2021-2022,Goalkeeper,10,6.35308,0.0002902599713724691,0.005926747878081712,0.15128,0.000498
player_f29d2b03b1c2,Joan Sastre Vanrell,2021-2022,Defender,12,5.09569,0.0002901930487045619,0.0035870952417136523,0.15919,0.0
player_547244ca428f,Bastian Oczipka,2021-2022,Midfielder,11,5.39973,0.0002901007052120962,0.0007336137412603978,0.14744,0.0
player_0a3a7afff29d,Christian Nørgaard,2021-2022,Midfielder,12,6.22481,0.0002900600234798613,0.00025732013661464094,0.14807,0.0
player_2a1bf288fd34,Giovanni González,2021-2022,Defender,12,4.4913,0.00028987529638590864,0.0077765476754673695,0.17026,0.0
player_ed52ac169a9e,Kylian Mbappé,2022-2023,Forward,11,4.96902,0.00028973639058527915,0.00010551412202478125,0.13257,0.0
player_84ce1fddf4aa,Fabinho,2019-2020,Midfielder,12,5.58034,0.00028959501595241015,0.0003875880447761134,0.14861,0.0
player_8fd4cb861bd7,Toni Kroos,2020-2021,Midfielder,12,5.61184,0.0002895498804852829,0.005472699871891438,0.15941,0.0
player_2e817d22fc63,Stefan Lainer,2021-2022,Defender,12,5.39685,0.00028952208160982525,0.0006122598971913395,0.13881,0.0
player_907c0a2e7260,Leroy Sané,2017-2018,Midfielder,11,5.37188,0.00028951360370382774,0.00024706596488016744,0.13435,0.0
player_c5e9cb9a5544,Bryan Cristante,2018-2019,Midfielder,12,5.77267,0.00028941298755267875,0.0003797786591217216,0.14806,0.0
player_19984dcaea13,André,2024-2025,Midfielder,12,5.15745,0.0002893971573618928,0.00046797433702807967,0.13946,0.0
player_e8135b0b157b,Timothy Weah,2024-2025,Midfielder,13,4.97264,0.0002893962868682231,0.007062615056909683,0.15575,0.0
player_d28d9827e24f,Youcef Belaïli,2021-2022,Midfielder,12,5.55643,0.0002893707327059618,0.001937056114896945,0.16295,0.0
player_69a00eda0e39,Jérémy Morel,2021-2022,Defender,11,4.99768,0.0002892771968121064,0.0039015901456725646,0.14063,0.0
player_df162c830023,Martin Terrier,2018-2019,Forward,11,4.76996,0.00028925877006286214,0.0013464419020821532,0.14521,0.0
player_89f4cba68559,Oleksandr Zinchenko,2018-2019,Defender,12,5.19964,0.0002892192205505969,0.0007386881292533312,0.14228,0.0
player_7b340c195544,Yannik Keitel,2021-2022,Midfielder,12,5.21098,0.00028921549685462575,0.0011468567203477588,0.15511,0.0
player_3365e7eb8e9e,Thomas Müller,2022-2023,Midfielder,12,5.31439,0.00028913550513062465,0.00030634952344081145,0.13599,0.0
player_b8307c4b1219,Carney Chukwuemeka,2021-2022,Midfielder,12,4.89114,0.0002890174023741803,0.001126438009254223,0.15795,0.0
player_80f90ce41f75,Federico Di Francesco,2021-2022,Forward,12,5.11198,0.00028900963617429967,0.0006679421150819374,0.15394,0.0
player_09936d59ea74,Antonio Puertas,2021-2022,Midfielder,12,5.37022,0.0002890057798115544,0.00023413353684466912,0.15098,0.0
player_a246da0fd70c,Wuilker Faríñez,2021-2022,Goalkeeper,11,6.65293,0.0002889918091723608,0.0005917252091656389,0.1168,0.012098
player_df86b70da7cf,Presnel Kimpembe,2018-2019,Defender,11,4.61765,0.0002889632091465802,0.00035067056078037914,0.12029,0.0
player_320b3a59a649,Marquinhos,2024-2025,Defender,12,4.81331,0.00028879274709771167,0.0018569318602796655,0.14932,0.0
player_03c0db319e58,Walter Benítez,2021-2022,Goalkeeper,11,8.03136,0.0002887729174371419,5.817843258161661e-05,0.1108,0.144945
player_afada551822d,Pau Torres,2024-2025,Defender,11,5.19521,0.0002887377771790071,0.0007951477898597309,0.12779,0.0
player_ecea8629c43d,Danny Ings,2021-2022,Forward,12,5.07628,0.0002887098927534171,0.0016254267555706088,0.15159,0.0
player_14aa08a52b12,Mattia Destro,2021-2022,Forward,12,4.98938,0.0002886174108514939,0.0006380463038684554,0.13891,0.0
player_728fc9342c98,Gabriel Jesus,2023-2024,Forward,12,4.85824,0.0002885494947106034,0.0013632332433057967,0.1469,0.0
player_528b1210cdc3,Junior Dina Ebimbe,2021-2022,Midfielder,13,4.62603,0.00028849947566229666,0.002598450566240134,0.1658,0.0
player_92bb9c165611,Jurgen Ekkelenkamp,2021-2022,Midfielder,12,4.87238,0.00028844924036844545,0.0029875978396677197,0.16263,0.0
player_4ab9c1474cea,Alexis Tibidi,2021-2022,Midfielder,11,5.44568,0.00028838507095533676,0.00012117431816169483,0.1464,0.0
player_ca5ec8b819ec,Luca Waldschmidt,2021-2022,Midfielder,12,5.36765,0.00028835681728703517,0.0010559367538369576,0.14926,0.0
player_3abdf1104dac,Amath,2021-2022,Midfielder,12,5.44807,0.00028834011708416554,0.0011437221623014442,0.16018,0.0
player_38ce80e4ad11,Nolito,2021-2022,Midfielder,12,5.37365,0.00028827864640686553,0.0008495519259424216,0.15332,0.0
player_ac76294564cc,Florian Lejeune,2021-2022,Defender,11,5.04294,0.00028820507035568486,1.4002972231047965e-05,0.12034,0.0
player_c3389acaa6fb,Mattia Zaccagni,2023-2024,Midfielder,12,5.47953,0.00028817381527385826,0.0009666526070050568,0.15235,0.0
player_14e4dc777fc9,Bukayo Saka,2024-2025,Forward,12,4.68512,0.00028812466152627675,0.0021972311826558935,0.15113,0.0
player_d6c09a0959e4,Andrés Andrade Cedeño,2021-2022,Defender,12,5.31992,0.00028808402427534815,0.0036195341853838122,0.15905,1e-06
player_548aabc2547b,Mikel Balenziaga,2021-2022,Defender,12,6.08585,0.00028787403258591474,0.0007436295114244858,0.14277,0.0
player_d8d7ac1514a2,Kelvin Amian,2021-2022,Defender,12,4.38898,0.0002877102855174264,0.0006304712974133249,0.12678,0.0
player_220d8e1ddbe5,Ángel Di María,2021-2022,Forward,12,4.87927,0.0002876006057405511,0.002410019529190573,0.15617,0.0
player_a4384bd8f0df,Amadou Mbengue,2021-2022,Defender,12,5.52187,0.00028757460333029184,0.0002066601551755174,0.14292,0.0
player_944b82eca0a2,Enock Mwepu,2021-2022,Midfielder,11,5.34759,0.000287540442858924,0.0001047375458015545,0.1469,0.0
player_e1232c717bbc,Thorgan Hazard,2021-2022,Midfielder,12,5.14092,0.00028740024373546046,0.0003634527931936989,0.14438,0.0
player_570a90bfbf8c,Fred,2018-2019,Midfielder,12,5.33463,0.0002873711072445883,0.0008657922037971087,0.14542,0.0
player_f207d8cf0e45,Salih Özcan,2021-2022,Midfielder,11,5.5748,0.00028737056049266287,0.0002704728042503224,0.13818,0.0
player_ca4d4eaa7eae,Mërgim Vojvoda,2021-2022,Midfielder,12,5.36466,0.0002871597789682209,0.0011131257315199774,0.15471,0.0
player_da47c992f4f0,Julian Baumgartlinger,2021-2022,Midfielder,10,3.6022,0.00028714627745979045,0.0024446785195423636,0.17483,2e-06
player_a305e3e3f15e,Kaan Ayhan,2021-2022,Defender,12,4.44933,0.00028714564792180577,0.00046509652951405686,0.12897,0.0
player_f8b04e0f2955,Pablo Fornals,2021-2022,Midfielder,12,5.87468,0.0002871264741668276,0.0001832906853248236,0.14369,0.0
player_84af0560a55e,Jaïro Riedewald,2021-2022,Midfielder,10,4.55784,0.00028708751700396264,0.004050370286494261,0.15388,0.0
player_8a968eba4665,Aleksandar Kolarov,2018-2019,Defender,12,4.50926,0.0002869638771736306,0.0007927072638968825,0.12429,0.0
player_c57182e4b81a,Matt Targett,2021-2022,Defender,12,5.08382,0.00028695210985366863,0.0032713020210776516,0.14483,0.0
player_bafe18ebd59c,Herbert Bockhorn,2021-2022,Defender,12,5.71499,0.00028692321338579814,0.004519756766811509,0.15143,1e-06
player_acd4b644003d,Benjamin Mendy,2020-2021,Defender,12,4.34065,0.0002868802833501805,0.00364511802919257,0.16211,0.0
player_eeae9dbd1aa6,Lamine Yamal,2024-2025,Forward,12,4.80814,0.0002867471877123649,0.0005465827987200031,0.14165,0.0
player_d08d7dda1ba8,Charlie Goode,2021-2022,Defender,13,5.05662,0.00028673609709970333,0.017015037747722908,0.17361,0.0
player_4f3eec577141,Wilfried Singo,2024-2025,Midfielder,12,6.20859,0.00028672315974360296,0.00030214427831577035,0.14783,0.0
player_841a6734fe73,Sebastian Walukiewicz,2021-2022,Defender,11,5.42871,0.0002866810312639195,0.0003656528966649086,0.13701,0.0
player_552b20a78b8e,Luis Muriel,2017-2018,Forward,11,4.77578,0.00028653134537315924,0.00032000848256982215,0.14182,0.0
player_3c5e3fb9de0a,Azzedine Ounahi,2021-2022,Midfielder,11,5.10953,0.000286507481017728,0.0006256325067934534,0.13842,0.0
player_2c4bc4bbc866,Vitinha,2023-2024,Midfielder,12,5.69125,0.0002864052947097447,0.0004442069134626962,0.14249,0.0
player_11de5d137ad2,Nathan Tella,2021-2022,Midfielder,12,4.84702,0.0002863965953230112,0.001240893736335223,0.15722,0.0
player_fda1a2b9f735,Maxim Leitsch,2021-2022,Defender,11,5.30096,0.00028636726727130344,0.00023354310964214913,0.1395,0.0
player_4aba019d47a7,Jim Allevinah,2021-2022,Midfielder,12,5.24351,0.00028636530092568515,0.00034600968838192914,0.14844,0.0
player_a4b3480d5763,Nicolas Galazzi,2021-2022,Midfielder,12,3.3436,0.0002863596175785986,0.0016254355004163602,0.16953,0.0
player_a12fda75b36a,Diogo Dalot,2018-2019,Defender,11,5.01734,0.00028626862666042126,0.0006208842829324889,0.15524,0.0
player_80af7c711125,Jérémy Le Douaron,2021-2022,Forward,12,5.37376,0.0002862459606321337,0.0018536824993011555,0.1476,0.0
player_203d93a73633,Nico Schulz,2021-2022,Defender,12,4.5015,0.00028623134889749295,0.003556036770225142,0.15318,0.0
player_af06db1a483b,Jonjo Shelvey,2021-2022,Midfielder,12,4.45359,0.0002862242168458934,0.00019192462327533128,0.12224,0.0
player_4c9e3b4e9a24,Kingsley Michael,2021-2022,Midfielder,14,3.63105,0.00028618964397036207,0.0034566945023985405,0.16452,0.0
player_ce0e362bc3ba,Iván Romero,2021-2022,Forward,12,4.18142,0.00028618752880903516,0.0005666244260472448,0.16276,1e-06
player_7a92b1db694e,Djeidi Gassama,2021-2022,Forward,9,4.66269,0.0002861370552726408,3.215356562197314e-05,0.12346,0.0
player_fa17c5186044,Filippo Distefano,2021-2022,Forward,9,4.66269,0.0002861370552726408,3.215356562197314e-05,0.12346,0.0
player_d302f3bc0cee,Luis Alberto,2023-2024,Midfielder,12,5.46485,0.00028607984556086515,0.000994514548442101,0.14889,0.0
player_7d9d17f820a6,Ethan Ampadu,2019-2020,Defender,11,4.56854,0.00028607890373496246,0.00022245271557139084,0.1472,0.0
player_1d045ce9715c,Hakim Ziyech,2021-2022,Midfielder,12,5.33802,0.00028607576719918645,0.00043347138658920574,0.14821,0.0
player_4a0e74a96a7d,Matteo Guendouzi,2023-2024,Midfielder,12,4.68176,0.0002859737715175839,0.0003110069096704584,0.12003,0.0
player_f070f8e348b8,Kingsley Coman,2020-2021,Midfielder,12,5.03664,0.0002859509523486848,0.0004035701638668481,0.14452,0.0
player_a176e3df01e4,Adrien Truffert,2021-2022,Defender,12,5.59491,0.0002858763893498789,0.001116344204529194,0.1463,0.0
player_99dd9ca537eb,Ruben Loftus-Cheek,2022-2023,Midfielder,11,5.22637,0.00028586922928896565,0.00039826672165725076,0.14033,0.0
player_4b27e7efd85c,Marco Modolo,2021-2022,Defender,11,3.81495,0.0002858563347270688,0.002040407292161335,0.16254,0.0
player_220202d978f2,Amir Rrahmani,2021-2022,Defender,12,5.47161,0.0002858387185157998,0.0003057167214336101,0.13715,0.0
player_a80baccc898b,Roli Pereira de Sa,2021-2022,Midfielder,11,5.30916,0.00028583264456902275,0.0007451988722100431,0.14818,0.0
player_daec7b9f8cf9,Ivan Perisic,2021-2022,Midfielder,12,5.50938,0.000285821174906709,0.00022624142490641484,0.14043,0.0
player_f87bbb7887e8,Janis Blaswich,2022-2023,Goalkeeper,11,6.69103,0.0002857998793459214,0.0005022791800697288,0.11275,0.011278
player_fca4cbcf53f5,Mert Müldür,2021-2022,Defender,11,4.95511,0.00028576855019741214,0.0018517537568447904,0.14602,0.0
player_d82792e2983a,Dimitris Giannoulis,2021-2022,Defender,12,5.04777,0.0002857582586812814,0.0019145680568495916,0.15307,0.0
player_c8b477f1fa82,Suf Podgoreanu,2021-2022,Midfielder,13,3.80806,0.0002855873589024761,0.016899597199912682,0.18205,0.0
player_adebde21a579,Jacob Barrett Laursen,2021-2022,Defender,12,4.94568,0.0002854856831584628,0.0027736884917307796,0.14956,0.0
player_78699071d198,Lucas Torreira,2021-2022,Midfielder,12,4.44078,0.0002853976435415695,0.0008159677929455571,0.12544,0.0
player_215f0eca1645,Aleksandr Kokorin,2021-2022,Forward,12,3.40286,0.0002853547933336012,0.02413914045520579,0.18434,1.8e-05
player_36e4299ec13f,Kevin Strootman,2017-2018,Midfielder,12,5.49216,0.0002853213234636515,0.0016704550715454232,0.14784,0.0
player_46f212e80605,Jannik Vestergaard,2021-2022,Defender,11,5.01397,0.00028530043758919713,0.001239778457008207,0.14666,0.0
player_69a0717472db,João Cancelo,2018-2019,Defender,11,5.15568,0.0002852632155486156,0.0006559735882442433,0.14196,0.0
player_5a719fb440d9,Josan,2021-2022,Midfielder,12,5.51686,0.0002852251867300982,0.0006142366517497786,0.15147,0.0
player_813008359ef1,Kike Pérez,2021-2022,Midfielder,12,4.82034,0.0002852220789971466,0.0007576670362265147,0.15816,0.0
player_df4f9eda9c89,Benjamin Pavard,2023-2024,Defender,11,4.99725,0.0002852127230097484,0.002011102557812155,0.14698,0.0
player_7326d1347ee4,Renato Steffen,2021-2022,Midfielder,12,5.3971,0.0002852089358673765,0.002120688267454731,0.15784,0.0
player_2704ac7308b8,Damir Ceter,2021-2022,Forward,10,4.26761,0.00028499864338818297,0.0032100096557452743,0.15328,9e-06
player_c63221cba890,Scott McTominay,2017-2018,Midfielder,11,4.79942,0.00028493143211754345,0.0017473123615162776,0.15658,0.0
player_2c1a721cfd13,Pablo Sarabia,2017-2018,Midfielder,12,4.7597,0.00028488477022301173,2.3308663663250353e-05,0.11754,0.0
player_a53bd0415947,Fabio,2021-2022,Defender,12,4.58915,0.00028480842338923806,0.01125408771137542,0.15171,0.0
player_981d11c618dd,Davinson Sánchez,2019-2020,Defender,12,5.74098,0.0002847976249988259,0.0018580411196281832,0.151,0.0
player_41b5499b6e8e,Tristan Dingomé,2021-2022,Midfielder,12,5.09276,0.00028473983539911414,0.001957573677391556,0.15725,0.0
player_b6e867e1941b,Dominik Szoboszlai,2024-2025,Midfielder,12,5.89328,0.00028464227722755086,0.0005690228048644654,0.14648,0.0
player_c595b944376b,Oliver Skipp,2022-2023,Midfielder,11,5.04226,0.0002845566719427913,0.0002102280598724817,0.15431,0.0
player_7d970e0b1507,Justin Che,2021-2022,Defender,12,4.23652,0.0002845543974636792,0.00189693173234944,0.15146,0.0
player_244491437a8b,Mateo Kovacic,2017-2018,Midfielder,11,5.16654,0.0002845469315213095,0.00032823043463685634,0.13887,0.0
player_60cd4d7d03b0,Álex Collado,2021-2022,Midfielder,12,5.50302,0.00028453655563127,0.0023201983196771895,0.15852,0.0
player_80e6e341d132,David Raya,2021-2022,Goalkeeper,11,8.32338,0.00028450004267356935,4.811570365259085e-05,0.11047,0.225113
player_f602f4f37f1b,Moussa Sissoko,2021-2022,Midfielder,12,5.3291,0.0002843862087334998,0.00036748397364795446,0.14021,0.0
player_42c5190b5158,Rafael Leão,2022-2023,Midfielder,12,4.25514,0.0002843541158308627,0.00016279407490840116,0.12033,0.0
player_608673e5d9e4,Miralem Pjanic,2017-2018,Midfielder,12,5.66955,0.0002843461235846725,0.00033358070595880475,0.13912,0.0
player_e1c04b1f38c5,Rubén Rochina,2021-2022,Midfielder,12,4.95996,0.00028434371919982377,0.0006162089102087234,0.15481,0.0
player_ff3b8a45fd49,Marshall Munetsi,2021-2022,Midfielder,11,5.32232,0.0002843407966449678,0.00041407221359642123,0.15171,0.0
player_cda8d7816d63,Samu Castillejo,2021-2022,Midfielder,12,4.64772,0.0002842437157494192,0.0012205567866773574,0.15783,0.0
player_ab43d331e482,Léo Leroy,2021-2022,Midfielder,12,4.87584,0.0002842397476868115,0.001360156661938488,0.16147,0.0
player_c41214bf39f4,Kalifa Coulibaly,2021-2022,Forward,12,5.13932,0.0002841240509745877,0.0009681745609863397,0.15163,0.0
player_7a8c7713cdc9,Miguel Almirón,2021-2022,Midfielder,11,5.32295,0.0002841138488974017,0.0005228625860071362,0.14178,0.0
player_ae0ed73419c5,Joel Ward,2021-2022,Defender,11,5.00235,0.0002840974822939015,0.0006089211997235439,0.13619,0.0
player_6a4914270ee2,Gonçalo Paciência,2021-2022,Forward,12,4.77186,0.0002840433064210733,0.0007083903885760656,0.15471,0.0
player_ed21be524f85,Fermín López,2024-2025,Midfielder,13,4.17197,0.0002839984757651933,0.00029981257997113546,0.12125,0.0
player_e9bcd8e5fa92,Eric N'Jo,2021-2022,Defender,12,4.7134,0.0002839777154393977,0.004576386703767777,0.16945,0.0
player_e683ca42c21a,Harry Kane,2017-2018,Forward,11,4.96689,0.0002839767648962469,0.00025206075492010285,0.12791,0.0
player_4a8b5ec4d392,Willem Geubbels,2021-2022,Forward,13,5.04029,0.0002839240698687712,0.004613419172580124,0.16232,0.0
player_6b265a603d65,Mats Hummels,2017-2018,Defender,11,5.65559,0.0002838870868982539,0.0002869442988352144,0.1279,0.0
player_9fea623a8193,Thilo Kehrer,2021-2022,Defender,12,5.0613,0.00028382906628020114,0.000507264027286398,0.13251,0.0
player_cede5272df09,Erik Lamela,2019-2020,Midfielder,12,5.14886,0.00028370505565088384,0.0011213108739937289,0.15295,0.0
player_4d283b87d86f,Romain Salin,2021-2022,Goalkeeper,10,7.64236,0.0002836442683789627,0.00016054392642223016,0.11466,0.000255
player_7b30f5c90092,Alexis Mac Allister,2024-2025,Midfielder,12,5.59493,0.000283577764114711,0.00038524908645897615,0.14431,0.0
player_a408de6996e8,Fraser Forster,2022-2023,Goalkeeper,11,6.34916,0.00028357473111514914,0.0009763834182061953,0.12037,0.000347
player_bda593907a28,Pietro Pellegri,2021-2022,Forward,12,4.55257,0.0002834744600104818,0.005785452836318232,0.16925,0.0
player_845b4f4505c0,Tyler Adams,2021-2022,Midfielder,11,4.72589,0.00028339895855698387,0.00046545498780722796,0.14352,0.0
player_841324855582,Eduard Löwen,2021-2022,Midfielder,12,5.17704,0.00028333437066801456,0.0005739692096518481,0.14651,0.0
player_4b98f96e09cf,Armando Broja,2021-2022,Forward,12,5.34084,0.0002833152766689393,0.0004822803662147912,0.14724,0.0
player_cdfc1682f1d2,Bosko Sutalo,2021-2022,Defender,11,5.76924,0.00028319531164281813,0.002014747917423146,0.1469,1e-06
player_c3a3dfd93c7a,Isak Hien,2024-2025,Defender,12,5.70485,0.00028318701359965397,0.00043263592536576514,0.13961,0.0
player_8ecc3aa3b0c4,Thiago Silva,2017-2018,Defender,11,5.51961,0.0002831671725888412,0.0004439625288184319,0.13112,0.0
player_42cae9a40a4e,Nadiem Amiri,2021-2022,Midfielder,11,5.06753,0.00028298197420451195,0.0018651721183193264,0.15134,0.0
player_e929cfb7b81a,Mathías Olivera,2021-2022,Defender,11,5.5051,0.00028297360542956944,0.0003052918625421626,0.13936,0.0
player_e61a54cc122a,Stefanos Kapino,2021-2022,Goalkeeper,10,6.09511,0.000282972819115332,0.004886663375420365,0.14922,0.000431
player_6b0654e865fe,Jean-Kévin Augustin,2021-2022,Forward,12,3.5716,0.00028294644739949143,0.0044857620395791714,0.16964,0.0
player_9524d15f7014,Vincenzo Fiorillo,2021-2022,Goalkeeper,10,6.70755,0.00028294207851726935,0.0007266842416721564,0.13146,0.00033
player_54284c4ceb35,Youssef En-Nesyri,2020-2021,Forward,12,4.76686,0.00028291638966641554,0.00024862428530672667,0.13137,0.0
player_923a6aa7b8b6,Dickson Abiama,2021-2022,Forward,11,4.49941,0.0002827301762254145,0.0002233629442088723,0.16003,0.0
player_ca2ab27fa5e7,Grischa Prömel,2021-2022,Midfielder,12,5.09421,0.00028272142407618237,0.0008154095230182695,0.15115,0.0
player_2efb46bed4b7,Jorginho,2020-2021,Midfielder,12,3.9401,0.00028252516721108796,0.00176884001307639,0.1599,0.0
player_e5d18f56b273,Jean-Armel Kana-Biyik,2021-2022,Defender,10,4.87962,0.0002825160351393481,0.0009456488968754716,0.14083,0.0
player_e86a45f920d7,Valère Germain,2021-2022,Forward,12,5.0937,0.00028233326809952246,0.001942768590472021,0.14613,0.0
player_c568c85dfc78,Eddie Nketiah,2021-2022,Forward,11,4.70752,0.00028230765000574447,0.0008703092156565358,0.14887,0.0
player_02c696ba6e35,Mike Maignan,2021-2022,Goalkeeper,11,6.65186,0.0002822677980806819,0.0003407179694767504,0.10491,0.000116
player_dd5735717a3e,Casemiro,2017-2018,Midfielder,12,5.14571,0.00028226770867675205,0.002131018346122516,0.15267,0.0
player_f606663dffa7,Marco Silvestri,2021-2022,Goalkeeper,11,7.74524,0.0002821726267304648,3.930314395940683e-05,0.11293,0.164774
player_a9420bbb41f3,Tyrone Mings,2021-2022,Defender,12,5.94782,0.0002821705634684466,0.0003471855431288301,0.13864,0.0
player_903ef530be42,Lucas Chevalier,2024-2025,Goalkeeper,11,6.40137,0.0002821330889873502,7.006464963078272e-05,0.10521,0.009497
player_1700791e86e4,Danny Rose,2018-2019,Defender,11,5.09515,0.0002821201629047208,0.0013641117579465062,0.14371,0.0
player_d5197c569b55,Lucas Moura,2019-2020,Midfielder,12,5.77288,0.0002819908555240021,0.0013005247341334963,0.14685,0.0
player_6767e23b2f8c,Ralf Fährmann,2018-2019,Goalkeeper,11,6.3273,0.00028195366075263093,0.0006195953825781886,0.10793,0.004727
player_8c64a21de232,Fábio Silva,2021-2022,Forward,12,4.3444,0.0002818137633191668,0.0009679889063003371,0.15782,0.0
player_fe7309f99b7d,Pau Cubarsí,2023-2024,Defender,11,5.85204,0.0002817551976318626,0.0007759255021008782,0.14267,0.0
player_d63f8771cbc2,Birger Meling,2021-2022,Defender,12,5.11149,0.0002817521411811162,0.0005345418134107121,0.14294,0.0
player_d83c2f1d11d4,Mario Gómez,2018-2019,Forward,11,3.81562,0.00028173190114545623,0.004048144390357508,0.1228,0.0
player_d004b9833006,Fali Candé,2021-2022,Defender,12,5.07237,0.00028167939431041403,0.001346669291475883,0.14848,0.0
player_6d7c33f5d005,Matthijs de Ligt,2019-2020,Defender,12,5.32136,0.000281613107794311,0.00023976281857816665,0.14154,0.0
player_6886b18a1d94,Alexis Saelemaekers,2022-2023,Midfielder,12,5.19523,0.00028161292103472677,0.003367743997012627,0.15682,0.0
player_f757fb0e2f12,Stian Rode Gregersen,2021-2022,Defender,11,5.11226,0.00028161013375211936,0.001407680661126448,0.15336,0.0
player_049d072102fa,Niklas Süle,2024-2025,Defender,11,5.3843,0.00028152835042110735,0.000426568479284603,0.12683,0.0
player_a1cbdffe7ed0,Joe Gelhardt,2021-2022,Forward,11,4.93199,0.0002815047435879135,0.0009829289057646223,0.16062,0.0
player_c66d97d79113,Florian Tardieu,2021-2022,Midfielder,11,5.65608,0.00028148881669970834,0.0006800607992840032,0.14984,0.0
player_4b0aec2b28e6,Max Kilman,2021-2022,Defender,11,6.0463,0.0002814487406846031,0.0003484809910754638,0.13026,0.0
player_83d8a4244c1f,Kamaldeen Sulemana,2021-2022,Midfielder,12,5.51806,0.000281434217778205,0.0010132826872064006,0.15212,0.0
player_d24a9cc977d2,Stefan Bajcetic,2022-2023,Midfielder,12,4.73254,0.0002813802601879969,0.00166747636006104,0.15945,0.0
player_27a443f56bec,Sergio Ramos,2018-2019,Defender,11,4.62774,0.00028131456517291493,0.0004695096091691505,0.12159,0.0
player_f111b551b972,Serge Gnabry,2024-2025,Midfielder,12,4.89831,0.0002812935172853828,0.0018796576044900156,0.14618,0.0
player_8f7bfc5abeba,Alberto Soro,2021-2022,Midfielder,12,4.55566,0.00028124615773383334,0.0027762923525908294,0.16401,0.0
player_6c48db93f12b,Robin Olsen,2021-2022,Goalkeeper,9,5.74118,0.0002812306180957966,2.538601836667802e-06,0.12538,0.001063
player_4afbc885f709,Yusuf Demir,2021-2022,Forward,10,3.78147,0.0002811781648457385,0.008807667382559486,0.15569,0.0
player_c4e4634de3bf,Isaac Palazón Camacho,2021-2022,Midfielder,12,5.72826,0.0002810859367744093,0.0003718968591845609,0.14371,0.0
player_5dd09c90c8ac,Alejandro Primo,2021-2022,Goalkeeper,11,6.97826,0.00028106649822966776,0.0006701041465092288,0.12304,0.000317
player_7e7ceeaa3375,Ardian Ismajli,2021-2022,Defender,12,5.5449,0.0002810208157263475,0.0036003330973099065,0.15268,0.0
player_5eb7c1602a24,Giorgi Mamardashvili,2021-2022,Goalkeeper,11,6.48524,0.00028099366215341993,0.0005412632980184771,0.1258,0.045624
player_41f9dce758ac,Dani Olmo,2023-2024,Midfielder,11,5.22798,0.00028065982879448676,0.00011969188728952734,0.13643,0.0
player_c69b4515a317,Raphaël Guerreiro,2024-2025,Midfielder,12,5.14438,0.0002806345185496173,0.0019022497089103024,0.1473,0.0
player_82f6f8c96fdc,Enzo Roco,2021-2022,Defender,11,5.08932,0.000280529216456661,0.0008760052956143612,0.13944,0.0
player_ae845fc0c991,Eric Dier,2021-2022,Defender,11,5.02299,0.0002804720549969273,0.002489252364667843,0.13705,0.0
player_d02926d7a83a,Evan Ferguson,2021-2022,Forward,11,4.54015,0.0002804413450678257,0.00038353763004146,0.13292,1e-06
player_27a1a44cd24b,Grant Hanley,2021-2022,Defender,11,5.60244,0.000280364800278219,9.166416615086208e-05,0.12087,0.0
player_4ec2f926917c,Yannick Carrasco,2019-2020,Midfielder,12,4.98712,0.0002803490031499669,0.0046680253624911405,0.16817,0.0
player_f82efe4f46ec,Manuel Lazzari,2021-2022,Midfielder,12,5.11898,0.00028033835735358605,0.0009672992939765358,0.15516,0.0
player_d1354a8e3371,Thibault Klidje,2021-2022,Forward,10,3.80858,0.00028016875702161533,0.0023560361336080137,0.1584,0.0
player_6debe2654505,José María Giménez,2018-2019,Defender,12,6.10585,0.0002801481539277445,0.0007940783398309937,0.13429,0.0
player_0aa96c5743f9,Leandro Paredes,2021-2022,Midfielder,12,5.07601,0.00028013272735794866,0.0017963640524034082,0.15748,0.0
player_4c03c766a527,Javier Ontiveros,2021-2022,Midfielder,13,3.15739,0.00028005592279271754,0.000790997372365114,0.15375,0.0
player_3180e76521be,Márton Dárdai,2021-2022,Defender,11,4.07705,0.00028003187483411815,0.0008554063683305979,0.15443,0.0
player_14ca08d0e332,Frederic Guilbert,2021-2022,Defender,11,4.9535,0.00027994396384545435,0.0007130456354122811,0.13753,0.0
player_b623e24add2f,Nacho,2023-2024,Defender,11,4.0154,0.0002799376369776199,0.0007761021565210417,0.12712,0.0
player_3b221cc45695,Hakan Çalhanoglu,2022-2023,Midfielder,12,5.21625,0.0002798831161825141,0.0014986075757384807,0.15473,0.0
player_ea7ef59c7061,Mattia De Sciglio,2021-2022,Defender,12,4.24455,0.0002797966327054435,0.0006202742456906396,0.12591,0.0
player_9cb49197e15b,Alexis Sánchez,2021-2022,Forward,12,4.99494,0.00027972295120271375,0.0007826155630533366,0.13951,0.0
player_813ffd06e403,Dayot Upamecano,2024-2025,Defender,11,5.22518,0.0002797178337461298,0.0005496368779731561,0.14718,0.0
player_ec9e41442b05,Tyrell Malacia,2024-2025,Defender,13,4.24016,0.00027970121102543593,0.0025757372248269533,0.16792,0.0
player_7fe082dff690,Hugo Siquet,2021-2022,Defender,11,3.27782,0.00027969817864261344,0.003000860308240711,0.1694,0.0
player_043e8505c6c5,Mateo Musacchio,2020-2021,Defender,10,4.66699,0.00027969577270198426,0.0002108516989137668,0.16101,0.0
player_220202d978f2,Amir Rrahmani,2022-2023,Defender,12,5.67426,0.00027966121914598484,0.0003696072853379093,0.13456,0.0
player_9ba18d2127e4,Jean-Daniel Akpa-Akpro,2021-2022,Midfielder,11,5.02259,0.00027964213206412616,0.0004403924240835295,0.15239,0.0
player_8764c335b0a0,Emre Can,2019-2020,Midfielder,11,5.0257,0.00027963695395617034,0.00019450569214579468,0.14505,0.0
player_d167a8b5937a,Álvaro Morata,2020-2021,Forward,10,3.78265,0.00027956911432518877,0.0003913264324833473,0.12109,0.0
player_528e9558596e,Alex Sola,2021-2022,Defender,13,4.08646,0.00027956788659917357,0.007154990972488377,0.1629,0.0
player_3adc3cf09f48,Nicolas Jackson,2021-2022,Forward,11,4.02244,0.0002795439124303145,0.0027566119800506808,0.1601,0.0
player_1e13743fc8b1,Stevan Jovetic,2021-2022,Forward,12,4.99356,0.0002794774428146538,0.000542038069758237,0.14018,0.0
player_cac4fbf76cf1,Pol Lirola,2021-2022,Defender,12,5.18917,0.00027942234978728907,0.0006324043920208288,0.13792,0.0
player_5d364379d685,Marius Funk,2021-2022,Goalkeeper,10,6.3794,0.000279412556769124,0.00244001271896788,0.13821,0.025213
player_593a16a1d706,Marc Cucurella,2022-2023,Defender,11,5.08265,0.0002793988517872248,0.0010938029664205517,0.14444,0.0
player_c4bf972b70eb,Mathias Pereira Lage,2024-2025,Midfielder,11,4.97376,0.00027938603847711555,0.00040990494736412025,0.14845,0.0
player_848029006b0a,Justin Kluivert,2021-2022,Midfielder,12,4.19408,0.0002793612773035995,0.001151308242070171,0.12492,0.0
player_547563f2b875,Jeanuel Belocian,2021-2022,Defender,10,4.16857,0.00027922289088498403,0.00018548108317315788,0.13612,0.0
player_93ebb8133798,Aurélien Tchouaméni,2023-2024,Midfielder,11,5.23149,0.0002791908278235917,0.00019786207586079755,0.1386,0.0
player_a8d9f84ba459,Jed Steer,2021-2022,Goalkeeper,10,6.67611,0.0002790760135397911,0.001373846433543326,0.13148,0.000303
player_88009c21e878,Mohamed Salah,2017-2018,Forward,11,5.13459,0.00027901072636132216,0.00013052499609842946,0.12894,0.0
player_2db313fabca5,Tetê,2021-2022,Forward,13,4.17287,0.0002789791749781979,0.022089054139561845,0.17047,0.0
player_0c638ebd1823,Fernando Marçal,2021-2022,Defender,11,5.73945,0.00027887553554318693,0.000350099356093109,0.13574,0.0
player_a78eb51eafb8,Alessandro Berardi,2021-2022,Goalkeeper,9,5.68316,0.0002787939083662069,2.538601836667802e-06,0.12538,0.001045
player_f9094c666102,Hugo Magnetti,2021-2022,Midfielder,11,5.63678,0.00027879074263809523,0.0002178345300686184,0.14146,0.0
player_9fea623a8193,Thilo Kehrer,2018-2019,Defender,11,5.49583,0.00027876155689084473,0.00048669472262144215,0.13584,0.0
player_69a0717472db,João Cancelo,2023-2024,Defender,11,5.08436,0.00027872356416684945,0.000612346175856036,0.14192,0.0
player_099a4df3a019,Thiago Alcantara,2017-2018,Midfielder,12,5.25161,0.0002786352876953559,0.0008259421943084818,0.15159,0.0
player_5657a6446c66,Rodrigo De Paul,2024-2025,Midfielder,12,4.96962,0.0002785158110620052,0.0008421823328308831,0.14957,0.0
player_70fa7d2016cc,Houssem Aouar,2018-2019,Midfielder,12,5.54104,0.00027835192384736355,0.0006576393769761113,0.14234,0.0
player_c24121f3f8b0,Baptiste Mouazan,2021-2022,Midfielder,11,4.74062,0.0002783482555888001,0.0008641238886853438,0.15505,0.0
player_c091914e5eb5,Oualid El Hajjam,2021-2022,Defender,12,5.9189,0.0002783433592996027,0.00047183164590128203,0.14027,0.0
player_ba6dea0ffd1c,Youssouf Sabaly,2021-2022,Defender,12,5.15364,0.00027831258105324357,0.002363117466629109,0.1446,0.0
player_c6e2bd0770d4,Sandro Tonali,2021-2022,Midfielder,11,5.0873,0.00027827634145580205,0.0006418710428531195,0.15233,0.0
player_24f59cd7976b,Abdou Diallo,2018-2019,Defender,11,4.42267,0.00027822481346176755,0.0001314376734204746,0.11744,0.0
player_443fb82cda65,Vincent Vermeij,2021-2022,Forward,12,3.96389,0.0002781565628556192,0.0017637300012219293,0.14445,1e-06
player_0841e723560b,Rafinha,2017-2018,Midfielder,12,5.47864,0.0002781010263052326,0.0007016642624420997,0.15041,0.0
player_0a95aed2acf5,Aaron Ramsey,2021-2022,Midfielder,10,3.97192,0.00027803160276850816,0.0005939141502015066,0.15672,0.0
player_bdd938ae307b,Diego Farias,2021-2022,Forward,9,3.64044,0.0002779835643532747,0.00011254918853063195,0.15014,0.0
player_24667ee921c3,Sergio Rico,2021-2022,Goalkeeper,11,6.22073,0.00027793372726948233,0.00024523547344421835,0.11375,0.006486
player_52068e3b8378,Jesse Lingard,2017-2018,Midfielder,11,5.64092,0.00027790300964383285,0.00016076229399539612,0.13932,0.0
player_409edc8a382a,Marten de Roon,2020-2021,Midfielder,10,4.0665,0.0002778771183355161,5.896746273522677e-05,0.12906,0.0
player_73f0857a9194,Fodé Doucouré,2021-2022,Defender,11,4.70131,0.0002778560807795699,0.0007124106708956893,0.14352,0.0
player_ffb988e49190,Roman Bürki,2021-2022,Goalkeeper,10,6.16985,0.00027782819026463736,0.008537336773083052,0.14691,0.000554
player_b623e24add2f,Nacho,2022-2023,Defender,12,5.52714,0.00027782146342300454,0.0008845001109808695,0.14655,0.0
player_cc7a79d5014b,Alessandro Russo,2021-2022,Midfielder,10,4.67955,0.00027780608611866885,0.0032050799631959483,0.14743,1e-06
player_d477d15349db,Ben Davies,2024-2025,Defender,11,4.78169,0.0002776901121564853,0.0006510581403291313,0.13988,0.0
player_4c567f8aefa5,Stephan El Shaarawy,2017-2018,Midfielder,11,4.96991,0.0002776870391079587,0.0005298746701496647,0.14012,0.0
player_099a4df3a019,Thiago Alcantara,2020-2021,Midfielder,11,5.58897,0.0002776768364997831,0.00021341787748089354,0.14265,0.0
player_542a545d1531,Mexer,2021-2022,Defender,11,5.06317,0.0002776363876591803,0.0009915597263281037,0.14347,0.0
player_84ce1fddf4aa,Fabinho,2021-2022,Midfielder,12,4.49914,0.00027754890201505913,0.0009507053779193376,0.15307,0.0
player_a9ea0b252f98,Laurent Koscielny,2021-2022,Defender,12,4.84984,0.00027736848177062074,0.0023445631373188373,0.15342,0.0
player_503fa3246fc6,Ben White,2023-2024,Defender,12,4.56398,0.00027733909497193866,0.0010138311542669826,0.15267,0.0
player_d477d15349db,Ben Davies,2017-2018,Defender,12,4.91315,0.0002772394011798618,0.0008283185221771996,0.14443,0.0
player_762f07ad9c15,Mattia Zanotti,2021-2022,Defender,9,4.27839,0.0002772386109246868,0.0004115748178636553,0.1432,0.0
player_3cf05d355bca,Salim Ben Seghir,2021-2022,Forward,9,4.46222,0.000277135339293399,7.115770032910667e-05,0.13101,0.0
player_ca4473c17f52,Thomas Delaney,2020-2021,Midfielder,12,4.65826,0.000277093266701288,0.00820165140522441,0.16675,0.0
player_852b1552e9f5,Victor Lindelöf,2017-2018,Defender,10,4.7744,0.0002770592177850056,0.0013051484498466106,0.14077,0.0
player_65427144bb2d,Milan Skriniar,2022-2023,Defender,10,4.47743,0.00027705188512297757,1.0901159620519567e-05,0.11982,0.0
player_a990afac56cd,Leandro Barreiro Martins,2021-2022,Midfielder,12,5.41994,0.00027705158352003736,0.0008157518174727003,0.14738,0.0
player_2ff5e674cf5b,Rodrygo,2022-2023,Forward,11,4.9228,0.0002770345824500533,0.0008609529972897193,0.13741,0.0
player_ece9d25a0ca6,Jack Grealish,2022-2023,Forward,12,4.96488,0.00027701671507368976,0.0005943721039740467,0.14249,0.0
player_42a03214901c,Jonas Hofmann,2021-2022,Midfielder,12,5.17538,0.00027696530569551627,0.001703427867841727,0.14427,0.0
player_d8dbed86e211,Joshua Kimmich,2024-2025,Midfielder,11,5.51798,0.0002769453719026364,0.00011252333356716089,0.13655,0.0
player_abc16c09aef9,Lenny Joseph,2021-2022,Forward,12,3.66887,0.00027693981495238533,0.007121639209496867,0.18318,2e-06
player_62b311f85005,Cédric Soares,2021-2022,Defender,11,4.62969,0.0002769106959868427,0.00015066550464538838,0.1321,0.0
player_9903b2e7bfb7,Roberto Torres,2021-2022,Midfielder,12,5.14681,0.00027688341431122743,0.0008889594451735998,0.15879,0.0
player_9241f44fc66f,Federico Ceccherini,2021-2022,Defender,12,4.60434,0.0002767288273532537,0.0011370677125502517,0.13857,0.0
player_cd875071cd80,Kevin Long,2021-2022,Defender,11,5.4404,0.00027672733012416606,0.0012013756369286487,0.14497,0.0
player_f94df3a7f1ee,Leandro Trossard,2021-2022,Forward,11,5.08326,0.0002767244897796335,0.0003655133241258192,0.14203,0.0
player_326517f6af99,Kevin Möhwald,2021-2022,Midfielder,11,4.72999,0.0002766401168531118,0.0004869882327578036,0.1593,0.0
player_a7a02220538a,Alejandro Garnacho,2021-2022,Midfielder,9,3.17617,0.0002765276404850496,7.476499538995277e-05,0.15741,0.0
player_072586a7c5ad,Désiré Doué,2024-2025,Midfielder,12,5.33318,0.0002765236473187523,0.0011668964369242383,0.14046,0.0
player_09c6205d9a51,Sekou Mara,2021-2022,Forward,11,4.8927,0.0002763650287266772,0.0001931841163685485,0.14469,0.0
player_a0c9139da2a8,Ben Gibson,2021-2022,Defender,12,4.56789,0.00027634511683800975,7.054828721020655e-05,0.1145,0.0
player_86b1daadbfeb,Gianluigi Donnarumma,2022-2023,Goalkeeper,11,7.35138,0.0002762359580373504,5.1883008240195816e-05,0.09954,0.000263
player_8caf81b4db0f,Catena,2021-2022,Defender,11,5.13379,0.00027622995318636747,0.0003168524640691049,0.13771,0.0
player_ece9d25a0ca6,Jack Grealish,2021-2022,Forward,11,5.09848,0.0002762229235171948,0.00010423733980555506,0.13736,0.0
player_cb5b3166f2bd,Éder Militão,2021-2022,Defender,11,5.49177,0.00027619025830595404,0.0002987570301898408,0.12607,0.0
player_2efb46bed4b7,Jorginho,2024-2025,Midfielder,11,4.92377,0.00027611391898547304,0.0003765343725370386,0.15043,0.0
player_85e698a4a720,Kepa Arrizabalaga,2021-2022,Goalkeeper,10,6.14246,0.00027602874971430967,0.0018506267545285427,0.12647,0.000893
player_301b888cf7b1,Leny Yoro,2021-2022,Defender,11,4.26668,0.00027597276392103904,0.000301510328311421,0.13851,0.0
player_7dfe1a19c7ed,Frederik Rønnow,2021-2022,Goalkeeper,11,6.24883,0.00027590260936151694,0.002663936734723037,0.13621,0.036021
player_2c04bdd6f52e,Ngal'ayel Mukau,2024-2025,Midfielder,11,5.17657,0.0002758831764170424,0.0007785607082615916,0.148,0.0
player_6d1a9135f654,Ángel Correa,2021-2022,Forward,11,3.63705,0.0002758502883550636,0.0002646158893935075,0.12431,0.0
player_8fd4ff207e4b,Pere Milla,2021-2022,Forward,11,4.75143,0.00027582239393428266,0.0025159250073371565,0.1553,0.0
player_f5382c41ef67,Josema,2021-2022,Defender,12,4.46811,0.00027575895742082033,0.0017543737901071612,0.15785,0.0
player_bd1d715a5d70,Sheraldo Becker,2023-2024,Forward,12,4.82807,0.00027571512631194186,0.0009053043979153594,0.14944,0.0
player_c7e7463df10c,Edimilson Fernandes,2024-2025,Midfielder,11,5.06019,0.00027552163084971213,0.0006508911877859848,0.14541,0.0
player_8b35eb848ce7,Dimitri Foulquier,2021-2022,Defender,11,4.7192,0.00027547914588248645,0.0007771671174589067,0.14276,0.0
player_30d29050a287,Roberto Pereyra,2021-2022,Midfielder,12,4.51865,0.00027542898114001904,0.0023802240686625177,0.14588,0.0
player_3cfb400deaed,Enzo Ebosse,2021-2022,Defender,11,5.36241,0.00027541262722758394,0.000442156586305315,0.13155,0.0
player_b3e70dda7162,Kayky Chagas,2021-2022,Midfielder,9,3.15422,0.0002753602877314434,7.476499538995277e-05,0.15741,0.0
player_9a6ddb921552,Kwadwo Asamoah,2017-2018,Defender,11,5.23261,0.0002752582358995222,0.0004929674338108295,0.1316,0.0
player_d83f7e7c1612,Oriol Romeu,2021-2022,Midfielder,11,5.2982,0.0002752456400762071,0.00047015929964920855,0.14484,0.0
player_9ebc3b039b42,Aymeric Laporte,2017-2018,Defender,11,5.33869,0.0002751671902109686,0.00020421725361341879,0.13145,0.0
player_8fd4cb861bd7,Toni Kroos,2017-2018,Midfielder,11,5.63522,0.00027512753322759425,0.00043876044774394425,0.13955,0.0
player_03b2a63c29ca,Orel Mangala,2021-2022,Midfielder,12,5.59909,0.000275099506389895,0.0015789643998490317,0.15498,0.0
player_4ae395de065a,Mika Màrmol,2021-2022,Defender,11,3.89985,0.00027505425724004193,0.0005625767173858005,0.14714,0.0
player_e0b0f4ef60c2,Amine Gouiri,2021-2022,Forward,11,4.88614,0.00027494036980984995,0.0007935373612136986,0.14919,0.0
player_393aa02a3307,Martin Dúbravka,2021-2022,Goalkeeper,10,6.68818,0.00027493076644307686,0.004115959948792677,0.13151,0.000122
player_eba6ecb3af7e,Cristián Zapata,2019-2020,Defender,11,5.96598,0.00027485875594723006,0.00017794490823641178,0.13186,0.0
player_40d69f63ca05,João Félix,2020-2021,Forward,11,4.52415,0.00027471545833493877,0.0005752588015991553,0.14885,0.0
player_5d6f852df989,André Onana,2022-2023,Goalkeeper,10,5.88452,0.0002746630575276896,0.00042085566981197155,0.10963,0.003608
player_6d7c33f5d005,Matthijs de Ligt,2021-2022,Defender,11,4.74241,0.00027462707382426956,4.043037642605972e-05,0.11235,0.0
player_bff916c5d3e9,Fisnik Asllani,2021-2022,Forward,9,4.54696,0.00027460703154240823,0.00018981454352358677,0.13686,1e-06
player_afffaec9fae0,Dale Stephens,2021-2022,Midfielder,10,4.11349,0.0002745576183303146,0.00014335158193938034,0.15841,0.0
player_a4fc18583f78,William Mikelbrencis,2021-2022,Midfielder,11,4.97682,0.0002745297603066658,0.0006550902224204663,0.14852,0.0
player_743ec79c8073,Sérgio Oliveira,2021-2022,Midfielder,12,4.48016,0.00027452832763850716,0.004300457434263927,0.16072,0.0
player_2f4adacec40b,Jeremy Toljan,2021-2022,Defender,12,4.80241,0.00027450845969496885,0.001669001725070915,0.15288,0.0
player_ef9c389b1133,Facundo Pellistri,2021-2022,Midfielder,11,4.9404,0.0002743572470961723,0.001169709791074811,0.15093,0.0
player_8f30574fdf94,Jan Oblak,2020-2021,Goalkeeper,9,6.40547,0.00027418888788840665,2.6722272673571537e-05,0.11236,0.000182
player_88ddf81b7cfe,Ádám Szalai,2021-2022,Forward,11,4.30077,0.00027418142425906426,0.0007728187511109174,0.16124,0.0
player_ecaac7ceb36b,Phil Jones,2018-2019,Defender,11,4.88838,0.00027417615235546993,0.0016931096466067754,0.14442,0.0
player_3fb0bb65e9a1,Yoann Salmier,2021-2022,Defender,11,5.67169,0.00027414309658995746,0.0002932416601172553,0.13049,0.0
player_579f2b5c3074,Jesus Vazquez,2021-2022,Defender,11,5.50843,0.00027409395085396153,0.002449645588835776,0.15316,1e-06
player_1a22eb1847cf,Nathanael Mbuku,2021-2022,Midfielder,11,5.0285,0.0002740799141103782,0.0011333978683204732,0.14963,0.0
player_e7563ddeebff,Kostas Stafylidis,2021-2022,Defender,11,4.6397,0.0002740183419230087,0.0002900321778108318,0.11654,0.0
player_747eff9a09e9,Jordan Tell,2021-2022,Forward,12,4.34432,0.0002739508143033499,0.0051662257573709515,0.16488,0.0
player_d2545efc0203,Darwin Machís,2021-2022,Midfielder,11,5.44553,0.00027383512326053844,0.00030947677361863437,0.14601,0.0
player_08b1b690403b,Christian Oliva,2021-2022,Midfielder,10,4.10986,0.00027383250510679526,0.000772328705225931,0.14379,0.0
player_b4a814e1e33b,David Raum,2022-2023,Midfielder,11,4.93726,0.0002738116671019839,0.0025808375148155924,0.1602,0.0
player_b623e24add2f,Nacho,2017-2018,Defender,11,4.56442,0.0002737961042009216,0.0023232987902065193,0.15658,0.0
player_b2894594c10f,Charlie Cresswell,2021-2022,Defender,11,4.28847,0.0002737159808448968,0.002263262057808049,0.16642,0.0
player_5da31deaa3ea,Hugo Lloris,2021-2022,Goalkeeper,9,6.80456,0.0002737120433069713,4.894013996375312e-05,0.11983,0.000106
player_fae787f35f26,Thibaut Courtois,2023-2024,Goalkeeper,10,6.20482,0.0002736628663674663,0.006665752632330782,0.13469,0.000268
player_f3934158cb8c,Vedat Muriqi,2020-2021,Forward,11,4.38808,0.0002736118805546407,0.0005458554514492107,0.15013,0.0
player_8b955256996d,Timothy Fosu-Mensah,2021-2022,Defender,10,4.79614,0.0002735587475862499,0.0016285185365575508,0.14672,0.0
player_010019089c0a,Stéphane Diarra,2021-2022,Midfielder,11,4.64418,0.0002735219222434911,0.0006220228423421942,0.15743,0.0
player_d074abee36e0,David de Gea,2021-2022,Goalkeeper,12,7.00887,0.0002733534931779387,0.00031084966518907307,0.11134,0.128111
player_a8ab135a4af3,Luis Milla,2021-2022,Midfielder,11,5.53046,0.00027334507675358713,0.0002494564706765135,0.14499,0.0
player_15a3edd5d4f7,Gianluigi Buffon,2018-2019,Goalkeeper,12,7.05559,0.00027330737047470753,0.0034080589950868387,0.11001,0.000415
player_5f7ec411f372,Emanuel Vignato,2021-2022,Midfielder,11,4.8539,0.00027329964214039724,0.0015089980050503006,0.15428,0.0
player_ca66267881dc,Robert Gumny,2021-2022,Defender,11,5.4959,0.00027326524617603113,0.0005199223244145674,0.13812,0.0
player_a73ca8b4a168,Ike Ugbo,2021-2022,Forward,12,4.2934,0.0002732333548646806,0.0013417136320230988,0.15,0.0
player_f2a9f13e6a5f,Danilo Soares,2021-2022,Defender,11,5.5069,0.0002732271320849778,0.000722898689070564,0.13671,0.0
player_5ee6c5451793,Aboubakar Sidibé,2021-2022,Forward,9,4.51616,0.00027319135017534526,0.00018981454352358677,0.13686,1e-06
player_20518b83ba86,Robert Skov,2021-2022,Midfielder,11,4.68246,0.00027315909453585406,0.0010988668293778047,0.15799,0.0
player_9d162c8646fd,Rubén Pardo,2021-2022,Midfielder,10,4.91173,0.0002731558526599576,0.0002310861939722789,0.12409,0.0
player_70e0ca6aa424,Robin Knoche,2021-2022,Defender,11,5.961,0.0002731011122441931,0.00019343927262767077,0.13631,0.0
player_d8c5a555e13b,David Alaba,2018-2019,Defender,11,5.21138,0.00027309051811806725,0.00021871896018101783,0.13258,0.0
player_459588dc3122,Steven Alzate,2021-2022,Midfielder,12,3.63835,0.00027305074970602225,0.0037456133910934736,0.16541,1e-06
player_a59078704221,Gianluca Scamacca,2021-2022,Forward,11,4.76683,0.0002730253406218147,0.0004878348886874604,0.14204,0.0
player_832b60b6cea2,Tanguy Ndombele,2021-2022,Midfielder,11,4.99211,0.0002729392048421884,0.0005099306306998516,0.15015,0.0
player_81aa6f7e17f9,Eldor Shomurodov,2021-2022,Forward,11,4.49317,0.00027284410977613594,0.0014046293568558716,0.16391,0.0
player_3607b6686fd5,Edinson Cavani,2017-2018,Forward,10,4.56095,0.00027279336201301875,6.773278270347936e-05,0.13116,0.0
player_1e17f07dd9e9,Matteo Darmian,2021-2022,Midfielder,11,4.28242,0.00027269067701966897,0.0017299157062000653,0.15572,0.0
player_a0b7c8efe0f2,Theo Walcott,2021-2022,Midfielder,12,4.5873,0.0002726568861277977,0.0007820692390392444,0.1551,0.0
player_24f59cd7976b,Abdou Diallo,2021-2022,Defender,11,4.5714,0.000272649312403513,0.002008231474038191,0.15263,0.0
player_eee89cb6cc22,Moustapha Mbow,2021-2022,Defender,10,4.69328,0.00027263680941243913,7.904901370149054e-05,0.13391,0.0
player_673368e8216e,Ricardo Rodríguez,2021-2022,Defender,11,5.33373,0.000272621652950647,0.0002850013842255518,0.13092,0.0
player_a055d3e58c07,Robert Lewandowski,2018-2019,Forward,11,5.08056,0.0002726188659183467,0.00018727519725704098,0.12899,0.0
player_570a90bfbf8c,Fred,2021-2022,Midfielder,12,4.44895,0.00027259838624940115,0.0075380001915197475,0.16494,0.0
player_3365e7eb8e9e,Thomas Müller,2020-2021,Midfielder,11,5.08357,0.000272580512466382,3.8234990677158906e-05,0.12705,0.0
player_1b422a4a4950,Jan Vertonghen,2017-2018,Defender,10,5.21334,0.00027256386329706065,2.97670716063684e-05,0.11824,0.0
player_b27e0ba3d183,Mikkel Damsgaard,2021-2022,Midfielder,11,4.48498,0.00027253368509669415,0.0015762825613204292,0.15312,0.0
player_461b9e7dea9b,Florian Grillitsch,2021-2022,Midfielder,11,5.05654,0.0002724522374833129,5.070220398979843e-05,0.13738,0.0
player_8c88622a9a5d,Cristiano Ronaldo,2018-2019,Forward,11,4.64659,0.000272426567755139,0.0006836179933545066,0.13509,0.0
player_099a4df3a019,Thiago Alcantara,2018-2019,Midfielder,11,5.11667,0.0002723753428949465,0.0005512793348263212,0.15526,0.0
player_c5d308863109,Bertrand Traoré,2018-2019,Midfielder,11,4.87866,0.0002723654334891107,0.0004616833483165901,0.13861,0.0
player_4cc574b1b977,Clément Lenglet,2024-2025,Defender,11,4.51948,0.00027235185526108526,0.0013129148652235613,0.15064,0.0
player_dd85e5cc049c,Kelvin Yeboah,2021-2022,Forward,11,4.41947,0.0002723003858145483,0.0005145153687041907,0.15942,0.0
player_d6f16266352f,Adrien Rabiot,2021-2022,Midfielder,11,4.9204,0.0002722817703208243,0.0007580271278252719,0.1411,0.0
player_886010a23140,Pablo Marí,2021-2022,Defender,11,4.57187,0.00027217018419955667,0.00011816495911254502,0.11514,0.0
player_022e50b6ce95,Nahuel Molina,2023-2024,Midfielder,11,4.3215,0.00027213616328812626,0.0019677465336022854,0.12844,0.0
player_c58128c7773c,Kevin De Bruyne,2018-2019,Midfielder,11,4.88203,0.0002721033122875424,0.0009230875682861643,0.1555,0.0
player_647a682f6ada,Nick Proschwitz,2021-2022,Forward,9,3.55882,0.00027201025354285245,0.0005567559328336654,0.14987,0.0
player_43ba7bbdcb28,Moisés Caicedo,2021-2022,Midfielder,12,5.37587,0.00027194111908326543,0.0010776779772130143,0.15461,0.0
player_bfe84886d1d5,Lewis Brunt,2021-2022,Defender,9,4.22297,0.000271906193839425,6.649828600682814e-05,0.13232,0.0
player_b43969ca6c3a,Tiemoué Bakayoko,2023-2024,Midfielder,11,4.38653,0.0002717418641683808,0.00225997079264053,0.16046,0.0
player_ed52ac169a9e,Kylian Mbappé,2020-2021,Forward,10,4.82383,0.0002717356187406602,0.0006432619878258338,0.13727,0.0
player_25384c6053ca,Ander Barrenetxea,2021-2022,Midfielder,12,5.1287,0.000271625520642781,0.0020717340697300056,0.15539,0.0
player_f2218d7d6405,Sada Thioub,2021-2022,Midfielder,10,4.56076,0.0002716136736146969,0.0005841631644684684,0.15231,0.0
player_ccfbcd04bf30,Charles Aránguiz,2021-2022,Midfielder,11,5.12708,0.00027153744844986305,0.0006762109273321509,0.15226,0.0
player_8764c335b0a0,Emre Can,2020-2021,Midfielder,11,5.19134,0.00027149913554599286,0.0007492137412266935,0.15265,0.0
player_8b8018f5dfda,Alex Oxlade-Chamberlain,2019-2020,Midfielder,11,4.72799,0.0002714408177282916,0.0008283949248025378,0.14121,0.0
player_03ac6499abb0,Nils Seufert,2021-2022,Midfielder,10,4.04788,0.00027138786494979375,0.002460640587346102,0.14865,0.0
player_c1f58d3c07ae,Haris Belkebla,2021-2022,Midfielder,11,5.27313,0.00027138227486042617,0.0004961518857774317,0.14007,0.0
player_62aaf8724952,Jonathan David,2024-2025,Forward,11,5.01657,0.00027133045155697635,0.00027716962646545976,0.13224,0.0
player_5ac38310cbc2,Konstantinos Mavropanos,2021-2022,Defender,11,5.49863,0.00027131299884708784,0.0002445226642780591,0.13535,0.0
player_7c96f3c3c1b1,Weston McKennie,2024-2025,Midfielder,12,5.16821,0.0002712997652596824,0.0013595777762669516,0.15319,0.0
player_5c7355f925f6,Danilo Barbosa,2021-2022,Defender,10,4.70357,0.0002712232594640904,0.00023310220115353107,0.13488,0.0
player_ec7c23629e6c,Jonjoe Kenny,2021-2022,Defender,12,4.37159,0.00027118991370058006,0.002375089685321653,0.13647,0.0
player_a99355b5a734,Lucas Alario,2021-2022,Forward,12,4.43978,0.00027106267072999485,0.0008314660379422277,0.15421,0.0
player_39be5c0bf94e,Wu Lei,2021-2022,Forward,12,4.35713,0.0002710609593956774,0.004667704768132515,0.16407,6e-06
player_b87f24c6fb3b,Maya Yoshida,2021-2022,Defender,12,4.74079,0.000270943688940497,0.001933313408626954,0.14775,0.0
player_83f088c3851f,Fabio Depaoli,2021-2022,Midfielder,12,4.65983,0.00027087945764348693,0.00308612334930787,0.16715,0.0
player_c0d2ac312135,Moise Kean,2020-2021,Forward,11,4.48432,0.0002708335934111227,0.001420293972808441,0.14516,0.0
player_9b434b0f0f77,Alessio Cragno,2021-2022,Goalkeeper,11,6.66584,0.0002708216150945795,0.0014092959312098244,0.12576,0.081947
player_f4bb13abaf22,Martín Zubimendi,2023-2024,Midfielder,11,5.17998,0.00027079509307169456,0.00042307568967276635,0.14705,0.0
player_8bf2118b08ef,Yann Sommer,2024-2025,Goalkeeper,11,7.14975,0.000270750033744881,7.169009834037114e-05,0.1052,0.000276
player_1953712158d5,Paul Wanner,2021-2022,Midfielder,10,3.53285,0.0002706851449143506,0.0009362305634603074,0.15968,0.0
player_b65b99923bf0,David Okereke,2021-2022,Forward,10,3.45482,0.0002706524294613941,0.0001652922709382432,0.11683,0.0
player_78db0a98501c,Anthony Martial,2021-2022,Forward,12,4.57139,0.0002706138785777079,0.0018469425684662548,0.15179,0.0
player_4981129474c3,Isaac Hayden,2021-2022,Midfielder,12,4.5056,0.0002704747298497954,0.00350029887589949,0.1632,0.0
player_5c3ce4df9fce,Alex Petxa,2021-2022,Defender,12,3.96975,0.00027046308663847675,0.016838237641185697,0.18057,0.0
player_78f732ffb482,Takehiro Tomiyasu,2023-2024,Defender,11,4.6624,0.00027045799895382037,0.000955438538992831,0.125,0.0
player_dda7e47e9e2b,James Rodríguez,2017-2018,Midfielder,12,4.59156,0.00027039208135557706,0.0015700402172509672,0.14674,0.0
player_6fa4f4a0bd5b,Matthieu Dreyer,2021-2022,Goalkeeper,10,6.47596,0.000270197140734528,0.0005626552211407819,0.12771,0.000147
player_7c7fb886916d,Brendan Chardonnet,2021-2022,Defender,10,4.41111,0.0002701691576271758,2.1878806193588714e-05,0.11251,0.0
player_ac6d3cce2d16,Franck Kessié,2021-2022,Midfielder,11,4.59474,0.0002701513696688819,0.000832446008692195,0.14089,0.0
player_89e880f80a52,Edin Dzeko,2021-2022,Forward,11,5.0742,0.00027013700107241564,0.00041593329810014126,0.13684,0.0
player_e93e18f6de9d,Thomas Meunier,2019-2020,Defender,11,4.36978,0.0002701358871184666,0.005767208965349875,0.15947,0.0
player_b7f4533719fd,Óliver Torres,2021-2022,Midfielder,12,4.91111,0.00027004049952937537,0.0027135582360792395,0.15844,0.0
player_6c4ee85ff749,Willian,2017-2018,Midfielder,11,4.9709,0.0002699599168577759,0.00016620378036180268,0.1405,0.0
player_be71d8a238a1,Luka Modric,2019-2020,Midfielder,11,4.52757,0.0002699258112148088,0.00150588653935378,0.1462,0.0
player_4b7a8f2971f0,Miguel Trauco,2021-2022,Defender,12,5.75496,0.0002699158438284825,0.0007677039418530923,0.14312,0.0
player_d5b102cbdb55,Christopher Antwi-Adjei,2021-2022,Forward,11,4.70755,0.00026990463610571504,0.0005662620830908859,0.15274,0.0
player_b13a3d5d9e97,Jeroen Zoet,2021-2022,Goalkeeper,10,6.06878,0.00026986087353198245,0.001434488622878481,0.1272,0.007879
player_38a352e6a33a,Andreas Luthe,2021-2022,Goalkeeper,11,7.11641,0.0002698353901548501,0.0009059477734840828,0.1231,0.128802
player_75785beb6091,Alexander Isak,2021-2022,Forward,11,4.71579,0.0002698325194948123,0.00039639945829376673,0.1431,0.0
player_d8c5a555e13b,David Alaba,2017-2018,Defender,11,5.16765,0.0002698204523895332,0.000294159064713291,0.13084,0.0
player_2d0287960e37,Angus Gunn,2021-2022,Goalkeeper,9,6.07445,0.0002697586517998387,0.00015910885532038492,0.12268,0.019474
player_dd9e2080ceeb,Otávio,2020-2021,Midfielder,11,4.64033,0.0002696217513565211,0.0015923588012021078,0.15692,0.0
player_f9c56e087042,Mario Perrone,2021-2022,Defender,10,3.16856,0.0002694829526250599,0.0011028591365598057,0.1716,0.0
player_d13f6e85f993,Sergi Canós,2021-2022,Midfielder,11,4.06355,0.00026944404780250304,0.0007307119831103532,0.12384,0.0
player_f82efe4f46ec,Manuel Lazzari,2020-2021,Midfielder,11,4.28817,0.0002694352023113767,0.0011931452202402712,0.13113,0.0
player_3cd02f56215e,Dele Alli,2018-2019,Midfielder,11,5.0282,0.00026942466237596564,0.00041712278356616846,0.14323,0.0
player_d042da5464d5,Mohamed Achi,2021-2022,Midfielder,11,3.72472,0.00026937092723363455,0.0016546914001568111,0.15461,0.0
player_b623e24add2f,Nacho,2020-2021,Defender,11,4.64707,0.0002693584951029804,0.00043054137610119527,0.12389,0.0
player_5e2a97f1ec71,Romario Rösch,2021-2022,Midfielder,8,3.55875,0.00026935715178620553,0.00030814913945055724,0.13789,0.0
player_ff6bf9504fbd,Daniel Chesters,2021-2022,Midfielder,8,3.55875,0.0002693571517862055,0.00030814913945055724,0.13789,0.0
player_fe492e84393f,Dimitri Liénard,2021-2022,Midfielder,11,5.03635,0.00026935567699237057,0.0006291255685479917,0.15288,0.0
player_320b3a59a649,Marquinhos,2020-2021,Defender,11,4.66086,0.0002692224584065506,0.0013086995039948302,0.14375,0.0
player_93ebb8133798,Aurélien Tchouaméni,2021-2022,Midfielder,11,4.22637,0.0002690089279527554,6.465936832605267e-05,0.12483,0.0
player_ecaac7ceb36b,Phil Jones,2021-2022,Defender,9,4.57604,0.00026897823162039703,0.0001221980532311378,0.14084,0.0
player_e3fdd5cfde76,Ramy Bensebaini,2021-2022,Defender,11,4.75948,0.0002689544312820211,0.0016416794332720745,0.14344,0.0
player_62bf43e2db26,Danilo,2021-2022,Defender,11,4.95416,0.0002689529331800681,0.0013978880596202741,0.14182,0.0
player_aab54707b856,David Timor,2021-2022,Midfielder,11,4.94572,0.0002688610214610237,0.00031260285123245663,0.14916,0.0
player_760a380cd266,Javi Galán,2021-2022,Defender,11,5.42433,0.00026883713118702,0.00011015729590491234,0.13888,0.0
player_95ec8137d567,Yoane Wissa,2021-2022,Forward,11,4.50417,0.0002688334137172128,0.0005474407375337956,0.13414,0.0
player_8656e1051f46,Kerem Demirbay,2021-2022,Midfielder,11,5.04086,0.0002686797119002402,0.0005350314560524037,0.15368,0.0
player_2efb46bed4b7,Jorginho,2021-2022,Midfielder,11,3.99978,0.0002686420047899201,0.0017861470093685679,0.15825,0.0
player_fdfa387c1f3a,Rui Patrício,2021-2022,Goalkeeper,10,6.89949,0.0002686173655865158,0.0020904404641332096,0.12119,0.000242
player_f9418a79440d,Guido Burgstaller,2018-2019,Forward,11,4.81922,0.0002685397897556784,0.0008675516237427751,0.14861,0.0
player_91788b4da273,Wesley Fofana,2021-2022,Defender,11,5.291,0.00026842423037268606,0.0025371532949052837,0.15109,0.0
player_4fcaabfb7b73,Sidney Raebiger,2021-2022,Midfielder,8,4.93949,0.00026839593514026383,1.2011656912201855e-05,0.11494,0.0
player_8ec513bf1687,Wesley Moraes,2021-2022,Forward,11,2.95245,0.0002683817851369295,0.0002595648092384224,0.16212,0.0
player_1c5c36055c55,Matthew Lowton,2021-2022,Defender,11,4.61745,0.0002683363998374369,0.0005338018651844526,0.125,0.0
player_57818a3520e8,Alessandro Florenzi,2017-2018,Defender,11,5.10271,0.00026824984284287066,0.00042679446966927556,0.13198,0.0
player_bf8a7582ed59,Johan Vásquez,2021-2022,Defender,12,5.6656,0.0002682213861895917,0.0006461689121118079,0.13597,0.0
player_b9fba05bd539,Kevin Trapp,2022-2023,Goalkeeper,10,6.93553,0.0002682170479827449,2.7710590590187904e-06,0.09536,0.000222
player_dd9e2080ceeb,Otávio,2017-2018,Midfielder,11,4.01025,0.00026820181369076063,0.00018527183368993884,0.1241,0.0
player_af3fb965f06e,Andrew Gravillon,2021-2022,Defender,11,4.05006,0.0002682011371075709,0.0005377468133511101,0.12648,0.0
player_18677e930225,Simon Asta,2021-2022,Defender,11,5.21332,0.0002681313040885597,0.003557211436085859,0.15275,0.0
player_f24a1e7744a0,Dango Ouattara,2021-2022,Midfielder,11,4.42059,0.00026811252394173655,0.003207770805913119,0.16722,0.0
player_721cdd34be98,Léo Dubois,2018-2019,Defender,11,4.52858,0.0002680683492478377,0.00030088712745285107,0.13587,0.0
player_abf2a9f4223f,Matty Cash,2024-2025,Defender,12,5.0249,0.00026801979609899487,0.00219857252924358,0.1514,0.0
player_88009c21e878,Mohamed Salah,2020-2021,Forward,11,4.86565,0.00026800430300682196,0.00023957796472779173,0.1261,0.0
player_39871d43c8f8,Keita Endo,2021-2022,Midfielder,12,3.6094,0.0002679474846221995,0.0005530353612832564,0.16145,0.0
player_a43a1597536d,Luca Ceppitelli,2021-2022,Defender,10,4.90683,0.0002679129028238885,0.0009114108790631299,0.14521,0.0
player_f8cd12a1012b,Granit Xhaka,2021-2022,Midfielder,11,4.2788,0.000267869375811254,6.145146149321371e-05,0.12486,0.0
player_fae787f35f26,Thibaut Courtois,2020-2021,Goalkeeper,10,6.41318,0.00026775912295857204,0.00523352410224002,0.13191,0.000127
player_5f5041792c91,Amadou Haidara,2023-2024,Midfielder,11,5.32643,0.00026773018724671237,0.0006487311582424965,0.14725,0.0
player_6debe2654505,José María Giménez,2021-2022,Defender,11,5.07278,0.0002677145868814319,0.0011542361867875523,0.14042,0.0
player_cede5272df09,Erik Lamela,2017-2018,Midfielder,12,4.52277,0.00026770045263092086,0.0026146784011655214,0.16673,0.0
player_f89761138e51,Leonardo Mancuso,2021-2022,Forward,12,4.39553,0.00026767994134444656,0.0026989957531521856,0.15881,1e-06
player_05ab6c570354,Erik Palmer-Brown,2021-2022,Defender,10,5.41425,0.0002676598487118537,0.0004583297530418158,0.13631,0.0
player_a8b1ec6511a0,Matthew Hoppe,2021-2022,Forward,12,3.40148,0.00026765928903832014,0.004809640172477365,0.18066,0.0
player_8fd4cb861bd7,Toni Kroos,2019-2020,Midfielder,11,5.03428,0.00026765016404219305,0.00043005385360865605,0.13522,0.0
player_93e4600e90f9,Naouirou Ahamada,2021-2022,Midfielder,11,3.41396,0.0002676411217764613,0.0024293292613216102,0.16304,0.0
player_df4f9eda9c89,Benjamin Pavard,2020-2021,Defender,10,4.6246,0.000267521849142523,0.0016106522911039406,0.14414,0.0
player_29c484e30a14,Joseba Zaldúa,2021-2022,Defender,11,4.63078,0.0002675157207449477,0.005155308646094777,0.16514,0.0
player_89042b9b70d6,Rico Henry,2021-2022,Defender,11,4.81661,0.0002675139098899387,0.0006890551326134244,0.14249,0.0
player_c63addf34364,Patric,2020-2021,Defender,11,5.19563,0.0002675088303553629,0.00026340444722222975,0.14315,0.0
player_337c5e840aaf,Dor Peretz,2021-2022,Midfielder,11,4.42097,0.0002674311262499634,0.0020445467179845303,0.15781,0.0
player_620fee44416c,Malick Thiaw,2022-2023,Defender,12,5.07351,0.00026742377702234006,0.0020567347255035454,0.15508,0.0
player_24667ee921c3,Sergio Rico,2017-2018,Goalkeeper,10,5.74749,0.00026737564190606864,0.0002693174960405436,0.10961,0.00415
player_767a58c7e5e3,Loum Tchaouna,2021-2022,Midfielder,12,3.50898,0.0002673683404953466,0.0036154556790121395,0.16531,0.0
player_813ffd06e403,Dayot Upamecano,2022-2023,Defender,11,4.54324,0.00026736223544791506,0.00012208944386020304,0.12257,0.0
player_ae845fc0c991,Eric Dier,2023-2024,Defender,10,4.60937,0.00026734032712816833,0.0028771754201235566,0.14437,0.0
player_15a3edd5d4f7,Gianluigi Buffon,2017-2018,Goalkeeper,11,7.00905,0.0002673020390911588,0.00742294210678351,0.1103,0.000288
player_f4bb13abaf22,Martín Zubimendi,2021-2022,Midfielder,11,5.4045,0.00026727066599128367,0.0002792091113501298,0.14402,0.0
player_4fd2a07bee77,Mickael Malsa,2021-2022,Midfielder,11,4.80145,0.00026725071943276826,0.0010048484706003322,0.15615,0.0
player_f5b7feac3db6,Jonas Hector,2021-2022,Midfielder,11,4.94741,0.00026724719226562765,0.00027332327638760135,0.14415,0.0
player_3365e7eb8e9e,Thomas Müller,2024-2025,Midfielder,11,4.67489,0.0002672247157493293,0.002839223815217699,0.16511,0.0
player_58167a8673f7,Alberto Grassi,2021-2022,Midfielder,11,3.87212,0.00026720484422167683,6.161915762803852e-05,0.12915,0.0
player_6b3ec7f2f524,Mattia Caldara,2021-2022,Defender,11,5.58993,0.0002671843139203686,0.00016258544796564643,0.1348,0.0
player_9b742946a89d,Taiwo Awoniyi,2021-2022,Forward,11,4.70371,0.0002670983243260893,0.00033756902313071216,0.13725,0.0
player_8daf277dd711,Tom Bischof,2021-2022,Midfielder,11,3.33938,0.0002670098128458516,0.005952497445473051,0.18158,1e-06
player_0702e6dee64e,Lionel Messi,2019-2020,Forward,11,4.29412,0.00026691432207446544,0.001644696523229291,0.14971,0.0
player_44a9c9d2be9e,Mikel Oyarzabal,2021-2022,Forward,10,3.53457,0.00026688503010789753,0.0001803255165134502,0.11758,0.0
player_24312d9d34c0,Filippo Melegoni,2021-2022,Midfielder,11,4.72009,0.00026669903816233615,0.0007992091673417457,0.15737,0.0
player_8ca417abce77,Harry Winks,2018-2019,Midfielder,11,4.6676,0.000266669364989079,0.0010542842915815137,0.14968,0.0
player_df162c830023,Martin Terrier,2021-2022,Forward,10,4.58263,0.0002666665659338466,0.0002687162531052471,0.13388,0.0
player_0566c59c2857,Luke Thomas,2021-2022,Midfielder,11,4.74387,0.0002666231811345349,0.0008463928765812981,0.14892,0.0
player_54fa5024523a,Frederik Winther,2021-2022,Defender,10,4.80469,0.00026661447346754976,0.0003918304679442653,0.15001,0.0
player_e5cd36c227ab,Luca Gemello,2021-2022,Goalkeeper,9,5.39362,0.0002665717259138933,2.538601836667802e-06,0.12538,0.001005
player_46ec786664a6,Deyovaisio Zeefuik,2021-2022,Defender,10,4.84356,0.0002665652106886551,0.0005720314718062718,0.14694,0.0
player_24dbccbf6805,Marcus Rashford,2018-2019,Midfielder,11,4.06702,0.00026655720683192935,0.00027623708115598013,0.12085,0.0
player_0a287aa0fc40,Franco Vázquez,2017-2018,Midfielder,12,4.85002,0.00026651229238872196,0.0027762719727022797,0.1625,0.0
player_e65367a6d118,Andy Diouf,2021-2022,Midfielder,10,3.21503,0.0002665108105414137,0.0005558199215681479,0.16802,0.0
player_dfc12f9896be,Gavi,2024-2025,Midfielder,11,4.8132,0.0002664780499357685,0.0012624811342070036,0.15667,0.0
player_405c03e2ba7a,Romelu Lukaku,2021-2022,Forward,11,4.34316,0.0002664297252204162,0.0018993491910308604,0.14618,0.0
player_c58128c7773c,Kevin De Bruyne,2021-2022,Midfielder,11,5.08124,0.0002664271625669024,0.0003163623421388971,0.13724,0.0
player_935f9c41357a,Lucas Vázquez,2021-2022,Defender,11,5.01063,0.00026642389919455996,0.0002862643829902846,0.13579,0.0
player_32dca675dfa0,Troy Deeney,2021-2022,Forward,10,3.45814,0.0002663754932582498,0.0008530394333128509,0.15739,0.0
player_a6710c30cef6,Nemanja Matic,2017-2018,Midfielder,11,4.84188,0.0002663524796763197,0.0005243576777704296,0.13924,0.0
player_7eb3be24c358,Sargis Adamyan,2021-2022,Midfielder,11,3.7913,0.0002663304847575395,0.005772686252582694,0.16608,0.0
player_91e3bf924a67,Luis Díaz,2023-2024,Forward,11,4.91166,0.0002663191191242514,0.00014095078182437142,0.13546,0.0
player_49f19dac8367,Vid Belec,2021-2022,Goalkeeper,10,6.05236,0.0002663018802118341,2.3275319340829116e-06,0.10783,0.000144
player_d019cc4524b1,Marius Wolf,2022-2023,Midfielder,11,5.35328,0.00026628314250587795,0.00022849914688529712,0.14105,0.0
player_d2626d98ab4a,Bradley Barcola,2023-2024,Forward,10,3.55373,0.00026617635876579563,0.0006502243551723016,0.12095,0.0
player_d019cc4524b1,Marius Wolf,2018-2019,Midfielder,11,4.25635,0.0002661104173961629,0.00037075472980981625,0.11987,0.0
player_b4356e39ac60,Ridle Baku,2021-2022,Midfielder,11,5.0227,0.00026609587494049163,0.00041156066376937583,0.14778,0.0
player_fd494c43d413,Tommaso De Nipoti,2021-2022,Forward,9,3.96019,0.0002659768846388825,0.002437428824161754,0.15328,9e-06
player_4fb98a432b0a,Karim Adeyemi,2024-2025,Midfielder,12,4.82324,0.00026596710532354246,0.0022649602752427534,0.1538,0.0
player_384a03c68c24,Andrea Conti,2021-2022,Defender,12,3.72566,0.00026588194862868844,0.016364499391725813,0.17525,0.0
player_1d045ce9715c,Hakim Ziyech,2020-2021,Midfielder,11,4.81606,0.00026586875323710425,0.001712245962692967,0.15849,0.0
player_c6cc8094c2dc,Pedro,2017-2018,Forward,11,4.78809,0.0002658355564391016,0.0006851703479967015,0.14602,0.0
player_342926143f06,Manolo Reina,2021-2022,Goalkeeper,10,3.94178,0.0002657949995538458,1.898337350873305e-07,0.07682,0.0
player_656eda72b77b,Ollie Watkins,2024-2025,Forward,10,4.52288,0.000265779300574374,0.00022487130063754797,0.13749,0.0
player_1781864ca981,Craig Dawson,2021-2022,Defender,11,4.08357,0.00026576290858965285,0.0004301202275191954,0.12496,0.0
player_e1688e5bed2f,Allan Nyom,2021-2022,Defender,11,4.40488,0.0002657325484601804,0.002185932081965925,0.15812,0.0
player_9f694ddc9e0b,Andrey Lunyov,2021-2022,Goalkeeper,10,7.08762,0.0002656880341216916,0.00010090819676350428,0.1178,0.000236
player_6c2e0ed4ec8c,Daichi Kamada,2022-2023,Midfielder,11,5.06737,0.00026567799176060016,0.00031245773971709924,0.14804,0.0
player_f7ef8d705c90,Alexander Nübel,2020-2021,Goalkeeper,9,5.53563,0.00026562294418447027,0.004689966027479882,0.15104,0.001038
player_aade90271fe1,Luís Maximiano,2021-2022,Goalkeeper,10,5.56572,0.00026561056964082924,0.0013841094918077325,0.13643,0.022798
player_3e7df751269a,Warmed Omari,2021-2022,Defender,11,5.69592,0.00026554055539763097,0.00023379095249071466,0.13049,0.0
player_407a2d9eb620,Lorenzo Pellegrini,2021-2022,Midfielder,11,4.17701,0.00026553042756791406,0.00023398370984418677,0.12517,0.0
player_c2cf26bd269e,Mateusz Klich,2021-2022,Midfielder,11,4.87535,0.00026552695838459,0.00029730035835759156,0.14959,0.0
player_7d20e2bd6f93,Matheus Cunha,2021-2022,Forward,11,4.3495,0.0002655241666855315,0.0005105259415613183,0.14954,0.0
player_9890969014ea,Dylan Bronn,2021-2022,Defender,12,4.38739,0.0002654513092143644,0.0001444311920436493,0.11466,0.0
player_6d5c832ef2bf,Riccardo Pinzi,2021-2022,Midfielder,10,4.01232,0.00026542143459249427,0.007129559688539755,0.15098,1e-06
player_841b388dfbd0,Iago,2021-2022,Defender,11,4.43608,0.00026541453753005026,0.0003569154888599208,0.1459,0.0
player_a2477d9b2bb3,Fodé Ballo-Touré,2021-2022,Defender,11,4.25442,0.00026539779442814047,0.0025394359256332186,0.16445,0.0
player_631930abab85,Sebastian Vasiliadis,2021-2022,Midfielder,11,4.96322,0.00026538118609975017,0.00030912524001828595,0.14387,0.0
player_3640f3fb2b48,Tachi,2021-2022,Defender,10,4.52168,0.0002653106280345576,0.00019013677217573542,0.15556,0.0
player_c97f53b45f6b,Willian José,2021-2022,Forward,11,4.30694,0.0002652653391340117,0.0008494312118554455,0.14875,0.0
player_ab82704e38fe,Jarrod Bowen,2021-2022,Midfielder,11,4.88866,0.0002652531311440623,6.806476409883846e-05,0.13812,0.0
player_387fcb06ccc2,Renato Tapia,2021-2022,Midfielder,11,4.74084,0.00026524930553343255,0.0007666986897788794,0.15545,0.0
player_b43969ca6c3a,Tiemoué Bakayoko,2021-2022,Midfielder,10,4.19731,0.00026524669533314015,0.0015931246321935762,0.15184,0.0
player_852bf4ffbb75,William Troost-Ekong,2021-2022,Defender,10,4.6171,0.0002652331258846087,0.0005110268131771406,0.13663,0.0
player_3674c517c325,Jean-Charles Castelletto,2021-2022,Defender,10,4.82333,0.00026522817809104,0.00037416983335032125,0.13595,0.0
player_053afce6ba98,Raheem Sterling,2019-2020,Forward,11,4.44818,0.00026516527151011017,0.00013420145506791732,0.12841,0.0
player_e6089260968a,Kurt Zouma,2019-2020,Defender,10,4.71131,0.00026512854158384635,0.000443824074083016,0.13618,0.0
player_9272cbb9e792,Phil Foden,2020-2021,Forward,11,4.92598,0.0002651121966537217,0.0001535363005433462,0.13161,0.0
player_4d423711c7f6,Riccardo Saponara,2021-2022,Midfielder,11,4.77667,0.0002650904229769644,0.00242470483230671,0.15054,0.0
player_4b319caa26e5,Loïs Openda,2023-2024,Forward,10,4.4837,0.000265062616700699,0.00013773437404930784,0.13368,0.0
player_580212ad667d,Krépin Diatta,2024-2025,Midfielder,12,4.01953,0.00026501474516713,0.007301634082398251,0.17225,0.0
player_320b3a59a649,Marquinhos,2019-2020,Defender,11,4.5336,0.00026497898661791266,0.004095249537869995,0.15474,0.0
player_f1d9409b33ac,Aritz Elustondo,2021-2022,Defender,10,4.18126,0.00026485370394581896,1.8470892513346308e-05,0.11246,0.0
player_7f5528f54ee6,Luka Romero,2021-2022,Midfielder,12,3.29646,0.0002648511941874969,0.0003810291499431771,0.15936,0.0
player_daec7b9f8cf9,Ivan Perisic,2022-2023,Midfielder,12,4.69723,0.0002646918589140312,0.001703394693366449,0.15951,0.0
player_8664911306cb,Yussuf Poulsen,2021-2022,Forward,10,4.31491,0.00026467955018008864,0.0005206449859012212,0.13851,0.0
player_f8fc256e8624,Zlatan Ibrahimovic,2021-2022,Forward,11,4.7556,0.00026463668725373586,0.0004290519842631678,0.14012,0.0
player_a96e7c5895a0,Mikel Merino,2023-2024,Midfielder,11,4.87646,0.0002646356274175921,0.0007125724677313952,0.15126,0.0
player_f89a785916c5,Manuel Lanzini,2021-2022,Midfielder,11,4.25459,0.0002646211678962275,0.004646164350465607,0.15713,0.0
player_567b283d1812,Walace,2021-2022,Midfielder,10,4.47504,0.0002645648657471887,3.49106261531513e-05,0.11584,0.0
player_b5b1b7259e81,Ashley Westwood,2021-2022,Midfielder,10,4.88799,0.0002645143358720918,0.00024120225480363917,0.14528,0.0
player_5ef16e17864d,Ilkay Gündogan,2021-2022,Midfielder,10,4.77137,0.0002645071874586809,0.0005652232585572083,0.13869,0.0
player_8fd4cb861bd7,Toni Kroos,2022-2023,Midfielder,11,4.3637,0.0002644855541841224,0.000498631508022659,0.1305,0.0
player_2d70f03c8946,Joachim Andersen,2021-2022,Defender,11,4.57968,0.0002644778386385276,0.00045063296185532647,0.14295,0.0
player_4d5f49954358,Grejohn Kyei,2021-2022,Forward,12,4.04139,0.00026444971567034584,0.004732985027794356,0.16337,0.0
player_ed6d9c3921e2,Bamba Dieng,2021-2022,Forward,10,3.4215,0.00026441556832154385,0.0005998190197446117,0.12163,0.0
player_9cf9d35462eb,Antonio Raillo,2021-2022,Defender,11,4.66894,0.0002643875992547599,0.0008908905401494897,0.14866,0.0
player_6797bdaada0e,Antoine Griezmann,2024-2025,Forward,11,4.88925,0.00026435372504183895,9.141073767822914e-05,0.12888,0.0
player_0102d0f61b21,Nemanja Gudelj,2021-2022,Midfielder,10,4.9736,0.0002643486142217328,0.0008088779676925709,0.15394,0.0
player_dd97813dd40b,Igor,2021-2022,Defender,11,5.67651,0.000264299808969981,0.00013637572053956727,0.12835,0.0
player_1e17f07dd9e9,Matteo Darmian,2022-2023,Midfielder,11,4.39676,0.00026429631278097724,0.0003965912146205219,0.14684,0.0
player_89cfc4a5fc4a,Sascha Burchert,2021-2022,Goalkeeper,10,6.15786,0.00026424334678839384,0.005142493399916094,0.13956,0.048627
player_f52996d8a757,Mario Suárez,2018-2019,Midfielder,10,4.54185,0.00026419618355681375,0.0003049561051590266,0.1467,0.0
player_c69b4515a317,Raphaël Guerreiro,2020-2021,Midfielder,11,4.84072,0.00026414871845412125,0.0010061381923777532,0.13955,0.0
player_7958591b3f16,Karol Linetty,2021-2022,Midfielder,11,5.15348,0.0002641424491354827,0.00043951961112925227,0.14334,0.0
player_91dda0a0d1f6,Beñat Turrientes,2021-2022,Midfielder,11,4.26862,0.00026409803520016303,0.0025524056561196363,0.16333,0.0
player_89ced9848f6d,Frank Onyeka,2021-2022,Midfielder,11,4.41168,0.00026404642621192116,0.0010819997010361906,0.15206,0.0
player_d641d5418937,Ricardo Mangas,2021-2022,Defender,11,5.03369,0.00026400347114703183,0.0016414614445300713,0.14469,0.0
player_d477d15349db,Ben Davies,2021-2022,Defender,10,4.56084,0.00026399506158580953,0.0005010021684235927,0.14449,0.0
player_276d8821ed5d,Amine Harit,2021-2022,Midfielder,12,4.61254,0.0002639232497519655,0.001959616591991967,0.15157,0.0
player_c3db4dd5ff3c,Emerson Palmieri,2021-2022,Defender,11,4.59795,0.000263921317284579,0.00018952035732030148,0.1149,0.0
player_9a2043673e4f,Matt Ritchie,2021-2022,Defender,11,4.69041,0.0002639037313133796,0.0006639398166182389,0.14701,0.0
player_e5463bfdc80e,Boubakary Soumaré,2021-2022,Midfielder,11,5.0477,0.00026390094322514563,0.0006330712258933347,0.14909,0.0
player_c69b4515a317,Raphaël Guerreiro,2022-2023,Midfielder,11,4.9111,0.00026386150692298227,0.0003407364657200279,0.13227,0.0
player_1a9ed4631fc7,Koray Günter,2021-2022,Defender,11,5.31359,0.00026385288819854745,0.0015217769623290262,0.14923,0.0
player_edd5de249f5b,Jakub Moder,2024-2025,Midfielder,11,3.69181,0.0002638057974185572,0.0011325218907916855,0.1532,0.0
player_999d89d1817f,Rodri,2022-2023,Midfielder,11,4.95792,0.0002637833589605494,0.0010725217971746075,0.15085,0.0
player_6e61c20c661b,Stole Dimitrievski,2021-2022,Goalkeeper,10,5.87987,0.00026375953419629594,2.745264711858861e-05,0.12356,0.034954
player_81eebe4daf6d,Rui Silva,2024-2025,Goalkeeper,12,6.20749,0.0002637483854944766,0.0005165786218066835,0.11415,0.052302
player_77c71eae91a0,Óscar Valentín,2021-2022,Midfielder,10,5.33524,0.0002637274403828281,0.0001183861479532863,0.13825,0.0
player_f843df51e630,Martín Montoya,2021-2022,Defender,11,4.5186,0.00026369746202364067,0.0018115162915924821,0.15386,0.0
player_eb7cb17f1598,Denzel Dumfries,2022-2023,Midfielder,10,4.72823,0.000263696009033271,0.0003485118680065868,0.15269,0.0
player_51948785a3b9,Dominique Heintz,2021-2022,Defender,9,3.72749,0.0002635513202440343,0.00010125811862026645,0.15009,1e-06
player_45bb1d408af2,Ben Johnson,2021-2022,Defender,11,4.69446,0.0002635281133347876,0.0005376353573380116,0.14415,0.0
player_6d41cfb773c2,Marcin Bu?ka,2021-2022,Goalkeeper,10,6.99792,0.00026348155200610595,0.00020762058374761009,0.11706,0.000239
player_08575ee502a0,Harrison Ashby,2021-2022,Defender,11,3.90834,0.0002634687274079215,0.00018728994080732917,0.13877,0.0
player_88d18056f90d,Stefan de Vrij,2021-2022,Defender,10,5.05266,0.00026346134502684704,0.00020614797969301058,0.12305,0.0
player_8dc4055a0a8d,Giangiacomo Magnani,2021-2022,Defender,10,4.43613,0.00026341983691769084,6.54550175399613e-05,0.12435,0.0
player_acd4b644003d,Benjamin Mendy,2023-2024,Defender,12,4.373,0.0002633930553629743,0.0027486803148191862,0.15526,0.0
player_5eef6ef4ed7e,Deiver Machado,2021-2022,Midfielder,10,4.14411,0.00026333849588041405,0.0018676416982444334,0.16058,0.0
player_7f6529c8509f,Miguel Baeza,2021-2022,Midfielder,11,4.70593,0.0002633359340935879,0.001433887864327538,0.12769,0.0
player_fa1776fe544c,Fidel,2021-2022,Midfielder,12,4.40665,0.0002633148309130652,0.0005692324766111896,0.15513,0.0
player_ebe47acf6417,Steven Fortes,2021-2022,Defender,10,4.48109,0.0002632565739329157,0.0006378549928060472,0.15383,0.0
player_a5fe67f10aaf,Brandon Domingues,2021-2022,Midfielder,11,4.00444,0.0002632157747858751,0.0025458727497662806,0.16363,0.0
player_47196143162a,Philipp Pentke,2021-2022,Goalkeeper,10,6.6006,0.00026313275410838366,0.00038815115850143636,0.12286,0.000247
player_049d072102fa,Niklas Süle,2020-2021,Defender,10,4.89951,0.00026311025072978626,0.00021611632015780636,0.12052,0.0
player_116ca32504ae,James Tomkins,2021-2022,Defender,11,4.19222,0.0002630835974019819,0.006948363283646039,0.16261,0.0
player_e731f1c395a0,Marco Richter,2021-2022,Midfielder,11,4.97673,0.0002630768493694344,0.0003257427204614309,0.15063,0.0
player_1c19b46328eb,Jason Berthomier,2021-2022,Midfielder,11,4.86526,0.0002630696601960292,0.00045971375758270647,0.14506,0.0
player_d167a8b5937a,Álvaro Morata,2021-2022,Forward,11,4.78491,0.00026294014434495247,0.0005420196108899034,0.14345,0.0
player_bbb68c14162e,Lucas Torró,2021-2022,Midfielder,10,5.25848,0.0002629066378250021,0.00030541483749700084,0.14288,0.0
player_bb418171db3b,Daniele Padelli,2021-2022,Goalkeeper,9,6.01571,0.00026289320270460846,0.00041837786339619503,0.12492,0.000278
player_d40c5d1d21ba,Adrian Fein,2021-2022,Midfielder,12,3.80068,0.0002628203485897982,0.0005968781514072739,0.15572,0.0
player_0ed7040eef4d,Luke Cundle,2021-2022,Midfielder,9,4.14294,0.00026277001411504475,0.0012344288040037586,0.15681,0.0
player_df86b70da7cf,Presnel Kimpembe,2019-2020,Defender,10,4.37181,0.00026276163327475146,0.0004853225718728099,0.14632,0.0
player_03917c722d4a,Wayne Hennessey,2021-2022,Goalkeeper,9,5.39755,0.0002627209847173989,0.00014608212983420902,0.13348,0.00102
player_ff4b964e8e44,Ryan Sessegnon,2021-2022,Midfielder,10,4.90275,0.0002627011437810907,0.0004434171971161051,0.14843,0.0
player_1b0a659bbe07,Valentin Stocker,2017-2018,Midfielder,12,3.15979,0.0002626966949662913,0.0005781860604987072,0.16142,0.0
player_32d21cc44fd1,Kevin Stöger,2021-2022,Midfielder,12,4.2676,0.00026265549840367297,0.00622229603003366,0.17557,0.0
player_442492284959,Cristhian Mosquera,2021-2022,Defender,10,4.76856,0.00026261272018078465,0.0003624774026992316,0.14539,0.0
player_728fc9342c98,Gabriel Jesus,2019-2020,Forward,10,4.29947,0.00026261153427742384,0.0001013234081744371,0.13393,0.0
player_8eb96eb40825,Tuta,2021-2022,Defender,10,4.28034,0.00026259870631131787,9.312673331568379e-05,0.11609,0.0
player_e3a55c561a5e,Brandon Soppy,2021-2022,Midfielder,11,4.54363,0.0002625780702523809,0.0020380418957618605,0.16218,0.0
player_45ea11d7f9a9,Boubacar Kamara,2021-2022,Midfielder,10,5.07728,0.0002625286346194311,0.00013246323563925364,0.13304,0.0
player_afada551822d,Pau Torres,2021-2022,Defender,11,4.79831,0.00026234237195930677,0.0003411018959177964,0.12796,0.0
player_7f72ddbb0bf6,Aleksandar Pavlovic,2023-2024,Midfielder,11,4.19258,0.0002623245648406519,0.0007190917551115853,0.15605,0.0
player_57d942c333cd,Vitolo,2021-2022,Midfielder,11,4.7729,0.0002622984912384503,0.0004629596587880624,0.14799,0.0
player_52fcc514717d,Mark Uth,2021-2022,Forward,10,4.44384,0.0002622944976367035,0.000521866251472434,0.15383,0.0
player_85045d48304f,Moussa Djenepo,2021-2022,Midfielder,11,4.72289,0.00026220249620849195,0.005139978224335104,0.15795,0.0
player_1d4a08843bbc,Kevin Agudelo,2021-2022,Midfielder,11,4.04298,0.00026217598229566345,0.00030617055525216237,0.11969,0.0
player_685f1c2d4397,Oier Sanjurjo,2021-2022,Midfielder,11,4.77583,0.00026217261920398276,0.002349359253868456,0.1579,0.0
player_60efd68ad5d4,Paolo Ghiglione,2021-2022,Midfielder,12,4.0445,0.00026214592618494013,0.009695402395050135,0.1746,0.0
player_cc1f91661a72,Stefan Mitrovic,2021-2022,Defender,10,4.18406,0.00026214580518681585,3.655322074968586e-06,0.11142,0.0
player_ac6060a318e0,Rúben Dias,2020-2021,Defender,10,4.66194,0.00026208808315878395,0.000986595140414077,0.13083,0.0
player_f94df3a7f1ee,Leandro Trossard,2023-2024,Forward,10,4.35104,0.0002620724435530882,0.001243464316249798,0.14234,0.0
player_220d8e1ddbe5,Ángel Di María,2020-2021,Forward,11,4.22673,0.0002620513245350731,0.0005712249108636874,0.14061,0.0
player_3cf184926344,Maximilian Bauer,2021-2022,Defender,11,5.50398,0.00026197738334910885,0.0005580692704308662,0.13906,0.0
player_e03ac92ac43b,Janik Haberer,2021-2022,Midfielder,11,4.32748,0.00026179495659938486,0.0009507228011605362,0.16132,0.0
player_c1d8b4bde546,Mehdi Bourabia,2021-2022,Midfielder,11,3.22982,0.00026176073849336194,0.0076342039468594875,0.16585,0.0
player_24dbccbf6805,Marcus Rashford,2021-2022,Midfielder,11,4.95751,0.00026171542260315357,0.001320216629910853,0.1482,0.0
player_15ee9f0a5ec3,Koke,2018-2019,Midfielder,10,4.10474,0.00026166670147502626,0.00039608597736128507,0.12866,0.0
player_d6dcfcd863ec,Nabil Fekir,2021-2022,Midfielder,11,4.374,0.0002616359320001258,0.000451500485815876,0.12955,0.0
player_d59136f3fdf8,Alessandro Deiola,2021-2022,Midfielder,10,4.99901,0.0002616114203536165,0.0002717394544664326,0.15124,0.0
player_94a50f5e98c1,Adam Masina,2021-2022,Defender,10,4.49135,0.00026154004291509194,0.0005000086574781426,0.13419,0.0
player_19dccc92edbc,Philipp Klement,2021-2022,Midfielder,11,4.19173,0.000261412636768102,0.0033325120437609638,0.15679,0.0
player_378887e8cdd3,Chapela,2021-2022,Midfielder,11,4.48035,0.0002612507845768145,0.0012236197577411884,0.15493,0.0
player_77c82d0e0114,Arthur Desmas,2021-2022,Goalkeeper,10,6.14459,0.0002612324222183927,0.0009425745048134074,0.11621,0.040684
player_ddd07df1af07,Cristian Ansaldi,2021-2022,Midfielder,12,4.05245,0.00026121372418600917,0.013329131728664895,0.17555,0.0
player_15ee9f0a5ec3,Koke,2019-2020,Midfielder,11,4.93021,0.0002611924767554995,0.0008527233709050698,0.15287,0.0
player_662d6fef8a54,Patson Daka,2021-2022,Forward,12,4.9433,0.00026114933892026036,0.0005426163491576928,0.1499,0.0
player_7e822ba9964f,José Juan Macías,2021-2022,Forward,10,3.49879,0.00026106310554406,0.0027365050810228986,0.16425,0.0
player_393483071fb4,Warren Tchimbembé,2021-2022,Midfielder,9,4.1604,0.00026105734322843507,0.001019866713972265,0.15346,0.0
player_049d072102fa,Niklas Süle,2017-2018,Defender,10,4.74637,0.00026105613170334676,0.0007990462863065747,0.13246,0.0
player_ec5f693706c1,Pierre-Emerick Aubameyang,2021-2022,Forward,10,4.66739,0.000261008735396646,0.00019843772629241267,0.1362,0.0
player_3d983b285da7,Danny Blum,2021-2022,Forward,12,4.41073,0.00026094684962112017,0.0024250549053862983,0.15476,0.0
player_ac6060a318e0,Rúben Dias,2024-2025,Defender,10,4.68367,0.0002608976845334513,0.0011674398327740786,0.12762,0.0
player_8fa2e3ddfe8d,Robert Andrich,2021-2022,Midfielder,10,4.07341,0.00026085730591652483,0.0001304360804824448,0.12688,0.0
player_3a7f9b957b2d,Nick Viergever,2021-2022,Defender,11,5.08832,0.0002607708827197777,0.0010833191112938087,0.14585,0.0
player_0702e6dee64e,Lionel Messi,2020-2021,Forward,10,4.51212,0.00026075595114375023,0.00014396903833154692,0.13466,0.0
player_be8cee3fb3e8,Hatem Ben Arfa,2021-2022,Midfielder,12,3.91683,0.00026072587479313404,0.0164257704502897,0.18415,0.0
player_369b00b2a3d6,Sergio Canales,2021-2022,Midfielder,10,4.93224,0.0002606540852062712,0.00036582980001663944,0.14244,0.0
player_3332b5be927a,Gabriel Magalhães,2024-2025,Defender,11,4.90963,0.00026060901327501496,0.000699143048470149,0.1363,0.0
player_d057b16ddb19,Mathew Ryan,2021-2022,Goalkeeper,9,5.92932,0.00026054799183575954,0.0005975274678371134,0.12495,0.000244
player_bd05fef55cff,Jean-Eudes Aholou,2021-2022,Midfielder,11,4.91668,0.0002605328035837262,0.0006639390941761533,0.14736,0.0
player_fc3f7690829c,Bruno Guimarães,2019-2020,Midfielder,10,4.20804,0.00026045759108899266,0.001204532272578965,0.15856,0.0
player_2a4796ecbec0,Giorgos Kyriakopoulos,2021-2022,Defender,12,4.11071,0.00026044812511823406,4.909056612853312e-05,0.12299,0.0
player_c66249dd1152,Samir Handanovic,2021-2022,Goalkeeper,9,6.9768,0.0002604313792052621,0.0007353538998500244,0.11249,0.000257
player_26ed456a6ba2,Colin Dagba,2020-2021,Defender,11,4.41387,0.00026034749159947713,0.003607908009154455,0.15934,0.0
player_0c795e5b8536,Mario Gila,2023-2024,Defender,10,4.42304,0.0002602943104737011,9.199890840253621e-05,0.11508,0.0
player_5ff9408cfc34,Georginio Wijnaldum,2017-2018,Midfielder,10,4.55008,0.0002602775596124694,0.0004712943904683013,0.13522,0.0
player_4d223bb15564,José Luis García Vayá,2021-2022,Midfielder,10,5.12766,0.00026020298595634387,0.0005825210530566065,0.14419,0.0
player_e3fdd5cfde76,Ramy Bensebaini,2020-2021,Defender,11,4.48757,0.00026019788644104957,0.001009328088896235,0.14025,0.0
player_6d1a9135f654,Ángel Correa,2017-2018,Forward,10,3.33407,0.00026019382779673766,0.0008618010737874143,0.12763,0.0
player_d924d93ac10f,Cedric Itten,2021-2022,Forward,11,4.10458,0.0002601904774186057,0.0045184763042311355,0.1715,0.0
player_fbb60d55ee65,Stefan Bell,2021-2022,Defender,11,5.63589,0.0002600038094268052,7.008323335387592e-05,0.13385,0.0
player_e6fc2b934f4b,Frenkie de Jong,2021-2022,Midfielder,11,4.0754,0.0002599872994749277,0.002096216585826607,0.13575,0.0
player_d1626776c3c9,Aleksander Buksa,2021-2022,Forward,10,3.4109,0.0002598921337262662,0.002012668223082555,0.17688,1e-06
player_5420fa39d918,Marc Tenas,2021-2022,Midfielder,10,3.08154,0.0002598257551950275,0.0006982931392979052,0.17838,3e-06
player_6797bdaada0e,Antoine Griezmann,2023-2024,Forward,10,5.01799,0.0002598023716026911,3.05163952892385e-05,0.12794,0.0
player_8d0da90f6ef5,Stefan Savic,2019-2020,Defender,11,4.15056,0.0002597958520514017,0.008482185789765027,0.15807,0.0
player_bd974787ed78,Jordi Alba,2018-2019,Defender,11,4.31402,0.00025978886603612747,0.000757652901792648,0.14575,0.0
player_77f7197788da,Felix Afena-Gyan,2021-2022,Midfielder,11,3.8635,0.00025976383004656435,0.0004411525196679299,0.12424,0.0
player_7b7c5d6198b0,Maxence Caqueret,2019-2020,Midfielder,11,4.08674,0.00025974671738440594,0.006893214138236855,0.16814,0.0
player_3fd29c377828,Francesco Magnanelli,2021-2022,Midfielder,10,4.15168,0.00025973608494950673,0.00011918955589332634,0.14778,0.0
player_204a1a63e5a4,Isaac Carcelen,2021-2022,Defender,11,5.22079,0.00025972757267649934,0.0009660959242252065,0.14842,1e-06
player_e3d3e1288f79,Manuel Prietl,2021-2022,Midfielder,10,5.1108,0.0002596983826202551,0.00021902428747185937,0.14036,0.0
player_d48f201efbe7,Francisco Sierralta,2021-2022,Defender,9,3.66447,0.000259633715926461,0.00010125811862026645,0.15009,1e-06
player_c595b944376b,Oliver Skipp,2021-2022,Midfielder,10,4.98381,0.0002596147352637772,0.0006790624753109698,0.15124,0.0
player_8085fd189f76,Vincenzo Grifo,2021-2022,Midfielder,11,4.79155,0.0002594708647593805,0.0001387776958892677,0.13332,0.0
player_9a9cb8c63f95,Christian Pulisic,2024-2025,Midfielder,11,4.62916,0.00025947025346030215,0.0005287670423926027,0.141,0.0
player_ab514da3df36,Tim Iroegbunam,2021-2022,Midfielder,10,3.83931,0.00025944869810395064,0.00534567855372932,0.16773,0.0
player_4ca2547d6a4d,Nathan Ferguson,2021-2022,Defender,10,3.69227,0.00025943797479583547,0.002675144057259336,0.15613,1e-06
player_26ed456a6ba2,Colin Dagba,2021-2022,Defender,11,3.82745,0.0002593237463641194,0.006393745488736541,0.16955,0.0
player_5b4c864ce394,Alessio Romagnoli,2023-2024,Defender,9,4.43259,0.00025928842022036197,6.981150403365502e-05,0.1377,0.0
player_a1f022802343,Maxence Rivera,2021-2022,Midfielder,9,3.80302,0.00025922556156185314,0.0012948446807753292,0.14441,4e-06
player_c06dfbb32134,Hamza Mendyl,2018-2019,Defender,11,3.68237,0.00025906808166857326,0.012936029870123563,0.17137,0.0
player_faa909b5d2f2,Arthur Masuaku,2021-2022,Midfielder,11,4.15313,0.00025906309976245386,0.0004308619123200588,0.15188,0.0
player_9832ef309f6d,Michael Svoboda,2021-2022,Defender,10,4.34453,0.00025906278503967184,2.957935099251389e-05,0.12354,0.0
player_d7c7b5dce305,Steve Mandanda,2021-2022,Goalkeeper,10,5.98092,0.0002590555730706007,0.0033962888472558682,0.1276,0.000158
player_9272cbb9e792,Phil Foden,2021-2022,Forward,10,4.82287,0.0002589669836374705,7.807326342932127e-05,0.12869,0.0
player_6d7c33f5d005,Matthijs de Ligt,2020-2021,Defender,11,5.51476,0.00025891521547134283,0.0002820732681217515,0.13972,0.0
player_62463dc3d50a,Maximilian Beier,2024-2025,Forward,10,4.11875,0.00025890865305897145,0.00024541498244620393,0.14484,0.0
player_af049fea541a,Dilane Bakwa,2021-2022,Forward,11,3.08172,0.0002588864417491155,0.0005304576791319948,0.16579,0.0
player_3c0b09e9fc55,Clinton Mola,2021-2022,Defender,9,4.30238,0.0002588763004312898,0.0008599653473900803,0.14076,0.0
player_5c666888ccd9,Loren Morón,2021-2022,Forward,11,4.41489,0.00025885488000607895,0.0012915804005191862,0.1559,0.0
player_ef82433c9c42,Marco Sportiello,2019-2020,Goalkeeper,9,5.43806,0.0002588375839201193,0.0018770826073721914,0.13866,0.000812
player_049f6d5c9c17,Gleison Bremer,2021-2022,Defender,11,5.28495,0.00025883077128261974,0.00022321542866044527,0.1404,0.0
player_6d1a9135f654,Ángel Correa,2019-2020,Forward,10,4.24713,0.00025876672990790084,6.564619664734983e-05,0.13493,0.0
player_1f59207444e4,Jaden Philogene Bidace,2021-2022,Forward,8,3.28858,0.0002587559080177784,0.0004009347862423874,0.14277,0.0
player_83ccb83ae942,Igor Zubeldia,2021-2022,Defender,10,5.02207,0.00025864727136204913,0.00019427856339806476,0.14013,0.0
player_1da559d90641,Dybala,2018-2019,Forward,11,3.6801,0.00025858502822238404,0.0013648861876181877,0.16295,1e-06
player_c5d308863109,Bertrand Traoré,2023-2024,Midfielder,10,4.10287,0.00025855024911945274,0.0009241493281431256,0.15254,0.0
player_3365e7eb8e9e,Thomas Müller,2019-2020,Midfielder,10,4.75641,0.0002585364445580494,0.0003929305316611741,0.13418,0.0
player_27fe24e529ee,Matteo Gabbia,2021-2022,Defender,11,4.91381,0.0002584730945458024,0.00040021062620336837,0.13974,0.0
player_d8dbed86e211,Joshua Kimmich,2018-2019,Midfielder,10,4.99689,0.000258463436431189,0.00012418630932352408,0.14201,0.0
player_795cd91e08d0,Sofiane Alakouch,2021-2022,Defender,10,4.08183,0.00025845743260336017,0.0012045043344187452,0.15937,0.0
player_99f45ede9ec0,Péter Gulácsi,2019-2020,Goalkeeper,10,6.00898,0.00025840456953275017,9.282590489564441e-05,0.10491,0.000109
player_7bd3801e1972,Diogo Jota,2024-2025,Forward,11,4.49283,0.0002583831264726863,0.0022507078330020083,0.15317,0.0
player_053afce6ba98,Raheem Sterling,2018-2019,Forward,10,4.89316,0.0002582349111476022,1.775267203622754e-05,0.12868,0.0
player_60df20d3f7d4,Thiago Motta,2017-2018,Midfielder,11,3.96311,0.00025814591774855997,0.0023394773362672757,0.13415,0.0
player_7bd3801e1972,Diogo Jota,2020-2021,Forward,11,4.3274,0.0002581170921598819,0.0007120921231842523,0.14701,0.0
player_83a3dacc3a9a,Ajdin Hrustic,2021-2022,Midfielder,11,4.69922,0.0002580971628497428,0.0008215998036072439,0.14744,0.0
player_8c88622a9a5d,Cristiano Ronaldo,2017-2018,Forward,10,4.46988,0.00025808471014242555,0.00036353588815348127,0.12909,0.0
player_6b46d980e451,Myrto Uzuni,2021-2022,Midfielder,11,4.81389,0.0002580698172203004,0.001908342119020616,0.15574,0.0
player_8c47b7340181,Dimitry Bertaud,2021-2022,Goalkeeper,9,5.79957,0.00025799921194380167,0.0009804616066252895,0.12289,0.013327
player_4cb1c2d1b910,Umut Tohumcu,2021-2022,Midfielder,8,3.38918,0.0002579904104168635,0.00030814913945055724,0.13789,0.0
player_87d19e4e75c3,Nicolás González,2024-2025,Midfielder,11,5.17947,0.0002579614020605679,0.001058975161665408,0.15102,0.0
player_9c569aa0a194,Mattia Perin,2021-2022,Goalkeeper,9,5.41471,0.00025793140831403285,0.0018770826073721914,0.13866,0.000837
player_2a558b97ced9,Hilmir Mikaelsson,2021-2022,Forward,12,3.82099,0.0002579298808922934,0.004781315313955741,0.15048,0.0
player_4fb98a432b0a,Karim Adeyemi,2023-2024,Midfielder,12,3.87968,0.00025778173261677443,0.003599070710055524,0.13427,0.0
player_5eb27f05058c,Julian Green,2021-2022,Midfielder,10,4.85929,0.0002577636899239776,0.0007301853046674832,0.14723,0.0
player_d167a8b5937a,Álvaro Morata,2018-2019,Forward,11,4.30732,0.0002577541506121911,0.0008571811808903921,0.14553,0.0
player_a00245b99ab3,Raoul Bellanova,2021-2022,Midfielder,11,4.90877,0.00025773295719454297,0.000952688399786239,0.14333,0.0
player_82a9e53e257e,Dan Gosling,2021-2022,Midfielder,11,3.24974,0.00025766479478579035,0.000292392143515426,0.15789,0.0
player_802ccde3bba6,Patrick Osterhage,2021-2022,Midfielder,10,4.64128,0.0002576550964260708,0.0006069057634230646,0.15253,0.0
player_7758f03b04e0,Cristiano Piccini,2021-2022,Defender,11,3.70716,0.00025762026022754374,0.00680287201706686,0.16719,0.0
player_2ff5e674cf5b,Rodrygo,2019-2020,Forward,11,4.28559,0.00025755071930411123,0.0031291935116297903,0.15718,0.0
player_409edc8a382a,Marten de Roon,2024-2025,Midfielder,11,4.04468,0.0002575253904082319,0.0010057212491991956,0.1523,0.0
player_2241caac22fa,Marvelous Nakamba,2021-2022,Midfielder,10,4.33462,0.0002575121529619073,0.0028741749319269702,0.1647,0.0
player_5884cb3cb1fd,Jonathan Clauss,2021-2022,Midfielder,11,4.70147,0.0002574831781404547,0.00038219394241904,0.1438,0.0
player_c5e9cb9a5544,Bryan Cristante,2021-2022,Midfielder,10,5.10544,0.0002574587400867254,0.0001208465119755754,0.13507,0.0
player_d5f3e3f0308c,César Azpilicueta,2020-2021,Defender,11,4.06163,0.00025728310800998645,0.0004589089814847824,0.11843,0.0
player_503fa3246fc6,Ben White,2021-2022,Defender,11,5.43774,0.0002571716311168778,0.0005856984203884048,0.13602,0.0
player_89f4cba68559,Oleksandr Zinchenko,2020-2021,Defender,10,4.70906,0.00025711753952367363,0.0007769952496610332,0.12907,0.0
player_946a7dd11dbe,Aleix Febas,2021-2022,Midfielder,10,3.30735,0.00025706210407592167,0.005251529678131591,0.17486,2e-06
player_41b0273f4db5,Luka Bogdan,2021-2022,Defender,9,4.60915,0.00025687552051532447,8.082268052636275e-05,0.14182,0.0
player_a26f2e13fbf1,Mitchell Dijks,2021-2022,Defender,10,4.15705,0.00025683511911194954,0.0038814793716754194,0.16564,0.0
player_9a391c60c0bd,Thomas Henry,2021-2022,Forward,9,3.25719,0.0002568055532231059,4.3927160058143024e-05,0.11539,0.0
player_d6f16266352f,Adrien Rabiot,2017-2018,Midfielder,10,4.90666,0.00025676102357813444,0.0006744676306871273,0.14162,0.0
player_48ae7eb3d05a,Kieran Dowell,2021-2022,Midfielder,11,4.8957,0.00025672375433407517,0.0008624511382342414,0.15111,0.0
player_244491437a8b,Mateo Kovacic,2023-2024,Midfielder,10,4.5368,0.0002565841851951645,0.000251265336022493,0.13212,0.0
player_840b71d888f2,Nayef Aguerd,2021-2022,Defender,10,3.99302,0.0002565619266650852,0.00012511770632880586,0.11777,0.0
player_ba918fe3030e,Cala,2021-2022,Defender,11,3.94085,0.0002564484999118779,0.003036493420923367,0.1524,0.0
player_a6710c30cef6,Nemanja Matic,2021-2022,Midfielder,11,4.55788,0.00025643850339603037,0.0021536486363359134,0.15624,0.0
player_8664911306cb,Yussuf Poulsen,2019-2020,Forward,11,4.14422,0.0002563952246760838,0.0020375792284146764,0.14669,0.0
player_41a5f9aa9a49,Félix Lemaréchal,2021-2022,Midfielder,10,4.12484,0.0002563597217421982,0.004298840136784268,0.15019,2e-06
player_be71d8a238a1,Luka Modric,2017-2018,Midfielder,10,4.85578,0.0002563092039848516,0.00010151447781380342,0.13605,0.0
player_ccaf85236495,Harry Maguire,2021-2022,Defender,10,3.9889,0.0002562898702350627,6.518941994713227e-05,0.11927,0.0
player_3cea950bd952,Johan Mojica,2021-2022,Defender,11,4.3255,0.00025624040770291865,0.00019772831228349387,0.12407,0.0
player_ecb7494699ce,William Smallbone,2021-2022,Midfielder,11,3.80098,0.00025622363813119044,0.002222716187408674,0.16253,0.0
player_92a8afa7bd20,Jean-Philippe Gbamin,2021-2022,Midfielder,9,3.89598,0.0002562176083460558,0.0016966951034635737,0.14645,0.0
player_4c37c60ffe89,Nikita Iosifov,2021-2022,Forward,10,3.82918,0.00025619315155660515,0.0012062663395193862,0.14985,7e-06
player_08a1e6a69c66,Konrad Laimer,2021-2022,Midfielder,11,4.1214,0.0002561475576976501,0.004045400189416154,0.16865,0.0
player_2a35e3cabdbc,John Stones,2017-2018,Defender,10,4.48996,0.0002560907744188441,0.0007325040715141579,0.12859,0.0
player_ee811e4df901,Mathias Jensen,2021-2022,Midfielder,10,4.65392,0.0002560745842196923,0.0001845698131372573,0.14386,0.0
player_34e051d9fb4d,Lovro Majer,2021-2022,Midfielder,11,4.98403,0.000256063363908481,0.0007157624057066809,0.1425,0.0
player_34d3fb7c5759,Federico Fazio,2017-2018,Defender,10,4.49212,0.0002560390896656818,0.0008195308476629271,0.13517,0.0
player_f111b551b972,Serge Gnabry,2018-2019,Midfielder,10,4.30375,0.00025602660300639787,6.47323321181492e-05,0.13394,0.0
player_fa3d649a8a54,Steven Bergwijn,2019-2020,Midfielder,11,3.52406,0.0002559542655185269,0.0011761650020299921,0.16272,0.0
player_dd181a75e593,Jodel Dossou,2021-2022,Midfielder,11,5.06815,0.0002558762864373729,0.0006469471438741774,0.14763,0.0
player_7dc6c2fc3bfa,Christoph Kramer,2021-2022,Midfielder,10,4.3253,0.00025586947495529573,0.0005420388486454632,0.14521,0.0
player_18605b64d0fe,Ebrima Darboe,2021-2022,Midfielder,10,4.1589,0.0002558486909837783,0.00014281685713656283,0.14805,0.0
player_aa0e774f9b4c,Ken Sema,2021-2022,Midfielder,11,4.44171,0.00025583563452114563,0.0008068685098202823,0.15352,0.0
player_022e50b6ce95,Nahuel Molina,2021-2022,Midfielder,10,3.80495,0.00025581928008879754,5.096713821926295e-05,0.115,0.0
player_897d9b714896,Rayan Cherki,2021-2022,Midfielder,10,4.29026,0.00025566681909593294,0.0007148241925058346,0.15871,0.0
player_86ae79038272,Mario Hermoso,2023-2024,Defender,11,4.74969,0.00025566533251225555,0.0005405824923861299,0.14091,0.0
player_08a1e6a69c66,Konrad Laimer,2022-2023,Midfielder,11,4.22642,0.00025565632320143295,0.0013791192513841802,0.1567,0.0
player_2ff5e674cf5b,Rodrygo,2024-2025,Forward,11,4.44749,0.0002556469748743105,0.0025615072631550743,0.14481,0.0
player_91e3bf924a67,Luis Díaz,2022-2023,Forward,11,4.37765,0.00025562209573649935,0.003828570243994511,0.15217,0.0
player_ecd671ac91f2,Bjarki Bjarkason,2021-2022,Midfielder,8,3.83195,0.000255411079375181,0.00014284957246724165,0.13909,1e-06
player_fc1cc8dc9ec1,Hamadi Al Ghaddioui,2021-2022,Forward,11,4.01192,0.0002553359331971955,0.002950774190379395,0.16526,0.0
player_ccd022421600,Luca Ranieri,2021-2022,Defender,11,4.98913,0.00025532726636474636,0.00019961274734868573,0.13552,0.0
player_4c06b737b979,Dan Ndoye,2021-2022,Midfielder,11,3.75483,0.0002551703305892416,0.007251930184903847,0.17227,0.0
player_0cad276e5455,Sambou Soumano,2021-2022,Forward,11,4.11355,0.00025513562023247614,0.00029635785044950506,0.15441,0.0
player_c69b4515a317,Raphaël Guerreiro,2019-2020,Midfielder,10,4.34582,0.0002550540477854742,0.0015668235076861125,0.14492,0.0
player_93bfa83d4394,Sebastian Rudy,2021-2022,Midfielder,11,4.30209,0.00025500795963376234,0.0018408861295474762,0.16157,0.0
player_337b6fc1d6d8,Riyad Mahrez,2022-2023,Forward,11,4.02642,0.00025494682732565805,0.00025132530913856424,0.13784,0.0
player_8764c335b0a0,Emre Can,2021-2022,Midfielder,10,3.63135,0.0002548957057766473,0.0005699032793910494,0.15684,0.0
player_5f8a5eaf48de,Christian Günter,2021-2022,Defender,10,4.30513,0.00025486188613604735,0.0001310212588604878,0.13905,0.0
player_157bf12b3eb8,Patrick Bamford,2021-2022,Forward,10,4.04592,0.0002548605787093062,0.0012316312295376493,0.15568,0.0
player_ba8f7c1b6deb,Adam Marusic,2020-2021,Midfielder,11,5.03669,0.0002548120204000489,0.0009046258813816913,0.15005,0.0
player_6debe2654505,José María Giménez,2019-2020,Defender,10,5.55737,0.0002548069160889722,8.427048675814886e-05,0.12667,0.0
player_9272cbb9e792,Phil Foden,2019-2020,Forward,11,4.61052,0.0002547420220086441,0.000435407699087856,0.13614,0.0
player_46cb40011cbb,Kevin Kampl,2019-2020,Midfielder,11,3.66248,0.00025472804081344926,0.004066143970798022,0.16688,0.0
player_b6e9473d38ac,Emil Ceide,2021-2022,Forward,13,3.04138,0.0002547231003365728,0.0037575096322442487,0.15937,0.0
player_966f3b942e60,Teun Koopmeiners,2024-2025,Midfielder,10,5.34384,0.00025469265260151075,0.00013183680882102478,0.13894,0.0
player_2edbd6eb2bb2,Edmond Tapsoba,2021-2022,Defender,10,4.61997,0.00025461394172731884,0.0002798974841717297,0.12834,0.0
player_cf597a337234,Jérôme Boateng,2021-2022,Defender,11,4.55611,0.00025457845720304576,0.0003243139209608518,0.14503,0.0
player_214dbb7b8c27,Ismaily,2024-2025,Defender,11,4.02195,0.0002545582778387156,0.0018307483393963913,0.15596,0.0
player_d9088f088873,Lorenzo Montipò,2021-2022,Goalkeeper,9,5.42414,0.0002545424055419264,0.00012809630294032199,0.12861,0.025657
player_6797bdaada0e,Antoine Griezmann,2019-2020,Forward,10,4.67813,0.000254505105674424,0.00016707531205098662,0.12781,0.0
player_9071462696ae,Pablo Piatti,2021-2022,Midfielder,11,3.72977,0.00025448678266695496,0.0008234361805896809,0.16017,0.0
player_cb5b3166f2bd,Éder Militão,2022-2023,Defender,10,4.50771,0.0002544755053506524,0.00032720700915528844,0.13092,0.0
player_4c20dbb0cf3d,Ridgeciano Haps,2021-2022,Midfielder,10,4.82194,0.00025447333430707146,0.0002281865234582644,0.14306,0.0
player_8ee16c178925,Exequiel Palacios,2021-2022,Midfielder,11,4.47975,0.0002542299696505486,0.0009346405980375933,0.15064,0.0
player_9ebc6b3883d3,Mauro Icardi,2020-2021,Forward,11,4.31627,0.0002541907878732481,0.0014183588631588918,0.14653,0.0
player_049e9db7dfd8,Felix Nmecha,2023-2024,Midfielder,11,4.55452,0.0002541823646977333,0.001179523644079377,0.15444,0.0
player_bad73fd059ae,Mohamed Simakan,2021-2022,Defender,11,5.09892,0.0002541753676858546,0.00131829290527372,0.13549,0.0
player_4866feca5833,Mads Pedersen,2021-2022,Defender,11,4.7152,0.00025413862402209214,0.0005346317440105222,0.14019,0.0
player_634fcdb1754b,Danilo Pereira,2022-2023,Midfielder,10,4.32982,0.0002539793025108835,0.00019930312989406728,0.12854,0.0
player_6b4707ef363c,Mário Rui,2019-2020,Defender,11,4.88443,0.0002539428440178676,0.0002595941477181323,0.14162,0.0
player_fb9308d84951,Cristian Molinaro,2021-2022,Defender,11,4.32856,0.0002538906327567566,0.0022135799776995518,0.15184,0.0
player_e240f1f970a8,Tim Lemperle,2021-2022,Forward,12,3.60355,0.0002538622035575279,0.0025880830085381794,0.15995,0.0
player_7dfe0846dc90,Léo Lacroix,2017-2018,Defender,10,4.2271,0.00025383571346308017,0.00026231110529832035,0.12514,0.0
player_ef82433c9c42,Marco Sportiello,2020-2021,Goalkeeper,9,5.52644,0.00025374328140358887,0.0008244315357887367,0.12242,0.000258
player_bfd2b98e016e,Nicolas Cozza,2021-2022,Defender,10,3.96485,0.00025373293846326815,0.00011099191952490469,0.11219,0.0
player_745563c4992c,Vinícius Júnior,2022-2023,Forward,9,3.33496,0.0002537295448041054,0.00038276468016735073,0.12729,0.0
player_69a0717472db,João Cancelo,2022-2023,Defender,10,3.85002,0.00025372569676070176,2.763188948392772e-05,0.11832,0.0
player_c49f95368944,Morgan Rogers,2024-2025,Midfielder,11,4.57557,0.0002537130117296839,0.0018340551096079107,0.15566,0.0
player_0fc6740caa45,Josuha Guilavogui,2021-2022,Midfielder,10,4.53347,0.00025367437188823344,0.000725338194689579,0.14797,0.0
player_e398fcf38039,Daniel Didavi,2021-2022,Midfielder,11,3.86101,0.00025360955948344017,0.0027494467088647603,0.17049,0.0
player_244491437a8b,Mateo Kovacic,2022-2023,Midfielder,10,4.31142,0.00025360567236503546,0.0006995754514256977,0.14371,0.0
player_e8135b0b157b,Timothy Weah,2021-2022,Midfielder,11,4.10562,0.00025359487574830525,0.0005332966634813004,0.12863,0.0
player_4ef32dd77f50,Nadir Zortea,2021-2022,Midfielder,11,4.8875,0.00025355390871746293,0.0005876482242123627,0.14801,0.0
player_8627870878f5,Achraf Hakimi,2024-2025,Defender,10,4.1961,0.00025353820376114157,0.000251368824667439,0.1452,0.0
player_1a75dd32fe52,Dylan Chambost,2021-2022,Midfielder,10,4.40079,0.00025347830979739457,0.002258305586288525,0.15292,0.0
player_ef7814592384,Florian Kainz,2021-2022,Midfielder,10,3.79301,0.0002534638913969867,0.0001537423587565817,0.11915,0.0
player_d64813a83856,Mathias Jørgensen,2021-2022,Defender,11,3.61179,0.0002533456075831825,0.013478328614175195,0.16945,0.0
player_fc0144921b92,Jere Uronen,2021-2022,Defender,10,5.09559,0.0002533217588494348,0.0004338103370640027,0.13708,0.0
player_4296d3efdf4a,Rico Lewis,2023-2024,Defender,11,3.83374,0.00025319824610316166,0.0013442942081229323,0.15619,0.0
player_dd9e2080ceeb,Otávio,2021-2022,Midfielder,10,4.26626,0.0002531428865023086,0.000998725050756551,0.14768,0.0
player_3f592b03170d,Ryad Boudebouz,2021-2022,Midfielder,11,5.01315,0.0002531143745824021,0.00047834041559132546,0.1417,0.0
player_a79ec224e3c3,Anthony Lopes,2018-2019,Goalkeeper,9,6.43122,0.0002530709650118612,0.0010229176101741175,0.12079,0.000161
player_7f301267a1b9,Timo Werner,2022-2023,Forward,11,4.52368,0.00025306195727701347,0.0002851564149396802,0.1303,0.0
player_c7e78bc0b849,Immanuel Pherai,2021-2022,Forward,8,3.20715,0.00025302202363054077,0.0004009347862423874,0.14277,0.0
player_999d89d1817f,Rodri,2018-2019,Midfielder,10,5.05477,0.0002529954949517919,0.00015847988320967572,0.14226,0.0
player_60d63b2e7fd8,Abdelhamid Sabiri,2021-2022,Midfielder,11,4.53992,0.0002529577605572352,0.0009060290048092423,0.16325,0.0
player_98419858a634,Rani Khedira,2021-2022,Midfielder,10,4.82478,0.0002529073865723767,0.00031001781855059395,0.14307,0.0
player_dfc12f9896be,Gavi,2021-2022,Midfielder,10,3.90977,0.00025287826706388696,0.0005556794805892809,0.13298,0.0
player_fbf2df40d02b,Japhet Tanganga,2019-2020,Defender,10,4.96872,0.00025284076472198024,0.0006770381088053641,0.14623,0.0
player_d79631aff02f,Daniel Caligiuri,2018-2019,Midfielder,10,4.96545,0.0002528399310154456,0.00015158165126772567,0.14245,0.0
player_314adc5fe6f2,Kevin Gameiro,2021-2022,Forward,10,4.41688,0.0002527810068781726,0.0006463476675418051,0.1339,0.0
player_5ef16e17864d,Ilkay Gündogan,2023-2024,Midfielder,10,5.03689,0.0002527806797038134,0.00017635898139980023,0.13698,0.0
player_38c94a46b58e,Sergio Escudero,2020-2021,Defender,11,4.22734,0.0002527372465700386,0.0030040961553691346,0.16126,0.0
player_efbe654890b6,Ernesto Torregrossa,2021-2022,Forward,10,3.03118,0.0002527334239713336,0.005140046070648544,0.18173,1.6e-05
player_b1950da970cf,Robert Ibáñez,2021-2022,Midfielder,11,3.8485,0.00025270432473295333,0.0011588466188283523,0.15128,0.0
player_8ca417abce77,Harry Winks,2019-2020,Midfielder,10,5.03823,0.0002525930227950167,0.0003264715204355667,0.14011,0.0
player_53755aa2fa1d,Damien Da Silva,2021-2022,Defender,10,3.92095,0.00025252494426580954,0.0006178775851370715,0.13138,0.0
player_e683ca42c21a,Harry Kane,2021-2022,Forward,10,4.78595,0.0002525080445421844,0.0001990429696798909,0.1325,0.0
player_ed52ac169a9e,Kylian Mbappé,2018-2019,Forward,10,3.32975,0.00025244235055685906,0.0008234392978176628,0.12315,0.0
player_e9269e88d0aa,Stanislav Lobotka,2022-2023,Midfielder,10,4.35799,0.00025225329026965654,0.00023635460227666366,0.13025,0.0
player_e1232c717bbc,Thorgan Hazard,2020-2021,Midfielder,12,4.16897,0.00025223593370499197,0.00825293617367074,0.15586,0.0
player_3407a408511d,Randal Kolo Muani,2021-2022,Forward,10,4.31247,0.00025222919108254863,0.00018018053256500544,0.13127,0.0
player_247e65702602,Álvaro Negredo,2021-2022,Forward,10,4.81973,0.00025221264304487617,0.0001881137449801754,0.13891,0.0
player_2ff5e674cf5b,Rodrygo,2023-2024,Forward,10,4.51823,0.0002521881579511862,0.00035799933968863146,0.13414,0.0
player_3bdd564d6dfc,Martin Satriano,2021-2022,Forward,10,4.33701,0.00025211926977094536,0.000317576459510672,0.15128,0.0
player_3514ed131c61,Aaron Connolly,2021-2022,Forward,9,3.27932,0.0002520837999530379,0.0002199567445161618,0.15062,0.0
player_8816fab38e5d,Ferran Torres,2021-2022,Forward,10,4.30332,0.0002520761001300047,0.0009187025553938963,0.14809,0.0
player_1b23f3df0567,Louis Schaub,2021-2022,Midfielder,11,4.3713,0.0002520316081424893,0.002737963579738572,0.15787,0.0
player_5449dec1e0da,Xavi Simons,2023-2024,Forward,9,3.26497,0.0002520280900741617,0.0005635237833374196,0.12755,0.0
player_c392fa2cf399,Pierluigi Gollini,2020-2021,Goalkeeper,11,3.63607,0.00025199781815383337,0.0008882953366675033,0.08319,1e-06
player_3608fb06593f,Daan Heymans,2021-2022,Midfielder,12,3.28464,0.0002519219374155133,0.028465230473687198,0.19119,1e-06
player_2c4bc4bbc866,Vitinha,2022-2023,Midfielder,11,4.84669,0.0002519132054294794,0.00025219473858302587,0.14135,0.0
player_f070f8e348b8,Kingsley Coman,2024-2025,Midfielder,10,4.62207,0.00025190823822789587,0.00014066510240659053,0.13733,0.0
player_ae845fc0c991,Eric Dier,2024-2025,Defender,10,4.07718,0.000251697380029571,0.0004895027675496146,0.14344,0.0
player_223a9432b6ba,Marcos Llorente,2020-2021,Midfielder,11,4.3849,0.00025164664681400026,0.00030419004507934474,0.14489,0.0
player_37f823fc8300,Nicolás Otamendi,2017-2018,Defender,10,4.60101,0.0002515576660365512,0.0002904193943171677,0.13076,0.0
player_68e5cc24a84e,Burak Yılmaz,2021-2022,Forward,10,3.26596,0.00025153711848831196,0.0010208804529826879,0.12523,0.0
player_95ead5274a76,Sofian Kiyine,2021-2022,Midfielder,11,3.85705,0.0002515356916961841,0.0006525527731899288,0.12668,0.0
player_25ff999bad80,Roberto Piccoli,2021-2022,Forward,11,4.37077,0.00025145242622768237,0.0014870306008880668,0.15676,0.0
player_be92079a926b,Saúl Ñíguez,2021-2022,Midfielder,10,4.31983,0.0002514307696185932,0.0016450902564569732,0.15096,0.0
player_3bc89ff4028c,Josko Gvardiol,2021-2022,Defender,10,4.78276,0.00025138504969950923,0.00044869514341699105,0.13373,0.0
player_06192f9b11b7,Ben Lhassine Kone,2021-2022,Midfielder,9,3.60216,0.0002513449594173094,0.0014681520756478074,0.1547,0.0
player_d66162f9eff4,Adama Soumaoro,2021-2022,Defender,10,3.70136,0.0002513011115534945,0.00021940392127292734,0.12065,0.0
player_ef0371c8d071,Ismaël Gharbi,2021-2022,Midfielder,8,4.53081,0.00025125806885887344,6.30178636804602e-05,0.1204,0.0
player_56103d894daf,Mykhailo Mudryk,2022-2023,Midfielder,11,4.08,0.0002512212103797499,0.002199276666796942,0.16385,0.0
player_e5385d7ac3dc,José Pozo,2021-2022,Midfielder,10,4.09825,0.00025119519771768495,7.953574484926749e-05,0.14927,0.0
player_c58128c7773c,Kevin De Bruyne,2019-2020,Midfielder,10,4.69034,0.00025117578310615487,2.0176044005850102e-05,0.12793,0.0
player_6491677537b0,Martin Valjent,2021-2022,Defender,10,5.32764,0.0002510506088812279,0.0004041711778691555,0.1293,0.0
player_887ac0253411,Josh Brownhill,2021-2022,Midfielder,10,5.24332,0.0002510064833749679,0.0001550683582670922,0.1441,0.0
player_2efb46bed4b7,Jorginho,2023-2024,Midfielder,10,3.91789,0.000251000562582695,0.0020210845618403145,0.16083,0.0
player_03aeb4894d9d,Jorge Molina,2021-2022,Forward,10,4.59702,0.00025099808905380556,0.00023832396718551302,0.14181,0.0
player_da5095eb6a85,Norbert Gyömbér,2021-2022,Defender,10,5.12291,0.0002509928204165532,0.000351360551967874,0.14006,0.0
player_67ebeea09f7d,Samuel Lino,2024-2025,Midfielder,10,4.91351,0.0002509636528656719,0.0016422303376245543,0.14805,0.0
player_7fba3f68c548,Tiago Djaló,2021-2022,Defender,10,4.66459,0.00025077657681487383,0.0006666711827524253,0.13823,0.0
player_9beaa94b9195,Julen Agirrezabala,2021-2022,Goalkeeper,9,5.48897,0.00025063757127006257,0.0011105621558232445,0.12217,0.006005
player_986a6542ac73,Breel Embolo,2020-2021,Forward,10,4.48521,0.00025061152199890534,0.0004653234320102058,0.1533,0.0
player_bb60874b4e10,Stuart Dallas,2021-2022,Midfielder,10,5.05366,0.00025053467582127824,0.00028788121312952117,0.13876,0.0
player_5ef16e17864d,Ilkay Gündogan,2018-2019,Midfielder,10,4.54176,0.0002505344720715548,0.00024280242141697616,0.13597,0.0
player_94d865dd97c6,Francis Coquelin,2019-2020,Midfielder,9,3.59389,0.0002505124079565899,6.054765584440836e-06,0.12773,0.0
player_0f1bb451663c,Jordan Ayew,2021-2022,Forward,10,4.35769,0.00025046878914295964,8.806221610223265e-05,0.13707,0.0
player_f0715f7b7bdc,Silvan Widmer,2021-2022,Midfielder,11,4.43166,0.00025046597049150927,0.000800365184996392,0.14458,0.0
player_7a260dd7805a,Lukas Klostermann,2019-2020,Defender,10,4.22254,0.0002504479866745463,0.0007254210899512269,0.14308,0.0
player_014858a7a08a,Iker Benito,2021-2022,Midfielder,11,3.77005,0.0002503132237577284,0.0035537890959433127,0.17588,0.0
player_5d51ac6002bb,Francesco Acerbi,2022-2023,Defender,10,4.7876,0.00025030866172921865,0.0009556874136861814,0.13368,0.0
player_9931a08dd752,Robin Hack,2021-2022,Forward,10,4.18834,0.0002502906401733228,0.000235080352573603,0.15603,0.0
player_cd4df99134c3,Kieran Trippier,2017-2018,Defender,10,4.41012,0.00025026590048670533,0.0005108391909133936,0.13885,0.0
player_33fbbe0f3837,Lloyd Kelly,2024-2025,Defender,11,4.87721,0.0002502542817739156,0.0026429873202985896,0.1533,0.0
player_40326600ba18,Marco Reus,2018-2019,Midfielder,10,3.69167,0.0002502440318211904,0.0005146900319703224,0.12688,0.0
player_602d787d0e50,El Chadaille Bitshiabu,2021-2022,Defender,9,3.60426,0.00025019373054229426,0.0008366133648742047,0.14499,0.0
player_330ac2998666,Jordan Torunarigha,2021-2022,Defender,10,4.04627,0.0002500890957261758,0.0008212844163650097,0.15656,0.0
player_24ae81599a6b,Alberth Elis,2021-2022,Forward,12,4.17297,0.00024999307554287534,0.008977099826119139,0.16281,0.0
player_4f36bc38dc73,Luismi,2021-2022,Midfielder,9,4.20862,0.0002498654508957525,0.0013604783925704265,0.14902,1e-06
player_94d865dd97c6,Francis Coquelin,2021-2022,Midfielder,11,3.40777,0.00024981146391095995,0.007983692650073738,0.16466,0.0
player_7635c19136fe,Álvaro Bastida,2021-2022,Midfielder,10,3.71124,0.00024966019922593606,0.0015337194636001205,0.16387,0.0
player_8acb948f222b,Piotr Zielinski,2024-2025,Midfielder,10,4.37112,0.00024965793083615915,0.002281732621150947,0.14717,0.0
player_d477d15349db,Ben Davies,2019-2020,Defender,10,4.24234,0.0002494480271826121,0.0009295157806243139,0.14132,0.0
player_88009c21e878,Mohamed Salah,2024-2025,Forward,10,4.38971,0.00024935119274618466,0.0007373449824959525,0.13611,0.0
player_6c48db93f12b,Robin Olsen,2018-2019,Goalkeeper,9,5.60142,0.00024934667695033336,2.23958623292259e-06,0.10783,0.000147
player_4cc574b1b977,Clément Lenglet,2022-2023,Defender,10,4.70809,0.0002493124446400048,0.00048261024164707254,0.13508,0.0
player_1043e766f81f,Lilian Egloff,2021-2022,Midfielder,9,3.06555,0.00024929724832161283,0.0007008359741042618,0.16671,0.0
player_8c6b6ab979ee,Erik Durm,2021-2022,Defender,11,4.00459,0.00024917138811914117,0.00584226707774232,0.16218,0.0
player_65e2ed04c7c2,André Silva,2021-2022,Forward,10,4.28795,0.0002491307419603832,0.00016715711800870285,0.13148,0.0
player_f1b57569ab8f,Raphaël Varane,2019-2020,Defender,10,4.245,0.0002491190144173517,0.0008424118175212606,0.13622,0.0
player_c10dcb7fb405,Falaye Sacko,2021-2022,Defender,9,4.24548,0.0002490957790598493,0.0008824776679530335,0.1376,0.0
player_6294f39605ca,Valon Berisha,2021-2022,Midfielder,11,3.28921,0.0002490717135390948,0.012649611372533145,0.15749,0.0
player_65ea60f0fa1e,Djibril Sow,2021-2022,Midfielder,10,4.66701,0.00024903742764714764,0.0005455381394130368,0.1474,0.0
player_95959f5d3f9d,Mario Mandzukic,2017-2018,Forward,10,3.17606,0.00024891995442229695,0.00024034965715565617,0.12351,0.0
player_7588774eaa86,Adrien Thomasson,2021-2022,Midfielder,10,3.89216,0.0002489152699746561,0.0005477655844265241,0.13488,0.0
player_c3f9c81ea578,Giuliano Simeone,2021-2022,Midfielder,9,4.24906,0.00024888002686798477,0.0010250471506913926,0.13594,0.0
player_e0e09bbdc8e5,Kim Min-Jae,2024-2025,Defender,11,4.13284,0.0002488582818208997,0.0022047466721052335,0.15101,0.0
player_152112ff5ea0,Piero Hincapié,2024-2025,Defender,10,4.60722,0.0002488444514701372,0.000706137346243452,0.14396,0.0
player_93f359c021d2,Simone Verdi,2021-2022,Forward,9,4.00123,0.00024883723297534937,0.00028178204867921653,0.13762,0.0
player_285f295e85a2,Álvaro Jiménez,2021-2022,Midfielder,11,3.73969,0.00024882432629764453,0.0008841576445752529,0.16106,0.0
player_266ef6087573,Jack Butland,2021-2022,Goalkeeper,9,5.34649,0.00024873739471604345,0.0010271421592839781,0.12724,0.000411
player_27620d661e2a,Jesús Navas,2017-2018,Defender,11,5.1623,0.0002487279119501363,0.0004168575779306967,0.13582,0.0
player_52068e3b8378,Jesse Lingard,2021-2022,Midfielder,11,3.43385,0.00024870234646500014,0.0022587543441584842,0.16549,0.0
player_4d976fe48a1c,Mickael Nade,2021-2022,Defender,10,4.99986,0.000248696512728411,0.0003424766397657619,0.1351,0.0
player_f9befc996a58,Felipe Caicedo,2021-2022,Forward,11,3.61721,0.0002486146115367094,0.009567924321990494,0.18012,0.0
player_fc71f5bbedf6,Jack Stephens,2021-2022,Defender,9,4.5497,0.00024860119110082016,0.0008590528978710697,0.15445,0.0
player_463dc7d81a7d,Mouctar Diakhaby,2021-2022,Defender,11,4.09113,0.0002485989761494602,0.0022624171049463178,0.1493,0.0
player_d2626d98ab4a,Bradley Barcola,2024-2025,Forward,10,4.27946,0.0002485928853530247,0.0041531299141419255,0.1505,0.0
player_40326600ba18,Marco Reus,2023-2024,Midfielder,10,4.51474,0.0002485697534326342,0.0003458133006153685,0.14073,0.0
player_07d37c95a53b,Fabian Kunze,2021-2022,Midfielder,10,4.39121,0.0002485004593925306,0.0016272627915213458,0.15524,0.0
player_7bd3801e1972,Diogo Jota,2021-2022,Forward,10,4.32646,0.0002484956076934312,0.0012242011943021712,0.14193,0.0
player_177bcc5e2cbf,Danilo Cataldi,2021-2022,Midfielder,11,4.54819,0.0002484089738932983,0.0016711249297421227,0.15587,0.0
player_db26591150ec,Maximilian Ullmann,2021-2022,Midfielder,10,3.92034,0.00024839731884184347,0.002823670942639163,0.15475,0.0
player_907c0a2e7260,Leroy Sané,2021-2022,Midfielder,10,4.90009,0.00024837889773372996,0.00016030144320946195,0.14127,0.0
player_177bcc5e2cbf,Danilo Cataldi,2023-2024,Midfielder,11,4.23143,0.00024837812770467404,0.0019494061504551617,0.15273,0.0
player_8c88622a9a5d,Cristiano Ronaldo,2020-2021,Forward,10,4.17518,0.0002483280836359763,0.0006054856523693572,0.1354,0.0
player_be17c68d91ad,Robin Le Normand,2021-2022,Defender,10,4.31091,0.0002482947100447684,0.0011698598117516374,0.13544,0.0
player_29b19f82d6fc,Petko Hristov,2021-2022,Defender,10,3.72238,0.0002482809051594174,0.0008733519495733647,0.15992,0.0
player_af6b7bfda489,Freddie Woodman,2021-2022,Goalkeeper,9,5.43278,0.00024809139242055724,0.004008493936717035,0.13492,0.016125
player_dd2714ca3fc5,Diego Godín,2021-2022,Defender,10,4.59361,0.00024803126071329786,0.00042399123501143417,0.13767,0.0
player_d48b783c1068,Jack Cork,2021-2022,Midfielder,10,4.39639,0.0002480286432394259,5.607044248944276e-05,0.13997,0.0
player_f14832209c8e,Edson Álvarez,2024-2025,Midfielder,11,3.59034,0.00024802646732184413,0.00238797103367605,0.14407,0.0
player_84ce1fddf4aa,Fabinho,2022-2023,Midfielder,10,4.98526,0.00024800584657158565,0.00027496837289380503,0.14713,0.0
player_a21d85a2df18,Axel Witsel,2021-2022,Midfielder,11,3.95487,0.000247903108698783,0.0011599116198572049,0.14654,0.0
player_6a56322f07a0,Mehdi Zerkane,2021-2022,Midfielder,9,4.06278,0.0002478748567030798,4.726151021348941e-05,0.14251,0.0
player_ab31b939d596,William Saliba,2023-2024,Defender,10,4.55509,0.0002478472130947164,0.0001764184363439327,0.12708,0.0
player_71f1e2c08de2,Daniel Vivian,2021-2022,Defender,10,4.78676,0.0002478192092635323,0.0005257299616326035,0.1392,0.0
player_8f11d2da2382,Nathan Aké,2021-2022,Defender,9,3.73446,0.0002477749847644827,0.0016525430847340674,0.15261,0.0
player_7f4953603638,Roger Martí,2021-2022,Forward,10,4.67948,0.000247649327792696,0.00017535179744976437,0.14678,0.0
player_6977bd4f7158,Ismaël Bennacer,2022-2023,Midfielder,10,4.51166,0.00024760414610324984,0.0005546202529750939,0.14692,0.0
player_73aa9edc62f8,Angeliño,2019-2020,Midfielder,10,4.36082,0.0002475654672584643,0.001214569133692693,0.1475,0.0
player_038a47c18c36,Makoto Hasebe,2021-2022,Defender,10,4.40513,0.00024738419647701046,0.0022818380442228034,0.14867,0.0
player_3fbb18d41575,Luca Pellegrini,2021-2022,Defender,10,4.61884,0.0002473283368689257,0.0018019051351045904,0.15422,0.0
player_d401363bc8af,Alexis Claude-Maurice,2021-2022,Midfielder,11,3.33784,0.00024730469468968436,0.026225871599821038,0.18433,0.0
player_f9cd3d202d3e,?ukasz Skorupski,2021-2022,Goalkeeper,9,6.44215,0.00024729737698309475,0.00021648327505520673,0.11381,0.000206
player_d52a2c735345,Pavao Pervan,2021-2022,Goalkeeper,8,5.46367,0.0002472374746206859,0.001611267925600651,0.13483,0.015147
player_407a2d9eb620,Lorenzo Pellegrini,2017-2018,Midfielder,10,3.7374,0.0002471412039930513,0.00011497795934305052,0.12258,0.0
player_fbce4d991063,Medhi Benatia,2017-2018,Defender,11,4.66286,0.0002471224460640823,0.0011062383993836057,0.14954,0.0
player_95daba8ab006,Ayyoub Bouaddi,2024-2025,Midfielder,10,4.77828,0.00024709859616235284,0.00040023696279352215,0.14812,0.0
player_409edc8a382a,Marten de Roon,2021-2022,Midfielder,9,3.51965,0.00024708241057437986,0.0001731060878235226,0.13384,0.0
player_e140d9f8f721,Guido Pizarro,2017-2018,Midfielder,10,4.39769,0.0002469844859886419,0.00026689105581003173,0.14695,0.0
player_9846fa7dd7f1,Adil Rami,2021-2022,Defender,10,3.63784,0.00024693274940230405,0.0005098817973336794,0.14819,0.0
player_74a0a808dc50,Bernardo Silva,2017-2018,Midfielder,10,4.34773,0.00024693203158770614,0.00022623400609045918,0.13921,0.0
player_8e3f8df57903,Tyronne Ebuehi,2021-2022,Defender,9,4.1525,0.0002469313566429078,6.542803431213691e-05,0.12015,0.0
player_7024d898f52f,Guglielmo Vicario,2021-2022,Goalkeeper,9,6.32406,0.00024686191762996986,4.7823290826875995e-05,0.10944,0.063748
player_cf83d10f608c,Sacha Delaye,2021-2022,Midfielder,10,3.64365,0.00024686172703651803,0.0022476579189371067,0.16413,0.0
player_46a341bc1355,Tomás Pina Isla,2021-2022,Midfielder,10,4.29805,0.00024672696324308226,0.0006459611145734286,0.14075,0.0
player_a3c449f7b296,Arjen Robben,2017-2018,Midfielder,10,4.41663,0.00024670439837968996,0.0004160511703387606,0.13939,0.0
player_75bc5fa29e91,Ishak Belfodil,2021-2022,Forward,10,4.79349,0.00024664519250370474,0.0005229299468836525,0.14644,0.0
player_03c0dce62b83,Enis Bardhi,2021-2022,Midfielder,10,4.67543,0.00024661899878289384,0.0005402664041552227,0.14251,0.0
player_79eaf55de9ab,Conor Gallagher,2021-2022,Midfielder,10,4.65572,0.00024661811219793843,0.00048220570273290435,0.15083,0.0
player_5ff9408cfc34,Georginio Wijnaldum,2020-2021,Midfielder,9,3.99672,0.00024646170761360997,0.00010107866419672191,0.12506,0.0
player_50a5ca9a3ded,Dídac Vilà,2021-2022,Defender,11,3.61426,0.000246304203153124,0.005402274110602102,0.17878,1e-06
player_b73ac60e88a7,Gustav Isaksen,2023-2024,Forward,9,3.95304,0.00024627724010161837,9.757272813874066e-05,0.13944,0.0
player_89f4cba68559,Oleksandr Zinchenko,2024-2025,Defender,10,4.01885,0.0002462516574354139,0.004032935750841303,0.15624,0.0
player_8ad76ba8f88e,Daniel Podence,2021-2022,Forward,10,4.33438,0.0002461926628655811,0.000473773613768186,0.15109,0.0
player_751c8c451185,Jean-Pierre Nsame,2021-2022,Forward,10,3.27632,0.00024617068429798854,0.004035283946469901,0.1749,0.0
player_cd4df99134c3,Kieran Trippier,2019-2020,Defender,10,4.17425,0.0002461571147262386,0.0005706343517226642,0.14562,0.0
player_16dae92cce06,Gideon Jung,2021-2022,Midfielder,9,3.77767,0.0002461533946433017,0.002070932511722914,0.14904,0.0
player_de8291073b15,Asier Illarramendi,2021-2022,Midfielder,9,3.84216,0.00024612727358864453,0.000870315430438475,0.15666,0.0
player_f1ab682a96f8,Mykola Kukharevych,2021-2022,Forward,10,2.98649,0.00024607352760642223,0.00023260946201343965,0.1512,0.0
player_8c3883a77ba0,Sergio Agüero,2017-2018,Forward,10,4.05616,0.0002459359761247896,0.0006653651969070335,0.14192,0.0
player_d11a5c2af292,Marcelo Brozovic,2021-2022,Midfielder,10,4.30981,0.0002459095155274664,0.00047982724282896917,0.14492,0.0
player_c4e8c15a9ca4,Eray Cömert,2021-2022,Defender,10,4.6481,0.0002458621083271835,0.0008547743660131714,0.15435,0.0
player_7209e338e67f,Federico Dimarco,2024-2025,Defender,10,4.04254,0.00024583073440217476,0.0012524486197082836,0.14913,0.0
player_8b984a3801f9,Gerrit Holtmann,2021-2022,Midfielder,10,4.70626,0.00024574473896168123,0.00010481948711449779,0.13684,0.0
player_2c1a721cfd13,Pablo Sarabia,2019-2020,Midfielder,10,4.6291,0.0002457407440359554,0.0005817633820181948,0.14757,0.0
player_df4f9eda9c89,Benjamin Pavard,2021-2022,Defender,10,3.69613,0.00024573701899166474,0.0007200147495148348,0.12,0.0
player_44a1ffc7a09b,Augusto Solari,2021-2022,Midfielder,10,4.26077,0.00024572837978603613,0.0006663304915731504,0.15535,0.0
player_0512466db186,Ivor Pandur,2021-2022,Goalkeeper,9,5.32912,0.0002456998439394725,0.005491704349499891,0.13469,0.002925
player_65427144bb2d,Milan Skriniar,2021-2022,Defender,9,4.82556,0.00024560037046084517,2.1979226330826484e-05,0.1199,0.0
player_52fcc514717d,Mark Uth,2018-2019,Forward,10,4.14627,0.00024552868557357714,0.00041523634437528727,0.14249,0.0
player_bd7d9729d774,Gian Marco Ferrari,2021-2022,Defender,10,4.0988,0.0002454612469825233,0.00015064550782262746,0.11529,0.0
player_b175ca4bdec5,Suat Serdar,2018-2019,Midfielder,10,3.69294,0.00024531744091543567,8.912591586719538e-05,0.11387,0.0
player_09520839343d,Jimmy Briand,2021-2022,Forward,12,3.56534,0.00024527589973346534,0.0053626922110253696,0.16185,0.0
player_5ef16e17864d,Ilkay Gündogan,2022-2023,Midfielder,9,4.32388,0.0002452741839965622,0.00012920491744449077,0.13431,0.0
player_7b818be48ef9,Romain Hamouma,2021-2022,Forward,10,4.02904,0.00024524972001540657,0.0012693760057060572,0.14823,0.0
player_80e6e341d132,David Raya,2024-2025,Goalkeeper,9,5.13843,0.00024524151189166284,0.00034727327515213013,0.10952,0.003224
player_62bf43e2db26,Danilo,2019-2020,Defender,10,3.93504,0.0002452387528375556,0.003884094465289943,0.12924,0.0
player_ac7a0857b92d,Amine Adli,2024-2025,Midfielder,9,3.88665,0.0002452326655379949,0.0004106603731403095,0.1494,0.0
player_50019df2db3e,Jonas Urbig,2024-2025,Goalkeeper,11,5.04879,0.00024507679401561904,0.0005580715579393971,0.11013,0.003544
player_2a7a67917f74,Sergio Busquets,2021-2022,Midfielder,10,4.08304,0.00024505093468844927,0.0003656700785090886,0.14798,0.0
player_c8af761488b6,Asier Villalibre,2021-2022,Forward,10,4.35616,0.00024502362687838744,0.00010625518100606467,0.14764,0.0
player_e582277f703c,James Milner,2017-2018,Midfielder,9,4.42893,0.0002449984608393194,0.00015565243711639483,0.14982,0.0
player_a123024be931,Almamy Touré,2021-2022,Defender,10,3.94534,0.00024496253416414894,0.00542467415929384,0.16194,0.0
player_8eb78431616c,Levi Lumeka,2021-2022,Midfielder,11,3.55565,0.0002449031147528851,0.01710085701456493,0.18346,0.0
player_f46f7a2ce047,Jeffrey Gouweleeuw,2021-2022,Defender,10,4.59609,0.00024474921651869604,0.00023637842635613505,0.14091,0.0
player_27620d661e2a,Jesús Navas,2021-2022,Defender,10,4.09709,0.00024473186380317925,0.0027264424069790533,0.15335,0.0
player_552b20a78b8e,Luis Muriel,2021-2022,Forward,10,3.81218,0.0002446705844930182,0.0014441671062861044,0.1518,0.0
player_2ec4da09e73a,Takumi Minamino,2021-2022,Midfielder,11,2.88737,0.0002446638078465482,0.005475227339424038,0.16536,0.0
player_aab722da21be,Beto,2021-2022,Forward,10,4.33057,0.0002446393004682714,0.00015299359438060735,0.14021,0.0
player_4409a18355bd,Tyler Roberts,2021-2022,Midfielder,10,4.27921,0.00024463905695772993,0.002200539241661051,0.16389,0.0
player_5d51ac6002bb,Francesco Acerbi,2024-2025,Defender,10,4.61624,0.0002446228487190885,0.0004849379075053391,0.12881,0.0
player_a237033999d9,Marash Kumbulla,2021-2022,Defender,10,4.17408,0.00024459549174215515,0.003977247669883641,0.16379,0.0
player_a7a34c419974,Héctor Herrera,2020-2021,Midfielder,10,4.24004,0.0002445827266623174,0.0014794499795490856,0.14707,0.0
player_8215e90d7782,Tommaso Augello,2021-2022,Defender,10,4.42674,0.00024456196934159865,0.001084838277108295,0.14073,0.0
player_d39157493c35,Federico Peluso,2021-2022,Defender,11,3.16061,0.0002445336864627906,0.0017848236246444133,0.17539,0.0
player_ad371783fd49,Anthony Mandrea,2021-2022,Goalkeeper,9,5.51162,0.000244484504386889,0.00018731923605376356,0.125,0.031985
player_08baa8ea31d2,Théo Le Bris,2021-2022,Midfielder,8,3.55046,0.00024434379840221435,0.00016234870135962526,0.1423,0.0
player_b26def728f4f,Jaume Doménech,2021-2022,Goalkeeper,10,5.16991,0.0002443002162504763,0.000542519089358147,0.13475,0.022713
player_03f735c1dd25,Takefusa Kubo,2023-2024,Midfielder,10,4.71603,0.00024427216658783816,0.0002104717533488851,0.13782,0.0
player_57fa75a0cdfc,Gabriel Gudmundsson,2021-2022,Defender,11,4.74128,0.0002442438262743226,0.001018041400068813,0.15009,0.0
player_44080b5faa99,Azor Matusiwa,2021-2022,Midfielder,10,3.92178,0.00024414503472699545,0.00015123080438322008,0.11522,0.0
player_8b91a3c20ae5,Benjamin Stambouli,2018-2019,Defender,10,4.53226,0.00024411830245396593,0.0008428885128870044,0.14278,0.0
player_f111b551b972,Serge Gnabry,2022-2023,Midfielder,10,4.13767,0.00024411380458355664,0.0001978516050607009,0.1365,0.0
player_82bf8a17119a,Jordan Pickford,2021-2022,Goalkeeper,8,5.93119,0.0002440887440193093,4.871273496881597e-05,0.11982,9.1e-05
player_8117d49a19b1,Álex Remiro,2023-2024,Goalkeeper,10,3.59226,0.00024401083141105065,0.0006650835880600472,0.08319,1e-06
player_bd974787ed78,Jordi Alba,2017-2018,Defender,10,3.94831,0.0002440031774459308,0.0006401693986073686,0.15562,0.0
player_c48374543044,Unai Simón,2021-2022,Goalkeeper,9,6.74453,0.00024392473068503883,6.7764954174575156e-06,0.11072,0.147304
player_b046bfa4da80,Julen Lobete,2021-2022,Forward,11,3.68792,0.0002438785413399326,0.0008427573538753184,0.15115,0.0
player_4129eba60f1e,Dennis Geiger,2021-2022,Midfielder,10,4.1927,0.00024382324117099897,0.0015457960405235126,0.15924,0.0
player_7f8a2ccfca08,Jakob Sørensen,2021-2022,Midfielder,10,4.31948,0.0002437797729892694,0.0026018848186091827,0.15098,0.0
player_009f113733ae,Jeremy Doku,2021-2022,Midfielder,12,3.71075,0.00024372289385815048,0.008805496149874149,0.1754,0.0
player_6a8adde69e5d,Kristoffer Askildsen,2021-2022,Midfielder,10,4.30501,0.00024369861629885023,0.0006110205906889865,0.15247,0.0
player_3b9560d9a3a8,Jeong Woo-yeong,2021-2022,Midfielder,10,4.62625,0.00024369752931400308,0.0006744377072567257,0.14441,0.0
player_2efb46bed4b7,Jorginho,2019-2020,Midfielder,10,3.83564,0.0002436244743665375,0.00016087042216115323,0.15211,0.0
player_37f823fc8300,Nicolás Otamendi,2019-2020,Defender,9,4.35384,0.00024360893834771502,0.00011420160751361088,0.12883,0.0
player_66786844f2da,Carlos Soler,2021-2022,Midfielder,11,4.36816,0.0002435804040977675,0.0006639500898845926,0.14748,0.0
player_f8a038d8e09a,Akim Zedadka,2021-2022,Defender,10,4.98195,0.00024357804648998826,0.00012874614451584043,0.13796,0.0
player_73aa9edc62f8,Angeliño,2020-2021,Midfielder,10,4.86832,0.00024357200849806247,0.0001026486209679095,0.13948,0.0
player_be71d8a238a1,Luka Modric,2022-2023,Midfielder,10,4.22507,0.0002435563440225465,0.0006025267607914857,0.14805,0.0
player_9fad38bd03b2,Daley Sinkgraven,2021-2022,Defender,11,3.38539,0.0002435415362025345,0.010228081961599167,0.16191,1.4e-05
player_45ea11d7f9a9,Boubacar Kamara,2024-2025,Midfielder,10,4.38023,0.0002435395844135472,0.001302133659003874,0.14435,0.0
player_b9558b5eb5fc,Ludovic Blas,2021-2022,Midfielder,10,4.46364,0.0002435353927581677,0.00013334942712722587,0.14178,0.0
player_48cbadc9e444,Juan Foyth,2018-2019,Defender,10,3.77107,0.00024351827742014425,0.0004812397110316562,0.12681,0.0
player_95b39ad61e0f,Diego Demme,2019-2020,Midfielder,9,4.39591,0.00024338513843773444,0.00032821931736922816,0.15189,0.0
player_bf1da8c393f4,Marc Roca,2021-2022,Midfielder,10,4.26687,0.00024334556465033976,0.0002517403912696741,0.1463,0.0
player_189e248ea7e5,Álvaro Odriozola,2021-2022,Defender,10,3.72162,0.00024329647911074334,0.0002905134374036165,0.12075,0.0
player_ca26fc0b2fc4,Obite N'Dicka,2021-2022,Defender,10,4.32099,0.00024320451023484096,0.00014828103247429175,0.13658,0.0
player_b7546ee62432,Carlos Neva,2021-2022,Defender,10,4.77886,0.00024319308464821322,0.00020548535572935425,0.13142,0.0
player_fe283f9dd458,Eliaquim Mangala,2019-2020,Defender,11,3.69867,0.00024316185739384148,0.0025595562392755015,0.13953,0.0
player_55606868581a,Alex Král,2021-2022,Midfielder,8,3.53589,0.0002430511404071913,0.00037706906800695755,0.14271,1e-06
player_7292e3c5e034,Manuel Gulde,2021-2022,Defender,10,4.87399,0.00024301499554060875,0.001667530392684903,0.14727,0.0
player_da0f06da9373,Son Heung-Min,2022-2023,Midfielder,10,4.46249,0.00024287458861877755,0.0001378185440004364,0.13669,0.0
player_a21d85a2df18,Axel Witsel,2018-2019,Midfielder,9,4.0787,0.0002428716344733471,4.628193106545294e-05,0.1268,0.0
player_1cb65edd921c,Noah Joel Sarenren Bazee,2021-2022,Forward,11,3.61761,0.00024285786277803456,0.004131870407464848,0.17177,0.0
player_948f51d9a1a9,Barcia,2021-2022,Defender,12,3.60011,0.00024279468953110252,0.0028486790170247915,0.14926,0.0
player_076f1aba39ed,Tony Springett,2021-2022,Midfielder,11,2.95387,0.00024279337634328365,0.02112898431284952,0.17445,1.3e-05
player_7bdbb3466270,Mateusz Praszelik,2021-2022,Midfielder,10,2.77027,0.00024278370708601539,0.0010449961151355266,0.15671,0.0
player_4558ee4bd1a1,Julian Pollersbeck,2021-2022,Goalkeeper,8,5.33009,0.0002427586103550313,0.0001856260426748134,0.11423,0.000486
player_eb339db9cbfb,Kai Havertz,2021-2022,Midfielder,10,4.22248,0.00024265933893559934,0.0005705310445396112,0.14381,0.0
player_4ba8b9d70ba3,Ousmane Dembélé,2024-2025,Forward,10,4.30955,0.00024262994683043246,0.00013000008400883539,0.12536,0.0
player_7e9f3f9a9850,Josh Dasilva,2021-2022,Midfielder,10,3.31055,0.00024260884690945373,0.0023333402955625906,0.13978,0.0
player_d7e7d5e05658,Mohammed Salisu,2024-2025,Defender,10,3.93776,0.0002425883264955741,0.0033211545873584806,0.14887,0.0
player_ec29ab88ae62,Nico Schlotterbeck,2021-2022,Defender,10,4.82275,0.00024248068526646794,0.0002253607749642881,0.13911,0.0
player_6f85fd1c6d70,Mads Bidstrup,2021-2022,Midfielder,11,2.95555,0.00024246956073719874,0.0014264201996581547,0.15872,0.0
player_75e970b08b10,Niklas Pyyhtiä,2021-2022,Midfielder,9,3.55553,0.0002424646538702628,0.0012539466941260129,0.1448,0.0
player_1700791e86e4,Danny Rose,2021-2022,Defender,9,4.02728,0.0002424608288327001,0.0013291355629479447,0.14473,0.0
player_ed52ac169a9e,Kylian Mbappé,2024-2025,Forward,9,3.08983,0.00024237330392482546,0.0005398293485186,0.12159,0.0
player_2214b86790bf,Hugo Ekitike,2021-2022,Forward,10,3.19006,0.00024230950454600235,0.0077275501103967,0.13599,0.0
player_b376dc1e1504,Giorgio Altare,2021-2022,Defender,10,4.6081,0.00024230070182599457,0.00038058485339474013,0.14393,0.0
player_2681de22d59b,Alfonso Espino,2021-2022,Defender,10,4.37942,0.00024229361343104818,0.0011536650051176326,0.14133,0.0
player_ebbd1ab7c8c9,Robert Tesche,2021-2022,Midfielder,9,3.32928,0.00024225715163127704,0.0005814489445950856,0.13592,0.0
player_099a4df3a019,Thiago Alcantara,2019-2020,Midfielder,10,4.21168,0.00024223674529493924,0.0004984902955819485,0.15039,0.0
player_d5f3e3f0308c,César Azpilicueta,2019-2020,Defender,10,4.40259,0.00024221326197204073,0.00019782586212363886,0.14043,0.0
player_282ab57745e4,Filippo Terracciano,2021-2022,Defender,9,3.40122,0.00024220507669645675,0.0019190039772419335,0.15613,1e-06
player_0c06ea555819,Sime Vrsaljko,2021-2022,Defender,11,3.57911,0.00024220013412195216,0.008925958546118896,0.1684,0.0
player_29fe216d2dbb,Samuel Umtiti,2017-2018,Defender,10,4.05899,0.00024217852600634667,0.0015465177386267026,0.13848,0.0
player_43d47f380a6c,Neal Maupay,2021-2022,Forward,10,4.13967,0.00024213710973528676,0.00013160208332672874,0.13873,0.0
player_69b9a334f44c,Gori,2021-2022,Midfielder,11,2.81119,0.00024209677875170046,0.016985759268186046,0.18099,1.5e-05
player_111863e21b45,Renaud Emond,2021-2022,Forward,9,3.34408,0.00024208454960476905,0.0018582924487778047,0.15773,0.0
player_752c43c4ca85,Gianluca Frabotta,2021-2022,Defender,11,3.05762,0.00024192866431867728,0.014631970374242213,0.18775,1e-06
player_d5fd272cd1bc,Jeremy Ngakia,2021-2022,Defender,9,4.42317,0.0002418846868580925,0.0015949935704466787,0.1401,0.0
player_87d19e4e75c3,Nicolás González,2021-2022,Midfielder,10,3.9509,0.00024187577938658043,6.832074170185515e-05,0.11996,0.0
player_e48440199672,Scott McKenna,2023-2024,Defender,10,4.17399,0.0002418638863899378,0.009893928888040318,0.14842,0.0
player_f30e713c92c8,Alessandro Schöpf,2021-2022,Midfielder,9,4.04095,0.0002417918883621516,3.229422637827857e-05,0.11584,0.0
player_ed9d85c22f85,Jasper Cillessen,2019-2020,Goalkeeper,9,5.41502,0.00024179067298768178,0.00021677472672876035,0.10244,7.6e-05
player_c1bb95eb1745,Jaume Grau,2021-2022,Midfielder,11,3.01504,0.0002417812234029408,0.0006884035978603581,0.15265,0.0
player_fd784aec743e,Lukas Rupp,2021-2022,Midfielder,10,4.16281,0.00024177383217369034,0.0019136684733718258,0.15002,0.0
player_27a443f56bec,Sergio Ramos,2020-2021,Defender,10,4.65874,0.00024172085523528885,0.0008559680892625804,0.14239,0.0
player_42d00db64e35,Nicolás Serrano,2021-2022,Midfielder,11,3.99508,0.00024171434108977526,0.003762147281316414,0.16333,0.0
player_9d01ed86b736,Rémy Cabella,2021-2022,Midfielder,10,4.1053,0.00024162741830099793,0.0005321885127336376,0.14939,0.0
player_2eb872ba9352,Jonathan Bamba,2021-2022,Midfielder,9,4.22945,0.00024160539459514656,0.00016867855410452532,0.13524,0.0
player_975ae38f811f,Dries Mertens,2019-2020,Forward,10,4.20529,0.0002415590365182449,0.0003893485836957558,0.14137,0.0
player_e3d0f3b9a582,Carlos Augusto,2024-2025,Midfielder,10,4.66359,0.0002415360345142392,0.0004972127017367769,0.14401,0.0
player_1366d51c0cbe,Jerdy Schouten,2021-2022,Midfielder,11,3.56218,0.00024153126569206515,0.0006522253151781162,0.12965,0.0
player_587fe7cc31b1,Christos Kourfalidis,2021-2022,Midfielder,11,2.65252,0.0002414774832481312,0.0002073395236840363,0.15092,0.0
player_2b9ea2a6044b,Wilson Isidor,2021-2022,Forward,10,3.20876,0.00024144843262115126,0.001058951002698717,0.16182,0.0
player_9732df897091,Monchu,2021-2022,Midfielder,10,3.53186,0.000241347802219236,0.0019619065144651174,0.13497,0.0
player_a71ab111b657,Daniel Brosinski,2021-2022,Defender,9,4.25322,0.000241259533396128,0.0008943876056906248,0.14431,0.0
player_85ad7f8a09ad,Munir El Haddadi,2021-2022,Forward,10,3.79989,0.00024125462883770775,0.0013743059352267226,0.15507,0.0
player_db7e83e9dd46,Jamie Vardy,2021-2022,Forward,10,3.96646,0.0002412052026557129,0.00014650864864399754,0.12916,0.0
player_207e1b5caf22,Antonio Rüdiger,2020-2021,Defender,9,4.05241,0.00024119014430623822,0.0008229902656685131,0.13377,0.0
player_33d5f0928898,Nahitan Nández,2021-2022,Midfielder,9,4.51387,0.00024112709153164546,0.0001316204767731117,0.14366,0.0
player_99f45ede9ec0,Péter Gulácsi,2023-2024,Goalkeeper,10,5.91538,0.00024112553371064232,0.0011905759611185542,0.11389,0.000181
player_b77304495829,Wojciech Szczesny,2021-2022,Goalkeeper,8,5.87746,0.00024097056876154819,9.287168532336326e-05,0.12005,0.0001
player_02c696ba6e35,Mike Maignan,2022-2023,Goalkeeper,9,5.37541,0.00024091545697283435,0.0005586489110069947,0.11004,6.6e-05
player_65ea60f0fa1e,Djibril Sow,2022-2023,Midfielder,9,4.42579,0.00024084658288230933,0.00029532240017282965,0.14196,0.0
player_e9b209aa8fa8,Marwin Hitz,2021-2022,Goalkeeper,8,5.31921,0.0002408183712246145,0.00023095858956789702,0.11299,0.000473
player_099a4df3a019,Thiago Alcantara,2021-2022,Midfielder,10,4.43228,0.00024081250153098333,0.00040024353423374605,0.13709,0.0
player_413996d604ce,Jonathan Burkardt,2021-2022,Forward,9,4.31362,0.00024077643318899856,5.1056451269347804e-05,0.13669,0.0
player_cfdad9f01aee,Lee Dongjun,2021-2022,Forward,10,3.42139,0.0002406447708587519,0.001804257512880524,0.16454,0.0
player_13407f313517,John Donald,2021-2022,Defender,11,3.9162,0.00024064120366552654,0.008793515326439627,0.16559,2e-06
player_745563c4992c,Vinícius Júnior,2023-2024,Forward,10,4.27911,0.0002406019597584418,0.0008951917551372845,0.13643,0.0
player_294ee91a99f6,Jon Moncayola,2021-2022,Midfielder,10,4.8198,0.0002405509982276675,0.00030982516384946043,0.1409,0.0
player_7a260dd7805a,Lukas Klostermann,2022-2023,Defender,9,4.88204,0.00024051569768243018,0.00030570014255796386,0.13449,0.0
player_0a49594fad90,Mattia Aramu,2021-2022,Midfielder,10,4.66089,0.00024047187166133076,0.0003931558172740792,0.14514,0.0
player_ea966e9e4eaf,Iglesias,2021-2022,Defender,9,3.95533,0.00024036352470317487,0.0012558929058585496,0.15177,0.0
player_71dfb59dce21,Yunus Musah,2024-2025,Midfielder,10,4.40504,0.00024034597867161233,0.00015735519015556735,0.14086,0.0
player_60e08790ea32,Aleksei Miranchuk,2021-2022,Midfielder,10,3.95008,0.0002403391627997597,0.005197913082396655,0.16206,0.0
player_2ff5e674cf5b,Rodrygo,2021-2022,Forward,10,4.15451,0.00024025641821655776,0.0023414624726311216,0.15093,0.0
player_362cf6fc5b09,Cristian Gamboa,2021-2022,Defender,10,4.33406,0.00024023126651879644,0.0012351297002318631,0.14877,0.0
player_aa261f27369e,Ricardo Pereira,2021-2022,Defender,11,3.94954,0.00024016195203299854,0.004640914269887837,0.15804,0.0
player_276295796a5e,Riccardo Ciervo,2021-2022,Midfielder,11,3.55624,0.00024015145184023076,0.002889861215627842,0.16074,0.0
player_271239345e7e,Jimmy Giraudon,2021-2022,Defender,10,4.0624,0.00024010262621234306,0.0001523101389142392,0.12091,0.0
player_a8c09e6d4687,Dwight Gayle,2021-2022,Forward,11,2.92951,0.0002400678807564443,0.003020297083163449,0.17078,0.0
player_0c06ea555819,Sime Vrsaljko,2019-2020,Defender,11,3.37768,0.00024005060809208044,0.004190867903182571,0.176,0.0
player_eb5dc748bda3,Noah Fatar,2021-2022,Forward,10,3.52666,0.00023999445894885707,0.003267429308929475,0.15337,1e-06
player_89f818401a6c,Christian Kabasele,2021-2022,Defender,9,4.40522,0.0002399933419649059,0.0002474329242022205,0.13542,0.0
player_b6846c1841f1,Héctor Bellerín,2021-2022,Defender,10,4.04747,0.0002399813753073292,0.00017982681002923643,0.12151,0.0
player_686dfd342050,Remi Oudin,2021-2022,Midfielder,10,4.51804,0.0002399083002819938,0.0004895442787201862,0.14679,0.0
player_4cc574b1b977,Clément Lenglet,2018-2019,Defender,10,3.64679,0.00023989235066464943,8.97635800778137e-05,0.12356,0.0
player_3332b5be927a,Gabriel Magalhães,2023-2024,Defender,10,4.75253,0.00023987929204622292,0.00019987011781721299,0.13352,0.0
player_947c31e8ecbb,Benjamin Henrichs,2022-2023,Defender,10,3.9518,0.0002398706432762915,0.000551552972375507,0.13531,0.0
player_eb339db9cbfb,Kai Havertz,2020-2021,Midfielder,10,4.25861,0.0002398489913602361,0.0011700988242102667,0.14618,0.0
player_356e07dbba57,Álex Berenguer,2021-2022,Midfielder,9,4.11997,0.00023983246533625427,0.0002862115852286786,0.15029,0.0
player_0804048efcb1,Mariano,2021-2022,Forward,10,3.74856,0.00023980981099637445,0.007298105823871448,0.17067,0.0
player_dc272b28c975,Mason Holgate,2021-2022,Defender,10,3.70434,0.00023977320504888942,0.00025621373779740887,0.1198,0.0
player_45ca593072a5,Mohamed Ali Cho,2021-2022,Forward,9,2.91459,0.00023975491484399175,0.00011145941170400787,0.1182,0.0
player_30af80467f5e,Michael Keane,2021-2022,Defender,9,4.12184,0.0002396393378650611,6.247841574791077e-05,0.11321,0.0
player_ebfda8d07395,Ciro Immobile,2023-2024,Forward,10,4.04313,0.00023959884733396096,0.000482943665582053,0.13952,0.0
player_c63addf34364,Patric,2021-2022,Defender,10,3.66347,0.00023956481194286434,0.0015163145509484927,0.1333,0.0
player_7596d73264ef,Iker Bravo,2021-2022,Forward,8,3.00993,0.00023955619699505163,0.0004009347862423874,0.14277,0.0
player_05725319ded7,Maximilian Arnold,2018-2019,Midfielder,10,4.25114,0.00023954142615964985,0.0009303642001794531,0.15101,0.0
player_1168f1a59dd2,Pasquale Mazzocchi,2021-2022,Midfielder,9,4.56661,0.00023952686850428238,9.083213656589375e-05,0.13977,0.0
player_3fbb18d41575,Luca Pellegrini,2023-2024,Defender,11,3.63449,0.00023951777878276716,0.0015281642027510155,0.14081,0.0
player_8f93fb72bdf7,Rúben Vezo,2021-2022,Defender,10,4.11561,0.00023934202520715055,0.0005858569480121534,0.13602,0.0
player_dd2714ca3fc5,Diego Godín,2018-2019,Defender,10,4.23771,0.0002393415859050843,0.0003216604636032894,0.14171,0.0
player_8627870878f5,Achraf Hakimi,2023-2024,Defender,10,4.19464,0.00023930989409786657,0.0008410955803405504,0.15006,0.0
player_fae787f35f26,Thibaut Courtois,2017-2018,Goalkeeper,8,5.79598,0.00023929485681523893,4.199626868791616e-05,0.11668,8.6e-05
player_6de260a43ab5,Christian Eriksen,2021-2022,Midfielder,10,4.26613,0.00023927852035473355,0.0007603508622382568,0.14891,0.0
player_7804b21d0df8,Gerzino Nyamsi,2021-2022,Defender,10,4.89972,0.00023922283577959997,0.0003174802338417864,0.13847,0.0
player_337b6fc1d6d8,Riyad Mahrez,2018-2019,Forward,9,3.78232,0.00023914618932138542,0.0001900253584273991,0.13519,0.0
player_66786844f2da,Carlos Soler,2019-2020,Midfielder,9,4.46134,0.00023911216223454813,0.00042795787858937944,0.13939,0.0
player_33629ced8774,Jacopo Sala,2021-2022,Defender,10,3.80773,0.00023905462325890325,0.00242550581461957,0.15611,0.0
player_3ff42dcf1f0c,Brian Oliván,2021-2022,Defender,10,4.5991,0.00023904798115640893,0.0002505309094236788,0.14342,0.0
player_3ef9920fb4cb,Marcel Halstenberg,2022-2023,Defender,10,4.78644,0.00023902473832361447,0.0007418759581974431,0.14215,0.0
player_03284959d14d,Tyler Morton,2021-2022,Midfielder,10,2.89555,0.0002389780841805694,0.003863886049170747,0.17543,1e-06
player_328d2e93edbd,Simone Pafundi,2021-2022,Forward,9,2.41206,0.00023892366396839666,0.00020660095842605101,0.1498,0.0
player_6931a7152678,Jamal Musiala,2022-2023,Midfielder,10,4.41702,0.00023890083524994474,0.0006865283489166267,0.13996,0.0
player_d477d15349db,Ben Davies,2023-2024,Defender,10,4.54419,0.00023889289259648188,0.00010041163297370779,0.12878,0.0
player_5bfe40b0828c,Kostas Manolas,2021-2022,Defender,10,3.95764,0.00023881532116270211,0.00239414862925626,0.16208,0.0
player_0046fd953e2d,Vincent Kompany,2018-2019,Defender,10,3.94481,0.00023868524638564941,0.0022319745679276787,0.14982,0.0
player_1d4d7bb7098e,Gonzalo Escalante,2020-2021,Midfielder,11,3.58394,0.000238666665328904,0.0209791684803766,0.17558,0.0
player_6efce7e0d9c6,Keanan Bennetts,2021-2022,Midfielder,10,3.12895,0.00023857371226776761,0.0027755686312697734,0.16963,0.0
player_76db68856d36,Giovanni Di Lorenzo,2023-2024,Defender,9,4.53703,0.00023853854943734905,0.0001471217768591633,0.13531,0.0
player_728fc9342c98,Gabriel Jesus,2018-2019,Forward,10,3.87453,0.00023853617909942298,0.0015029732729607871,0.14197,0.0
player_ee2ecef60ab5,Pedro Chirivella,2021-2022,Midfielder,9,4.57474,0.0002385256961794619,0.00019489398134394205,0.1465,0.0
player_dec6a43f91eb,Nuno Mendes,2024-2025,Defender,10,4.1027,0.00023847278752692105,0.0010511603489844353,0.14152,0.0
player_cd4df99134c3,Kieran Trippier,2021-2022,Defender,9,3.55387,0.00023846016492189834,0.00010686287095345204,0.14596,0.0
player_d1d554304cf4,Christian Mawissa,2024-2025,Defender,9,3.24273,0.00023845398028286835,5.328875176197363e-05,0.14536,0.0
player_0a8911b92dd7,Christopher Nkunku,2020-2021,Midfielder,10,4.526,0.0002384338448566747,0.0003587452841640642,0.14271,0.0
player_80b71d35aeec,Thomas Strakosha,2021-2022,Goalkeeper,10,5.63152,0.00023842252500383588,0.0016480022178355248,0.1192,0.0281
player_4df6491b5403,Victor Wanyama,2018-2019,Midfielder,10,4.06681,0.00023840662120025425,0.0009285945657667209,0.14854,0.0
player_d0cd2faf9d1d,Reinildo Mandava,2024-2025,Defender,9,3.15977,0.00023831311491479386,0.00032024860574753305,0.156,0.0
player_767c87be5fca,Joel Pohjanpalo,2021-2022,Forward,10,2.86731,0.00023830419391597578,0.004457093376187959,0.17711,2e-06
player_3fca88662462,Fernandinho,2021-2022,Midfielder,9,4.06972,0.00023828000506080188,0.0012109187458215886,0.144,0.0
player_ca885c3d2fef,Matthias Ginter,2020-2021,Defender,9,4.38409,0.00023824761690198118,0.0003685012574295011,0.13259,0.0
player_c3b04acfbcce,Philipp Förster,2021-2022,Midfielder,10,4.46017,0.00023823012873012365,0.0010430142583893489,0.15147,0.0
player_ea42567a4482,Nathan Collins,2021-2022,Defender,9,4.15925,0.00023822518716701732,2.153633329346531e-05,0.11318,0.0
player_9a03c1b8428c,John McGinn,2021-2022,Midfielder,10,4.42592,0.00023818090797311363,0.0006136612456987412,0.1454,0.0
player_a12fda75b36a,Diogo Dalot,2021-2022,Defender,10,5.03311,0.00023813596781605432,0.00023133600705178687,0.13337,0.0
player_0372dd391c71,Diego Rico,2021-2022,Defender,8,4.806,0.00023809598337047946,6.512462158422648e-05,0.13404,0.0
player_b0201335ae06,Marko Rog,2021-2022,Midfielder,10,3.89085,0.00023809002237062913,0.0065107907229765595,0.16583,0.0
player_999d89d1817f,Rodri,2020-2021,Midfielder,10,4.91983,0.000238077295724771,0.00035923427887494494,0.14126,0.0
player_0b4c5354d0fd,Kasey McAteer,2021-2022,Midfielder,8,4.2834,0.00023767928435196707,1.2011656912201855e-05,0.11494,0.0
player_d83c2f1d11d4,Mario Gómez,2017-2018,Forward,10,4.21347,0.00023764845751589317,3.0157320360859317e-05,0.13453,0.0
player_3d13cc812a74,Vincent Le Goff,2021-2022,Defender,9,4.55453,0.0002376361476105022,6.783917137424398e-05,0.12373,0.0
player_857ca5cb9be6,Yan Brice Eteki,2021-2022,Midfielder,10,3.67759,0.00023754239400543232,0.00309485681440655,0.16273,0.0
player_55660b9a54c3,Harvey Barnes,2021-2022,Midfielder,10,4.33472,0.00023751333305567862,0.00013845523187578558,0.13875,0.0
player_7052c2bd72ce,Antonio Mirante,2018-2019,Goalkeeper,9,5.05861,0.0002375106004840814,0.0012478388059577847,0.13221,0.000212
player_0cc9a3dc8b59,Édgar González,2021-2022,Defender,10,4.1373,0.00023746131381342022,0.0013124721169723505,0.15246,0.0
player_209532a400e8,Emil Bohinen,2021-2022,Midfielder,11,3.31027,0.00023734345539974699,0.01849839323359822,0.17626,1e-06
player_c7d37808e7b3,Ismail Jakobs,2021-2022,Midfielder,10,4.166,0.00023729617834845413,0.000268065213608213,0.14759,0.0
player_6d1a9135f654,Ángel Correa,2020-2021,Forward,9,3.81783,0.00023717237148533065,0.00011987296309863714,0.13309,0.0
player_7a8510bbe869,Lucas Copado,2021-2022,Forward,9,3.03466,0.00023709325999472466,0.0017955164135188954,0.154,0.0
player_1b422a4a4950,Jan Vertonghen,2018-2019,Defender,10,3.37104,0.00023704330365930683,0.00032413607930898526,0.11945,0.0
player_42c5190b5158,Rafael Leão,2024-2025,Midfielder,9,4.40295,0.00023695410043177127,7.86791711442591e-05,0.13844,0.0
player_220d8e1ddbe5,Ángel Di María,2019-2020,Forward,10,3.59451,0.00023681580369395555,0.00036114012277559224,0.1506,0.0
player_c48b5ee72e19,Leonardo Spinazzola,2018-2019,Midfielder,10,3.81287,0.00023680898807776357,0.0031371160945882813,0.15841,0.0
player_7fcf76d61595,Daniel Amartey,2021-2022,Defender,10,4.61205,0.00023676309330104692,0.00031707709854306404,0.14553,0.0
player_1a857322f6ce,Jimmy Cabot,2021-2022,Midfielder,10,4.05087,0.00023671953599702344,0.0015336606714919207,0.16051,0.0
player_fbf2df40d02b,Japhet Tanganga,2021-2022,Defender,10,3.82572,0.00023663618824283566,0.0016435609668261836,0.13176,0.0
player_27bf4905b6ac,Fernando Llorente,2018-2019,Forward,10,3.56416,0.0002366128445282556,0.001634436426034129,0.16731,0.0
player_760948401ea1,Yanis Lhery,2021-2022,Forward,11,2.65556,0.00023661140991775766,0.001773196712447264,0.16793,0.0
player_76db68856d36,Giovanni Di Lorenzo,2019-2020,Defender,9,4.43784,0.00023652190222442495,0.00020426322576879447,0.13478,0.0
player_e1232c717bbc,Thorgan Hazard,2019-2020,Midfielder,10,4.33925,0.00023650238098449437,0.00018512999923769887,0.13912,0.0
player_4ea16fc43ecc,Papa Ndiaga Yade,2021-2022,Forward,10,3.36876,0.00023646429849294467,0.003413871190798212,0.1688,0.0
player_9c0ac65919ff,Kevin Vogt,2021-2022,Defender,9,4.34729,0.00023640291987134823,0.00011409445686812673,0.13826,0.0
player_c52bf3aab45b,Simone Zaza,2021-2022,Forward,10,2.96858,0.00023623600549396698,0.0035456862795212314,0.17105,0.0
player_9ccb8b937f3f,Kaio Jorge,2021-2022,Forward,9,3.29034,0.00023616389393207843,0.0002950194374612083,0.15435,0.0
player_337b6fc1d6d8,Riyad Mahrez,2019-2020,Forward,9,3.7492,0.0002361171716618514,0.00015854136043808324,0.13115,0.0
player_33c02849a498,Rob Holding,2021-2022,Defender,10,3.58518,0.00023607329633799283,0.001722084050967092,0.13117,0.0
player_259c57c3a8b6,Martin Adeline,2021-2022,Midfielder,10,3.92522,0.0002360439941937177,0.0035392539387067807,0.16174,0.0
player_952036fac772,Carlos Gruezo,2021-2022,Midfielder,9,4.19375,0.00023589836217878567,0.00016601307054173905,0.14929,0.0
player_30ae5bc2be39,Guilherme Ramos,2021-2022,Defender,10,4.3167,0.00023589285038367764,0.00407036848768648,0.1598,6e-06
player_6debe2654505,José María Giménez,2024-2025,Defender,10,4.69439,0.00023587301425356637,0.000317903108718368,0.13434,0.0
player_b993e4526238,Allan,2021-2022,Midfielder,9,3.94355,0.00023584230910102098,4.6360577378698946e-05,0.11888,0.0
player_40326600ba18,Marco Reus,2022-2023,Midfielder,10,4.28612,0.00023580059392755274,0.0014682494850199086,0.15572,0.0
player_dcee940e0b52,Javi Puado,2021-2022,Midfielder,9,4.71311,0.00023578820135872956,0.0002354694991357904,0.14162,0.0
player_491a1688636f,Óscar Gil,2021-2022,Defender,9,4.49258,0.00023562493264516263,0.0001278107750253362,0.14249,0.0
player_ac1ce975425d,Shane Duffy,2021-2022,Defender,10,4.74863,0.0002355699429510686,0.0004910595974143021,0.14194,0.0
player_b2ede1149c02,Andreas Voglsammer,2021-2022,Forward,10,3.85292,0.00023555511787636812,0.0006512582922849254,0.15632,1e-06
player_9db3cdcbdf57,Martin Palumbo,2021-2022,Midfielder,8,3.43116,0.00023555107510892805,1.4172654725889612e-05,0.13382,0.0
player_75cfdf3e4cca,Unai López,2021-2022,Midfielder,9,4.14578,0.00023552439850358858,0.00010737974476260718,0.15004,0.0
player_9773f107a7bb,Faouzi Ghoulam,2021-2022,Defender,9,3.92999,0.00023537270879295661,0.002327187907311534,0.1544,0.0
player_70b4bdc1f32a,David Nemeth,2021-2022,Defender,9,3.92861,0.00023529284962893555,0.001355929959455889,0.14083,0.0
player_7144480034e9,Ezri Konsa,2024-2025,Defender,9,4.14212,0.00023520763002382518,0.00033030445465943045,0.1355,0.0
player_e93e18f6de9d,Thomas Meunier,2024-2025,Defender,9,4.07804,0.00023519334258870648,0.0004306535815778691,0.13457,0.0
player_1846d6a87916,Francesco Bardi,2021-2022,Goalkeeper,8,4.99893,0.00023517293544919287,0.0018969808740684556,0.13444,0.001493
player_e929cfb7b81a,Mathías Olivera,2023-2024,Defender,10,4.31225,0.00023516897453056162,0.0014071851632441264,0.14119,0.0
player_7f1fe292fe92,Virgil van Dijk,2019-2020,Defender,9,4.34412,0.00023516350851431728,0.0003773464089075224,0.12832,0.0
player_0c500abdea93,Filipe Luís,2018-2019,Defender,10,4.03302,0.00023503925199256723,0.000827492446648323,0.14492,0.0
player_0660ce4fba84,Jonas Omlin,2021-2022,Goalkeeper,8,3.48119,0.00023489605833094138,2.123024064350388e-08,0.07682,0.0
player_ad4216476707,Daniele De Rossi,2018-2019,Midfielder,10,3.87346,0.00023473360266653635,0.0003302625845960609,0.14521,0.0
player_e69b2c138736,Ömer Faruk Beyaz,2021-2022,Midfielder,10,3.07856,0.00023473219436500738,0.00841724139623482,0.1677,0.0
player_d074abee36e0,David de Gea,2017-2018,Goalkeeper,10,5.78314,0.00023472184616177727,0.0011386706652865809,0.1112,0.088578
player_867d4601b687,Bruno Peres,2017-2018,Midfielder,9,3.85963,0.00023471152162485396,0.0009683906611406173,0.14843,0.0
player_fcbc27a1f55b,Ronald Araújo,2023-2024,Defender,10,4.41253,0.00023470165941818296,0.0009172445937610486,0.14729,0.0
player_7977f24572f1,Pierre Kalulu,2021-2022,Defender,10,3.88199,0.00023462104127916223,0.0014694281194974424,0.15098,0.0
player_478dc0e94eb8,Henrikh Mkhitaryan,2022-2023,Midfielder,9,3.9871,0.00023456311895444276,0.0007632844750849847,0.13933,0.0
player_7b8ecac5bf37,Marco Verratti,2017-2018,Midfielder,10,3.68454,0.0002345494857884144,0.00012172002718151498,0.1303,0.0
player_dd5735717a3e,Casemiro,2018-2019,Midfielder,9,3.74911,0.0002345436727276221,4.899356517119265e-05,0.11848,0.0
player_44a9c9d2be9e,Mikel Oyarzabal,2023-2024,Forward,9,3.82849,0.0002344998836757903,0.00022965882326796654,0.13599,0.0
player_148155be8c9e,Ola Aina,2021-2022,Midfielder,9,4.24027,0.0002343859057278904,0.0001387919364657184,0.14806,0.0
player_5cc8f049b56a,Matej Kovar,2024-2025,Goalkeeper,8,5.05243,0.00023438257129171236,0.0008008477555469107,0.12681,0.007787
player_4a944f6b20b3,Kyle Walker,2021-2022,Defender,9,4.41639,0.00023433461368786718,0.00015211330536609225,0.13089,0.0
player_a96e7c5895a0,Mikel Merino,2024-2025,Midfielder,10,3.45673,0.00023432835155913983,0.00345831427663084,0.13409,0.0
player_db2987742e53,Joel Obi,2021-2022,Midfielder,9,4.19211,0.000234246637416377,0.0033381741512704044,0.15706,0.0
player_54284c4ceb35,Youssef En-Nesyri,2021-2022,Forward,10,4.09007,0.0002342022651736334,0.0016481825650003605,0.14321,0.0
player_1d045ce9715c,Hakim Ziyech,2022-2023,Midfielder,10,3.71953,0.00023404677255348146,0.001600241706865304,0.16171,0.0
player_f602f4f37f1b,Moussa Sissoko,2018-2019,Midfielder,9,4.20152,0.00023391004601980774,0.0002327519720707885,0.14665,0.0
player_0b6971c4bb1e,Stuart Armstrong,2021-2022,Midfielder,9,4.14646,0.0002339063648967254,0.00038997059360632757,0.14351,0.0
player_6c2bc4bbc976,Mads Roerslev,2021-2022,Midfielder,11,4.27023,0.0002338334596396831,0.0008848063506196617,0.15616,0.0
player_bcdf1f67ee27,Edo Kayembe,2021-2022,Midfielder,10,3.87134,0.0002338255970593753,0.0006015272800813942,0.15031,0.0
player_e6fc2b934f4b,Frenkie de Jong,2020-2021,Midfielder,10,4.2286,0.00023380122273592867,0.001146247601079238,0.14576,0.0
player_0ac09dc74705,Joselu,2021-2022,Forward,9,4.33285,0.0002337660409668875,0.00025040157489626935,0.13793,0.0
player_3b3e2f49549f,Andrés Iniesta,2017-2018,Midfielder,10,4.41781,0.00023376033705225865,0.0018850016688698053,0.15268,0.0
player_135336c54f87,Edoardo Vergani,2021-2022,Forward,9,3.08876,0.00023368114623830756,0.00446916835932052,0.17621,0.0
player_9c3433e8084d,Jessy Moulin,2021-2022,Goalkeeper,10,3.34403,0.00023351539074993128,0.00031386045500427423,0.08314,0.0
player_37f823fc8300,Nicolás Otamendi,2018-2019,Defender,9,4.34896,0.00023348754935824948,0.00024397330570166944,0.12323,0.0
player_f0f52ea600f1,Lamine Ghezali,2021-2022,Midfielder,8,3.96992,0.0002333192351391452,0.00017082485190655244,0.13688,0.0
player_afea930c7f56,Ben Mee,2021-2022,Defender,9,4.27715,0.00023331109658639797,0.0002898993122495174,0.13366,0.0
player_2a7a67917f74,Sergio Busquets,2019-2020,Midfielder,10,4.1009,0.0002332957076972352,0.0009367293275791383,0.15378,0.0
player_ba47a1ab084e,Gary Medel,2021-2022,Midfielder,10,3.36616,0.0002332786626444958,0.00010624137126827654,0.12609,0.0
player_fc364c10899f,Igor Carioca,2021-2022,Defender,9,4.55219,0.0002331486983397129,5.3117103011626044e-05,0.14815,1e-06
player_ac8dbc13a740,Idrissa Gueye,2019-2020,Midfielder,9,4.18099,0.00023299688214791555,0.00017060064334300436,0.13891,0.0
player_04ea38897e41,Ashley Young,2018-2019,Defender,10,3.29928,0.000232987657667517,0.00015180312293467998,0.1239,0.0
player_b742fda58fe3,Andrei Girotto,2021-2022,Defender,10,4.84199,0.0002329463860856772,7.67301996989396e-05,0.13462,0.0
player_02ea2ae2a237,Nani,2021-2022,Forward,9,3.02444,0.00023285688766523774,0.004496355738134627,0.17406,0.0
player_8defafe414b1,Christopher Trimmel,2021-2022,Midfielder,9,4.51185,0.00023284391113008305,0.00012118082577557989,0.14494,0.0
player_460fd8d9c682,Luca Koleosho,2021-2022,Midfielder,9,2.59706,0.00023279824063430774,9.931896851899013e-05,0.15988,0.0
player_328c50b5e354,José Callejón,2021-2022,Forward,10,3.84314,0.000232752103075666,0.0009187403147159674,0.15028,0.0
player_cececef85938,Pablo Rosario,2021-2022,Midfielder,9,4.62589,0.00023273553776187447,0.00023153802696406557,0.14321,0.0
player_0afd00b477f1,Jannes Horn,2021-2022,Defender,10,4.43136,0.0002327231917291379,0.0005068020387286493,0.15292,0.0
player_f05a70cf9259,Fabian Bredlow,2021-2022,Goalkeeper,8,5.11804,0.00023270678122619008,0.00023095858956789702,0.11299,0.000454
player_18713a12b134,Renato Sanches,2021-2022,Midfielder,10,3.74782,0.00023269069957259606,0.0012181762574911947,0.1441,0.0
player_70b203aedc5e,Charles Abi,2021-2022,Forward,9,3.10464,0.0002326825120412376,0.01180965854756919,0.17642,4e-06
player_17c639a3d75f,Will Hughes,2021-2022,Midfielder,9,4.09083,0.00023266135881831664,0.00030512721467475473,0.14654,0.0
player_5d51ac6002bb,Francesco Acerbi,2021-2022,Defender,9,3.46672,0.0002325747889932318,5.918302096181919e-05,0.12246,0.0
player_b623e24add2f,Nacho,2021-2022,Defender,10,3.6689,0.00023256922742327147,0.0011692384651711793,0.15032,0.0
player_9d01ed86b736,Rémy Cabella,2024-2025,Midfielder,9,4.06934,0.000232559571044579,0.00021949989632184648,0.13601,0.0
player_dd5735717a3e,Casemiro,2019-2020,Midfielder,10,4.23715,0.0002325482605963423,0.0003091203142536783,0.14769,0.0
player_83a1d1f6db2f,Andrea Masiello,2021-2022,Defender,10,3.74066,0.0002325133703801635,0.005189348225752065,0.15945,0.0
player_0791aebd6306,Jadon Sancho,2023-2024,Midfielder,10,3.93613,0.00023250803516173583,0.0017500782044678194,0.14965,0.0
player_24b0ab50dde0,Arkadiusz Reca,2021-2022,Midfielder,10,4.08106,0.0002324721483929891,0.0012870858201314546,0.15473,0.0
player_337b6fc1d6d8,Riyad Mahrez,2020-2021,Forward,8,3.69153,0.00023239879963993072,5.396379622116424e-05,0.12966,0.0
player_abf2a9f4223f,Matty Cash,2021-2022,Defender,9,4.30694,0.00023235011953273566,9.354226016109477e-05,0.13731,0.0
player_b2b66bbb34a4,Omar Colley,2021-2022,Defender,8,3.91462,0.00023231921580174047,5.114198823807363e-06,0.12015,0.0
player_68d19b1ad9af,Shane Long,2021-2022,Forward,10,3.42013,0.00023230877739165327,0.007379930080330625,0.16778,0.0
player_9e259cb9a151,Samuel Moutoussamy,2021-2022,Midfielder,9,3.69263,0.00023229738173326323,0.0016471170977539436,0.15505,0.0
player_458ab54966ab,Keidi Bare,2021-2022,Midfielder,10,3.65323,0.00023228123936566665,0.003753039932178617,0.16732,0.0
player_3ce4f0bd3442,Arturo Vidal,2018-2019,Midfielder,10,3.92207,0.00023222113421540687,0.007046162567625746,0.16965,0.0
player_b239c0f50d02,Alex Meret,2021-2022,Goalkeeper,8,4.94769,0.0002321866417201046,0.00020217212294638707,0.11294,0.001713
player_e6185335cc99,Raphinha,2023-2024,Midfielder,10,3.15584,0.00023207575944582886,8.693439025388447e-05,0.12039,0.0
player_e683ca42c21a,Harry Kane,2023-2024,Forward,9,4.09195,0.00023203349659964374,0.00012941671826931513,0.13052,0.0
player_ca885c3d2fef,Matthias Ginter,2021-2022,Defender,9,3.82013,0.00023190595538064365,0.008565745547364815,0.13874,0.0
player_b1ec8ffd266e,Bryan Mbeumo,2021-2022,Forward,9,4.00406,0.00023187651464422348,0.00046140669338513575,0.14821,0.0
player_9a75f211c7cc,Castello Lukeba,2023-2024,Defender,10,4.46705,0.00023187030348611744,0.0004100451700016889,0.13622,0.0
player_c2fbad2f86ed,Daniele Baselli,2021-2022,Midfielder,10,3.90519,0.00023186971024657311,0.0028991178133531787,0.15934,0.0
player_f0a0be3f9aa7,Mika Biereth,2024-2025,Forward,9,3.69051,0.00023184180269887004,0.0005082171566338462,0.13848,0.0
player_85260891c082,Facundo Medina,2021-2022,Defender,10,4.53838,0.00023182059759932965,0.00029770488068372,0.1408,0.0
player_12af86b3ee66,Andrea Consigli,2021-2022,Goalkeeper,8,5.64207,0.00023181910333345694,2.9014170907781797e-05,0.11246,0.000104
player_fa83f49c2738,Davide Calabria,2021-2022,Defender,10,4.15516,0.00023178411503196514,0.0011787313033861364,0.13815,0.0
player_2384ea80b0a3,Marco John,2021-2022,Midfielder,8,3.36463,0.00023175896540375158,0.00011979446683527902,0.13718,0.0
player_43b7943cacfd,Eden Hazard,2017-2018,Forward,9,4.28172,0.00023171015864637063,0.00020956637485533252,0.1285,0.0
player_be92079a926b,Saúl Ñíguez,2018-2019,Midfielder,9,4.53282,0.00023165187114543507,0.00014015768558891712,0.14597,0.0
player_22244ab306ee,Nemanja Radoja,2021-2022,Midfielder,9,4.02693,0.00023162895798924544,0.0004980802319628672,0.14046,0.0
player_e7ab5bb9641e,Julian Brandt,2024-2025,Midfielder,9,4.26511,0.00023158159744333514,1.5773736181389916e-05,0.1277,0.0
player_a869dd40fa55,Diego López,2021-2022,Goalkeeper,9,6.211,0.0002315191217679978,0.0007211405748864184,0.11925,0.127097
player_9ec09fca90d0,Patrick Cutrone,2021-2022,Forward,10,4.11701,0.00023148812084040126,0.00015478564567527792,0.1472,0.0
player_4625ed232bbb,Paul Baysse,2021-2022,Defender,9,3.26104,0.00023145913972058452,0.001367108408011839,0.14866,0.0
player_2964d515e046,Noah Katterbach,2021-2022,Defender,11,3.25017,0.00023142871026895993,0.0035233679999974615,0.15539,0.0
player_a868502ffd10,Philipp Lienhart,2021-2022,Defender,9,3.94476,0.0002314135994354646,0.0003277412726082605,0.13706,0.0
player_6931a7152678,Jamal Musiala,2024-2025,Midfielder,9,3.87984,0.00023135761870068534,0.00025839996256854633,0.13899,0.0
player_eb7cb17f1598,Denzel Dumfries,2023-2024,Midfielder,9,3.66351,0.00023133658967599427,0.00012485307470817695,0.13375,0.0
player_28a67ff9dbc5,Patrick Roberts,2021-2022,Forward,9,2.31763,0.0002312493103765506,0.00020660095842605101,0.1498,0.0
player_3e9c82e39e20,Patrik Schick,2021-2022,Forward,9,3.82871,0.00023120771031870393,0.0004532063410079943,0.12989,0.0
player_0a56d4c14914,Ciprian Tatarusanu,2022-2023,Goalkeeper,9,5.08046,0.000231192099557024,0.001915273774304615,0.11359,6e-05
player_8fd4cb861bd7,Toni Kroos,2018-2019,Midfielder,9,4.0765,0.0002311881423562311,0.0003075161517698063,0.14003,0.0
player_37d8c5c925cc,Jens Jønsson,2021-2022,Midfielder,9,4.07945,0.00023118156833398391,0.0012016144656751548,0.15034,0.0
player_88d18056f90d,Stefan de Vrij,2024-2025,Defender,9,3.83603,0.0002311714171210326,0.00033593460380393786,0.13297,0.0
player_279dbb43ccf2,Florentino Luís,2021-2022,Midfielder,9,4.28223,0.00023116522557772062,0.0009354368387595103,0.15781,0.0
player_47fbbd300b85,Stephan Fürstner,2021-2022,Midfielder,10,3.58745,0.00023109208182866167,0.004303456966831481,0.14434,3e-06
player_c26b9eb8d877,Evann Guessand,2021-2022,Forward,10,3.49483,0.00023108385861968464,0.00996919428120716,0.17726,0.0
player_9458f6d6d354,Adil Aouchiche,2021-2022,Midfielder,10,3.6234,0.00023103522274218034,0.004387580398021484,0.16149,0.0
player_cd4df99134c3,Kieran Trippier,2020-2021,Defender,9,3.91964,0.000231021194242105,0.00010307162379302382,0.13701,0.0
player_9714e70da4ca,Nathan Redmond,2021-2022,Midfielder,10,4.03917,0.00023097999739400552,0.0021945564500665594,0.14989,0.0
player_699dd713aade,Marcel Sabitzer,2021-2022,Midfielder,9,4.05756,0.00023093862366727053,0.0004874227913331709,0.14319,0.0
player_50b265113a60,Édgar Méndez,2021-2022,Midfielder,10,3.96256,0.00023092523009784086,0.0006887229009055644,0.15258,0.0
player_cad266bfec61,Mohamed Fares,2021-2022,Midfielder,10,3.65642,0.00023091594015981601,0.0004046031715104889,0.15109,0.0
player_6df6da53079a,Junior Mwanga,2021-2022,Midfielder,8,3.34163,0.00023089732548525334,0.0001356832575815772,0.14014,0.0
player_e80e8e281750,Leon Goretzka,2021-2022,Midfielder,9,3.9538,0.0002308960748349929,0.000300643169172956,0.1353,0.0
player_9a03c1b8428c,John McGinn,2024-2025,Midfielder,9,4.0666,0.00023079954765537397,0.00024945647872905293,0.14454,0.0
player_49ee66a12b47,Axel Disasi,2024-2025,Defender,10,3.7196,0.0002307960938099922,0.0008751552910376974,0.1534,0.0
player_3365e7eb8e9e,Thomas Müller,2017-2018,Midfielder,9,4.15002,0.00023079609301981192,0.00027755005258963024,0.13565,0.0
player_2b870e5ae173,Gregor Kobel,2023-2024,Goalkeeper,8,4.77477,0.0002307426270104903,6.015404413348695e-06,0.09996,0.002409
player_4ec41f65fcde,Przemys?aw P?acheta,2021-2022,Forward,11,3.41367,0.00023068883211990995,0.036005357994418515,0.17422,0.000145
player_ba8427f2d215,Jorge Cuenca,2021-2022,Defender,10,3.48212,0.00023061584834922633,6.498605701720497e-05,0.11464,0.0
player_7f1fe292fe92,Virgil van Dijk,2021-2022,Defender,8,4.29762,0.00023057257910466636,4.5012112643780475e-05,0.12499,0.0
player_26dd4122a609,Ozan Kabak,2020-2021,Defender,9,3.8584,0.0002305339190530377,2.2140214151395173e-05,0.12442,0.0
player_6238df79b861,Florian Wirtz,2021-2022,Midfielder,9,4.14066,0.00023050705032479727,0.00018959342024815116,0.13597,0.0
player_0ba8653244e1,Sven Ulreich,2021-2022,Goalkeeper,9,4.85063,0.0002304873949383868,0.0003876280573577947,0.11302,0.001379
player_0343fa1eac95,Gonzalo Verdú,2021-2022,Defender,10,4.27735,0.00023045880022318352,0.0001820169357099212,0.1398,0.0
player_d631a9a1b6e1,Javier Manquillo,2021-2022,Defender,10,3.76161,0.00023045152795781221,0.000420415736572307,0.14821,0.0
player_d5b14c27825a,Pablo Maffeo,2021-2022,Defender,9,4.32928,0.0002303601627388667,0.00018979346354339814,0.13463,0.0
player_ecf8c2f1c948,Josué Albert,2021-2022,Defender,9,2.66482,0.00023035981290668003,0.0009900245155288886,0.16131,0.0
player_852b1552e9f5,Victor Lindelöf,2018-2019,Defender,9,3.98841,0.00023027403304170366,0.0012873381106149942,0.13358,0.0
player_5d6ac73117cc,Dimitri Payet,2021-2022,Midfielder,9,4.13058,0.00023001909407300184,5.5276812274235325e-05,0.13183,0.0
player_514744d00cf0,Mitchel Bakker,2020-2021,Defender,9,3.17463,0.00022998600205958197,0.00021782492265731446,0.149,0.0
player_8e09e0028743,Yéremy Pino,2021-2022,Midfielder,10,4.10786,0.00022996444194365784,0.0026996096303951735,0.15533,0.0
player_236624adf1da,Matej Maglica,2021-2022,Defender,9,3.28118,0.0002299040689585596,0.0002390024092191165,0.14626,2e-06
player_6b3ec7f2f524,Mattia Caldara,2019-2020,Defender,9,4.19858,0.0002298670753202842,0.0005986753747944029,0.14138,0.0
player_d302f3bc0cee,Luis Alberto,2020-2021,Midfielder,10,4.44641,0.0002297442654401039,0.00048432625267620926,0.14764,0.0
player_3fca88662462,Fernandinho,2017-2018,Midfielder,9,4.5557,0.00022966048332176186,0.00012645045310285654,0.14486,0.0
player_608673e5d9e4,Miralem Pjanic,2019-2020,Midfielder,10,4.09341,0.00022960428019822056,0.00037488845151437215,0.14929,0.0
player_282eb12b2bf7,Jonathan Gradit,2021-2022,Defender,9,4.54441,0.00022958467039623062,0.00012283310424715573,0.13182,0.0
player_8cd76f34b84f,Christoph Zimmermann,2021-2022,Defender,11,3.58913,0.00022954754171879843,0.007452676162067511,0.16535,7e-06
player_f070f8e348b8,Kingsley Coman,2022-2023,Midfielder,9,3.33815,0.00022951555912529344,3.209022944056167e-05,0.11968,0.0
player_50725125acca,Marc-André ter Stegen,2021-2022,Goalkeeper,9,5.83134,0.0002294172435242187,2.5255124017857156e-07,0.09534,0.000196
player_34d3b0fcb9a6,Mark Noble,2021-2022,Midfielder,9,2.74595,0.0002293243553826962,8.154095877928205e-05,0.15468,0.0
player_7f29cec37924,Mahmoud Dahoud,2020-2021,Midfielder,10,4.28736,0.00022928943935671508,0.00040621781009477626,0.14936,0.0
player_fa3e26921296,Milan Badelj,2021-2022,Midfielder,9,4.04401,0.0002292735008470043,0.00011159021869311747,0.13457,0.0
player_b73717357625,Tammy Abraham,2019-2020,Forward,9,4.10613,0.00022925776775882984,0.00043668008399492603,0.13975,0.0
player_a1483a57a675,Jetro Willems,2021-2022,Midfielder,9,4.40136,0.00022919123697153466,0.0005583970461758927,0.15261,0.0
player_a055d3e58c07,Robert Lewandowski,2021-2022,Forward,8,3.9085,0.00022918435790113956,4.887296160724287e-05,0.12294,0.0
player_eacf55c05731,Fran Mérida,2021-2022,Midfielder,10,2.98235,0.0002291200260061154,0.012409756308202164,0.15419,0.0
player_7bad521e104e,Paul Akouokou,2021-2022,Midfielder,8,3.13915,0.00022911540415394575,0.0004484992777609174,0.13574,0.0
player_8d0da90f6ef5,Stefan Savic,2020-2021,Defender,9,3.90582,0.0002289945657426871,0.0007138514052650503,0.14093,0.0
player_cd7450acd247,Lennart-Marten Czyborra,2021-2022,Defender,11,3.21521,0.00022897072437676883,0.000492698459489238,0.16194,0.0
player_ce65ec693c64,Mehdi Chahiri,2021-2022,Midfielder,10,2.84251,0.00022893074456811893,0.0008613278941590355,0.15316,0.0
player_487dc7a9ae29,Nico Elvedi,2020-2021,Defender,9,3.80145,0.00022890371533427963,0.00045262206175721855,0.13347,0.0
player_952a61eafa6c,Yacine Adli,2021-2022,Midfielder,9,3.90304,0.00022889135575049512,0.0004917901692402005,0.14907,0.0
player_dda7e47e9e2b,James Rodríguez,2018-2019,Midfielder,10,4.17852,0.00022879053174563882,0.00036646838953047103,0.14443,0.0
player_22df78a6fa63,Anthony Ujah,2021-2022,Forward,10,2.79576,0.00022875700872077695,0.00043701434661096367,0.1595,0.0
player_42c5190b5158,Rafael Leão,2021-2022,Midfielder,9,4.15396,0.0002286337198665043,7.802288109517466e-05,0.13527,0.0
player_83ccb83ae942,Igor Zubeldia,2023-2024,Defender,10,3.58072,0.0002285161567103579,0.003672699636821504,0.1514,0.0
player_e5ac76668dd1,Arber Zeneli,2021-2022,Midfielder,11,3.56718,0.0002284624186354872,0.002331240894055666,0.15606,0.0
player_1fa5deeed198,Dimitris Nikolaou,2021-2022,Defender,8,4.53294,0.00022845458796871005,5.137437944173985e-05,0.13078,0.0
player_97415752ac56,Andrew Omobamidele,2021-2022,Defender,9,3.22823,0.00022844554083639596,0.0008897365809260069,0.16007,0.0
player_519aab4ee24b,Kristoffer Klaesson,2021-2022,Goalkeeper,10,5.56996,0.00022828140180123876,0.001679470288556006,0.12668,0.000169
player_e9269e88d0aa,Stanislav Lobotka,2023-2024,Midfielder,9,3.95393,0.00022827706081908003,0.00018050617476319077,0.13224,0.0
player_12231a3a7deb,Benoît Costil,2021-2022,Goalkeeper,9,5.00955,0.00022821421867014538,0.0029707193549397097,0.12926,0.000104
player_1afb504a4e82,Valentin Rongier,2021-2022,Midfielder,9,3.91009,0.00022814775290266434,8.597812077718279e-05,0.13715,0.0
player_8816fab38e5d,Ferran Torres,2019-2020,Forward,9,3.65393,0.00022807111175854843,0.0007746051778997816,0.14443,0.0
player_7f1fe292fe92,Virgil van Dijk,2018-2019,Defender,9,4.22359,0.00022806454957551792,0.00047214598069758714,0.1271,0.0
player_d8c5a555e13b,David Alaba,2024-2025,Defender,9,3.87525,0.00022797159434915257,0.0017874842760514753,0.15505,0.0
player_0272fcc8cdc9,Youssoufa Moukoko,2021-2022,Forward,11,3.21089,0.00022784338447590644,0.00312666398583705,0.1609,0.0
player_9a9cb8c63f95,Christian Pulisic,2018-2019,Midfielder,10,4.00458,0.0002278169648050758,0.0006091305965666739,0.14516,0.0
player_c1c99a21b24a,Francesco Rossi,2021-2022,Goalkeeper,10,4.94389,0.00022769582715442642,0.0012942983168168544,0.12796,0.000152
player_1ee6458e47aa,Max Kruse,2021-2022,Forward,9,3.72669,0.00022762464048556026,0.000289324383893475,0.13809,0.0
player_6d7c33f5d005,Matthijs de Ligt,2023-2024,Defender,9,4.0392,0.00022760874073362797,0.0003845700934740168,0.14682,0.0
player_6e3eefb6d2c9,Gideon Mensah,2021-2022,Defender,10,3.30937,0.0002276067143215543,0.0009524999042471318,0.12721,0.0
player_478dc0e94eb8,Henrikh Mkhitaryan,2024-2025,Midfielder,9,3.76311,0.0002275506823613536,0.0013585289017786172,0.14954,0.0
player_46bd8d911830,Giovanni Crociata,2021-2022,Midfielder,9,2.59624,0.00022754879476898155,0.00146749533733431,0.15797,0.0
player_48cbadc9e444,Juan Foyth,2021-2022,Defender,9,3.3988,0.00022748486428253464,0.00021244363911853944,0.12463,0.0
player_fe7309f99b7d,Pau Cubarsí,2024-2025,Defender,9,4.00259,0.00022735507318186779,0.0006392591108449116,0.13942,0.0
player_805171f201c4,Giorgio Cittadini,2021-2022,Defender,11,3.07957,0.00022728470344633454,0.0010675550165293911,0.14689,0.0
player_4a0e74a96a7d,Matteo Guendouzi,2021-2022,Midfielder,9,4.56265,0.00022720840079085397,0.0003353896487487602,0.14068,0.0
player_fd9e80c42216,Bernd Leno,2021-2022,Goalkeeper,8,4.93729,0.00022709057171497554,0.0005473349845744636,0.12703,0.000271
player_1b316b495d15,Leonardo Balerdi,2021-2022,Defender,9,3.64942,0.00022707415849537835,9.837860965221855e-05,0.13431,0.0
player_8c88622a9a5d,Cristiano Ronaldo,2021-2022,Forward,9,3.70628,0.0002269958153930525,0.00019515076432870086,0.13186,0.0
player_cc1f07d544d1,Erik Pieters,2021-2022,Defender,9,3.79919,0.00022691281012172598,0.00011979228725672577,0.13389,0.0
player_9435973a6925,Dennis Jastrzembski,2021-2022,Midfielder,9,3.92423,0.00022672407449256832,0.0005077830086684826,0.15523,0.0
player_320b3a59a649,Marquinhos,2018-2019,Defender,9,3.72256,0.00022665943273951811,4.400643863967803e-05,0.11314,0.0
player_6a9c1e000381,Cristian Romero,2020-2021,Defender,10,3.73379,0.00022663730344509768,0.0006766318901479936,0.14308,0.0
player_a0f311f4ef0d,Sikou Niakaté,2021-2022,Defender,9,3.86521,0.00022663658583814552,0.0006088212171946464,0.14497,0.0
player_498e68f6fca2,Jens Cajuste,2023-2024,Midfielder,10,3.88441,0.00022657898440539177,0.005228771797409252,0.1693,0.0
player_7c96f3c3c1b1,Weston McKennie,2018-2019,Midfielder,10,3.716,0.0002265728444990005,0.006037633865937951,0.1672,0.0
player_38c94a46b58e,Sergio Escudero,2017-2018,Defender,10,4.1647,0.0002264106798353557,0.0002628086494200047,0.13592,0.0
player_35d438ed1b7e,Mauro Arambarri,2021-2022,Midfielder,9,4.16648,0.00022638219957513798,0.00014884124671074684,0.14768,0.0
player_c5d308863109,Bertrand Traoré,2021-2022,Midfielder,11,3.45283,0.00022636301436297567,0.008688171307051035,0.16036,0.0
player_7a0fcddf84a8,Cristian Tello,2021-2022,Midfielder,9,4.30439,0.00022634917818186147,0.0002156421606227443,0.14618,0.0
player_4fb98a432b0a,Karim Adeyemi,2022-2023,Midfielder,10,3.70237,0.00022633855752498755,0.0013721488059446492,0.15926,0.0
player_34b7ad42d798,Mamadou Sakho,2021-2022,Defender,9,3.74946,0.00022625443757706698,0.00018934312750818903,0.13412,0.0
player_76db68856d36,Giovanni Di Lorenzo,2022-2023,Defender,9,4.21769,0.00022623763330711406,0.00041796295442224113,0.13655,0.0
player_edb7e1987595,Adam Obert,2021-2022,Defender,9,3.76643,0.0002262129055215535,0.00023976588864331645,0.14903,0.0
player_bbd933e32ebb,Jeff Reine-Adélaïde,2021-2022,Midfielder,10,3.39461,0.0002261302009403783,0.005625408171081235,0.17169,0.0
player_15e4b9ece872,Roberto Massimo,2021-2022,Midfielder,10,3.77772,0.00022612826567191914,0.006250045488408464,0.16123,0.0
player_b131f5722bda,John Guidetti,2021-2022,Forward,9,3.14673,0.00022606203960625403,0.0014053649169878475,0.16384,0.0
player_a61032d3b73e,Dan-Axel Zagadou,2019-2020,Defender,10,3.51575,0.00022604351624890855,0.0026638540765127733,0.14892,0.0
player_05725319ded7,Maximilian Arnold,2021-2022,Midfielder,9,4.01951,0.00022590196720951124,0.001356722772382357,0.14499,0.0
player_79e15281ec35,Gaël Kakuta,2021-2022,Midfielder,9,3.98211,0.00022579997629140557,0.000913510053589216,0.15136,0.0
player_6961cd8d2246,Patrick Leal,2021-2022,Midfielder,8,3.22228,0.00022569228261173116,0.00036077599709523025,0.14271,1e-06
player_0b1c9a46356a,Gerson Rodrigues,2021-2022,Forward,10,3.6806,0.00022565409846735758,0.0015913592767638593,0.16141,0.0
player_42a03214901c,Jonas Hofmann,2020-2021,Midfielder,9,4.00943,0.0002256519474769629,0.000153887405271635,0.13265,0.0
player_4ec2f926917c,Yannick Carrasco,2020-2021,Midfielder,10,3.99875,0.00022562462811319612,0.001362741658800536,0.15325,0.0
player_11e484a38ae0,Chrislain Matsima,2021-2022,Defender,9,3.65327,0.0002256161393325509,0.0010800202299258326,0.14462,0.0
player_220d8e1ddbe5,Ángel Di María,2017-2018,Forward,9,3.80499,0.0002256159603041504,0.00033774783585967656,0.13634,0.0
player_3e0ff23479d0,Iker Muniain,2021-2022,Midfielder,9,4.11532,0.00022560310375885418,8.084482144718268e-05,0.13676,0.0
player_238b8e11d7c0,Emmanuel Dennis,2021-2022,Forward,8,2.84016,0.00022556298973295632,0.00012577768693903505,0.11838,0.0
player_0a95aed2acf5,Aaron Ramsey,2020-2021,Midfielder,9,4.04224,0.00022547500648610773,0.000990386135223033,0.15247,0.0
player_89e880f80a52,Edin Dzeko,2017-2018,Forward,9,3.95405,0.0002254566099565953,0.00012876280405775897,0.13311,0.0
player_65e2ed04c7c2,André Silva,2022-2023,Forward,9,4.02668,0.00022539167152019391,0.00012693780388863506,0.13992,0.0
player_0f8644db82d8,Sebastian Rode,2022-2023,Midfielder,9,3.14695,0.00022533737468641215,0.00024662838528304883,0.15549,0.0
player_cc28cbb57b60,Anthony Lozano,2021-2022,Forward,9,4.08605,0.00022528402552052923,0.00019127796114327858,0.14627,0.0
player_9cd2e5ab8100,Anthony Modeste,2021-2022,Forward,9,4.16841,0.00022517470189457203,0.0007849434479315819,0.14549,0.0
player_15489dd8adf3,Victor Osimhen,2022-2023,Forward,9,3.89178,0.00022512744515014744,0.00012501694470350532,0.12925,0.0
player_5ad6e2580a97,David Soria,2021-2022,Goalkeeper,9,4.64903,0.00022511447503585847,0.00015056033607394438,0.12861,0.019978
player_0e8041bee295,Lebo Mothiba,2021-2022,Forward,10,3.36293,0.00022506530348176442,0.008623468900415288,0.15907,0.0
player_7e04da88cbb8,Felipe,2018-2019,Defender,11,3.21183,0.00022497785040592237,0.013971337896071911,0.15016,0.0
player_5c63a08f6635,Cedric Teuchert,2021-2022,Forward,10,3.04636,0.00022486210248868398,0.002300957724130743,0.16285,0.0
player_31932eb56aa6,Alidu Seidu,2021-2022,Defender,9,3.32616,0.00022486028101543405,0.002064486501906827,0.13974,0.0
player_80e6e341d132,David Raya,2023-2024,Goalkeeper,9,4.73251,0.00022485225037700555,0.0004798447865703484,0.10563,0.009575
player_66943afc80ff,Isco,2020-2021,Midfielder,9,3.87451,0.0002248315466034166,0.0006707531036752555,0.14932,0.0
player_c69b4515a317,Raphaël Guerreiro,2023-2024,Midfielder,9,3.75183,0.00022481594443009246,0.00019145221293214416,0.13973,0.0
player_169f7d82a642,Denis Bouanga,2021-2022,Forward,9,2.81136,0.00022478252652286527,0.0008099190050770662,0.1277,0.0
player_c2d5b9baaa71,Dejan Lovren,2018-2019,Defender,9,3.78232,0.00022475715256466854,0.0006589042306365678,0.13157,0.0
player_523e28bc1683,Diego Perotti,2021-2022,Midfielder,9,3.53481,0.00022474461450742336,0.00039164914769157115,0.14962,0.0
player_eedbc6d8c12f,Alex McCarthy,2021-2022,Goalkeeper,8,4.90599,0.00022471441629356065,1.7392817576651187e-07,0.10749,0.000129
player_7b8ecac5bf37,Marco Verratti,2018-2019,Midfielder,9,3.6581,0.0002246054326559447,8.829551997196541e-05,0.13997,0.0
player_8dd439ad657b,Lorenzo De Silvestri,2021-2022,Defender,10,3.82657,0.0002245951524049828,0.00048255538945977077,0.1457,0.0
player_89bcbecc435e,Ezequiel Ponce,2021-2022,Forward,8,2.73252,0.0002245854513640371,6.411593736160394e-05,0.11548,0.0
player_dd9e2080ceeb,Otávio,2018-2019,Midfielder,9,4.33318,0.0002244715084292878,0.00021075392765454952,0.13945,0.0
player_ceed94b5fa24,Josip Stanisic,2021-2022,Defender,9,3.44319,0.00022442032135700662,0.0011771058927009155,0.14692,0.0
player_2f631206f920,Cédric Brunner,2021-2022,Defender,9,4.26032,0.00022441354501323934,0.0011205078555540412,0.14633,0.0
player_9a75f211c7cc,Castello Lukeba,2021-2022,Defender,9,3.71995,0.00022440328015474,0.00047382598603628196,0.14111,0.0
player_c63221cba890,Scott McTominay,2018-2019,Midfielder,9,3.70658,0.0002243390217292145,0.0002957422209906811,0.14149,0.0
player_620fee44416c,Malick Thiaw,2024-2025,Defender,9,4.3321,0.00022432838041564152,0.00013479337236585126,0.13497,0.0
player_89ae61d16290,Waniss Taibi,2021-2022,Midfielder,9,3.08388,0.00022424890896080398,0.0008732597467794585,0.16122,0.0
player_d4e0ad2e522a,Simon Zoller,2021-2022,Forward,11,3.36209,0.00022419881800856854,0.0023743097440561876,0.16054,0.0
player_547244ca428f,Bastian Oczipka,2018-2019,Midfielder,10,3.86287,0.00022409639221063457,0.0013887825826395354,0.15749,0.0
player_5c6151d2acd7,Andrea La Mantia,2021-2022,Forward,10,3.58774,0.00022406019702291975,0.0008677969458472095,0.14822,0.0
player_61b24e6c009d,Giuseppe Pezzella,2021-2022,Midfielder,9,3.65037,0.00022398981520019797,0.0010907422508394105,0.15806,0.0
player_b77304495829,Wojciech Szczesny,2020-2021,Goalkeeper,9,5.15505,0.00022380816123979445,0.0006869780862089254,0.11389,8e-05
player_86b591b72849,Finley Stevens,2021-2022,Defender,9,3.52144,0.00022378818491968795,0.00011289762800585279,0.14123,0.0
player_373ec0a67044,Julian Draxler,2020-2021,Midfielder,10,3.21166,0.00022373185093517117,0.0037869772431011984,0.165,0.0
player_314adc5fe6f2,Kevin Gameiro,2019-2020,Forward,9,3.59697,0.00022368733234599635,0.001042766429791676,0.14052,0.0
player_91d0ef17ed14,Nikola Maksimovic,2019-2020,Defender,9,3.30199,0.00022359599557079764,3.243516841605209e-05,0.12378,0.0
player_832b60b6cea2,Tanguy Ndombele,2022-2023,Midfielder,9,4.01661,0.00022358606761152365,0.0013544299435722888,0.15597,0.0
player_373ec0a67044,Julian Draxler,2018-2019,Midfielder,9,3.85275,0.00022355420788519587,0.0005334982560071715,0.14767,0.0
player_1916b8aef85b,Toni Lato,2021-2022,Defender,10,3.2198,0.00022351614679029473,0.007836794053224426,0.17818,0.0
player_393a622b2e4e,Linus Gechter,2021-2022,Defender,9,3.88714,0.00022337531161586494,0.0009455313307927927,0.14326,0.0
player_c499ab69049e,Peru Nolaskoain,2021-2022,Defender,9,2.44577,0.00022333535464293572,0.00019549271062352565,0.16182,0.0
player_eb32f01e2d30,Mato Jajalo,2021-2022,Midfielder,9,3.63557,0.00022329519675933954,0.0005105733540087454,0.14664,0.0
player_71c393eeeb66,Fikayo Tomori,2022-2023,Defender,9,4.17152,0.00022323779507289426,0.0008516778479113622,0.14504,0.0
player_ce623e9dc2b4,Ezequiel Ávila,2021-2022,Forward,8,2.70989,0.0002232064283884287,6.838485725416215e-05,0.1179,0.0
player_03efe05c525c,Martin Braithwaite,2021-2022,Forward,10,3.39098,0.00022319369364140996,0.0002661034624754566,0.15073,0.0
player_52c7a530f92c,Thiago Galhardo,2021-2022,Forward,9,3.84661,0.00022315811226985882,0.00029003790965680197,0.15047,0.0
player_0c7c800ee7e9,Francesco Forte,2021-2022,Forward,9,3.28589,0.0002230532700523973,0.0020184628047280363,0.16081,0.0
player_745563c4992c,Vinícius Júnior,2021-2022,Forward,9,3.92702,0.0002230430056481603,0.0003126261527128669,0.1377,0.0
player_328c50b5e354,José Callejón,2019-2020,Forward,9,3.61542,0.000223025533568608,0.0026368986915261757,0.14725,0.0
player_555da97ebd2e,Nicolò Zaniolo,2018-2019,Midfielder,10,4.16801,0.00022291911042320324,0.0017659862344136523,0.15847,0.0
player_0c638ebd1823,Fernando Marçal,2019-2020,Defender,9,3.24822,0.00022284541158698446,0.001258416828435687,0.13628,0.0
player_97b910d740e0,Ellis Simms,2021-2022,Forward,11,3.53691,0.00022280828118578626,0.027792417898986767,0.16732,9.7e-05
player_3acca9363ec3,Peter González,2021-2022,Midfielder,11,2.70076,0.00022277285996266934,0.0025975458288278286,0.16351,0.0
player_6192c1ad5ea0,Davide Marfella,2021-2022,Goalkeeper,8,3.62834,0.00022267933008139222,0.0007473326103607467,0.13626,1e-05
player_cfea3f3802dc,Bruno Fernandes,2021-2022,Midfielder,9,4.18187,0.00022266820717868686,9.96727876821235e-05,0.13992,0.0
player_27620d661e2a,Jesús Navas,2019-2020,Defender,9,3.85076,0.00022264041737266372,5.790086563330862e-05,0.13784,0.0
player_8816fab38e5d,Ferran Torres,2024-2025,Forward,9,2.86446,0.00022262555544650563,4.5946348811393354e-05,0.11697,0.0
player_0518dc1bdbcd,Andrei Motoc,2021-2022,Defender,9,3.39447,0.00022261393140638605,0.00033196437871877224,0.152,0.0
player_bd531d220d52,Matija Nastasic,2018-2019,Defender,9,3.81329,0.00022260043808421316,2.9397456157817824e-05,0.11478,0.0
player_cdac68ec9f28,Richarlison,2021-2022,Forward,9,4.12957,0.00022258390069373205,9.447717726508988e-05,0.14237,0.0
player_08d503082490,Ander Guevara,2021-2022,Midfielder,9,4.10997,0.00022247392625531246,0.0013515624456273947,0.14561,0.0
player_eace083b67e2,Cristiano Biraghi,2021-2022,Defender,9,3.33256,0.000222424028698514,0.00012459315893650276,0.12039,0.0
player_2b870e5ae173,Gregor Kobel,2022-2023,Goalkeeper,9,4.908,0.00022239978308231576,1.5746401546843497e-05,0.10539,0.008248
player_8fd4cb861bd7,Toni Kroos,2023-2024,Midfielder,9,4.04919,0.00022234398596147347,0.0003654061818563427,0.14101,0.0
player_e213e0e527ca,Adam Ounas,2021-2022,Midfielder,9,3.51512,0.00022231503364074826,0.0003064659706111543,0.15136,0.0
player_04399bdbc646,Patrick Herrmann,2021-2022,Midfielder,10,3.56335,0.0002223092886442938,0.0012803097488968212,0.15808,0.0
player_2b870e5ae173,Gregor Kobel,2024-2025,Goalkeeper,8,4.66336,0.00022229184645384257,0.00046128231659372376,0.11051,0.002632
player_c2205b107288,Lucas Calodat,2021-2022,Defender,8,3.20608,0.00022227525727659545,0.00015667381607770497,0.13218,0.0
player_65e2ed04c7c2,André Silva,2023-2024,Forward,9,3.52074,0.00022220868618007012,5.782267614283051e-05,0.13141,0.0
player_86b1daadbfeb,Gianluigi Donnarumma,2021-2022,Goalkeeper,10,5.14452,0.00022220848089762912,0.0054235257360587645,0.09959,0.000145
player_7f1fe292fe92,Virgil van Dijk,2017-2018,Defender,8,4.04503,0.0002221867075515875,0.00017013096106170794,0.12638,0.0
player_e6fc2b934f4b,Frenkie de Jong,2024-2025,Midfielder,10,3.1881,0.0002221827073885368,0.034968138354664786,0.16468,0.0
player_61c022fbad5b,Paolo Faragò,2021-2022,Defender,11,2.66864,0.00022218135881760487,0.008681825097526413,0.16853,0.0
player_cede5272df09,Erik Lamela,2021-2022,Midfielder,10,3.48125,0.0002221426559882395,0.003258128089688239,0.1653,0.0
player_18577cdfeae0,Dennis Appiah,2021-2022,Defender,8,3.52306,0.00022212024557274163,7.999085597582802e-05,0.13215,0.0
player_0918e2800455,Jordan Amavi,2021-2022,Defender,9,3.69868,0.00022210946703435835,0.0017872271711711376,0.15401,0.0
player_a9706cc8748d,Kenny McLean,2021-2022,Midfielder,9,4.08824,0.0002220987633809367,0.00018379151981662016,0.13666,0.0
player_70fa7d2016cc,Houssem Aouar,2021-2022,Midfielder,9,4.20827,0.00022207604371325763,0.0001938403312438277,0.14006,0.0
player_7c48f130ba39,Lewis Dunk,2021-2022,Defender,9,3.69381,0.0002220679390880305,8.193919619752625e-05,0.10927,0.0
player_6bf71398be93,Lucas Pérez,2021-2022,Forward,9,3.84798,0.00022206330073531086,0.0006784373210954722,0.14337,0.0
player_7a97e3ebb87e,Giacomo Satalino,2021-2022,Goalkeeper,8,3.60329,0.00022206063692192294,0.0007473326103607467,0.13626,9e-06
player_9d7f14d538ba,Josh Sargent,2021-2022,Forward,10,3.4851,0.00022203129297067474,0.0026423007456631525,0.15092,0.0
player_3b221cc45695,Hakan Çalhanoglu,2023-2024,Midfielder,9,3.98867,0.00022198803087926264,0.0006794330402080617,0.14761,0.0
player_84ae4a28320c,Yaya Touré,2017-2018,Midfielder,10,2.94557,0.0002219754656577782,0.0162942204595708,0.18343,0.0
player_f207d8cf0e45,Salih Özcan,2022-2023,Midfielder,9,4.12229,0.00022193928003678493,0.0010708875620563192,0.15239,0.0
player_59ef9dd1002f,Ragnar Ache,2021-2022,Forward,10,3.30942,0.00022193636963563267,0.0026146418144812156,0.16732,0.0
player_503fa3246fc6,Ben White,2024-2025,Defender,9,4.14038,0.00022193456918476992,0.00026232278828445735,0.13695,0.0
player_0f1983eb3c68,Wissam Ben Yedder,2021-2022,Forward,9,3.68233,0.00022187419055944363,0.0001018572867813244,0.1286,0.0
player_da6856ad7790,Mamadou Fofana,2021-2022,Defender,10,3.27268,0.0002218275416618865,4.09683056163801e-05,0.13393,0.0
player_5628faf6f912,Ivan Toney,2021-2022,Forward,9,4.21855,0.00022176884320552427,4.701789607868026e-05,0.14187,0.0
player_98a6ce1482d1,Konrad De La Fuente,2021-2022,Forward,9,3.55709,0.00022175922626470812,0.000616619884413342,0.15226,0.0
player_9abb0370ec3d,Armand Lauriente,2021-2022,Forward,9,4.04282,0.00022175410368726643,6.723647005578656e-05,0.14134,0.0
player_f8cd12a1012b,Granit Xhaka,2024-2025,Midfielder,10,4.02891,0.00022170801357670878,0.00031557747806380517,0.13848,0.0
player_fb4dffc5df78,Raúl de Tomás,2021-2022,Forward,9,2.76834,0.00022165850457888652,0.0011894146998876764,0.12282,0.0
player_ae7b9f9c9d8a,Connor Roberts,2021-2022,Defender,9,3.49905,0.00022163367963219042,0.0017298641281448656,0.1425,0.0
player_0660ac545182,Yayah Kallon,2021-2022,Forward,9,3.29962,0.00022151645462485927,0.0011636718979563976,0.16135,0.0
player_c58128c7773c,Kevin De Bruyne,2023-2024,Midfielder,9,3.99476,0.00022143283152027766,3.811289919797589e-05,0.12854,0.0
player_e7ab5bb9641e,Julian Brandt,2021-2022,Midfielder,9,3.87284,0.00022139926693283003,0.0006619215888358787,0.14217,0.0
player_233e705860df,Assane Dioussé,2021-2022,Midfielder,9,3.47035,0.00022135197590198198,0.0010642231483072632,0.13835,1e-06
player_42e9e9cd2c58,Merih Demiral,2020-2021,Defender,9,4.04519,0.00022130453132152686,0.00028669060628350016,0.14112,0.0
player_8a968eba4665,Aleksandar Kolarov,2017-2018,Defender,9,4.07569,0.00022127319305559467,4.7952924031158695e-05,0.13065,0.0
player_392a77a5a461,Ferran Jutglà,2021-2022,Forward,9,3.35066,0.00022126165827369033,0.000662524804030054,0.1488,0.0
player_0e6b30b5df93,Lucas Da Cunha,2021-2022,Midfielder,9,3.97875,0.00022123345656302603,0.0009953543723769628,0.14615,0.0
player_1d91b7533bf0,Alban Lafont,2021-2022,Goalkeeper,8,4.94528,0.0002211810759900963,1.1955402381077639e-05,0.11189,0.000121
player_d7e7d5e05658,Mohammed Salisu,2021-2022,Defender,9,3.33238,0.00022110726623432808,0.0002124740549793107,0.12124,0.0
player_ea3c7f9e632a,Fabian Delph,2021-2022,Midfielder,8,3.53065,0.00022108900145444293,0.00040175876940163317,0.14705,0.0
player_e1cec0d8de29,Karim Onisiwo,2021-2022,Forward,9,3.71461,0.00022103591460048182,0.0005323588341098018,0.14838,0.0
player_f4e1b0df6006,Zeki Çelik,2021-2022,Defender,9,3.77326,0.00022098280288314367,0.0012935775755986297,0.14262,0.0
player_caa99b6b55c8,Fabio Quagliarella,2021-2022,Forward,9,3.79626,0.00022092433958473335,0.00026529657578459924,0.13962,0.0
player_a2ae241aeda7,Tommaso Pobega,2021-2022,Midfielder,9,3.96095,0.0002208858006330918,0.0001825769744345665,0.14751,0.0
player_4ec2f926917c,Yannick Carrasco,2021-2022,Midfielder,9,4.21681,0.00022082819084952418,0.000275611957499428,0.14083,0.0
player_5188078f107f,Matteo Politano,2022-2023,Forward,8,3.79893,0.00022078912948074925,0.00024749976946999394,0.14268,0.0
player_41f9dce758ac,Dani Olmo,2020-2021,Midfielder,9,3.91787,0.00022078531009832097,7.917910009492678e-05,0.13872,0.0
player_8ecc3aa3b0c4,Thiago Silva,2022-2023,Defender,9,4.05457,0.0002207447426340354,0.000924550498474789,0.13127,0.0
player_7f29cec37924,Mahmoud Dahoud,2018-2019,Midfielder,9,4.01757,0.00022070221234763516,0.0017396570461245336,0.15491,0.0
player_c48b5ee72e19,Leonardo Spinazzola,2021-2022,Midfielder,10,3.58174,0.0002206980450219233,0.001600111685395583,0.15156,0.0
player_c00226b26602,Tanner Tessmann,2021-2022,Midfielder,9,3.65819,0.00022053686808457858,1.8291103316292555e-05,0.11909,0.0
player_d5f3e3f0308c,César Azpilicueta,2021-2022,Defender,9,4.05071,0.00022051671008121952,0.001848860866954263,0.1437,0.0
player_6931a7152678,Jamal Musiala,2020-2021,Midfielder,9,3.55847,0.00022048598342940692,0.0005635970699177101,0.14181,0.0
player_b61a4dcfaf07,Jérôme Hergault,2021-2022,Defender,11,3.04222,0.00022044405701636375,0.01286023650170102,0.15954,0.0
player_2e247e2eb505,Rodrigo,2021-2022,Forward,9,4.19101,0.00022042138214983995,0.00013038177003553216,0.14338,0.0
player_2a35e3cabdbc,John Stones,2022-2023,Defender,9,4.0549,0.00022041527459361115,7.049584783529909e-05,0.12665,0.0
player_66254703a49a,Bryan Lasme,2021-2022,Forward,9,3.60193,0.00022031380794219836,0.0013694126794925562,0.16159,0.0
player_ff980d998b6a,Jordan Ferri,2021-2022,Midfielder,9,3.43767,0.00022024165989285144,0.00013814086851723044,0.1295,0.0
player_90dfb7cdc147,Jude Bellingham,2023-2024,Midfielder,10,3.16164,0.00022021924096849428,0.010077765600856013,0.13838,0.0
player_8b217da9a2af,Leonardo Pavoletti,2021-2022,Forward,10,3.43891,0.00022017806456116297,0.0009626046651044264,0.14724,0.0
player_921df0113327,Quentin Merlin,2021-2022,Defender,9,3.67022,0.0002201578479596068,0.00028803977556317127,0.13879,0.0
player_49ee66a12b47,Axel Disasi,2021-2022,Defender,9,4.62685,0.00022006829631905392,9.656684474543045e-05,0.12475,0.0
player_bbb93175f7bf,Marcus Forss,2021-2022,Forward,10,2.88377,0.00021999083585988154,0.006408787056963627,0.17618,0.0
player_fc65b3e5f0c2,Jeff Hendrick,2021-2022,Midfielder,9,2.47805,0.00021990690871966347,0.00021005491983240427,0.15871,0.0
player_df86b70da7cf,Presnel Kimpembe,2017-2018,Defender,9,3.25895,0.00021990505176292818,3.218948621453478e-05,0.11887,0.0
player_86ae79038272,Mario Hermoso,2021-2022,Defender,9,3.62738,0.00021989712789589498,0.00022523982686123716,0.1218,0.0
player_4de44fef5249,Conor Coady,2021-2022,Defender,9,3.67413,0.00021984826295948361,0.00011128177332331824,0.14043,0.0
player_a79ec224e3c3,Anthony Lopes,2021-2022,Goalkeeper,8,3.07933,0.00021972366494304497,0.0002687314665500396,0.08318,1e-06
player_2454abfbc885,Ricardo Pepi,2021-2022,Forward,10,3.07671,0.00021969369240612335,0.001672274355862284,0.16141,8e-06
player_3c2a65d110b3,Yannick Cahuzac,2021-2022,Midfielder,9,2.99762,0.00021964755139429823,0.0006099463382019442,0.1338,0.0
player_d73703533d85,Stuart McKinstry,2021-2022,Midfielder,8,3.69751,0.00021952680664569485,0.00047619270691901346,0.13135,0.0
player_50725125acca,Marc-André ter Stegen,2018-2019,Goalkeeper,9,5.52248,0.00021951055940261618,3.312938017026244e-05,0.10247,0.00021
player_852b1552e9f5,Victor Lindelöf,2021-2022,Defender,9,3.39765,0.00021941150884879695,0.001205463283584347,0.14831,0.0
player_5188078f107f,Matteo Politano,2023-2024,Forward,9,2.77247,0.00021941043324964733,5.188475559727879e-05,0.11896,0.0
player_580212ad667d,Krépin Diatta,2021-2022,Midfielder,9,2.84581,0.00021935321040783543,0.0011479514986955388,0.16307,0.0
player_1de8fedae9db,Dane Scarlett,2021-2022,Forward,8,3.28825,0.00021931764522385496,0.0002024297999357404,0.13441,0.0
player_50725125acca,Marc-André ter Stegen,2017-2018,Goalkeeper,9,5.5133,0.0002192039381978938,3.312938017026244e-05,0.10247,0.000209
player_aebe3b632c8e,Varazdat Haroyan,2021-2022,Defender,10,3.28722,0.00021912013015902917,0.0032168709428830804,0.1594,0.0
player_4ac2ef7d3c8e,Riccardo Fiamozzi,2021-2022,Defender,9,3.68685,0.00021910700507982427,0.0014685265237872217,0.14973,0.0
player_7431fa911c7c,Denis Cheryshev,2021-2022,Midfielder,10,3.13217,0.00021908010254494318,0.003643901607872557,0.16692,0.0
player_38c4f7365055,Sebastian Polter,2021-2022,Forward,9,3.87867,0.00021898135426686732,0.0001471050126577898,0.14522,0.0
player_812632617ed4,Luan Peres Petroni,2021-2022,Defender,8,3.97964,0.0002189580851711455,0.00017685401458813018,0.13792,0.0
player_278a94fec91d,Cody Gakpo,2022-2023,Forward,9,3.48292,0.00021893660649344965,0.00013054571938444828,0.1286,0.0
player_08ac764d6fde,Rubén Sobrino,2021-2022,Forward,9,4.08478,0.0002189343048307223,0.00029707753294556526,0.14526,0.0
player_d266e873de84,Quini,2021-2022,Defender,9,4.17293,0.0002188532531562901,0.0006262011184731397,0.13937,0.0
player_e063494e0c60,Maximilian Philipp,2021-2022,Forward,10,3.14911,0.00021870859473803513,0.0025150738718861605,0.16494,0.0
player_a218b248bdb4,Alessandro Bastoni,2023-2024,Defender,9,3.51739,0.0002186479857191455,0.001694896076192894,0.146,0.0
player_84ce1fddf4aa,Fabinho,2020-2021,Midfielder,9,4.23732,0.00021857233947743287,5.96703970492691e-05,0.13274,0.0
player_6d28ef9955b1,Julian Chabot,2021-2022,Defender,9,3.58137,0.00021847684467418322,0.007160447397261636,0.16715,0.0
player_003abaf8ea7d,Kevin Lasagna,2021-2022,Forward,10,3.29441,0.00021846245955103204,0.018733023268116055,0.15393,0.0
player_946de35257fa,Mitchell van Bergen,2021-2022,Forward,9,3.34044,0.00021842626744168208,0.002013569713736477,0.16002,6e-06
player_9320b3bacb0f,András Schäfer,2021-2022,Midfielder,10,3.12127,0.00021837081857435377,0.010958253827878165,0.1808,0.0
player_5c0730bf50a0,Martin Ødegaard,2023-2024,Midfielder,9,3.96269,0.00021835931088819084,0.00029904388344605294,0.13888,0.0
player_f758bfcceb92,Serhou Guirassy,2024-2025,Forward,9,3.6973,0.00021827883873762503,0.0008207669788458789,0.13573,0.0
player_419e68e34ea7,Omar Marmoush,2024-2025,Forward,8,3.5885,0.00021826860901333507,6.731951433612821e-05,0.13333,0.0
player_b247827fcd7b,Mario Götze,2022-2023,Midfielder,9,4.32337,0.00021813121602539513,0.0003138573270694778,0.14982,0.0
player_ab31b939d596,William Saliba,2024-2025,Defender,9,3.14341,0.00021811098623844257,0.007016650108394367,0.13776,0.0
player_e6f89592fbb0,Adnan Januzaj,2021-2022,Midfielder,8,3.3699,0.00021807440092263378,0.00041849702803009413,0.14787,0.0
player_3fac3c7bde85,Yoann Touzghar,2021-2022,Forward,9,3.58738,0.00021792429110669643,0.0010258752872285594,0.14784,0.0
player_fa282ab3d812,Jon Bautista,2021-2022,Forward,11,2.74957,0.0002178785377505552,0.008845574964144835,0.16811,0.0
player_62f761a26081,Musa Barrow,2021-2022,Midfielder,9,3.9416,0.00021783564457091687,7.00675738430084e-05,0.13523,0.0
player_54f9786a55ae,Franck Honorat,2021-2022,Midfielder,9,4.11805,0.00021782004908663653,4.8701734387765505e-05,0.13902,0.0
player_2f263723d82f,Edoardo Goldaniga,2021-2022,Defender,9,3.48528,0.0002177155421331889,0.00038158097831426783,0.13123,0.0
player_081f6a6af174,Lucas Olaza,2021-2022,Defender,9,3.52735,0.00021764953403657295,0.007480357888198014,0.15825,0.0
player_337b6fc1d6d8,Riyad Mahrez,2021-2022,Forward,8,3.43638,0.00021750271920947415,5.901742475104668e-05,0.12928,0.0
player_3645090159ca,Claudio Bravo,2017-2018,Goalkeeper,9,5.25216,0.00021749707269369946,0.00019209117416592737,0.10859,0.000221
player_d325b431ba49,Emerson,2019-2020,Defender,9,3.66036,0.0002174934273344804,0.00018866360162424477,0.14241,0.0
player_c6e2bd0770d4,Sandro Tonali,2022-2023,Midfielder,9,3.8106,0.00021741528417377356,0.0015727140680301093,0.15267,0.0
player_8a4f22f428c0,Nordi Mukiele,2019-2020,Defender,9,3.93718,0.00021738104743028772,0.0009440431921154174,0.13745,0.0
player_aa66b0a939c9,Sinaly Diomande,2021-2022,Defender,8,4.02003,0.00021723580078048755,1.894798383762234e-05,0.12943,0.0
player_15ee9f0a5ec3,Koke,2020-2021,Midfielder,9,4.49965,0.00021719563436784243,0.00038336895423428467,0.14497,0.0
player_483700c69e05,Franck Ribéry,2017-2018,Forward,9,3.50794,0.0002171696991498829,0.004223222246878759,0.14757,0.0
player_5c0730bf50a0,Martin Ødegaard,2024-2025,Midfielder,9,3.93458,0.00021715921708062797,0.0009952882851081474,0.14184,0.0
player_498e68f6fca2,Jens Cajuste,2021-2022,Midfielder,9,3.08157,0.00021713062472375765,0.018870579328511605,0.17253,0.0
player_998acdd5c7a6,Tomás Rincón,2021-2022,Midfielder,9,3.73663,0.00021712463680171622,0.004736460331470581,0.1592,0.0
player_7fe4c8b6501d,Matteo Cancellieri,2021-2022,Midfielder,10,3.17097,0.00021710240559121222,0.010302327033794786,0.1715,0.0
player_4e4cf597f173,Craig Cathcart,2021-2022,Defender,8,3.71477,0.00021706232272568398,4.303820625102375e-05,0.13396,0.0
player_2a35e3cabdbc,John Stones,2023-2024,Defender,9,3.5877,0.00021701692921498246,0.0007693842357062754,0.1378,0.0
player_d7c8bf9cdd17,Joe Willock,2021-2022,Midfielder,9,3.88158,0.00021688886437186744,0.0009501030869461882,0.14615,0.0
player_93ebb8133798,Aurélien Tchouaméni,2024-2025,Midfielder,8,3.65905,0.00021686818761537953,7.469849025901337e-05,0.12868,0.0
player_728fc9342c98,Gabriel Jesus,2017-2018,Forward,9,3.61269,0.00021679728892284365,0.00013777858621360676,0.12967,0.0
player_88d18056f90d,Stefan de Vrij,2023-2024,Defender,9,4.11935,0.0002167607411523353,0.00046736867996934083,0.12272,0.0
player_32139f18271f,Mateo Retegui,2024-2025,Forward,9,3.53987,0.00021675149018158515,0.0004404200386619834,0.14028,0.0
player_6a73493a48e3,Dávid Strelec,2021-2022,Midfielder,9,3.27385,0.00021672258944714848,0.002394500983637806,0.16281,0.0
player_634fcdb1754b,Danilo Pereira,2021-2022,Midfielder,9,3.31953,0.0002167043116878606,0.00020674992828396293,0.14248,0.0
player_4574014d7ee3,Jon Morcillo,2021-2022,Midfielder,9,2.56095,0.00021667857381305934,0.006177494974233209,0.17616,1e-06
player_7d9d17f820a6,Ethan Ampadu,2021-2022,Defender,10,3.21727,0.000216564581506331,0.007518796450093827,0.15254,0.0
player_2c40837dd4b9,Sandro,2018-2019,Midfielder,9,3.71991,0.00021650646092492262,0.0011935308449275669,0.15307,0.0
player_47947c0ab827,Renan Lodi,2020-2021,Defender,9,3.95592,0.00021650011625965818,0.0006699400945231445,0.14816,0.0
player_9272cbb9e792,Phil Foden,2017-2018,Forward,10,2.58417,0.000216464265267342,0.026676934595717527,0.18892,0.0
player_3e9c82e39e20,Patrik Schick,2017-2018,Forward,9,3.33007,0.00021644359584525077,0.0017863246256145727,0.14592,0.0
player_d42ace3b7a08,Jessic Ngankam,2021-2022,Forward,11,3.76783,0.00021641383821960737,0.0009753176965048207,0.1553,0.0
player_03edb3bb062c,Hirving Lozano,2022-2023,Forward,9,3.91406,0.00021639291359656942,0.0005637586682403188,0.14615,0.0
player_4f55f6b52aff,Riccardo Gagliolo,2021-2022,Defender,9,3.41725,0.0002163487727804743,0.0003299077798535253,0.12902,0.0
player_ae845fc0c991,Eric Dier,2017-2018,Defender,8,4.13266,0.00021633023232928747,5.237431676422574e-05,0.12745,0.0
player_7a5f93c6083f,James Mcatee,2021-2022,Midfielder,10,3.17798,0.000216289185163647,0.0018035605259486586,0.15947,0.0
player_788f4739bfcb,Franco Russo,2021-2022,Defender,10,3.1732,0.00021617785683684354,0.0017021954106700142,0.13243,0.0
player_ac9bc9a44ed0,Enes Ünal,2021-2022,Forward,9,3.74286,0.00021617012380744394,0.0002571038131427062,0.15138,0.0
player_434e8dde9f52,Fede San Emeterio,2021-2022,Midfielder,8,3.65441,0.00021613482909926438,0.00010248921293872033,0.15353,0.0
player_b4a814e1e33b,David Raum,2021-2022,Midfielder,9,3.84503,0.00021611170902085484,0.00027408247013167245,0.14213,0.0
player_8a02eff9448c,Ibrahim Amadou,2021-2022,Midfielder,9,2.97362,0.00021607125332006647,0.01018553697524458,0.15964,0.0
player_f111b551b972,Serge Gnabry,2020-2021,Midfielder,9,3.68279,0.00021606614639826713,0.0006128227805753393,0.14474,0.0
player_4b0326316d8e,Edoardo Bove,2021-2022,Midfielder,9,2.50166,0.00021603937313265318,0.00013793622845823048,0.1563,0.0
player_7a260dd7805a,Lukas Klostermann,2021-2022,Defender,9,3.9415,0.00021603905893257926,0.0008658538854020455,0.13374,0.0
player_620423bfb243,Abdou Harroui,2021-2022,Midfielder,9,3.65387,0.00021600299908051826,0.00056636631862996,0.1516,0.0
player_6644a0fa8ebb,Gabriel Silva,2021-2022,Defender,8,3.40602,0.00021596697896337778,7.697424244325663e-05,0.13049,0.0
player_6b265a603d65,Mats Hummels,2020-2021,Defender,8,3.78928,0.000215953068576702,2.0434412887205496e-05,0.12502,0.0
player_478dc0e94eb8,Henrikh Mkhitaryan,2023-2024,Midfielder,9,3.93552,0.00021593531616736282,3.051777623233577e-05,0.14466,0.0
player_6210d6b62356,Juraj Kucka,2021-2022,Midfielder,9,3.14664,0.00021592505305212246,0.0003537640967586328,0.1242,0.0
player_b0c7cfa20776,Dominic Thompson,2021-2022,Midfielder,10,3.11334,0.0002159198988536384,0.003731235928704017,0.15625,0.0
player_fa83f49c2738,Davide Calabria,2022-2023,Defender,9,3.46291,0.0002158980988994645,0.001642675765425474,0.15641,0.0
player_448602e28abe,Jan Thielmann,2021-2022,Midfielder,10,3.58529,0.00021585990647603076,0.00048686621676299804,0.15752,0.0
player_88009c21e878,Mohamed Salah,2021-2022,Forward,8,3.86395,0.00021584747600994665,3.6708184598774616e-05,0.12718,0.0
player_e1e39a91ba38,Suk Hyun-jun,2021-2022,Forward,9,2.95373,0.00021573547346080707,0.0001104242428346977,0.15064,0.0
player_f070f8e348b8,Kingsley Coman,2017-2018,Midfielder,9,3.80732,0.00021569157266883586,0.0005413482729610594,0.14606,0.0
player_81f1c4dd21c7,Myziane Maolida,2021-2022,Forward,9,3.53443,0.00021567837665581924,0.0012352219500571951,0.15587,0.0
player_25384c6053ca,Ander Barrenetxea,2023-2024,Midfielder,9,4.27487,0.00021562068028295505,0.00019079037975382833,0.14102,0.0
player_40b0db9ca837,Xherdan Shaqiri,2021-2022,Midfielder,9,3.72499,0.00021555800787886623,0.001727051907361437,0.14564,0.0
player_bb9b6332e8c7,Nick Pope,2021-2022,Goalkeeper,9,4.40971,0.00021555744990754471,0.00012809630294032199,0.12861,0.020126
player_8acb948f222b,Piotr Zielinski,2019-2020,Midfielder,8,3.7262,0.00021552720866682915,3.9811239046587526e-05,0.1338,0.0
player_523e28bc1683,Diego Perotti,2018-2019,Midfielder,9,2.90473,0.00021550861347466554,0.004658975322441359,0.16407,0.0
player_a21d85a2df18,Axel Witsel,2019-2020,Midfielder,9,3.96811,0.0002155047553115793,0.00040893083263949045,0.14127,0.0
player_9a9cb8c63f95,Christian Pulisic,2021-2022,Midfielder,9,3.8025,0.00021547488248154807,0.0006807916288632247,0.14978,0.0
player_6034d315661b,Jeffrey Schlupp,2021-2022,Midfielder,9,3.70256,0.00021542055064350846,0.0004534147341764126,0.14261,0.0
player_d013c0797b8e,Salvi,2021-2022,Midfielder,8,3.11784,0.0002152953965647016,0.00018851717865890847,0.11799,0.0
player_78fba18a9a1d,Landry Dimata,2021-2022,Forward,8,2.87905,0.00021524615489797232,0.0016095453546384633,0.15377,0.0
player_d8dbed86e211,Joshua Kimmich,2017-2018,Midfielder,9,3.99333,0.00021522991290311844,0.0002674214743878009,0.14164,0.0
player_a055d3e58c07,Robert Lewandowski,2020-2021,Forward,8,3.6765,0.00021521115999026942,0.00012796838621890834,0.13061,0.0
player_db426f4d8d51,Pawe? Dawidowicz,2021-2022,Defender,8,3.8295,0.00021520050668142235,0.0002295660837444038,0.13462,0.0
player_7fdf00d7bb59,Valerio Verre,2021-2022,Midfielder,9,3.45213,0.00021516083801634254,0.00020444393968272774,0.12337,0.0
player_7a260dd7805a,Lukas Klostermann,2023-2024,Defender,9,3.92923,0.00021512730207763576,0.000496739387876639,0.13925,0.0
player_da0f06da9373,Son Heung-Min,2021-2022,Midfielder,10,3.6832,0.0002150756541561737,0.0004364006427769417,0.14428,0.0
player_e7d23867dd7c,Dani Alves,2021-2022,Defender,10,3.18222,0.00021504028000101023,0.0003625382581775345,0.12491,0.0
player_e3fdd5cfde76,Ramy Bensebaini,2024-2025,Defender,9,3.47445,0.00021503538390411315,0.0068955403481505174,0.15699,0.0
player_320b3a59a649,Marquinhos,2017-2018,Defender,9,3.74285,0.0002149386179370764,0.0006887352702753514,0.13747,0.0
player_087cd86fedac,Ben Foster,2021-2022,Goalkeeper,9,4.70461,0.00021486357006562492,3.458470926882051e-06,0.10783,0.000133
player_c71870dca5b8,David Ospina,2019-2020,Goalkeeper,8,4.54886,0.00021482727355850978,9.066193541250951e-05,0.10329,0.002942
player_ae80b6d5eb18,Johan Gastien,2021-2022,Midfielder,9,3.25883,0.00021480904690282702,4.733000374902043e-05,0.11274,0.0
player_f243fda560da,Simon Kjær,2021-2022,Defender,9,3.75301,0.00021480182588992256,0.0013603914346477176,0.14293,0.0
player_ab31b939d596,William Saliba,2021-2022,Defender,8,3.91741,0.00021477802656652523,9.008983840967866e-05,0.12208,0.0
player_db35dcac7767,Emmanuel Gyasi,2021-2022,Midfielder,8,3.81918,0.00021475103975088943,6.233604967683964e-05,0.13993,0.0
player_207e1b5caf22,Antonio Rüdiger,2022-2023,Defender,8,3.92632,0.0002147126584167821,0.00013579650143376927,0.12203,0.0
player_c56a2b144539,Youssef Maleh,2021-2022,Midfielder,9,3.74605,0.00021471072379102997,0.0005642667637100435,0.15556,0.0
player_b423b7602f76,Jason Mbock,2021-2022,Forward,9,2.37707,0.00021470862135943288,0.02020026009434601,0.18281,2.2e-05
player_62d062d5d206,Luke Shaw,2018-2019,Defender,9,3.51244,0.00021467262480930212,0.0007556628768713415,0.14651,0.0
player_ac7a0857b92d,Amine Adli,2021-2022,Midfielder,9,3.64483,0.0002146322285044164,0.00036351170308014804,0.14634,0.0
player_3fca88662462,Fernandinho,2020-2021,Midfielder,9,3.75928,0.00021460909581666194,0.0014090417446856857,0.16241,0.0
player_1251800269ab,Abdourahmane Barry,2021-2022,Defender,9,3.23333,0.00021459649642210782,0.0007281074752943771,0.15969,0.0
player_1da559d90641,Dybala,2017-2018,Forward,10,3.05505,0.000214586222979706,0.0016087604286610046,0.15406,0.0
player_a4580b68b690,Nabil Bentaleb,2021-2022,Midfielder,8,3.29348,0.00021457291701664852,0.0002918018272579911,0.14653,0.0
player_552b20a78b8e,Luis Muriel,2020-2021,Forward,9,3.40024,0.00021450750066069472,0.00042366794575730924,0.14094,0.0
player_d09a12d0b417,Seko Fofana,2021-2022,Midfielder,8,3.43442,0.00021423093287811456,4.488645783227509e-05,0.12747,0.0
player_df86b70da7cf,Presnel Kimpembe,2021-2022,Defender,9,3.84564,0.0002141457960659954,0.0011415992377805028,0.13463,0.0
player_6db9da53b263,Flavio Junior Bianchi,2021-2022,Forward,9,3.38971,0.00021413079647536438,0.00057162257708232,0.14597,0.0
player_8ca14d441d71,Yanis Guermouche,2021-2022,Midfielder,9,2.57458,0.00021412226519358621,0.0010526627782432814,0.1663,0.0
player_ad387e1e0d22,Víctor Ruiz,2022-2023,Defender,8,3.87872,0.00021410140886721706,0.00012223136809095834,0.13523,0.0
player_4e6f75bf65d7,Casimir Ninga,2021-2022,Forward,8,3.06957,0.0002140613003855619,0.0016255142655504208,0.15873,0.0
player_de6de787509c,Léo Jardim,2021-2022,Goalkeeper,10,4.58279,0.00021403519425952668,0.00026021291589206494,0.11351,0.04062
player_4ba8b9d70ba3,Ousmane Dembélé,2023-2024,Forward,9,3.31278,0.00021401387578169642,5.088774693095482e-05,0.13886,0.0
player_d5617f54954e,Raúl Asencio,2024-2025,Defender,9,4.14078,0.00021396541138573788,0.0007777690596179149,0.14097,0.0
player_b58e604ffd98,Tom Rothe,2021-2022,Midfielder,10,2.28717,0.00021395083013708906,0.008576472548564421,0.1764,0.0
player_5075cd2c19d5,Juan Pérez,2021-2022,Goalkeeper,9,4.2014,0.00021394508631765387,0.0007820286983738534,0.1287,0.004658
player_845b4f4505c0,Tyler Adams,2020-2021,Midfielder,9,3.63027,0.00021391263353977687,0.0008014302913884412,0.14678,0.0
player_b8c068b9a6d3,Kevin Danso,2021-2022,Defender,9,2.93694,0.0002138496986608475,0.000227359881961952,0.12077,0.0
player_5f35c81bd9a1,M'Bala Nzola,2021-2022,Forward,9,3.54146,0.00021377997488162753,0.0003836043974081866,0.14788,0.0
player_2908e3d1a4ce,Lennard Maloney,2021-2022,Defender,8,3.12295,0.0002137319617797422,0.0002165591036798312,0.13765,0.0
player_8bf2118b08ef,Yann Sommer,2021-2022,Goalkeeper,8,4.80994,0.00021368702317082081,5.612360772559985e-06,0.09514,8.8e-05
player_f03e642223fb,Danilo D'Ambrosio,2021-2022,Defender,9,4.02632,0.00021356294187271764,0.000609464936605627,0.14025,0.0
player_b3e578206caa,Stefan Ortega,2023-2024,Goalkeeper,9,4.32354,0.00021353714041109134,0.000225538537277652,0.11357,0.01545
player_c4c77ffd6b3b,Alex Ferrari,2021-2022,Defender,9,3.27345,0.00021352513587199936,0.0025748403406225884,0.15122,0.0
player_caa65f1058f6,Samuele Ricci,2021-2022,Midfielder,9,3.25699,0.00021351359252648675,0.0007594450766285704,0.12417,0.0
player_a7a34c419974,Héctor Herrera,2019-2020,Midfielder,8,3.57677,0.00021350261112220012,0.00025840130987191915,0.14016,0.0
player_4503113063a1,Luca Netz,2021-2022,Defender,9,3.43487,0.00021350100772351974,0.005010155286967237,0.15201,0.0
player_22f8e016e84e,Marcos Mauro López Gutiérrez,2021-2022,Defender,11,3.02763,0.0002134725939900854,0.0024867885008943214,0.16067,0.0
player_bc3aa628cfb4,Djibril Sidibé,2021-2022,Defender,8,3.47861,0.0002133952976614429,3.2677319363975246e-05,0.13362,0.0
player_be92079a926b,Saúl Ñíguez,2020-2021,Midfielder,9,3.91037,0.00021335509406474344,0.0003616655020349073,0.15209,0.0
player_a61032d3b73e,Dan-Axel Zagadou,2021-2022,Defender,8,4.00583,0.00021334163768006723,1.3114626214665336e-05,0.1294,0.0
player_9fea623a8193,Thilo Kehrer,2024-2025,Defender,9,3.51428,0.00021319514189271913,8.6009097857094e-05,0.13268,0.0
player_6238df79b861,Florian Wirtz,2024-2025,Midfielder,9,3.92459,0.00021317373548519807,9.471979191958603e-05,0.13234,0.0
player_cd5596222d85,Julien Faussurier,2021-2022,Defender,8,3.32207,0.00021315716243721687,0.0003954873154992526,0.15063,0.0
player_8623f4fd9541,Christopher Lenz,2022-2023,Midfielder,9,3.80655,0.0002131350208190917,0.0011104435551941767,0.15062,0.0
player_2e247e2eb505,Rodrigo,2019-2020,Forward,8,2.89588,0.00021313089384924797,0.0005568796545627372,0.11777,0.0
player_069ec455f71d,Kieran Tierney,2024-2025,Defender,10,3.12246,0.00021311372626533944,0.00994387290814021,0.16337,0.0
player_86e4bc4e8f27,Maxence Lacroix,2021-2022,Defender,8,3.02089,0.00021308325386116116,0.0003491352129966829,0.12641,0.0
player_ac6060a318e0,Rúben Dias,2023-2024,Defender,8,3.59218,0.0002130796634837834,7.357290558729196e-05,0.12669,0.0
player_d1948c8629ee,Gonzalo Castro,2021-2022,Midfielder,9,3.84085,0.00021305344148275137,0.0008093033023768029,0.15236,0.0
player_e07b0f3efada,Ibrahim Diakité,2021-2022,Defender,8,3.0288,0.00021304846118514644,0.001221196932851402,0.1455,2e-06
player_b49993deb563,Declan Rice,2021-2022,Midfielder,8,4.05552,0.00021296183369650399,3.817548543684843e-05,0.13448,0.0
player_c9218806d39b,Diego Carlos,2020-2021,Defender,10,3.28338,0.00021292890103040627,0.0007279738573318551,0.12531,0.0
player_c4ec24037617,Jeffrey Bruma,2018-2019,Defender,9,3.87763,0.00021291879178692185,0.00015449510270391361,0.15047,0.0
player_6866413cfc92,Danylo Ihnatenko,2021-2022,Midfielder,9,2.9087,0.00021265766965082025,0.0023473795928173453,0.14753,0.0
player_d8c5a555e13b,David Alaba,2019-2020,Defender,8,3.84915,0.00021257803402620196,0.0005495399404243186,0.12705,0.0
player_62aaf8724952,Jonathan David,2021-2022,Forward,9,3.35437,0.00021252641816607072,0.0011519771751111769,0.13047,0.0
player_50725125acca,Marc-André ter Stegen,2023-2024,Goalkeeper,8,5.27161,0.00021242259895436688,4.859902308923299e-08,0.09532,0.000167
player_7fad0ecb9388,Tom Cleverley,2021-2022,Midfielder,9,3.49824,0.0002124168124791999,0.0007121696241650223,0.15178,0.0
player_6d7c33f5d005,Matthijs de Ligt,2022-2023,Defender,9,3.94774,0.00021236953931586848,0.0003517931823198915,0.13796,0.0
player_eaeb293a1420,Corentin Tolisso,2021-2022,Midfielder,8,3.52457,0.0002123689026880629,0.00016760903688015896,0.13761,0.0
player_5d0d22b2dadc,Fran Beltrán,2021-2022,Midfielder,8,3.87004,0.00021232651510065995,9.463987868707412e-05,0.1327,0.0
player_c58128c7773c,Kevin De Bruyne,2020-2021,Midfielder,8,3.91334,0.0002123053511837081,5.494524977113329e-05,0.13289,0.0
player_9764fa470b05,Raúl Jiménez,2021-2022,Forward,8,2.62864,0.00021217805948454905,0.0027081848245292008,0.12884,0.0
player_d2d2ac623662,Filippo Delli Carri,2021-2022,Defender,9,3.54985,0.00021196816375280975,0.0024586074273828537,0.16121,7e-06
player_d70a861bd6b9,Adam Lallana,2017-2018,Midfielder,9,3.4088,0.00021190919116356502,0.0004161147331758313,0.15115,0.0
player_b4a814e1e33b,David Raum,2023-2024,Midfielder,9,3.74825,0.0002118656338992479,0.0001921001266436423,0.14393,0.0
player_4fa1339af498,Jens Stryger Larsen,2021-2022,Midfielder,10,3.31107,0.00021185100124237986,0.010762236422592041,0.16018,0.0
player_d074abee36e0,David de Gea,2018-2019,Goalkeeper,8,4.7112,0.00021184977281603665,0.0001542389562718626,0.10587,0.027007
player_cd428d977792,Ademola Lookman,2021-2022,Midfielder,9,3.34115,0.0002118051559376724,0.0021922426645557846,0.15359,0.0
player_dd5735717a3e,Casemiro,2020-2021,Midfielder,8,3.15235,0.0002117925981563801,0.0004199738740267647,0.12565,0.0
player_ef82433c9c42,Marco Sportiello,2021-2022,Goalkeeper,9,4.23203,0.0002117646024858078,0.006166469396930322,0.13606,0.00291
player_e7d7b48c9bb1,Matthieu Udol,2021-2022,Defender,9,3.57675,0.00021175935431842446,0.0006278708306112898,0.14109,0.0
player_4baa41dac560,Alexandre Letellier,2021-2022,Goalkeeper,9,3.5266,0.00021173737483313278,0.0012045726639718986,0.13775,9e-06
player_7c96f3c3c1b1,Weston McKennie,2020-2021,Midfielder,9,3.55544,0.00021171805223547968,0.0007417998548908939,0.14806,0.0
player_0c795e5b8536,Mario Gila,2021-2022,Defender,9,3.25414,0.00021170282923078481,5.968227877021849e-05,0.13101,0.0
player_ed9d85c22f85,Jasper Cillessen,2021-2022,Goalkeeper,8,4.56038,0.00021165290894801866,0.00020169065981357598,0.10231,5.5e-05
player_463dc7d81a7d,Mouctar Diakhaby,2019-2020,Defender,9,2.89543,0.00021161182722930101,0.001633008536600021,0.15609,0.0
player_e9269e88d0aa,Stanislav Lobotka,2021-2022,Midfielder,9,2.96868,0.0002116080421645684,0.0007832860090531119,0.15116,0.0
player_ba15a4a629c6,Sergio Asenjo,2021-2022,Goalkeeper,9,4.38196,0.00021157872968724498,0.0062690235451005796,0.13655,0.003914
player_8a05eb0ec64c,Pierrick Capelle,2021-2022,Midfielder,9,3.39402,0.00021157189111467066,0.002583877874457124,0.15326,0.0
player_bd91949d7028,Juanmi,2021-2022,Forward,8,3.46578,0.00021154280723094165,0.00017655797530601088,0.14201,0.0
player_86341d59d959,Nassim Chadli,2021-2022,Midfielder,9,3.00544,0.0002115008541087317,0.006033720517883935,0.16315,0.0
player_2c8c516eece6,Marco Meyerhöfer,2021-2022,Defender,9,4.0296,0.00021136305233578786,0.0004015549902121255,0.13216,0.0
player_c55c6c2168ad,Alexis Flips,2021-2022,Midfielder,9,3.52829,0.0002113350753238985,0.00024339495719517335,0.14773,0.0
player_f7f2ede88ebc,Fabian Klos,2021-2022,Forward,8,2.52888,0.00021129126426894154,4.036757173205191e-05,0.11494,0.0
player_5fa0742d54e6,Tino Kadewere,2021-2022,Forward,9,2.58626,0.00021128993331391224,0.0005315386494274787,0.11969,0.0
player_04847a03f721,Thomas Partey,2019-2020,Midfielder,8,3.6806,0.00021128265242298933,7.72362076656776e-05,0.1383,0.0
player_0204d33806d5,John Brooks,2021-2022,Defender,9,3.67948,0.0002112351771752462,0.001320994987610158,0.13327,0.0
player_a5d35d9c1d3e,Sèrge Aurier,2017-2018,Defender,9,3.01945,0.00021119032841344137,0.00018289273360413437,0.12036,0.0
player_1e71f2594b69,Borja Mayoral,2021-2022,Forward,9,3.22787,0.00021116168522370392,0.0009566292195104443,0.15496,0.0
player_fcbc27a1f55b,Ronald Araújo,2024-2025,Defender,9,3.40872,0.00021113265849780446,0.0005478269913700407,0.1543,0.0
player_593d7064f84d,Brayann Pereira,2021-2022,Defender,9,3.26247,0.00021112947124926254,4.136108059764126e-06,0.1297,0.0
player_4fb27e749550,Manolo Gabbiadini,2021-2022,Forward,9,3.6616,0.00021101478348011117,0.00011691330348332317,0.13014,0.0
player_243cf0b0b566,Gedson Fernandes,2019-2020,Midfielder,9,2.76153,0.00021101402964255727,0.00597115403377484,0.154,0.0
player_a6beca7f1981,Joaquín,2021-2022,Midfielder,9,3.43865,0.0002109967741508922,0.001411875052873658,0.14957,0.0
player_1ddb565c7065,Béni Makouana,2021-2022,Forward,9,2.68069,0.00021097903887976307,0.004122507906783459,0.16519,0.0
player_ec5ca2f84145,Jason Denayer,2021-2022,Defender,9,2.9407,0.00021097585057257807,0.00041097844265810266,0.14866,0.0
player_3994512a118d,Joris Chotard,2021-2022,Midfielder,8,3.85821,0.00021096409713096273,0.000382065605502395,0.14027,0.0
player_d98e816ed54c,Andy Delort,2021-2022,Forward,9,3.61128,0.00021093986070945108,6.06439698927231e-05,0.1301,0.0
player_f14832209c8e,Edson Álvarez,2023-2024,Midfielder,9,3.73108,0.0002109084922912997,0.0001759651349459982,0.14872,0.0
player_40d69f63ca05,João Félix,2019-2020,Forward,8,3.29258,0.0002109021650024943,0.00011296344086572096,0.13778,0.0
player_5ff9408cfc34,Georginio Wijnaldum,2019-2020,Midfielder,8,3.33038,0.0002108838840204611,6.507031300686259e-05,0.1277,0.0
player_d5f3e3f0308c,César Azpilicueta,2023-2024,Defender,8,2.88292,0.0002108637950475298,0.000147817722592414,0.14608,0.0
player_373ec0a67044,Julian Draxler,2021-2022,Midfielder,9,3.39508,0.00021076850645107185,0.0009022428248254335,0.1489,0.0
player_3edb83bfeec0,Daniel Ginczek,2021-2022,Forward,9,2.47785,0.00021071587877404669,0.0010745125260426367,0.16101,0.0
player_d5a5ae3a791c,Jeremie Frimpong,2021-2022,Midfielder,9,3.96218,0.0002107004475412986,7.762961607898367e-05,0.14401,0.0
player_d56489e7bc8d,Michael Olise,2021-2022,Midfielder,8,3.59568,0.0002105374737048017,1.0908572008523634e-05,0.14272,0.0
player_62bc04aefa94,Rick Karsdorp,2018-2019,Midfielder,9,3.49695,0.00021045078634396243,0.0020101174093965068,0.15468,0.0
player_c4bf972b70eb,Mathias Pereira Lage,2021-2022,Midfielder,9,3.90294,0.00021044544034882576,0.0004565277022842225,0.14705,0.0
player_cadfaf8edf81,Santiago Arzamendia,2021-2022,Midfielder,9,3.42524,0.0002104214244833243,0.005615245210603918,0.16618,0.0
player_2a7a67917f74,Sergio Busquets,2020-2021,Midfielder,9,3.70078,0.0002103955566225065,0.00039482144556708546,0.15464,0.0
player_d2cfe169e083,Nicolò Barella,2021-2022,Midfielder,9,3.92043,0.00021038670845494197,0.0003682513224021102,0.14221,0.0
player_34d3fb7c5759,Federico Fazio,2018-2019,Defender,8,3.60112,0.00021029233815645217,0.00018060821398805098,0.13362,0.0
player_b66de917155d,Pontus Jansson,2021-2022,Defender,8,3.68097,0.00021024048833049097,0.00020618233387142526,0.12838,0.0
player_8f11d2da2382,Nathan Aké,2023-2024,Defender,9,3.82065,0.00021023196192209424,0.0002167179945611182,0.12871,0.0
player_97f076f58877,Davide Frattesi,2024-2025,Midfielder,9,3.59002,0.0002102202258674789,0.00018766398695882383,0.14677,0.0
player_8c1aa3c5c6a6,Barbero,2021-2022,Forward,10,2.29759,0.00021020589974362654,0.002564058969016733,0.17293,0.0
player_8a4f22f428c0,Nordi Mukiele,2020-2021,Defender,9,4.0598,0.00021015595657861716,0.00023640184617965257,0.14231,0.0
player_0a56d4c14914,Ciprian Tatarusanu,2021-2022,Goalkeeper,8,4.73013,0.00021014650542110005,0.004941115210451229,0.12237,0.000166
player_07500cf73ba1,Eric Maxim Choupo-Moting,2022-2023,Forward,9,3.2996,0.0002100329875753504,0.000809823724220023,0.13601,0.0
player_a1aa6cd8a22e,Lassana Coulibaly,2021-2022,Midfielder,8,3.39905,0.00020997808488812804,0.00015480022881259232,0.14242,0.0
player_935f9c41357a,Lucas Vázquez,2017-2018,Defender,9,3.19863,0.00020990614783988724,0.0008364768196823942,0.14958,0.0
player_08a1e6a69c66,Konrad Laimer,2024-2025,Midfielder,8,3.67963,0.0002098820395021786,0.0006951378078010188,0.15312,0.0
player_7d6543d7862a,Carlo,2021-2022,Midfielder,9,3.42545,0.0002098238977931851,0.0026099529087328915,0.13605,0.0
player_3c3c583c0806,Alexander Meyer,2022-2023,Goalkeeper,9,4.34678,0.00020964438440743388,0.00030912296583376474,0.10989,0.003823
player_3f54adc4a941,Lazar Samardzic,2021-2022,Midfielder,9,3.72489,0.00020946824119691778,0.0002540679272411769,0.14285,0.0
player_5613c2c50d44,Nicolas Nkoulou,2021-2022,Defender,8,3.33125,0.00020936176846199817,0.00391378206583715,0.15305,0.0
player_e8ace7d38552,Cesc Fàbregas,2017-2018,Midfielder,9,3.08521,0.00020930769614005784,0.00016124200732621597,0.11917,0.0
player_6fcd35e0aec6,Niklas Dorsch,2021-2022,Midfielder,9,3.81998,0.00020929797843888143,0.0016993716740584647,0.14836,0.0
player_6c2e0ed4ec8c,Daichi Kamada,2021-2022,Midfielder,9,3.94296,0.00020915374654163627,0.0007491745508951238,0.14267,0.0
player_94c4eae92933,Kristoffer Ajer,2021-2022,Defender,9,3.47604,0.00020909257689812004,0.001147233676615277,0.14422,0.0
player_cf1e35823699,Rey Manaj,2021-2022,Forward,9,3.46015,0.00020903074018245086,0.0004787943704633095,0.14963,0.0
player_509ec8aef474,Álvaro Aguirre,2021-2022,Forward,8,2.85672,0.00020901304361603578,0.00039295200799840366,0.1378,0.0
player_d8dbed86e211,Joshua Kimmich,2019-2020,Midfielder,8,4.02176,0.00020899844912512685,8.049230534755064e-05,0.14402,0.0
player_91639cd9228b,José Mari,2021-2022,Midfielder,9,2.96255,0.00020897462539194226,0.001172688451918725,0.12493,0.0
player_bd531d220d52,Matija Nastasic,2021-2022,Defender,8,2.78734,0.00020895586820673847,0.00029955348056423775,0.15078,0.0
player_220d8e1ddbe5,Ángel Di María,2018-2019,Forward,9,3.34446,0.00020886056705880129,0.00029483688426711204,0.14352,0.0
player_7c4a7f5213fe,Antonio Candreva,2021-2022,Midfielder,9,3.36008,0.0002088225915708007,4.099825174414355e-05,0.13075,0.0
player_79eaf55de9ab,Conor Gallagher,2024-2025,Midfielder,9,3.74242,0.00020879287635743079,0.0002736493643385431,0.14127,0.0
player_40d69f63ca05,João Félix,2024-2025,Forward,8,3.28155,0.00020872512145158085,0.00015359512989641732,0.14175,0.0
player_e193f8d44bae,Marouane Fellaini,2017-2018,Midfielder,10,2.76412,0.00020869433515984093,0.0025033296035842966,0.16366,0.0
player_d56489e7bc8d,Michael Olise,2024-2025,Midfielder,8,3.51693,0.000208643685471259,2.8048406487174957e-05,0.13473,0.0
player_2e817d22fc63,Stefan Lainer,2020-2021,Defender,9,4.13888,0.0002086217288398167,0.0008595601026553057,0.14016,0.0
player_46f10afcba81,Tariqe Fosu,2021-2022,Forward,9,2.10821,0.00020860278561195473,5.2826232075225884e-05,0.14405,0.0
player_1a2a618811c3,Pape Matar Sarr,2022-2023,Midfielder,9,2.76951,0.00020858398532770246,0.0030217575574309485,0.17169,0.0
player_5bfe40b0828c,Kostas Manolas,2017-2018,Defender,8,3.60346,0.00020853819171449001,0.0003884081370186747,0.13395,0.0
player_62bc04aefa94,Rick Karsdorp,2021-2022,Midfielder,8,3.44064,0.00020849578535197025,3.846783594331421e-05,0.11879,0.0
player_d5f3e3f0308c,César Azpilicueta,2017-2018,Defender,8,3.46989,0.00020845430977615135,8.251748437356129e-05,0.13526,0.0
player_c9218806d39b,Diego Carlos,2021-2022,Defender,9,3.2873,0.0002083531847772245,0.0006548271620900668,0.11761,0.0
player_9a9cb8c63f95,Christian Pulisic,2020-2021,Midfielder,8,3.70981,0.00020832568741462068,5.538118581717939e-05,0.14332,0.0
player_9d49c2b8a62f,Chris Smalling,2021-2022,Defender,8,3.23148,0.00020828407233118343,0.0012676477493463179,0.14033,0.0
player_0841e723560b,Rafinha,2018-2019,Midfielder,9,3.63333,0.00020819092824527575,0.0010432807835374202,0.15021,0.0
player_38c94a46b58e,Sergio Escudero,2021-2022,Defender,9,4.10541,0.00020816564700190557,0.00023265282418519692,0.13732,0.0
player_ffbd19ffd6d9,Cheikhou Kouyaté,2021-2022,Midfielder,8,3.34224,0.0002081579138239729,0.0004429108917947372,0.14381,0.0
player_c392fa2cf399,Pierluigi Gollini,2019-2020,Goalkeeper,8,4.55431,0.00020814669176241288,0.0008102101737127622,0.11953,0.000122
player_8c88622a9a5d,Cristiano Ronaldo,2019-2020,Forward,8,3.36103,0.00020812853939446808,0.00020823187625237797,0.12937,0.0
player_cad266bfec61,Mohamed Fares,2020-2021,Midfielder,8,3.59042,0.0002080583733549246,0.0011464386999191889,0.15593,0.0
player_e21de004eb45,Sami Khedira,2017-2018,Midfielder,8,3.34637,0.00020799037033409154,0.0005534699731986899,0.14541,0.0
player_6b4707ef363c,Mário Rui,2021-2022,Defender,9,3.85378,0.00020797487882990412,0.0003886549848044513,0.14099,0.0
player_a21d85a2df18,Axel Witsel,2023-2024,Midfielder,8,3.09347,0.00020794727699026083,0.00013695886763638547,0.14588,0.0
player_5fbb6d3d9e11,Eric Bailly,2018-2019,Defender,9,3.08103,0.0002079430268729111,0.000797970296740069,0.1289,0.0
player_5fd8ea7c4958,Denis Zakaria,2021-2022,Midfielder,10,3.81323,0.00020791881821734457,0.00035271043745953827,0.14219,0.0
player_947c31e8ecbb,Benjamin Henrichs,2023-2024,Defender,8,3.38443,0.00020790968859003484,0.00036338234567414055,0.13303,0.0
player_1b429f0a7906,Lorenz Assignon,2021-2022,Defender,9,2.99187,0.00020788042468148838,0.012137908832436201,0.16172,0.0
player_fa3d649a8a54,Steven Bergwijn,2021-2022,Midfielder,9,3.5906,0.00020783058628738127,0.0010604993129536295,0.15247,0.0
player_57d4487240e9,Pau López,2021-2022,Goalkeeper,9,4.36979,0.000207684225521873,0.00840795656058207,0.13361,0.014426
player_353f1e4b5f8d,Olivier Giroud,2017-2018,Forward,9,3.47142,0.00020755666855296352,0.00047931571390537277,0.14119,0.0
player_8f11d2da2382,Nathan Aké,2022-2023,Defender,8,3.79754,0.0002075548850573111,5.422559072224166e-05,0.12828,0.0
player_a90ffd794f93,Matías Vecino,2023-2024,Midfielder,9,3.46759,0.00020754447563304073,0.0016651123518552425,0.15854,0.0
player_d0cd2faf9d1d,Reinildo Mandava,2021-2022,Defender,9,4.08624,0.00020751261001434847,0.000196973069115577,0.13823,0.0
player_64420d2699bd,Mamadou Sylla,2021-2022,Forward,9,3.16107,0.0002074287769567201,0.0003194520327247352,0.15894,0.0
player_223a9432b6ba,Marcos Llorente,2023-2024,Midfielder,9,3.69754,0.00020722956152065852,0.000673892012988557,0.15298,0.0
player_03f735c1dd25,Takefusa Kubo,2021-2022,Midfielder,8,3.78372,0.00020720161235549163,6.783525115640926e-05,0.13706,0.0
player_5ef16e17864d,Ilkay Gündogan,2024-2025,Midfielder,8,3.68439,0.00020713583412113759,6.237384410503464e-05,0.13158,0.0
player_e74ce1bc2d80,Nélson Semedo,2017-2018,Defender,8,3.27317,0.00020713241891374387,0.0014887312573244938,0.14443,0.0
player_2b3263367580,Giovanni Simeone,2021-2022,Forward,8,3.6079,0.00020708383624812107,4.2852212358959555e-05,0.14533,0.0
player_50725125acca,Marc-André ter Stegen,2019-2020,Goalkeeper,8,4.44515,0.00020701119743713977,5.576697001451777e-05,0.10239,5.4e-05
player_3e9c82e39e20,Patrik Schick,2024-2025,Forward,9,3.19342,0.00020699347187630245,0.0008377978443379623,0.13842,0.0
player_9f0a7fffa21f,Ramzi Aya,2021-2022,Defender,9,3.35204,0.0002069866167602028,0.001276155279177511,0.15939,0.0
player_ee9bfbc4b141,Lucas Leiva,2021-2022,Midfielder,8,3.28398,0.00020697502538597162,0.0005896273340845307,0.14127,0.0
player_70ff09f4af1b,Marcus Ingvartsen,2021-2022,Midfielder,9,3.18846,0.00020696285873332806,0.0004521808342735926,0.15806,0.0
player_9e6656d4d226,Xeka,2021-2022,Midfielder,8,3.41879,0.00020687203945985607,0.0002092666868442475,0.14702,0.0
player_ea3c7f9e632a,Fabian Delph,2017-2018,Midfielder,8,3.51444,0.0002068547458240784,0.0002820888298162907,0.13721,0.0
player_7ece4eeabcb9,Kevin Schade,2021-2022,Midfielder,10,3.45037,0.00020677729162754525,0.0008501975620461356,0.15927,0.0
player_27620d661e2a,Jesús Navas,2020-2021,Defender,8,3.57037,0.0002067747778062349,0.00011475269481529447,0.14028,0.0
player_096f83851b57,Magnus Warming,2021-2022,Forward,9,2.60355,0.00020676947648090742,0.004838296581953297,0.17284,0.0
player_d8dbed86e211,Joshua Kimmich,2023-2024,Midfielder,9,3.32476,0.00020665444546026914,3.976240186890329e-05,0.12915,0.0
player_8439bd891e39,Etrit Berisha,2021-2022,Goalkeeper,9,4.67251,0.0002064929471745695,0.016429198965469294,0.13437,0.000564
player_fe0841704520,Óscar Rodríguez Arnaiz,2021-2022,Midfielder,8,3.81469,0.00020647163253823802,0.0001736807872354055,0.14081,0.0
player_e6fc2b934f4b,Frenkie de Jong,2023-2024,Midfielder,9,3.02732,0.00020639378039535416,0.004427533047852457,0.15466,0.0
player_ed52ac169a9e,Kylian Mbappé,2019-2020,Forward,8,3.35487,0.00020637476853647898,0.00012360220324512323,0.13157,0.0
player_6886b18a1d94,Alexis Saelemaekers,2021-2022,Midfielder,9,3.73102,0.00020632236265585678,0.002282093724952611,0.15129,0.0
player_446c1871c75c,Lucas Tousart,2018-2019,Midfielder,9,3.18549,0.00020631150032958273,1.4183732200358624e-06,0.10718,0.0
player_883228291393,Samuel Dahl,2024-2025,Defender,10,3.07023,0.0002062861263527962,0.001958550029416783,0.16154,0.0
player_981797ac0d03,Leon Bailey,2024-2025,Midfielder,9,4.03233,0.00020626552729178938,0.00034466185849503446,0.14197,0.0
player_0b9225e2a842,Óscar Melendo,2021-2022,Midfielder,9,3.38335,0.00020620914769534318,0.002605272663429506,0.14834,0.0
player_9d3399366b67,William Carvalho,2021-2022,Midfielder,9,3.67609,0.000206207833797877,0.0018708633915686423,0.14986,0.0
player_59f77db82f67,Dénys Bain,2021-2022,Defender,8,3.37027,0.00020618547480114762,0.00022353172502379394,0.1533,0.0
player_fe93dab7767e,Valentin Mihaila,2021-2022,Forward,9,2.20215,0.00020609710135498224,0.0015707591905496589,0.17486,0.0
player_0440fbdf24c6,Kortney Hause,2021-2022,Defender,9,2.75419,0.0002060858368544419,0.006329099809800358,0.16038,0.0
player_6d413a80d2df,Farid Boulaya,2021-2022,Forward,8,2.71263,0.00020608404939379286,0.00026990050247080655,0.11982,0.0
player_223a9432b6ba,Marcos Llorente,2021-2022,Midfielder,8,3.51458,0.00020607853674458793,0.0006342651915622373,0.14324,0.0
player_4e2f58deb2b8,Maghnes Akliouche,2021-2022,Midfielder,10,2.39249,0.00020603819109171032,0.006403939410944933,0.17779,0.0
player_67ebeea09f7d,Samuel Lino,2023-2024,Midfielder,8,3.75495,0.00020597212210924162,0.00014853989765188514,0.14521,0.0
player_985a0df230b0,Melvin Bard,2021-2022,Defender,8,3.23566,0.00020593752960447852,6.148599840211528e-05,0.14716,0.0
player_2fcc2e3f349a,Sébastien Corchia,2021-2022,Defender,9,2.89523,0.00020590507441237306,0.008551394804628283,0.12919,0.0
player_15ee9f0a5ec3,Koke,2021-2022,Midfielder,9,3.6027,0.00020579739856774412,0.002070268952555153,0.15268,0.0
player_986a6542ac73,Breel Embolo,2018-2019,Forward,8,3.51149,0.00020575387315303526,0.00017642842196245753,0.14821,0.0
player_66b4206761b7,Aaron Cresswell,2021-2022,Defender,8,3.88091,0.00020568144466822033,0.0001642234660708036,0.13673,0.0
player_a9faa4789102,Álvaro Vadillo,2021-2022,Midfielder,9,2.27578,0.00020557641638896347,0.002413312660132842,0.17604,2e-06
player_8d779eefe8fe,Ambroise Oyongo,2021-2022,Midfielder,9,3.31075,0.0002055601377188915,0.0005504858265356156,0.15892,0.0
player_fcbc27a1f55b,Ronald Araújo,2021-2022,Defender,8,3.49725,0.0002055307681839282,0.00020713461423080807,0.14101,0.0
player_8e2cb25cb464,Sven Botman,2021-2022,Defender,8,3.4123,0.00020549571166326462,0.0014398185960097204,0.14295,0.0
player_4cc574b1b977,Clément Lenglet,2021-2022,Defender,9,3.16386,0.00020549250867884331,0.004895822410678737,0.16043,0.0
player_2c4bc4bbc866,Vitinha,2024-2025,Midfielder,8,3.80785,0.0002054846640565836,0.0002633984913621871,0.14138,0.0
player_e5556226a385,Maxime Lopez,2021-2022,Midfielder,8,3.60134,0.00020547588156249146,0.0003316890590996083,0.15136,0.0
player_5ef16e17864d,Ilkay Gündogan,2020-2021,Midfielder,8,3.32132,0.00020546995206500066,5.4485023730877504e-05,0.136,0.0
player_7d065c83f2c4,Warren Zaïre-Emery,2023-2024,Midfielder,8,3.61492,0.0002054685290209359,0.000185051211508048,0.14849,0.0
player_4ba8b9d70ba3,Ousmane Dembélé,2017-2018,Forward,9,3.15919,0.00020539993303525083,0.0011186007703026853,0.15202,0.0
player_6b7b8d10c159,Morten Thorsby,2021-2022,Midfielder,8,3.83067,0.000205385776800796,0.0002538975048296774,0.14684,0.0
player_71e099e35bbc,Cristo,2021-2022,Defender,8,2.19675,0.00020535704086495514,0.0004558067899484273,0.16159,0.0
player_ad653b1ee5ff,Milot Rashica,2021-2022,Forward,9,3.38821,0.00020535431721667387,0.0009206094107344489,0.14874,1e-06
player_4de5bf72c091,Goran Pandev,2021-2022,Forward,9,3.06385,0.00020535238291507758,0.009535416470688732,0.15673,0.0
player_29fe216d2dbb,Samuel Umtiti,2021-2022,Defender,10,3.10275,0.0002052749219437907,0.0030084872007757374,0.17144,0.0
player_405c03e2ba7a,Romelu Lukaku,2018-2019,Forward,9,3.16665,0.00020525258480476194,0.009503227856804772,0.1383,0.0
player_6a9bab2b29e3,José Sá,2021-2022,Goalkeeper,9,4.89875,0.0002052488380118149,0.00012476069630789474,0.11711,0.08227
player_89e880f80a52,Edin Dzeko,2018-2019,Forward,9,3.49373,0.00020520156681988377,0.0010722593147249285,0.13772,0.0
player_dad5840ce445,Dante,2021-2022,Defender,8,2.93855,0.00020517952736481268,0.00037095164610349737,0.12437,0.0
player_d285f6b995d0,Alexander Djiku,2021-2022,Defender,8,3.05599,0.0002051173987581961,9.33468849514129e-05,0.12391,0.0
player_0fccf6b6b9c9,Noah Weißhaupt,2021-2022,Forward,10,3.00689,0.000205046035289979,0.012682519262169832,0.17632,0.0
player_f1b57569ab8f,Raphaël Varane,2018-2019,Defender,8,2.96085,0.00020484203492199135,2.910229111843206e-05,0.11514,0.0
player_bad73fd059ae,Mohamed Simakan,2023-2024,Defender,8,3.86231,0.00020482157275254843,5.963923667552174e-05,0.13501,0.0
player_047ea8c1fef4,Armando Izzo,2021-2022,Defender,9,2.47445,0.00020463984133758324,0.00926860607847958,0.17297,0.0
player_84973003fa3c,Marco Bizot,2021-2022,Goalkeeper,9,5.04956,0.0002046347234299893,0.0001041446857153626,0.11369,0.105382
player_9d387a54625c,Loris Karius,2017-2018,Goalkeeper,8,4.0779,0.00020461191059039928,3.2240256403526316e-05,0.10273,0.002218
player_1ae261e85d69,Ruben Lendinez,2021-2022,Defender,9,2.94465,0.00020455656099967908,0.005248465710787878,0.16457,0.0
player_b5d081cde844,Ilija Nestorovski,2021-2022,Forward,9,2.97229,0.00020450643970996182,0.0013239719975497721,0.15785,0.0
player_7b38e9b90548,Kamory Doumbia,2021-2022,Midfielder,9,2.68705,0.00020450197872888204,0.0013441916012666678,0.16021,0.0
player_b8b9ce9cbe25,Kiko Femenía,2021-2022,Defender,8,3.36538,0.0002044892717120148,0.0004775932879854565,0.14425,0.0
player_879c46e5e0ee,Andriy Lunin,2023-2024,Goalkeeper,9,4.73797,0.00020448920547418443,0.007673933238555785,0.12151,0.000491
player_8d4cb00b0001,Andros Townsend,2021-2022,Midfielder,9,3.46049,0.00020445883864277317,0.000378306297047281,0.14071,0.0
player_57c772d84bc3,Ansu Fati,2021-2022,Forward,9,2.97841,0.00020445880662918605,0.0008999399179206929,0.14944,0.0
player_053afce6ba98,Raheem Sterling,2024-2025,Forward,9,2.71061,0.00020439002724637306,0.006685585656379101,0.16919,0.0
player_8b8018f5dfda,Alex Oxlade-Chamberlain,2021-2022,Midfielder,8,3.35222,0.00020430928167840715,0.003307838886988001,0.14859,0.0
player_09449b36f252,Aleksandr Golovin,2024-2025,Midfielder,8,3.32229,0.00020429381858342642,0.000850728669359595,0.14489,0.0
player_0a8911b92dd7,Christopher Nkunku,2021-2022,Midfielder,9,3.29855,0.00020419061811819287,0.0010280086727229988,0.14476,0.0
player_2109cb1c2405,Rominigue Kouamé,2021-2022,Midfielder,8,4.07322,0.00020415243316256949,4.5767859408977425e-05,0.13648,0.0
player_79b5da3d670b,Anwar El Ghazi,2021-2022,Midfielder,9,3.1779,0.00020412622169048525,0.003767293553430068,0.1668,0.0
player_00654cda97c3,Marcelo Saracchi,2021-2022,Defender,10,2.53109,0.00020406252256498586,0.01596312569227642,0.1836,0.0
player_e6c2b0dea64e,Willian Pacho,2024-2025,Defender,9,3.81574,0.00020406139287714435,0.0028325044944940373,0.13943,0.0
player_2b5f6dd3d9ee,Miguel Gutiérrez,2021-2022,Defender,10,2.96525,0.0002039040682423708,0.020485758349646437,0.17563,0.0
player_aa3ab7f817d7,Maxwel Cornet,2021-2022,Midfielder,8,2.8935,0.00020387124884590268,1.5131130242234938e-05,0.11201,0.0
player_eb339db9cbfb,Kai Havertz,2023-2024,Midfielder,9,3.36667,0.00020377529327018825,0.0009453974779026267,0.15084,0.0
player_320b3a59a649,Marquinhos,2023-2024,Defender,9,3.78303,0.00020376239626499813,0.004589743617474781,0.13998,0.0
player_728fc9342c98,Gabriel Jesus,2020-2021,Forward,8,3.25158,0.0002036430865668998,0.0004380821086079058,0.13378,0.0
player_c2484c611e4f,Junior Firpo,2019-2020,Defender,9,3.03817,0.00020359189366094514,0.005030718211492609,0.16776,0.0
player_71c59375c0ad,Niki Mäenpää,2021-2022,Goalkeeper,9,4.55047,0.00020357148082135402,0.0014614113549930312,0.12734,0.045033
player_179ab06aa1f6,Jürgen Locadia,2021-2022,Forward,9,3.51813,0.00020340256056293295,0.0008737595163655409,0.14564,0.0
player_fb1fb266a7e1,Mikel Vesga,2021-2022,Midfielder,8,2.88079,0.0002033487375354408,0.00017987678024281376,0.11969,0.0
player_4a4283aeb991,Anderson Lima,2021-2022,Midfielder,8,2.75661,0.00020327867527295562,0.0013420325211874128,0.16355,0.0
player_40b0db9ca837,Xherdan Shaqiri,2018-2019,Midfielder,8,3.51485,0.0002032488968776438,0.0005840919770183702,0.14848,0.0
player_d5197c569b55,Lucas Moura,2018-2019,Midfielder,9,3.15829,0.00020323968355140734,0.001547321680822338,0.14961,0.0
player_be92079a926b,Saúl Ñíguez,2019-2020,Midfielder,8,3.54268,0.00020320511948758582,4.041352638883614e-05,0.14026,0.0
player_bd974787ed78,Jordi Alba,2019-2020,Defender,9,3.19089,0.00020318324408800237,0.0009934294400083862,0.1571,0.0
player_dd5735717a3e,Casemiro,2021-2022,Midfielder,8,3.67851,0.00020312626286643986,0.0007996573738206522,0.14002,0.0
player_7f301267a1b9,Timo Werner,2019-2020,Forward,9,3.42028,0.00020285337709469205,0.00019743649547909322,0.12937,0.0
player_5823d8fe989d,Pablo Hernández,2020-2021,Midfielder,9,3.15994,0.00020278932261603663,0.0009532785405896688,0.15343,0.0
player_813ffd06e403,Dayot Upamecano,2020-2021,Defender,8,4.07815,0.00020259519434432492,0.00032020848724560524,0.13946,0.0
player_73aa9edc62f8,Angeliño,2021-2022,Midfielder,9,3.60204,0.00020256795217095993,0.0007633155568783588,0.15149,0.0
player_8fd35f49e28c,Kalidou Koulibaly,2021-2022,Defender,9,2.89799,0.0002025243662130584,0.008945536749056989,0.13881,0.0
player_3ce4f0bd3442,Arturo Vidal,2019-2020,Midfielder,9,3.08705,0.00020250180225076482,0.0033258764407864587,0.16172,0.0
player_995bf053c469,Marcelo,2018-2019,Defender,8,3.81787,0.00020236028408168155,5.323641425965083e-05,0.13278,0.0
player_833d5f5c1cff,Pierre Højbjerg,2021-2022,Midfielder,8,4.02346,0.00020221702704844782,1.8069834948921857e-05,0.13739,0.0
player_ec29ab88ae62,Nico Schlotterbeck,2022-2023,Defender,8,3.27571,0.00020197233100776397,0.0005315831253473443,0.14581,0.0
player_3bc89ff4028c,Josko Gvardiol,2024-2025,Defender,8,3.80421,0.0002019180021610002,3.849511216850211e-05,0.11818,0.0
player_f070f8e348b8,Kingsley Coman,2021-2022,Midfielder,8,2.8762,0.00020184487215766856,0.0002080129755933722,0.11556,0.0
player_3f777be0f094,Strahinja Pavlovic,2021-2022,Defender,10,2.87518,0.00020180658036025,0.0115006863280905,0.148,0.0
player_a1dcda19ea73,Lago Junior,2021-2022,Midfielder,9,3.01037,0.00020180126321795377,0.0007946747203689483,0.15742,0.0
player_7c881118a84e,Rubén Alcaraz,2021-2022,Midfielder,8,3.51602,0.00020168302163854537,0.0002657286652953852,0.14958,0.0
player_8627870878f5,Achraf Hakimi,2019-2020,Defender,8,3.12381,0.00020164588456121442,8.204586387010348e-05,0.13845,0.0
player_ceed94b5fa24,Josip Stanisic,2022-2023,Defender,8,3.45444,0.00020160480817023646,0.0020860103407993706,0.14575,0.0
player_7f03cc0a4912,Jerry St. Juste,2021-2022,Defender,9,3.79384,0.00020160181053057718,0.001988803731828091,0.1487,0.0
player_981d11c618dd,Davinson Sánchez,2017-2018,Defender,8,3.28685,0.00020155626014983427,6.81687547970456e-06,0.12018,0.0
player_395da3861fbe,Jordi Mboula,2021-2022,Midfielder,9,3.39469,0.00020155581998378724,0.011149453201867308,0.15218,0.0
player_eddb810fe25a,Luca Lezzerini,2021-2022,Goalkeeper,9,3.80356,0.0002015463083767286,0.03580946106293581,0.15088,0.008793
player_57818a3520e8,Alessandro Florenzi,2021-2022,Defender,8,3.72198,0.00020152227169020144,0.000108615408632779,0.12835,0.0
player_8e47b44e8f05,Kristijan Jakic,2022-2023,Midfielder,8,3.42598,0.00020147726072999094,0.0005180011504111027,0.15328,0.0
player_3eb8fb0c2289,Rubén Duarte,2021-2022,Defender,9,3.06083,0.00020147678274891036,0.0008297420839920635,0.13501,0.0
player_c2484c611e4f,Junior Firpo,2021-2022,Defender,8,3.62331,0.00020146874535034902,0.00042335428970382904,0.13944,0.0
player_339bc2505cd1,Elvis Rexhbeçaj,2021-2022,Midfielder,8,3.6876,0.0002014582464625442,4.667444231054371e-05,0.13884,0.0
player_a218b248bdb4,Alessandro Bastoni,2021-2022,Defender,8,3.38858,0.00020141684405511264,0.00048100920887887125,0.13828,0.0
player_634fcdb1754b,Danilo Pereira,2023-2024,Midfielder,8,3.2768,0.0002013960395462864,9.909004445928874e-05,0.12755,0.0
player_e473abf10f0e,Shkodran Mustafi,2021-2022,Defender,8,3.06095,0.0002013549498635954,0.00023829830620092596,0.14127,0.0
player_ef47035e5468,Khvicha Kvaratskhelia,2023-2024,Forward,8,3.6552,0.00020134760906259864,5.2291332184561614e-05,0.14087,0.0
player_9ebc6b3883d3,Mauro Icardi,2021-2022,Forward,9,3.34652,0.00020132188558340925,0.0002063664233661896,0.13756,0.0
player_564989cf9096,Juan Bernat,2019-2020,Defender,9,3.22214,0.00020128572826334066,0.000588577524911144,0.14827,0.0
player_0aa96c5743f9,Leandro Paredes,2019-2020,Midfielder,8,3.18065,0.00020127206109536586,0.00015379641406312996,0.14309,0.0
player_999d89d1817f,Rodri,2019-2020,Midfielder,9,3.53375,0.00020122895279979912,0.0007532170596753763,0.15792,0.0
player_489bf17b58b8,Andrea Pinamonti,2021-2022,Forward,8,3.78856,0.00020122712770927168,4.66720653289421e-05,0.13847,0.0
player_48ca192d5394,Alisson,2021-2022,Goalkeeper,8,4.45683,0.00020120947626202544,4.574134946528107e-05,0.11356,0.009827
player_7d435251a242,Gianluca Mancini,2021-2022,Defender,8,3.29124,0.00020116253192220752,2.0693050927235038e-05,0.12498,0.0
player_b3d1430d7b38,Kevin Mbabu,2021-2022,Defender,8,3.07975,0.00020114298074398295,9.982142228294556e-05,0.13234,0.0
player_1e0585f221f4,Ismaël Doukouré,2021-2022,Defender,8,2.82087,0.00020106025260935181,0.0005785221213397275,0.14877,5e-06
player_07500cf73ba1,Eric Maxim Choupo-Moting,2020-2021,Forward,9,3.14324,0.00020104267750519546,0.0036561541051016388,0.15378,0.0
player_4cc574b1b977,Clément Lenglet,2019-2020,Defender,8,2.76681,0.00020102447656901576,9.637904978372798e-05,0.12434,0.0
player_4c567f8aefa5,Stephan El Shaarawy,2021-2022,Midfielder,8,3.18425,0.00020090134040492898,0.0001308188708284021,0.13083,0.0
player_69a0717472db,João Cancelo,2021-2022,Defender,8,3.33885,0.0002008736645437803,1.3388723547694359e-05,0.12902,0.0
player_1da559d90641,Dybala,2021-2022,Forward,9,2.98498,0.0002008287828840004,0.0011589542911469165,0.14527,0.0
player_eb339db9cbfb,Kai Havertz,2022-2023,Midfielder,8,3.12605,0.00020075620927246653,0.00023754418398412805,0.13706,0.0
player_95b39ad61e0f,Diego Demme,2021-2022,Midfielder,10,2.50608,0.0002007251227663393,0.017313922790310805,0.17319,0.0
player_ee9bfbc4b141,Lucas Leiva,2020-2021,Midfielder,8,3.45082,0.00020065950580248904,0.000205330764240145,0.14004,0.0
player_ed6aaa4ca87e,Arne Engels,2024-2025,Midfielder,9,2.46544,0.0002005872097982153,0.0020874220662930863,0.16791,0.0
player_1bc464195b84,Mario Gaspar,2021-2022,Defender,8,3.89281,0.00020057154217819232,0.00033383813116272997,0.13758,0.0
player_13355f51844a,Salis Abdul Samed,2021-2022,Midfielder,9,2.8675,0.00020051511487369835,0.00020450567683647864,0.12858,0.0
player_ce5ded749bd9,Stefan Posch,2024-2025,Defender,8,3.89996,0.0002004850516803007,2.886341410713201e-05,0.14236,0.0
player_86b1daadbfeb,Gianluigi Donnarumma,2023-2024,Goalkeeper,8,2.84505,0.00020043891558353807,0.0027381065301577473,0.09064,6e-06
player_a5d35d9c1d3e,Sèrge Aurier,2018-2019,Defender,9,3.31714,0.00020038916440847689,0.00022934878190633494,0.1419,0.0
player_0c638ebd1823,Fernando Marçal,2018-2019,Defender,8,3.89137,0.00020034366046842986,0.00013539397412171944,0.13845,0.0
player_487dc7a9ae29,Nico Elvedi,2021-2022,Defender,8,2.92147,0.00020031094228003458,0.0002149799900138937,0.11983,0.0
player_d477d15349db,Ben Davies,2018-2019,Defender,8,3.56563,0.00020029095986944236,0.0005143864873295342,0.13146,0.0
player_01d805d6deff,Hugo Guillamón,2021-2022,Midfielder,8,2.81156,0.00020027276919042477,0.00012756014847288048,0.11973,0.0
player_05725319ded7,Maximilian Arnold,2017-2018,Midfielder,8,3.17215,0.00020020606670292552,2.4253318981372874e-05,0.11895,0.0
player_68830aef4dbf,Arthur,2024-2025,Midfielder,8,3.1196,0.00020017252512239986,0.00152663880945208,0.15607,0.0
player_464a56f5a6c4,Lukas Kübler,2021-2022,Defender,8,3.80626,0.00020016961021025005,0.00021406857621822546,0.1373,0.0
player_760a380cd266,Javi Galán,2024-2025,Defender,8,3.55063,0.00020013968145365238,0.0001138565978156201,0.13783,0.0
player_430b48939ccd,Gonzalo Montiel,2021-2022,Defender,9,3.01462,0.00020009401496723714,0.0029583334138465704,0.16062,0.0
player_f401cd4576ae,Lucas Paquetá,2021-2022,Midfielder,8,3.88363,0.00020000779268724433,0.00019533273232465854,0.14006,0.0
player_1798082cf40c,Ayoze Pérez,2021-2022,Midfielder,9,2.6389,0.00019989284294201948,0.00018337060766344734,0.12209,0.0
player_ec5ca2f84145,Jason Denayer,2019-2020,Defender,9,3.61549,0.00019981996071308646,0.0028876150180874643,0.14711,1e-06
player_3cd02f56215e,Dele Alli,2017-2018,Midfielder,8,3.56554,0.0001997931710989367,0.00020865343494036828,0.14809,0.0
player_5d394a21e73d,Paul Pogba,2018-2019,Midfielder,8,3.76931,0.00019972743726835664,2.4645245095802166e-05,0.13503,0.0
player_424ceb6bb995,Jack Harrison,2021-2022,Midfielder,8,3.49378,0.0001997169236310117,0.00014300819616767715,0.14389,0.0
player_399d4add491e,Omar Faraj,2021-2022,Forward,9,2.06098,0.00019970275602209582,0.0013786299767004988,0.16727,0.0
player_995bf053c469,Marcelo,2017-2018,Defender,9,3.00185,0.00019963583700697445,7.570676983161207e-05,0.12127,0.0
player_d71c0840ccce,Dedryck Boyata,2021-2022,Defender,8,2.92142,0.00019963206704129484,0.00037323040710272886,0.11941,0.0
player_7c4b85eb1ab1,Gonzalo Villar,2021-2022,Midfielder,9,2.52026,0.0001996000259610518,0.016495544785915757,0.17188,1e-06
player_b49993deb563,Declan Rice,2023-2024,Midfielder,8,3.88475,0.0001995792391180845,5.4159941729972196e-05,0.13322,0.0
player_f070f8e348b8,Kingsley Coman,2018-2019,Midfielder,9,3.57576,0.0001994982762491831,7.478590542009214e-05,0.14151,0.0
player_9eb0c9605dc8,Miguel,2021-2022,Forward,8,3.16648,0.00019947868795927725,0.0006299184446583629,0.1449,0.0
player_c498ed87a862,Reiss Nelson,2021-2022,Forward,10,2.51996,0.00019941646661584717,0.001114527718401016,0.15741,0.0
player_2a35e3cabdbc,John Stones,2020-2021,Defender,8,2.85771,0.00019928066489720742,0.00015220295275115216,0.1223,0.0
player_e4cbe038483e,Francesco Cassata,2021-2022,Midfielder,8,2.77768,0.00019919700950218777,0.00022583380277255477,0.13342,0.0
player_9f511b73b7a1,Paulinho,2021-2022,Midfielder,9,3.5499,0.00019903079938395212,0.004211624337332423,0.15415,0.0
player_7c96f3c3c1b1,Weston McKennie,2021-2022,Midfielder,8,3.34157,0.00019900520326318394,0.00047164145115924925,0.13616,0.0
player_67389b1b1dcf,Lars Stindl,2021-2022,Midfielder,8,3.40675,0.00019894950068278247,0.0002456098948294564,0.15479,0.0
player_72d9b8c6778e,Dimitrios Keramitsis,2021-2022,Defender,8,2.46089,0.0001989389146374691,0.0006164131294235831,0.13488,0.0
player_ac783ca9d6ae,Louis Mafouta,2021-2022,Forward,9,3.03001,0.00019890517022733975,0.0027201798389178936,0.15996,1e-06
player_999d89d1817f,Rodri,2021-2022,Midfielder,8,3.40015,0.0001987531639057455,0.0007712607872740458,0.13939,0.0
player_1d47f6a03374,Yevhen Konoplyanka,2018-2019,Forward,8,2.39726,0.00019871928140498485,0.0001844886115403364,0.1222,0.0
player_edd78fbca3f1,Panagiotis Retsos,2021-2022,Defender,8,3.17536,0.00019862124959385148,0.00020214397927060154,0.14183,0.0
player_f34f8b63b1cb,Léo Pétrot,2021-2022,Defender,8,3.36095,0.00019846955264991148,0.00022893937126168705,0.1396,0.0
player_66943afc80ff,Isco,2021-2022,Midfielder,8,3.02168,0.00019846186299056034,0.0011959843657931917,0.15464,0.0
player_ec29ab88ae62,Nico Schlotterbeck,2023-2024,Defender,8,3.55022,0.00019846072874633985,0.00028052714104893884,0.13269,0.0
player_8bf2118b08ef,Yann Sommer,2020-2021,Goalkeeper,8,2.91011,0.00019839195608299366,0.004865574527618751,0.09069,1.4e-05
player_52bf3c6c8aa1,Przemys?aw Frankowski,2021-2022,Defender,8,3.25636,0.00019832846273432823,0.0004480340621292015,0.13665,0.0
player_284ff7ec3eff,Erick Cabaco,2021-2022,Defender,10,2.53923,0.00019830284821952985,0.049556873621653896,0.17456,0.0
player_fe283f9dd458,Eliaquim Mangala,2021-2022,Defender,9,2.80131,0.00019822124519695673,0.006172143302811914,0.16465,0.0
player_d7388e14d70a,Eberechi Eze,2021-2022,Midfielder,8,3.2689,0.00019814977897150202,0.0010413502091119417,0.15117,0.0
player_3b221cc45695,Hakan Çalhanoglu,2021-2022,Midfielder,9,3.4309,0.0001980665429566648,0.0018364818162679977,0.15201,0.0
player_a06a2e4cc5bd,Ludwig Augustinsson,2021-2022,Defender,9,2.86968,0.00019803285298318932,0.007780040405019383,0.16295,0.0
player_c8d7f2554100,Nahuel Tenaglia,2021-2022,Defender,8,3.72003,0.0001979912986111891,0.0005260986185316388,0.14048,0.0
player_550bc989630e,Antonio Sivera,2021-2022,Goalkeeper,8,3.9806,0.00019795907930033992,0.00018201983129744823,0.13417,0.015234
player_f384727b8448,Karl Darlow,2021-2022,Goalkeeper,8,4.12346,0.00019795335754336444,0.0006979785218052696,0.11998,0.000255
player_30275ae1696f,Mohamed Sankoh,2021-2022,Forward,8,2.21256,0.00019790673376721292,0.0004029372472094567,0.15499,0.0
player_267c1d25d3c9,Wilfried Zaha,2021-2022,Forward,8,2.45876,0.00019781484357414415,0.0001862272734678426,0.1249,0.0
player_c4a86e28b97e,Orbelín Pineda,2021-2022,Forward,8,2.65189,0.0001977121230163728,0.001369843724996179,0.15524,0.0
player_207e1b5caf22,Antonio Rüdiger,2023-2024,Defender,8,3.57944,0.00019754293011387444,0.00020826141654017253,0.12618,0.0
player_41f9dce758ac,Dani Olmo,2024-2025,Midfielder,9,3.46047,0.00019739279288213152,0.0007097527085054901,0.14568,0.0
player_283ac5a37d3b,Moussa Diaby,2021-2022,Midfielder,8,2.56961,0.00019728722455230927,0.00011298483919446746,0.11526,0.0
player_81c856596937,Erling Haaland,2019-2020,Forward,8,3.05234,0.00019728479525277183,0.00016981128940007963,0.13732,0.0
player_8a4f22f428c0,Nordi Mukiele,2021-2022,Defender,9,3.40832,0.00019720771184621427,0.0021197942807738117,0.14151,0.0
player_a8efc347dfb8,Sven Michel,2021-2022,Forward,10,2.61443,0.00019703136269943756,0.0030491954670631,0.16317,0.0
player_7144480034e9,Ezri Konsa,2021-2022,Defender,9,3.02894,0.0001968727896057098,0.00019743487460949474,0.12049,0.0
player_a218b248bdb4,Alessandro Bastoni,2022-2023,Defender,8,3.35014,0.00019683009967063475,0.0003725534940295556,0.13335,0.0
player_ec29ab88ae62,Nico Schlotterbeck,2024-2025,Defender,8,2.76237,0.00019675799334924177,0.0008212543807934426,0.13552,0.0
player_e6be3bec3476,Sydney van Hooijdonk,2021-2022,Forward,8,2.77541,0.00019674100540333273,0.0020248039494371126,0.13901,0.0
player_260e1ce89e4a,Sead Kolasinac,2024-2025,Defender,8,3.57663,0.00019671403748976242,9.27490294029684e-05,0.1389,0.0
player_84365d6f24cf,Marcus Coco,2021-2022,Midfielder,9,2.73885,0.0001966851360927561,0.0023130981368427784,0.13832,0.0
player_be92079a926b,Saúl Ñíguez,2023-2024,Midfielder,8,2.64278,0.00019666171866978752,0.0010171525502341348,0.13755,0.0
player_58d85e4f3225,Federico Santander,2021-2022,Forward,10,2.06495,0.00019665551460514507,0.003949567797059632,0.17289,0.0
player_c1622652a7a0,Vincent Manceau,2021-2022,Defender,8,2.82081,0.00019663848416627216,0.00010460534977017488,0.12165,0.0
player_6d6d2a4d97e0,Layvin Kurzawa,2019-2020,Defender,8,3.12665,0.0001965297456761502,0.000462652751090137,0.14383,0.0
player_2a35e3cabdbc,John Stones,2024-2025,Defender,9,2.57089,0.0001965027756884414,0.001278377558592989,0.15578,0.0
player_62bf43e2db26,Danilo,2020-2021,Defender,8,3.44863,0.00019638999832212182,0.00012802543736630494,0.13782,0.0
player_6de260a43ab5,Christian Eriksen,2017-2018,Midfielder,8,3.37386,0.00019634156187338514,0.0001327716359460349,0.13385,0.0
player_fc545c1d2dc6,Patrick Wimmer,2021-2022,Midfielder,8,3.18412,0.00019624885449304595,0.0002340561933473322,0.14874,0.0
player_e7d23867dd7c,Dani Alves,2017-2018,Defender,9,2.91021,0.00019623657170021687,0.001112952497840734,0.13384,0.0
player_77ce3d462d79,Kevin Volland,2021-2022,Forward,9,3.23172,0.00019623095636034195,0.0003988015880146841,0.15145,0.0
player_550b7ab8a00e,Clément Grenier,2021-2022,Midfielder,9,1.94719,0.00019620497774137897,0.001987137782371997,0.17177,0.0
player_bd1d715a5d70,Sheraldo Becker,2021-2022,Forward,8,3.21527,0.00019614439458705637,0.00014794294138914356,0.14941,0.0
player_207e1b5caf22,Antonio Rüdiger,2021-2022,Defender,8,3.51451,0.00019602159996768873,0.00014166888956892963,0.12471,0.0
player_94a79474bc02,Christian Früchtl,2021-2022,Goalkeeper,8,3.09675,0.00019588546072551086,0.0013548823089684478,0.13739,8e-06
player_f111b551b972,Serge Gnabry,2021-2022,Midfielder,8,3.06387,0.0001958461796757263,0.00011528357881805969,0.13769,0.0
player_eb04e395cbfb,Julian Kristoffersen,2021-2022,Forward,8,2.39701,0.0001958392204105734,5.645489966053595e-05,0.15487,0.0
player_053afce6ba98,Raheem Sterling,2017-2018,Forward,8,2.42538,0.0001958228358834731,5.035270081971528e-05,0.12028,0.0
player_2565e1cbdb15,Jacopo Dezi,2021-2022,Midfielder,9,2.68791,0.00019579246386233125,0.0006776999836794204,0.14823,0.0
player_57d254f2bdca,Romain Perraud,2021-2022,Defender,8,3.77419,0.0001957511638581667,0.00013869167082883094,0.142,0.0
player_894a7bc10595,Lucas Martínez Quarta,2021-2022,Defender,8,3.72202,0.00019572690465223102,6.614069460842276e-05,0.13956,0.0
player_2a856bf0dfe1,Suso,2021-2022,Forward,9,3.03,0.00019566786845681081,0.007601450935082587,0.16024,0.0
player_70080aa08b4f,Neymar,2017-2018,Midfielder,8,2.46235,0.0001956142373543463,0.0014174681849029975,0.12061,0.0
player_3365e7eb8e9e,Thomas Müller,2021-2022,Midfielder,8,3.45773,0.00019559328245504287,1.3920219102236683e-05,0.12497,0.0
player_3ce4f0bd3442,Arturo Vidal,2017-2018,Midfielder,8,3.22095,0.00019550114192789999,0.000526179882848188,0.14822,0.0
player_0791aebd6306,Jadon Sancho,2018-2019,Midfielder,9,3.0271,0.00019547375275591917,0.0008546773342997377,0.14159,0.0
player_404c040cbecd,Maximilian Mittelstädt,2021-2022,Defender,8,3.12631,0.00019546795535092668,0.0026099115540126,0.15286,0.0
player_f111b551b972,Serge Gnabry,2019-2020,Midfielder,8,3.16779,0.0001954605473635127,9.536492336994243e-05,0.13079,0.0
player_f758bfcceb92,Serhou Guirassy,2021-2022,Forward,8,2.93001,0.00019541904149156909,0.00034982764426246823,0.14152,0.0
player_91805dfbfd34,Chem Campbell,2021-2022,Forward,8,2.6638,0.00019541841155551947,0.001282995225084016,0.14491,0.0
player_cb2a6b634f36,Coke,2021-2022,Defender,10,2.1439,0.00019529432775719277,0.0065667527064681725,0.17149,0.0
player_0791aebd6306,Jadon Sancho,2021-2022,Midfielder,9,3.43985,0.00019527228701624307,0.0004400675872035241,0.14178,0.0
player_a94c0e7e5de7,Andrea Favilli,2021-2022,Forward,8,2.97126,0.00019520864938319616,0.0015887311442382168,0.13479,7e-06
player_b6db818376eb,Gareth Bale,2021-2022,Forward,8,2.94008,0.0001950725406026177,0.0014926344886876286,0.15117,0.0
player_9c2f8920e876,Juanfran,2018-2019,Defender,8,3.76149,0.00019494999495593422,0.000128979115495474,0.14024,0.0
player_049d072102fa,Niklas Süle,2022-2023,Defender,8,3.51477,0.0001949423186775784,0.00013198655174619214,0.13186,0.0
player_d6dcfcd863ec,Nabil Fekir,2018-2019,Midfielder,8,3.56671,0.0001949363568330066,0.00019645361409700702,0.14114,0.0
player_aec8b306f946,Ander Capa,2021-2022,Defender,9,2.5433,0.00019490195457080403,0.006674249322555383,0.15896,1e-06
player_4ec60a720a6a,Giorgio Scalvini,2021-2022,Defender,9,3.83473,0.00019478159819244083,0.00046074207200329107,0.13629,0.0
player_65fbca08757f,Jóhann Berg Gu?mundsson,2021-2022,Midfielder,9,3.2242,0.00019475411086042818,0.0013703981325633343,0.14602,0.0
player_0de01be8394a,Julian Weigl,2018-2019,Midfielder,8,2.88712,0.00019475051163157076,0.00035136423356860137,0.15624,0.0
player_409edc8a382a,Marten de Roon,2019-2020,Midfielder,8,3.40698,0.00019462896535639207,0.00010678938675483044,0.14667,0.0
player_bd974787ed78,Jordi Alba,2021-2022,Defender,8,3.04081,0.0001946024942387536,0.00017126607869115667,0.14216,0.0
player_46cb40011cbb,Kevin Kampl,2022-2023,Midfielder,8,2.76478,0.00019459990345270674,0.0009450774160028741,0.15838,0.0
player_05cfcfeb4d4e,Roberto Soriano,2021-2022,Midfielder,9,2.86611,0.00019456557955225976,6.714230846061957e-05,0.12117,0.0
player_47947c0ab827,Renan Lodi,2021-2022,Defender,8,2.93404,0.00019455146857503446,0.0008595944559463913,0.15459,0.0
player_be0f71f83e42,Philipp Max,2022-2023,Defender,8,3.41612,0.0001945222548856756,0.0006162443350909836,0.1438,0.0
player_ec11ec4dd9f2,Fredrik Jensen,2021-2022,Midfielder,9,3.0646,0.0001944384587905347,0.002916498734245448,0.15461,0.0
player_c43f74e81158,Séamus Coleman,2021-2022,Defender,8,3.47793,0.00019435959986600462,0.000443785904919428,0.12888,0.0
player_e076bb36b64c,Issouf Sissokho,2021-2022,Midfielder,9,2.71308,0.00019427229709676982,0.0012355494553472105,0.12494,0.0
player_78cdf6801331,Maxime Le Marchand,2021-2022,Defender,9,2.76389,0.00019424322775918624,0.0030731946010584474,0.159,0.0
player_aa81ccba8a2d,Paul Nebel,2021-2022,Midfielder,9,2.35612,0.0001940891081671504,0.022742637066104528,0.19149,1e-06
player_e5b20f5729b5,Nathaniel Clyne,2021-2022,Defender,8,2.87811,0.00019395482417214203,0.0022565102275020504,0.15098,0.0
player_7209e338e67f,Federico Dimarco,2023-2024,Defender,8,3.05661,0.00019386526009157953,0.0004918677727974752,0.14561,0.0
player_b601344804ca,Soumaila Coulibaly,2024-2025,Defender,8,3.38428,0.00019358997064578787,0.0005621934235031813,0.14921,0.0
player_bf0864c51cf1,Dominik Kohr,2021-2022,Midfielder,8,2.59391,0.00019350317064081643,0.0009717571915323347,0.13697,0.0
player_3a47c653b093,Willy Caballero,2021-2022,Goalkeeper,9,3.58128,0.000193440810896966,0.01403076945983787,0.14988,0.01082
player_e70281060b48,Andreas Pereira,2018-2019,Midfielder,9,3.0079,0.00019341642111796615,0.0055170482321295995,0.17198,0.0
player_39ad87fe76aa,Domenico Berardi,2021-2022,Midfielder,9,3.19971,0.00019340845427380526,0.0015804326928374078,0.15154,0.0
player_add88413b4db,Soma Novothny,2021-2022,Forward,9,2.34658,0.0001933587479259696,0.0028958393203828963,0.16266,0.0
player_a8e0b6d5ab41,Emmanuel Amankwaa Akurugu,2021-2022,Defender,9,2.35142,0.00019332674527499226,0.025658946470905518,0.18111,0.0
player_ac6060a318e0,Rúben Dias,2021-2022,Defender,8,3.305,0.0001932960348301854,0.0005322100348717269,0.1334,0.0
player_5ff9408cfc34,Georginio Wijnaldum,2021-2022,Midfielder,8,3.24011,0.00019325629606804784,0.00046120646837412326,0.13774,0.0
player_ece9d25a0ca6,Jack Grealish,2023-2024,Forward,9,3.08181,0.00019323757674207748,0.000922193745965142,0.14391,0.0
player_e516ec6ebfca,Pascal Groß,2024-2025,Midfielder,9,2.92239,0.00019316728247024753,0.00801305798684476,0.14375,0.0
player_66943afc80ff,Isco,2019-2020,Midfielder,9,3.29447,0.00019313921228760633,0.006899021441322386,0.15864,0.0
player_99b2936b1424,Mohamed Elneny,2021-2022,Midfielder,8,3.27898,0.00019312038051779384,0.00015041479467270294,0.13448,0.0
player_c982c864798d,Samuel Loric,2021-2022,Midfielder,8,2.95176,0.00019303788283138253,0.0013367863714122976,0.15639,0.0
player_6d186c861e16,Cheikh Tidiane Sabaly,2021-2022,Forward,9,2.66317,0.00019302500946891907,0.01272339509314081,0.1698,0.0
player_58aa30a3e2e6,Nicola Murru,2021-2022,Defender,8,2.83595,0.00019301658343731857,0.0016580147943519679,0.16103,0.0
player_24e5a1ce2cc9,Donyell Malen,2023-2024,Midfielder,9,3.05549,0.00019298372584218657,0.0008846175249302198,0.15181,0.0
player_7942acfcfa7d,Jakub Kiwior,2023-2024,Defender,8,3.05874,0.00019290943088230857,0.0005988179984476759,0.1427,0.0
player_8e563d0ace45,Kaide Gordon,2021-2022,Forward,9,1.91201,0.00019270545248471673,0.0007610267039972249,0.16094,0.0
player_3c3c583c0806,Alexander Meyer,2023-2024,Goalkeeper,8,3.64996,0.00019263956795187535,4.876037310197401e-05,0.10999,0.007359
player_d5accc1d44f6,Eliesse Ben Seghir,2024-2025,Midfielder,8,3.56061,0.0001925711038653253,0.0003039808427645096,0.13948,0.0
player_0fce892a07f3,Nicholas Gioacchini,2021-2022,Midfielder,8,3.09407,0.0001925282446170552,0.00025044982068408983,0.14989,0.0
player_2bfa23c061a1,CJ Egan-Riley,2021-2022,Defender,9,2.63852,0.00019252683405373907,0.00039504870405579603,0.13784,0.0
player_f1b57569ab8f,Raphaël Varane,2021-2022,Defender,8,3.1167,0.0001925234339182861,0.0012934678312576705,0.13422,0.0
player_e1d21ba778f5,Nordine Kandil,2021-2022,Midfielder,9,2.18214,0.00019251523213769994,0.006686848819641478,0.18474,0.0
player_50fcb1709eb2,Thierry Correia,2021-2022,Defender,8,3.56976,0.00019250074340598856,3.381239407219589e-05,0.13445,0.0
player_24f59cd7976b,Abdou Diallo,2020-2021,Defender,8,2.61639,0.00019231948635674154,0.0002487828366831773,0.12628,0.0
player_f63f30ebd680,Nicolas de Préville,2021-2022,Forward,8,3.08193,0.00019216784153626342,9.333486155881803e-05,0.13459,0.0
player_9cbc7488b71a,Gio Reyna,2021-2022,Midfielder,8,3.34398,0.00019215742967832792,0.0002385720030078323,0.14586,0.0
player_e0a0bdeb9f40,Brais Méndez,2023-2024,Midfielder,8,3.36864,0.00019215403159586583,0.00014551184528671388,0.14372,0.0
player_898c66d7d605,Stefan Ilsanker,2021-2022,Defender,9,3.32629,0.00019202163226372638,0.007240984409437181,0.16177,0.0
player_b8307c4b1219,Carney Chukwuemeka,2024-2025,Midfielder,8,2.96534,0.00019188165919152605,0.0012489613291733089,0.15696,0.0
player_564989cf9096,Juan Bernat,2018-2019,Defender,8,2.96161,0.00019182826186661306,4.5782270555049335e-05,0.11822,0.0
player_069ec455f71d,Kieran Tierney,2021-2022,Defender,8,3.14612,0.00019173927752035299,0.0016207197589749504,0.14328,0.0
player_b6fbd7f8b01d,Javier Pastore,2021-2022,Midfielder,9,2.8154,0.00019166319149655327,0.0007354957316565973,0.12655,0.0
player_2b870e5ae173,Gregor Kobel,2021-2022,Goalkeeper,8,4.10475,0.00019162622923361475,0.0007323547241592524,0.11081,0.003117
player_2ff11eb22829,Manolo Portanova,2021-2022,Forward,8,2.84608,0.00019157660268390457,0.0001292697053618678,0.15771,0.0
player_ba8f7c1b6deb,Adam Marusic,2023-2024,Midfielder,8,2.93635,0.00019145864745716,1.1795647185765983e-05,0.11371,0.0
player_62bf43e2db26,Danilo,2017-2018,Defender,9,3.13521,0.0001913769737482074,0.0008293976428723471,0.14362,0.0
player_0fc2c4f8873b,Dennis Johnsen,2021-2022,Forward,8,3.30511,0.000191375495620475,0.00020340376070800373,0.14819,0.0
player_484c6f266c5e,Morgan Schneiderlin,2021-2022,Midfielder,8,2.57002,0.00019125708349133788,0.00014709301572234391,0.129,0.0
player_1e17f07dd9e9,Matteo Darmian,2023-2024,Midfielder,8,3.06269,0.0001910748264140506,0.0003479324972743979,0.14553,0.0
player_813ffd06e403,Dayot Upamecano,2021-2022,Defender,8,3.05515,0.00019094697580411766,0.001981947609216027,0.14557,0.0
player_078ce965682c,Gianluca Gaetano,2021-2022,Midfielder,8,2.22068,0.00019089198806472918,0.0024030296466102286,0.1667,0.0
player_e684f6955dfa,Stefano Sturaro,2021-2022,Midfielder,8,2.933,0.00019086462225335977,0.0019365181595826827,0.15007,0.0
player_a9a61835ab88,Albert Sambi Lokonga,2021-2022,Midfielder,8,3.24068,0.00019082594427582855,0.00018682998941606563,0.14791,0.0
player_0ede0184b0df,Ebenezer Annan,2021-2022,Defender,10,2.28909,0.00019079427635762414,0.0007893663321620883,0.15182,0.0
player_9fea623a8193,Thilo Kehrer,2019-2020,Defender,8,2.92199,0.00019078962462220226,0.0004189060580138231,0.13873,0.0
player_e7ab5bb9641e,Julian Brandt,2022-2023,Midfielder,8,3.3154,0.00019077878370366992,0.0006532990108111187,0.13964,0.0
player_20509e60e143,Solly March,2021-2022,Midfielder,8,3.17891,0.0001907043513418933,0.00046156302374660224,0.15031,0.0
player_27a443f56bec,Sergio Ramos,2021-2022,Defender,8,2.86719,0.00019067045969874122,0.0005981164978750016,0.1294,0.0
player_4cc574b1b977,Clément Lenglet,2020-2021,Defender,8,2.65831,0.00019066355306895865,3.7322597560723484e-05,0.112,0.0
player_24cce60b451f,Tijjani Reijnders,2024-2025,Midfielder,8,2.83295,0.00019057437036857996,6.239890614835304e-05,0.12044,0.0
player_4afc645fda91,Roland Sallai,2021-2022,Midfielder,8,3.52968,0.00019041235044874022,0.0011779912103517972,0.14676,0.0
player_efee862e0fcc,Stefano Sabelli,2021-2022,Defender,9,2.3385,0.00019039619198299646,0.022572134419523566,0.17961,0.0
player_d0e8696a7a7f,Cengiz Ünder,2021-2022,Midfielder,8,2.66506,0.00019026050301219818,0.00011600175074469084,0.11203,0.0
player_30d1864c2ce8,Raúl Albiol,2021-2022,Defender,8,3.47281,0.00018987673717297618,0.0013039714041266533,0.13355,0.0
player_5a31511fef2a,Nuno Tavares,2021-2022,Defender,8,3.55448,0.00018969454479240633,0.0005066459923694063,0.13517,0.0
player_b5bca0b89683,Dwight McNeil,2021-2022,Midfielder,8,3.18344,0.0001896909675043014,0.0001479943353083822,0.14,0.0
player_07500cf73ba1,Eric Maxim Choupo-Moting,2021-2022,Forward,9,2.84849,0.00018967331188095838,0.0031184794767466395,0.15012,0.0
player_ed52ac169a9e,Kylian Mbappé,2021-2022,Forward,8,2.99623,0.0001895134513226913,0.00039260679704619916,0.13653,0.0
player_423c43984965,Wahbi Khazri,2021-2022,Forward,8,2.87918,0.00018930411211150641,4.763342099120983e-05,0.12857,0.0
player_223a9432b6ba,Marcos Llorente,2024-2025,Midfielder,8,2.67859,0.00018921025341160364,7.571098998562129e-05,0.11861,0.0
player_e6185335cc99,Raphinha,2024-2025,Midfielder,8,3.25983,0.00018918534742967344,0.0008291707652534276,0.13854,0.0
player_ba6510b82c3e,Chris Wood,2021-2022,Forward,8,3.35899,0.00018908127263987955,6.0099120524167423e-05,0.1433,0.0
player_cebdd715d4ec,Fernando,2021-2022,Midfielder,8,3.01688,0.0001890626795571572,0.001115542152471885,0.14573,0.0
player_89f4cba68559,Oleksandr Zinchenko,2021-2022,Defender,8,3.04157,0.00018902577568221754,6.939644935889733e-05,0.13509,0.0
player_15ee9f0a5ec3,Koke,2023-2024,Midfielder,8,3.32811,0.00018898886938732915,0.0004472829937233271,0.14898,0.0
player_7f301267a1b9,Timo Werner,2021-2022,Forward,8,3.15763,0.0001889532905096688,9.782855305470754e-05,0.1338,0.0
player_d2626d98ab4a,Bradley Barcola,2021-2022,Forward,8,2.7445,0.00018886615825650305,0.0024808769294487037,0.15675,0.0
player_51852e6d2a93,Samuel Kalu,2021-2022,Midfielder,8,3.26442,0.0001888606215956542,0.0009426531740783754,0.15157,0.0
player_5f5041792c91,Amadou Haidara,2024-2025,Midfielder,8,3.24501,0.00018885960885689507,8.189280141072571e-05,0.14434,0.0
player_7e04da88cbb8,Felipe,2021-2022,Defender,9,2.68806,0.0001888283370344344,0.0018606964573664054,0.13374,0.0
player_43cafa3f787a,Loïc Bade,2021-2022,Defender,8,2.91997,0.00018864234319682219,0.00013695055844723962,0.13391,0.0
player_fda710cfbdf9,Alfre? Finnbogason,2021-2022,Forward,10,2.89082,0.00018810637338525555,0.029211753826919633,0.17106,4e-06
player_b887e1606bf2,Daniel Maldini,2021-2022,Forward,10,2.32604,0.00018807261933454362,0.024983791658263726,0.1748,0.0
player_32252792b9dc,Rubén,2021-2022,Goalkeeper,9,2.23762,0.00018795519596152016,0.017660901810885254,0.18507,0.0
player_1569bf12471e,Jean-Louis Leca,2021-2022,Goalkeeper,8,2.52214,0.00018792346769545178,2.072307378368684e-07,0.07682,0.0
player_b4acb176c73c,Téji Savanier,2021-2022,Midfielder,9,2.67975,0.00018788463719386715,3.57828578529158e-05,0.11977,0.0
player_2a7a67917f74,Sergio Busquets,2018-2019,Midfielder,8,3.30015,0.00018783698759319102,0.0004529256683313684,0.14023,0.0
player_7e331437b28d,Karim Bellarabi,2021-2022,Midfielder,8,3.1464,0.00018775850839783322,0.0006676307121846072,0.15528,0.0
player_29fe216d2dbb,Samuel Umtiti,2019-2020,Defender,8,2.88216,0.0001877387933745455,0.0039273964124334395,0.15266,0.0
player_feee7265221f,Mehdi Taremi,2024-2025,Forward,8,2.7717,0.00018761862762075717,0.000924219615940724,0.14639,0.0
player_31d925006396,Jérôme Phojo,2021-2022,Defender,8,2.58171,0.00018757370665791037,0.00029971064653101976,0.13641,0.0
player_6593837d3ba4,Álvaro González,2021-2022,Defender,8,3.308,0.00018756540635728706,2.2398652216169474e-05,0.13019,0.0
player_71c393eeeb66,Fikayo Tomori,2021-2022,Defender,8,3.502,0.00018748073233870806,0.0011454702181329037,0.13429,0.0
player_9694fb18f157,Marc Guéhi,2021-2022,Defender,8,3.22876,0.00018727652535543643,0.0002314734690276211,0.12747,0.0
player_042b8f6f1523,Pedri,2021-2022,Midfielder,8,2.87776,0.00018705674823989412,0.00163245188544064,0.14951,0.0
player_039af5639dac,Abdukodir Khusanov,2024-2025,Defender,9,2.77401,0.0001869846427653052,0.00019318315864040852,0.11651,0.0
player_3fca88662462,Fernandinho,2019-2020,Midfielder,8,2.59399,0.00018696495558635112,0.0005148963930266585,0.12186,0.0
player_42e9e9cd2c58,Merih Demiral,2021-2022,Defender,8,3.54175,0.0001867657492847387,0.000352296180904322,0.13411,0.0
player_fb4c690d8b22,Philipp Tschauner,2021-2022,Goalkeeper,8,2.88184,0.00018657730482238562,0.003678623419280286,0.14223,1.7e-05
player_e892ae8c30e9,Adri Embarba,2021-2022,Midfielder,8,3.1,0.0001865702844529307,0.00022931012615993586,0.14316,0.0
player_f111b551b972,Serge Gnabry,2023-2024,Midfielder,8,2.92059,0.00018644103041572276,0.0001282985129383565,0.13737,0.0
player_86ae79038272,Mario Hermoso,2020-2021,Defender,8,3.93422,0.00018632614577027669,0.00011783242443779689,0.13043,0.0
player_55c03b7cfcaf,Pepe Reina,2021-2022,Goalkeeper,8,3.76766,0.0001863014454862179,0.0012830161924878565,0.13388,0.015872
player_4580f451eae8,Lys Mousset,2021-2022,Forward,9,2.1216,0.0001862915098556593,0.02143550399330428,0.19463,1e-06
player_27a443f56bec,Sergio Ramos,2017-2018,Defender,8,2.54007,0.00018627651366555177,0.00033887722398626526,0.12142,0.0
player_2b877b4b825b,Jason,2021-2022,Midfielder,8,2.99362,0.00018613509841689785,0.0006715634239208904,0.15106,0.0
player_4154fa13e1fd,Nicola Bagnolini,2021-2022,Goalkeeper,8,2.73289,0.00018609427074969424,0.0027009721999716125,0.14714,7.4e-05
player_67389b1b1dcf,Lars Stindl,2020-2021,Midfielder,8,3.10467,0.0001860865854055274,0.00025950851898376003,0.14615,0.0
player_320b3a59a649,Marquinhos,2021-2022,Defender,8,3.02494,0.00018600748952312621,0.0006888238546637757,0.1311,0.0
player_d74b251fbefa,Tyrick Mitchell,2021-2022,Defender,8,3.183,0.00018597996138209363,0.0008976696710757094,0.13792,0.0
player_b83c5ef3fc4c,Jemerson,2021-2022,Defender,9,2.64038,0.0001859217417634329,0.0002290290347464526,0.11602,0.0
player_9272cbb9e792,Phil Foden,2024-2025,Forward,8,3.19814,0.00018589333111595553,6.461151809543038e-06,0.12418,0.0
player_e16c12f08df8,Darío Benedetto,2021-2022,Forward,8,2.9276,0.00018588128608506372,0.00025334302936794715,0.13966,0.0
player_935f9c41357a,Lucas Vázquez,2023-2024,Defender,8,2.84368,0.00018585702581548237,7.727053390909118e-05,0.14288,0.0
player_405092b1a639,Cristian Volpato,2021-2022,Midfielder,9,2.04382,0.00018582684276624039,0.0004523664321808469,0.16218,0.0
player_dfb777e8d5f7,Rayan Aït Nouri,2021-2022,Defender,8,3.29506,0.00018574543148606684,0.000354883943701039,0.13327,0.0
player_95959f5d3f9d,Mario Mandzukic,2018-2019,Forward,8,3.0436,0.00018572583145820489,0.00016967762330963751,0.13019,0.0
player_234278a5debb,Connor Noß,2021-2022,Midfielder,8,2.54411,0.00018570638486183207,0.0044049395912740315,0.15246,0.0
player_483700c69e05,Franck Ribéry,2021-2022,Forward,8,2.69325,0.00018569532950485663,0.0026059185179214406,0.13459,0.0
player_023fca33041c,Folarin Balogun,2021-2022,Forward,8,2.37903,0.0001856855519165278,0.004443534106890786,0.16092,0.0
player_6debe2654505,José María Giménez,2023-2024,Defender,8,3.58989,0.00018560136191835298,0.0012428974655454242,0.13781,0.0
player_3ef9920fb4cb,Marcel Halstenberg,2021-2022,Defender,8,3.09202,0.00018549389487628362,0.003188792863724274,0.14341,0.0
player_b41ca783bb48,Juan Mata,2021-2022,Midfielder,9,2.56892,0.0001852909924993729,0.005180206576754371,0.15938,0.0
player_fb122e9192b7,Nils Petersen,2021-2022,Forward,9,2.71465,0.00018525738672017485,0.0022633106906033047,0.14737,0.0
player_2c04aae52e17,Héctor Moreno,2017-2018,Defender,8,3.24424,0.00018521311184404077,0.0020522182925558803,0.1476,0.0
player_e582277f703c,James Milner,2018-2019,Midfielder,9,2.7159,0.0001851617752433215,0.00012255889076640626,0.13393,0.0
player_3ce4f0bd3442,Arturo Vidal,2021-2022,Midfielder,8,3.06311,0.00018513154963729773,0.0019237850820003123,0.15463,0.0
player_afcc3fec5e7a,Vladimír Coufal,2021-2022,Defender,8,2.61872,0.0001851221323292486,0.0006764932147471898,0.12637,0.0
player_14c5ecb40162,Aarón Escandell,2021-2022,Goalkeeper,8,2.50361,0.00018507612399230568,7.22417910785896e-08,0.07682,0.0
player_2a35e3cabdbc,John Stones,2021-2022,Defender,8,3.11705,0.00018499544210181121,0.0008012547973250912,0.12846,0.0
player_ecc7cd888898,Chema,2021-2022,Defender,9,2.14456,0.00018497200334679408,0.04378205597542295,0.17038,1e-06
player_92066ccff864,Matheus Nunes,2023-2024,Midfielder,8,2.95673,0.00018496200974604723,1.4568493154122768e-05,0.11904,0.0
player_6c800c3f8893,André Hahn,2021-2022,Midfielder,8,3.15944,0.00018490312984902936,0.00015522251051706425,0.14583,0.0
player_df9d94e676d9,Karim Azamoum,2021-2022,Midfielder,8,2.20328,0.0001846235815169705,0.011256029348863243,0.17236,1e-06
player_24a645418c11,Hannibal Mejbri,2021-2022,Midfielder,8,2.01613,0.00018437842979291414,0.0018091560779796402,0.17436,0.0
player_cebdd715d4ec,Fernando,2020-2021,Midfielder,8,2.60226,0.00018399431960325026,0.0003803444140815454,0.15497,0.0
player_9d0c53a126a7,Lewis Dobbin,2021-2022,Forward,9,1.94934,0.00018395094708888496,0.0010381687649829888,0.16783,0.0
player_7c7fb886916d,Brendan Chardonnet,2024-2025,Defender,8,3.53259,0.0001839336145812042,0.0005604094544580017,0.13181,0.0
player_e6f9ccc9a2d5,Kévin Malcuit,2021-2022,Defender,9,2.27557,0.0001838785479126194,0.012551460969488398,0.17521,0.0
player_ebe3feb7c55b,Corentin Jean,2021-2022,Forward,8,2.61909,0.0001838504187905158,0.0013624192921320737,0.15523,0.0
player_5cfeffd21e82,Douglas Luiz,2024-2025,Midfielder,8,3.18641,0.00018384706204849812,0.00010227965733658493,0.14162,0.0
player_04e61100899f,Emile Smith Rowe,2021-2022,Midfielder,8,2.95454,0.00018378591741684115,0.00040757483746702456,0.14487,0.0
player_a1707e784ab7,Ibrahima Koné,2021-2022,Forward,9,2.67527,0.0001836757631296782,0.0022381225045697154,0.1501,0.0
player_845db680fe01,Kasim Nuhu,2021-2022,Defender,9,2.01658,0.0001835941826480213,0.0009064969030601473,0.15968,0.0
player_70080aa08b4f,Neymar,2021-2022,Midfielder,8,2.8534,0.0001835367626717005,0.0004970294738668281,0.15135,0.0
player_69c92cf90c0b,Moses Simon,2021-2022,Midfielder,8,3.03256,0.00018353414804690347,0.00024321491991741834,0.14232,0.0
player_5c60132521ad,Kiernan Dewsbury Hall,2021-2022,Midfielder,8,2.98599,0.00018341225770047995,0.0004366112601013185,0.14491,0.0
player_90b64822622d,Issa Kaboré,2021-2022,Midfielder,8,2.67702,0.0001833622331416183,1.1897564496761492e-05,0.1208,0.0
player_094086323675,Carles Pérez,2021-2022,Midfielder,8,3.1279,0.0001832525663619834,0.0011642422064122536,0.15398,0.0
player_0702e6dee64e,Lionel Messi,2021-2022,Forward,8,2.62845,0.00018318913244594123,0.0004016067946243313,0.1492,0.0
player_9150191b53f4,Issa Diop,2021-2022,Defender,8,2.41561,0.00018290459139495943,0.0039018301341355727,0.15533,1e-06
player_41f9dce758ac,Dani Olmo,2021-2022,Midfielder,9,3.09363,0.00018283347919315825,0.0005383596791832074,0.14617,0.0
player_042b8f6f1523,Pedri,2024-2025,Midfielder,8,3.26934,0.00018278438440406098,0.0008191878644604497,0.14609,0.0
player_0791aebd6306,Jadon Sancho,2020-2021,Midfielder,9,2.86916,0.000182766679847891,0.0003366428968286574,0.13959,0.0
player_67bbee46d748,Anton Kade,2021-2022,Midfielder,9,2.08762,0.00018250233970802193,0.001367788834117411,0.1638,0.0
player_27a443f56bec,Sergio Ramos,2019-2020,Defender,8,2.97297,0.00018238753582895776,0.00043952318079475193,0.14334,0.0
player_4b9af22356b4,Anderson Lucoqui,2021-2022,Defender,8,3.13542,0.00018238215963066736,0.0007814143651697642,0.14492,0.0
player_62d062d5d206,Luke Shaw,2021-2022,Defender,8,2.97072,0.00018227880538848162,0.00013544841156931474,0.14094,0.0
player_5305b9993c70,Samuel Di Carmine,2021-2022,Forward,8,1.88035,0.00018202318332299032,0.000346765180741409,0.1572,0.0
player_0702e6dee64e,Lionel Messi,2022-2023,Forward,8,2.68161,0.00018199944924919242,0.00010859662891130302,0.13708,0.0
player_b7b93c5725ce,Erick Pulgar,2021-2022,Midfielder,8,2.49534,0.00018198619044356543,0.005977834971167715,0.17586,0.0
player_6b4707ef363c,Mário Rui,2022-2023,Defender,8,2.6083,0.0001819838430323767,1.5617441955226942e-05,0.12288,0.0
player_dec6a43f91eb,Nuno Mendes,2023-2024,Defender,9,2.28552,0.0001818997893073372,0.00827258288564246,0.17709,0.0
player_f8cd12a1012b,Granit Xhaka,2017-2018,Midfielder,8,3.1536,0.00018176247602395978,0.000656549900762333,0.14771,0.0
player_644c5097d7ff,Cameron Archer,2021-2022,Forward,8,2.25061,0.00018174134287054483,0.0008742396098613876,0.15633,0.0
player_2f6256336590,Luca Wollschläger,2021-2022,Forward,8,2.24723,0.0001816978644569212,0.0006035424918502989,0.15004,0.0
player_1364cba01e0e,Bebé,2021-2022,Midfielder,8,3.1002,0.00018160850894629463,0.000158609436844025,0.14496,0.0
player_745563c4992c,Vinícius Júnior,2018-2019,Forward,8,2.65854,0.0001816066922064704,0.0004116757856117403,0.14566,0.0
player_8f7415195311,Federico Fernández,2021-2022,Defender,8,3.12779,0.00018146909229873107,0.0026816176196281026,0.13203,0.0
player_7b8ecac5bf37,Marco Verratti,2020-2021,Midfielder,8,2.87823,0.00018126552712482882,0.0007963161613562828,0.15243,0.0
player_c9e10dd1f144,Andriy Yarmolenko,2021-2022,Midfielder,8,2.74731,0.00018119465619759949,0.001453881504529524,0.16028,0.0
player_6597925c28f6,Aster Vranckx,2021-2022,Midfielder,8,3.12503,0.0001811851823650181,0.0011538752794173002,0.14609,0.0
player_d07715e5a421,Aleksandar Sedlar,2021-2022,Defender,9,2.39568,0.00018077717161660284,0.005572456386039763,0.14858,0.0
player_900685cba0b9,Saïd Benrahma,2021-2022,Midfielder,8,2.76625,0.0001806838252960558,0.0001619254741556679,0.13463,0.0
player_f8b26c084ac3,Albert Gu?mundsson,2021-2022,Forward,8,2.7362,0.0001804843635677995,0.003866688306468515,0.15656,0.0
player_e5c8cc581f32,Luis Rioja,2021-2022,Midfielder,8,3.03727,0.00018038518068203344,0.00012589786886236926,0.13876,0.0
player_947c31e8ecbb,Benjamin Henrichs,2021-2022,Defender,8,2.71148,0.00018035306151155067,0.00037331417389834285,0.15211,0.0
player_a8ed804ab5d9,Paco Alcácer,2018-2019,Forward,8,2.7023,0.0001801536868423209,9.314034889824425e-05,0.13901,0.0
player_136bcad0f61f,Ian Maatsen,2023-2024,Defender,8,2.97507,0.0001801093435733418,0.0014697129020041274,0.15113,0.0
player_a62e4719da77,Federico Gatti,2024-2025,Defender,8,3.60395,0.00018007598288202336,8.37205848255351e-05,0.12781,0.0
player_296358f67445,Manu Morlanes,2021-2022,Midfielder,8,2.44267,0.00017996689836973452,0.0015383293171949465,0.1309,0.0
player_c9150fb5646d,José Fontán,2021-2022,Defender,8,2.8334,0.00017990999591164673,0.0004452420317924427,0.14521,0.0
player_f0904d6ab256,Riqui Puig,2021-2022,Midfielder,8,2.8606,0.00017989679798767865,0.0008049863367472832,0.14846,0.0
player_0a8911b92dd7,Christopher Nkunku,2019-2020,Midfielder,8,2.88391,0.00017979189984069214,0.00030346265942051754,0.13518,0.0
player_e5d686db3b0d,Marc Albrighton,2021-2022,Midfielder,9,2.64282,0.00017954761862638862,0.0010028316314304399,0.15176,0.0
player_3607b6686fd5,Edinson Cavani,2021-2022,Forward,8,3.0092,0.00017934143773114752,0.00024001125594719434,0.14074,0.0
player_38d666931b2d,Sofyan Amrabat,2021-2022,Midfielder,8,2.53943,0.00017932736898829406,0.0013513747232366817,0.16132,0.0
player_4067c95da7bd,Oussama Targhalline,2021-2022,Midfielder,8,1.84825,0.00017915719823387142,3.3756556122538015e-05,0.1592,0.0
player_c6b10f571fcd,Yusuf Yazıcı,2021-2022,Midfielder,9,2.94389,0.00017909388731065322,0.0013287194692685085,0.16056,0.0
player_7f301267a1b9,Timo Werner,2020-2021,Forward,8,2.89242,0.00017900915553212913,0.00019706397100040365,0.13703,0.0
player_8623f4fd9541,Christopher Lenz,2021-2022,Midfielder,8,2.85579,0.00017891870419003625,0.0005822671051563012,0.15438,0.0
player_dec6a43f91eb,Nuno Mendes,2022-2023,Defender,8,2.643,0.00017881785162810116,0.0016657989585552658,0.14485,0.0
player_78f732ffb482,Takehiro Tomiyasu,2021-2022,Defender,8,3.59886,0.00017875704431695612,8.510881806880451e-05,0.12742,0.0
player_e01084966f67,Jonathan Silva,2021-2022,Defender,8,1.99997,0.00017873251029165702,0.0005602617678354157,0.16807,0.0
player_ed21be524f85,Fermín López,2023-2024,Midfielder,8,2.91037,0.0001786387772096007,0.0002786989012026324,0.15206,0.0
player_17c399f88a29,Morgan Gibbs-White,2021-2022,Midfielder,8,1.91691,0.00017861010821610337,0.0008823353040788092,0.16339,0.0
player_30ce42a7ade5,Grégoire Coudert,2024-2025,Goalkeeper,8,3.26478,0.00017837114882603874,0.00013552306211074647,0.11026,0.004291
player_da354962e11f,Sebastian Griesbeck,2021-2022,Defender,8,3.36783,0.00017835840301637067,5.7990351719831007e-05,0.13542,0.0
player_be17c68d91ad,Robin Le Normand,2023-2024,Defender,8,2.74349,0.00017815023975035745,0.0003129688227954195,0.14134,0.0
player_de6aafc3981e,Malik Tillman,2021-2022,Midfielder,8,2.07034,0.00017802088451374334,0.0006519268842561517,0.16166,0.0
player_a00245b99ab3,Raoul Bellanova,2024-2025,Midfielder,8,3.01864,0.00017791937959355344,7.445197300367959e-05,0.13781,0.0
player_8764c335b0a0,Emre Can,2024-2025,Midfielder,8,2.36703,0.00017790573031127644,0.00018682756423928022,0.13461,0.0
player_b4986daa79a1,Antonios Papadopoulos,2021-2022,Defender,8,1.80491,0.00017771197924075263,0.0007475403112664872,0.17045,1e-06
player_8627870878f5,Achraf Hakimi,2021-2022,Defender,8,2.5711,0.00017756334362841944,0.00025023494359578045,0.11632,0.0
player_06d607c7ecf5,Oscar Bobb,2023-2024,Midfielder,9,2.90691,0.0001772758019113928,0.0023087925600656814,0.15737,0.0
player_2e25c45b73a7,Arthur Melo,2021-2022,Midfielder,8,2.76004,0.00017708896982182208,0.001060370314594367,0.14563,0.0
player_7481ac55092a,Matz Sels,2021-2022,Goalkeeper,8,3.11625,0.0001769873265296963,0.0001928825987553766,0.10607,0.013239
player_08a1e6a69c66,Konrad Laimer,2019-2020,Midfielder,9,2.58346,0.000176936495280308,0.002072534528613116,0.14062,0.0
player_9964c853f432,Lorenzo Insigne,2019-2020,Forward,8,3.01696,0.0001768871396258572,0.0001959127036406984,0.13422,0.0
player_879c46e5e0ee,Andriy Lunin,2021-2022,Goalkeeper,8,4.33641,0.00017687737548164356,1.8404361681991568e-06,0.11129,0.000156
player_7b8ecac5bf37,Marco Verratti,2022-2023,Midfielder,8,2.55809,0.00017678600621003638,3.0768542598855394e-05,0.12444,0.0
player_5aaaca0ad89e,Iñigo Pérez,2021-2022,Midfielder,8,2.56596,0.00017676569181054982,0.003517300497556444,0.15434,0.0
player_e7d23867dd7c,Dani Alves,2018-2019,Defender,8,2.83444,0.0001767498851200626,5.0019530253736844e-05,0.13839,0.0
player_4483857a07da,Diego Conde,2021-2022,Goalkeeper,8,3.06365,0.0001767400428548637,0.0008462534293142947,0.13305,0.000537
player_acd4b644003d,Benjamin Mendy,2018-2019,Defender,8,2.6631,0.00017649323377690027,5.089531853818269e-05,0.13323,0.0
player_7209e338e67f,Federico Dimarco,2022-2023,Defender,8,2.96915,0.00017649084194660514,0.00229388831979042,0.13709,0.0
player_a06682e7c226,Ethan Pinnock,2021-2022,Defender,8,3.08775,0.00017646724231350734,0.0020761105420289395,0.14718,1e-06
player_b6e867e1941b,Dominik Szoboszlai,2022-2023,Midfielder,8,2.53957,0.0001763893170229653,1.410900446494629e-05,0.11706,0.0
player_995bf053c469,Marcelo,2020-2021,Defender,8,2.5488,0.00017628658679654666,0.00045764997217960724,0.12525,0.0
player_952cea357d6c,Chiquinho,2021-2022,Midfielder,9,2.4721,0.00017628569017139072,0.0013101551609246268,0.16082,0.0
player_9a4d5d69f1bb,Nathan Young-Coombes,2021-2022,Forward,9,2.23115,0.00017615633147590823,0.018759999765113833,0.18745,0.0
player_70080aa08b4f,Neymar,2020-2021,Midfielder,8,2.36977,0.0001760414259777815,0.0007966390633342938,0.13061,0.0
player_1e40c71d6acd,Jesús Corona,2021-2022,Forward,8,2.65854,0.00017602069494306602,0.004834197692770915,0.15754,0.0
player_d0e8696a7a7f,Cengiz Ünder,2017-2018,Midfielder,8,3.02316,0.00017568018103190252,0.00024427078629777124,0.13537,0.0
player_300b47c5bca2,Benjamin Hübner,2021-2022,Defender,8,2.95253,0.00017543710784688251,0.0030181803598065145,0.15545,0.0
player_7e04da88cbb8,Felipe,2020-2021,Defender,8,2.80153,0.00017535384606106653,0.0011844295785345053,0.14393,0.0
player_4ba8b9d70ba3,Ousmane Dembélé,2019-2020,Forward,8,2.16641,0.00017510782782915955,0.004379115638282414,0.13671,0.0
player_7e04da88cbb8,Felipe,2019-2020,Defender,8,2.85575,0.00017483637061150626,0.0003970143601229545,0.14198,0.0
player_a0f858d6519b,Pierre-Yves Hamel,2021-2022,Forward,8,2.49285,0.00017463075575980505,0.0001082604840152235,0.15705,0.0
player_35800328955b,Daniel Svensson,2024-2025,Midfielder,8,2.82261,0.00017448746995703542,0.0008002850813153557,0.15226,0.0
player_ffbd17cea80f,Matías Dituro,2021-2022,Goalkeeper,8,3.11747,0.00017435050953796267,0.0007356958312981682,0.11376,0.022963
player_d70dd38a0499,Baptiste Santamaria,2021-2022,Midfielder,8,2.80171,0.0001743022550154154,0.0002761883110753767,0.1444,0.0
player_4a944f6b20b3,Kyle Walker,2017-2018,Defender,8,2.35003,0.00017415190227028626,0.00010040884727575501,0.11927,0.0
player_935f9c41357a,Lucas Vázquez,2018-2019,Defender,8,2.52798,0.0001740214326828789,2.798486893423926e-05,0.12055,0.0
player_4ba8b9d70ba3,Ousmane Dembélé,2021-2022,Forward,8,2.4604,0.0001739246679612768,0.0005180488612880311,0.1507,0.0
player_c1bfc188dba5,Roberto,2019-2020,Goalkeeper,8,2.97814,0.00017391012377937102,0.0006504375037344503,0.11063,0.005093
player_62bf43e2db26,Danilo,2018-2019,Defender,8,3.25321,0.0001736991000711086,0.0001557125065414664,0.13078,0.0
player_24667ee921c3,Sergio Rico,2019-2020,Goalkeeper,8,3.17514,0.00017348430985667177,0.0027955052116807443,0.1199,0.00644
player_43b7943cacfd,Eden Hazard,2021-2022,Forward,8,2.47897,0.00017335256667570608,0.0017652558611806406,0.15376,0.0
player_8627870878f5,Achraf Hakimi,2022-2023,Defender,8,2.44655,0.00017328116771340977,9.359438886925727e-05,0.12073,0.0
player_0da6dcc0885a,Aitor Ruibal,2021-2022,Defender,8,3.15978,0.00017316000037402191,0.00019088584445651495,0.14082,0.0
player_da0f06da9373,Son Heung-Min,2017-2018,Midfielder,8,2.87881,0.000173145495142005,0.00029192182985200563,0.13634,0.0
player_fea590125360,Derek Mazou-Sacko,2021-2022,Midfielder,8,1.71424,0.0001727663048026155,0.0010376268189479136,0.16113,0.0
player_2e62f798f232,Óscar Trejo,2021-2022,Midfielder,9,2.63376,0.00017264245447107674,0.008927136869679601,0.16979,0.0
player_8289a2f785d8,Estanis,2021-2022,Forward,8,1.65189,0.00017219650354664977,0.0009282034541804372,0.15987,0.0
player_0d85281fef2e,Arnaud Kalimuendo,2021-2022,Forward,8,2.04325,0.00017210824660478344,0.009068940919573106,0.12677,0.0
player_7e04da88cbb8,Felipe,2017-2018,Defender,8,2.91746,0.00017205956991355346,0.007698279540533944,0.16526,0.0
player_ef37e8c20fde,Nicola Sansone,2021-2022,Forward,8,2.62215,0.00017203673856356675,0.0011030072287244053,0.15053,0.0
player_a24c576554cf,Mathys Tel,2021-2022,Midfielder,9,1.9634,0.00017185333311746357,0.0024961267503625286,0.16393,0.0
player_555da97ebd2e,Nicolò Zaniolo,2021-2022,Midfielder,8,2.51921,0.00017183849733593587,9.9563868644532e-05,0.11832,0.0
player_659076b337d1,Masaya Okugawa,2021-2022,Midfielder,8,2.82515,0.0001718200708822542,0.0001925026861664084,0.14613,0.0
player_a43d67079ec7,Pedro Ortiz,2021-2022,Midfielder,8,1.58521,0.00017169165190131493,0.00014511264063420668,0.14972,0.0
player_d7985785fdda,Vagner Gonçalves,2021-2022,Forward,8,1.78434,0.000171556134376231,0.0032255537874300274,0.17905,0.0
player_ceed94b5fa24,Josip Stanisic,2024-2025,Defender,8,2.6692,0.00017150500548606965,0.0015978132539051456,0.14403,0.0
player_7209e338e67f,Federico Dimarco,2021-2022,Defender,8,2.82289,0.0001710807209098658,0.003460024465259445,0.15047,0.0
player_c1bfc188dba5,Roberto,2017-2018,Goalkeeper,8,2.86904,0.00017106022628888304,0.0007371968092234701,0.10911,0.00309
player_6d5a63113a21,Stefano Sensi,2021-2022,Midfielder,8,2.95892,0.00017072612875554147,0.00014067785140709846,0.14245,0.0
player_43b7943cacfd,Eden Hazard,2020-2021,Forward,8,2.66825,0.00017071991007449165,0.000367913240583499,0.13592,0.0
player_6f55883b1054,Jarrad Branthwaite,2021-2022,Defender,8,2.45547,0.00017068249503798604,1.6391419035655956e-06,0.11132,0.0
player_a8ed804ab5d9,Paco Alcácer,2021-2022,Forward,8,2.67335,0.00017062184286978705,0.0077631382519108925,0.14985,0.0
player_842632966b22,Luigi Samele,2021-2022,Forward,8,1.93806,0.0001705268397301908,0.00643694928399711,0.16868,0.0
player_e49ff3755aa3,Delano Burgzorg,2021-2022,Forward,9,2.02243,0.0001704625712669994,0.005718344158277112,0.16328,0.0
player_0791aebd6306,Jadon Sancho,2019-2020,Midfielder,8,2.50567,0.00017036313469698887,0.00023640617307320368,0.14256,0.0
player_5d394a21e73d,Paul Pogba,2021-2022,Midfielder,9,2.36684,0.00017034798178236526,0.027825719382734797,0.16437,0.0
player_70080aa08b4f,Neymar,2022-2023,Midfielder,8,2.08534,0.00017033230184147253,4.0601102197494086e-05,0.11508,0.0
player_820ecb59fcf2,Kevin-Prince Boateng,2021-2022,Midfielder,8,2.54894,0.00017016277576490274,0.001281538018612442,0.15713,0.0
player_da7e437affbd,Jeremie Boga,2021-2022,Midfielder,8,2.65317,0.0001701212820986536,0.0008217498050304687,0.13962,0.0
player_fb1ca0fb6d15,Darío Poveda,2021-2022,Forward,8,2.37505,0.000170081427912308,0.024270929867442507,0.17655,6e-06
player_1da559d90641,Dybala,2019-2020,Forward,8,1.92817,0.0001700615139083097,0.0032557270868992685,0.16465,0.0
player_552b26efe45e,Geoffrey Kondogbia,2021-2022,Midfielder,8,2.34176,0.000169627494305014,0.00020598459917249863,0.13386,0.0
player_bd92f1e922f9,Manuel Riemann,2021-2022,Goalkeeper,8,2.87738,0.0001694439488517389,0.0006663026269688714,0.11421,0.011146
player_43b7943cacfd,Eden Hazard,2019-2020,Forward,8,2.54527,0.00016938160690188717,0.008643785469426311,0.14763,0.0
player_c2989c6a9072,Vicente Iborra,2021-2022,Midfielder,8,2.95853,0.00016906481258198398,0.00019168325762709154,0.13809,0.0
player_d5d946511fe3,Iván Alejo,2021-2022,Midfielder,8,2.65287,0.0001689778245990062,0.0005123410265795732,0.15845,0.0
player_8ee16c178925,Exequiel Palacios,2024-2025,Midfielder,8,2.80977,0.00016893838590300875,8.66173648798911e-05,0.14333,0.0
player_57c3934fbd2c,Riccardo Calafiori,2021-2022,Defender,8,1.95851,0.00016796029463853358,0.041387744284339556,0.18918,0.0
player_22c238b28207,Omar Alderete,2021-2022,Defender,8,2.98969,0.00016774178328123388,0.0002540766949035288,0.13604,0.0
player_f4274f72c6ed,Myles Lewis-Skelly,2024-2025,Defender,8,2.26487,0.0001674244040534911,0.00022830668894761264,0.12365,0.0
player_a218b248bdb4,Alessandro Bastoni,2024-2025,Defender,8,2.32268,0.00016740997927538383,0.00017821161373667558,0.12482,0.0
player_e0cd6554a520,Ashley Fletcher,2021-2022,Forward,8,1.71231,0.00016739168911478387,0.002000237201823267,0.16967,0.0
player_b247827fcd7b,Mario Götze,2018-2019,Midfielder,8,2.69287,0.00016689510283424743,4.82562768555899e-05,0.13944,0.0
player_7b8ecac5bf37,Marco Verratti,2021-2022,Midfielder,8,2.3851,0.0001667706145194942,0.0019204335673009161,0.15081,0.0
player_37c638f3b99c,Ansgar Knauff,2021-2022,Midfielder,8,2.83609,0.0001665338620570347,0.0006062751869950275,0.14368,0.0
player_81c856596937,Erling Haaland,2021-2022,Forward,8,2.56032,0.00016626395684680393,0.0002044160586345608,0.14146,0.0
player_52249921f382,Óscar de Marcos,2021-2022,Defender,8,2.4326,0.00016626349805130578,0.00027912436874491617,0.14742,0.0
player_a72d86b1276f,Saulo Decarli,2021-2022,Defender,8,1.56208,0.00016582827961767978,1.266414594232413e-05,0.14104,0.0
player_8d4e2459d7ea,Jakub Jankto,2021-2022,Midfielder,8,2.20853,0.00016567592974295553,0.0027366448244697003,0.13925,0.0
player_2a7a67917f74,Sergio Busquets,2017-2018,Midfielder,8,2.61376,0.00016513939350774168,0.0029566324488216962,0.16149,0.0
player_df312cc07493,Isaac Success,2021-2022,Forward,8,1.94477,0.00016451382933215018,0.016850326354535188,0.13982,0.0
player_5744a2b7612e,Kingsley Schindler,2021-2022,Midfielder,9,2.23287,0.00016425672386895018,0.003876672099422692,0.16727,0.0
player_1de8cb2062a7,Fernando Forestieri,2021-2022,Forward,9,1.65852,0.00016425353572935045,0.009563379472014175,0.17431,0.0
player_73b60a7cd768,Nicola Ravaglia,2021-2022,Goalkeeper,8,2.61258,0.0001641047867272119,0.004024447082013746,0.14367,5e-05
player_7b8ecac5bf37,Marco Verratti,2019-2020,Midfielder,8,2.52949,0.00016349969176087997,0.0008350312918709709,0.14572,0.0
player_ea3c7f9e632a,Fabian Delph,2018-2019,Midfielder,8,2.23632,0.00016342248189950805,0.0009754637978164818,0.12267,0.0
player_cc7d246d1d17,Kenedy,2021-2022,Midfielder,8,2.09349,0.00016341577741456592,0.0034354864705483288,0.16546,0.0
player_67d211b7a042,Petar Zovko,2021-2022,Goalkeeper,8,1.85029,0.00016324968051465718,0.05037299944486794,0.17258,0.000533
player_555c54788d7e,Farid El Melali,2021-2022,Midfielder,8,2.16285,0.00016296334751236724,0.008190160742335709,0.16442,0.0
player_71be2f5d46f5,Raúl Moro,2021-2022,Midfielder,8,2.41161,0.00016269182355819242,0.0011626444256565783,0.15589,0.0
player_f0c51d13e745,Matteo Lovato,2021-2022,Defender,8,2.92896,0.0001620620898116408,0.0001195795105093861,0.13446,0.0
player_8cc21afd3f39,Anastasios Donis,2021-2022,Midfielder,8,2.10104,0.00016176949942762632,0.014084085830719283,0.14751,0.0
player_07b21601ccd5,Elhadji Dieye,2021-2022,Forward,8,1.59949,0.0001613898367371641,0.0013486494980263345,0.15926,0.0
player_8c3883a77ba0,Sergio Agüero,2021-2022,Forward,8,2.2821,0.00016124325868558168,0.000626226884399038,0.14247,0.0
player_6531e2edeb4a,Mathieu Cafaro,2021-2022,Midfielder,8,2.18788,0.0001608281657853206,0.01136608593857404,0.17601,0.0
player_99db8a33b6ec,Fabio Miretti,2021-2022,Midfielder,8,2.55142,0.00016035933527495559,0.0005819669596396317,0.14634,0.0
player_5445d5bb21c9,Stefan Bajic,2021-2022,Goalkeeper,8,2.09032,0.0001595367573304178,0.03501802929888341,0.16766,0.000478
player_5054eae2737e,Tarsis Bonga,2021-2022,Forward,8,1.74889,0.00015931487890195444,0.00430086150277299,0.16445,0.0
player_0c327312862a,Simon Banza,2021-2022,Forward,8,2.25955,0.0001579777188068076,0.0007080248100855233,0.15584,0.0
player_9ece8c004669,Enzo Millot,2021-2022,Midfielder,8,1.92805,0.0001577668774582848,0.005014461808037258,0.17186,0.0
player_a5ef731e6f0a,Niklas Tauer,2021-2022,Forward,8,2.04854,0.0001569290223284533,0.001981370098496194,0.11917,0.0
player_1d4d7bb7098e,Gonzalo Escalante,2021-2022,Midfielder,8,1.96989,0.0001567399006528432,0.009576854563890479,0.14687,0.0
player_5b2cf6e30e12,Luca Stanga,2021-2022,Defender,8,1.91859,0.000156251152205469,0.0020344347648054597,0.16832,0.0
player_301011f6a95b,Ivan Provedel,2021-2022,Goalkeeper,8,2.21278,0.00015510779837567062,0.0202191185912396,0.15609,0.004633
player_d72ebe38b9c9,Jofre,2021-2022,Midfielder,8,1.85526,0.00015505738708278973,0.012387295395758042,0.16747,0.0
player_c87a9844f0bb,Neco Williams,2021-2022,Defender,8,1.78604,0.00015493156447001204,0.0027878774484496496,0.161,0.0
player_2c1a721cfd13,Pablo Sarabia,2021-2022,Midfielder,8,1.43369,0.00015480357769549053,0.003770380307956278,0.17468,0.0
player_3df6d9d1e7ca,Roberto Gagliardini,2021-2022,Midfielder,8,2.34791,0.00015431015750756426,0.00021995571067635295,0.15157,0.0
player_fae787f35f26,Thibaut Courtois,2018-2019,Goalkeeper,8,2.72246,0.00015274420899794055,0.005263069843625473,0.12091,0.000374
player_2ebf0dbc8299,Georges Mikautadze,2021-2022,Forward,8,1.58557,0.00015252040185227868,0.0022448141575773695,0.16197,0.0
player_c19ccc28833b,Yadaly Diaby,2021-2022,Forward,8,1.66174,0.0001507928857597356,0.015952663216783826,0.16424,0.0
player_e6fc2b934f4b,Frenkie de Jong,2019-2020,Midfielder,8,1.9147,0.00015035977777402214,0.03185172041607573,0.1491,0.0
player_084de3b72590,Steffen Tigges,2021-2022,Forward,8,2.02788,0.00015027175218822913,0.0020236519050745613,0.15612,0.0
player_f0a4e36994c9,Felix Passlack,2021-2022,Defender,8,2.14401,0.0001499574988739788,0.0017564029905733074,0.14848,0.0
player_2aaf0e5b47ff,Stefano Okaka,2021-2022,Forward,8,1.56466,0.00014946149464022327,0.007249896855314921,0.18047,0.0
player_8e17974256d6,Moustapha Cissé,2021-2022,Forward,8,1.60332,0.0001494266731212055,0.008663440729582686,0.17285,0.0
player_5bedbbf98c74,Trézéguet,2021-2022,Forward,8,1.93744,0.00014937832098670025,0.0014003786264725389,0.13871,0.0
player_2e866edd2fa5,Valentino Scotta,2021-2022,Defender,8,1.95205,0.0001485539853925165,7.0912238298468e-05,0.1344,0.0
player_0c32ba430db7,Matìas Soulé,2021-2022,Midfielder,8,1.93946,0.00014754376504947224,0.0037676703437603916,0.14064,0.0
player_1d7a545db87a,Edouard Michut,2021-2022,Midfielder,8,1.52822,0.00014672990509334246,0.05049870748607863,0.19179,0.0
player_ccd58bfe357e,Lenny Lacroix,2021-2022,Defender,8,1.93802,0.0001463845893215277,0.007252144465668704,0.16463,0.0
player_8f30574fdf94,Jan Oblak,2021-2022,Goalkeeper,8,2.65926,0.00014633399259622587,0.000335569234427152,0.10872,0.000499
player_078aa8f4f3ec,Jeremías Ledesma,2021-2022,Goalkeeper,8,2.05215,0.00014407095401340733,0.002174807768860696,0.14476,0.003391
player_37c638f3b99c,Ansgar Knauff,2020-2021,Midfielder,8,1.63565,0.0001440133745477934,0.010498064414463437,0.1692,0.0
player_65f8e650d569,Isaac Price,2021-2022,Midfielder,8,1.76094,0.00014386378255314743,0.0012713804546713948,0.1526,0.0
player_aa49a72e1ba8,Luca Kilian,2021-2022,Defender,8,1.95831,0.00014384241073024732,0.00484128736300166,0.15369,0.0
player_7b0c04f8b9d0,Nicolò Bertola,2021-2022,Defender,8,1.42542,0.00014183898952444449,0.0032246170256391192,0.16426,0.0
player_792a969f05ec,Tyler Onyango,2021-2022,Midfielder,8,1.40035,0.00014080580807567563,0.0016290138601240194,0.15312,0.0
player_fae787f35f26,Thibaut Courtois,2019-2020,Goalkeeper,8,1.91367,0.00013131707670486866,0.01959214370118467,0.14547,0.000277
player_50725125acca,Marc-André ter Stegen,2020-2021,Goalkeeper,8,2.53949,0.0001278768471473916,0.003105034293395753,0.10865,9.3e-05
