player_id,player_name,position_group,degree,weighted_degree,pagerank,betweenness,closeness,eigenvector
player_3fca88662462,Fernandinho,Midfielder,114,41.28277001446159,0.0013371610648169935,0.032540870318904264,0.32385050601641563,0.0006969456236206325
player_b77304495829,Wojciech Szczesny,Goalkeeper,81,61.14138353254796,0.0013063975246453213,0.016000897892390602,0.25441342181044196,8.49070119757961e-07
player_d5197c569b55,Lucas Moura,Midfielder,96,37.40209963266043,0.0011571111131082302,0.01034069943354694,0.3018419489007724,0.0010566203871507228
player_f1b57569ab8f,Raphaël Varane,Defender,94,40.98404687472597,0.001144420913874606,0.005091027281376792,0.2876964462692907,5.878729351375879e-07
player_14df0875a061,Zaid Romero,Midfielder,67,67.0,0.0010892763977232234,0.002755514658965404,0.24631795866416145,0.2548936856659253
player_1c0ef0defb8e,Noah Jauny,Midfielder,67,67.0,0.0010892763977232234,0.002755514658965404,0.24631795866416145,0.2548936856659254
player_13134b378e82,Younes Lachaab,Midfielder,67,67.0,0.0010892763977232234,0.002755514658965404,0.24631795866416145,0.2548936856659252
player_22e2a0e24e77,Luca Raimund,Midfielder,67,67.0,0.0010892763977232234,0.002755514658965404,0.24631795866416145,0.25489368566592513
player_0db4e533f67e,Isaac Cossier,Midfielder,67,67.0,0.0010892763977232234,0.002755514658965404,0.24631795866416145,0.2548936856659253
player_e8c261dab154,Juan Córdoba,Midfielder,67,67.0,0.0010892763977232234,0.002755514658965404,0.24631795866416145,0.2548936856659253
player_996565748c31,Pietro Comi,Midfielder,67,67.0,0.0010892763977232234,0.002755514658965404,0.24631795866416145,0.25489368566592524
player_11edf60cff79,Jacob Hödl,Midfielder,67,67.0,0.0010892763977232234,0.002755514658965404,0.24631795866416145,0.25489368566592524
player_868de12d93e7,Gianluca Prestianni,Midfielder,67,67.0,0.0010892763977232234,0.002755514658965404,0.24631795866416145,0.25489368566592524
player_9cb49197e15b,Alexis Sánchez,Forward,88,29.095810264527866,0.001080901251511796,0.0058155094716012545,0.29827522935779816,1.482427918924296e-06
player_27a443f56bec,Sergio Ramos,Defender,102,35.22272851903751,0.001060664037151516,0.007787752811580387,0.2972498537156232,6.030997019182842e-07
player_2c40837dd4b9,Sandro,Midfielder,103,32.72563596269971,0.0010483388121436275,0.013068154541372149,0.31922079962296757,0.0005571081152001816
player_37f823fc8300,Nicolás Otamendi,Defender,98,36.02408189358479,0.0010391784868947985,0.01580666727902044,0.31611698817672684,2.2078871652652026e-06
player_d83c2f1d11d4,Mario Gómez,Forward,89,26.522393521386903,0.0010276766619245908,0.02068917679069115,0.3231038320877723,1.4126313811044513e-06
player_5823d8fe989d,Pablo Hernández,Midfielder,94,30.102401132357155,0.0010140530089100524,0.013396163976733629,0.31218313104931633,0.0004902854266689905
player_6debe2654505,José María Giménez,Defender,92,32.60907006126084,0.0010134475969004772,0.012659658749963939,0.31511204156005274,8.376902401707397e-07
player_8262dda58ffd,Xabi Alonso,Midfielder,102,31.242139785990478,0.001009595391191915,0.012482147465640189,0.3152831652443755,0.0013381111142075884
player_220d8e1ddbe5,Ángel Di María,Forward,89,26.008806477113165,0.0009933427047395503,0.014036922108637476,0.31944662788869677,9.103656206561895e-06
player_0841e723560b,Rafinha,Midfielder,83,32.1496478993074,0.0009899884959164618,0.006067104305675841,0.29869175363810085,0.0005093525815834054
player_46cb40011cbb,Kevin Kampl,Midfielder,89,32.0043863059217,0.000968825484793818,0.004622370177484698,0.3034194415409885,0.0022014301501419426
player_66943afc80ff,Isco,Midfielder,92,28.785310049379063,0.0009578237787213299,0.015440125269727894,0.3167575993764614,0.0005135905583701988
player_acd4b644003d,Benjamin Mendy,Defender,86,33.1595724113543,0.0009469306728967457,0.007296718951792737,0.3057708223609962,6.633429425921501e-07
player_353f1e4b5f8d,Olivier Giroud,Forward,72,23.668762586100204,0.000944939163010846,0.005696831340519501,0.28399720475192175,9.69114461635544e-07
player_74a0a808dc50,Bernardo Silva,Midfielder,84,31.452867051592698,0.0009430570208201545,0.005296359718538732,0.30238095238095236,0.0024038332180030763
player_27aacb391c52,Cuadrado,Midfielder,81,27.152826377078874,0.0009321653655065564,0.010237069850133588,0.31455108359133127,0.00039281272443600823
player_dc0f1e9684a0,Ibrahima Mbaye,Defender,55,49.67943892733287,0.0009214254343177756,0.004451772740283842,0.27160328811067297,4.143608816466694e-07
player_807cafb79fd2,Piqué,Defender,93,31.585242569325946,0.0009163526095464043,0.00751636518114123,0.3112983531214094,6.710007899413414e-07
player_d5f3e3f0308c,César Azpilicueta,Defender,86,34.23509227241177,0.0009138854707424257,0.010054150114607228,0.30403231839605,6.556200126941226e-07
player_483700c69e05,Franck Ribéry,Forward,77,24.64759674599666,0.0009082547251752912,0.013421762766801546,0.31220711377429516,9.781553338512428e-07
player_e8ace7d38552,Cesc Fàbregas,Midfielder,85,29.756009492092463,0.0009065879069842505,0.005090400800860872,0.3013272039741974,0.0019748153020344734
player_f52996d8a757,Mario Suárez,Midfielder,76,27.202871544992473,0.0009049426741373768,0.014902264581121812,0.3105134474327628,0.0015188277382457616
player_053afce6ba98,Raheem Sterling,Forward,72,22.824163259126937,0.0009004369356370013,0.012912662788617173,0.30987418985894016,1.7877843127538098e-05
player_2a7a67917f74,Sergio Busquets,Midfielder,84,27.9542027186921,0.0008870953544311076,0.005163333909596284,0.3043282911487195,0.0004693118919480477
player_b6db818376eb,Gareth Bale,Forward,73,23.59413407103317,0.0008862562378891757,0.004879385959226669,0.2975763344804862,1.3022263135463793e-06
player_05725319ded7,Maximilian Arnold,Midfielder,77,27.55176493455535,0.0008691192289359438,0.0105716144574574,0.3108697315076876,0.0012048006523936133
player_995bf053c469,Marcelo,Defender,87,28.176733807854408,0.0008688035328784754,0.02115621139995185,0.32989690721649484,3.75039707550712e-06
player_d8c5a555e13b,David Alaba,Defender,83,31.23714874233705,0.0008675108845457788,0.005836529054171323,0.3034647550776583,1.0813552260468406e-06
player_320b3a59a649,Marquinhos,Defender,88,27.947786776580692,0.0008624250821780068,0.02790302471998108,0.33167387578552193,8.139667779481549e-06
player_be71d8a238a1,Luka Modric,Midfielder,84,29.369597747180812,0.0008517838711102428,0.003763040922712213,0.30607019129386953,0.0007287112438931827
player_9bd7d1ec841d,Jimi Gower,Defender,47,47.0,0.0008485694336221558,0.0014171374429879538,0.2632465345251976,3.780579157055e-07
player_06ba5bedb3e3,Marc Aznar,Defender,47,47.0,0.0008485694336221558,0.0014171374429879538,0.2632465345251976,3.7805791569933496e-07
player_4abe3591f28f,Guillermo Fernandez,Defender,47,47.0,0.0008485694336221558,0.0014171374429879538,0.2632465345251976,3.780579156720029e-07
player_fb965d68e8f0,Lilian Baret,Defender,47,47.0,0.0008485694336221558,0.0014171374429879538,0.2632465345251976,3.780579156957527e-07
player_fac30eb33e25,Samuel Nibombe,Defender,47,47.0,0.0008485694336221558,0.0014171374429879538,0.2632465345251976,3.7805791570628725e-07
player_ead21d1d4f1a,Antal Yaakobishvili,Defender,47,47.0,0.0008485694336221558,0.0014171374429879538,0.2632465345251976,3.780579156834876e-07
player_be0db2041a88,Mannou Berger,Defender,47,47.0,0.0008485694336221558,0.0014171374429879538,0.2632465345251976,3.780579156917042e-07
player_712a2d0256e4,Yoram Zague,Defender,47,47.0,0.0008485694336221558,0.0014171374429879538,0.2632465345251976,3.78057915692687e-07
player_813ffd06e403,Dayot Upamecano,Defender,68,26.49666458933553,0.0008449693320143959,0.002739290370261185,0.2736700336700337,2.2196947480071485e-07
player_478dc0e94eb8,Henrikh Mkhitaryan,Midfielder,76,26.092321550821563,0.0008427789558568243,0.004726562760027649,0.2999704753469147,0.00023497495050132385
player_f8fc256e8624,Zlatan Ibrahimovic,Forward,67,26.622281785676996,0.0008408972723102945,0.005385635246420525,0.2841361952038034,9.915832020155246e-07
player_15ee9f0a5ec3,Koke,Midfielder,79,26.619668025106467,0.0008354321190128853,0.01671124017397299,0.3206817643809674,0.00041362021599926737
player_ad387e1e0d22,Víctor Ruiz,Defender,66,24.48166397234368,0.0008325685509061094,0.028730199580743732,0.32372152302055124,5.895584570977459e-06
player_cf597a337234,Jérôme Boateng,Defender,85,27.854934787255836,0.0008285687437969719,0.010570983699677376,0.3175,1.1754693650022569e-06
player_a00de8bd0f12,Benzema,Forward,78,21.605564978082313,0.0008227122370212037,0.011532373357042294,0.3156259707983846,3.158061058666695e-06
player_f5931d6da560,Chiellini,Defender,69,29.76654142627547,0.0008171479780378023,0.004013876648815743,0.2972281138009215,9.289197885072228e-07
player_0a95aed2acf5,Aaron Ramsey,Midfielder,71,25.626123852308176,0.000814751885783512,0.004241401376225071,0.2981220657276995,0.0018338209438934685
player_e21de004eb45,Sami Khedira,Midfielder,81,26.721022002979225,0.0008143165559472015,0.022713064435045997,0.32864305353388323,0.0019342233369444885
player_5f5041792c91,Amadou Haidara,Midfielder,64,24.41951515949979,0.000813374195104118,0.005431458527515764,0.2920169576776604,0.00018516086653732355
player_d167a8b5937a,Álvaro Morata,Forward,71,20.797068445353386,0.0008113647355866372,0.011461975068083222,0.3183456055146483,1.2973461890860926e-05
player_fade05d1a9ab,Bacary Sagna,Defender,68,28.08973381869497,0.0008044930904028669,0.0030315096746134523,0.28479327259985987,3.0301545358518276e-07
player_aa02b0a456be,Javi García,Midfielder,75,24.419403136943462,0.0008011274662435912,0.006352154192894431,0.29941796213070065,0.0012145799541647202
player_099a4df3a019,Thiago Alcantara,Midfielder,75,24.719984288765353,0.0007954494609943279,0.006446508726474426,0.30364614465032874,0.0004031115624130376
player_62bf43e2db26,Danilo,Defender,70,24.147978860672644,0.0007920558977639494,0.006809790383439933,0.2976417167130511,3.744895615145226e-07
player_4a944f6b20b3,Kyle Walker,Defender,67,26.639152847187205,0.000784194753966263,0.002518094419425431,0.27133128588596606,2.9136940375352787e-07
player_8764c335b0a0,Emre Can,Midfielder,70,26.673144023304953,0.0007837053726209527,0.0015645185238463623,0.2767638245709616,0.0006697632294570937
player_ae845fc0c991,Eric Dier,Defender,67,26.784884611994425,0.0007787406519111929,0.0026164691508345065,0.2737622094981475,2.731121893516231e-07
player_eac0cfd49518,Kanté,Midfielder,63,23.641614507997303,0.0007665671504843427,0.0038629023323953765,0.2981658107116654,0.001663018239289783
player_9322d5a0d585,Marcus Thuram,Forward,55,19.604818773988576,0.0007663383025048432,0.003747452904817076,0.28499298737727913,1.0570989902721622e-06
player_c39471220d1b,Ederson,Midfielder,72,23.18801133640058,0.0007627862227746487,0.013888397023234425,0.31132220009192585,0.00042271619710406593
player_3607b6686fd5,Edinson Cavani,Forward,61,19.937330890618973,0.0007571771231580615,0.0066265886420517495,0.29957246056317266,1.254020846212827e-06
player_19d5cc5e7754,Luuk de Jong,Forward,65,18.820790546486474,0.0007546097051230033,0.01119245510950374,0.3103237629810629,1.998061743746104e-05
player_8c3883a77ba0,Sergio Agüero,Forward,68,20.320453597533152,0.0007545231257644214,0.024931300500058894,0.32987012987012987,2.4926594563008997e-05
player_d6f16266352f,Adrien Rabiot,Midfielder,65,25.63969909308495,0.0007544344886371508,0.002085757570696578,0.287716814159292,0.0005068103579053266
player_373ec0a67044,Julian Draxler,Midfielder,70,22.1487224068127,0.0007538800751027377,0.00509404866852049,0.2997934493951018,0.0003663177751193347
player_2a41482533c7,João Moutinho,Midfielder,66,25.4382330360365,0.0007503734229258971,0.001871018327677541,0.29161882893226176,0.002072042909049811
player_b623e24add2f,Nacho,Defender,67,23.988107802981666,0.0007496263061264051,0.00406448481608829,0.2896237172177879,3.599145628016686e-07
player_df4f9eda9c89,Benjamin Pavard,Defender,61,25.593413781509845,0.0007451530471158277,0.0020744394205193975,0.27100560149373165,2.5046425948242436e-07
player_bd974787ed78,Jordi Alba,Defender,75,26.04607705363919,0.0007444625035315646,0.0034047088496377063,0.30373692077727954,7.933027766435631e-07
player_38e563a8fe4d,Matip,Midfielder,76,21.8941352093263,0.0007424864930375265,0.018275313266682507,0.3302454087437023,0.0003437806713880071
player_2fbd709a9da3,Marc Bartra,Defender,55,23.332067478936995,0.0007414343206731857,0.0038492129855523275,0.282202624817721,1.9467338360398346e-07
player_3ce4f0bd3442,Arturo Vidal,Midfielder,69,24.584409480826043,0.0007411820046329071,0.003373385515519925,0.3003473505284162,0.0018473980650794723
player_6b265a603d65,Mats Hummels,Defender,73,26.181892007754048,0.00074042293824164,0.006363269784878566,0.30023640661938533,2.4268955524312206e-06
player_745563c4992c,Vinícius Júnior,Forward,57,19.28302393243477,0.0007376587763246006,0.0019545034910289443,0.2777663864397512,9.978733261807926e-07
player_8ecc3aa3b0c4,Thiago Silva,Defender,70,27.222194150002924,0.0007373140379376618,0.004159450130683338,0.2894380742112385,1.6886287637753666e-06
player_57d4487240e9,Pau López,Goalkeeper,42,37.67305636822056,0.0007320100965500129,0.004863989056241835,0.2459452916969257,8.176456647237365e-07
player_e7d23867dd7c,Dani Alves,Defender,72,24.051632604783546,0.000722992891533341,0.0029692617198500432,0.2975545467857666,5.385339880815337e-07
player_19984dcaea13,André,Midfielder,60,22.650891778242087,0.000716362096638036,0.003275242968855031,0.29502722323049,0.001872315973009941
player_1da559d90641,Dybala,Forward,60,18.527234474761393,0.000715189534033967,0.004196971414844045,0.291242654436004,1.0965061031081278e-06
player_4ba8b9d70ba3,Ousmane Dembélé,Forward,61,18.962202954973513,0.0007095497630524055,0.004232278062091129,0.3005250314279376,1.3975884875229842e-06
player_0702e6dee64e,Lionel Messi,Forward,69,20.496760474331584,0.0007069390733857726,0.00922336192243408,0.30999237223493514,1.5542419116967381e-06
player_986a6542ac73,Breel Embolo,Forward,48,17.861631219839833,0.0007011098558702467,0.005691612850674619,0.28421567941814113,7.816463079523363e-07
player_8c88622a9a5d,Cristiano Ronaldo,Forward,64,19.161470160276025,0.0006976405381214166,0.006279808730965354,0.3145267394164538,1.850396331960509e-06
player_a9ea0b252f98,Laurent Koscielny,Defender,64,23.497583116322776,0.0006975368382091592,0.002401573681610569,0.29076339700937254,3.9426319296348486e-07
player_999d89d1817f,Rodri,Midfielder,59,21.67743581413267,0.0006967442300130466,0.0047906469320088485,0.29537030307435136,0.00035652801272189163
player_6a154fc36edb,David Silva,Midfielder,67,23.67330267707945,0.0006959186055069093,0.0024304102815777113,0.2901820778293467,0.0007707214189119525
player_14fb9f5963bf,Bernardeschi,Midfielder,58,21.70323243704687,0.0006911604114069717,0.003190027258657984,0.28857487751189376,0.0035467855353519297
player_79df64f73eab,Adriano,Defender,69,22.531333082207567,0.0006887590420616531,0.007144309108606656,0.31321772639691714,7.707791527983238e-07
player_40326600ba18,Marco Reus,Midfielder,62,22.468075363249415,0.000687058170012801,0.001883002765456171,0.29556363636363636,0.001675848890156201
player_8725336ec431,Iker Casillas,Defender,65,23.339229462224598,0.0006865974063272604,0.0017968965569404706,0.27983199063554365,3.078014343908296e-07
player_3b3e2f49549f,Andrés Iniesta,Midfielder,68,21.402494134326346,0.0006865890332955941,0.003141723223264873,0.3000812227719117,0.0004044194883318018
player_94d865dd97c6,Francis Coquelin,Midfielder,52,21.694524377340237,0.0006864075502073414,0.0017099343290344733,0.2797934595524957,0.0004336599575821893
player_08a1e6a69c66,Konrad Laimer,Midfielder,62,23.167035355947334,0.0006859962713096542,0.0011342440075302975,0.27670729216313744,0.0007907186123485769
player_95959f5d3f9d,Mario Mandzukic,Forward,53,16.542918288841832,0.0006817653911510474,0.0019604732407546774,0.2754320569298543,7.543058477033801e-07
player_be92079a926b,Saúl Ñíguez,Midfielder,63,20.510347886847736,0.0006810153923398931,0.006531915414762195,0.30092558311736395,0.001280085676807668
player_b7f4533719fd,Óliver Torres,Midfielder,57,21.27882228714192,0.000678867003048551,0.0030202480086990047,0.29599417334304445,0.002551588176733291
player_c69b4515a317,Raphaël Guerreiro,Midfielder,62,21.808909161778267,0.0006775049646635324,0.0031027153840434258,0.2954132441666061,0.0017825084265506044
player_3365e7eb8e9e,Thomas Müller,Midfielder,67,21.22900671755025,0.0006763087740657108,0.005173544927911574,0.2978162098783526,0.0017880492703994887
player_7499dbaa08b4,Pašalić,Midfielder,62,21.760910815322337,0.0006753153869012092,0.003002965954120611,0.3010816417247,0.0021017257317408203
player_ee5683eff03b,Valverde,Midfielder,60,20.07744879958148,0.0006752950679155577,0.003019634844314952,0.2934931754170578,0.00020114353769258304
player_699dd713aade,Marcel Sabitzer,Midfielder,58,22.086579107260107,0.0006744665677189464,0.001502296887782257,0.277179102441686,0.001856679124074697
player_771007bf009c,Alex Telles,Defender,62,22.539399387100634,0.0006723784034679903,0.005733363837619721,0.31025269104511793,1.4119816764250918e-06
player_5ef16e17864d,Ilkay Gündogan,Midfielder,60,21.60865132743539,0.0006535471730819238,0.0014876400237655147,0.28559381588193955,0.0006409750764224867
player_84ce1fddf4aa,Fabinho,Midfielder,56,20.221189539455477,0.0006516018540429563,0.002941278415970442,0.29082581937884644,0.00027682769088349814
player_68830aef4dbf,Arthur,Midfielder,55,24.934853488896753,0.0006510653280182516,0.006401021148791316,0.2778613428141666,0.0862027076228965
player_d477d15349db,Ben Davies,Defender,56,21.563613720479264,0.0006490340370254316,0.0012374188144572377,0.26094773340182353,1.3166410982338387e-07
player_4ec2f926917c,Yannick Carrasco,Midfielder,63,21.006436759326224,0.0006481729723164059,0.0031020967803211475,0.30045837646015083,0.001719748838302764
player_223a9432b6ba,Marcos Llorente,Midfielder,55,19.653691103913683,0.000645374535706662,0.003775890629335866,0.28810435275769175,0.0001480720199494219
player_27620d661e2a,Jesús Navas,Defender,55,20.60652582927872,0.0006439878010683583,0.0025824116915345936,0.2809346052813494,3.3770252148581395e-07
player_2efb46bed4b7,Jorginho,Midfielder,52,17.857163624507287,0.0006419703635998619,0.009863363530600949,0.292542470486611,0.0001643626193676776
player_8b8018f5dfda,Alex Oxlade-Chamberlain,Midfielder,54,21.753629927397874,0.0006416119464068379,0.0015542945620937237,0.28169404588618563,0.005060413664384047
player_7d03385f721d,Danny Welbeck,Forward,58,16.970502411654632,0.0006405824563161302,0.01635105460940423,0.3142592019795855,1.048761399089476e-06
player_8601f6e1028a,Maxwell,Defender,56,21.731702121660145,0.000640246514825074,0.002368201444945501,0.2852930852930853,2.640588303646929e-07
player_8d0da90f6ef5,Stefan Savic,Defender,57,20.9810110329399,0.0006384525347166702,0.0017941847892724327,0.2672804998355804,1.8564354069348948e-07
player_4e2aa7ed87f8,Salko Hamzic,Goalkeeper,34,34.0,0.0006382245149279658,0.00022912139440433934,0.2156883558008704,3.4531114147563364e-07
player_87a174fa8a3f,Dario Marzino,Goalkeeper,34,34.0,0.0006382245149279658,0.00022912139440433934,0.2156883558008704,3.4531114149608313e-07
player_82ff1a404e79,Niklas Lomb,Goalkeeper,34,34.0,0.0006382245149279658,0.00022912139440433934,0.2156883558008704,3.453111414603129e-07
player_d3ff5c67a466,Silas Ostrzinski,Goalkeeper,34,34.0,0.0006382245149279658,0.00022912139440433934,0.2156883558008704,3.4531114148689447e-07
player_6c071ecd338f,Niek Schiks,Goalkeeper,34,34.0,0.0006382245149279658,0.00022912139440433934,0.2156883558008704,3.453111414818305e-07
player_3fe01f5a58d3,Daniel Peretz,Goalkeeper,34,34.0,0.0006382245149279658,0.00022912139440433934,0.2156883558008704,3.453111414920943e-07
player_3fd5498e3fb9,Martin Trnovský,Goalkeeper,34,34.0,0.0006382245149279658,0.00022912139440433934,0.2156883558008704,3.453111414491736e-07
player_0046fd953e2d,Vincent Kompany,Defender,55,22.49273154687339,0.0006367912871414194,0.00229623908184645,0.29317558793824844,4.2556491590557107e-07
player_f070f8e348b8,Kingsley Coman,Midfielder,60,19.861316118931498,0.0006362250832893753,0.007482244818803764,0.30238095238095236,0.0011757381654884387
player_6c4ee85ff749,Willian,Midfielder,59,19.522115154031628,0.0006354803718490933,0.0039052311916899906,0.30669383442759035,0.0012158923755792835
player_935f9c41357a,Lucas Vázquez,Defender,62,20.257158416892505,0.0006353374544305976,0.003780368127348961,0.30298963691940656,1.0692818852514522e-06
player_9b8a9d7b4531,Koundé,Defender,59,23.13838767921968,0.0006351987100493221,0.0008383282145635636,0.28140146794072846,4.564022384165869e-07
player_3d8a32b8a94d,Branislav Ivanovic,Defender,60,21.441835995831855,0.0006308257370184368,0.004637840776288077,0.30278646997466846,2.5170412931423976e-06
player_cb5b3166f2bd,Éder Militão,Defender,61,22.868860606552584,0.0006307988785350128,0.0009882503703153229,0.27545072522705705,2.9862928118646653e-07
player_7a260dd7805a,Lukas Klostermann,Defender,46,23.64417084793333,0.0006258832109784155,0.0031561135718136193,0.2760494498030159,3.1697172068614365e-07
player_1a742f02f2cc,Thomas Lemar,Midfielder,51,25.289115050801474,0.000623148802870307,0.004665884457579666,0.27258702796968276,0.08485089006652315
player_c84eca8f9179,Martinelli,Forward,46,14.894417579476652,0.000620782938785956,0.008141808173804475,0.3000369139904024,1.8853878477468862e-06
player_dd5735717a3e,Casemiro,Midfielder,60,19.716461139114084,0.0006206072188129079,0.0035092917912149914,0.29886748051184,0.0003583888000137767
player_89f4cba68559,Oleksandr Zinchenko,Defender,54,20.60408188421889,0.0006199312004542719,0.003718176188374955,0.2833833066034447,4.4817358077327876e-07
player_d325b431ba49,Emerson,Defender,46,20.032575583002917,0.0006187389455172976,0.0015502618084334108,0.2746873943899966,4.108456382003021e-07
player_ecaac7ceb36b,Phil Jones,Defender,50,20.806081960526413,0.0006182367306368499,0.0016957619002111995,0.27695243287447185,2.917970761936441e-07
player_1070e1455da5,Manuel Akanji,Defender,56,22.93947278604514,0.000618033674470677,0.0006528846645800053,0.266038229903116,2.3839695946783832e-07
player_788dbb4eb485,Lucas Beraldo,Defender,42,18.885334980914152,0.0006176832126912777,0.0022751315011988434,0.2641705668226729,9.296707241986833e-08
player_ce6693da278a,Mathieu Flamini,Midfielder,43,21.025780534541266,0.0006166557724528271,0.00044488689333318246,0.26607306533979314,0.0018747193088621478
player_16a180d557bd,Iván Marcano,Defender,42,18.378525942694594,0.0006112065587427466,0.003623789001568637,0.28373944006143964,1.9439232865000812e-07
player_a7a34c419974,Héctor Herrera,Midfielder,62,18.775334417008406,0.0006083018728547826,0.00776205175081842,0.3084395871281117,0.0004012110690730394
player_46e8f942f822,Ramires,Defender,55,21.24269546411953,0.0006067333502035809,0.0019778691633254696,0.28886203710285024,4.195979813922425e-07
player_ad671031af25,Tolói,Defender,50,24.517514018162142,0.0006044663992077864,0.0028712494304833354,0.2856138871319137,3.976993079752778e-07
player_6d1a9135f654,Ángel Correa,Forward,44,13.606775410203733,0.0006018125806671389,0.001782522958142557,0.27082500333200055,7.051275885445314e-07
player_5bfe40b0828c,Kostas Manolas,Defender,52,18.057748650952448,0.0005997564717277664,0.006792922007782908,0.3007474284022793,4.4530283082928194e-07
player_91e3bf924a67,Luis Díaz,Forward,45,15.60637824774788,0.0005980310893912013,0.0012482340691753505,0.26621249836237393,2.9653545435267525e-07
player_8af36451ea4b,Kieran Gibbs,Defender,52,19.445775067497742,0.0005958512397629197,0.0030599266070150716,0.2869043416872573,2.1747321095740684e-07
player_e48fa98371aa,Andrés Guardado,Midfielder,50,18.048412102445052,0.0005954102108081756,0.006851934281131334,0.3035554227666567,0.0003745064917695878
player_9d49c2b8a62f,Chris Smalling,Defender,47,21.324789567053195,0.0005943925949079658,0.000535245360389559,0.26442839482074304,2.1441088187546868e-07
player_09610961ba9b,Mané,Midfielder,54,24.148452718256006,0.0005940778596168439,0.011670341371080193,0.291326164874552,0.0845822931539427
player_608673e5d9e4,Miralem Pjanic,Midfielder,56,20.512388940014834,0.0005932929751243304,0.0013612521574834686,0.2934931754170578,0.0016898192289305507
player_da06433fc9cb,Julian Ryerson,Midfielder,49,18.27777295306928,0.0005927533607175765,0.002182921256815655,0.2836800223370096,0.0002639564288656102
player_ec878b562dc2,Waldemar Anton,Defender,48,18.972436670010914,0.0005922607756343183,0.0015148881358230891,0.28237909949972206,4.6381305409343476e-07
player_5c0730bf50a0,Martin Ødegaard,Midfielder,37,17.30405961881915,0.0005914460042336939,0.004953307723640309,0.2610650735530288,0.00015829664097970293
player_93ef03246029,Ömer Toprak,Defender,52,19.40276648322457,0.0005907925297782555,0.003448680309424002,0.2996829142393629,7.969787037715285e-07
player_79eaf55de9ab,Conor Gallagher,Midfielder,45,16.92197844480183,0.0005887181839203279,0.0030400378330765424,0.27793735467104363,0.00010941036268832746
player_feee7265221f,Mehdi Taremi,Forward,49,14.382552869016708,0.0005875553871760994,0.0020785988190348457,0.28017924853498793,1.3030194893666299e-06
player_7bd3801e1972,Diogo Jota,Forward,43,15.439099035970006,0.0005869834500284268,0.0022365860855319123,0.28190899001109876,1.1055949102774382e-06
player_a8e406c7124f,Bonucci,Defender,48,21.5122306858038,0.0005851450323971441,0.0008762582508903882,0.2849330435392274,4.810083559370071e-07
player_f94df3a7f1ee,Leandro Trossard,Forward,43,15.448542520646825,0.0005851127556466286,0.0013798656108816776,0.28559381588193955,1.098706929227173e-06
player_698859671092,Ivan Rakitić,Midfielder,54,20.36513431286353,0.0005844807673843382,0.0007021732061771034,0.2781656399726215,0.00046706388856547964
player_646307f7f49e,Edgar Castillo,Defender,41,17.150866733544277,0.0005843054437184681,0.004603295048839114,0.2642736376641956,8.47569891160938e-08
player_e582277f703c,James Milner,Midfielder,55,17.996834524113485,0.0005834888152861896,0.012677354164165669,0.30876766448867954,0.0025132235931370154
player_70080aa08b4f,Neymar,Midfielder,60,18.377299718827892,0.0005828312514983503,0.012021268807094912,0.31472159838922015,0.0013013644313688787
player_c58128c7773c,Kevin De Bruyne,Midfielder,57,18.203099789613784,0.0005816783210203842,0.0022939779433429532,0.29357798165137616,0.0016003844723227404
player_760a380cd266,Javi Galán,Defender,44,16.939331271005035,0.0005782315923367575,0.0033462943841863287,0.2786042366490711,4.652251351275676e-07
player_7e7dcb823cb8,Robertson,Defender,53,17.985415219130317,0.0005737705248304269,0.002530915915930252,0.2812067533905342,3.0802889973682233e-07
player_c6cc8094c2dc,Pedro,Forward,52,14.891742420181824,0.0005715826897671603,0.02046355060487892,0.3326239973809134,1.686792449026614e-05
player_8acb948f222b,Piotr Zielinski,Midfielder,47,19.173871702048572,0.0005706912542106493,0.0010256336203093653,0.2737806521153328,0.005731518740737416
player_a6710c30cef6,Nemanja Matic,Midfielder,49,18.219446783562976,0.0005703056379835216,0.0011876143618576767,0.28441458464553154,0.0002965059142235204
player_fae787f35f26,Thibaut Courtois,Goalkeeper,38,21.4912220945563,0.0005677903961175992,0.0017755481234171771,0.22711523415670057,2.9845721603812654e-07
player_244491437a8b,Mateo Kovacic,Midfielder,47,18.002454999876957,0.0005647028840220869,0.001391369785462985,0.2758433448720559,0.0003090613668120893
player_80e6e341d132,David Raya,Goalkeeper,35,22.385712066727883,0.0005630099730182384,0.0013828895249694368,0.22381319528582444,4.905039771279354e-07
player_2c8b60ff5713,Blaise Matuidi,Midfielder,47,19.395157244130207,0.0005627364735804859,0.0005745268818036158,0.27810853349757064,0.00040837477999547856
player_926e27eecdbc,Pepe,Midfielder,55,17.837064808405852,0.0005624637431463115,0.0041822783946343315,0.30092558311736395,0.0003541888851803993
player_e74ce1bc2d80,Nélson Semedo,Defender,48,20.40128897334008,0.0005615667344732555,0.0005893578609815718,0.2704645281512046,3.2155374324878426e-07
player_a055d3e58c07,Robert Lewandowski,Forward,41,14.550135233979226,0.0005605556342356509,0.0021949658757740988,0.2774819063225454,9.77445037414954e-06
player_5cfeffd21e82,Douglas Luiz,Midfielder,39,16.200771711523107,0.0005600291481186254,0.0021939769406279317,0.2772169167803547,0.0015007166245463402
player_800cc65d5960,Stepanenko,Midfielder,47,16.09151921548944,0.0005581759190314404,0.002896202740277739,0.29549916381880315,0.00028334383942380957
player_41f9dce758ac,Dani Olmo,Midfielder,47,16.080922190808216,0.0005563052693206477,0.002602851930284207,0.2841958041958042,0.0002429248307166548
player_dd045090c225,Rafael Borré,Forward,32,13.596716927737162,0.0005561900696042737,0.0023914103305412325,0.2643423962534149,4.327192156018007e-07
player_8a968eba4665,Aleksandar Kolarov,Defender,44,17.057348253425793,0.0005557723874692167,0.0026664113600482794,0.28163548163548163,2.4276790005240604e-07
player_1b91f6b83e9e,Asensio,Forward,49,13.185148235690804,0.0005546404487478919,0.004692186943970739,0.304465088402757,2.0302806737387935e-06
player_cc479ee70694,Mathieu,Midfielder,46,16.892242797745855,0.0005545387240779911,0.0027880139571128766,0.29063863262533074,0.0002675312640977615
player_207e1b5caf22,Antonio Rüdiger,Defender,48,20.130993303411746,0.0005540461148416052,0.0007766793004661939,0.2726784755770263,2.452472217058146e-07
player_3e9c82e39e20,Patrik Schick,Forward,43,14.768896143615645,0.0005537243837456623,0.000694267133481701,0.26398181227671325,4.3968326304043037e-07
player_cbfa3ca77c33,Lucas Digne,Defender,47,19.28482972997241,0.0005523866908103346,0.0009027221576381195,0.276011953273567,6.342251367646664e-07
player_a39d7885182b,Bentancur,Midfielder,47,16.03599929214791,0.0005506874105412421,0.0019976164618650473,0.28783908208796655,0.00021095842876883337
player_5fd8ea7c4958,Denis Zakaria,Midfielder,47,16.82719281732143,0.0005500870922335007,0.0018760751095916637,0.28722877941904024,0.00022638920699182528
player_503fa3246fc6,Ben White,Defender,42,17.33860215774233,0.0005491016460353257,0.0016666910803445514,0.28439468159552134,5.956740751640827e-07
player_a21d85a2df18,Axel Witsel,Midfielder,48,17.82343290297552,0.0005478214439877975,0.0008970460730680994,0.2757123473541384,0.0003088709046950929
player_9a3288db928d,Nuri Sahin,Midfielder,47,15.307291585042666,0.0005450177597460066,0.012104385868229874,0.31134605071631044,0.00018851708512593893
player_907c0a2e7260,Leroy Sané,Midfielder,44,17.164987010512498,0.000544910887412116,0.0009831812112398443,0.27545072522705705,0.0006446157548004283
player_c1f23c3ad67b,Patrice Evra,Defender,44,19.77026732917132,0.0005446912666303233,0.00036556792307839244,0.2696927466985201,2.793958673625909e-07
player_27e961fc1a27,Domenico Criscito,Defender,48,15.646411658932907,0.0005444382484944475,0.012767526733344125,0.3155524497243575,2.5509652750656143e-06
player_d3ec120706f7,Freuler,Midfielder,46,18.451474027112976,0.0005441980200098592,0.0008792284296416347,0.2811483915600138,0.0005314330267845174
player_1ee1877c6655,Miranda,Defender,44,15.808594203097137,0.0005415145148637009,0.006156783050735352,0.2861367316764064,2.198983627124846e-07
player_449dbe64c804,Gerard Martín,Defender,43,15.625828210688384,0.0005413087888237301,0.004243196401928965,0.28308721092226247,6.155745152697272e-07
player_6d7c33f5d005,Matthijs de Ligt,Defender,48,17.356395851996353,0.0005389676324195382,0.0017527685536274388,0.28968565115118683,5.163938219362667e-07
player_2c4bc4bbc866,Vitinha,Midfielder,47,16.1808389314714,0.0005388003112110599,0.002487244734845567,0.28877993320542883,0.00030916824174230203
player_36d8ccdd280e,David Luiz,Defender,45,18.108074523811176,0.0005385753913067411,0.001135994243164797,0.2809151862860303,3.214647564302448e-07
player_4cc574b1b977,Clément Lenglet,Defender,49,19.16188642187407,0.0005375045568962182,0.0005655658064934176,0.26442839482074304,2.0459477287727793e-07
player_b43969ca6c3a,Tiemoué Bakayoko,Midfielder,49,17.167225762458347,0.0005373565250017839,0.0012687366983348662,0.2899543378995434,0.0013771440003681188
player_84b0e5e5e3b2,Pyatov,Goalkeeper,34,21.158203420930285,0.0005339961382379766,0.0013566293857131756,0.23477758521086078,4.026818815368033e-07
player_9a21509db3ec,Giovani Lo Celso,Midfielder,39,15.85226686138837,0.0005335657776602262,0.0020605905428404273,0.2761432357138004,0.0002495007292266227
player_747297b838d7,Seydou Keita,Forward,45,12.941067782402701,0.0005335036957163226,0.004937337774079126,0.3024709735040191,1.3278359211907927e-05
player_c71870dca5b8,David Ospina,Goalkeeper,43,17.237183230970487,0.0005331834483260992,0.02877965661597502,0.3090494296577947,2.526538486684648e-05
player_90dfb7cdc147,Jude Bellingham,Midfielder,48,18.140995846575336,0.000532665712512514,0.0005337534654857711,0.26726292253058004,0.00041487307857361827
player_b3197b01a830,Émerson Conceição,Midfielder,54,14.244431858652698,0.0005325876959093015,0.007056620723830098,0.303328855052993,0.0011391256426789734
player_80055eb1e106,Robin van Persie,Defender,43,17.30446987470002,0.0005312150860820886,0.0013114485726822785,0.28134302526825894,4.1249289047351986e-07
player_260e1ce89e4a,Sead Kolasinac,Defender,43,17.24243054921644,0.0005308994565454454,0.0020352339536928105,0.27483600459863394,1.275410378725721e-07
player_523e28bc1683,Diego Perotti,Midfielder,49,16.67697846564589,0.0005307815400607385,0.001007481984641591,0.2778613428141666,0.0006609675742749744
player_dd9e2080ceeb,Otávio,Midfielder,49,15.589927179256364,0.0005295043343045286,0.008748614440139567,0.31151310746588995,0.00025437183814336703
player_c2d5b9baaa71,Dejan Lovren,Defender,45,18.23834046296164,0.0005287400963610339,0.006035593391495953,0.29099241013890875,3.805349519353675e-07
player_69d4d50d86af,Kristjan Asllani,Midfielder,36,14.589558115790192,0.0005278087661752217,0.0017649453053920417,0.2667716948930025,0.0012376312987733206
player_7942acfcfa7d,Jakub Kiwior,Defender,43,17.219758424199608,0.0005273620793422696,0.0010725140342616193,0.26685928163372513,1.1277705062647426e-07
player_04847a03f721,Thomas Partey,Midfielder,49,17.702334368335116,0.0005271697964168418,0.000752720126359929,0.2771035047047593,0.0004168807741492608
player_78f129d6046a,Huntelaar,Defender,47,16.039518480403338,0.0005243706137751532,0.00261470165321,0.28794105143828824,4.014208661014214e-07
player_b6e867e1941b,Dominik Szoboszlai,Midfielder,45,16.248083468203976,0.0005236161556169286,0.0014493226937669086,0.29353557240881184,0.0003196465095142148
player_acbc99cec6be,Vanderson,Midfielder,38,14.72102251027115,0.0005230368622307671,0.0016689119478770738,0.27105982791969585,0.00010836834413228158
player_f2d38f4c27d7,Luiz Gustavo,Midfielder,51,16.058672753486206,0.000521833245416694,0.001492024517982959,0.29266887512602624,0.0003124019446447728
player_d2626d98ab4a,Bradley Barcola,Forward,41,13.093384012282982,0.000521488346516247,0.002676613123203961,0.287086747668833,1.294862984246623e-06
player_a9b5c773d2ea,Yacine Brahimi,Defender,42,16.667857695815293,0.0005211418099546056,0.0011233583772314285,0.27078891257995735,1.8153004736087992e-07
player_c1bfc188dba5,Roberto,Goalkeeper,47,15.89053559266723,0.000520167537058024,0.0038152557721018287,0.26172076249356,1.1506227975316979e-06
player_7b8ecac5bf37,Marco Verratti,Midfielder,53,17.230330811734113,0.000519643979885183,0.0012286408807194334,0.28818607289746134,0.000334433872596232
player_564989cf9096,Juan Bernat,Defender,47,14.589275944544024,0.0005188308862343512,0.014946005895185514,0.3208843268851165,1.3892445795229418e-05
player_38c94a46b58e,Sergio Escudero,Defender,48,15.051412807188843,0.0005186044222028448,0.014435154917516508,0.30883805760316135,1.6525059255202397e-05
player_8a4f22f428c0,Nordi Mukiele,Defender,43,16.204613432414668,0.0005180220791212568,0.0019489438527762841,0.28696511792119755,7.613215617314142e-07
player_86f9cc502ccb,Marcel Schmelzer,Defender,45,17.234786517708336,0.0005178885407648975,0.00115064849020271,0.2815379286456529,2.1918471995637812e-07
player_981d11c618dd,Davinson Sánchez,Defender,37,15.641883877593678,0.0005176508637458029,0.0021666357752026903,0.27550674530540303,2.7047361734759856e-07
player_b73717357625,Tammy Abraham,Forward,32,11.771427147797615,0.0005169458769166232,0.00196442364349288,0.2641705668226729,2.5257036273598373e-07
player_513aa116e284,Chiesa,Forward,31,11.809224601557387,0.0005157443619080765,0.004977292802202869,0.25928288886053336,9.844451530735335e-08
player_ea7ef59c7061,Mattia De Sciglio,Defender,45,16.882871563225947,0.0005128005274070432,0.0014809404743128364,0.27180310326377743,1.4234233929690665e-07
player_e929cfb7b81a,Mathías Olivera,Defender,38,15.552505470256976,0.0005124700683706767,0.00201846801174807,0.278814489571899,2.0863852005032207e-07
player_3cd02f56215e,Dele Alli,Midfielder,40,15.00417022668678,0.0005123384412634986,0.0025131048211271263,0.27767149494397375,0.0002508131867736725
player_65e2ed04c7c2,André Silva,Forward,40,12.335429120023734,0.0005121540072409035,0.008450945010959237,0.2932813740347839,5.577559478732338e-07
player_3bc89ff4028c,Josko Gvardiol,Defender,43,18.066437306985247,0.0005108193240228431,0.0005554210458189391,0.2716759141653854,2.447286223261135e-07
player_a0d499c75105,Gabi,Midfielder,48,16.8701570736523,0.0005101829466010629,0.0010504661396754942,0.28898528052335914,0.0015091598225867506
player_9ebc3b039b42,Aymeric Laporte,Defender,46,18.4101210657827,0.0005099501200574845,0.00041333449304833475,0.269710645075657,2.6446740850238626e-07
player_cebdd715d4ec,Fernando,Midfielder,53,15.26239514495865,0.0005098412890990941,0.003722509877916751,0.29842855044793654,0.0001934301222375263
player_8fd4cb861bd7,Toni Kroos,Midfielder,49,16.945669612072326,0.0005083585410364283,0.0008339911077829117,0.28739127360158406,0.0004293058007325609
player_6570c17277e4,Claudio Marchisio,Midfielder,41,17.493085446769985,0.0005060120105337914,0.000425225290708259,0.2747616793996349,0.0005521256754114991
player_783eaeb24b49,Alisson Becker,Goalkeeper,34,19.6091692408979,0.0005051012056945429,0.007238843585960701,0.25711755029735545,1.1904356378806927e-05
player_37c638f3b99c,Ansgar Knauff,Midfielder,41,13.534485100560932,0.0005050750106758339,0.005897345563636546,0.2815769417307559,0.0001257527462991586
player_9c2f8920e876,Juanfran,Defender,51,16.65622274935125,0.0005043370240972254,0.0030379401259008816,0.30811220621683094,1.023395360506935e-06
player_5d51ac6002bb,Francesco Acerbi,Defender,43,17.87210378322053,0.0005025213132641017,0.0005753256018000867,0.2665092792970031,2.4294784855101787e-07
player_af10ad0fb7da,Javier Mascherano,Defender,48,17.0920141569872,0.000502117883030239,0.0021695532881521227,0.28857487751189376,6.599173711131366e-07
player_fd9e80c42216,Bernd Leno,Goalkeeper,38,18.18104171225868,0.0005016846282512963,0.004161544478151311,0.2473674599793049,2.87011106553411e-07
player_5b0c6b0eeeda,Neuer,Goalkeeper,40,17.768100100831372,0.0004988557884182379,0.014678369854549483,0.27827992330868256,1.1894118940779787e-05
player_6797bdaada0e,Antoine Griezmann,Forward,40,13.387723165628664,0.0004985130093697819,0.000926653600544158,0.28773718493344663,7.267175193837406e-07
player_ed52ac169a9e,Kylian Mbappé,Forward,41,13.359993669932514,0.0004981573651003567,0.0029431015430109787,0.30708780414084935,1.2261460216653537e-05
player_a96e7c5895a0,Mikel Merino,Midfielder,42,15.007546618399758,0.0004972325671308776,0.001918308114435515,0.28421567941814113,0.0009891243364870182
player_c3f9c81ea578,Giuliano Simeone,Midfielder,32,12.317118689591608,0.0004969577059245702,0.006087457115999902,0.2625322997416021,0.00010469383813890494
player_19bbb55d37a0,Michael Barrios,Defender,38,14.469809007533232,0.0004956391127768242,0.002507925506325761,0.27742508021025325,4.2099403773535424e-07
player_ec29ab88ae62,Nico Schlotterbeck,Defender,46,15.6174289737054,0.000495111318008916,0.0012627311044403732,0.2874115983026874,4.682972784561098e-07
player_dd2714ca3fc5,Diego Godín,Defender,45,14.43380702780094,0.0004930860592384194,0.004351381584743602,0.3000369139904024,6.800119979383875e-07
player_eb7cb17f1598,Denzel Dumfries,Midfielder,42,16.229232117076645,0.0004927790230499509,0.0006949314342010618,0.2711683458997798,0.0020917936323497
player_97f076f58877,Davide Frattesi,Midfielder,34,14.248741136872564,0.0004924902372333406,0.0014403925520022937,0.26946028378199177,0.0002773483000812292
player_86ae79038272,Mario Hermoso,Defender,41,14.27609561035497,0.0004915398217060982,0.0028285295834952766,0.2729715206878023,3.010628225794787e-07
player_7f4b5805b926,Lukasz Piszczek,Midfielder,50,15.5419935290779,0.0004904165051835534,0.001487003880277629,0.29644758917499453,0.0003384510147084197
player_728fc9342c98,Gabriel Jesus,Forward,35,11.955438171831346,0.0004892856246564002,0.0007197117280152541,0.2672453475373183,8.443598662512049e-07
player_446c1871c75c,Lucas Tousart,Midfielder,33,13.794355430073457,0.0004889973643219353,0.0011145396284242754,0.2626680455015512,0.00011244966272035046
player_2f033eb4d77e,Martín Demichelis,Defender,40,16.210099015789996,0.000488358182010294,0.0011596592278637452,0.27915922516829234,7.613917595989513e-07
player_8f11d2da2382,Nathan Aké,Defender,39,16.708458262885763,0.0004858495572914346,0.0010839154041385197,0.27589952477936186,2.541005105695268e-07
player_f7ef8d705c90,Alexander Nübel,Goalkeeper,27,18.206426252596327,0.00048544020354433825,0.0035267852487252,0.24996924590970598,1.1750230141844122e-06
player_99f86d3e0871,Alex Iwobi,Midfielder,34,12.597614503944634,0.0004853229745639264,0.0019360295700779414,0.27017683818641136,0.00021672710559141547
player_04ea38897e41,Ashley Young,Defender,39,16.199552823922502,0.0004850964585214064,0.0007294279946949574,0.2667541844437151,1.5627230675405929e-07
player_9ae39616f4af,Adam Idah,Forward,32,10.372254787061797,0.00048437471244638984,0.0021434460860986315,0.25953125997828724,1.0144452587374858e-07
player_dad5840ce445,Dante,Defender,48,13.623550256851553,0.00048383195625563695,0.008891252034453005,0.31304883685102447,2.2151369805762396e-06
player_a0b7c8efe0f2,Theo Walcott,Midfielder,43,12.804475418953094,0.0004827938264576488,0.004000957703125472,0.287635359898082,0.00012786554209603975
player_c5d308863109,Bertrand Traoré,Midfielder,42,13.364021180354598,0.00048276180498297547,0.0027867822459148777,0.28050800662617337,0.0002929042057597722
player_c7e7463df10c,Edimilson Fernandes,Midfielder,34,12.47490638522365,0.0004809325932375689,0.0013604930865080626,0.2564523253612671,6.751291535091158e-05
player_832b60b6cea2,Tanguy Ndombele,Midfielder,34,13.330319280237914,0.00048062384888228755,0.0013842330385653197,0.2663171690694626,0.00010561963570243234
player_7a42841c7f93,Gregory van der Wiel,Midfielder,43,15.019117340166325,0.00048006956835112746,0.002908610592874938,0.29489877367389883,0.00024306761965434796
player_61944c82d180,Djimsiti,Defender,43,15.18472813027077,0.00047958701103492884,0.0034322393922552653,0.2950914899796689,6.632021021653382e-07
player_ffb988e49190,Roman Bürki,Goalkeeper,33,17.37248380084557,0.0004790171569145894,0.0033833794098869115,0.2524537209591254,9.146147058540351e-07
player_4c567f8aefa5,Stephan El Shaarawy,Midfielder,43,15.183380654945035,0.00047814972860528627,0.0008168659928244087,0.2884315117104329,0.00048008197921116245
player_565b0c1eb1f9,Grimaldo,Defender,45,14.763901290551933,0.00047551970812367156,0.002066013372692513,0.29733684518583553,4.00475135403722e-07
player_f8cd12a1012b,Granit Xhaka,Midfielder,47,15.888039153596372,0.00047539039311317283,0.0029998318694527378,0.2908882685562952,0.00038217844598701945
player_5657a6446c66,Rodrigo De Paul,Midfielder,40,16.163301979636138,0.00047506088497838866,0.0002818571106611501,0.26413622773950346,0.0018398222467766962
player_dda7e47e9e2b,James Rodríguez,Midfielder,46,15.000665939273624,0.00047393017603842446,0.006507504544502552,0.30528846153846156,0.001715819420882658
player_1e08111a3656,Camavinga,Midfielder,45,14.485831192740115,0.0004733953420978998,0.0027652928338165014,0.29537030307435136,0.002335525119921982
player_fd5d4a7fdb8c,Firmino,Midfielder,46,14.370877217091651,0.00047285107306445725,0.0012721801145948012,0.2918491921005386,0.0011539420080696303
player_84ae4a28320c,Yaya Touré,Midfielder,48,14.477942663399627,0.0004727231406743829,0.0026658039998013186,0.2976199194434273,0.00028398173013987504
player_309d9af0b27f,Gonzalo Higuaín,Forward,36,12.648677728118802,0.0004723077563068541,0.00023647622904923144,0.26410189758253183,5.649139163506369e-07
player_43ea3d808afd,Kasper Schmeichel,Goalkeeper,25,14.837208622316345,0.0004719702808883974,0.00021611509467374921,0.19012865497076023,9.701068457150677e-09
player_e93e18f6de9d,Thomas Meunier,Defender,44,16.088566398699225,0.0004714180507272126,0.001007175642500564,0.2816159656295475,2.9339982552938095e-07
player_ca4473c17f52,Thomas Delaney,Midfielder,41,14.890991354511028,0.00047136926588911104,0.0004278446955058757,0.26002943246528887,0.0002948519630475425
player_6d6d2a4d97e0,Layvin Kurzawa,Defender,42,15.868267994714966,0.000470388215827747,0.001001807101622646,0.27415002698327035,2.0742583269448884e-07
player_392a77a5a461,Ferran Jutglà,Forward,35,11.266556321240685,0.00047019620889430944,0.0017594582358861173,0.27171224175971115,2.2126988856069445e-07
player_f2a4ede80d1a,Ignazio Abate,Defender,45,15.164507996083895,0.00047019067593347813,0.0024895208156434858,0.29586488060570765,7.359757144504977e-07
player_a408de6996e8,Fraser Forster,Goalkeeper,25,14.601778758320835,0.00047000262042592967,0.0005260113964789351,0.1957516497278551,1.2423485422521603e-08
player_9483c5b16489,Nedim Bajrami,Midfielder,33,18.917845377126042,0.00046971456715613866,0.002700709140706583,0.2508641975308642,0.08425792694176797
player_c48739e781f2,Romain Faivre,Midfielder,34,13.183306659456202,0.00046951779483651065,0.001377578800373747,0.2703745592442286,0.0001888879336743156
player_c05fb29ae323,Rúben Neves,Midfielder,39,14.325965167826343,0.0004688890851076435,0.006413523818737237,0.29005781171936335,0.00023439359583046727
player_b41ca783bb48,Juan Mata,Midfielder,44,13.208550783408652,0.00046811972430185213,0.010683452424877931,0.31547896289396055,0.0002531591646449147
player_8bf2118b08ef,Yann Sommer,Goalkeeper,31,17.763363022911264,0.0004680486858492431,0.002097125680040027,0.2449963829274174,8.631769701650968e-07
player_ef82433c9c42,Marco Sportiello,Goalkeeper,28,19.779261431403967,0.0004676724743764214,0.000903147876793152,0.21112785079744403,1.7626601665922671e-07
player_a2a0f31e35c9,Eljif Elmas,Midfielder,31,12.03055420907717,0.00046636994296127515,0.003352331379085699,0.264859228362878,8.602640923461988e-05
player_b3d5426a0a05,Lars Bender,Defender,44,14.910015666190144,0.00046604679890340525,0.002021777390201143,0.3003251551877032,4.434237913551027e-07
player_d1948c8629ee,Gonzalo Castro,Midfielder,41,11.276802720039822,0.00046498210459203443,0.0034218834747314006,0.27812756638379416,9.175062917768754e-05
player_7a0fcddf84a8,Cristian Tello,Midfielder,32,12.468321972914394,0.0004636103473298504,0.0017333990311651326,0.27180310326377743,0.00011745840222669788
player_2ce13146b66c,Wesley Sneijder,Midfielder,46,13.683523710179234,0.0004631156526412333,0.0037957071359934463,0.30045837646015083,0.0002129255923478464
player_042b8f6f1523,Pedri,Midfielder,38,13.68821607598596,0.00046288591632129576,0.0014013166801822984,0.2788336192109777,0.00012486329053145
player_a0f4d7bfe23c,Mechele,Defender,41,14.202505068538901,0.0004624964402236673,0.0013963651995804944,0.27608695652173915,2.151109760251938e-07
player_8fd35f49e28c,Kalidou Koulibaly,Defender,42,15.339123268288475,0.00046182565193623657,0.001296029333562101,0.2711683458997798,1.5039323309485248e-07
player_8664911306cb,Yussuf Poulsen,Forward,34,10.892839804151963,0.0004612314265392844,0.0011317334839107147,0.26314426314426315,1.8686088710941186e-07
player_b6846c1841f1,Héctor Bellerín,Defender,37,13.539136070248215,0.000460492579716873,0.002152586740014659,0.28483319315951783,3.8068333732682615e-07
player_4fe517f888d5,André Schürrle,Midfielder,36,14.34834882883016,0.0004603431538682856,0.0010851222199007033,0.2759182565007808,0.0016163423336247036
player_3407a408511d,Randal Kolo Muani,Forward,32,10.703694898077186,0.0004602417705156157,0.0006685033827457625,0.2604126617967448,3.741992386091627e-07
player_88009c21e878,Mohamed Salah,Forward,35,12.377363143382988,0.00046002464455199225,0.0005698444523644094,0.2796971782518926,7.174181931254151e-07
player_b442c4bd3de4,Farfán,Midfielder,38,14.807418964864496,0.0004578719043206649,0.0008804312449611171,0.28521299740332656,0.0003561279772744145
player_39368de2b8b9,Willi Orbán,Defender,38,16.360102407968228,0.0004575832151451093,0.0004808542651439821,0.26577725459420576,1.575098336636492e-07
player_e185c8bcb757,Vallejo,Defender,27,16.290158341355124,0.000456837854453589,0.002297137377424288,0.2582449005528373,2.0161104726927874e-07
player_5182eba2b679,Carvajal,Defender,48,13.606852899493482,0.0004567206908900252,0.007390420919958673,0.3161907725822765,2.287036952793923e-06
player_da0f06da9373,Son Heung-Min,Midfielder,44,12.72992657797801,0.00045632083485914386,0.003202762408663169,0.2905762905762906,0.0013808288914852656
player_8816fab38e5d,Ferran Torres,Forward,37,11.841480541583637,0.0004553112146874941,0.0015193194196514318,0.2940452933941104,1.4861766961189361e-06
player_5f528d9214dc,Christian Abbiati,Midfielder,41,13.224754122304299,0.0004543179654394173,0.0015008365453789275,0.2873303167420814,0.00018666115083753104
player_fc3f7690829c,Bruno Guimarães,Midfielder,35,14.294012223889156,0.00045388863581494155,0.0008025882804206868,0.2838980090813832,0.0002553357202053902
player_50725125acca,Marc-André ter Stegen,Goalkeeper,26,17.820974866467793,0.0004530226443318308,0.0013304083967983214,0.22744571300649205,8.938300671544472e-07
player_03c0db319e58,Walter Benítez,Goalkeeper,35,16.304432057557168,0.0004528917382839893,0.014703996162418874,0.28279173335188923,1.1046448705133565e-06
player_f4a3a2a91a5b,Wendell,Defender,41,14.579653337708807,0.0004528754755803818,0.0011146977325962966,0.284255438203819,3.732367968233439e-07
player_42c5190b5158,Rafael Leão,Midfielder,40,13.256860358723095,0.00045282611319401355,0.002148645650093973,0.2791017100473869,0.0015288923991816881
player_570a90bfbf8c,Fred,Midfielder,42,14.185492883167475,0.00045222816587953824,0.0012479125348820095,0.288533901313454,0.0015354391232834561
player_b4cc344d25a2,James,Defender,41,13.074989239403566,0.000451837229299704,0.0018046358344005434,0.2833240379252649,4.6436317175239366e-07
player_d38e3c47d1a7,Gaël Clichy,Defender,36,14.60094090809977,0.00045078029226767563,0.0011616704701335758,0.2818307905686546,4.979040332639414e-07
player_2ff5e674cf5b,Rodrygo,Forward,35,11.67753320220462,0.0004500824467525418,0.0013984215484002126,0.282457603558521,8.873385770382747e-07
player_5449dec1e0da,Xavi Simons,Forward,33,11.161426123666974,0.0004495311844867986,0.001276464814404758,0.2792743265530511,7.093479814084768e-07
player_7977f24572f1,Pierre Kalulu,Defender,32,13.71766315828425,0.0004491370862389921,0.0010332606726631002,0.266631675633119,1.1125651151902888e-07
player_214dbb7b8c27,Ismaily,Defender,30,12.889917262874416,0.0004483860653884007,0.001836875323686724,0.2678971654581411,2.0141933648924648e-07
player_eba6ecb3af7e,Cristián Zapata,Defender,38,12.6239821591821,0.00044789828613774773,0.00536817541040483,0.2950914899796689,7.205135802413814e-07
player_8f30574fdf94,Jan Oblak,Goalkeeper,28,13.878544504659594,0.0004471538327621388,0.0037601072306319935,0.21580288870008496,2.335073919762315e-08
player_514744d00cf0,Mitchel Bakker,Defender,34,13.67191389184036,0.000446635068375537,0.0014011969161130972,0.2789101640244321,5.582254517481117e-07
player_ce5ded749bd9,Stefan Posch,Defender,35,13.331768352247195,0.0004440173738293999,0.0011145845192639945,0.26496283739731386,9.210238236209133e-08
player_71dfb59dce21,Yunus Musah,Midfielder,35,14.103822539882533,0.00044337449470113234,0.0007301274229547809,0.28023720866087437,0.0003418416307454878
player_36e4299ec13f,Kevin Strootman,Midfielder,30,11.769603365896991,0.00044307534103351054,0.003347242310752716,0.27539472792573017,9.916788443618914e-05
player_85cae250f476,Janni Serra,Forward,26,10.315510739297256,0.0004430269350953985,0.0003924524781242036,0.2369679300291545,3.968075517072045e-08
player_67ebeea09f7d,Samuel Lino,Midfielder,35,13.660700159710908,0.00044261838250529397,0.0013870191971089147,0.2824183460736623,0.0017898243347868883
player_9a9cb8c63f95,Christian Pulisic,Midfielder,36,12.220885347990798,0.00044156076720851213,0.0007990299223857853,0.2663695352952743,0.0002484918598021056
player_ebfda8d07395,Ciro Immobile,Forward,31,11.071714719548407,0.00044132890262369026,0.000393871464104059,0.2602959072567732,5.729501899732874e-07
player_e82d8da90d33,El Bilal Touré,Forward,29,9.857768922158284,0.0004408459216707465,0.001178122932418944,0.2528306582057982,1.6955461614563283e-07
player_d79631aff02f,Daniel Caligiuri,Midfielder,29,12.899580962721469,0.0004406421743499722,0.000360479368786144,0.24871481028151773,6.898776412329943e-05
player_8ca417abce77,Harry Winks,Midfielder,31,12.1609611090368,0.00044014199383708144,0.0020893067267102293,0.2707528314457029,5.9549525937054516e-05
player_15a3edd5d4f7,Gianluigi Buffon,Goalkeeper,31,17.356415671529838,0.00043884745285297297,0.0005545295479052312,0.23109291481860572,7.602440640080423e-07
player_2a35e3cabdbc,John Stones,Defender,46,15.345174605855393,0.0004381600276852266,0.0008733408080959889,0.2764813932920607,4.469904780469887e-07
player_3a788db989a2,Luís Neto,Defender,34,17.674296684166116,0.00043712487881017,0.0070048304306308505,0.27814660187529944,2.3030490859814437e-07
player_541e33288619,Andrea Barzagli,Defender,37,14.48118178059052,0.00043680895742578965,0.0005666791768327887,0.2650146723182263,1.5244457053539567e-07
player_ee77c18d5a8e,Mesut Özil,Midfielder,39,14.16654343468005,0.0004368033801368645,0.000656853898616879,0.28308721092226247,0.0015511818855434962
player_5cc8f049b56a,Matej Kovar,Goalkeeper,24,15.422808142920882,0.0004365071014875331,0.0019074681900848266,0.21597491629909124,1.1501966868995325e-07
player_942402399e3d,Locatelli,Midfielder,34,12.942475035115395,0.0004363684804381312,0.00421843928824703,0.29351437238191536,0.0001341466213998789
player_bb30087fb205,Konaté,Defender,40,13.574912957644163,0.0004359558518558705,0.0009599668619126296,0.2688541942312781,9.944532264557281e-08
player_1d531340f7a3,Fabian Schär,Defender,32,14.376531645258964,0.0004342245996621881,0.00048714555963901365,0.263622210690192,1.993582713387111e-07
player_dec6a43f91eb,Nuno Mendes,Defender,42,15.068912717271166,0.00043313068265569174,0.0009471080289247191,0.28132354977156304,6.926871173518699e-07
player_852b1552e9f5,Victor Lindelöf,Defender,38,14.099615748139657,0.0004324846823675285,0.0009740219542544719,0.26649180327868854,1.022299344264096e-07
player_966f3b942e60,Teun Koopmeiners,Midfielder,34,13.62183642680288,0.0004314604891903644,0.0007574684582765176,0.2702307334264246,0.0015148436087063818
player_1232e4f7694c,Ricardo Quaresma,Defender,37,13.059199296773823,0.0004309535992726014,0.0008235127273041332,0.2716395962836709,1.8012255988032578e-07
player_049e9db7dfd8,Felix Nmecha,Midfielder,36,12.817773664599901,0.0004308872047240015,0.0011844288059697716,0.27814660187529944,0.00013358827228115286
player_e6fc2b934f4b,Frenkie de Jong,Midfielder,42,13.825003641350635,0.000429427894725898,0.0006187632547955342,0.2745945945945946,0.00024795025934815643
player_bf3534875646,Thomas Foket,Defender,30,12.558732582043802,0.00042930204230833295,0.0015157759613647506,0.2635367356202581,6.598168845682626e-08
player_215badd8a93f,Martin Hinteregger,Defender,27,13.3535729148247,0.00042897090084128767,0.00022039394747808247,0.24690157958687728,6.486225588981335e-08
player_fdfa387c1f3a,Rui Patrício,Goalkeeper,26,19.36636494325121,0.00042862426938610404,0.0008948147498705743,0.23345588235294118,3.6987816005109384e-07
player_43b7943cacfd,Eden Hazard,Forward,37,11.097952772334592,0.0004273317061010606,0.0011924751383045168,0.28737095177485505,1.0104185674020038e-06
player_3ef9920fb4cb,Marcel Halstenberg,Defender,34,12.244343806967315,0.0004267915985314036,0.0017248899224945877,0.27017683818641136,2.2093331936324413e-07
player_d8dbed86e211,Joshua Kimmich,Midfielder,39,13.876654169332543,0.0004261528656179028,0.0006764394638736733,0.27470596187643637,0.00042850022050992483
player_89e874a0c348,Didier Drogba,Midfielder,41,12.278816766416723,0.000425994162887898,0.0012565879816907426,0.2898095985167225,0.0011530096097847832
player_9846fa7dd7f1,Adil Rami,Defender,35,13.254726782797778,0.00042587365897483244,0.0011555438548331652,0.2683039545784644,1.2540996310304254e-07
player_f373383edfb8,Chilwell,Defender,38,13.150336569473922,0.00042541836154118783,0.0015793395876608713,0.2865806360623369,3.650463153136771e-07
player_15681684d576,Ashley Cole,Defender,32,15.152874861140942,0.0004250340978186283,0.0006344174059225342,0.2767449778685734,4.700276563742629e-07
player_22a21fc29b6d,Riccardo Orsolini,Midfielder,31,12.1145052163508,0.00042502345758317465,0.0009888816948483445,0.25558140997421547,0.0020272355540931837
player_d389b73e430e,Nico González,Midfielder,34,12.510516567945606,0.0004241010186741484,0.0007595265845063208,0.28521299740332656,0.0002074600763141461
player_7e0e7e5f5f9e,Mohamed Elyounoussi,Midfielder,34,11.939694304058266,0.0004240487983883997,0.0015437742599204668,0.2795048143053645,0.0001931962809627787
player_ded665202372,Ezequiel Lavezzi,Midfielder,42,13.081095266964951,0.00042378885424391256,0.0007770963075866345,0.2848531576365038,0.000397004592298737
player_83841fa37186,Christensen,Defender,38,14.65169870071341,0.00042368461123276727,0.0010448054066164421,0.2885543879579665,7.604970075251312e-07
player_975ae38f811f,Dries Mertens,Forward,30,10.877908636378391,0.00042340705589601573,0.0004659196060987451,0.2739467475564543,9.022259833532019e-07
player_78d6810e1299,Bernard,Midfielder,33,10.385122738004139,0.00042335036161365294,0.006725394970900741,0.3003473505284162,0.0001199707032168759
player_004ab6d016c6,Matheus Reis,Midfielder,32,12.024802311947811,0.0004232481546298011,0.0011023032668681114,0.27845152449468996,8.064731184606376e-05
player_348b28302b03,Mohamed Camara,Midfielder,37,11.81487340156788,0.00042312038004340476,0.004579188733353271,0.3055409367716713,0.00013552277177522758
player_7f1fe292fe92,Virgil van Dijk,Defender,37,14.725943587590976,0.0004228925053397956,0.0004879144718094893,0.26666666666666666,1.72689342705553e-07
player_7f29cec37924,Mahmoud Dahoud,Midfielder,33,11.96538774170807,0.0004228508837311414,0.0018451219513003956,0.27005116619044456,0.0013179620463584965
player_72eb99d56089,Santiago Arias,Defender,33,11.996035775031778,0.00042208080573591427,0.0025873510097474627,0.2873303167420814,4.679746569244146e-07
player_e0e09bbdc8e5,Kim Min-Jae,Defender,35,13.445004022784419,0.00042194207485457384,0.0004676456853293835,0.2760307002648917,2.6760248593152523e-07
player_360f5c2381f8,Hateboer,Defender,33,12.705345063313679,0.0004214966080875409,0.001875032281498627,0.2796202009082152,1.9114206108207086e-07
player_1e17f07dd9e9,Matteo Darmian,Midfielder,33,13.558820943236817,0.0004213773547944355,0.00034167071081779094,0.26517029883857496,0.0018544708897551743
player_00459e28d806,Álvaro Arbeloa,Defender,37,13.61007448109153,0.00041953044905668706,0.0012534729446926477,0.2826147426981919,3.532826013885106e-07
player_d24a9cc977d2,Stefan Bajcetic,Midfielder,30,10.794323962597709,0.0004192939074314334,0.001009134634783953,0.2616196729754088,6.117943574585955e-05
player_c842a72bbd26,Salvatore Sirigu,Goalkeeper,30,13.69385701748832,0.00041921998954831045,0.003938968403974155,0.25806451612903225,7.803692516519878e-07
player_ec5f693706c1,Pierre-Emerick Aubameyang,Forward,37,10.554176970923427,0.00041915545215919994,0.003945997546928479,0.30630087428399155,2.118919841563122e-06
player_918a6f831193,Cabral,Forward,32,8.89248915181161,0.00041901642696291156,0.002030094038986035,0.27309992608023653,3.4712099335354806e-07
player_c1448d7b7f67,Maxi Pereira,Midfielder,42,11.372293197314715,0.0004180479369237336,0.003218900360049122,0.29623150375391794,0.00013430797507673107
player_c3389acaa6fb,Mattia Zaccagni,Midfielder,29,12.270542729323902,0.0004180401679140499,0.0007933662832865552,0.2629399585921325,8.496228402464539e-05
player_983d099d1aa2,Pierre Lees-Melou,Midfielder,31,12.24721175639023,0.00041796081684534076,0.0010606061892411269,0.26915689780780183,0.00015714522242215407
player_a61032d3b73e,Dan-Axel Zagadou,Defender,33,11.28805714942213,0.00041786650269935016,0.0033384013526149446,0.2803725422559503,1.704215054527306e-07
player_f14832209c8e,Edson Álvarez,Midfielder,36,11.106122747995395,0.00041780916453894844,0.002462374596017084,0.2763873775843308,0.0001096662831415879
player_7404f6824dd1,Michael Lang,Defender,46,11.601537413947698,0.0004174228376590743,0.007668595561634696,0.31735124160549744,1.8420549266974773e-06
player_1f38e7ec9f0a,M'Baye Niang,Forward,28,9.388702250021613,0.0004174163790077271,0.005016885097184908,0.2778993435448578,4.1434263206615196e-07
player_7c7fb886916d,Brendan Chardonnet,Defender,31,12.234865901335507,0.00041690227532816394,0.0011305544524060989,0.26562091503267976,8.59164332197693e-08
player_daec7b9f8cf9,Ivan Perisic,Midfielder,37,13.002366386999883,0.00041651335414473977,0.0006094174371750112,0.2712950600801068,0.0016748752202365746
player_fbce4d991063,Medhi Benatia,Defender,41,11.462724555463822,0.0004162998495222373,0.011061754362593625,0.314064914992272,1.2591546382589062e-05
player_72835dd1f931,Dennis Praet,Midfielder,27,11.477480407152568,0.0004158979234442273,0.001175238103667662,0.26311019034054123,0.00010330125202779469
player_3f777be0f094,Strahinja Pavlovic,Defender,36,13.043130947094621,0.00041560838902945235,0.0010635969368134714,0.26812693804842647,1.3517462338133082e-07
player_57818a3520e8,Alessandro Florenzi,Defender,38,13.312950984057219,0.0004155698072568323,0.0022887353406278216,0.2884929367501952,4.6973846105727425e-07
player_580212ad667d,Krépin Diatta,Midfielder,32,10.38508313214484,0.00041525354652576554,0.0028617296172380653,0.2697285458286321,0.00010877529586058117
player_820ecb59fcf2,Kevin-Prince Boateng,Midfielder,40,11.774709277655235,0.00041510342095633554,0.0042759172778073905,0.29884550334583426,0.00019586449444583637
player_8c6b6ab979ee,Erik Durm,Defender,32,13.022488141268248,0.00041489670357664003,0.0016545647367438695,0.2799476475855893,3.758255833231665e-07
player_47947c0ab827,Renan Lodi,Defender,38,12.524830474865537,0.00041470907997707415,0.0017206906837972105,0.2882065101765832,2.707099408911278e-07
player_d074abee36e0,David de Gea,Goalkeeper,32,14.611856949461565,0.0004146538467878602,0.0028239429559748846,0.25831055742706416,7.894762758500596e-07
player_b0d16c972899,Michael Essien,Defender,37,12.578744911804137,0.00041459953734996084,0.0018637428112963216,0.27894845219301256,1.799277460603962e-07
player_79ebe1f3ff2b,Couhaib Driouech,Forward,30,8.723853700577413,0.00041442050742835924,0.0021522824655950154,0.2746131495371309,1.148013219636438e-06
player_ece9d25a0ca6,Jack Grealish,Forward,31,10.793533389537075,0.0004143500136562979,0.0004756161762720097,0.270915272315179,6.835635002304391e-07
player_d924d93ac10f,Cedric Itten,Forward,25,8.071424435236953,0.0004139971884349391,0.0010996690566558547,0.24037380966463595,4.05976001607234e-08
player_d019cc4524b1,Marius Wolf,Midfielder,30,11.110483262630796,0.0004136058554964152,0.0011938111150197276,0.2593490746649649,7.124251284122801e-05
player_d62634d2f447,Christos Tzolis,Midfielder,34,11.617085622761218,0.0004133592411945304,0.0019530031763622705,0.2729165267611309,0.00018028990910616004
player_e80e8e281750,Leon Goretzka,Midfielder,39,13.587040340525679,0.0004131200338326993,0.0017263942629660355,0.2890675012447543,0.0005750823980084412
player_e1855ba4ffe9,Ceballos,Midfielder,32,9.102863966027416,0.00041311939849407827,0.006510792632571018,0.28904694167852063,4.8488988239967216e-05
player_f857fca2449a,Fabian Frei,Midfielder,35,11.892264919111797,0.0004128599205608909,0.0021409452471862593,0.28214384893085254,0.00028819403398295
player_26dd4122a609,Ozan Kabak,Defender,29,11.613348517108664,0.0004127923046421165,0.0008757161631407864,0.2660034035868569,1.6745420791484452e-07
player_547244ca428f,Bastian Oczipka,Midfielder,27,10.31795520297518,0.00041272665434505083,0.0006323332521490423,0.2454402705640778,1.2192543763560349e-05
player_f16e4c7686ab,Nicolas Lombaerts,Midfielder,39,11.429765130001835,0.000410688363622911,0.005673984195650988,0.30867385690414706,0.0010572903829051492
player_552b26efe45e,Geoffrey Kondogbia,Midfielder,37,13.003500235580816,0.0004104761849279585,0.0006813415722237203,0.271821282857334,0.00019918515717525623
player_3c831b876181,Ryan Gravenberch,Midfielder,35,11.948131450627336,0.0004099676036563161,0.003704147149919149,0.3012825265030766,0.00010820268747254176
player_328c50b5e354,José Callejón,Forward,32,10.263815806920562,0.00040977417029653063,0.003379552074420879,0.2918911154205272,8.396215631523469e-07
player_8e47b44e8f05,Kristijan Jakic,Midfielder,27,11.472803270187935,0.00040972028141768964,0.0005626837553582496,0.2551962323390895,5.391552328649931e-05
player_f3934158cb8c,Vedat Muriqi,Forward,23,9.401081834203321,0.00040869613145901615,0.00043894174499193407,0.23568984515455546,6.686159650688769e-08
player_4cfcf70698a2,Juan Arango,Forward,20,19.22667552547911,0.0004086669346182723,0.0006672925064389623,0.2398772281902963,1.6450705862914873e-07
player_871878327029,Morgan Costarelli,Forward,20,19.22667552547911,0.0004086669346182723,0.0006672925064389623,0.2398772281902963,1.6450705863295112e-07
player_5d6f852df989,André Onana,Goalkeeper,36,14.01644769571006,0.0004076511828786467,0.003428079002543485,0.26078028747433263,2.4714479399054254e-06
player_f9cd3d202d3e,?ukasz Skorupski,Goalkeeper,24,16.435161129397216,0.00040738886866662904,0.0001519163234267085,0.21597491629909124,1.6959305450081086e-07
player_743ec79c8073,Sérgio Oliveira,Midfielder,34,12.06777493082856,0.00040737739406075224,0.0012413369745241634,0.2896443589195353,0.0001682332431727483
player_78db0a98501c,Anthony Martial,Forward,33,10.665841208087832,0.0004065552489680274,0.0004161144358256533,0.2711683458997798,3.7379958671185984e-07
player_ba1c54dd6426,Víctor Valdés,Defender,39,13.597677834257517,0.0004065397187133759,0.0007835971371141655,0.28083753714325205,1.8468089689926463e-07
player_351cb5e7b1e3,Philippe Mexes,Forward,32,10.402209852330873,0.0004042579531053982,0.0006929090104426568,0.2742610338777163,3.005770054017368e-07
player_7d9c1d6751c6,Domagoj Vida,Midfielder,32,11.902604637491214,0.0004038787166958791,0.0004966289245316668,0.2658120217149585,0.0001476319240264658
player_54951f272ebc,Ebrima Colley,Forward,25,8.436115619267872,0.00040371301952186274,0.001749429972339775,0.25046222112658695,4.053306718103192e-07
player_6c01b4192dac,Evanilson,Forward,31,8.892601849855897,0.00040295356400608966,0.0014822849971824756,0.27835616438356164,5.046714067520216e-07
player_7b7c5d6198b0,Maxence Caqueret,Midfielder,28,11.430603665578799,0.0004028505061457286,0.001698668528417697,0.2677030498649628,0.00014689208691856284
player_f9094c666102,Hugo Magnetti,Midfielder,29,11.522261970776311,0.0004027507881027616,0.0009931060285130451,0.27006911217437535,6.254103339458534e-05
player_a5d35d9c1d3e,Sèrge Aurier,Defender,36,13.929516534177532,0.00040229614589089443,0.00046602661650645133,0.2760494498030159,2.213959972700312e-07
player_43020b050aa8,Benjamin Sesko,Forward,31,10.01594677557526,0.00040205159829638303,0.0009223919426112469,0.2774629616986414,8.053479702837731e-07
player_457a4bc6ea3d,Florian Neuhaus,Midfielder,30,12.39175077577628,0.0004017364583347147,0.000785147964337602,0.26569037656903766,0.0016095561661189869
player_bcfbefc7d732,Lee Jae-sung,Midfielder,26,11.245260901445983,0.0004014822285375615,0.0003131985764430017,0.24825901038485035,5.428623408761372e-05
player_4f3eec577141,Wilfried Singo,Midfielder,32,11.758248278779899,0.000401203675560964,0.0008802385197137993,0.2794663732636501,9.744485520502404e-05
player_5d394a21e73d,Paul Pogba,Midfielder,37,12.754914727283076,0.0004003672351152973,0.0007981735613834896,0.28785947017991215,0.0018699074162482868
player_656eda72b77b,Ollie Watkins,Forward,24,10.273622185896095,0.0004001436487868426,0.0004632544702076295,0.2597635027165229,3.366906196523789e-07
player_24667ee921c3,Sergio Rico,Goalkeeper,33,13.795031193375864,0.0003999081298850882,0.004743103355673898,0.25773718924403854,1.3748536178495269e-05
player_6b4707ef363c,Mário Rui,Defender,34,12.028122231744774,0.00039952825837136674,0.0009243231243793466,0.2755627881746677,3.9383602379847134e-07
player_e60606d8f0d8,Fábio Coentrão,Midfielder,38,13.041348596081413,0.0003994017790289624,0.0003150519118386645,0.2711502535361623,0.0013963862012192493
player_99dd9ca537eb,Ruben Loftus-Cheek,Midfielder,33,12.644430254753399,0.00039900986786869534,0.0005426812113649572,0.2653780854120413,0.001983382343804289
player_99f45ede9ec0,Péter Gulácsi,Goalkeeper,25,15.780571683008539,0.00039890237142948463,0.0003946321135254562,0.23007246376811594,7.251630628955233e-07
player_44a82089569f,Yaroslav Rakitskiy,Forward,37,9.985253375527469,0.00039869289423897266,0.0010204429400350052,0.29182823495619703,8.655309681392372e-07
player_efd2a9529204,Chris Führich,Midfielder,27,11.170107146505355,0.0003983722872518141,0.0015287728561964693,0.2772547414381225,0.0014428410509942458
player_a76685f1af8b,Axel Camblan,Forward,19,19.0,0.00039811927237322006,0.00040206863035470057,0.2358813628185037,1.6270635579301873e-07
player_c49c2f012542,Lorin Jetzer,Forward,19,19.0,0.00039811927237322006,0.00040206863035470057,0.2358813628185037,1.6270635579099962e-07
player_a2f542879d5a,Nathan Butler-Oyedeji,Forward,19,19.0,0.00039811927237322006,0.00040206863035470057,0.2358813628185037,1.6270635579751545e-07
player_39ef8945c754,Maldini Kacurri,Forward,19,19.0,0.00039811927237322006,0.00040206863035470057,0.2358813628185037,1.6270635579050945e-07
player_57aeed6894ce,Mauro Couto,Forward,19,19.0,0.00039811927237322006,0.00040206863035470057,0.2358813628185037,1.6270635579091357e-07
player_8edd8611e910,Valentin Oelz,Forward,19,19.0,0.00039811927237322006,0.00040206863035470057,0.2358813628185037,1.627063557940017e-07
player_7637376ba414,Elvis Isaac,Forward,19,19.0,0.00039811927237322006,0.00040206863035470057,0.2358813628185037,1.627063557909457e-07
player_049d072102fa,Niklas Süle,Defender,34,13.901998627252832,0.00039787140343120993,0.00038720479072253426,0.2616196729754088,1.1925855459455023e-07
player_df86b70da7cf,Presnel Kimpembe,Defender,35,13.228894136606064,0.0003978380746694324,0.0006866552081483024,0.2535879196306003,1.0990346753874824e-07
player_066fc7b468bb,Kike,Forward,22,9.783114296130858,0.00039769482471359026,0.00020104237759224625,0.23662299854439592,2.1305995089231767e-07
player_48d064d0b8f1,Calvin Stengs,Midfielder,26,10.29046424849403,0.00039759942422861827,0.0009535938645565029,0.2587546160702916,0.00012633300701307752
player_2e247e2eb505,Rodrigo,Forward,31,9.755673995917576,0.0003972700292126532,0.0020182042474929268,0.28519298245614033,8.063547389315017e-07
player_8fcd96eb01e8,Bradley,Midfielder,21,11.100412567921815,0.00039679948802427445,0.003798978305411023,0.2612664738026358,8.980577142248325e-06
player_2dbe751af03a,Gonçalo Guedes,Midfielder,34,12.488658923496285,0.0003964837166985045,0.0005923516350693035,0.27151256012827363,0.0016527264774603581
player_b43877c38f29,Marco Carnesecchi,Goalkeeper,24,14.782700693565399,0.00039612414171201444,0.00036246947739736575,0.21417654808959158,7.011870561040152e-08
player_35eeff7620a9,Uchida,Forward,31,8.813986726961886,0.0003956577209563619,0.0020716340070453185,0.28603603603603606,1.0099999050290389e-06
player_9d01ed86b736,Rémy Cabella,Midfielder,33,12.480665393158729,0.00039515963046483915,0.0005866514162846933,0.27574976251865924,0.0005465935436713989
player_39f3e93a9159,Daley Blind,Defender,30,12.602403740028677,0.0003946991569616029,0.0004952237675736567,0.26745640013162225,3.775800726843443e-07
player_ac7a0857b92d,Amine Adli,Midfielder,35,12.228936157308617,0.0003946960552138545,0.0005786333576086293,0.2834030683403068,0.000394817257118461
player_e29d5203510a,Jonathan Tah,Defender,33,14.352765902705805,0.00039459942085988935,0.0006336612853635381,0.27354109174126673,3.033043972219427e-07
player_be77c3d1f06e,Adamo Nagalo,Defender,25,11.851815899827363,0.0003945137535510526,0.0006414056003028585,0.25382549497220663,7.647000633807657e-08
player_df162c830023,Martin Terrier,Forward,26,9.664340280178086,0.00039430537191509856,0.001015371960547738,0.2780324279948006,8.084306320585259e-07
player_4fb98a432b0a,Karim Adeyemi,Midfielder,41,11.348936408758616,0.00039382030347134774,0.007612355896338527,0.3051280126135596,0.0009424815424425348
player_66786844f2da,Carlos Soler,Midfielder,28,10.86323914058932,0.0003928239261810042,0.0012158733182804277,0.25793348565625795,0.0014271823793593368
player_e67b30804bcd,Rade Krunic,Midfielder,32,11.324777837660193,0.00039245704719511086,0.0006204382177452387,0.2716940767482284,0.0014665768848554103
player_6e5b3946b5bb,Odsonne Édouard,Forward,23,9.904052475887505,0.00039168522112071794,0.0006890772538642208,0.27068069801518585,4.610536719150106e-07
player_314adc5fe6f2,Kevin Gameiro,Forward,31,9.661519163338207,0.0003913387471802354,0.000712281282226703,0.27374376936548567,3.6530601810359545e-07
player_33dce0b9cd10,Fernando Torres,Forward,34,8.975342667723547,0.00039112266017197957,0.0013191807023301963,0.27174857907054495,5.843569135108735e-07
player_bd531d220d52,Matija Nastasic,Defender,29,11.089196275257228,0.00039081077167718917,0.0014958596614617849,0.2727882937307021,1.418310562298851e-07
player_5b085fc0fb02,Sebastian Andersson,Forward,21,8.72683420312004,0.0003905939525788672,0.0003869842004654735,0.23845567094995013,3.6025048595300766e-08
player_18713a12b134,Renato Sanches,Midfielder,39,12.462499589837723,0.0003898439078196143,0.0019146161720301643,0.2926267281105991,0.0003583351316712256
player_16fd48d74324,Pizzi,Forward,31,8.811474040722123,0.0003897721634076185,0.002495966315624942,0.28743192587877503,4.084564867096402e-07
player_93ebb8133798,Aurélien Tchouaméni,Midfielder,33,12.848958024909896,0.0003896147860747529,0.00036829445215675753,0.2694245558207372,0.00026172324604429556
player_4bd6e69e6871,Fredrik Aursnes,Defender,38,13.125590568357977,0.00038951705044388635,0.0005500654696432492,0.28083753714325205,2.2200017531957214e-07
player_b3e578206caa,Stefan Ortega,Goalkeeper,27,14.930163500697713,0.00038930027791678434,0.00033151998754536515,0.21734944913894536,2.96369219503691e-07
player_75c8e2fae173,Alexander Sørloth,Forward,26,9.152013987866017,0.00038840058826200926,0.0013347281696277583,0.26780889621087317,2.788332716331294e-07
player_61887ccb4ff2,Julio César De León,Midfielder,28,9.512737587558425,0.0003881336520001214,0.007273106445911114,0.29319673905201643,8.119068365410573e-05
player_db16f9c8f01e,Bastian Schweinsteiger,Defender,38,13.066302389703075,0.00038806739130449187,0.0006573935428404729,0.28759465006015145,4.862704985504194e-07
player_ad4216476707,Daniele De Rossi,Midfielder,33,12.420400641693343,0.00038784266970055137,0.0003296913473765982,0.26461778877458003,0.00019541336450173453
player_0d6e68743927,Vanaken,Midfielder,35,11.544841775826242,0.00038760546340666,0.0006635304817899941,0.2808957699751175,0.00023913597426631364
player_96dfab01c93b,Frank Lampard,Midfielder,34,11.660417213503495,0.00038747347795812907,0.0007537442888498908,0.2817721694515704,0.00022437662755037357
player_2ec4da09e73a,Takumi Minamino,Midfielder,34,11.355917437548719,0.0003872848502491125,0.001476332131359231,0.27873799725651577,0.0026145170834379517
player_e99b30930465,Santi Cazorla,Midfielder,30,11.36826078182681,0.00038696093872565786,0.0009842378108074206,0.2773304217278559,0.0017823667014618039
player_8096c1801f36,Trincão,Forward,30,9.620173427889899,0.0003865232085491681,0.00034897924241668354,0.2617544763622311,1.8402869113348922e-07
player_a3c449f7b296,Arjen Robben,Midfielder,38,11.62501091576486,0.000386395826327184,0.004357571987793565,0.2977507509707671,0.0011239659415135112
player_29fe216d2dbb,Samuel Umtiti,Defender,36,13.589122008494135,0.0003863304469367199,0.0009049382942851342,0.2710779082177161,1.761160200361576e-07
player_da04288c75e7,Sam Lammers,Forward,21,7.487434151271928,0.0003863212567700134,0.00036424634062938124,0.2241959507916368,1.3052822211714862e-08
player_b4a814e1e33b,David Raum,Midfielder,30,11.761318879683454,0.00038500354012709407,0.0008261823912437917,0.2793511135551279,0.0002879203165187366
player_673368e8216e,Ricardo Rodríguez,Defender,30,11.147375811056381,0.00038499245364710433,0.00162898168214717,0.2695675245423189,1.2530207030336867e-07
player_3765f93901da,Anatoliy Trubin,Goalkeeper,25,14.91632301260436,0.0003848726245212542,0.0002617491024019389,0.2256649453051252,8.972972840922268e-07
player_b247827fcd7b,Mario Götze,Midfielder,33,10.968160864935916,0.00038482852619490653,0.01170606667011514,0.27894845219301256,0.0010121256545129898
player_9a75f211c7cc,Castello Lukeba,Defender,28,10.676011033503086,0.0003845291957218137,0.001335138597243014,0.2660034035868569,2.906039239826489e-07
player_ff4b964e8e44,Ryan Sessegnon,Midfielder,23,8.788193876202545,0.00038445959183132974,0.0013844141287382345,0.24981558888615688,2.1807758597259248e-05
player_93988a3db323,Souleymane Diawara,Goalkeeper,31,13.752546944158711,0.000383817778048583,0.01565890625892127,0.29317558793824844,5.683641066693993e-06
player_46b1ee3a8d34,Fábio Cardoso,Defender,25,10.67002522927385,0.0003829669465701296,0.00034378480924721343,0.25032337542346783,4.307240546361775e-08
player_d5e7815060a6,Jonny Evans,Defender,35,10.637309414317775,0.0003824634635230346,0.011252741175248542,0.2929220123972899,6.306374444759769e-07
player_0c06ea555819,Sime Vrsaljko,Defender,33,12.111153335551448,0.000382441753550202,0.0006172859238547924,0.26922822126531964,1.1936232757377716e-07
player_5a347a5924c7,Odilon Kossonou,Defender,29,14.01701677147468,0.0003823748991421368,0.0001229507332369902,0.26577725459420576,2.0968766677656594e-07
player_fe2b12621af9,Alex Teixeira,Defender,32,10.903316828327979,0.0003823296367341874,0.0016191175087537822,0.27416852189165486,2.0850637435280082e-07
player_8627870878f5,Achraf Hakimi,Defender,40,11.950137723070512,0.0003821789901673515,0.0010160693619658367,0.2822222222222222,4.4038295507802497e-07
player_81eebe4daf6d,Rui Silva,Goalkeeper,25,13.85489063998288,0.0003821471161559755,0.00018578027895278565,0.2155282138311413,1.6146853443779565e-07
player_2779cb5cbef0,Elseid Hysaj,Defender,34,13.154281309983103,0.0003817997348108144,0.0004245826749922171,0.2645661089772801,1.1642211334930077e-07
player_03edb3bb062c,Hirving Lozano,Forward,29,9.820780363790897,0.00038144561966297637,0.0043223737364884735,0.29794721407624636,6.29809343549186e-06
player_cecd12bbc1a7,Kevin Bonifazi,Defender,23,8.935239581426073,0.0003814323117517471,0.00020401521972631613,0.22739480752014324,1.1670033205352444e-08
player_e7ab5bb9641e,Julian Brandt,Midfielder,33,10.94771766431392,0.0003814088616984437,0.001923116974031021,0.28615687931277284,0.00026462339182390537
player_0e7e22404d3d,Callum Hudson-Odoi,Midfielder,25,9.491452588121014,0.00038130742421771066,0.0010420217392794386,0.2614177280329345,0.00013581020726854438
player_f9e987c1edde,Raúl Torrente,Defender,25,10.66772239659258,0.0003807884800328203,0.0008573576082631016,0.2504467862204967,2.7201696638750768e-08
player_d7796b426771,Mignolet,Goalkeeper,24,14.452289196508296,0.00038078064193673526,0.0002900520804203284,0.21224148736160434,9.3304274142827e-08
player_2c1a721cfd13,Pablo Sarabia,Midfielder,34,10.803317379899877,0.00038045689931435117,0.0015275009776427335,0.2860763057862875,0.00014173774122233087
player_4f3e8c887b3e,Guaita,Midfielder,33,10.537905537764324,0.0003800015172522639,0.0071757682469537395,0.2937477412359957,0.00010607236867056039
player_022e50b6ce95,Nahuel Molina,Midfielder,31,10.30930586296933,0.00037917709284498226,0.0007098276961510525,0.2688897710731772,0.00010541404397518727
player_636280e6b55f,Olivier Boscagli,Defender,27,12.785768179802577,0.0003789987486769936,0.00020755100083686762,0.25788438352687354,1.498862358221875e-07
player_152112ff5ea0,Piero Hincapié,Defender,27,11.311001875414629,0.00037795177441659694,0.0004083554257978174,0.2535246412975671,7.8878907297988e-08
player_0160e69ce3cd,Rodrigo Battaglia,Midfielder,23,9.2827713583936,0.0003773796702785424,0.0002372619040913805,0.233174594067359,4.1642176556562195e-05
player_7609badf7165,Noussair Mazraoui,Defender,33,11.910417137810407,0.0003771122786215894,0.0010406569970182538,0.278814489571899,1.794804126904686e-07
player_4f9a17350802,Emil Audero,Goalkeeper,21,14.281835053125892,0.0003767963402852626,0.0005644357404241155,0.22445598144261572,9.270359730546316e-08
player_5600accdc393,Shinji Kagawa,Midfielder,28,10.462400549463243,0.0003764506642166314,0.0007970083110614978,0.27608695652173915,0.00012407817212297515
player_4cee2300b7d7,Ryan Bertrand,Defender,27,11.777699931693332,0.0003760711986170919,0.00033626448085785664,0.2569549822964087,1.0494731781990557e-07
player_9272cbb9e792,Phil Foden,Forward,33,9.552998140622,0.0003759303828019689,0.0019627870483887176,0.2931544398759287,1.085723329862792e-06
player_e70a884b8b5c,Auston Trusty,Defender,26,11.510567565411453,0.0003754744827933781,0.00029221526182370537,0.2533192046375366,6.117429852621235e-08
player_245b25da470e,Aaron Ramsdale,Goalkeeper,21,13.852972724036857,0.00037514092415784616,7.939535416015579e-05,0.21094155507110973,1.0647735840962091e-07
player_5b13314c72a9,John Obi Mikel,Forward,34,8.494058368609354,0.000374828131835243,0.004135023454986156,0.3003917510532929,3.5144075437834666e-06
player_fa83f49c2738,Davide Calabria,Defender,34,10.980394132574027,0.00037480330206741296,0.001739757745828686,0.2798512601570032,5.085282963466129e-07
player_2e817d22fc63,Stefan Lainer,Defender,28,11.031924684248898,0.00037469069213328526,0.0007607773641847103,0.27240431664320663,3.240487153029597e-07
player_5fbb6d3d9e11,Eric Bailly,Defender,30,11.114297875861498,0.0003744609684309458,0.0006475754838370296,0.26569037656903766,1.0896640513488594e-07
player_cb4b96a4da50,Niklas Stark,Defender,24,11.210828670145943,0.0003744101597175089,0.00032763571974482445,0.25447714464621163,1.4779296560356456e-07
player_558d492f195b,Moussa Marega,Defender,30,11.23413426993693,0.00037401023188889955,0.0007879038442479212,0.2741130446512883,1.619579579689745e-07
player_07500cf73ba1,Eric Maxim Choupo-Moting,Forward,33,9.297962453640805,0.0003735537736397314,0.0011007014123957392,0.28739127360158406,9.266122380129208e-07
player_e3928a3bc4be,Bruno,Defender,27,12.531245449238131,0.00037346879920373033,0.00040091363722278385,0.2727882937307021,2.550793050990171e-07
player_e7e2ecbf256a,Junior Messias,Midfielder,28,10.901673521313327,0.0003730128950199645,0.0008210165173585365,0.26946028378199177,0.00025756153110762474
player_76324823ecc6,Pablo Zabaleta,Defender,29,11.35476848128662,0.00037247296811351735,0.0009342280862058335,0.2725504660988532,2.7564584108104566e-07
player_de6aafc3981e,Malik Tillman,Midfielder,33,10.054411458591186,0.0003722979741437172,0.0022898713850714398,0.2894999287647813,9.867556034807027e-05
player_a9420bbb41f3,Tyrone Mings,Defender,27,11.346472848492917,0.00037192364679150585,0.0007734405462992187,0.2711864406779661,2.407019557845931e-07
player_2b870e5ae173,Gregor Kobel,Goalkeeper,28,13.767023749815529,0.0003714056474206544,0.0006738510367003102,0.24786533300805075,1.34173342386478e-06
player_49c2339760f7,Donny van de Beek,Midfielder,32,10.22499307472599,0.00037079283419744793,0.0013946735604678897,0.2746317069874307,0.00017718895569737784
player_2e5fe8c24e33,Per Mertesacker,Defender,29,11.950998159310878,0.00037050736929855014,0.0010437556967884318,0.27550674530540303,4.5092274885851885e-07
player_bd419d63a90c,Michel Bastos,Defender,27,11.416723539775738,0.00037026840955351446,0.00045724217872734034,0.2663171690694626,1.0455486033961758e-07
player_4be9505dcf6a,Xavi,Defender,38,11.726175615524033,0.0003690646543604223,0.0032454368272148075,0.2965124762877572,1.246444794133642e-06
player_0c638ebd1823,Fernando Marçal,Defender,28,9.717629223804629,0.00036843430974751746,0.0014906656825609957,0.25466850482516606,3.250250396283741e-08
player_1c98bb5f86f7,Gonçalo Ramos,Forward,31,8.790893100871921,0.00036768587508774145,0.0021447418009465174,0.29128440366972475,9.463912250993357e-06
player_bfb0c8f945ee,Rafa Silva,Midfielder,35,10.490690085259146,0.0003673769136671069,0.0009265549709644738,0.291242654436004,0.00014824975736851134
player_ac08fc78faed,Olexandr Kucher,Forward,26,8.172127780514455,0.00036653073834102634,0.000673291307779996,0.27008706054362996,4.320640286203591e-07
player_1e40c71d6acd,Jesús Corona,Forward,36,8.662813398127973,0.0003664623040670458,0.011685961824072947,0.31804664266708405,1.0813432662785566e-05
player_70fa7d2016cc,Houssem Aouar,Midfielder,28,11.168693816813175,0.0003664216234987938,0.00031173409821922565,0.2658120217149585,0.00020445698695935823
player_588fb23c6ece,Kevin Grosskreutz,Midfielder,27,10.837394462699796,0.0003662049089159811,0.0006602136173654992,0.28275238294023514,0.00015424773560025938
player_c4bf972b70eb,Mathias Pereira Lage,Midfielder,29,9.432970100625719,0.0003659324935684433,0.0030470312812318342,0.2834228328335309,9.04225048477038e-05
player_2ce777b8fff2,Joey Veerman,Defender,30,10.859237406825581,0.0003653726929897745,0.0021267049704115867,0.28027586206896554,2.4740807298794986e-07
player_65427144bb2d,Milan Skriniar,Defender,28,16.594551505714858,0.00036508322816659796,0.00045490436977301576,0.23938269423337458,1.6948812175838052e-07
player_d56489e7bc8d,Michael Olise,Midfielder,30,10.382158143635943,0.0003649289895585445,0.0014349994439271409,0.27793735467104363,0.0001921804609120967
player_89ee52c919c2,Martin Erlic,Defender,23,15.577753899021586,0.0003648585752855049,0.0006053307631648489,0.2499077604230722,1.571517853074099e-07
player_57d942c333cd,Vitolo,Midfielder,31,9.973026140064924,0.0003646468119112608,0.001818974091117773,0.284593837535014,0.0001168324770621834
player_525118da19b6,Rober,Defender,24,9.587099178163264,0.00036373046624467475,0.000758040465067538,0.2665442382107956,2.1669680764736075e-07
player_60df20d3f7d4,Thiago Motta,Midfielder,39,11.672992117709333,0.00036367852398838717,0.002710994477978307,0.2925635303433878,0.00017977584079956484
player_7e04da88cbb8,Felipe,Defender,35,9.890594976993413,0.00036331499788897176,0.0034186414111962637,0.28537321817288114,3.6253773425007684e-07
player_3234636c8aa3,Nehuén Pérez,Defender,22,9.685579127239388,0.00036325830836486493,0.0004446556218490276,0.2380506091846298,2.0125005706938676e-08
player_fe7309f99b7d,Pau Cubarsí,Defender,26,10.945844382613485,0.0003628385335987098,0.0010188832809270233,0.2660904864794081,1.744248946345013e-07
player_b1ef0953bf9b,Pascal Stenzel,Defender,27,9.813815870698189,0.0003627196855220386,0.0009958925673538691,0.25953125997828724,8.807959485122278e-08
player_24682e76934e,Steven N'Zonzi,Goalkeeper,25,13.145700050950605,0.0003626975570599963,0.001233716676250318,0.21751230999785914,1.2163926391103176e-07
player_e683ca42c21a,Harry Kane,Forward,26,9.517107455352493,0.00036235022045731804,0.0001567786568996055,0.26810924924132473,7.341454501093613e-07
player_bc7a84447660,Raúl,Forward,19,7.88775923333374,0.00036230380451583613,0.005152143719657898,0.2848531576365038,5.812646036657211e-07
player_09449b36f252,Aleksandr Golovin,Midfielder,32,11.29899325596888,0.00036192997975752146,0.00044237870724388466,0.26784419692875505,0.0004135254824818424
player_e3fdd5cfde76,Ramy Bensebaini,Defender,32,11.707300661998453,0.00036169347736178,0.000551122762629067,0.26617762640817394,1.323882855616905e-07
player_0c92f12a89d7,Eliot Matazo,Midfielder,22,8.251046295113854,0.00036139754272045566,0.0016070137422968531,0.2446129770073432,5.549220794514542e-05
player_becc11d29e47,Ermedin Demirovi?,Forward,21,6.933008854466908,0.00036110488882158995,0.000991847455024737,0.24348451261158707,4.373224351985497e-08
player_3fbb18d41575,Luca Pellegrini,Defender,25,8.780155302714114,0.00036109674470409135,0.0006982150585498323,0.23862368621924726,2.6013666118654433e-08
player_a12fda75b36a,Diogo Dalot,Defender,30,10.43962053641086,0.0003610039643406853,0.002583631435930248,0.2856138871319137,4.741911858110658e-07
player_9569ea4d9808,Sergi Guardiola,Forward,20,8.96255614012638,0.00036068654012865435,0.0001329790563893551,0.23694029850746268,9.269690852261164e-08
player_2e05024589d2,Andreas Skov Olsen,Midfielder,26,9.044633758365778,0.0003602553928262082,0.0008062300385707664,0.25447714464621163,9.166709029635174e-05
player_cfbf96bd4071,Aleksandar Dragovic,Defender,32,10.111679454742102,0.000359880631461395,0.004125793449940852,0.29620991253644313,1.9521281390318175e-06
player_b2899259a5dd,Thomas Monconduit,Midfielder,23,10.602709673013731,0.0003598615870447032,0.0003757276556925162,0.26453166699212394,0.00010788313672437513
player_8be69b5966c3,Sasa Kalajdzic,Forward,22,8.645896642261027,0.000358811866407427,0.00027117134853737725,0.24649724024989386,8.353733577488594e-08
player_62bc04aefa94,Rick Karsdorp,Midfielder,27,9.32462695368253,0.0003587947945974523,0.0011000215912669814,0.2618556701030928,3.478030999348171e-05
player_4d4e1a3f04ba,Joël Veltman,Defender,26,11.008273064768494,0.0003587593299423998,0.0014237474055188233,0.2766131227879118,2.130806254716501e-07
player_52068e3b8378,Jesse Lingard,Midfielder,32,11.319242713042057,0.0003580553632265761,0.0003655002448419498,0.26399896063401324,0.001682314595746519
player_e731578a5843,Gary Cahill,Defender,26,12.177795249866984,0.0003579780788244278,0.000304260671292377,0.26652675760755506,1.4590982703487578e-07
player_947c31e8ecbb,Benjamin Henrichs,Defender,31,11.450381989623796,0.000357685206602299,0.0019221386766089465,0.2831463805476207,1.6382861132138558e-07
player_a6beca7f1981,Joaquín,Midfielder,28,9.922433405942645,0.0003576125857489705,0.0011022931035972732,0.2741315345699831,0.0009404311400592971
player_24dbccbf6805,Marcus Rashford,Midfielder,31,10.66437203991748,0.0003573972277217045,0.0005637469469781739,0.268996558114906,0.0002921822150168967
player_87d19e4e75c3,Nicolás González,Midfielder,34,10.427171198217174,0.00035730197437686633,0.0016938843027695224,0.29340841816475344,0.0001559539351958954
player_7d065c83f2c4,Warren Zaïre-Emery,Midfielder,27,10.31247709173053,0.000357295603261081,0.001181304080395669,0.2801020056516645,0.00012787622185099427
player_88d18056f90d,Stefan de Vrij,Defender,29,12.488429058730647,0.0003570431071244991,0.00011608445563212352,0.266038229903116,2.1973718717916266e-07
player_f4bf630f4a5e,Alexandre Lacazette,Forward,27,8.67044874180865,0.00035703432259527194,0.00041682846553179383,0.2634683954619125,1.7171289322186607e-07
player_7d236cb852e8,Kacper Urbanski,Midfielder,26,8.714762661374108,0.00035643091237452606,0.0011148044899557015,0.27455749223077963,0.00010601223960993313
player_b0da09d9e2b7,Gabriel Mercado,Defender,28,11.411085993356012,0.0003562380390768698,0.00066904981730838,0.2703745592442286,2.586569883381372e-07
player_9c5318fae755,Dan Burn,Defender,24,11.343100643201955,0.0003562089083149103,0.00039182827636725947,0.2722036168787676,3.9787025605354787e-07
player_cfe1039fd695,Marc-Aurèle Caillard,Goalkeeper,20,15.247532895889943,0.00035604139466930427,0.0007735866393915316,0.20776033945094832,1.5697789241971075e-07
player_4e2f58deb2b8,Maghnes Akliouche,Midfielder,32,9.897547373680903,0.00035589822847809815,0.0021894587941516355,0.2853331461068595,0.0013881615326410603
player_3e3fd3a9907f,Joseph Scally,Defender,17,9.120566694725433,0.0003556146558831164,0.0006162572156291058,0.2104391052195526,2.290578003360409e-09
player_2a856bf0dfe1,Suso,Forward,24,8.580222453714942,0.000355372389527461,0.000680283643182324,0.2608639835676231,2.1594030559154767e-07
player_593a16a1d706,Marc Cucurella,Defender,24,10.599081721609378,0.0003553091774993604,0.0003307411511962377,0.25380964276792406,6.840838311127785e-08
player_7ae8e2165a16,Joe Hart,Goalkeeper,19,12.385025895011557,0.0003548439155247822,0.00042819408588237875,0.21154546874186664,6.251098283196578e-08
player_f207d8cf0e45,Salih Özcan,Midfielder,24,10.015614539106895,0.0003544452580986457,0.0006212766532139074,0.25966391923838733,6.12540519565702e-05
player_337b6fc1d6d8,Riyad Mahrez,Forward,28,9.012365820718239,0.0003543330410376581,0.00040431093221765334,0.27629342579373173,6.232831113351589e-07
player_9a187c2cc23a,Abdu Conté,Defender,24,9.349917988479998,0.0003536794661364805,0.0014505855190723989,0.2644800208251985,2.1182109550509602e-07
player_b239c0f50d02,Alex Meret,Goalkeeper,24,12.605531513964445,0.00035340773642897496,0.0006715325231657752,0.24467188440698376,1.0343155266372025e-06
player_eb49278583ce,Bruno Henrique,Goalkeeper,32,12.169639378255555,0.00035333034040190654,0.0020059542395512034,0.25579053373615307,1.039307579217158e-06
player_df177ff2fb26,Thomas Beelen,Defender,27,11.07637162917988,0.00035300712078539825,0.0006933655390036842,0.26802084020312605,2.547501878727077e-07
player_84973003fa3c,Marco Bizot,Goalkeeper,22,13.14915683752237,0.0003527964994480259,0.00023300188501049337,0.21350144470711846,5.5604387887578324e-08
player_1d045ce9715c,Hakim Ziyech,Midfielder,33,10.764047840905242,0.0003524669309360589,0.0010153854535949634,0.2873303167420814,0.0016381286568925386
player_c7328e5841cf,Banega,Defender,29,11.345099568939771,0.00035227644646328756,0.0006182593250860746,0.2839575181665735,3.0391746545216784e-07
player_7e0f7fb89b67,Marcel Lotka,Goalkeeper,21,15.132709141078916,0.0003521215746238633,0.001089926132823086,0.20916109109624292,1.7361543586715567e-07
player_8a5d6de93055,Javi Serrano,Midfielder,22,9.10680718182107,0.000351716008260137,0.0036702478704057533,0.26929958253263536,6.286490539475869e-05
player_7c840f4d1726,Armando Obispo,Midfielder,25,15.902066221361292,0.0003515657028018879,0.0016620998511706173,0.25392064979693846,0.08415537427413537
player_4a54c68f1b9d,Ricardo Costa,Goalkeeper,33,10.218624092297025,0.00035149124968110506,0.009437183899965873,0.2986698023076358,5.150384073352223e-06
player_dfc12f9896be,Gavi,Midfielder,30,9.67743465249933,0.0003512645420223622,0.0013710749676594724,0.2827327118408237,0.00022001835348598985
player_517a7cffd476,Tomás Alarcón,Midfielder,20,8.659908613327746,0.0003505144364650169,0.0008316108312692428,0.24813774575650263,1.548346891193836e-05
player_c4ec24037617,Jeffrey Bruma,Defender,22,9.763451425428483,0.00035040544157252955,0.001145915434631731,0.2699614720340109,1.283534946780906e-07
player_bf5dce39f176,João Mário,Midfielder,31,9.906440543437792,0.00035036662001111137,0.0034979833446764238,0.2984723854289072,0.00010294119613264482
player_6c48db93f12b,Robin Olsen,Goalkeeper,17,10.383885914018155,0.0003503441882298566,9.166057144639895e-05,0.1840663073508764,3.5261179933588746e-09
player_99abff99a052,Armel Bella Kotchap,Defender,21,9.879148653183469,0.00034997416409960665,0.0006045477034635285,0.25482819162277404,7.079102714954594e-08
player_69a0717472db,João Cancelo,Defender,29,10.6963944435678,0.0003499397389918105,0.00048648133692047766,0.2599296450271826,9.394678959249882e-08
player_3645090159ca,Claudio Bravo,Goalkeeper,24,12.892279442503215,0.00034976363444906024,0.0006447107535610492,0.2160782645682688,3.619094669108262e-07
player_02ea2ae2a237,Nani,Forward,25,7.939268069191937,0.0003495726675033151,0.0028038834076627435,0.2682685325764077,9.478221966598599e-08
player_37f71b355479,Atakan Karazor,Midfielder,27,9.29249953519189,0.00034932195063968046,0.0006996368005353376,0.27231305280085766,4.0791193528287576e-05
player_2ce451d96d3f,Samy Mmaee,Defender,21,9.762354158072625,0.0003490341319201735,0.0002423076505121643,0.2513296227581942,1.5918509102027727e-07
player_ec5ca2f84145,Jason Denayer,Defender,26,9.359282075212485,0.00034871070046418434,0.0013019030163260177,0.27127695080435216,1.449027294906143e-07
player_ecffae472210,Fernando Muslera,Midfielder,35,10.678900179512112,0.00034828522113634593,0.0016793427604738598,0.2956066336921734,0.00023052972575697284
player_30d29050a287,Roberto Pereyra,Midfielder,32,10.91319379426811,0.00034820414332020994,0.0005522584087065696,0.28808392996384774,0.00020575909806680415
player_ce076e8d8d1a,Bounou,Goalkeeper,20,13.363536207152602,0.0003475419833994705,0.0012483991461226065,0.23250758052520168,2.558487860046287e-07
player_b26def728f4f,Jaume Doménech,Goalkeeper,24,11.360776194374516,0.0003471751448806489,0.002344268759366426,0.24166022477255159,6.824623331174117e-07
player_37ad3769be89,Alexander Anyukov,Goalkeeper,24,12.812657502363674,0.0003471088122703362,0.00017402973982896707,0.21462899392659096,1.344047094127161e-07
player_3f22848cf530,Xaver Schlager,Midfielder,28,10.460401366559262,0.0003470823398278377,0.000366084963883009,0.26290593867253204,0.0011606293117067564
player_eefc1ab273d8,Jean-Ricner Bellegarde,Midfielder,22,10.206794038600377,0.00034692254547491865,0.0001615097466489987,0.26263409590280473,0.00011807973079642638
player_634fcdb1754b,Danilo Pereira,Midfielder,34,11.078496544049433,0.00034691242768240376,0.001019329676032169,0.2817917071141312,0.00020056008167233374
player_5ec239f75497,Matteo Ruggeri,Midfielder,21,8.089166805127753,0.000346875346487367,0.0016179099458458555,0.2542383484516734,4.852371008021011e-05
player_0de01be8394a,Julian Weigl,Midfielder,32,9.996824120762456,0.0003466641214693234,0.0039794097005276625,0.2964259664478483,0.00019422925873023897
player_88cf6ebbc8d5,Ángel Montoro,Midfielder,22,8.948135195903697,0.00034660768575433805,0.0006136999882975129,0.2570362405919929,2.9396179027194302e-05
player_8e71804d6d1e,Reinildo,Defender,26,8.687587234890794,0.0003465486585731913,0.0013063240370211,0.27586206896551724,3.033814093362791e-07
player_83ccb83ae942,Igor Zubeldia,Defender,24,9.35397889348646,0.00034636161403718064,0.0009423467658431824,0.2588205324162527,9.090082874771778e-08
player_dfb777e8d5f7,Rayan Aït Nouri,Defender,17,8.97865248570262,0.0003459105002077718,0.00030965432572236556,0.21374848787671594,3.63365508167918e-09
player_43f986e9c7af,Helio Pinto,Forward,25,13.22269101955905,0.0003456926009832608,0.0037847359026635815,0.2867019400352734,1.2324824458284444e-06
player_d83f7e7c1612,Oriol Romeu,Midfielder,25,9.983602962952004,0.00034551140096129043,0.000916069763546034,0.2821046786061363,0.0011033278484301843
player_c8f64e7b0967,Marko Arnautovi?,Forward,20,7.732197765664377,0.00034537660404625013,0.0008067679101375296,0.2606632031300109,2.0395590320817565e-07
player_1b9d5166ad87,Wayne Rooney,Midfielder,32,10.612360219643076,0.0003451321549325348,0.002025764487202403,0.29235306812459533,0.0013451511039011032
player_9ebc6b3883d3,Mauro Icardi,Forward,27,8.551088263005903,0.0003449497249487784,0.0004854504207953505,0.2694245558207372,4.815173410482853e-07
player_30ced4451997,Mama Baldé,Defender,29,9.330633257501434,0.000344334408279072,0.0028345121027318794,0.2783180386248459,1.633271954115137e-07
player_409edc8a382a,Marten de Roon,Midfielder,30,10.684703171396638,0.00034422477197263573,0.0002699521980255766,0.26145136387030365,0.00022358671069312787
player_d13cb86506ac,Höwedes,Forward,33,7.88712243727783,0.00034367140770268204,0.0019298898001646548,0.29109662631616645,1.1298814117163972e-06
player_5a8c44abe44c,Ivan Ili?,Midfielder,16,8.76012493268178,0.00034330512618547057,0.0005504261093942263,0.22870005627462014,2.123178732460629e-06
player_2d780aa39437,Ethan Nwaneri,Midfielder,23,7.983090986063077,0.00034322667998210054,0.0026020798089286773,0.2522030532456249,3.885523116944535e-05
player_7ef93f024889,Jackson Martínez,Goalkeeper,36,10.366829325048691,0.0003429245109757146,0.020402436311593074,0.30952018278750953,1.684941080843672e-05
player_4c12c25ee056,Tiquinho Soares,Forward,31,7.68442443433091,0.00034270546509625714,0.0029556286732455163,0.2941091330149081,1.3136412095720832e-06
player_a305e3e3f15e,Kaan Ayhan,Defender,28,11.581987577902966,0.0003415267364486494,0.00020227332677053882,0.2526420489866965,1.3325613170883027e-07
player_9fea623a8193,Thilo Kehrer,Defender,34,12.070660217556195,0.0003413164489086578,0.00021852093829281352,0.27100560149373165,2.5070889449368205e-07
player_3273b2fa39ee,Santi Mina,Forward,18,8.10554246433132,0.00034084191230519193,8.590229584055911e-05,0.22678571428571428,5.159614885665799e-08
player_cd4df99134c3,Kieran Trippier,Defender,28,10.930842960699966,0.0003402325964685237,0.0002593968071521394,0.25809729455099706,1.4013365785657276e-07
player_fe283f9dd458,Eliaquim Mangala,Defender,32,11.134292474938992,0.00034016981294026494,0.00042778925668139546,0.27006911217437535,5.893201432669419e-07
player_34d3fb7c5759,Federico Fazio,Defender,29,10.585222483836162,0.00033977213409365226,0.00024827641423204826,0.2504467862204967,7.798500867249574e-08
player_89e880f80a52,Edin Dzeko,Forward,23,8.454694999328096,0.0003397168489969278,7.174943954665441e-05,0.24294595887135342,1.3672870569100124e-07
player_547563f2b875,Jeanuel Belocian,Defender,21,8.957301029233973,0.00033947582444173255,0.0018382233560491476,0.24654210143169134,5.266223199147897e-08
player_3e9f64c78a1d,Emmanuel Eboué,Midfielder,31,9.270956310259129,0.000339340426904127,0.004220364220205452,0.2877779351366662,0.00022012643471523209
player_c595b944376b,Oliver Skipp,Midfielder,21,8.482763885632437,0.00033932469837321733,0.0002809575829438777,0.23525325615050652,1.1890897877671583e-05
player_e855c381eff0,Carles Puyol,Defender,30,10.459809102904401,0.000339009678498375,0.005723659291315668,0.2980127594045611,1.0238517624287392e-05
player_a54cd87464cb,Malinovskyi,Midfielder,31,9.523042033517735,0.00033795036938249963,0.0007832213867092379,0.28790025502975347,0.0011940613204699196
player_3c3c583c0806,Alexander Meyer,Goalkeeper,24,12.33805806934378,0.00033749050365375734,0.0006300904566879117,0.22073760252023247,3.700976748667259e-07
player_534b44a19bf1,Alex,Defender,29,10.693988999957854,0.000337084835391296,0.000302574843503993,0.263042071197411,8.763859560963752e-08
player_24f59cd7976b,Abdou Diallo,Defender,33,11.392157135274102,0.00033695722645077586,0.00019718402601533454,0.2554368321810182,1.0907849183540791e-07
player_c1be0ed425a7,Gosens,Midfielder,31,9.49986987136584,0.00033671902052284604,0.0003915939146946668,0.2695138934942635,0.00012423942866082304
player_91a3dc41f57b,Philippe Koffi,Forward,18,5.93748420338006,0.0003365409675170172,0.00026573877390837956,0.218729817007535,7.0790102753618986e-09
player_602d787d0e50,El Chadaille Bitshiabu,Defender,22,9.943088141263098,0.0003362311892494473,0.001077463806930234,0.2632465345251976,8.91734161105326e-08
player_bcb40fba02bf,Franco Cervi,Midfielder,24,10.143922341878422,0.00033597171947162053,0.00043587670767663113,0.2585241730279898,8.870408117968828e-05
player_017c90cd0b35,Dani Parejo,Defender,30,10.006575661791457,0.00033568206464376117,0.0008818155460772358,0.27440918298447,1.4555549606431038e-07
player_0804048efcb1,Mariano,Forward,25,7.1748305544156405,0.0003356799714103607,0.0022471606658146046,0.2657251209624689,2.356237776177484e-07
player_e684852f1579,Andrea Ranocchia,Defender,27,11.040578845645594,0.000335577578492514,0.0003650584487205966,0.2692817386694938,1.9488119876127183e-07
player_ecccff5d9e70,Valentino Livramento,Defender,16,8.543375123158361,0.0003349084862450492,9.47211467388143e-05,0.1996462959324032,2.2098547415571694e-09
player_3b221cc45695,Hakan Çalhanoglu,Midfielder,27,10.830208870792823,0.0003339738246151166,0.00035483222460719143,0.27093333333333336,0.003221387551837036
player_b175ca4bdec5,Suat Serdar,Midfielder,24,9.120300300202205,0.00033395598180765014,0.00044472155443382033,0.25837624769533984,7.467549164074516e-05
player_1a22eb1847cf,Nathanael Mbuku,Midfielder,22,14.116500735630373,0.00033389787104402206,0.0006839875049549017,0.22592839670891707,0.08395119411627659
player_81c856596937,Erling Haaland,Forward,27,8.384664409140594,0.00033382866364841014,0.0005318527668810154,0.27973568281938327,8.946537381507728e-07
player_41c98e206098,Anthony Caci,Defender,23,10.395696984636762,0.00033381546931232365,0.0002749253117073724,0.26784419692875505,4.0674096028746217e-07
player_1e161d999190,Miguel Veloso,Midfielder,28,8.936054772547871,0.00033330811677079143,0.0007250941166576486,0.2804305823902843,7.044602593877677e-05
player_a00245b99ab3,Raoul Bellanova,Midfielder,25,8.329983617576426,0.00033329341623644274,0.0006836016416673667,0.249692799213566,4.671685575576966e-05
player_71c393eeeb66,Fikayo Tomori,Defender,28,10.161203590939214,0.00033317311576893017,0.0006882803169226318,0.2768392370572207,2.3581039959947048e-07
player_90f0a841395b,Florentino,Midfielder,31,9.994783084466734,0.0003331044173532837,0.0009428310872921364,0.28696511792119755,0.0011182715003008215
player_0aa96c5743f9,Leandro Paredes,Midfielder,31,10.591010687652037,0.0003329993350154597,0.0002543800044949322,0.26807387862796833,0.0001703694870712052
player_e01c0b50a618,Arthur Theate,Defender,23,10.282232254318531,0.0003329695071927443,0.00017078002765880644,0.2597469001661767,1.3459210504293364e-07
player_620fee44416c,Malick Thiaw,Defender,26,8.882161570057145,0.0003327898723113283,0.0017587203666516948,0.26901436420202557,2.603129930343537e-07
player_79309d0a8aa8,Marko Grujic,Midfielder,34,9.451044556800014,0.000332775805045758,0.0055189746905933085,0.3058628734853616,0.00015535702236183023
player_7cbb7b2d6c90,Gauthier Gallon,Goalkeeper,18,12.504847586930515,0.0003326285555983933,0.0003033628078498472,0.22430731868859696,8.490330778323112e-08
player_ac6060a318e0,Rúben Dias,Defender,29,11.747486804081909,0.00033258602675628946,0.00016576702087534395,0.2563876096145354,1.0929882593033465e-07
player_ab31b939d596,William Saliba,Defender,28,11.843417030242717,0.00033227551182578194,0.00030105616838048323,0.2662473794549266,2.0804626505129885e-07
player_7b340c195544,Yannik Keitel,Midfielder,23,13.859233071585615,0.0003322323745039779,0.0023481963395547917,0.251578556394701,0.08391068075401602
player_bd1d715a5d70,Sheraldo Becker,Forward,22,8.084636398556544,0.0003316801486188141,0.000657194437123286,0.26938883733262625,5.889432878646621e-07
player_f111b551b972,Serge Gnabry,Midfielder,30,10.182120595367854,0.0003315345156475905,0.0003577572526800456,0.2754693960550397,0.001511944237477974
player_007b77e6bdce,Urby Emanuelson,Midfielder,26,9.331025005796159,0.0003314485136140966,0.001134740682310747,0.2712045378712045,0.0034775589934914635
player_a7a61aca5543,Anthony Reveillere,Defender,24,9.92487747985214,0.0003314280624394777,0.0006934379221003368,0.26460055993228726,7.233622294416055e-08
player_075e1cc35bf4,Gastón Pereiro,Forward,22,7.510393403330775,0.00033132012758429563,0.0022281959500904595,0.27379909721754364,7.307726707588803e-08
player_1d89b2af6681,Andrea Cambiaso,Midfielder,26,9.182263315106718,0.00033122279027766963,0.00045104554942258974,0.2693174287607687,6.400895575297554e-05
player_62463dc3d50a,Maximilian Beier,Forward,25,7.898804307501735,0.0003310085156355519,0.0008415566820161033,0.28350191838158356,8.449687389614752e-07
player_37a7293b7809,Jean-Philippe Mateta,Forward,19,7.681366326315838,0.00033098241796239365,0.00015947642194073715,0.23575820860888735,4.92729238468649e-08
player_9879c81b7cde,Razvan Rat,Forward,25,8.166493862207625,0.0003309205234500782,0.0004925955763063186,0.28072114388340125,9.39362889058765e-07
player_1ed50dcc19a8,Lucas Perrin,Defender,22,9.963745907128802,0.0003306340837088167,0.00018473563486550636,0.2434261755016472,6.32078865806434e-08
player_d5a5ae3a791c,Jeremie Frimpong,Midfielder,30,10.173812927907477,0.0003302724473996441,0.00028068076051562796,0.2656382770115694,0.0015277171579381327
player_f52288de4fa9,Šimić,Forward,18,6.572257236885751,0.0003301900935903173,0.0005984198302935289,0.23198995319100355,1.3736739722169723e-08
player_e6089260968a,Kurt Zouma,Defender,28,10.783156426701233,0.0003292758106943643,0.0005038954143186176,0.25588716786298954,8.554868932502051e-08
player_14e4dc777fc9,Bukayo Saka,Forward,23,8.747287430266862,0.00032918537552979797,0.00012858443179112749,0.27026667553368355,9.053943987338138e-07
player_0b43c25ccf23,Dest,Defender,28,10.603840965190816,0.0003289127404203122,0.0004173776909612862,0.270716759925393,2.0127304657894349e-07
player_98a9ed1b4808,Mihailo Risti?,Defender,16,8.622997668641936,0.00032820726726973923,0.0010386153694314816,0.22873867282039737,7.322727547345144e-09
player_4b4bda32e06f,Wataru Endo,Midfielder,22,7.819894594065367,0.0003281691385676372,0.002317694199026144,0.2653607574273588,3.876969579421586e-05
player_43792444d85e,Heurelho Gomes,Goalkeeper,20,10.350766045164956,0.0003278232512226633,0.0022553892089789505,0.2186592058538685,2.406294144619977e-08
player_55c03b7cfcaf,Pepe Reina,Goalkeeper,27,11.33165767419047,0.0003276670623927272,0.0022563935787183994,0.2558710571050809,1.082748693103748e-06
player_10600ce8c9d3,Tommaso Baldanzi,Midfielder,16,6.292864155766529,0.00032750026892664885,0.0007096431626236056,0.2360320594726449,1.631821397391025e-06
player_522fb74f5a42,Mingueza,Defender,25,9.716137967872921,0.0003271875754745312,0.0004763209663195351,0.258146477799657,3.4883597945187854e-07
player_d090323f9ecf,Gelson Martins,Midfielder,20,9.33693104969567,0.0003271073203887253,0.00012152151241044278,0.24256893876089292,7.584526425092622e-05
player_65ea60f0fa1e,Djibril Sow,Midfielder,21,9.113669867594377,0.0003268990047690938,0.0004435860433145495,0.26042934956744634,9.353439301692318e-05
player_dd8ae2b58998,Jordan Lotomba,Defender,21,9.783071666160597,0.0003266188757968507,0.0006743750333927252,0.2652914681114955,1.1061542830326023e-07
player_eb5744a2ef3e,Souleyman Doumbia,Defender,22,8.496109991663845,0.00032658423323221164,0.0003128283844646875,0.2535879196306003,6.288402064252056e-08
player_d39157493c35,Federico Peluso,Defender,29,8.151700802798592,0.0003265397927388642,0.0026227062492203816,0.2806242231735948,2.2732050160322168e-07
player_9773bf404d60,Elia,Forward,25,6.472751693952439,0.00032621700648414277,0.0022053871793730894,0.2743906555938154,4.968520872943114e-07
player_f3de6472f8bd,Adrien Tameze,Midfielder,20,9.110461916974897,0.00032597443600264976,0.0005122762779337124,0.251984126984127,5.6413365200833614e-05
player_e8b4ab1dba02,Gijs Smal,Midfielder,24,7.781547916073791,0.0003258618598444207,0.0014375721433532997,0.2752828015985911,3.472102998675983e-05
player_0d406786800c,José Gayà,Midfielder,24,8.376889410023725,0.0003257995844059522,0.0009201967849086931,0.27368846386962087,6.734378352273924e-05
player_9c569aa0a194,Mattia Perin,Goalkeeper,22,10.577277467581652,0.00032556167402302656,0.0014100518088571627,0.2242330611344074,5.363624400068554e-08
player_0596029a1c72,Duda,Forward,22,7.201975575401396,0.0003254211148475916,0.000989930747587194,0.2667541844437151,2.749412788174298e-07
player_ca5deb5b7a74,Guus Til,Forward,25,7.886764377967239,0.00032458873386269425,0.00023983396713757955,0.26617762640817394,4.1583227312620693e-07
player_8456bbf8bb2b,Timon Wellenreuther,Goalkeeper,28,11.5019360665186,0.0003244362318934619,0.0013472997318520726,0.25956441208405184,9.140869643920012e-07
player_d2cfe169e083,Nicolò Barella,Midfielder,26,11.063609908371163,0.0003240960495726314,3.657264938525755e-05,0.2624983852215476,0.00047539157434100745
player_dee391fce035,André Almeida,Midfielder,32,8.780866877426948,0.00032379813516785085,0.0029972273259874804,0.3045107148209201,8.7192253933205e-05
player_3fe05fd99986,Riccardo Marchizza,Defender,20,8.559699251984833,0.00032358171759503166,0.00040512980712762906,0.23692648516294526,1.89580756691611e-08
player_11de5d137ad2,Nathan Tella,Midfielder,27,9.113267571406261,0.00032327511881364006,0.0008066204377112356,0.2758807956011133,0.00021731956281908672
player_2982dd1e3f04,Alex Song,Midfielder,27,9.117625040769427,0.00032305911822325996,0.0038376070997607134,0.30126019273535953,0.00017426325594903578
player_f23d1da52c87,Hugo Sotelo,Midfielder,13,7.745392222621092,0.00032301482913357055,0.00015867595780568356,0.20847440238021955,5.341829844309127e-06
player_0c1630a1e82c,Bryan Reynolds,Midfielder,13,7.745392222621092,0.00032301482913357055,0.00015867595780568356,0.20847440238021955,5.341829844308561e-06
player_e8df11ef970b,Tiago Ribeiro,Midfielder,13,7.745392222621092,0.00032301482913357055,0.00015867595780568356,0.20847440238021955,5.341829844309969e-06
player_1f1c2e3b0f36,Max Meyer,Midfielder,27,8.858570553594896,0.0003220706323527302,0.0005867606373494813,0.27077087081084683,0.00018662898897334692
player_c63221cba890,Scott McTominay,Midfielder,28,9.902510747218376,0.0003220659890066435,0.00043637024050234243,0.269049983449189,0.00027258246674736564
player_533004a67efe,Memphis Depay,Forward,23,8.434801772470962,0.0003219187308235946,9.430614196130334e-05,0.2587381422295792,3.5156347755007957e-07
player_b833b3e6ff63,Petar Stojanovi?,Defender,15,8.028291166058084,0.00032171327683572817,4.330804874720017e-05,0.1900130914531513,6.97771438127991e-10
player_0c758d16c68a,Lilian Brassier,Defender,20,9.727315902570146,0.0003209807027998106,0.00020986355340116798,0.2539841259921255,8.075278140641428e-08
player_da1c5ede2c25,Alexander Kerzhakov,Defender,24,8.972415931431403,0.0003209082570182226,0.0014845706225209139,0.27348586810228803,4.1649672413308564e-07
player_2277fe691bf8,Radja Nainggolan,Midfielder,26,10.478385724990886,0.0003208444482959521,0.0001921973074284248,0.259946270947934,0.0003908960401141987
player_f52517a8f097,Vital N'Simba,Defender,22,9.925976724663702,0.00032034035352259576,0.0001226905034661648,0.263059097676225,1.7459504954804604e-07
player_c4ea01ac57d9,Lukas Hradecky,Goalkeeper,21,11.828926532593336,0.0003202485086638536,0.0004733153072156949,0.23614177803602557,5.460732081167947e-07
player_dec371fcaec1,Portu,Midfielder,23,7.703847613456413,0.0003202350359796935,0.0019124817140967457,0.25986316260630477,2.4948889103610413e-05
player_edd5de249f5b,Jakub Moder,Midfielder,20,7.167743569582139,0.0003201631268072351,0.0015436028738011844,0.25689001264222505,2.728164560340285e-05
player_23584e20d0a2,David Villa,Forward,26,7.708321288607923,0.0003200503034722253,0.0012338254148276794,0.2909715758573781,8.386913498199357e-07
player_a123024be931,Almamy Touré,Defender,31,9.752535776654053,0.00031994389381309016,0.0012407561432701973,0.27956249570062597,6.434897571252158e-07
player_89062ae3cc58,Mateus Uribe,Forward,29,7.268395718387838,0.0003197943444555487,0.004295326208871666,0.29364161849710985,2.3634364316215564e-06
player_91788b4da273,Wesley Fofana,Defender,24,9.289586593875617,0.0003197908023823168,0.0005904460116146199,0.27249564167895934,2.1196939298505287e-07
player_7e331437b28d,Karim Bellarabi,Midfielder,28,8.232471534552587,0.0003196565761026026,0.0013794960707896114,0.2742610338777163,0.00023498607380893004
player_73aa9edc62f8,Angeliño,Midfielder,25,9.661299498605677,0.0003194142472832137,0.0005511419870067253,0.27060860300972167,0.00013444172059297937
player_cea2989b4412,Sokratis Papastathopoulos,Defender,26,10.036342024056484,0.0003193468385795484,0.00023079274057578655,0.26019591523144886,8.208587134672852e-08
player_25ae657ead27,Yan Couto,Midfielder,20,7.933076338704932,0.0003192674842558154,0.0009402113108487926,0.2570362405919929,4.3243447777035434e-05
player_4578078c7723,Domínguez,Forward,22,6.8823419389310825,0.0003192008533966611,0.009858096807939361,0.25953125997828724,1.067715914492935e-07
player_30d1864c2ce8,Raúl Albiol,Defender,28,10.043720402603114,0.0003190481900211317,0.006718557207500304,0.29799090775773573,2.2928775808333255e-06
player_ced4ad326542,Jeyland Mitchell,Defender,23,8.714966938979371,0.0003186636065012679,0.000972997255732973,0.27317335484304633,9.213953288682828e-08
player_bdc7b6190149,Édgar Badía,Goalkeeper,18,11.501708462837573,0.0003185298161640309,4.961745182498921e-05,0.2032,5.160792333436297e-08
player_220202d978f2,Amir Rrahmani,Defender,22,9.430021256764713,0.00031826605589178994,0.0005020870706211704,0.2688719814753556,2.0950739087502157e-07
player_01412d1f662c,Alphonse Areola,Goalkeeper,16,10.022120974724482,0.0003181151312305709,0.0006712182304506951,0.20469426815755012,3.6997379144129434e-08
player_5188078f107f,Matteo Politano,Forward,25,7.972878699489458,0.00031777790064025887,0.000103082882743173,0.258130081300813,3.0847539456662384e-07
player_6b3ec7f2f524,Mattia Caldara,Defender,21,9.013888527191158,0.00031759417197619645,0.0005306549757078357,0.26496283739731386,2.1766954645890338e-07
player_e6ab0828241f,Kulusevski,Midfielder,22,8.444097139124423,0.0003174154897306944,0.0010471491122468239,0.26504924020087395,0.0018883761996424293
player_407a2d9eb620,Lorenzo Pellegrini,Midfielder,26,10.080844112596473,0.00031733741434067587,0.00010833607810688659,0.2519528828270304,0.0015670641049591
player_d1354a8e3371,Thibault Klidje,Forward,19,6.445952007827387,0.00031727901800458085,0.00022044038397635087,0.253271843450081,3.011286869734651e-07
player_c3a3dfd93c7a,Isak Hien,Defender,20,8.329982045048512,0.00031691563920485845,0.0004797192769147217,0.23604576871696578,1.9122123698767748e-08
player_b49993deb563,Declan Rice,Midfielder,27,10.426336321457388,0.0003165440866413546,0.00019576337049750307,0.262956971853769,0.00024833696654375247
player_405c03e2ba7a,Romelu Lukaku,Forward,23,7.8518402196354975,0.00031650184210134255,0.0003231842338775341,0.27330195023537324,9.413797727304714e-07
player_86b1daadbfeb,Gianluigi Donnarumma,Goalkeeper,22,11.661457188730436,0.0003163832715595719,0.0006356583240024022,0.22513988144701125,6.036498242543394e-07
player_28ffdd1f21af,Pietro Ceccaroni,Defender,22,8.970257428128278,0.0003162236798382514,0.00017856722825621452,0.26151866151866154,9.661937013909114e-08
player_4e908e5a4ed2,Antonio Sanabria,Forward,18,7.653906398389896,0.000315813792726628,0.00036904734181340745,0.24960078614420833,7.904170058549786e-08
player_70b9afffb47f,Zappacosta,Defender,30,9.724039744837775,0.0003156576426101592,0.0012429448559868812,0.284593837535014,7.190956807041554e-07
player_cea43576d97d,Marek Suchy,Defender,25,8.666241376823802,0.0003152358194033238,0.0009514988394376999,0.275581474198142,1.6155219978243032e-07
player_ea2ffd1cef41,Maicon,Midfielder,29,9.353001666828122,0.0003143673864866206,0.00040626436712250003,0.28377906570770195,0.00017732860532074677
player_8770f3df12bf,Ryan Fredericks,Defender,16,6.538630828293724,0.000314192508234454,0.00036057907783560323,0.22740753175535786,2.9524278898058026e-09
player_77ce3d462d79,Kevin Volland,Forward,20,6.68251471850491,0.00031407544396335455,0.0005817091495707744,0.2463627546071775,8.785354277661952e-08
player_981797ac0d03,Leon Bailey,Midfielder,22,7.628589159569158,0.00031407299975970946,0.0010515284453175558,0.2604460394770572,5.316419217409546e-05
player_e231c9fb8506,Andrea Petagna,Forward,18,6.055942837308751,0.0003139456061781964,0.0003404274923722238,0.23831583885533336,3.205605278271064e-08
player_c8975f3c39af,Mehmet Topal,Forward,22,7.310183648388982,0.00031377729776240924,0.0006554315543403263,0.2682331199260775,1.5077231651910422e-07
player_7c96f3c3c1b1,Weston McKennie,Midfielder,29,9.410382329419035,0.00031377219138415866,0.0005873788619975838,0.2788336192109777,0.00021923236315132136
player_8cc015e96cf0,Tim Krul,Goalkeeper,17,11.568640381438348,0.0003136474846306823,4.934446147049819e-05,0.20373991076352332,9.322496168794112e-08
player_7b0066152d1a,Zinho Vanheusden,Defender,19,8.456941887247636,0.00031326619722366544,0.00011014412870397876,0.2364027688906986,4.0680636973187886e-08
player_fbb477cdd1c3,Hakan Çalhanoðlu,Midfielder,15,7.845487263265402,0.0003131770573625353,0.00010982603538193182,0.21596343926028272,2.1061674168839253e-06
player_0ba8653244e1,Sven Ulreich,Goalkeeper,26,11.421670301431533,0.00031317027366471604,0.006923246621351214,0.2573454913880446,3.3854486227451203e-06
player_9eb0c9605dc8,Miguel,Forward,22,6.578434778524391,0.0003128648952627194,0.0006196527322835178,0.26415339616509587,2.7905940809850494e-07
player_4cb1c2d1b910,Umut Tohumcu,Midfielder,16,8.32814540802617,0.00031265672474943253,0.0005062348715532975,0.22168885009818895,1.5019861912673454e-06
player_6931a7152678,Jamal Musiala,Midfielder,29,10.084700479271419,0.0003122934343017328,0.000196446362871547,0.27372533171684515,0.00242596923812472
player_e170607fc523,Stefan Kiessling,Forward,26,6.742296230103628,0.0003121602738527843,0.0005241856723770475,0.26049612204345873,1.7398981189814947e-07
player_63631a8a501a,Aïssa Mandi,Defender,26,10.377062783966313,0.0003120776058082125,0.00023944997056119817,0.261906296320165,9.02590277522701e-08
player_ccfbcd04bf30,Charles Aránguiz,Midfielder,24,8.67656010076714,0.0003120699436325834,0.0006238334607576368,0.2691925548122143,0.0001023567136413754
player_3e5cb78ab848,Abdel Jalil Medioub,Defender,18,7.468503635535194,0.000311974973059942,0.0004958037560684953,0.2515162767669266,1.1197100368747923e-07
player_2c04aae52e17,Héctor Moreno,Defender,31,8.418441705365472,0.0003119036932646595,0.004349150499606934,0.304921968787515,7.580859636311618e-06
player_b72127cf5ad7,André Carrillo,Midfielder,22,7.770664335729823,0.0003118990715749375,0.002447444254548045,0.26706972465006246,3.503588424768207e-05
player_d70a861bd6b9,Adam Lallana,Midfielder,24,8.769259008297825,0.0003116419330990654,0.0004199294739816127,0.2592663476874003,0.001389885796390241
player_a041acdf517e,Maximilian Eggestein,Midfielder,19,8.202482265296206,0.0003115243576255744,0.0006306517606154957,0.256016127000126,2.7300948798857558e-05
player_4a0e74a96a7d,Matteo Guendouzi,Midfielder,24,9.359115390702769,0.00031148723604072006,0.00032785677649280545,0.2677383226826537,0.00013213163982391633
player_2629497418e8,Jean-Paul Boëtius,Midfielder,19,8.500078677058873,0.000311332890405928,0.000464398923957135,0.2497234853139978,7.327545500508619e-05
player_8c4ee8bbd52e,Bram Nuytinck,Defender,19,8.935692486598212,0.00031114098672720787,0.00028621845852545586,0.24470134874759153,5.6841875225935315e-08
player_c28edcdebc49,Aly Cissokho,Midfielder,25,8.625539811304355,0.0003110556119677677,0.0011793052203014243,0.287167891464104,0.00011416738813056486
player_7ec8d917aae2,Christian Benteke,Forward,17,7.33466918020081,0.00031098692185170334,0.0002669087280586849,0.24222195732506854,5.588751242791441e-08
player_02c696ba6e35,Mike Maignan,Goalkeeper,20,12.256613752467818,0.0003109456939375531,0.00018632694283765954,0.2272295219457646,3.9997331699057074e-07
player_03a96f789018,Piątkowski,Defender,22,6.6903087293616395,0.0003106675419128185,0.002764006654933753,0.26393038056890505,1.1937295476838354e-07
player_5e89cc79b7b0,Darko Braanac,Midfielder,15,7.717633398838391,0.000310426294530561,0.0001665938089446448,0.23277392748725587,2.6821606147718007e-06
player_01a524fbe823,Njego Petrovi?,Midfielder,17,7.160713929558811,0.00031038287242515057,0.00012336367458638301,0.2151744586223328,1.3874737748436997e-06
player_07fdd7be8fa2,Terem Moffi,Forward,18,7.425824467898275,0.00031013517849077805,0.0005785735771848642,0.2671575072311333,3.1657460136425196e-07
player_c0d2ac312135,Moise Kean,Forward,20,7.193539800549505,0.0003099648172419289,0.00033840777862275204,0.2519216464170593,3.445945776022972e-07
player_f4bb13abaf22,Martín Zubimendi,Midfielder,20,8.671164650889205,0.00030979674367010297,0.0002966865573806207,0.2520935425842069,6.899332711959779e-05
player_9c6c2c94d7f0,Alassane Pléa,Forward,21,8.055578690661894,0.00030976427724906645,5.0856047143452515e-05,0.2541906429822367,3.337894446105217e-07
player_219071358d19,Felipe Melo,Midfielder,30,8.955257548755425,0.00030952243720483647,0.0026871037003475266,0.28581475490540825,0.00011990093325797267
player_c885a19e53ec,Manuel Friedrich,Defender,23,9.756660563234911,0.0003093796587752059,0.000261527072568179,0.2530983371738183,6.058441596539466e-08
player_ebb193d03037,Rodrigo Ribeiro,Forward,13,6.925408171756169,0.0003093631481831785,0.0002308514449932529,0.2131095962244363,6.409636259300302e-09
player_eb4ba096709c,Da Graca,Forward,13,6.925408171756169,0.0003093631481831785,0.0002308514449932529,0.2131095962244363,6.40963626037948e-09
player_b6fbd7f8b01d,Javier Pastore,Midfielder,31,9.999346594153439,0.0003092157807229557,0.0002874372841366575,0.28017924853498793,0.00030977223226459914
player_4ebf6fde5874,Mauro Júnior,Midfielder,28,8.988828281807303,0.00030903568784997325,0.0017307556515725477,0.29195402298850576,0.00018134507587819142
player_e8135b0b157b,Timothy Weah,Midfielder,28,8.715880982591903,0.0003089587533352321,0.0006480930717823508,0.2716940767482284,0.00018776585491554938
player_023fca33041c,Folarin Balogun,Forward,22,5.411888952680108,0.0003087191718897641,0.004118072464457904,0.2739098200444834,2.985606938418495e-07
player_a79828b5d104,Andrea Raggi,Defender,25,9.430614451161278,0.00030849992014204356,0.0010052240872070815,0.27321008403361347,7.58676223607651e-07
player_fbf2df40d02b,Japhet Tanganga,Defender,22,7.742053399624297,0.0003083565247413732,0.0017049519111743882,0.2585899720030542,1.2230492432907436e-07
player_0a0e827db6f9,Caoimhín Kelleher,Goalkeeper,17,11.707751935201632,0.0003082042681705125,0.00010871846095163487,0.21245229755868053,4.841033154308458e-07
player_f05a70cf9259,Fabian Bredlow,Goalkeeper,18,14.1588381256914,0.00030795309255774914,0.0002262389547398193,0.2161472183810233,2.729918051853255e-07
player_f0b0d3a3a1ea,Adam Forshaw,Midfielder,19,8.290914150695048,0.00030792861123752344,0.0005663425710339619,0.2616870573084353,6.681044325235113e-05
player_40d69f63ca05,João Félix,Forward,24,7.689174240061959,0.0003073285634721409,0.002077710092576488,0.29366283691018136,1.1569770032083675e-05
player_29f9cdb56d7f,Timo Baumgartl,Defender,21,9.666514770419946,0.0003073185987740931,7.535278716060904e-05,0.26006271197286746,1.5887272711941331e-07
player_d42add5ac776,Liam Cooper,Defender,19,8.651068483221925,0.0003072510968952129,0.0006105765597781285,0.26300802485115193,1.0382037965229486e-07
player_721cdd34be98,Léo Dubois,Defender,23,8.789351641949118,0.00030724017617523886,0.0004448288068513186,0.25308257566322084,5.558757755655757e-08
player_247e65702602,Álvaro Negredo,Forward,24,7.18690645135743,0.00030716083177716354,0.001979432306635592,0.2829295460874408,1.0972279887735898e-05
player_638d49d40512,Lauper,Midfielder,23,8.758244214880724,0.0003070863483171413,0.00014951764492994975,0.2565494602613471,6.611871164642149e-05
player_cd62e32dd9eb,Holger Badstuber,Defender,31,9.331046139181401,0.0003069580281598928,0.001307930379796109,0.28865686483415015,2.7184312892098813e-07
player_6866413cfc92,Danylo Ihnatenko,Midfielder,25,8.14400172210959,0.00030684494779114447,0.0005882298772685975,0.26290593867253204,7.473166913326637e-05
player_bc3aa628cfb4,Djibril Sidibé,Defender,25,9.935569225087834,0.00030600225936826947,0.00044746806161968084,0.26128327118426126,1.0669902346776202e-07
player_9f087c840dd8,Maier,Midfielder,13,7.213008371957552,0.00030559045132675993,0.00017736149743308809,0.20951693560859927,4.891813676984072e-06
player_3823c19cbbe8,Randy Ntekja,Forward,15,6.1862169789087655,0.00030551943537042285,0.00017997654963936835,0.23760523854069224,4.2804910819811244e-08
player_f0324250137a,Tolgay Arslan,Midfielder,23,7.804304754198293,0.00030491161812237874,0.0010388960096247028,0.2687830687830688,8.70586743279716e-05
player_eeae9dbd1aa6,Lamine Yamal,Forward,24,7.830213461147189,0.0003048836394565031,0.0005718599398607796,0.2797934595524957,6.763584960944712e-07
player_5dee3b84b412,Diadie Samassékou,Midfielder,19,7.789036398747273,0.00030446919885924393,0.00023905238360470715,0.2409867172675522,1.6390232983699455e-05
player_552b20a78b8e,Luis Muriel,Forward,23,7.694284736232678,0.00030443512879043414,0.0003056267147100785,0.27704683345831344,1.0184081961086146e-06
player_88c2e6d62bb1,Pedro Bigas,Defender,19,8.793913551722865,0.000304317831811559,0.00029755458802255773,0.26273597103697954,2.2947833647495804e-07
player_419e68e34ea7,Omar Marmoush,Forward,19,7.507111317378971,0.0003042881056540512,0.0010034732204090011,0.2746502669460026,7.50108937277917e-07
player_32806edcbce9,Salomón Rondón,Forward,22,6.485099861047094,0.0003040744669089786,0.0023864792186632884,0.2834426000836937,6.559592352786336e-07
player_760266a9a5f6,Arnaud Souquet,Defender,21,9.309736417539426,0.0003038796159161281,7.747553982078429e-05,0.26170390881576405,1.5174997141292353e-07
player_967d7496efdb,Tsygankov,Midfielder,27,8.502753247762634,0.00030367210707490054,0.0006350521662974425,0.28581475490540825,0.000261825285496998
player_5613c2c50d44,Nicolas Nkoulou,Defender,26,9.123587384090314,0.0003032070198977172,0.0007891838287074487,0.2740945572266811,1.057832426256176e-07
player_39c845d11299,Luisão,Forward,24,7.417276916332495,0.0003030713769983531,0.0003191856013139878,0.27008706054362996,3.8323923625324905e-07
player_07ca7da61a85,Juan Musso,Goalkeeper,19,12.313770329650641,0.00030294451053006763,0.0003171285035373103,0.2098848318958839,1.6962815902800872e-07
player_92ab45b5b914,Zhegrova,Midfielder,24,6.546279047219138,0.000302942393342468,0.0014707312293032882,0.26496283739731386,3.608205302251018e-05
player_f7974783897f,Raphael Onyedika,Midfielder,30,8.452017067191111,0.00030291585293799287,0.0009870762132682589,0.29260565915472675,0.00012351215068424827
player_072586a7c5ad,Désiré Doué,Midfielder,21,7.649511722636097,0.0003028425254523796,0.000883823195376391,0.2597635027165229,3.876243687501187e-05
player_e7254879888f,Ardon Jashari,Goalkeeper,21,10.963300912269188,0.0003028294175982249,0.0023922612839255,0.25284638835313883,5.589190811930331e-07
player_7946ae85f05b,Tonny Vilhena,Midfielder,18,7.398330250501048,0.0003027448817848659,0.00016479258597167136,0.23530774130044582,2.765430933402218e-05
player_1bbb014d4214,Simon Rolfes,Defender,24,9.2083489524471,0.0003026099268584532,0.0005731023275878986,0.28263439738507545,5.80383324308754e-07
player_aa577ff36263,Charles De Ketelaere,Midfielder,23,8.935974830828977,0.00030247220601462477,0.0002640054316293195,0.2716214409838257,0.0001922478694672036
player_5f1add67c621,Eren Derdiyok,Defender,21,8.886167501370105,0.00030243944227028875,0.0008339747079215363,0.26492829204693613,9.341381416808534e-08
player_d7e7d5e05658,Mohammed Salisu,Defender,27,9.107121966329066,0.00030241931802849493,0.0007759659907618864,0.2620413953188471,3.6114529994872203e-07
player_a55f475fba1c,Andrea Poli,Midfielder,23,9.750755176922622,0.00030210621688246436,0.00018913329364451256,0.26415339616509587,0.0021087694936207982
player_2a5c21019981,Bondarenko,Midfielder,21,6.940869413376136,0.0003019839213070575,0.0015934288088728628,0.25755751315038977,6.716293949856627e-05
player_903ef530be42,Lucas Chevalier,Goalkeeper,19,11.311614223764971,0.0003018484785148872,0.00018969988532989982,0.21988962233524512,1.8330122102822175e-07
player_75ff533d8b78,Mattias Svanberg,Midfielder,18,8.18527943907852,0.00030175705482262495,0.00014012068173492552,0.2363065472729387,3.105816080527041e-05
player_6c2e0ed4ec8c,Daichi Kamada,Midfielder,21,8.351210011454937,0.0003017285743240596,0.000415368029855623,0.2538730634682659,8.042652136448569e-05
player_e9f9c309b5a5,Darren Fletcher,Midfielder,23,7.547483798563278,0.00030157538493764095,0.0017009605683501836,0.2786042366490711,9.589966508169378e-05
player_f5dec5be3750,Sergio Reguilón,Defender,25,8.989835467728767,0.0003010851768780573,0.0003544224491854459,0.2680915627679926,3.1835251504905396e-07
player_1f9dd34277f7,Rio Ferdinand,Forward,29,7.129611947338462,0.0003010297841410442,0.002541441296022726,0.2970977410629432,2.3264369655910545e-06
player_5da31deaa3ea,Hugo Lloris,Goalkeeper,17,10.62045542437817,0.00030073141215356507,9.877041481161261e-05,0.20849579314590602,6.263743066301802e-08
player_f758bfcceb92,Serhou Guirassy,Forward,23,7.078351455170281,0.0003004438915591262,0.00021676014151882685,0.2622273841786037,2.3272674487762687e-07
player_0c500abdea93,Filipe Luís,Defender,29,8.967411924972183,0.0003003639373799427,0.001811968931437583,0.29353557240881184,1.0896360016442697e-06
player_a2ae241aeda7,Tommaso Pobega,Midfielder,19,7.336373524415824,0.00030035780200536437,0.00034944275109679836,0.2455737506797994,2.6747333799565354e-05
player_3ea84763aa65,Ryan Giggs,Midfielder,28,8.08155915498315,0.0003002218183048334,0.0016915388028213426,0.28364042434394193,0.00012858833206825303
player_4c1598531e91,Youssouf Fofana,Midfielder,21,8.515851163288563,0.0002998692071045374,0.00042181774003857984,0.267210204484187,7.212985747152612e-05
player_ac45f770b06d,Seferović,Forward,16,6.077204934331496,0.000299859663843737,0.00041250051047885797,0.23272060928820937,1.3003858129781147e-08
player_534c5126c16d,Mat?j Vydra,Forward,15,5.7948192526594715,0.0002994486414387232,3.403253670711373e-05,0.20851718830169316,5.2093013025441915e-09
player_b560a1385e0e,Woltman,Midfielder,11,8.659136926091815,0.0002992736253679976,8.458919353252112e-05,0.21984204262685275,1.2852097967662338e-06
player_e473abf10f0e,Shkodran Mustafi,Defender,24,9.585361887690928,0.00029921111346558016,0.0004336666072696114,0.26876529330070764,1.1666073203581614e-07
player_1a2a618811c3,Pape Matar Sarr,Midfielder,21,7.861533046947687,0.00029895594995462137,0.0005573804934301638,0.2611489525767896,5.993781610720463e-05
player_75d16d6efd8c,Álex Cantero,Forward,16,5.585797794663335,0.00029880826575212264,0.0005892799536818142,0.22317408017572762,1.0952996582240078e-08
player_b7c518a30a0b,Danny Ward,Goalkeeper,16,11.3150412213137,0.0002987726038195409,0.000145656891986283,0.21061359867330018,1.430766670506986e-07
player_a1483a57a675,Jetro Willems,Midfielder,23,7.998807863410153,0.0002986057111053905,0.0014742486091642675,0.27466882941335496,4.555146468535453e-05
player_ab65e467d7a2,Ronaël Pierre-Gabriel,Defender,19,8.369286772335903,0.00029860166651735363,0.0005449265729634252,0.2573454913880446,7.840934710238181e-08
player_d302f3bc0cee,Luis Alberto,Midfielder,22,8.814041002937497,0.00029845563115231806,0.00023993670281123583,0.25966391923838733,0.00017272036240050345
player_ba1d19d76630,Iñigo Ruiz de Galarreta,Midfielder,18,7.636954325992746,0.0002980995865080596,0.0003373236018319271,0.24854748945018654,9.364000777020515e-05
player_1366d51c0cbe,Jerdy Schouten,Midfielder,30,9.144229022665474,0.00029808140593349527,0.0005366827377209956,0.27894845219301256,0.000124788607828394
player_dd1533a90234,Danijel Zagorac,Goalkeeper,15,10.759859877362915,0.0002978933065763686,0.0001682971737207007,0.20688250865404195,3.8155414408828833e-07
player_03f735c1dd25,Takefusa Kubo,Midfielder,20,8.104790461714048,0.00029782344067329355,0.0004645042357344928,0.24442172370241175,0.0014069382521072823
player_882428ad7262,Diego González,Defender,18,7.109205577046208,0.0002976716464420746,0.000222615561712185,0.23792518002458873,1.7802848059000462e-08
player_90b64822622d,Issa Kaboré,Midfielder,24,7.094375838569105,0.0002975869705464065,0.0011019403465651035,0.2677383226826537,2.6190621557838207e-05
player_506bb40553d7,Alistair Johnston,Midfielder,21,8.785566262278225,0.00029737227608968194,0.0002155052873191286,0.2686586897600317,0.00016035825549496995
player_ea3c7f9e632a,Fabian Delph,Midfielder,27,8.759408343038398,0.00029732662659305624,0.0007054862556484934,0.27894845219301256,0.0011522990535616237
player_a92e5405e6e2,Wilfred Ndidi,Midfielder,20,8.651759722494802,0.0002968493460699458,0.0006179967404713611,0.25943185445260136,0.0018401355231397517
player_eca7e37f009c,Jurriën Timber,Defender,23,9.719941346888486,0.00029683199547920244,0.00019782628046534963,0.2569712298450838,1.1462189565739759e-07
player_8eb96eb40825,Tuta,Defender,20,8.81094312013706,0.00029678453910292877,0.00011792788271089553,0.2487909397000306,5.7091077889211535e-08
player_ecacf3df08f0,Angelo Stiller,Midfielder,23,8.325328639196018,0.0002967336586629281,0.0008046057126221282,0.2685876677020686,0.00015904238930970432
player_c5e9cb9a5544,Bryan Cristante,Midfielder,18,8.160465910435514,0.00029657467158480743,0.00012406759485813457,0.2440401128925719,5.014769887635274e-05
player_3cf184926344,Maximilian Bauer,Defender,17,7.951516393439839,0.00029656460293204845,0.00011353395878371896,0.22921601804850536,1.582306659287983e-08
player_d5ca38b3a6c2,Christoph Baumgartner,Midfielder,26,8.544390329778889,0.00029623216821017935,0.0004298885799075352,0.26855217075265975,0.00032656932335971994
player_282ab57745e4,Filippo Terracciano,Defender,17,11.929069567730991,0.0002960958206221855,0.0014240499013047144,0.21943844492440603,1.2650082486776688e-07
player_2de6a72c0350,Kyriakos Papadopoulos,Defender,23,9.237469952263117,0.0002960875707952816,0.0003878071118813249,0.27156698964249915,1.4611200639564335e-07
player_2c04bdd6f52e,Ngal'ayel Mukau,Midfielder,22,8.248311158557735,0.00029608208033261976,0.0004284554411512442,0.26842800528401584,7.530063844672476e-05
player_5b4c864ce394,Alessio Romagnoli,Defender,25,9.397924570634254,0.00029594021096481307,0.0006340693381534807,0.26472120896300155,7.893309169487181e-08
player_d0f6f95a31c2,Gian-Luca Itter,Defender,17,7.691676662365195,0.00029588432075571734,0.00010243175064392925,0.22414648943797916,2.1837004098942375e-08
player_515793d7c749,Simeon Nwankwo,Forward,18,6.037394279289716,0.00029581167230976997,0.0005006921962578826,0.24415740462601382,3.610048929949363e-08
player_5541c7b5a06c,Kaká,Forward,27,7.161603155660541,0.0002956725756640811,0.0021415962009217475,0.28991296903980596,2.5653393746169794e-06
player_6706f0cdb682,Junior Sambia,Midfielder,18,6.781695894053934,0.0002954412915942141,5.17399914184213e-05,0.22283145081697556,3.881661850036715e-06
player_217b7204b07f,Jamie Leweling,Forward,19,7.378296528800976,0.000295322980886404,0.0009014470771856469,0.27198500870030784,4.1989186738650323e-07
player_a0deb6db701f,Yuto Nagatomo,Defender,22,8.957462258756191,0.00029526315523166664,0.0007960907896402264,0.2616196729754088,8.921272261648636e-08
player_0a03e0f556d5,Edwards,Forward,17,10.773072044795029,0.0002952520444892707,0.001170595173430531,0.23884807522774024,5.013645302613972e-07
player_8117d49a19b1,Álex Remiro,Goalkeeper,19,9.647054401926772,0.00029517130194194985,0.001855593055415249,0.2466318728000971,9.301346346233832e-07
player_fcbc27a1f55b,Ronald Araújo,Defender,26,8.861426061590846,0.00029503767879169186,0.0007476009863548706,0.2863383357993377,5.857783876557797e-07
player_ef84bab37b31,Ismael Saibari,Defender,27,8.629353412595318,0.00029483967638145554,0.0008505044660566965,0.29376897498915716,3.4919138413196494e-07
player_c3164281ff66,Cameron Carter-Vickers,Defender,21,9.02415780429687,0.0002947598402662775,0.0005553674720785706,0.27102367455818605,2.9773770121778804e-07
player_85e698a4a720,Kepa Arrizabalaga,Goalkeeper,19,10.023550289377456,0.00029450210554687027,0.0003185539063919249,0.2259660828468168,2.3939276135553635e-07
player_2e1fa9e9052e,Lucien Agoume,Midfielder,16,7.584442785378733,0.0002940853286006869,9.339790522961483e-05,0.23367065317387303,1.3682362325356135e-05
player_e86a45f920d7,Valère Germain,Forward,24,6.884637289733063,0.00029397123283799695,0.0005191616028310647,0.26541274817136884,4.964563156929023e-07
player_e9b209aa8fa8,Marwin Hitz,Goalkeeper,19,10.278142425060583,0.0002939633269085333,0.0009591603182106179,0.24243870428920838,6.464290867825557e-07
player_d891debcb4c5,Joaquin Seys,Midfielder,23,8.479264255917306,0.0002938999828371967,0.00037802540763731354,0.2763685821149269,0.00017530888521768347
player_fff6657c7d45,Pascal Struijk,Defender,20,7.787571805272057,0.0002938825953995539,0.0003393987731901836,0.25831055742706416,6.273894370478222e-08
player_615803a5428a,Luke Ayling,Defender,21,8.31041265981718,0.0002933009218980771,0.00015008182663933399,0.2720396278198005,2.0604094522845969e-07
player_ff6bf9504fbd,Daniel Chesters,Midfielder,10,8.474183292885856,0.00029296577014856136,2.4512337111593188e-06,0.21067910834629341,5.776938260093906e-07
player_0f8644db82d8,Sebastian Rode,Midfielder,22,7.410167744843071,0.00029273689003676476,0.0006417124145416052,0.258326976862446,2.6426103608428644e-05
player_86492dee1e6f,Vlachodimos,Goalkeeper,22,10.90646697274769,0.0002923518207093559,0.00010014262535144676,0.21450438087195187,1.4120474003613253e-07
player_eebcadd1a22d,Antonio Barragán,Defender,20,7.617903478323694,0.0002923224035774626,0.001442864140529041,0.26814462918975984,1.0614968522728404e-07
player_a97d73c3f74e,Marko Pjaca,Forward,21,6.652669356143926,0.00029218764482667655,0.0007132549005478343,0.26396466614705116,1.1123943964358858e-07
player_e516ec6ebfca,Pascal Groß,Midfielder,21,7.959722405697288,0.0002921444821517226,0.0010055850406540303,0.26812693804842647,0.0001270640151226878
player_75bc5fa29e91,Ishak Belfodil,Forward,16,6.972508897667486,0.0002914787236310782,0.0001818579528963964,0.2486995899883728,2.1073254592765087e-07
player_cf015b87bfe0,Teemu Pukki,Forward,20,6.8187055430842,0.0002912257818096749,0.000593198797633531,0.27100560149373165,1.91203791758814e-07
player_6bac7101f32a,Yacine Qasmi,Forward,15,5.59955176709461,0.00029095364052543867,0.00024109596651307504,0.23129019406977405,1.1360536298369683e-08
player_0a48e420af52,Lucas Höler,Forward,16,7.143079566157792,0.00029081778303890516,7.677434876395368e-05,0.2406870002961208,2.390078586204545e-07
player_8b18a98f9a34,Santiago Ascacíbar,Midfielder,16,7.037809989939278,0.0002907556768567326,0.00012750821381668292,0.22610437298319797,5.837562720838603e-06
player_aad89ca94395,Pablo Galdames Millán,Midfielder,17,7.317530149166036,0.00029035102454416704,0.0004068336286879016,0.24527732512523387,0.0013991010081439723
player_970c1c6ca6b3,Stéphane Bahoken,Forward,18,6.597710530217496,0.0002903027854819092,0.00018451952602399185,0.2384137040948023,4.6614394638225253e-08
player_b243bf1b08da,Nicolas Seiwald,Midfielder,23,8.240499969100535,0.0002902951571691458,0.0003765884715006813,0.2815574338367743,7.970606266445099e-05
player_1cf1afefd02b,Andreas Schjelderup,Forward,24,6.45860640282489,0.00029025982981356277,0.0021458719729004583,0.27885275147522987,4.3696415662746174e-07
player_19822b1b15d9,Mount,Midfielder,25,8.979204655907454,0.0002899050327519182,0.00022491026911572673,0.2766131227879118,0.0016362459148948146
player_c0ffa3a41788,Dominic Calvert-Lewin,Forward,16,6.891066999692182,0.0002898288073042135,7.885686954908789e-05,0.23443899625036055,3.841297620690839e-08
player_ad0d33288531,Yuri Berchiche,Defender,23,8.42500845523895,0.0002897065417438697,0.00034719610501082347,0.2563876096145354,9.839870678928747e-08
player_0cda03eeec83,Soldado,Midfielder,28,7.368537230619728,0.0002896657608466613,0.0024440856799334038,0.2792743265530511,6.105069541661029e-05
player_8c9b10deaedd,Fernando Calero,Defender,16,7.263045588770668,0.0002895951831672107,0.0002409661511438321,0.24213536701620592,2.7160206489732387e-08
player_0c58cc3667ce,Fredrik André Bjørkan,Defender,15,6.064727968875655,0.0002895573374450094,0.00038620108907954823,0.23257411010644385,7.129221623102873e-09
player_790ade158fe0,Marvin Zeegelaar,Midfielder,15,6.18942614052663,0.00028940187492262036,0.00010438107718000435,0.21877691645133507,2.8323406817805274e-06
player_9da30ae907ea,Duan Vlahovi?,Forward,14,5.962954358741124,0.0002892204237732693,0.00018251444153699243,0.23727230266230734,3.8146139173944626e-08
player_535fcf968514,Kyle Walker-Peters,Defender,19,8.80861184747009,0.00028917036973970267,6.27385371171104e-05,0.255854948375724,1.3697103657667275e-07
player_13c7ba5ce699,Cenk Tosun,Forward,14,5.219654853300492,0.00028891414559902674,0.0003167990747713656,0.21024314536989136,3.3174805555822674e-09
player_b993e4526238,Allan,Midfielder,22,7.852954732788036,0.000288900748276995,0.0004261316050673733,0.2682331199260775,6.920583281778271e-05
player_31fb43479a11,Håvard Nielsen,Forward,15,5.938267701914438,0.00028864333869163544,0.0003751114256928806,0.2286614527654307,2.495331357626425e-08
player_f600181f0050,Ivan Radovanovi?,Defender,15,6.878437550634687,0.0002885317267850732,0.0010423089974484182,0.2128305839224928,2.3090166402911964e-09
player_989d66536c9f,Salvador Ferrer,Defender,19,8.026816538727507,0.000288472264066699,0.00030327006095441227,0.25971370143149286,1.0902243622913025e-07
player_1b422a4a4950,Jan Vertonghen,Defender,26,9.932577110952058,0.0002883861163823024,0.00010000026111905569,0.25314563348698144,1.0441096608017671e-07
player_4f001b4be3ab,Gianluca Busio,Midfielder,18,7.600395749423147,0.00028816096506106885,0.0005423281734193113,0.2541111736384668,2.1673681991109284e-05
player_7269c76bdda1,Bjorn Meijer,Defender,21,7.49641439071038,0.0002880357125304447,0.001197545797942658,0.2578353000888212,8.454279812709359e-08
player_937f260ae36a,Todd Cantwell,Midfielder,15,5.986916248396386,0.0002877249339666918,0.00010301550013060773,0.21407501053518752,2.473331646084094e-06
player_857f4f7a8862,Robin Zentner,Goalkeeper,16,10.569002341930203,0.00028753400038550563,0.0002528589139938083,0.22464208722569234,8.142205836534077e-08
player_4154fa13e1fd,Nicola Bagnolini,Goalkeeper,17,11.276097986469612,0.00028747201819533325,0.0014314467730593772,0.21366982124079917,1.5048233901893568e-07
player_0f1983eb3c68,Wissam Ben Yedder,Forward,26,7.057852559892581,0.000287467010934397,0.00031549697238478084,0.2690321726466305,5.748058748832827e-07
player_e1d31f32e316,Krzysztof Pi?tek,Forward,15,5.764465386120896,0.00028732590770310485,0.00020467441592918127,0.23663677652265053,3.862570607229754e-08
player_e6cf2801b006,Luca Gagliano,Forward,13,5.432630024778325,0.0002871092237032481,0.00010839422891171594,0.2021991143838002,1.955426738142497e-09
player_d0cd2faf9d1d,Reinildo Mandava,Defender,19,7.0190488488269525,0.00028703903257824083,0.0009745660416088293,0.25029254172568827,1.8868120026499003e-07
player_6a9c1e000381,Cristian Romero,Defender,26,9.605450148446227,0.00028701775658454494,0.00021317256803313347,0.255324495822077,1.1065402590696139e-07
player_7fad0ecb9388,Tom Cleverley,Midfielder,21,9.09918688602444,0.0002867864507580122,0.0003066933939182189,0.26241363724414024,0.003270244112067941
player_43b7d71496c3,Ludovic Ajorque,Forward,23,6.518605443384604,0.00028677734096020706,0.0017410776159713756,0.27981272376755717,1.1030038099220338e-05
player_1787da4041bf,Pessina,Midfielder,24,7.63532797544979,0.00028671495887376525,0.0004380713512344681,0.27328357205298903,6.532125621580548e-05
player_d7decf520ee6,Radamel Falcao,Forward,19,6.393783682895981,0.0002864299937920919,0.0006703591827736557,0.268676451143726,3.965169521931572e-07
player_b42b26a4fe27,Carson,Goalkeeper,17,11.609422393891633,0.0002863015034539499,0.0030718545278411763,0.23694029850746268,8.315786822145393e-07
player_1ca918f9eda8,Pedrinho,Midfielder,24,7.498072431741757,0.0002862120334343356,0.0009592637525539452,0.270716759925393,0.000146537398250223
player_0791aebd6306,Jadon Sancho,Midfielder,27,8.047063091108583,0.00028605781736872423,0.000636524212873851,0.27363318071640186,0.00024240251361749447
player_ab35d555ccdd,David López,Defender,24,7.851798036320323,0.0002860493283047485,0.000873317591730879,0.27608695652173915,2.61960996465001e-07
player_1c8592e04f08,Jeison Murillo,Defender,17,6.4426257357436105,0.0002856655649532828,5.9615345889791545e-05,0.22211291468546757,7.737192765228489e-09
player_11fb8edac237,Iñigo Lekue,Defender,17,7.623303165656627,0.00028565357933321234,0.00015877521435710295,0.23530774130044582,3.024134905223765e-08
player_8458766a8b23,Andrea Pirlo,Midfielder,26,8.464854540574953,0.00028558682204887634,0.0002974984441872237,0.28033386217838174,0.0002078709677434741
player_cf67e4002ecf,Taison,Midfielder,29,8.273748309869612,0.00028556345516060427,0.001548378734717876,0.2901820778293467,0.0012599052633163511
player_cef91cdc7d27,Charalambos Lykogiannis,Defender,19,7.5658723315919865,0.0002854893160413725,0.002063682843562059,0.23997638027753174,8.292823829520333e-08
player_bee07ccd8c87,Admir Mehmedi,Midfielder,10,4.824752775317799,0.00028536530545130096,0.00010913765607164552,0.19408758775490711,5.219666496324611e-08
player_567dd6687d00,Mikael Lustig,Midfielder,10,4.824752775317799,0.00028536530545130085,0.00010913765607164552,0.19408758775490711,5.219666496454455e-08
player_feda31c1911c,Guido Rodríguez,Midfielder,20,7.472368386527727,0.00028536397080970103,0.00020977758230020184,0.2617544763622311,3.2950229683129634e-05
player_b86f4f1a4fd5,Kévin N'Doram,Midfielder,16,7.081046789764885,0.0002853339263992162,8.68349001871474e-05,0.22684900921015907,2.5464735403151514e-05
player_a25f0df7c709,Nicolò Casale,Defender,20,7.340817264722924,0.00028517539934018644,0.000522178702077436,0.24259789875835722,3.299813717950417e-08
player_9e8bff44caf3,Opa Nguette,Midfielder,19,7.496728508389039,0.00028501891464496914,0.0003477120340984147,0.24765386959171237,0.001429121802654039
player_c63addf34364,Patric,Defender,21,7.732810893098122,0.00028495964933436405,0.0004552322643421507,0.25131408076185763,4.073418292836388e-08
player_aa261f27369e,Ricardo Pereira,Defender,22,9.168039283044795,0.0002849571816053103,0.000275230663852968,0.26694692590646346,2.0452224866521408e-07
player_d9910b3e0c89,Hutchinson,Midfielder,24,7.81175162560655,0.00028481577088781734,0.0006857936550788616,0.2771601991406943,0.0009714574774770184
player_49ee66a12b47,Axel Disasi,Defender,21,7.786587626995541,0.00028462007070521726,0.00052576427005846,0.25548500660086754,4.0070761166285004e-08
player_203d93a73633,Nico Schulz,Defender,20,7.003698837337959,0.0002845054107679583,0.0006804323935634659,0.2512674663039446,2.86469898388974e-08
player_7632e5641e62,Roberto Hilbert,Midfielder,25,7.811077829332129,0.000284345550171781,0.0006565801625449925,0.27231305280085766,0.00012102408114379725
player_42b3bafd3ae7,Samir Nasri,Midfielder,28,8.589419299718157,0.00028423846019569836,0.00023263644331034342,0.28385835021303346,0.0002272947951837354
player_e8367d2c0765,Enock Kwateng,Defender,19,7.3446516154871615,0.0002841708831979753,0.00015785868767382636,0.24822868311751772,4.184781603694185e-08
player_09520839343d,Jimmy Briand,Forward,18,5.488872375328099,0.00028409095194959264,0.0003833164603735083,0.24518853695324283,4.236964627878119e-08
player_fb21309b20b2,Jesús Areso,Defender,17,5.961264170900285,0.00028408226310398354,0.0012250627753241541,0.24212094131665177,8.369324169158187e-09
player_8623f4fd9541,Christopher Lenz,Midfielder,20,6.6503489480095,0.00028382801738144233,0.0009215591023542269,0.261906296320165,2.0955465453579747e-05
player_3eb76a29f680,Wylan Cyprien,Midfielder,18,7.845927216756255,0.00028345790142000264,0.0002694305277776585,0.25234399254889783,7.644926741327043e-05
player_879c46e5e0ee,Andriy Lunin,Goalkeeper,21,10.973515308595397,0.0002833481554366565,0.0003302280151766536,0.2222465273980094,4.393176018181885e-07
player_2e2d8237aba4,Lukasz Fabianski,Forward,15,5.544854609485478,0.0002833183430173581,0.0005182155177594143,0.25100364399975295,2.402250850618966e-08
player_0c79cba18d76,Radonjić,Forward,18,5.3090862863946375,0.0002833093705342012,0.0019152687935227923,0.2627020038784745,3.4011400170604864e-08
player_d7c7b5dce305,Steve Mandanda,Goalkeeper,18,10.489453809194117,0.0002832745957108734,0.0008458908989731979,0.23285395061021028,1.9547642744735136e-07
player_62aaf8724952,Jonathan David,Forward,22,7.161273266126918,0.00028318470134454686,0.00034535142174058823,0.26546475929191976,2.879547944792655e-07
player_7319189a9a7f,Jérémy Toulalan,Defender,25,9.00111884058556,0.00028316197876492385,0.002712093661818615,0.28806351006521125,2.9632960523640536e-06
player_6dbaa1012362,Pedrosa,Defender,13,7.138811849378948,0.0002829320746778604,4.047095778716719e-05,0.1995580653081267,1.96626620505623e-09
player_abf2a9f4223f,Matty Cash,Defender,22,8.352380563482608,0.00028291521227598505,0.00024690452107260666,0.27180310326377743,3.526614568338997e-07
player_e179ba037ed1,Darijo Srna,Defender,32,7.8253677110473365,0.00028265339876796717,0.013817035074119946,0.3256932200673185,6.28636475741031e-06
player_5ccee0632b09,Jack Wilshere,Midfielder,27,7.152014653953418,0.0002825995713369079,0.003432993875779843,0.29134704996773964,0.00010397427574430714
player_1e34db681adc,Maxime Estève,Defender,16,7.717389718550875,0.00028255164499363486,0.0003299838086642277,0.2615691574950119,1.7400312192856732e-07
player_151463b44dad,Carlo Pinsoglio,Goalkeeper,17,12.81720600982013,0.00028250898737601043,0.0008763370431015175,0.22460484138388417,4.7630085176910424e-07
player_9530b72d642e,Denis Vavro,Defender,17,6.891766284741196,0.00028249095914197996,0.0013549330391476064,0.2546365914786967,2.4039095015957355e-08
player_c060502aa1f6,Myron Boadu,Forward,18,6.245233877872248,0.00028245075774673895,7.125935749692726e-05,0.23785555425494556,5.357721747147406e-08
player_9e697d0f3e3c,Mateo Klimowicz,Forward,15,5.101382041232397,0.0002820872631192723,0.0005112912168277759,0.2241588527302813,1.2307903936064308e-08
player_44c60b8eb798,Ricardo Esgaio,Defender,20,7.4754897901467965,0.0002817919328687473,0.0005173552735079811,0.25921673682867713,2.771596336364965e-07
player_532daf949e63,Gianluca Pegolo,Goalkeeper,14,10.334916660519262,0.0002817900883792602,3.536867709330673e-05,0.19223310155621778,7.653583309584824e-08
player_215b02f18df2,Mickaël Cuisance,Midfielder,16,6.437526355880263,0.00028178033227396304,0.00013907695181598982,0.21441384404347366,4.128781174042748e-05
player_aa4b4f639288,Luca Fiordilino,Midfielder,17,6.573992820772559,0.00028168468754103857,0.00022106143799251112,0.2390166441216256,3.906638803492569e-05
player_dcf18247f4df,Aaron Wan-Bissaka,Defender,16,7.65562185786197,0.0002815757502978154,0.00016553467304804016,0.2592002040946489,1.7343765172193356e-07
player_e842466884c9,John Terry,Forward,33,7.678824747249166,0.00028147049279061796,0.006074120966383524,0.3073200241984271,3.355507958343203e-05
player_f843df51e630,Martín Montoya,Defender,22,6.833912710375033,0.0002814262660408418,0.0009805842173747383,0.2519528828270304,2.8561317371190605e-08
player_f698236e74da,Lukas Nmecha,Forward,15,6.04071081736854,0.0002813166646830002,0.0004307351606660061,0.2457073760580411,1.871301421308412e-07
player_6210d6b62356,Juraj Kucka,Midfielder,22,8.330168900155844,0.00028130297587683386,0.00029571373728777117,0.26779124934106485,0.0001649603643059555
player_96e0524f528c,Szymon ?urkowski,Midfielder,14,6.945476140065633,0.0002808980792087469,0.00012910975138802298,0.2209776521124463,2.457846209446094e-06
player_67d071643fac,Nicolás Tagliafico,Defender,26,9.46591601478789,0.00028084656194030756,0.0001613392564744809,0.27214893189580125,3.359519073087341e-07
player_5b11bebd3875,Ocampos,Midfielder,24,7.528443552071422,0.00028061343909091915,0.0019262671584054233,0.2848731249123791,0.0010108880565178723
player_26817970dfd6,Sebastian Kehl,Defender,23,8.29356424926566,0.00028039425994405174,0.00026625104711701543,0.2569712298450838,4.780075971486097e-08
player_a8972f8acd54,Aleksa Terzi?,Defender,19,7.554920671798044,0.0002802314391246022,0.0007791223313113991,0.2588535031847134,2.2799525230243212e-07
player_fc22f7d091c8,Jardel,Defender,26,8.601650581996862,0.0002802164116317728,0.0006406151063128577,0.2738544474393531,1.4104072271598212e-07
player_7209e338e67f,Federico Dimarco,Defender,29,7.945482077297654,0.00028013351534887757,0.004404787623490722,0.31525870762547514,1.8515055613309972e-05
player_f48bf73d2d97,Ignatius Ganago,Forward,17,6.339500201251167,0.0002798646722263886,0.00022072484767239183,0.25108118126776224,2.810451494278159e-07
player_830be4979a39,Phillips,Defender,21,9.303291169701625,0.000279505323276929,5.85864908751458e-05,0.25747592498732896,1.2925284896892449e-07
player_a0063108fb0d,Buyalskiy,Midfielder,23,7.583796347298675,0.0002792015485673301,0.0016769278059056572,0.27357791989229213,0.000962524986673389
player_c42c97bf0e84,Tobias Raschl,Midfielder,17,6.637920740937592,0.00027897184660867296,0.00036508086314138497,0.2499077604230722,2.9785260078605262e-05
player_217faa2702fb,Tajon Buchanan,Defender,21,12.364183881992252,0.00027868713434307525,0.000871482992663803,0.2706266231604182,2.319992189967174e-07
player_fd93cd080a46,Abdallah Sima,Forward,20,6.602784289819271,0.0002785651328671579,0.0004228627178407024,0.2641705668226729,2.615007763406347e-07
player_1c59f1efd47e,Lucas Silva,Forward,11,5.481844278399541,0.0002784404267310163,3.4982377884336735e-05,0.22601635059229186,2.3702264002105963e-08
player_92066ccff864,Matheus Nunes,Midfielder,25,7.531516550177872,0.00027822507814504214,0.002655012194924544,0.2947490571511459,7.890820584495212e-05
player_007eb9e9eca6,Andreas Linde,Goalkeeper,13,7.8285643588322165,0.00027820517658467354,1.2417052376529603e-05,0.1726349772736927,3.3294796134229405e-09
player_f6e1b4f43bd0,Daniel Wass,Midfielder,22,8.65696383860549,0.0002780990401177541,6.226425114061045e-05,0.25069397322805503,0.0001647969894086437
player_7affc09eb71b,Mijat Ga?inovi?,Forward,19,5.625276926835946,0.0002779943117406822,0.0006655606004319473,0.26807387862796833,1.3685494512343642e-07
player_b93844b0a3f0,Indrit Tuci,Forward,15,5.609240958490307,0.00027780987605460333,0.00037576657328864353,0.23269395934726597,1.1940481644709497e-08
player_683a37baa975,Jamie Gittens,Midfielder,24,8.1228365478857,0.00027779709307799413,0.0002703424943343573,0.2679148262904608,0.00011498801876252175
player_eedae20fc3c7,Iqbal,Midfielder,9,8.044386573701095,0.00027771884211591925,1.952558194654187e-07,0.20845301600328273,5.308072245191149e-07
player_df8e86e84fb6,Stefan Reinartz,Midfielder,25,7.463982439166283,0.00027764527129727986,0.004175043723128034,0.30045837646015083,0.00018291478369594178
player_3bdb2101af19,Issa Bah,Forward,13,5.160651815409229,0.0002773720849175813,0.0001341998131404428,0.2022896963663514,1.863118575920283e-09
player_60cd4d7d03b0,Álex Collado,Midfielder,18,7.103435832052837,0.00027727763315918153,0.00031705411594949685,0.2473975771595544,7.071167769240241e-05
player_44824875959d,Ryan Fraser,Midfielder,18,7.261744462067158,0.00027725673808141297,0.0005428966989378589,0.25723147034622446,0.001251059918460049
player_7b30f5c90092,Alexis Mac Allister,Midfielder,24,9.01832857202305,0.0002768909991346433,0.00021015594613794082,0.2752082345770976,0.0002537776088904351
player_314239fd7f26,De Pena,Goalkeeper,19,10.285165626797745,0.000276775786223542,0.0005191127248013273,0.24061574896388396,1.0450257685599619e-06
player_e61b7333b1a2,Zaydou Youssouf,Midfielder,17,6.564641267001807,0.0002767702881564842,0.00010886159969739233,0.2379809099959009,8.382892286082798e-06
player_b8307c4b1219,Carney Chukwuemeka,Midfielder,19,6.4055012274994585,0.00027670189179822914,0.00031685714945514735,0.25097264249984563,2.8019967993730806e-05
player_bad73fd059ae,Mohamed Simakan,Defender,23,8.39170381447085,0.0002766955763233485,0.00016483478245200346,0.2681623226657869,1.5072664033885957e-07
player_f38b22e56f7f,Harold Moukoudi,Defender,17,7.995737260518742,0.00027646296362419243,0.00019500523227236323,0.2635880140095992,1.5816076853993786e-07
player_0c795e5b8536,Mario Gila,Defender,20,6.567411962917298,0.00027633876281642835,0.0007371608752536291,0.25804813004000254,6.425370659523292e-08
player_5bd4697b4737,Jamie Shackleton,Midfielder,17,6.516447065213837,0.0002763059864135724,0.0005239674120768113,0.24712678625722104,6.541755080950859e-05
player_a218b248bdb4,Alessandro Bastoni,Defender,27,9.11118485345115,0.0002762895729268856,0.000532672854578014,0.26983600026558663,1.1911435821391391e-07
player_e4a05610152b,Daizen Maeda,Midfielder,23,7.694127037778216,0.00027604407258657675,0.0006115692621601093,0.2741870192956416,0.0009834015615084373
player_2aa87e88c332,Gil Dias,Midfielder,9,7.982225251381829,0.0002758842293826824,3.9034566188962176e-06,0.21077744930242207,5.47554800237273e-07
player_97879c2cc159,Lyanco,Defender,16,6.993515749309262,0.0002757960828209208,0.00043984322590461444,0.249416963299374,2.3318873252474773e-07
player_415899e01a84,Sam Byram,Defender,16,7.253598724103929,0.00027564571062693033,0.00032209121451880007,0.24649724024989386,2.317847779711522e-07
player_c1288caf3ebe,Luka Ilić,Midfielder,16,6.086971512906219,0.0002756120790279054,0.0002561260762593545,0.24533655297313614,5.6667673521306454e-05
player_e6a24e21e329,Fernando Pacheco,Goalkeeper,16,9.066107541546051,0.0002750041185124119,0.00018996343003586198,0.2084209446638289,4.1250550407378754e-08
player_e34817411e99,Gerard Deulofeu,Forward,15,6.423417589724911,0.00027495447727186563,0.0004251910820904011,0.2573617883604585,4.100451190970682e-07
player_f5768fe33abe,Alessandro Nesta,Defender,22,8.270665014935446,0.00027492203285645636,0.000985160935432964,0.27915922516829234,1.4920074458909864e-07
player_0ca5baf95c84,Álvaro Fernández,Goalkeeper,13,7.866737126079744,0.0002747573921789813,6.497321055311965e-05,0.1775370232842602,6.122705072175914e-09
player_f58595bc0ced,Yevgeny Aldonin,Forward,18,6.563396844625883,0.0002747459978568639,0.00016018670021453464,0.2697822623473181,7.967186023777824e-07
player_cc1cd3c006e4,Nabil Dirar,Midfielder,24,7.762410793378219,0.00027450128525257207,0.0009402753994205187,0.28046928916494135,0.0003392947420665259
player_5ad6e2580a97,David Soria,Goalkeeper,19,8.88656643109171,0.0002743566834343308,0.0013833255725208733,0.22246551346617036,3.6068492183484984e-07
player_747ecc7c4f48,Alvaro Sanz,Midfielder,16,5.348165289874913,0.00027391442709788266,0.0005714965252517943,0.25207790596700164,9.982601556846381e-07
player_78438dd618b4,Bushchan,Goalkeeper,14,10.409231000511552,0.0002737714572035286,2.8908955556332105e-05,0.20797297988843969,6.528450915132594e-08
player_f391b7b32a1b,Geovany Quenda,Forward,18,5.458441582947278,0.0002737442578013832,0.0007334817786475749,0.2535246412975671,7.843686542155082e-08
player_48dd1e28269d,Noah Guede-Nadje,Forward,11,5.976704528305921,0.0002736501697654057,0.00022425874982037188,0.2137934662528276,6.000939874638039e-09
player_9642be14afa1,Loum Ndiaye,Midfielder,13,6.744713958483115,0.0002735939728089854,0.00010623541574440762,0.2323746354851621,2.4420338164074838e-06
player_56b518d76143,Sergio Córdova,Forward,14,4.390762018157131,0.0002733216677098044,0.0002804985576884956,0.2064935724810731,8.421828182228291e-10
player_a1f022802343,Maxence Rivera,Midfielder,12,4.743848135103544,0.0002732818497787529,0.0006234669607568031,0.20324064812962592,4.817977033272745e-08
player_b601344804ca,Soumaila Coulibaly,Defender,20,7.180943714386503,0.00027312325557294514,0.0007451081059584763,0.24992312895885863,2.982702667523577e-08
player_5c60132521ad,Kiernan Dewsbury Hall,Midfielder,13,6.6699008756994145,0.0002727310517280277,0.000282209372926723,0.22974730058228277,1.9368731348502366e-06
player_4fea24fd42ee,Pubill,Defender,16,6.437114997910948,0.0002725193277346971,0.00014665899047000734,0.23663677652265053,1.5797909593131087e-08
player_301011f6a95b,Ivan Provedel,Goalkeeper,21,9.158450984940982,0.0002723994675881345,0.0009032198621752904,0.22711523415670057,4.307244758090302e-07
player_8947de657893,Lucas Douath,Midfielder,13,6.380245890368257,0.0002723693585324774,9.165078359429658e-05,0.20667209113100082,4.508272101853246e-07
player_25384c6053ca,Ander Barrenetxea,Midfielder,19,7.05192445095996,0.0002722260427028229,0.00046305167366686233,0.25770450221940394,7.619586747430633e-05
player_a9629ec3e248,Coutinho,Forward,19,6.453651605218968,0.0002722157598004554,0.00020354194965273179,0.25500407855932733,1.283581875138296e-07
player_ff4f261efaee,Clarence Seedorf,Defender,24,8.299307158893345,0.0002721249711567514,0.00020731979770712548,0.26523952486620544,9.232209539335174e-08
player_193190f20cce,Daniel Bragança,Midfielder,27,7.5854385270702505,0.00027210921827103464,0.0004550204627098683,0.27983199063554365,0.0011107247101732715
player_d46337aaf7fc,Marvin Friedrich,Defender,17,6.667888822325686,0.0002721089335325553,0.00012397517978100025,0.2398206066328337,1.60673865782036e-08
player_0fc6740caa45,Josuha Guilavogui,Midfielder,24,7.7368036063936865,0.00027205588038071657,0.0019212696779945706,0.29034793169964995,0.00010085934627643257
player_2c9b3dc26aa6,Nacho Monreal,Defender,26,7.695239213171918,0.0002718493340036234,0.0022966313071215395,0.29731509254517524,2.0033390247091136e-06
player_44a9c9d2be9e,Mikel Oyarzabal,Forward,20,6.355855585660568,0.0002716945790720521,0.0002854238950856911,0.27093333333333336,7.442509903115087e-07
player_1700791e86e4,Danny Rose,Defender,22,8.299520756614422,0.0002716379697878797,8.901519223298956e-05,0.24238086717957893,5.3863828778013046e-08
player_4b319caa26e5,Loïs Openda,Forward,20,6.5825552583805775,0.00027159683051633423,0.00022205736948670312,0.2671223872748784,6.588592133910221e-07
player_201c782c6907,Kris Commons,Defender,17,8.17610107973541,0.0002715424061278488,0.00013521117122040118,0.26081375946605057,8.994239416536477e-08
player_8f77f9d46ccd,Acuña,Defender,21,8.410033727348667,0.00027127426674040825,0.00017061514043344018,0.2606966450702418,6.739367620662084e-08
player_442ea38b8bfd,Mbamba-Muanda,Defender,16,4.815111440574841,0.00027126354115406594,0.0004343822310005396,0.24949352323654,1.008636352796955e-07
player_f617582cf955,Stephan Lichtsteiner,Defender,32,8.591308466769277,0.00027111524602757114,0.008771666855989742,0.30836937552166327,2.60756285836542e-05
player_22a20e673373,Yann Bisseck,Defender,23,8.493589279224803,0.00027024618674002896,0.0003001383118338938,0.2787953625574535,2.8197651240642524e-07
player_b4d44d4371eb,Anatoliy Tymoshchuk,Forward,22,5.737390027782752,0.00027006423584354324,0.0006006273683802555,0.27180310326377743,6.618701733948296e-07
player_e1c2923aae2a,Oier Olazábal,Goalkeeper,14,8.062695394986012,0.0002699501905451816,0.00044334203196415826,0.19573279391224774,6.4301199890075254e-09
player_841719389582,Lucho González,Defender,23,7.78985477570913,0.00026985292126283946,0.0005412332811137135,0.2716759141653854,1.9571798841882374e-07
player_70e0ca6aa424,Robin Knoche,Defender,21,7.679712905921244,0.00026976547760942867,0.003310943658402175,0.29330254041570436,1.7857408883511542e-06
player_e0a0bdeb9f40,Brais Méndez,Midfielder,19,7.843950358950288,0.0002696663927326966,0.00021987240241631763,0.2696569570698693,0.00011217018624670556
player_1db11aff2a8e,Arnaud Nordin,Midfielder,17,7.623121402259494,0.00026965040520321367,0.00011154199225271206,0.24831968715629965,0.0018700874079247737
player_c3889f0d6297,Aílton Almeida,Midfielder,25,7.912424728427808,0.0002696362941049935,0.00025630045028094295,0.2800634001791744,0.0010113168470963106
player_9a6ddb921552,Kwadwo Asamoah,Defender,21,8.87536019302143,0.0002695462250494319,0.00013681549372053422,0.2504930966469428,9.686102723732533e-08
player_eb8a15dd10ea,Richard Ledezma,Forward,23,6.264109043264304,0.00026950276191104047,0.0017734788376822126,0.28773718493344663,3.497543971189123e-07
player_87af4351324f,Yuri Lodygin,Midfielder,24,7.791603248605204,0.00026947301473284694,0.00040789897573753435,0.2790633797981185,0.00015856280041886997
player_9bc41afcc6f6,Nicolas Höfler,Midfielder,17,7.836067090508123,0.00026945720649789953,8.086054258530634e-05,0.26268502359252793,0.000130874809514746
player_740ac56b3d7a,Abdoulaye Touré,Midfielder,15,5.605791502610054,0.00026945665405704074,0.00016524854738855536,0.21981826049329295,2.2057224074986716e-06
player_8deb02fbd5c1,Ainsley Maitland-Niles,Defender,17,6.892875257065001,0.00026937121676064477,0.00025579299366576986,0.24298953662182363,2.8597289557691754e-08
player_e64c25204058,Zepiqueno Redmond,Defender,20,12.399967442666501,0.00026934301432066717,0.0004063101338744129,0.2525478498632861,1.4817117922339086e-07
player_5795ae9e7f3e,Majeed Waris,Forward,17,6.506767295334337,0.00026927315293045806,5.190879332539454e-05,0.24446583253128007,1.133178429380236e-07
player_a90ffd794f93,Matías Vecino,Midfielder,19,6.2732947785764965,0.00026923964834561174,0.0003168750524856613,0.23756357046822937,2.2262376126225507e-05
player_443d27ab0afe,Julián Carranza,Defender,22,7.39609203253015,0.000269217691903859,0.0006931513329117647,0.2728249194414608,2.3230432134761124e-07
player_0372dd391c71,Diego Rico,Defender,15,7.144690256812954,0.00026915102231616007,0.00015535238201594436,0.23622413392234365,2.497285224666892e-08
player_85045d48304f,Moussa Djenepo,Midfielder,17,5.928828759716583,0.00026906700903596214,0.0003393034209942471,0.23242779525307405,0.0012607908912585892
player_29d5ce7b5f1f,José Luis Morales,Forward,14,6.008887484741044,0.00026900981006771203,4.379748695436002e-05,0.2273820847087786,4.8444017427670934e-08
player_d5accc1d44f6,Eliesse Ben Seghir,Midfielder,22,7.947704546807199,0.0002689800902590734,0.0005359769886419513,0.2647384535209433,0.0013211879000315022
player_c66d97d79113,Florian Tardieu,Midfielder,17,7.551395682324231,0.0002689419646799466,0.0005428897375402582,0.2649110227494948,5.706358258990736e-05
player_9524d15f7014,Vincenzo Fiorillo,Goalkeeper,13,9.771634742367125,0.00026887137086278434,8.145745826314231e-05,0.20332199319591754,6.65607986789468e-08
player_8ee16c178925,Exequiel Palacios,Midfielder,23,8.347216496710221,0.0002687138429050524,0.00017635475045601898,0.26541274817136884,0.00019670540124356163
player_a80baccc898b,Roli Pereira de Sa,Midfielder,15,6.154078907249457,0.0002687103393728667,0.00023244027745817944,0.23739704421987265,3.671226783096933e-05
player_420214e799bc,José Bosingwa,Forward,26,6.351332140696669,0.0002684578406789324,0.0006393714434354257,0.2854935019318581,9.255447122328142e-07
player_00ccae0ce162,Fabiano Parisi,Defender,17,7.084663956445617,0.0002683240965368439,0.0005139182264152171,0.25193726365383423,2.226579696237392e-07
player_5b02d2b50107,David Neres,Forward,22,6.96074944179386,0.00026830932220553856,0.0010176176829910675,0.28322531186842287,3.7481989871749225e-07
player_b7bee6b36bd3,Danny,Midfielder,21,7.2832447443467085,0.00026821497824916946,0.0004242522454195156,0.2794855924626917,0.00014675168877668736
player_31a7e336f8fc,Saîf-Eddine Khaoui,Midfielder,16,6.492281538410978,0.00026794582342232046,0.00018630085207840762,0.2408724513987672,6.12857264989535e-05
player_d4f3923781e4,Rogério,Defender,18,7.717854004949113,0.0002679298617843814,0.00026460400062347945,0.26292294753186257,1.351741164123289e-07
player_39e7498ddf61,Thomas Vermaelen,Defender,23,8.348006744797033,0.0002679206178927956,0.0005855088470643154,0.2767449778685734,3.6394463836705014e-07
player_c48b5ee72e19,Leonardo Spinazzola,Midfielder,19,6.312644131397836,0.0002678654573382678,0.0012097771612081603,0.26145136387030365,6.98063441437919e-05
player_0918e2800455,Jordan Amavi,Defender,20,8.138712412721938,0.00026772651582962595,0.0003562296421154309,0.2593490746649649,9.133018306184015e-08
player_6d7e7fcc1b23,Juan Cruz Armada,Defender,14,6.681410587538207,0.00026763867060005975,6.548906002817915e-05,0.22871292700771007,1.5964632441733783e-08
player_b1918e144a5d,Eliseu,Defender,25,8.543013407419792,0.00026763128762449025,0.00028290725666933026,0.2838187024233536,2.4877669213916857e-07
player_a869dd40fa55,Diego López,Goalkeeper,20,9.068561603983085,0.0002676231317171491,0.0010620017982726504,0.24801659953618943,3.200734162519615e-07
player_8c739cdf0841,Milan ?uri?,Forward,13,5.511085737582487,0.0002676006067845603,0.00012848412870679305,0.23935449673125625,3.908085739459225e-08
player_7b215522a8dd,Guillermo Maripán,Defender,16,7.526903153767347,0.00026725391971317623,0.00011064707750171736,0.24944758163515837,4.574135018825322e-08
player_273b55f4c4d7,Gabriel Vidovic,Midfielder,12,4.98920405139722,0.00026696088547770245,0.0001451904639507109,0.23221530198274384,1.6007947559358189e-06
player_2454abfbc885,Ricardo Pepi,Forward,19,4.848750993917261,0.0002669309366451228,0.0010459752629019986,0.24618366852435183,5.2788797106156424e-08
player_51d54da47da8,Jay Rodriguez,Forward,14,5.538388217350495,0.00026682119435452855,0.00029249547400279387,0.22730577772806085,2.3288848988902273e-08
player_fb4099f54a7b,Danylo Sikan,Forward,16,5.352571484725843,0.00026680755125020925,0.00011643721479797282,0.24723202336050615,2.125312599483464e-07
player_1532ce305a61,Benoît Badiashile,Defender,17,7.825335191671451,0.00026656975123955453,0.00011341120637264792,0.25083323046537465,5.527243484017785e-08
player_2b175ea87ebf,Germán Sánchez,Defender,20,7.016380272403143,0.00026633590207780886,0.00035800197097013306,0.27096946259501264,2.8012105045638256e-07
player_d5b102cbdb55,Christopher Antwi-Adjei,Forward,14,5.365042134350027,0.0002662890362100664,9.135379152874171e-05,0.21661958317786897,5.9219080655300865e-09
player_5d3a1c38774f,Lednev,Midfielder,13,6.328494841147645,0.00026611026380509676,0.0003694249690313605,0.23734158733866728,3.1072886177510594e-06
player_802c51154dc7,Maxime Busi,Defender,17,7.292377265685211,0.00026610401048243873,0.000345521259438504,0.26282092737502427,2.761684664830847e-07
player_023660ee6a96,Naïs Djouahra,Midfielder,18,6.097644008374279,0.0002660341053145278,0.0003659254165564211,0.24512938054164907,2.781647607203409e-05
player_7fe082dff690,Hugo Siquet,Defender,18,11.5891858580586,0.0002656961499058627,0.0003356786267212523,0.2475633528265107,1.443556240536584e-07
player_e5c3d2a77b18,Mahame Siby,Midfielder,12,4.762800695380221,0.00026568861931814406,0.00018558261087280744,0.21209748969260478,1.965723372601361e-07
player_ff7780966363,Banhie Zoukrou,Defender,20,7.0522154572433156,0.00026567274670918445,0.0028381870498200555,0.27837523118021784,6.896068691115659e-06
player_9cbdac0a339a,Ryan Flamingo,Forward,23,6.539548382444464,0.0002656576575069318,0.001192482777959073,0.2867828664173312,5.717711624922577e-07
player_3ed2d0c0f43b,Dimitar Berbatov,Defender,19,8.270783380349322,0.00026552560368434895,7.22840973806791e-05,0.24431886497535169,4.5524803636468305e-08
player_38ce80e4ad11,Nolito,Midfielder,16,6.578555147523535,0.00026548846567212085,0.00012080397895991368,0.23860967590418036,1.4936731867080955e-05
player_c180921db900,Grigoris Kastanos,Midfielder,17,6.0521509570086165,0.00026529916833096905,6.385150837860512e-05,0.22844294547498595,4.066466354968056e-06
player_979a46fe2e29,Matviyenko,Defender,18,7.492548253370806,0.0002652816645054459,0.0002640280662074944,0.2516720336883825,1.502883571763568e-07
player_01b947dd8a63,Piotr Zieli?ski,Midfielder,13,6.414171721004641,0.00026518106548078266,0.000382266284849334,0.2334022513209281,3.943693679773324e-06
player_03ccbb485eba,Lee Kangin,Midfielder,14,6.157514626110393,0.00026505508535714235,5.92176551025838e-05,0.2272168176227217,1.8780332273756248e-06
player_24b12a2eb907,Aaron Lennon,Midfielder,25,7.23755031540307,0.000264989166847886,0.0007647065080253365,0.28165500034652435,0.00010102644938574137
player_c1c99a21b24a,Francesco Rossi,Goalkeeper,17,12.254719319970437,0.0002647879355927732,0.00015093767918709233,0.21482186277619197,1.876210946533489e-07
player_f137f2ec920e,Torben Müsel,Forward,13,4.740963916442387,0.00026452244134403646,0.00026678627819934646,0.20363782131582903,3.294532507236761e-09
player_843b6c9684bd,Ben Godfrey,Defender,17,6.730347180654304,0.0002641857522837627,0.0009521039191847747,0.25987978002302087,6.627166660879688e-08
player_7d9d17f820a6,Ethan Ampadu,Defender,18,6.136186221264158,0.00026413372118779937,0.00040332827121549765,0.24512938054164907,1.7233593597151925e-08
player_4a0b4570b88b,Raba,Midfielder,14,6.238384780062845,0.00026391299035506655,0.00048784553454106125,0.2412442122759112,3.3476377229693985e-06
player_95aacf216991,Stéphane M'bia,Midfielder,22,7.649033683462957,0.0002638617811338361,0.00047606523839469067,0.2864594346937337,0.00014744086418873702
player_9964c853f432,Lorenzo Insigne,Forward,19,6.418860280620763,0.0002638596070705842,7.449344247912381e-05,0.2609309791332263,1.9466883686177732e-07
player_f4dfad803df8,Hendry,Defender,19,6.882322296817775,0.0002638543481202983,0.0002895203667789315,0.25063213074313906,2.3852920548553832e-08
player_8dc4055a0a8d,Giangiacomo Magnani,Defender,17,5.912770191388164,0.0002638518255334234,0.00011322420127633243,0.22922894692312032,1.1018124345842718e-08
player_a650ce9af349,Origi,Forward,21,5.528235962066852,0.0002636684573528794,0.0004957615560811668,0.2644800208251985,3.760679473580764e-07
player_06192f9b11b7,Ben Lhassine Kone,Midfielder,17,7.720721059590357,0.0002633003123932711,0.00013725908477741678,0.2616702079711545,8.523617253784556e-05
player_4d5f1e52d8e2,Khéphren Thuram-Ulie,Midfielder,12,6.312792123881513,0.00026325312697660373,8.427895781017378e-05,0.21597491629909124,2.0674315222989057e-06
player_8c47b7340181,Dimitry Bertaud,Goalkeeper,13,7.548750238614565,0.00026303475181036227,0.0006641071367278553,0.2008401284902397,2.673201302963322e-08
player_f87bbb7887e8,Janis Blaswich,Goalkeeper,19,9.090182659755689,0.00026298610379134606,0.0008969799274079604,0.25033879512135027,8.47571546236664e-07
player_fae665c02ddf,Antonin Bobichon,Midfielder,12,4.918237233331038,0.00026292893620501184,0.00018008635673073163,0.2299032641285286,1.4183853889634434e-06
player_eb339db9cbfb,Kai Havertz,Midfielder,23,7.561118613520691,0.0002624528628007712,0.00028411541871734236,0.2710779082177161,0.00015820780509207121
player_ba7dc34d2845,Nikolas Nartey,Midfielder,14,5.499758762637279,0.00026225163705032695,0.00021062148628338392,0.22951375162365167,4.402360953810435e-06
player_d1d554304cf4,Christian Mawissa,Defender,21,6.3820533298655775,0.0002621528940572587,0.0005007484840617191,0.2522187053931608,9.037695405327258e-08
player_ac7e52e14906,Jean-Philippe Krasso,Forward,14,4.785426305230414,0.00026208039360831926,0.0001387874348262061,0.2282248553939462,9.638444772081191e-09
player_9f511b73b7a1,Paulinho,Midfielder,20,7.211311781728812,0.0002618271523404885,0.0003759798081785979,0.26246447946267115,0.00012268540928305662
player_e7c9b583ebfa,Tomas Rosicky,Midfielder,27,7.129042797213497,0.00026170049332861116,0.0028067924790017135,0.29552065154159396,0.00011547463339634433
player_bf20bb33a66f,Pere Pons,Midfielder,16,6.460356516751989,0.0002616112399353284,0.00011497759269205703,0.23156695156695156,7.368069573565783e-05
player_594827264a0c,Dani Rodríguez,Midfielder,15,7.051206133272201,0.00026155468391514885,4.0246615410613115e-05,0.23970744367111005,3.4431096345331753e-05
player_a901d682d606,Ayman Azhil,Midfielder,8,7.579585523130971,0.00026152240788491875,0.0,0.20838888319146753,5.035111753511335e-07
player_5e2a97f1ec71,Romario Rösch,Midfielder,8,7.579585523130971,0.00026152240788491875,0.0,0.20838888319146753,5.03511175349391e-07
player_a2cf7a33dad6,Savage,Midfielder,8,7.579585523130971,0.00026152240788491875,0.0,0.20838888319146753,5.035111753486894e-07
player_f82efe4f46ec,Manuel Lazzari,Midfielder,19,7.401607234678032,0.00026144386302588663,0.00026067948590717836,0.26649180327868854,5.875641082467127e-05
player_24e03ff0bf66,Florin Andone,Forward,16,4.6121914426585215,0.00026134573750647555,0.00065755002392193,0.23499479588296518,1.8022080145441658e-08
player_5e8e3f763c62,Antonio Valencia,Defender,18,7.657748592185692,0.00026132835652051777,0.0004623200224646913,0.25928288886053336,6.358197942968223e-08
player_f156e7995d52,Oscar,Defender,23,7.929550067373929,0.0002612368731232826,0.0004113457966374104,0.275096459757666,3.3546126536517665e-07
player_845b4f4505c0,Tyler Adams,Midfielder,22,7.720016458713354,0.00026118033312510646,4.2592003046886705e-05,0.25063213074313906,0.00022181149635171844
player_e5d97bea0b99,Mikael,Forward,15,4.608384703484157,0.00026112410663760657,0.0004266841559437491,0.2459452916969257,2.3290346272193993e-07
player_f3265377e9ee,Hugo Bueno,Defender,23,7.771186109774157,0.00026051874230260605,0.005467696914080788,0.3022685013015991,1.68304522183166e-05
player_3f179572ecc5,Renaud Ripart,Forward,14,5.684400644301104,0.0002604085890376367,7.307806069659435e-05,0.22495295029336876,3.928410716614374e-08
player_ceed94b5fa24,Josip Stanisic,Defender,25,8.415738524635842,0.0002602889488609678,0.0001358747634546205,0.25891946992864423,1.2319992653714823e-07
player_42a6861524ff,Toni Moya,Midfielder,14,6.02351426888866,0.00025994483770872294,0.00014464060228619132,0.23268063666552158,2.8795386640316542e-05
player_9a8b9243726b,Javi López,Defender,13,5.211876503268471,0.00025979691507044,0.00010437419639838432,0.2137372462396129,1.0740429003475021e-09
player_9494ebac28f2,Ouparine Djoco,Goalkeeper,14,9.379856292383272,0.000259568363369866,7.301986287452358e-06,0.1945242197970515,3.523433572317782e-08
player_57c3934fbd2c,Riccardo Calafiori,Defender,22,6.742260387987889,0.0002595189939855166,0.0017743758335340637,0.2628719275549806,1.0715840071782549e-07
player_7f72ddbb0bf6,Aleksandar Pavlovic,Midfielder,19,7.243769355580043,0.00025904068495407494,0.0004486328169374808,0.2603792926704254,0.00012020458501540225
player_c934ac6a15e9,Vedran Corluka,Midfielder,21,6.691604438562979,0.00025884549738084864,0.0006152463070038081,0.27835616438356164,0.00021000557803228217
player_30ce42a7ade5,Grégoire Coudert,Goalkeeper,17,12.13043740111365,0.00025884041468082617,0.0004846983725001777,0.23590874789574506,5.245971163759542e-07
player_470943db11ea,Tomá Sou?ek,Midfielder,12,6.393979617574319,0.0002586730349136139,0.00023400563003257558,0.22843010510932493,2.038524845912785e-06
player_4c06b737b979,Dan Ndoye,Midfielder,20,6.6084181699912765,0.00025865009920951113,0.0017114477963351682,0.27483600459863394,4.5138994838167405e-05
player_014858a7a08a,Iker Benito,Midfielder,18,6.362290325040593,0.00025862858218031373,0.00035434431151477104,0.25089517224348684,6.058430246659422e-05
player_6152235816d9,Víctor Chust,Defender,15,7.416525248976093,0.00025861164476596583,0.00010104482417152218,0.2635538261997406,1.8420683466630302e-07
player_c20ee1274a1a,Jean-Claude Billong,Defender,16,7.066886557652289,0.00025859053524387386,0.0001773950472809415,0.25439749608763695,1.4978432279211844e-07
player_3f03436efce0,Viktor Faizulin,Defender,20,7.2541333931126495,0.00025857522405130803,0.0009135045741158878,0.2714218927402658,6.170743359907057e-08
player_2d0287960e37,Angus Gunn,Goalkeeper,12,7.261594763024607,0.0002585405268069047,5.0104043075018047e-05,0.1783003553722634,5.176923969211272e-09
player_b875298c4692,Kjell Scherpen,Goalkeeper,13,9.770352303695242,0.0002584181197152064,1.5099063668290325e-05,0.20599118049571696,6.516551206740899e-08
player_1a38c80c5b10,Adrien Silva,Midfielder,19,6.2457735047537595,0.00025840392577303103,0.000529594219549952,0.2645661089772801,1.7762171522544144e-05
player_6a9e2f3aff86,Maxim De Cuyper,Forward,20,6.133175303823133,0.00025831838423660965,0.00018181129520575303,0.27363318071640186,3.8383526375489344e-07
player_4a8b5ec4d392,Willem Geubbels,Forward,15,4.922236444999574,0.000258118003551442,0.0011248522711388622,0.2541906429822367,1.0522852912832878e-07
player_4765cb8898ba,Silvestre Varela,Defender,22,7.295027046980761,0.00025805718546909875,0.0006182620910326058,0.2828114126652749,3.420030944917386e-07
player_5eb27f05058c,Julian Green,Midfielder,15,6.043494641037689,0.00025805235378678143,0.0003477386408809385,0.24223639506467187,8.498083945346112e-05
player_6453074ce1d3,Hamit Altintop,Defender,22,7.750238256846969,0.00025804721126442367,0.00041003319297652,0.275581474198142,1.6057081853662588e-07
player_f12d9e6fb66f,Vyacheslav Malafeyev,Defender,21,6.429330514588143,0.00025786292531172186,0.0008946544557409421,0.26403326403326405,9.188117538280436e-08
player_52fcc514717d,Mark Uth,Forward,15,5.869727896351487,0.0002576683783539822,0.00023640740480512928,0.24795607077486273,3.1326297293638796e-07
player_9bfb49b2f8ba,Jean Lucas,Midfielder,17,6.382495498833228,0.0002576582057008632,0.00016802855273435974,0.25060122094098786,2.322337579330024e-05
player_902e3ffe40f2,Alexsandro,Midfielder,19,6.886900740069732,0.0002575963566843214,0.00041218865874517247,0.2738175448052823,3.1365524811368444e-05
player_9dff2004dcd5,Lukas Klünter,Defender,16,5.329710029345653,0.0002575864972159349,0.0005332728650788562,0.24072977135410498,7.489994925285846e-09
player_975a46189f44,Zack Steffen,Goalkeeper,12,9.406594262565886,0.00025754072607582783,1.7663626191272497e-05,0.19374523264683446,6.205460547200352e-08
player_215f0eca1645,Aleksandr Kokorin,Forward,19,4.500937279642386,0.0002574978925200273,0.0012579970780471957,0.25403175396924615,3.3381378882690387e-07
player_27fe24e529ee,Matteo Gabbia,Defender,19,7.018993771387887,0.0002574523964757056,0.0008419994793478585,0.26453166699212394,8.985145305565573e-08
player_57632faa5659,Emir Spahic,Defender,22,6.860820032271564,0.0002573359774901475,0.00032955559717317835,0.2665442382107956,8.207649922430545e-08
player_ef47035e5468,Khvicha Kvaratskhelia,Forward,18,6.3659199210229644,0.00025710919259124216,0.0005574522069641632,0.27315499395079984,8.670826311265724e-07
player_83fdf95f0e9e,Philipp Köhn,Goalkeeper,19,9.306471176436236,0.00025699123433265986,0.0004872561671696851,0.22131460001089145,3.8765560281670647e-07
player_b137c035400c,Lucas Boyé,Forward,14,6.1673633089355935,0.00025694931393690763,0.00014671500996700477,0.24476029872319924,1.6631671698838837e-07
player_24e5a1ce2cc9,Donyell Malen,Midfielder,24,7.2902129952232375,0.00025672260276314975,0.00041955887809773265,0.2786615469007131,0.0001353364972057945
player_1550ffbcd214,Irvin Cardona,Forward,13,5.997146396087885,0.00025663416810427637,2.417047975332047e-05,0.2315405651777575,3.28490841593116e-08
player_f81ed5be9223,Reo Hatate,Defender,20,6.9441549992366,0.00025658379655847034,0.0004962283932506437,0.26664917000196836,7.524750179248744e-08
player_209ee47e9be1,Christophe Hérelle,Defender,15,7.077612405993404,0.00025655687526450005,0.0003009439627671553,0.2538730634682659,6.74325244266173e-08
player_a307238a7863,Timothee Pembele,Defender,17,7.041369221763454,0.00025647018884089427,0.0003390753261777011,0.25721518987341774,3.444629328183551e-07
player_0cad276e5455,Sambou Soumano,Forward,14,4.403890769607847,0.0002563943971573516,0.0001141450479804024,0.21884760366182013,8.0462553856391e-09
player_01c7097776c6,Takuma Asano,Midfielder,17,6.699431915072851,0.0002563727985833976,0.000520209679840344,0.2635367356202581,0.00016672494967224572
player_b13a3d5d9e97,Jeroen Zoet,Goalkeeper,18,7.828406905846103,0.000256210573505281,0.0038530755753292305,0.2467666524986338,2.6339358584555033e-07
player_689386971f95,Hugo Duro,Forward,16,5.020056621782384,0.0002560587572576614,0.0010368903891387665,0.27321008403361347,7.173433229453109e-07
player_f41650cd81e3,Tete Morente,Midfielder,16,6.576939931984682,0.0002559781015369374,0.00021711528398004508,0.24164585563087168,1.5432558318495725e-05
player_24df13e41148,Mengi,Defender,15,4.453490748054333,0.0002558260860099466,0.0003618451612059406,0.2399338764907309,8.656283988777971e-08
player_48cbadc9e444,Juan Foyth,Defender,21,6.688698771729917,0.0002557706876219079,0.0009265708811520994,0.25896896705537503,4.80289565766169e-08
player_ceb9d05be0d7,Oguzhan Özyakup,Forward,20,4.55574691510037,0.0002556692920094475,0.003922214622277644,0.27440918298447,6.64809869703097e-06
player_e3d0f3b9a582,Carlos Augusto,Midfielder,19,6.731069123721626,0.0002556193835781063,0.00044018602375383556,0.26567300777930314,5.4180419620836105e-05
player_183131ac7986,Stephen Eustáquio,Midfielder,16,7.664134521660801,0.0002555342580705673,0.00010063901325896826,0.25845840752989063,0.00025953470376145375
player_b0201335ae06,Marko Rog,Midfielder,22,5.827963457985647,0.0002552702587975667,0.0031379770578321624,0.27631221104161,0.0008796451047689499
player_6c2cfe6d78e9,Mert Günok,Goalkeeper,13,9.10574530726551,0.00025524456208409293,1.2482271004505185e-05,0.20491100690767913,5.764329933250484e-08
player_26ed456a6ba2,Colin Dagba,Defender,20,7.492914572560466,0.00025495303096421197,0.0002994499975211231,0.2551321489107916,5.222776553388563e-08
player_2793470ee346,Vladimír Darida,Midfielder,16,6.867638177870821,0.00025494561104877676,0.00021664733594348344,0.256016127000126,4.5050879250542326e-05
player_a24586ea6b9b,Vincent Aboubakar,Midfielder,20,7.71977251747231,0.0002547750584406496,0.00015730372236585243,0.2657946370176586,0.0001390065668314021
player_e1232c717bbc,Thorgan Hazard,Midfielder,22,7.883628207069014,0.00025475322438153275,0.00017742135670315056,0.2640675763482781,0.0002670541526315951
player_089becae4a99,Cucho,Forward,14,5.940775279361578,0.000254653132878314,7.515146599687582e-05,0.23698174820689252,5.373311642263301e-08
player_dbc104f58c16,Bilal Brahimi,Forward,14,4.6067475029141445,0.0002546311682556524,0.00034997273674189464,0.23185759926973984,1.4014356283284574e-08
player_985ef2a9c08f,Kanga,Forward,19,5.244200790178775,0.00025462214461365013,0.00237964075689972,0.27655665192242257,2.822506337535112e-07
player_94091f952b68,Vitorino Antunes,Defender,17,6.99579070317336,0.00025449545619991073,0.0004716239610331111,0.26752682509380554,1.1542267892504832e-07
player_dba49c8b7cd6,Eric Abidal,Defender,21,7.932163269359917,0.0002544203417648359,0.0002025847024204603,0.267210204484187,1.0331003117635624e-07
player_d7ac99a9270c,Florent Malouda,Midfielder,20,7.57238148919258,0.0002543379643343976,0.00016184549388393262,0.2759932088285229,0.00014453799349783955
player_57c772d84bc3,Ansu Fati,Forward,18,5.581876106837454,0.00025428506112544263,0.004050015062808083,0.2865402242120849,1.76548380556972e-06
player_a8f4e42ccca9,David Zima,Defender,18,7.118763697653139,0.0002541402233293866,0.00022342721370778283,0.2629399585921325,1.6801034928402524e-07
player_3ba4b1d0bfba,Esteban Cambiasso,Goalkeeper,17,8.988227660632555,0.00025410683957001435,6.904152921074489e-05,0.21245229755868053,1.0903246136418985e-07
player_028fab7e9301,Fransérgio,Midfielder,15,5.926172104526401,0.00025409763531151336,0.00036910868208178915,0.2543656506227702,1.6001930261179034e-05
player_bf8a7582ed59,Johan Vásquez,Defender,15,6.693577628840505,0.00025395902090464704,0.0001701674067097771,0.2342633156559834,1.4690078752085564e-08
player_d86970b8de3d,Gavi Paez,Midfielder,11,6.159335966906797,0.0002538720978508136,8.674581762186147e-05,0.21592901546145263,1.9496235013835543e-06
player_0f513a70b025,Ljubomir Fejsa,Midfielder,20,6.871422278367892,0.00025377995210699176,0.00030835956203423135,0.2640675763482781,7.17070739962823e-05
player_96094c764fe0,Illan Meslier,Goalkeeper,13,9.099207664975316,0.00025376663771118084,3.9035391696103085e-05,0.22511493934526117,1.5578984264782073e-07
player_d641d5418937,Ricardo Mangas,Defender,16,6.688556925885335,0.00025359103164220926,0.0003193382222359746,0.24901960784313726,5.190223246385848e-08
player_210fd9a15076,Osman Bukari,Midfielder,16,6.202112788724778,0.0002535347550115054,0.00013733226382060392,0.23775814660972328,8.056435723898282e-05
player_b312a67b876f,Burak Yýlmaz,Forward,11,5.281839116058743,0.00025334609356755724,1.647616423534608e-05,0.23429032630001154,4.637371560158983e-08
player_d98e7a82e5fb,Branimir Hrgota,Forward,13,5.911724665695277,0.0002532973348058922,3.683071008615455e-05,0.22814798181103688,5.559574075603121e-08
player_1cf83fe35573,Nemanja Vidic,Midfielder,27,6.750157579532219,0.0002531978065166071,0.0030790064978948937,0.2966206846215605,0.00010070225927296489
player_555da97ebd2e,Nicolò Zaniolo,Midfielder,24,6.408688920726987,0.00025318049731362863,0.0011152950712052096,0.2681623226657869,9.067149300392775e-05
player_a78eb51eafb8,Alessandro Berardi,Goalkeeper,11,7.505046470137666,0.00025315399617190505,2.647058198810187e-05,0.18239755845787892,2.6228913249101597e-09
player_e5f964dd300e,Alexander Hack,Defender,18,7.174491147279417,0.0002531342374625572,5.8547315342716614e-05,0.25943185445260136,9.567680757928928e-08
player_4ebc6291d85e,Spielmann,Midfielder,12,6.055787965393449,0.0002530576892280737,0.00022201477171862664,0.2381761706616656,3.0988519070092604e-06
player_6de260a43ab5,Christian Eriksen,Midfielder,20,7.2754305701981155,0.0002530211095542669,0.00011138706729482113,0.2550841074566909,0.00033770324664215723
player_e196de6d7e92,Sofiane Diop,Midfielder,16,6.953801318609511,0.0002529346871570591,0.0001734865313256652,0.2519528828270304,3.1159351037408645e-05
player_c20411752f34,Athanasiadis,Goalkeeper,13,9.444332283458365,0.0002528989677513487,4.0060640973900726e-05,0.20586596423686743,4.9999779531254614e-08
player_1cb00d67c52b,Cédric Hountondji,Defender,15,6.697021819519377,0.0002527802130689646,0.0003311182167083811,0.24753319527348033,1.2358060690994362e-07
player_1a75dd32fe52,Dylan Chambost,Midfielder,15,5.864638633680268,0.0002527528604453345,0.0003053772839784175,0.2477444525725433,2.1448638761475054e-05
player_87387d0d43dd,Alexander Schwolow,Goalkeeper,14,9.010939237544378,0.00025264792754242665,0.00013164802153331915,0.22484094052558784,1.1011445486012912e-07
player_78f732ffb482,Takehiro Tomiyasu,Defender,20,7.024478812227139,0.0002525325649139168,0.0006194079694394225,0.2803725422559503,1.72151277379553e-07
player_a53bd0415947,Fabio,Defender,19,6.8074016421318975,0.00025248122798973233,0.00017942652920068523,0.2541747451372819,4.786790367590401e-08
player_1991054e095e,Ersin Destanoğlu,Goalkeeper,13,9.35971272223116,0.0002524436332371416,4.154466930845159e-05,0.2031898405079746,4.728618356314617e-08
player_811082b77709,Timothy Chandler,Midfielder,14,6.071542517892967,0.00025236223839930595,0.0002818534714525141,0.24323677280344744,7.560938063637949e-05
player_416d45d18872,Davie Selke,Forward,13,4.923573820708166,0.0002522086055325186,0.00026862037648698624,0.23441195131799042,2.046448207538794e-08
player_56c3fe86c23e,Dion Lopy,Midfielder,14,6.523018311773535,0.00025220432885170066,0.0001519730563996347,0.23959438745430964,8.032807257612438e-05
player_5ee6c5451793,Aboubakar Sidibé,Forward,12,4.720452010545424,0.0002520937972514066,0.0003706236187843851,0.21327735502492784,3.675062222706401e-09
player_3640f3fb2b48,Tachi,Defender,13,4.990322887603221,0.00025208478980940876,0.00017745848759854755,0.2250152261779525,2.435134689126226e-09
player_831e6ba2f0ce,Steve Mounié,Forward,13,5.885866483179792,0.0002520751422619861,6.997534722601105e-05,0.23290732993294744,2.0666484852739374e-07
player_7596d73264ef,Iker Bravo,Forward,15,5.318946500383452,0.0002520196518771172,0.0019509619837267715,0.24360127075466043,7.821034093110455e-08
player_bc552393e52c,Martín Cáceres,Defender,22,6.428975415192161,0.0002519833286720615,0.00556474358630588,0.29459949256977164,1.8462405041989593e-06
player_d3bb6d91a48d,Youssouph Badji,Forward,13,4.326137346750725,0.00025196524124537664,6.284394012459919e-05,0.21937921727395412,1.6345521496345395e-08
player_1a261d825473,Cárdenas,Goalkeeper,12,7.951445963993493,0.0002519211333291259,0.00039988870276739125,0.20760114425827544,5.226498819464825e-08
player_404c040cbecd,Maximilian Mittelstädt,Defender,22,7.9498425099270325,0.0002519133335988293,0.0004106742566779825,0.27422402159244263,1.3141862650682636e-07
player_d1485a467420,Burak Yilmaz,Defender,25,7.734030776382526,0.00025185543519162497,0.007144147723575927,0.3142835047560127,9.142753087319535e-06
player_1922d06dfea9,Florent Mollet,Midfielder,15,6.965736608048742,0.0002518141769025841,0.00023574691002871062,0.24538099263373989,4.767370277611394e-05
player_916db7e744f4,Samuel Mráz,Forward,14,4.688442551678462,0.00025171004011836223,0.0001536976272236224,0.24803173634421727,2.573293123978877e-07
player_56103d894daf,Mykhailo Mudryk,Midfielder,19,5.571312491758656,0.0002515626866799357,0.0010904637545933378,0.26807387862796833,5.636386437716821e-05
player_d17f64de18f8,Yukhym Konoplia,Midfielder,16,6.703344618790262,0.0002515100046543298,2.3550318464583236e-05,0.23919952913478518,6.373824651405219e-05
player_af116da11c3a,Enzo Le Fée,Midfielder,16,6.9307304263591725,0.0002513737104374147,0.0003437513253038204,0.26241363724414024,5.853853710666806e-05
player_8fa2e3ddfe8d,Robert Andrich,Midfielder,22,7.764415304615315,0.00025131093671863113,0.00020312331165838702,0.27487318227933716,0.00013684910723170453
player_fa3d649a8a54,Steven Bergwijn,Midfielder,20,6.271680807137871,0.00025125616369962666,0.0005734813032644172,0.2622273841786037,3.206175922655571e-05
player_f64ff5c24b7a,Cheikh Niasse,Midfielder,20,5.272790227384088,0.0002512170202933407,0.0009099832832893928,0.2719122173156697,6.499898346197046e-05
player_fa435f2e3db5,Óscar Rodríguez,Defender,23,5.101531453986596,0.0002511788337535949,0.007660582131447201,0.3068791059427622,3.6747081535810163e-06
player_073c095322c3,Sudakov,Midfielder,22,5.6555976920699775,0.0002511626276671997,0.0025894117192471955,0.27284323598522997,6.296848062721951e-05
player_0153c3cc8ad8,Abdoulaye Doucouré,Midfielder,19,8.083261384000357,0.0002511352771996565,3.727076935422135e-05,0.2553084558361603,0.00015446938165649614
player_24d1b5138474,Adrián Butzke,Forward,9,4.938576213680919,0.0002511330539896258,2.435674305251037e-05,0.22567747667703242,2.3574128386538987e-08
player_4078e15fa803,Boyko,Goalkeeper,12,9.062951411710626,0.00025094995748395474,8.031435901487972e-05,0.203311821501826,6.53758399509448e-08
player_125dfe637bbf,Josh Maja,Forward,11,4.744718266728795,0.0002509387944566871,4.057714886182404e-05,0.19326612136199353,1.8147306872027336e-09
player_2458568b5e05,Kaj Sierhuis,Forward,13,4.213771880867721,0.0002508685647088017,0.0003566053052584033,0.24232305765905432,3.875444379025254e-08
player_c7e78bc0b849,Immanuel Pherai,Forward,8,5.499948923943705,0.0002505039799419027,0.0,0.21305373525557011,6.363642416586924e-09
player_123a7e01ba69,Kevin Vázquez,Defender,15,6.471450700424986,0.0002503892296615934,0.0004013779687633309,0.2537779442987386,1.8534383062898908e-07
player_da47c992f4f0,Julian Baumgartlinger,Midfielder,19,5.92839653568471,0.0002503355256450811,0.0015841053416512322,0.28875941452323434,3.0102134360126534e-05
player_7bb0bb352ffb,Cris,Defender,22,7.244060717865636,0.00025025219906086736,0.0004350033303126397,0.277747402952433,1.753752687779179e-07
player_cc69e0546770,Ohis Felix Uduokhai,Defender,14,5.931940710149655,0.0002501384209910173,0.0002938674229396874,0.25232832484788276,9.860924833488761e-08
player_b72ef96d2c37,Felipe Santana,Midfielder,20,6.269399055742859,0.00025008539824844517,0.0008245001889596592,0.27416852189165486,0.0008589960402721092
player_47eb9bc115d3,Antonín Barák,Midfielder,17,6.932143879833042,0.0002499867603837408,0.0001389105830885613,0.2520935425842069,0.00014446919304164359
player_7cf31521dc19,Stefan Radu,Defender,20,8.29543661290543,0.00024946448123336844,5.416201041470817e-05,0.2587546160702916,1.7008629151243672e-07
player_8085de9651e8,Ciprian T?t?ru?anu,Goalkeeper,14,7.862349412411487,0.0002494400569079362,0.00013014478876720547,0.21309842168737875,3.1512407223541384e-07
player_498e6e8d1a28,Emil Krafth,Defender,14,6.307305995435112,0.00024939988076445684,7.163689952236564e-05,0.2223194748358862,1.4653277216992807e-08
player_89f88278765d,Giulio Maggiore,Midfielder,14,6.426193228855722,0.00024937960756273524,0.00014787553125993186,0.24989239377728586,3.465952939347352e-05
player_2dc134a5af41,Manuel Sánchez,Defender,12,6.102784840091452,0.00024934954328850875,0.00019203090749470825,0.20937660999484803,3.6458979408580857e-09
player_be17c68d91ad,Robin Le Normand,Defender,23,7.5708465944015035,0.00024928413452043717,0.0005349917974343183,0.251984126984127,3.4074092280417696e-08
player_a7e318f3d82d,Chalobah,Defender,19,7.156494504996303,0.0002492444462950403,0.0006168365638958116,0.26763253210405,8.530752539233755e-07
player_eb32a9dc7bf5,Ousmane Diomande,Defender,20,7.712794869917045,0.0002492364322883265,0.0005072057633780969,0.276199537855104,1.8599947921787894e-07
player_9e4d4773729a,Edin D?eko,Forward,10,5.220697100085877,0.00024913324187394374,1.5002408818999632e-05,0.2342768201994581,4.890972465562229e-08
player_32139f18271f,Mateo Retegui,Forward,18,6.1511287199961355,0.0002491269545035022,0.00012645134055288385,0.2601626016260163,4.5879833797167057e-07
player_a7d6c89c3843,Matúš Vojtko,Midfielder,13,4.805596839132788,0.00024907459665624796,0.0005377055613402035,0.2083354693187061,7.010236314672558e-07
player_ed21be524f85,Fermín López,Midfielder,25,6.513572045261419,0.0002490590019364133,0.005069472112389983,0.2958433427968261,5.835535676183368e-05
player_40b4acee88fd,Levin Öztunalý,Midfielder,14,5.224313616809756,0.00024898826975607084,0.00013229433825993556,0.22266053035283803,1.7955132911591618e-06
player_0c7c800ee7e9,Francesco Forte,Forward,13,3.8946936180163316,0.000248802265167585,0.00029301367605495367,0.20937660999484803,7.008554343371178e-10
player_989525abcd0c,Mads Bech Sørensen,Defender,14,6.206174088912009,0.00024867473425126786,0.0001594874894204771,0.24196237199333173,1.9119698320664616e-08
player_5ca8a21b2386,Celeadnic,Goalkeeper,12,8.723935138780416,0.0002486573445217386,7.174805468323997e-05,0.20691410824296116,4.062620070162914e-07
player_97df4ea6a1b0,Raúl Guti,Midfielder,16,5.855717970222217,0.0002486385895355588,0.0002150364279741919,0.2512985406876082,7.85896617095776e-06
player_a19bd6865c99,Lasse Günther,Midfielder,15,5.43103002304201,0.00024851123210858147,0.000337617047742137,0.24439232665824764,8.140218236588833e-05
player_bc50ded0ce87,Domen ?rnigoj,Midfielder,12,5.9237794409653075,0.0002479932576385868,7.764949442619252e-05,0.22645714922545415,1.6969501515997503e-06
player_1371bcd3d82f,Cristian Chivu,Goalkeeper,16,8.405464264911588,0.000247880597474659,0.0007169308661237823,0.22926774229944713,1.1193909345493012e-07
player_4d8834d5373d,Domingos Duarte,Defender,16,5.8974926662006375,0.0002478042410018749,0.0006966639226020187,0.25845840752989063,2.1363239496298534e-07
player_e193f8d44bae,Marouane Fellaini,Midfielder,18,5.766549654697876,0.0002476186277701868,0.0004494877296622388,0.25428607183080965,2.7508752128873605e-05
player_1bd83fed7102,Neven Subotic,Defender,21,7.255074976440893,0.0002475792120342044,0.00036739935085060646,0.27078891257995735,1.0091573668724463e-07
player_24e98c79e1b5,Selcuk Inan,Defender,23,7.80017117789933,0.000247472090135392,0.00013912305812585334,0.27160328811067297,1.0710935716643792e-07
player_d057b16ddb19,Mathew Ryan,Goalkeeper,13,9.250156977983966,0.00024742877509041823,8.715627846328918e-06,0.20773909932014517,6.41598705209614e-08
player_045e3b69fd98,Sanjin Prci?,Midfielder,11,5.952412505016331,0.0002474100209595668,1.867319563896839e-05,0.20245093155325297,4.098153874775717e-07
player_f8dcd5e92855,Barkley,Midfielder,18,7.204635005552916,0.00024736821154904524,0.0001289057897241239,0.2652914681114955,0.00020405892337113543
player_2859a0194aaa,Moritz Jenz,Defender,16,5.972037124992057,0.000247197523745077,0.0002476722714149262,0.24566281811037902,2.308224381885908e-08
player_57e1569b60af,João Virginia,Goalkeeper,12,8.642993724354579,0.0002471835286750419,9.414077299097592e-06,0.18188327962764053,6.678386057459328e-08
player_2a7f7a990779,Enzo Crivelli,Forward,16,5.086128534591683,0.0002471328074015344,0.0002520166580281521,0.24493731918997108,5.1594088157962447e-08
player_d173e3a621f2,Arnaut Groeneveld,Forward,11,5.074482656550771,0.00024690197084183764,5.561879123796236e-05,0.23487256545107785,4.1695877329359195e-08
player_d9b57b1dbd3b,Tomás Hübschman,Goalkeeper,17,8.98003153138636,0.0002466775997844057,0.0006037927642823236,0.24456881506890535,3.5517132187375503e-07
player_adf1876235fc,Yuri Zhirkov,Forward,22,5.7185478646350845,0.00024663550767326366,0.0013030202197575546,0.2879206517888771,6.167733664293794e-07
player_3f54adc4a941,Lazar Samardzic,Midfielder,19,6.086156467494637,0.0002464604705893607,0.0004889873478426335,0.26562091503267976,3.575977576118744e-05
player_ccbf4ef5938d,Semih Kaya,Midfielder,21,6.437905853678588,0.0002463999679329201,0.0008720561587714425,0.28279173335188923,0.00014389052167157538
player_e64154c5b0f0,João Palhinha,Midfielder,19,6.210132794408334,0.00024638897158396806,0.0011031835564766293,0.28017924853498793,5.057721275013549e-05
player_503bc121d82a,Óscar Duarte,Defender,16,7.1546477186951885,0.00024632137035970805,0.00019447887227575842,0.26401611121938545,2.19124607984887e-07
player_caa99b6b55c8,Fabio Quagliarella,Forward,16,5.623745907297284,0.00024629571107323556,4.459750428183247e-05,0.24226527570789866,1.8675149452590541e-07
player_88ddf81b7cfe,Ádám Szalai,Forward,13,4.028840284205754,0.00024629464268431954,0.00010771266084296236,0.21101822524533984,5.893432292765546e-09
player_1e13743fc8b1,Stevan Jovetic,Forward,17,6.218381320966179,0.0002460760157915388,3.3960674934617845e-05,0.25140736158366844,1.4566779364715802e-07
player_9135d8523ad3,Rafael,Defender,24,6.5232990844757675,0.00024585894190652224,0.0028373934170024826,0.2864190570159983,1.925744793366533e-06
player_c789a4f087a3,Niko Gießelmann,Midfielder,15,6.348384241780702,0.00024580749731642585,0.00014870215360894218,0.24682660188278166,0.00012038095750792613
player_40b0db9ca837,Xherdan Shaqiri,Midfielder,21,7.094464826655362,0.00024578033327796623,0.0001713593979632918,0.26929958253263536,0.0002516857324933427
player_d76587454815,Yunis Abdelhamid,Defender,16,6.750994681516535,0.00024574248043306136,4.656264843674135e-05,0.2452625226312613,3.8655901708247575e-08
player_1f032a81fef6,Roman Neustädter,Midfielder,28,6.371895871233938,0.00024559340513684687,0.002569213260398879,0.3012825265030766,4.996871971934823e-05
player_7986c7406b81,Luca Antonini,Defender,20,7.4545933814925345,0.0002455383184744552,0.0003439082416769818,0.26814462918975984,8.672583832304763e-08
player_c9e10dd1f144,Andriy Yarmolenko,Midfielder,20,6.210960574323931,0.0002455223596623421,0.0005962708573363279,0.26656172110717563,0.00012271179044762411
player_82c3cfc4f333,Philippe Sandler,Defender,16,6.206593129046228,0.000245441310596177,0.00032715019466444077,0.24934045033437635,3.6435387530147575e-08
player_9205f933f844,Kevin Behrens,Forward,14,4.596937865491712,0.00024542513645779565,0.00017604738659220503,0.23462848565325328,1.134721725079555e-08
player_aa3ab7f817d7,Maxwel Cornet,Midfielder,19,6.3039823975725255,0.00024541625654536555,0.0011092771143949157,0.2688186268024871,5.346885960121632e-05
player_63ea2b82220d,Ibrahim Osman,Defender,19,5.634637931121184,0.00024502432479392097,0.000633903443819239,0.24947820748925723,2.0931942511104673e-08
player_d559effc81ef,Gabriel Heinze,Forward,17,6.247854588545222,0.00024500888093560073,3.220727507971144e-05,0.26236281471917366,6.389797007400783e-07
player_733a98bec2ac,Bruno Duarte,Forward,15,5.326258563765708,0.0002448975724693787,9.602762124321478e-05,0.24452466907340553,6.158868048772954e-08
player_45456228aa76,Bryan Djile Nokoué,Defender,15,4.944435345711215,0.0002447920544213293,0.00035297916228600946,0.2511898139563632,4.350830956059232e-08
player_ace1ee754005,Leonardo Capezzi,Midfielder,16,5.602337368609522,0.000244771903190166,0.00024421556498904995,0.24906539192253477,3.9622923854666706e-05
player_6247fc3b1848,Lewin Blum,Defender,17,7.082578266576373,0.00024476864890609094,0.00016819151781454316,0.2579007488259931,9.237029128000738e-08
player_58110250a303,Andi Zeqiri,Forward,12,4.921545213580584,0.000244686526168104,6.443465910622188e-05,0.20925801966943,4.984384920678853e-09
player_3065be3b2b2f,Davide Biraschi,Defender,13,5.870529264003421,0.0002446753869312972,6.282297851616096e-05,0.22726764344033107,9.077275555447142e-09
player_a79ec224e3c3,Anthony Lopes,Goalkeeper,16,8.493350669785281,0.0002444478010143494,0.00026634468252370103,0.21266352694924123,9.574794263501854e-08
player_45ea11d7f9a9,Boubacar Kamara,Midfielder,17,6.703831001727612,0.00024439072424062617,0.0004430722769549032,0.2639475222445931,7.416392942465487e-05
player_04e63b96bdcf,Marlos,Defender,20,6.839364164008446,0.0002443429122661113,0.0004753504652923369,0.26477294937780965,4.804957932364048e-08
player_76debcab070d,Vlad Chiriche?,Defender,11,5.348565185064004,0.000244295389992851,0.0004714029826805815,0.20093943139678616,3.209712554230957e-09
player_42e9e9cd2c58,Merih Demiral,Defender,19,7.023564979041093,0.00024409535180956347,0.00023480777951571819,0.2593656263960687,7.916362514108981e-08
player_bbf4ba49624e,Salva Sevilla,Midfielder,16,6.559126525769848,0.00024400086927210598,0.00013248583089651633,0.24821352226226104,6.0889229199401435e-05
player_01ba18b5df64,Didier Lamkel Zé,Forward,14,4.717190119102823,0.00024377207388020811,0.0004139843727188246,0.2447160835792136,2.732810501783324e-07
player_7a35ca1caaaf,Michele Di Gregorio,Goalkeeper,18,7.487479447191621,0.00024353176195527344,0.002238554074420522,0.25603225603225604,4.3289445994031333e-07
player_303285cac0d0,Martin Hongla,Midfielder,15,5.291287941754759,0.00024343675354887104,0.00011719013287152187,0.2289190559342083,7.879684267547357e-06
player_28f52c3b5719,Florian Niederlechner,Forward,13,5.656983094423858,0.00024336076491679394,0.00013022616499110213,0.2474126384999391,5.7380974560158314e-08
player_831b6aec5271,Adam Armstrong,Forward,14,5.383162092646896,0.0002432954992597187,0.0004558860548044866,0.2552282861269861,2.774770534834121e-07
player_bafff1df7d91,Gilberto,Midfielder,20,7.144875383784089,0.000243132085016374,0.0002571928501990066,0.27095139675978397,0.0014973434473760457
player_3d63fc214744,Maouassa,Defender,8,5.082915600746058,0.00024308673158556288,0.00013229984573773863,0.20601206468292188,1.2935351806316772e-09
player_72d9b8c6778e,Dimitrios Keramitsis,Defender,8,5.082915600746058,0.00024308673158556288,0.00013229984573773863,0.20601206468292188,1.2935351811577765e-09
player_94d31bc3e8b3,Cojocari,Defender,8,5.082915600746058,0.00024308673158556288,0.00013229984573773863,0.20601206468292188,1.2935351822518372e-09
player_8e2fa8438a7b,Tomas Hubocan,Defender,16,6.618308876038411,0.00024305093044512462,0.0003540530888890999,0.2712950600801068,1.373814517542226e-07
player_c022e1365b0f,Daniel Villahermosa,Midfielder,11,4.526878714791059,0.00024300124800918324,0.00028509794217569515,0.23202968883813874,1.441546140212209e-06
player_b160afd65d80,Antonio Sánchez,Midfielder,16,5.718796268335762,0.0002428859963043851,0.00021501527732295408,0.24976952860918197,1.0962864119467004e-05
player_feee148820c1,Flavius Daniliuc,Defender,15,6.281784989918962,0.00024286828236130318,0.00033176351032381614,0.2502154907031154,3.859904826429512e-08
player_5deacff4f8f6,Aebischer,Midfielder,22,5.230485005836814,0.0002427704523451483,0.0017677077652034953,0.2755441046850634,5.917631992762759e-05
player_3fb0bb65e9a1,Yoann Salmier,Defender,14,6.278405521641274,0.00024274665099985438,0.0002624523769453238,0.24212094131665177,1.6860636671653996e-08
player_f65f9d5832a1,Yvann Macon,Defender,15,6.1164501083978156,0.00024271992072061598,0.00019566428680842802,0.2334022513209281,1.818630228003109e-08
player_92c36fee2096,Alexander Bah,Midfielder,21,6.490221540874356,0.0002424988041201315,0.0007292864873034366,0.2770846117133702,0.00010597623165851017
player_7d4ef62de508,Bryan,Midfielder,13,5.240362894070627,0.00024245792721886819,0.00020864949795595453,0.23097470872406933,2.417850406431889e-06
player_57fa75a0cdfc,Gabriel Gudmundsson,Defender,19,6.655097657726543,0.00024211078617100533,0.0008089402047733087,0.27365160595246113,3.4420750306715905e-07
player_c11845c9a05c,Tiago,Midfielder,24,6.033433494122832,0.0002418863112571703,0.0012716725453052304,0.2948345908299478,6.321131996694248e-05
player_380299e83f88,Marvin Plattenhardt,Defender,15,6.446020249701644,0.0002418487979554964,0.00010593300915158775,0.2441720740206681,4.110645232000378e-08
player_4e960b865ef8,Eduardo Salvio,Defender,20,6.777510917115654,0.00024173765203591528,0.0003573143783031043,0.2685699180544541,1.5767378734461735e-07
player_498e68f6fca2,Jens Cajuste,Midfielder,17,5.481402675301762,0.00024172627616947896,0.0005138291590809587,0.2538730634682659,2.717533589654235e-05
player_666efd6d6f40,Jean-Kevin Duverne,Defender,17,6.848468848074799,0.0002412592487260924,9.305005003900817e-05,0.2502154907031154,5.972371802063843e-08
player_a794093a5709,Jordan Teze,Defender,17,10.977288721230346,0.00024119429901385035,0.001390954345968096,0.27140376652864967,3.495544496136081e-07
player_37efc82d5e6b,Florian Sotoca,Forward,14,5.781805949771564,0.0002411387846267243,0.0001477037312974843,0.25347720326825923,3.4241130613220096e-07
player_f39afa105acb,Vyacheslav Shevchuk,Midfielder,20,6.439264556650353,0.0002409860518433292,0.0005470428975117513,0.2721307084505156,6.499343104555833e-05
player_3b2dca0ee47e,Cedric Gondo,Forward,14,4.838977433669737,0.0002408859009488837,0.00014124201347754092,0.230529241590561,2.5998409132390188e-08
player_736a63c27b62,Wilfredo Caballero,Defender,20,5.956228207815229,0.00024078112246304375,0.006680155565449715,0.2686409307244844,1.299607681267949e-07
player_1dcb0278eb3e,Cody Drameh,Defender,16,6.150045959775023,0.00024065428277007426,0.00011094268536727202,0.24449524726266395,3.165797042760404e-08
player_292fc28cee82,Darian Males,Forward,16,4.3815105979213635,0.00024057912544182881,0.0003817551131405992,0.2566790879807996,2.689518070216306e-07
player_c648fc704071,Ignacio Pussetto,Forward,13,5.221360443272965,0.0002405743273197239,4.572666062124664e-05,0.22875154790048408,4.213724925888892e-08
player_043a95f28d78,Danijel Petkovi?,Goalkeeper,12,7.239290106526745,0.00024055004110243826,0.00026013702510520466,0.21302023272879758,4.0049008986633255e-07
player_1ccfca17bef8,George Bello,Defender,13,5.526047347789837,0.00024050215732395028,0.0002520868550061144,0.25164086687306503,9.813196628425175e-08
player_0e793d0901e9,Nuno Santos,Forward,19,4.937942580556669,0.00024039161906804586,0.000999074532253067,0.27136752136752135,1.5891990935268227e-07
player_58308b8fd7c3,Zidan Sertdemir,Midfielder,13,3.9991813888698498,0.00024005171621622134,0.00025507402177237746,0.22931948989955986,3.945108132823535e-07
player_76eb0e1c8882,Tomás Vaclík,Goalkeeper,17,7.762564366987371,0.0002398962208336901,0.0030249838256592356,0.23433085394683734,1.7271471181292553e-07
player_7481ac55092a,Matz Sels,Goalkeeper,18,8.253355846109752,0.00023981485612820956,0.0004367820159401576,0.2272422276895549,1.00409093566622e-07
player_9c887f66cd1b,Iñaki Williams,Forward,13,5.28249968911311,0.00023928799065330567,0.00020279092656553887,0.24733735013085023,3.1201104044714167e-07
player_4a4cf7ec7ad7,Aymen Abdennour,Defender,16,7.436471251313127,0.00023924355246120158,6.549909865462884e-05,0.24487828392383706,5.756408009833461e-08
player_68a71e04327f,Bartosz Bereszy?ski,Defender,11,5.7666839527132385,0.00023923007357924111,1.0558334578078272e-05,0.18889147106669765,7.175436390424512e-10
player_3393a09e8f5d,Aymen Sliti,Goalkeeper,12,8.412501470197244,0.00023921284736900384,2.9607220154131832e-05,0.21155648099947943,6.590380069325104e-08
player_049f6d5c9c17,Gleison Bremer,Defender,18,6.625830355846232,0.0002390519018561577,0.000373641230948525,0.26348547717842324,7.342226221322341e-08
player_9477b87248ca,Johaneko Louisjean,Defender,13,5.148734490418401,0.00023901241125601908,0.0006298043802551616,0.22467934542237947,1.422165902254594e-08
player_19e3230f30df,Eile,Defender,8,4.971213941784282,0.00023900635833033702,1.271799860852983e-07,0.17622826416894324,3.496071216415103e-10
player_77e29e705670,Lion Semi?,Defender,8,4.971213941784282,0.00023900635833033702,1.271799860852983e-07,0.17622826416894324,3.496071211698122e-10
player_f116a5d23233,Jonathan Schmid,Midfielder,14,5.437129644657726,0.00023899650392157905,0.00011465260902177579,0.23158014701692403,1.6483962943536783e-05
player_c38a8e00dfd2,Jesús Owono,Goalkeeper,11,7.0358015485270755,0.00023897706501515892,4.410113914308786e-05,0.18275024732439968,2.7485482490124264e-09
player_c6f80c03ab85,Hwang Hee-chan,Forward,14,5.449823163167426,0.00023890993483858936,0.0002598199035686882,0.25058576889875445,5.2721298002175474e-08
player_24565b09e884,Sulejmani,Midfielder,11,5.824261096386689,0.00023879340401460593,6.699120224769645e-05,0.22154382904491932,1.6681989904949359e-06
player_bb418171db3b,Daniele Padelli,Goalkeeper,12,9.070466506294329,0.00023877485025256128,0.00022090467246634217,0.2293453724604966,2.081910857910077e-07
player_8e3f8df57903,Tyronne Ebuehi,Defender,14,5.410593259526757,0.00023853425527998266,5.875926245441706e-05,0.22999434069043576,8.864105891855091e-09
player_3abdf1104dac,Amath,Midfielder,14,5.3161216139250245,0.00023842456260322233,0.00012517642996494107,0.23384544565279936,2.167110445799299e-05
player_08952eaddcd4,Ivan Nevistić,Goalkeeper,12,9.051000949448756,0.00023828222575733243,0.00022090467246634217,0.2293453724604966,2.0460107624866265e-07
player_0f8ace4a2e69,Ilan Kebbal,Midfielder,14,5.61988304508265,0.00023825512794987836,0.00014529595239688435,0.23146144207768538,6.22397433539278e-05
player_04a991779ce1,Willy Boly,Defender,15,6.02283265347809,0.00023824655609340267,0.0001465268956572284,0.259946270947934,2.1536604606559868e-07
player_e3bff0bd1030,Mike van der Hoorn,Defender,12,3.758520850460987,0.00023813923695260102,0.00013512624018920626,0.22556474440805904,2.2694139986659545e-09
player_e5cd36c227ab,Luca Gemello,Goalkeeper,10,7.076179372914413,0.0002380892459980532,1.3050735324285238e-06,0.1822258093444534,2.617185068794924e-09
player_ca776784a53b,Banzouzi Locko,Defender,13,5.770806728892703,0.00023806672574514434,0.00012620956548324032,0.22707716377046433,6.234741424867224e-09
player_eb0f5bc9c62d,Ximo Navarro,Defender,15,5.633637887703373,0.00023806513300207542,0.0005166549191120089,0.25091066246835836,1.9842639369376518e-08
player_69a00eda0e39,Jérémy Morel,Defender,19,7.5799919456512495,0.00023799933970353797,0.00012006545614474946,0.26135048231511254,1.4161845352638867e-07
player_270f1ed9b6ba,Luciano Vietto,Forward,15,5.895604344476076,0.00023799437811954303,3.329688853108672e-05,0.25335078860420174,3.4768056032376e-07
player_952036fac772,Carlos Gruezo,Midfielder,16,5.505933122928034,0.0002379513767196075,0.0006925630777430662,0.2525478498632861,2.3231130836784778e-05
player_cad266bfec61,Mohamed Fares,Midfielder,19,6.60837888503886,0.00023790691696475605,0.00020741794700435603,0.26458333333333334,0.00019537285991830648
player_5b54ad50e5c4,Adrian Grbi?,Forward,12,4.436308555417452,0.0002378990813269102,6.191545544270665e-05,0.21173283317703448,3.928019184949822e-09
player_f8a0cbe3285a,Marvin Schwäbe,Goalkeeper,15,7.675312190030845,0.0002378891607314492,0.00030403853498806293,0.24255446135481945,9.953732756266307e-07
player_ee79f1544093,Jamal Lewis,Defender,12,4.792668645451738,0.00023787912895656204,6.92892984243496e-05,0.22297816306375506,3.787848052077963e-09
player_f2d79d9f33d9,Fraser Hornby,Forward,12,4.114941061955818,0.00023780350903690792,0.00010352674366719118,0.2070406031891589,6.408634136851171e-09
player_16dae92cce06,Gideon Jung,Midfielder,15,5.362504553203532,0.00023773218767952214,0.00047851122015698074,0.25317717418390234,4.2249848962070885e-05
player_6008ac8f2564,Adel Taarabt,Forward,21,5.030491867367903,0.00023772784448658976,0.0018024323970776662,0.29498439428032225,3.0192479528182124e-06
player_f66c067ae1cd,Oghenekaro Etebo,Midfielder,13,4.873532377744062,0.00023770522235523313,0.00018133720425924174,0.234533702677747,5.497106773461501e-06
player_4fcaabfb7b73,Sidney Raebiger,Midfielder,10,5.457000518422238,0.00023763788427833213,0.0001495017685782711,0.2092472453918237,3.8348476970191275e-06
player_bff916c5d3e9,Fisnik Asllani,Forward,11,4.444396876609224,0.00023755189505312346,8.714976044360436e-05,0.19465466040808507,1.8391213693187116e-09
player_0a8911b92dd7,Christopher Nkunku,Midfielder,20,6.8260616067427735,0.0002374213467467285,0.0002063538558673398,0.27225832384270116,0.00014823299199283717
player_f0a0be3f9aa7,Mika Biereth,Forward,17,5.154791860049392,0.00023718045881467386,0.00047646021533455,0.25744330419358924,3.886069407352695e-07
player_683e6ce2c3a5,Rugani,Defender,19,7.264478744216618,0.0002371526944759279,0.00024674421011789446,0.2648764909079059,9.76291148070095e-08
player_6238df79b861,Florian Wirtz,Midfielder,21,7.405618649527343,0.00023714916759264948,8.113907852571785e-05,0.27518959913326113,0.0012092999128726768
player_b7d9b246626e,Redwan Bourles,Midfielder,12,4.102087713305393,0.00023702111539817736,0.0007081626340719471,0.22895774647887324,1.4312124987571407e-06
player_37c01cd81915,Marco Höger,Midfielder,21,6.311487101330479,0.00023681187173204597,0.0003134346919778485,0.27850877192982454,9.64669969766175e-05
player_0cd091b853de,Pavel Kade?ábek,Defender,12,5.853362589648904,0.0002366917349791822,0.0002777250131868713,0.23016367446338562,7.360280321280836e-09
player_03284959d14d,Tyler Morton,Midfielder,18,11.554152651075016,0.0002366444222036695,0.0027846544892499497,0.2610650735530288,0.08381695504203371
player_81eb109ea31b,Çaðlar Söyüncü,Defender,11,5.238893868661008,0.00023662053539711428,0.0003910998511410386,0.19981316682236097,3.2363980648691794e-09
player_a0139180d52e,Simon Kjaer,Defender,22,7.195831094075195,0.00023662031286200328,0.0001466127489098651,0.2719122173156697,1.43734522511976e-07
player_fef11b276dc9,Paul Jaeckel,Defender,12,5.869219842474175,0.00023661397142188195,6.867070366335822e-05,0.22922894692312032,1.0599885626385606e-08
player_8ee072201a82,Yohan Cabaye,Midfielder,19,6.155182727497303,0.0002365199992347293,0.00018615687764915963,0.26784419692875505,9.090463144173994e-05
player_25167823fe09,Maxime Gonalons,Midfielder,21,7.123675875651281,0.00023647883934029625,0.0028200175139322663,0.2874115983026874,0.00011649041249859377
player_efba2e5e3ccd,Jesús Gámez,Defender,22,6.692291860928368,0.00023642136739576906,0.0010092948258654676,0.29005781171936335,5.512107882973012e-07
player_a62e4719da77,Federico Gatti,Defender,16,6.68762588908008,0.0002364048095266477,8.146246851272724e-05,0.24186157233827293,3.525054700188541e-08
player_515a33072e3d,Néstor Araujo,Defender,13,6.456323926053605,0.00023634965862998644,0.00010815513282178044,0.2604126617967448,1.4515149396186157e-07
player_b91e289e985a,Jadson,Goalkeeper,13,8.533893613722544,0.0002363098224877551,2.6767187493431357e-05,0.20569924583691857,4.529846039201251e-08
player_86436cf65227,Lihadji,Forward,12,4.8404573014271195,0.00023619456537571977,0.0001924869886048995,0.21526563906986598,6.386738897040139e-09
player_7cb468dc127c,Mikel Arteta,Forward,26,5.579428303033782,0.00023610656225645638,0.004059531071728958,0.3058858949269908,1.1833857613348061e-05
player_2fc216919e8b,Tochi Chukwuani,Midfielder,15,6.520976773416394,0.00023610444970274615,5.631942648713509e-05,0.2538730634682659,6.166856369411353e-05
player_33d5f0928898,Nahitan Nández,Midfielder,13,5.5837655623406,0.00023608321153543695,0.0003742899725722664,0.2501076989353191,1.115944853797079e-05
player_eb81edcdfff5,Zeki Amdouni,Forward,16,4.17680824358835,0.0002360801134030464,0.0005811775948436469,0.24545509452195446,9.066517122717748e-08
player_fd494c43d413,Tommaso De Nipoti,Forward,11,3.945775495180235,0.00023590988732191044,0.00028533425297905626,0.2141991250724714,3.116108520836734e-09
player_3dd7cc4a97d5,Amos Pieper,Defender,13,6.253128496656291,0.00023590484090250295,0.0002984666070513558,0.2595975726604919,1.4616495892727388e-07
player_91d0ef17ed14,Nikola Maksimovic,Defender,19,6.941805653959735,0.00023587917151343893,0.0001667509327813249,0.24433355377863283,5.1687843186937695e-08
player_0c43d21b3307,T. Hazard,Midfielder,14,5.492803351583094,0.00023582182961592814,7.084420102268544e-05,0.23757745820180054,3.270695247129592e-05
player_73cd1c22e90c,Lewis Bate,Midfielder,15,5.893246387677941,0.00023576106025188702,0.0004883314885387429,0.2635367356202581,0.0015072399159245073
player_3880942c93f1,Walter Samuel,Forward,21,5.4496798289661,0.00023569390823797691,0.0007622011925429137,0.2848930949877322,6.861532944954517e-07
player_a8ac70db7b9d,Franco Israel,Goalkeeper,12,8.63516334068205,0.00023549737126123441,2.3083582098231327e-05,0.22511493934526117,8.231275685939567e-07
player_48c380fc75fb,Kasper Dolberg,Forward,19,5.5279487303262655,0.00023548021402213518,0.0004258696596408542,0.26828624240823873,2.211196812261995e-07
player_1b213c86f3c3,Dário Essugo,Midfielder,13,4.120692086066146,0.0002353653381022212,0.0006905869754623476,0.2556135606012957,2.17331182530067e-06
player_b0c3f89be71f,Luis Hartwig,Forward,9,4.608652446038114,0.00023527449441047136,1.438272796250336e-06,0.22496540271242735,1.8116177250002656e-08
player_67d7987f2f13,Gabriele Zappa,Defender,15,5.477314021880593,0.00023484353939082352,0.0001299315077002964,0.23676085056801632,1.4378392132796607e-08
player_da7a2564d1c9,Alfred Gomis,Goalkeeper,13,7.967832922491126,0.0002346509274882817,0.00013180482449996124,0.24667678300455234,8.381806621704234e-07
player_5c25737fe515,João Simões,Midfielder,16,12.059636899137061,0.00023462809762554373,0.00035687110409711985,0.23900258762644083,0.08558061497143543
player_37be4f4a1461,Fernando Niño,Forward,12,4.582812619550712,0.0002343426416814469,7.174261572334264e-05,0.22533961741059053,2.2367819218520793e-08
player_0fcc4dd23d4e,Iván Balliu,Defender,17,6.35905682750395,0.0002342840371775284,0.00010294852172146539,0.26569037656903766,2.438899043881896e-07
player_0c44b663483f,Ronaldo Vieira,Midfielder,12,5.019254473399509,0.0002342744637083248,9.614583152787564e-05,0.23357664233576642,5.86479476859288e-06
player_a461573662f8,Matt Miazga,Defender,15,6.153443896002254,0.0002342251285911246,0.00021433653764760184,0.2516720336883825,1.363883437995814e-07
player_0b9d7d7773b1,Mattia Bani,Defender,13,5.782200697801371,0.00023418633945868143,0.0005558810980096657,0.25490811014238224,1.1714155238686157e-07
player_3144e42bde72,Lewis Ferguson,Midfielder,10,4.117823668632453,0.00023413687945815503,5.530912370544671e-05,0.20277417423410837,1.8642785077098976e-07
player_7dc6c2fc3bfa,Christoph Kramer,Midfielder,18,6.809023339653975,0.00023395272535942769,0.0002510801177220216,0.26819771662377084,0.0013965286544153476
player_d5b5b09afad7,Gabriel Veiga,Midfielder,12,4.9264495251015825,0.00023392375699309774,0.0001416020762289278,0.24284433821332538,1.0130652034693119e-05
player_f11cb03374df,Andriyevskiy,Midfielder,13,5.334780163617728,0.00023383787959538378,6.44673944757529e-05,0.24102959492319553,8.672081419993912e-06
player_b5f5cbb84c72,Thuler,Defender,12,5.20863735134714,0.00023378823047324917,0.0005522418732303504,0.24690157958687728,9.532755055680576e-08
player_bc9fc1d416b9,Eiji Kawashima,Goalkeeper,12,8.487964227442708,0.00023378374279295726,4.908338681237083e-05,0.20789850624104766,1.0980768017404536e-07
player_a1ef81eb2122,Luca Zuffi,Forward,20,5.255439274695158,0.00023376458069131084,0.001866027878915258,0.2799669330394048,3.997436194613398e-06
player_5d4fa7fcb7fd,Carlos Clerc,Defender,12,5.700075745019024,0.00023370893972207577,4.4330489790972744e-05,0.22474146988884589,6.206202743526233e-09
player_d82792e2983a,Dimitris Giannoulis,Defender,15,5.876525821231482,0.00023370661372790506,0.0002489926810284444,0.24243870428920838,2.817144107137798e-08
player_3080e56fd055,Kepa,Goalkeeper,11,8.091812135289112,0.00023364789754884197,1.9484270595010336e-05,0.19058338022885013,4.703166744453898e-08
player_185a7c156d69,Joël Drommel,Goalkeeper,11,8.417335377949723,0.00023351322653182728,1.5102751876218028e-05,0.1937544696066746,6.74780370754316e-08
player_3cfe0c94d2c9,Luis Binks,Defender,13,5.436405105846429,0.00023350518637813984,3.708158631221094e-05,0.21675822710544562,4.207750082369143e-09
player_56d2420d3add,Marcelo Oliveira,Goalkeeper,13,8.747382318404469,0.00023347092921958642,5.269249277092516e-05,0.20851718830169316,7.303198837104233e-08
player_97fbfa0225d6,Djamel Mesbah,Midfielder,16,5.52975028220937,0.00023335875996688578,0.000198531992119391,0.2547642928786359,3.216549863367478e-05
player_feac6e243c30,Angelo Fulgini,Midfielder,14,6.586280244835558,0.0002331967672651904,0.0001060253262167842,0.25140736158366844,6.979966153716692e-05
player_77d011803166,Chancel Mbemba,Defender,19,5.305397113330174,0.0002330708591712166,0.003948947765561318,0.2783371001986165,2.7771384634815917e-07
player_8f185963fabd,Filippo Bandinelli,Midfielder,15,5.743489163176439,0.0002329979097428826,0.00029565708226642046,0.24117263070440922,3.993093379991227e-05
player_1f59207444e4,Jaden Philogene Bidace,Forward,10,4.8995504739503515,0.00023282978769201848,2.4868325998929725e-05,0.21378221988427143,5.388855366808411e-09
player_ddc595d072d4,Karl Toko Ekambi,Forward,16,5.924926342553466,0.00023264592566648118,3.2908446204577055e-05,0.2563552639878887,2.9521513324685017e-07
player_20e6a1773c59,Charles Boli,Midfielder,12,3.9037471108924544,0.0002324597653035713,5.1429298029674024e-05,0.2286485878249128,6.602179208561224e-07
player_e99c30b072b4,Sebastian Giovinco,Forward,13,4.102460272405943,0.00023230364788746227,0.00022412753723335312,0.24687158303972787,2.3502312483423497e-07
player_4fd2a07bee77,Mickael Malsa,Midfielder,15,5.694978428003691,0.00023214401671640486,0.00016707188569151698,0.25286212045793927,1.8913649771067043e-05
player_9c5ddd541077,Jonas,Forward,18,4.936701792200358,0.0002320626198769217,0.0002143225179068687,0.2665092792970031,2.454484301919743e-07
player_899de16c3fb9,Álex Fernández,Midfielder,14,6.238230296278067,0.0002320122682710486,5.311865449038144e-05,0.23869376248091154,5.911302302132572e-05
player_3e88f18a1402,Iván Marcone,Midfielder,12,5.113745894709168,0.00023196236185419155,6.0432678562460466e-05,0.23435788016838707,5.617167289743998e-06
player_c380109125be,Saman Ghoddos,Midfielder,14,4.724378000277585,0.00023192937403610235,8.349858254171924e-05,0.2162507316554036,1.4836527902979084e-05
player_31f166f5603f,Hiroki Ito,Defender,15,6.589412992210393,0.00023187087391375854,0.00022876643584869203,0.258557068329304,1.5036773685875473e-07
player_4020e6242d61,Oussama Idrissi,Midfielder,14,5.563086548514806,0.0002317167962292453,0.0003796176053760074,0.2561129316864129,2.0135687353845532e-05
player_ecd671ac91f2,Bjarki Bjarkason,Midfielder,8,3.830831753184384,0.00023167507726401862,1.919724930230045e-05,0.1851396291740695,4.687317397814478e-08
player_ff21450591e8,Federico Bonazzoli,Forward,12,4.868498547427087,0.00023163748083487783,0.0002044704171653152,0.24402545934910533,2.0373453190374388e-07
player_6fdca0de9517,Oliver Baumann,Goalkeeper,13,7.590741602502095,0.00023161035787840715,2.5669455867173614e-05,0.2414018414018414,9.161475510580797e-07
player_49b53929d414,Hicham Boudaoui,Midfielder,16,6.093481192304578,0.00023153549400917254,0.0003992418149267972,0.2540793998124414,2.3494713035029613e-05
player_bcb4c27c5c41,Caleb Ekuban,Forward,12,4.518139270671264,0.0002314730287907639,3.45731519063413e-05,0.21924902891670264,1.0599813008100392e-08
player_7024d898f52f,Guglielmo Vicario,Goalkeeper,13,7.836876685141247,0.00023140830507329064,0.00015143023709782735,0.24631795866416145,8.25167569680389e-07
player_4bd1bb6ab061,Pietro Terracciano,Goalkeeper,13,7.2467559418894085,0.00023087244419079718,0.00017750741804057403,0.24072977135410498,1.0063398593515804e-06
player_11846c32cf96,Jorge Miramón,Defender,13,6.1888337838740455,0.00023083993230917262,6.411581194077132e-05,0.23514436151131168,2.522453547351248e-08
player_ecea8629c43d,Danny Ings,Forward,13,5.247323235776354,0.0002307291755946829,0.00012591868234469714,0.24860830733467915,1.662633109741658e-07
player_214b848f0567,Adam Marui?,Defender,9,5.097526368101647,0.00023069550122734844,1.5876088167415708e-06,0.18038171327119396,2.4744783964469326e-10
player_76254239879f,Hulk,Midfielder,21,6.303836685437934,0.0002306809402720662,0.0011433060103337573,0.29573570077135786,8.894692438242402e-05
player_106783eb7835,Bryan Gil,Midfielder,15,6.274093521117144,0.00023054377322175013,6.487004153790579e-05,0.25193726365383423,5.976970667673637e-05
player_709f5e1c5dc5,Yohann Magnin,Midfielder,13,5.577194142887786,0.00023040592742616322,0.00016258505305252632,0.23844168035672378,3.7480766133423595e-05
player_7d8bc5f1a8d3,Taylor,Midfielder,20,5.210425235821778,0.0002304030775050912,0.001016867406503276,0.26745640013162225,4.163001970064655e-05
player_982873073997,Clément Chantôme,Midfielder,16,6.548321762817693,0.0002303393711243985,0.0001363801380392753,0.26484196806777455,0.00013561572552066108
player_d16d377af76c,Jordán,Midfielder,19,6.225616666993882,0.000230146379589783,0.0015612463121427063,0.28617702978663473,5.79303087406194e-05
player_90d815852cc7,Abubakari,Forward,14,4.371150085848791,0.00023007248337183822,0.00014480999594027266,0.2449963829274174,1.0139539266072736e-07
player_ab43d331e482,Léo Leroy,Midfielder,14,4.678754661978003,0.00023006562058856082,0.00010319696805632325,0.2237269474263694,4.5152850208708636e-05
player_ccd010ac777f,Luka Stojković,Forward,14,4.460611862411157,0.00023005515409161518,0.00012466446160925803,0.2519997519687481,5.362468470749132e-07
player_ef0371c8d071,Ismaël Gharbi,Midfielder,11,5.054920905495523,0.00022997099015296328,9.581104694428988e-05,0.2119205298013245,3.387865828803807e-06
player_6d1bd0cbca73,Eddie Salcedo,Forward,12,4.31846604743356,0.00022990223934405492,0.00011381083029457837,0.2231005709266579,1.1573407191898058e-08
player_0a56d4c14914,Ciprian Tatarusanu,Goalkeeper,14,8.412033162527234,0.00022987323674046207,0.00028990069668521483,0.22752211398499608,3.272895143164287e-07
player_20cd26cedc97,D. Navarro,Goalkeeper,11,8.094776083535454,0.00022985876423494474,8.599139859010787e-05,0.21163359891683592,6.690125176866074e-08
player_e3bead5d399b,Lorenzo Venuti,Defender,13,6.259589825724785,0.0002297330631103847,0.00022031254207240786,0.26026256804354786,1.354539713780316e-07
player_647a682f6ada,Nick Proschwitz,Forward,12,3.5386797823358602,0.00022946672138528316,0.00027405581746071326,0.2299162706494682,5.946674026429526e-09
player_22a0b7eefd1c,Gabriel Paulista,Defender,17,5.275296423368889,0.0002294396192785688,0.0012361463174350336,0.27560016275600163,1.643637752222146e-07
player_38b848671a92,Noah Okafor,Forward,22,5.143573040165033,0.00022931266823365145,0.004826149425456277,0.2996608169886447,8.896824667224978e-06
player_111863e21b45,Renaud Emond,Forward,13,4.001378380403604,0.00022930416452259772,0.00019314618510842877,0.22759856630824374,9.835022565528079e-09
player_db4dfddc58fb,Samuel Koeberlé,Midfielder,8,5.494442469572777,0.00022922406838197682,1.4557187434043463e-07,0.207717863531817,6.5421508463991715e-06
player_62d0614a655f,Bafodé Diakité,Defender,17,6.495585984257699,0.00022921778713186458,0.00012296172324162584,0.24732229795520935,4.932811469638066e-08
player_32bd50503f28,Mattia Viti,Defender,12,4.871064708761171,0.00022919292544472302,3.823212623924189e-05,0.22160423141937946,5.511430239065806e-09
player_180bb428f293,Diogo Gonçalves,Forward,19,5.001150834218107,0.0002291899280883787,0.0013134482150317496,0.27723582781908723,1.886404191304355e-06
player_4b98f96e09cf,Armando Broja,Forward,12,4.951149157211863,0.00022916722499395707,3.907494271501514e-05,0.22378854625550662,2.525766216593695e-08
player_8d9bc30019a7,Gonçalo Inacio,Midfielder,18,5.850639782765181,0.00022901679668086209,0.00037772353312992335,0.2697643544639894,5.0054580577681e-05
player_529db1f8cca5,Álvaro Carreras,Midfielder,18,6.880404062673252,0.00022889372318461867,9.826523038769904e-05,0.25857351911942483,0.0017723714108826573
player_8f4d17e76160,Reece Oxford,Defender,14,6.5590262813805715,0.00022879925089463766,4.3245778332326734e-05,0.23785555425494556,3.6016307580322235e-08
player_de084ce71d88,Oxlade-Chamberlain,Midfielder,18,6.120709205555,0.00022867916080524984,0.00015560434687280966,0.25953125997828724,0.0012501224480875584
player_de8291073b15,Asier Illarramendi,Midfielder,18,5.505306206773605,0.0002286183246285175,0.0009421179205695717,0.26574249656705684,7.529718929622867e-05
player_02b078571f40,Senny Mayulu,Midfielder,10,3.9253564704849837,0.00022856417216594532,0.0001248823617164145,0.20169735470742964,1.6561000140132478e-07
player_e6185335cc99,Raphinha,Midfielder,23,6.533783997802722,0.0002284928953388873,0.003462664915439826,0.2952415546676353,0.00019689952737782628
player_c66a5915ec86,Chemsdine Talbi,Midfielder,20,5.843520687953857,0.0002284724565600432,0.000390024995473503,0.26756205148462703,6.335852563145508e-05
player_ef1d5d9e224e,Moussa Niakhate,Defender,13,5.442581426035512,0.00022845852077639563,9.717168558683688e-05,0.2408581757837966,1.910651542609612e-08
player_7d5215fdb95a,Leandro Cabrera,Defender,14,6.401550308964816,0.00022839696411081192,8.653546714695949e-05,0.23700938939756225,2.157847915072982e-08
player_b75cca252544,Yekta Kurtulus,Forward,14,4.624155998761704,0.00022837220222546,9.030919974522542e-05,0.24533655297313614,1.978043792630615e-07
player_63a93789b056,Callum McGregor,Defender,17,7.355997353872261,0.00022829691040186223,0.00011241113543916396,0.2621766337655635,1.2852407440785838e-07
player_0bfa155a3251,Javier Zanetti,Midfielder,23,6.270691751605934,0.00022810644980233836,0.002614469965085655,0.301416598679819,0.00011137398349762715
player_dda36e3a5eb7,Sean Longstaff,Midfielder,14,5.497917221406152,0.00022808597270335492,0.0001532565146160126,0.23972158320061346,1.575701383890714e-05
player_4296d3efdf4a,Rico Lewis,Defender,19,5.533541934021108,0.00022803364720676064,0.0007918756797778066,0.27324682310226583,1.411005270052523e-07
player_d223c22ec31f,Iván Fresneda,Defender,17,10.634111379773769,0.0002280286506957035,0.0039814995187772845,0.28306749320888763,9.086224666119838e-07
player_d5c5c79cc40a,Jens Grahl,Goalkeeper,11,7.9801126599877445,0.00022797645377665431,7.878864643418989e-05,0.2071355759429154,3.996409633888415e-07
player_e5463bfdc80e,Boubakary Soumaré,Midfielder,13,5.181669940007983,0.000227914273457948,7.446199011173867e-05,0.22504014618749654,5.92969505434617e-06
player_90dd344d913c,Luca Vignali,Defender,14,6.180795833624345,0.00022791272549391143,8.431243518414545e-05,0.2451145958986731,2.9741308604459642e-08
player_442492284959,Cristhian Mosquera,Defender,14,5.048418187022548,0.0002277041339048637,0.00016799159560561746,0.23575820860888735,1.2457527459534802e-08
player_fb3de00be277,Jason Steele,Goalkeeper,11,8.139878142914595,0.00022762794585213644,9.091886312402901e-05,0.20644112567306716,8.930401718570117e-08
player_6d10471f4525,Iddrisu Baba,Midfielder,13,5.594140383140239,0.00022759280896340355,9.592418392200527e-05,0.2374802781511132,2.4425146453539428e-05
player_1be672f41493,Andrea Carboni,Defender,12,5.772354735069795,0.0002275719911299632,0.00010520832108265291,0.2284557872842768,9.835500571480234e-09
player_2be4f59babfd,Arkadiusz Milik,Forward,14,5.463523066034939,0.0002274616947547022,0.00013900734040105835,0.2640504190760834,2.423690003768544e-07
player_f602f4f37f1b,Moussa Sissoko,Midfielder,17,6.669201289796485,0.0002274323510243762,8.657833214142454e-05,0.25656565656565655,0.00026003399461127616
player_8f56b04987d2,Axel Tuanzebe,Defender,14,5.289571690926256,0.00022737120686662553,0.00041137875766059605,0.2551001192643274,2.1397737167369428e-07
player_660bfa25c066,Mirko Vucinic,Defender,17,6.82951022646606,0.00022733699484671759,0.00015778654037533612,0.2618725433339777,8.173438963990188e-08
player_d6feb3cc28df,Bondar,Defender,18,6.650801599837748,0.00022726009594458316,0.00017297808838089877,0.2552282861269861,5.538448430772965e-08
player_762cba672ac6,Florent Ogier,Defender,14,6.264676604802719,0.00022723131005032623,9.589188467300696e-05,0.24050183453663154,2.966273974997657e-08
player_e84c98a00f88,Iličić,Midfielder,22,6.1481580306461705,0.00022715594715197715,0.000458751709064239,0.2814209542275466,0.0012192775692071688
player_8863ba2eac16,Hwang Ui-jo,Forward,13,5.295272222288676,0.0002270474765262248,9.120749039930201e-05,0.2561936581983231,9.251906648001238e-08
player_6d5c832ef2bf,Riccardo Pinzi,Midfielder,11,3.847936167408595,0.00022694567897200998,0.0011391338199914368,0.21541397222516698,1.4438523474227468e-06
player_1ee6458e47aa,Max Kruse,Forward,18,4.94126685477086,0.00022686996856217682,0.0002631497116173278,0.26089747704949606,1.9258637202036357e-07
player_e5d7c8b1f34f,Tsimikas,Defender,21,6.859880145279993,0.00022677933104353826,0.0001630330343166771,0.2716940767482284,1.427173150240309e-07
player_95daba8ab006,Ayyoub Bouaddi,Midfielder,16,6.040124775745646,0.00022664967351790596,0.0004711702061402849,0.2663171690694626,8.250540295133384e-05
player_06ccd8ba0126,Dulanto,Defender,14,4.606698449661876,0.00022651870549524386,0.0003741946274061166,0.2658815832515538,2.0484636444838915e-07
player_548aabc2547b,Mikel Balenziaga,Defender,13,5.935798603275775,0.00022638533670311115,0.00015183491653748504,0.24434824434824434,6.684680882046694e-08
player_2704ac7308b8,Damir Ceter,Forward,10,3.781528130999581,0.0002263169046187454,0.00013765781936680028,0.20077067483450253,1.3462081689124452e-09
player_0011a97213f9,Tom Lacoux,Midfielder,12,5.0593124174638415,0.00022622799154294369,8.694307027595502e-05,0.23662299854439592,6.20753826031929e-06
player_e09e0a7ce1f1,Jens Odgaard,Midfielder,15,5.749592700173475,0.00022599494104428165,0.00015271428219921034,0.25055487053020964,0.0015428653006512147
player_8e4294448be8,Kouadio Koné,Midfielder,10,5.354102212504268,0.00022580985864482757,1.2868835496377655e-05,0.20285514625137266,3.86413961342587e-07
player_179ab06aa1f6,Jürgen Locadia,Forward,15,4.828232961082472,0.00022574960255813083,0.0004866903683447471,0.25798260648765314,5.866361732383626e-08
player_8ad76ba8f88e,Daniel Podence,Forward,14,5.098730417966992,0.00022572482668256692,0.000571560240200898,0.26802084020312605,5.805670906214805e-07
player_bb60874b4e10,Stuart Dallas,Midfielder,13,5.884206982290088,0.00022570097552628674,0.000572046230717735,0.2624475298676138,3.16292939075872e-05
player_344a24ce36c7,Viktor Claesson,Forward,12,4.158627386050933,0.00022563649781005607,0.0009320004436249952,0.24452466907340553,1.0322882420009972e-08
player_204a1a63e5a4,Isaac Carcelen,Defender,13,5.7660621876455895,0.00022557489226999295,0.00019725320019401983,0.24517374517374518,3.3276610476304046e-08
player_afb6e9570f87,Guindo,Defender,19,4.194374120016809,0.0002253587004814737,0.003319615643999825,0.28739127360158406,1.842674166447821e-06
player_4d223bb15564,José Luis García Vayá,Midfielder,12,5.2443393875772015,0.00022518388555028848,6.282501205095767e-05,0.22321085296863843,7.959535175099969e-06
player_4aa41c7337e6,Giacomo Raspadori,Forward,14,4.588622959597064,0.00022513588281469952,0.00015862905440525643,0.26425645360556604,4.159868035872884e-07
player_3adc3cf09f48,Nicolas Jackson,Forward,13,3.8591868236149205,0.00022507517425466534,0.0002261697172453472,0.22743298449829313,2.034261350094949e-08
player_6977bd4f7158,Ismaël Bennacer,Midfielder,18,6.334848169811254,0.0002247483077804907,0.00014956991327909702,0.27429805615550756,9.380815592898954e-05
player_d12344fedf19,Riccardo Montolivo,Midfielder,15,6.08731289330354,0.00022472828645738187,0.00014350452968215344,0.259946270947934,0.000124604354334912
player_2c867326d116,Antoni Milambo,Defender,19,5.936768946855761,0.00022463127652988765,0.0007599952388422634,0.26832166908754784,1.159937608088504e-07
player_03aeb4894d9d,Jorge Molina,Forward,13,4.992684205366965,0.00022456831268935054,0.00013380131972177874,0.25046222112658695,3.064450227291898e-07
player_56c13d277606,Kim Källström,Forward,20,4.442604263912067,0.00022426005944119448,0.0008018641483575677,0.27442771287730433,5.295800316026114e-07
player_0970af249642,Sepe Elye Wahi,Forward,11,4.421937333211156,0.0002242340573288165,6.377441257129283e-05,0.22153175252112292,7.956012503314932e-09
player_58e10e42c61e,Carlos Akapo,Defender,11,5.575163362453142,0.00022411481650119007,5.572055916709337e-05,0.22024712768263602,7.497303869106647e-09
player_098a1c2d22cf,Doðan Alemdar,Goalkeeper,10,6.339052923426654,0.00022410834870582668,0.00033210802357558193,0.1991375931007448,3.628228417429133e-08
player_1e97a605eb20,Paul Dummett,Defender,16,5.589447566909206,0.00022406746907314507,0.0001260614087125404,0.24551440826436297,2.854597627698655e-08
player_d52a2c735345,Pavao Pervan,Goalkeeper,11,6.0516845805625294,0.00022403304509309958,0.00010486744899544922,0.1793706139382972,3.923240248741147e-09
player_278a94fec91d,Cody Gakpo,Forward,16,5.253392788761039,0.00022400688919669626,0.00012429563594185792,0.2587381422295792,2.5285162428406177e-07
player_26619b00878c,Youri Tielemans,Midfielder,17,7.179672195517826,0.0002239868923341582,1.1281923150611358e-05,0.2543656506227702,0.0002404622558565018
player_5190dfffd04e,Mateo Kova?i?,Midfielder,11,5.270873303334268,0.00022393647714021885,0.0010865012597779476,0.24050183453663154,6.172050983525767e-06
player_ee95ac81eabe,Alberto Perea,Midfielder,13,4.949076647932345,0.00022393327210257235,0.00012977221628198226,0.23126387071074944,4.255904674359211e-05
player_352813d64e60,Dejan Stankovic,Defender,20,6.646177114013188,0.00022386331256223657,0.00014052007163885293,0.27328357205298903,1.3048828246511968e-07
player_b7083569ef44,Luis Abram,Defender,13,5.282809597496378,0.00022356133790658148,0.0005388941591423469,0.25558140997421547,2.027432379760206e-07
player_83d8c36bb448,Ángel Rodríguez,Forward,11,4.491384838487359,0.00022355983178128834,2.4085986982920557e-05,0.21241898390131717,1.0388270238391327e-08
player_5c786022bf3a,Benoît Cheyrou,Midfielder,21,5.542611221568613,0.00022343879724444262,0.0015802846449934711,0.2907842014882656,0.00011148198280093174
player_df7b8aad5b56,Roberto González,Midfielder,13,5.10967054802375,0.00022342935006980835,0.00011246827631620178,0.23257411010644385,0.0013220200539438764
player_923a6aa7b8b6,Dickson Abiama,Forward,10,3.5551446867967416,0.00022329166671364133,0.0001623730633522184,0.20404679419591304,1.6148209717750349e-09
player_294ee91a99f6,Jon Moncayola,Midfielder,13,5.487313433172813,0.00022326846095113465,0.0001457209829206694,0.23301416203199357,4.601278255381555e-05
player_ff551ee79703,Unai Dufur,Defender,14,6.518183820944407,0.00022321401197489553,6.66235135166639e-05,0.24853228962818003,4.8404127930904514e-08
player_0dcd2df7b375,Ryan Babel,Forward,10,4.267680396742556,0.00022317499202058352,0.0003135148343311296,0.25656565656565655,2.8943826139226394e-08
player_9ebbcb926ae7,Mamadou Coulibaly,Midfielder,14,5.21584515351503,0.000223061744167248,4.557365722863043e-05,0.23380508572086067,1.1572890649181245e-05
player_c568c85dfc78,Eddie Nketiah,Forward,13,4.7476154624444575,0.00022302858018917845,0.0003459688566820953,0.2557261515227788,1.928682581009016e-07
player_7a774fb21b9e,Berkay Vardar,Midfielder,12,5.106146860819057,0.0002228384837565938,0.0003331357179959867,0.24203442320290633,3.5775917257185645e-06
player_d2a78db2ce94,R?zvan Marin,Midfielder,10,5.364683840596928,0.00022277660096021442,0.0001397253569295661,0.22855857375850627,1.9544341850262763e-06
player_ec555200b37c,Ramiz Zerrouki,Midfielder,14,6.068302321593989,0.0002227694428789283,0.00015619087941079628,0.26113217246032255,0.0018687859605610807
player_762409413012,Timo Hübers,Defender,13,5.923475516276762,0.0002227206734552444,0.0001324655219917931,0.25551713297705125,2.1107320688610746e-07
player_8547ac8282ea,Francesco Caputo,Forward,13,5.348465246250556,0.00022251369913638144,6.314368554032942e-05,0.2695675245423189,2.478646349361248e-07
player_42a03214901c,Jonas Hofmann,Midfielder,19,6.503784618582008,0.00022251276669027844,6.830708803669143e-05,0.2664393889726611,0.0001817118880567304
player_eee89cb6cc22,Moustapha Mbow,Defender,13,5.59629226277,0.00022234607568837663,0.00010151353825206178,0.23962264150943396,3.491292282191024e-08
player_e1c04b1f38c5,Rubén Rochina,Midfielder,13,4.744458229585964,0.00022233449996261545,0.00014511741059486358,0.2311191992720655,2.3296599046340167e-05
player_0b5197b2f011,Roberto Navarro,Midfielder,16,5.575371601363415,0.00022226284421576314,0.000205045606022025,0.2568413069582254,4.578000601689831e-05
player_dd85e5cc049c,Kelvin Yeboah,Forward,11,3.6715801553646297,0.00022222179608011176,7.37780152600752e-05,0.196016013119182,8.10926687183536e-10
player_4b0aec2b28e6,Max Kilman,Defender,13,6.3511096791030095,0.00022222048244825796,1.934577610750271e-05,0.2358813628185037,3.968211869775755e-08
player_7af62d936b51,Demarai Gray,Midfielder,14,5.8880498233907845,0.00022212777782958465,0.00023303259553374663,0.25361957064403395,0.0016585451098992854
player_21207572b954,Loïc Rémy,Forward,21,5.52250198428534,0.00022209773277542832,0.0010885679904905476,0.2896237172177879,3.3897807915926745e-07
player_a1623f37a6ad,Kike Barja,Midfielder,13,5.143102325134141,0.00022205467943169085,9.071049606881878e-05,0.23272060928820937,9.933448943936898e-06
player_387b3371ae56,Bobby Clark,Midfielder,14,5.780264793664454,0.00022205231516421724,0.00010003284340869246,0.2581136868847253,5.0465849155685294e-05
player_09c6205d9a51,Sekou Mara,Forward,12,4.498068258579514,0.00022200188534587947,5.298280962977292e-05,0.2264066852367688,4.1700419856937774e-08
player_b36d7acc0986,Alassane Sidibe,Midfielder,10,3.9919514354254066,0.00022189033155261024,0.00011713095877709707,0.21545965433146008,1.4925718544864522e-06
player_0f6f115f4248,Allan Saint-Maximin,Forward,12,5.083749055685971,0.0002218218305585512,2.7717302808976426e-05,0.23161974239142824,5.966935365632783e-08
player_4d283b87d86f,Romain Salin,Goalkeeper,11,7.975570036013475,0.0002217742256885394,4.490759742247678e-05,0.2077497188426541,1.0311932664718891e-07
player_3bdd564d6dfc,Martin Satriano,Forward,11,4.179394895341707,0.00022177013985661429,0.0003939141231611199,0.2341688274272544,1.9854172880739444e-08
player_17e470b775b9,Francesco Di Tacchio,Midfielder,12,5.425660586162227,0.00022170748409271925,0.00016355543119599893,0.2377025209101012,3.257687271613352e-05
player_b784f23349e5,Nicolás Capaldo,Forward,18,4.649559879232225,0.00022166918780422434,0.0014226833989164796,0.27810853349757064,1.1832096077345889e-06
player_6b46d980e451,Myrto Uzuni,Midfielder,13,5.082845191565467,0.0002216251299083889,6.172516459473995e-05,0.23127703164124744,3.60925136001503e-05
player_ec6e3ced93ba,Batshuayi,Forward,16,4.3563705211095325,0.00022147311706979908,0.00012897782281140306,0.2572477528801114,4.288951513966379e-07
player_ae2845b6d530,Yvan Neyou,Midfielder,14,4.510327594879706,0.00022142115864170808,0.0003493258737184115,0.24654210143169134,5.467001351060587e-06
player_ee2ecef60ab5,Pedro Chirivella,Midfielder,13,5.621495704309427,0.0002212001895004742,0.00019154599931567467,0.23529411764705882,4.263530978575416e-05
player_bb2deb8f9cbd,Rolando Mandragora,Midfielder,15,5.211955943518822,0.00022104378681498733,0.00011264692610142938,0.2503079576250308,2.1650252320179695e-05
player_641d11195fd4,Toby Alderweireld,Defender,17,7.302545709255117,0.00022055960131099338,5.295787807116868e-05,0.25179677819083024,6.5581042386263e-08
player_f03e303e4b61,Jonas Wind,Forward,13,4.896274142674671,0.00022041784346104218,7.743597734323621e-05,0.24387902064330294,4.070091900712449e-08
player_129e1eb7b1db,Sučić,Midfielder,19,5.947516490798839,0.0002203619425890893,0.0002521940572419278,0.2652914681114955,0.0010268929524714094
player_eaeb293a1420,Corentin Tolisso,Midfielder,18,6.82770625457433,0.00022031918918138295,7.14148352649488e-05,0.264497233973316,0.0003779731587401125
player_c449fbdea3d9,Rafa? Gikiewicz,Goalkeeper,10,6.815866170442176,0.00022029216515534304,0.00013424362736578205,0.20747396365121504,5.3237457711060395e-08
player_67389b1b1dcf,Lars Stindl,Midfielder,18,6.0807703673546305,0.00022028225237380228,0.0003364576623365572,0.2697643544639894,0.00010258681865489811
player_70b4bdc1f32a,David Nemeth,Defender,13,5.0981926277276095,0.0002202776911420301,0.00015795099383439582,0.23332185095877828,7.464847359219133e-09
player_d1167a97171f,Lutsharel Geertruida,Defender,15,6.360220813695721,0.00022013933497279825,9.393052515869018e-05,0.2626510696051186,4.1638582224831165e-07
player_fee1db7e0718,David Schnegg,Defender,13,4.928437500494845,0.0002201081525812175,0.00010258741213637779,0.2399338764907309,1.5399569054188847e-08
player_5c7355f925f6,Danilo Barbosa,Defender,12,5.6840388363546674,0.00022009168621706912,3.931987055302195e-05,0.240402247855664,2.6123689072145055e-08
player_0c50e7983166,Leandro Barreiro,Midfielder,18,4.611723026100235,0.00021992916679903848,0.0012121603526684104,0.2716214409838257,3.3376285392367284e-05
player_6403558c0e94,Blanco,Midfielder,10,3.7451216762398687,0.0002198534188394652,0.0007537870199824647,0.21903632639862025,1.3253591818939212e-06
player_ce44641fd61b,Ýlkay Gündoðan,Midfielder,10,5.130677570745184,0.00021981369768422703,5.686878016600677e-05,0.21611273597447486,2.0732638820263637e-06
player_afffaec9fae0,Dale Stephens,Midfielder,15,4.8084314425119485,0.00021979583588554124,0.0004998738867932669,0.25986316260630477,8.119207397438684e-05
player_5ff9408cfc34,Georginio Wijnaldum,Midfielder,17,6.085568557120917,0.00021976130509700163,0.00022530581420533792,0.2620920933832065,0.00011219236295758963
player_4625ed232bbb,Paul Baysse,Defender,15,5.762245050962601,0.0002196297920292399,6.537166891768774e-05,0.23986307029451692,3.72302673802169e-08
player_6a73493a48e3,Dávid Strelec,Midfielder,16,4.961255013069375,0.00021946151862253522,0.0002394932032263023,0.2429604830513541,4.342468260345333e-05
player_9d7aec8807b9,Talisca,Goalkeeper,12,7.530178051368192,0.00021939583939312618,0.000247639776068379,0.21425558835934205,2.679892821010182e-07
player_2e3746e131d1,Gerson,Midfielder,15,6.137675311160156,0.00021934222999191343,7.483300579956025e-05,0.2530668161155738,5.6792978290495394e-05
player_ffba781a2882,Jean-Victor Makengo,Midfielder,14,5.615404693846287,0.0002193075105611915,8.767592300159642e-05,0.2515162767669266,2.8730849688834176e-05
player_bb6aee6970f9,N'Koudou,Midfielder,13,5.336153758433897,0.00021928388678999354,0.00011823817121565689,0.26263409590280473,6.25611645965672e-05
player_4fac312ee42c,Nathan de Medina,Defender,13,5.2018392763242485,0.00021925086793551745,0.0005135666331243837,0.2445099572829553,2.2822059502473384e-07
player_a09f91f8be77,Wesley,Forward,13,4.5783252466218585,0.0002191257845318568,0.0010925188777054853,0.24336786633930174,7.847552694952122e-08
player_cbb27b13068e,Samuel Eto'o,Forward,18,5.160460011636302,0.00021912148283723175,0.0003753025959338837,0.28228103077029937,8.067284747218547e-07
player_55606868581a,Alex Král,Midfielder,8,3.5559266850073277,0.0002190972800133617,1.1589287227111924e-05,0.1837168301613851,2.0979244122246333e-08
player_e48438b510ff,Wojciech Szcz?sny,Goalkeeper,12,6.889140130920311,0.00021877790404052294,0.00013338655124339583,0.23970744367111005,1.0569516466217789e-06
player_7abe5e4dc2bd,Gaetano Castrovilli,Midfielder,11,5.069686276931147,0.00021877502615445799,4.768381646622613e-05,0.22205223472844499,4.399201436617657e-06
player_fe1561697f73,Raúl Parra,Defender,12,4.862026379589551,0.00021858160433289598,6.687700849678599e-05,0.23169897377423032,6.1439888295788885e-09
player_9931a08dd752,Robin Hack,Forward,12,4.088606226566113,0.00021845644507822103,0.0005561747496490983,0.24610912614303881,1.050640819777316e-07
player_ca66267881dc,Robert Gumny,Defender,11,5.327234953667622,0.00021839661764136802,5.490708870968493e-05,0.22749664128974473,1.0044126363797388e-08
player_7270020013e2,Zesiger,Defender,11,3.9033083628390557,0.00021837908240283373,7.981488732819926e-05,0.23637526900482755,7.181313745719142e-08
player_2e866edd2fa5,Valentino Scotta,Defender,11,3.9033083628390557,0.00021837908240283373,7.981488732819926e-05,0.23637526900482755,7.181313745768948e-08
player_27a0b66ed7f8,Massimo Ambrosini,Midfielder,19,5.991277952488326,0.00021837195539135753,0.0001802034302410192,0.27612447343389046,0.00012447407447693107
player_1b836885ae69,Imran Louza,Midfielder,12,5.239663768088137,0.00021836613867395966,3.302092211805799e-05,0.22279480291650677,7.877953793526503e-05
player_0414e506e678,Naldo,Defender,14,5.810934096232433,0.0002182642649603326,0.0002714352164675343,0.24706669098425435,2.7648943632107525e-08
player_e684f6955dfa,Stefano Sturaro,Midfielder,17,5.595333796842671,0.00021824348600378357,0.00024903183606800084,0.2615523233363367,0.00014966663747078215
player_fc364c10899f,Igor Carioca,Defender,13,5.5546694051162415,0.0002182140613905632,0.00020695123871591713,0.24732229795520935,3.2468563219975026e-08
player_f606663dffa7,Marco Silvestri,Goalkeeper,12,7.450673695711856,0.00021812822981721522,1.3103134627017418e-05,0.20453973526599226,2.1481578859804038e-08
player_4ab9c1474cea,Alexis Tibidi,Midfielder,11,4.2261787613089705,0.00021809636503367652,4.807812590532667e-05,0.20597030054229384,1.8197987737646816e-05
player_2fd6944e44f7,Nikola Mara,Defender,10,4.81683157080595,0.00021806272709069135,0.0011729965146214897,0.24660194174757283,9.36293285221071e-08
player_81a86f75155c,?ukasz Fabia?ski,Goalkeeper,11,6.846960918489981,0.00021801062217510463,0.00014095142095173405,0.20879572544184136,5.092618755400293e-08
player_a246da0fd70c,Wuilker Faríñez,Goalkeeper,11,6.429342399303215,0.00021797842568513492,0.0002268863917524037,0.21240788167041239,3.7704662750808816e-07
player_718cd6a6eb30,Sead Kolainac,Defender,13,4.910909333785177,0.00021797622525007056,5.404814811751102e-05,0.2309615821777677,7.052118550526044e-09
player_6281c0d60704,Bryan Acosta,Forward,17,4.532658766248331,0.0002179443181304958,0.0004395521183899767,0.2627189863598164,1.2490270657506283e-07
player_913f6674b2a1,Luke McCowan,Forward,11,4.228436452389125,0.0002178816327728762,9.729888173565175e-05,0.21534548537515896,4.760019189793147e-09
player_bc1c998ddba1,Luigi Sepe,Goalkeeper,12,7.280022377713013,0.0002178315706793736,2.5899219178849966e-05,0.19568567026194145,3.507746681910932e-08
player_e64fd49b1298,Hernani,Midfielder,13,4.8107924439944,0.00021783085002241717,0.00013425734196764432,0.22123026673924878,0.0011358592074061163
player_9aa38019334b,Marin Jakoli,Forward,13,4.093091635393588,0.00021771771720479995,0.0003069628327236946,0.2375219170075979,2.602641354791399e-08
player_d004b9833006,Fali Candé,Defender,14,5.399516527558358,0.00021768119317882475,0.00032422346435355463,0.25234399254889783,1.8238380507972182e-07
player_0ed7040eef4d,Luke Cundle,Midfielder,15,5.568959897039922,0.0002176478085605662,0.00010413046756801353,0.2524850894632207,9.155041163941802e-05
player_2edbd6eb2bb2,Edmond Tapsoba,Defender,19,7.305496047606078,0.00021761727132301855,7.421628455570407e-05,0.2616365158050602,1.1176813965760754e-07
player_25ff999bad80,Roberto Piccoli,Forward,12,3.719215956431624,0.00021734388684922177,7.814250914356334e-05,0.221133964522799,6.925771329160533e-09
player_943976124a3a,Verissimo,Defender,14,4.464306230586009,0.00021729660370630398,0.00012320706537961138,0.24588576960309777,1.720878910031466e-07
player_a11bfbbbcdfb,Sergio Santos,Defender,9,4.5956244876641605,0.00021728826172974698,3.845466912920983e-05,0.2201278301375799,2.4296980739570413e-09
player_a1cbdffe7ed0,Joe Gelhardt,Forward,11,4.387227479921921,0.0002172768436940901,5.47321662215868e-05,0.2345472384140359,3.33338514479464e-08
player_541880709b07,Danjuma,Midfielder,20,5.694441325433525,0.00021723668326639636,0.00025957208629476497,0.2682331199260775,0.00012413268937663924
player_d7f8f7ac0c50,Núñez,Forward,17,4.306533344833834,0.0002172278108222475,0.0021499878749916424,0.2763497892016864,2.833985887393717e-07
player_5d95bf6d46fa,Pathé Ciss,Midfielder,14,5.4345079535504555,0.00021722199438996504,5.1145123650974624e-05,0.2389182833627278,1.3858064950958547e-05
player_c2b4c21f3373,Andreas Samaris,Forward,19,4.334983813142122,0.00021722173559606342,0.00124159478053264,0.2864594346937337,1.5645941407290742e-06
player_5dd09c90c8ac,Alejandro Primo,Goalkeeper,10,7.372787165637233,0.00021722013939510902,5.204217586774837e-05,0.2049936948297604,3.712374728443189e-07
player_337c5e840aaf,Dor Peretz,Midfielder,13,4.500526091860945,0.00021711315975075153,0.00029354942265868083,0.23333524717230292,3.6193072124997593e-06
player_6cd56b1c160e,Omar Mascarell,Midfielder,11,5.233430806075121,0.0002169605217469716,1.0231797634720062e-05,0.2205938229387179,7.460431799813126e-06
player_9350bbf8da6e,Matt Hedges,Midfielder,14,5.203495443872319,0.0002168112464484726,0.0001370080634755925,0.260479425714652,3.6721795775832704e-05
player_600d12373cb0,Filip ?uri?i?,Midfielder,12,4.7296524196599155,0.00021679754010594317,0.00010365705921904262,0.2269250097716232,2.78826086663686e-06
player_03433c6f4312,Morato,Defender,19,5.553535534441917,0.0002167241131265382,0.00048801498526932716,0.2785660429090411,2.101439828351093e-07
player_27bbd7ad5c31,Kevin Akpoguma,Defender,15,6.205660447658854,0.0002165410530469944,7.545370010224354e-05,0.26541274817136884,3.6056132523996844e-07
player_888ce9768794,Derlis González,Midfielder,18,6.186819309762008,0.00021648277676328964,0.00019116555512505498,0.2759744669292408,0.001764504617635677
player_83e4b17284d3,Schmitz,Goalkeeper,14,7.455812478216313,0.00021645855017540287,0.00013943788886253963,0.2153112582781457,1.0745558083842056e-07
player_80af7c711125,Jérémy Le Douaron,Forward,12,4.894724182536406,0.0002164442128268783,0.00030047611829345206,0.257133818411895,3.999295463097025e-07
player_c24121f3f8b0,Baptiste Mouazan,Midfielder,14,5.332127528037659,0.00021629603301355266,0.0003024267850802159,0.2614177280329345,0.001414756854199661
player_54398b972ccb,Joelinton,Midfielder,13,5.490341833987587,0.00021628316880627885,5.9381761393887364e-05,0.24297500896807367,3.8557509751116714e-05
player_9feebd667dc3,Hans Nunoo Sarpei,Midfielder,11,4.5064372631246705,0.0002162773658097085,8.049423471439674e-05,0.22202797202797203,3.2486696859069774e-06
player_f8552591a5c2,Mathys Saban,Midfielder,14,3.782144789065208,0.00021621262978467758,0.00046278258918971065,0.25324027916251246,4.861402926735517e-06
player_60b01fa89e3c,Moatasem Al-Musrati,Defender,13,5.703180443932735,0.00021619240429802595,6.706660384891886e-05,0.24950884086444008,1.5005193025193948e-07
player_2a558b97ced9,Hilmir Mikaelsson,Forward,14,3.9010181337871597,0.00021617486265315924,0.001329256897511334,0.26482471002215563,5.662010196755842e-08
player_83d8a4244c1f,Kamaldeen Sulemana,Midfielder,14,5.233681574887187,0.00021600764540566903,0.00027371667786267725,0.24847150892638786,1.925325502166741e-05
player_797ef543b931,Kevin Diks,Forward,13,4.182074550364438,0.0002159857706986555,0.00021957082300273824,0.2597469001661767,2.1254380909284428e-07
player_d6c09a0959e4,Andrés Andrade Cedeño,Defender,13,5.166314564400251,0.00021595479278549882,8.46747432495782e-05,0.22520226088883963,1.3325131634120379e-08
player_54284c4ceb35,Youssef En-Nesyri,Forward,15,4.8376386838979295,0.00021594191913620116,4.4996705182912736e-05,0.23924177312062164,5.2814302226463387e-08
player_a9340370b3a7,Freddie Veseli,Defender,13,4.310750944267521,0.0002157368810276175,4.926606433430451e-05,0.21947399686774316,6.081302608039338e-09
player_3b9560d9a3a8,Jeong Woo-yeong,Midfielder,14,5.444551186886347,0.0002156999849622035,5.837507305398685e-05,0.22970834275378701,0.0014993578795159698
player_a8d9f84ba459,Jed Steer,Goalkeeper,10,7.421900615941734,0.0002155617676993799,1.1220176575917788e-05,0.19132809189774494,3.5570033374580754e-08
player_c091914e5eb5,Oualid El Hajjam,Defender,13,5.411319231749824,0.00021553460719425042,5.96233527679264e-05,0.23396660909614278,3.132930416814004e-08
player_6f85fd1c6d70,Mads Bidstrup,Midfielder,19,4.8010053559108705,0.00021537327485331308,0.0005416994446004402,0.2617881989178047,4.0453148945052046e-05
player_bb48c4d2a3b0,Yves Bissouma,Midfielder,13,5.7295254570278455,0.0002153680742045928,8.456888274979258e-05,0.2564199634046312,6.839676725645196e-05
player_455bf7f2b41f,Adrian emper,Goalkeeper,11,7.092965346713976,0.00021534885964920254,0.00010735329711274649,0.2108321228470637,6.132704237137897e-08
player_41b0273f4db5,Luka Bogdan,Defender,12,4.8477645469494535,0.00021532957074285052,0.000330648633040539,0.2512519319938176,9.345616055005764e-08
player_582fda602dfa,Ante Budimir,Forward,13,4.883693570527898,0.00021523439713793703,9.853162006930458e-06,0.23316121629374642,6.571107952794687e-08
player_9926405f5d9d,Maranhão,Forward,10,4.058134359077711,0.00021520591090883566,0.000127146875470195,0.23466913038457096,2.8179472881209478e-08
player_e6c2b0dea64e,Willian Pacho,Defender,18,6.144022018763656,0.00021518381192719424,0.0006409478220894483,0.2737622094981475,1.6555279274402894e-07
player_b830457f8e34,Leo Skiri Østigård,Defender,11,5.065039331185215,0.00021512450617202966,0.00024980605472676326,0.21705923196069005,5.043348677826233e-09
player_08baa8ea31d2,Théo Le Bris,Midfielder,13,3.8887680675427814,0.00021510508018132487,0.00026767618367059783,0.23955201886236369,2.0764734387330087e-06
player_7a5f93c6083f,James Mcatee,Midfielder,19,4.7337195243901835,0.00021507325726229874,0.0005352213249139706,0.269710645075657,3.776185191026864e-05
player_e2b5c5b947ea,Moreto Cassamã,Midfielder,14,4.905553247067818,0.00021500371245769613,9.122661266559185e-05,0.2369679300291545,2.3371904498330086e-05
player_5728d6db6691,Nathan Bitu Mazala,Defender,9,4.530621265564421,0.0002150025183403858,3.845466912920983e-05,0.2201278301375799,2.36687760728163e-09
player_88a55f3a0b04,Sergio Postigo,Defender,11,5.017684836653571,0.00021499723816244474,2.5303418053330284e-05,0.2238871749669458,1.0672226951048936e-08
player_71b567f5f59f,Bali Mumba,Defender,12,4.75648947129358,0.00021492578114730768,9.913928254497304e-05,0.2390166441216256,1.3210391548074638e-08
player_55dd73d060bc,Brandon Williams,Defender,12,5.501348504449466,0.00021489319930968284,5.158861294222578e-05,0.22267273026135553,1.0912539932789852e-08
player_c8af761488b6,Asier Villalibre,Forward,12,4.119894426322096,0.0002148768222770481,0.00010407356020954504,0.22853286846988696,2.4294785662093452e-08
player_cc1f91661a72,Stefan Mitrovic,Defender,18,4.920368122521749,0.00021473908351339884,0.0018705933475985806,0.28134302526825894,6.794247090682422e-07
player_7f03cc0a4912,Jerry St. Juste,Defender,17,5.086716495573556,0.00021463944069657166,0.0009155550965966566,0.25671151538121406,5.015282605645678e-08
player_c8dbe583981a,Idjessi Metsoko,Forward,15,3.880781381616634,0.00021457589243433818,0.0003469995482147787,0.26343423867245735,2.490994661664954e-07
player_9860d96069b3,Lukas Podolski,Defender,14,6.095232405287436,0.00021441505059386086,3.901426598788982e-05,0.24850189556071908,3.6934726383583845e-08
player_60c8adedabc2,Gabriel Dos Santos,Defender,9,4.558287824062892,0.0002143352538885321,8.022647668491642e-05,0.18759231905465287,2.8574744390284595e-10
player_a624214365ca,Alen Mustafić,Midfielder,9,3.976120485303578,0.0002143283848335111,6.69237744186048e-05,0.21268578605819552,2.203516811460744e-06
player_af6b7bfda489,Freddie Woodman,Goalkeeper,11,5.673579002028734,0.00021430569436614884,0.00012807894238527596,0.1804137441179082,3.1250146327820862e-09
player_47fbbd300b85,Stephan Fürstner,Midfielder,11,3.6210578635862434,0.00021427004177225503,0.0006663580514956376,0.2289190559342083,1.3619650474908793e-06
player_0ed94c6cd90c,Carlos Bacca,Forward,11,3.4693125032151073,0.00021424062271014436,6.591886779609842e-05,0.19949928820381915,7.525205020267933e-10
player_8ff04cd499c4,Oihan Sancet,Midfielder,15,5.91725135762023,0.00021422360514040722,0.0002658716355512024,0.2529565542138678,0.0014962204080973744
player_d64813a83856,Mathias Jørgensen,Defender,18,4.800526924684229,0.00021420996398457867,0.0013589261795526517,0.28369982547993017,6.534685385665332e-07
player_fa2419d88be8,Martín Merquelanz,Midfielder,13,4.437541706002774,0.00021416338986576116,0.0003367940974957335,0.2413444978917988,2.2855451428627146e-05
player_b4004ee4b650,Sowah,Forward,18,4.561415114429897,0.00021411293250704264,0.0006590696971246142,0.2843150972435987,7.14740297531686e-07
player_17c639a3d75f,Will Hughes,Midfielder,13,4.935782343555693,0.0002140806146172773,0.00015442822778453843,0.24203442320290633,1.1619409558371295e-05
player_2a0f96f63149,M. Kerzhakov,Goalkeeper,12,7.384008570893679,0.0002140628655884872,5.309034858529915e-05,0.21023226941182557,3.6827660757462317e-07
player_069ec455f71d,Kieran Tierney,Defender,16,4.801742265546487,0.00021405090741566556,0.0009708647652686198,0.2515007116777028,2.0371347714231217e-08
player_110eff7d40a3,Maurício,Defender,12,5.930527382933723,0.0002140085341248826,9.707789754993938e-05,0.24607932182864062,3.199603866777531e-08
player_1e3b43b03083,José Campaña,Midfielder,15,5.34456184712844,0.00021393295450335438,0.00025813263547141903,0.2565170737865303,3.221404241677952e-05
player_853550e6a1e8,Henderson,Goalkeeper,16,6.037665957076244,0.00021381444878577704,4.380206149766845e-05,0.2525164657636386,5.589856359655197e-07
player_aa4ac908f1e2,Soungoutou Magassa,Midfielder,12,5.083887604876936,0.00021380203441896903,0.0001586768056714977,0.25173439048562934,3.2116330249229793e-05
player_9ec09fca90d0,Patrick Cutrone,Forward,13,4.671267978283247,0.00021377249819438566,0.00015145586489386266,0.2408724513987672,5.177264575366795e-08
player_b2f66950d174,Koffi Djidji,Defender,17,6.386291576858653,0.00021376123708366886,4.107259409324774e-05,0.23627906976744187,2.988885784616602e-08
player_e8923dc9322f,Esteban Saveljich,Defender,13,5.8409393568907815,0.000213677074750377,0.00014068927685729213,0.2588205324162527,7.283997913828283e-08
player_9389fc6a4356,Tomás Araújo,Midfielder,18,6.066525207693654,0.00021365702613243274,0.003052389759794253,0.3005917159763314,0.00011473385818398933
player_750be75c525c,Alessandro Buongiorno,Defender,12,5.238005395618816,0.00021343178355336256,0.00011712930866563164,0.23306761484200264,1.5838407732143592e-08
player_417c456a12b3,Lustenberger,Defender,14,5.216084478375981,0.0002133768690844002,0.00017602407528527234,0.251874806321661,4.4256230729579994e-08
player_3777f1145f8b,Nicolò Rovella,Midfielder,13,5.566111129825102,0.00021331315876738785,9.087744139576284e-05,0.262786938247656,3.303378701370441e-05
player_71f4267a9a88,Víctor Camarasa,Midfielder,12,4.774096560341005,0.00021329956778598952,0.00012668702350467572,0.24903486733255714,5.8278676015386824e-05
player_f6a60e632b1f,Mathias Normann,Midfielder,12,4.849830680004431,0.00021311146230613094,8.286408366068435e-05,0.2245427924194707,4.5120105763412285e-06
player_6e580a37897b,Kravtsov,Midfielder,11,3.6454782776242682,0.00021307451028141866,0.00014662219728113032,0.2431931063371432,2.530113292800738e-06
player_7b38e9b90548,Kamory Doumbia,Midfielder,17,5.208874463702901,0.00021284335224860813,0.0003781255867683224,0.2651184030269424,0.0001029985193527937
player_cdfc1682f1d2,Bosko Sutalo,Defender,12,5.364877920392725,0.0002127855930207236,8.211488173367397e-05,0.23399355135882083,1.8211651125806276e-08
player_ed6aaa4ca87e,Arne Engels,Midfielder,21,5.517739684048702,0.00021278544308011739,0.0004163741026667309,0.2748917748917749,6.710350812888167e-05
player_7294311ccf12,Ashley Barnes,Forward,10,3.4197882355452163,0.0002127818114983081,7.696565880846536e-05,0.19676575965914592,8.238177536958247e-10
player_77c71eae91a0,Óscar Valentín,Midfielder,11,5.092349886680688,0.0002127291402542473,5.604955014848771e-05,0.22300263388937663,3.4413743394869734e-05
player_2cfa7177f640,Tobias Sippel,Goalkeeper,10,7.481925885318872,0.00021270382902950315,1.2991796563169695e-05,0.19361600762267747,6.868809246239084e-08
player_dd181a75e593,Jodel Dossou,Midfielder,13,5.429498016546958,0.00021268360789765834,0.00016068334392385332,0.2470516717325228,5.61613591905649e-05
player_b652e156279d,Garmash,Midfielder,20,5.254924484199879,0.00021263929214831797,0.0004912222151120205,0.26874752016928977,0.00012545991655335767
player_7d84a965e98c,Rod Fanni,Midfielder,20,5.789033252929401,0.00021260527372648493,0.00022168483771346992,0.2758059043094673,5.40299876952552e-05
player_245c380d8bf5,Martin Agirregabiria,Defender,12,5.218291219707024,0.00021246440781350586,0.00012927601276947946,0.2311849365720462,1.2484329162308563e-08
player_1e32ff3d479e,Luka Ivanusec,Forward,17,4.459745891034742,0.00021246300673852405,0.0018034279956018232,0.2889236456704109,1.2960664392281478e-06
player_14f772da7e6b,Hassane Kamara,Defender,12,4.92149830915822,0.00021244817570795175,0.0001463550842082333,0.2362653334108482,3.488646626733147e-08
player_8fd4ff207e4b,Pere Milla,Forward,12,4.826132845021216,0.0002124242047574522,0.00042390113834552386,0.2652222149709587,3.011907802086414e-07
player_b1fc5ec65096,Cimo Röcker,Defender,14,4.428367938005498,0.00021236513818160204,0.0012435023594571883,0.2766507828454731,3.069798303052663e-07
player_833482d8e0b8,Georginio Rutter,Forward,11,4.668255350843023,0.00021225999901356696,2.6151513521076076e-05,0.2247911942032192,3.218526511310443e-08
player_00d46310508c,Sergey Semak,Midfielder,14,4.455829338743068,0.00021204378785605725,0.00024993893705221686,0.26205829249419654,4.8384455872698636e-05
player_95b39ad61e0f,Diego Demme,Midfielder,14,4.9474477160541666,0.00021200991024627127,7.886913773295851e-05,0.23107977483368397,7.050923344847352e-06
player_f2978559a590,Jesper Lindstrøm,Midfielder,13,5.305325381601864,0.00021195211613687294,0.00012558643278674493,0.23104036384309268,0.00022408268318711093
player_e86844a67c10,Lewicki,Midfielder,12,5.057433335115138,0.00021183775769951718,6.124453941344906e-05,0.24607932182864062,1.3751894282356581e-05
player_8c64a21de232,Fábio Silva,Forward,11,3.905623030329486,0.0002118085285809441,3.047282584760403e-05,0.21155648099947943,8.117666481811569e-09
player_4cdf4c66f55a,Kostas Mitroglou,Forward,15,4.988034814538422,0.00021172811065944437,0.00029418969975741926,0.2773872090642277,4.136645577180142e-07
player_b9fba05bd539,Kevin Trapp,Goalkeeper,17,7.41459473946284,0.00021171429069982361,0.003329790137787896,0.24970814132104455,4.772481273218187e-07
player_41b5499b6e8e,Tristan Dingomé,Midfielder,13,5.075348982439947,0.00021169641572556298,0.0003013079929164547,0.24476029872319924,4.479370307251037e-05
player_5df334b5c078,Kjær,Defender,14,7.049704350517987,0.00021163318431515951,8.319139726405823e-05,0.2623797533733617,1.212472165173012e-07
player_136bcad0f61f,Ian Maatsen,Defender,18,6.021261997200194,0.00021143576957613426,0.00027330618893042953,0.27502199363876295,4.299480222488833e-07
player_694f57bfca94,Ivan Perii?,Defender,10,5.03055353493273,0.00021143400406031644,3.815182938606133e-05,0.19837938104071073,1.6843247725495115e-09
player_6f7e25c1af24,Michael Gregoritsch,Forward,11,4.282862213223069,0.00021121519895828813,2.7200236609489563e-05,0.2201993931512787,2.8777436885073118e-08
player_627f63229994,Dejan Ljubicic,Midfielder,13,5.585980718496272,0.000211181905514069,0.00018379076364222194,0.24496684749849307,5.322986125281974e-05
player_77ff0adb4a06,Keinan Davis,Forward,9,3.6523669729354276,0.0002110242646941423,6.140602730009751e-05,0.20103883255008656,5.592103791635083e-10
player_57e94e00322d,Andres Cuenca,Midfielder,10,4.329689162616487,0.00021100882304431724,0.00011436125465610302,0.20621067586766795,7.823907704960536e-07
player_184b4221a52c,Joel Ordóñez,Midfielder,20,5.750207085295806,0.0002109421986021176,0.0008676651070909346,0.27965868428296176,5.868668618128788e-05
player_5b6601553ff9,Mario Paali?,Midfielder,11,4.794586532013743,0.00021092214942405283,2.5987068795442887e-05,0.2131431268684114,1.8332100387409784e-06
player_372ab6f8e02b,Conrad Harder,Defender,17,4.950047152009432,0.00021088354907873087,0.0019374974163789732,0.2798512601570032,2.335610847895184e-07
player_db7e83e9dd46,Jamie Vardy,Forward,16,5.0649119328172425,0.00021085952280397826,3.601835524526379e-05,0.25344558777673837,2.5423931915574855e-07
player_adebde21a579,Jacob Barrett Laursen,Defender,13,4.7885129083416444,0.00021064425489235867,0.0002627025219043863,0.24486352955353377,1.0160388543360095e-07
player_7d0872c1abe1,Martin Vingaard,Defender,15,5.324776712162454,0.0002105472663274239,0.00019918455391171457,0.25829414007881024,3.425795376938862e-08
player_393a622b2e4e,Linus Gechter,Defender,14,4.862779028365843,0.00021050186020977863,0.00021219550671762582,0.2380227246105189,2.0456668141111724e-08
player_18677e930225,Simon Asta,Defender,12,4.83009526562147,0.00021045668238510863,9.077779867274812e-05,0.23192375734748616,1.2124562671831028e-08
player_3334c07abbe9,Aitor Fernández,Goalkeeper,10,4.371402563124738,0.00021041742457176003,3.529391149884011e-05,0.2066195536122833,1.5101356651298948e-08
player_301b888cf7b1,Leny Yoro,Defender,11,3.211292475663031,0.000210383713090587,0.00010472802169988236,0.22466692465034,4.315834295752063e-09
player_ffdbda481ba1,Morten Hjulmand,Midfielder,13,5.529095689725481,0.00021038198742568656,5.190545426323137e-05,0.2454402705640778,1.7288065419639057e-05
player_afada551822d,Pau Torres,Defender,17,7.05456622257618,0.0002103621419333935,3.2147086717922904e-05,0.24558859076625575,7.961339580330763e-08
player_1f1139d9c904,Onguéné,Defender,14,4.502038550836111,0.00021031587457829253,0.0010024290041627817,0.2616365158050602,1.5411814477622523e-07
player_a6e225705828,Etienne Green,Goalkeeper,10,4.368389387457081,0.00021027561074136815,3.529391149884011e-05,0.2066195536122833,1.5288803761053047e-08
player_ba8f7c1b6deb,Adam Marusic,Midfielder,16,5.402261098321092,0.0002102471908464034,0.00020293708973627636,0.24830451518299015,2.478277072058091e-05
player_4e3ef92ed95e,Francesco Totti,Forward,12,4.135065326662245,0.0002101726057610815,0.0020507096188832883,0.27258702796968276,1.0210729966970785e-07
player_04f6af5e3071,Marco Streller,Midfielder,19,5.6373852796494415,0.00021015441149270828,0.0010716339144647032,0.2817917071141312,0.00010216274008827758
player_7b16eb5310ae,Andoni Gorosabel,Defender,13,5.462469058555072,0.00021006468570372892,5.841659165498309e-05,0.2327605956471936,3.2905919415482294e-08
player_db426f4d8d51,Pawe? Dawidowicz,Defender,9,4.584041730154129,0.00020999207735535237,0.0010225256520032273,0.24631795866416145,9.280818363284867e-08
player_970baad3943d,Crysencio Summerville,Midfielder,10,4.165134959877268,0.0002099680533352275,2.268858128710115e-05,0.219142626044756,3.8513493741988525e-06
player_29c484e30a14,Joseba Zaldúa,Defender,13,4.757670507973494,0.00020986227397991116,0.0001369269586417909,0.22701374148139872,8.418491552408063e-09
player_6a711ae36f32,Riccardo Sottil,Midfielder,15,4.838342075769765,0.00020984844556712966,0.00019372167508720055,0.249386352479136,2.2223313734302508e-05
player_0dd2e77ac33a,Leonardo Román,Goalkeeper,11,6.750866400562707,0.00020979132921172835,2.7984432431477825e-05,0.20701950995873872,4.2379724380342865e-08
player_85d4e69a2153,Nikola Vuk?evi?,Midfielder,13,4.563628569170435,0.00020978545756712705,6.036778532908354e-05,0.2340339763892888,2.700403946455199e-05
player_e326f0373cb2,Wesley Saïd,Forward,11,4.058037603748553,0.0002097569494781278,0.00024239609581916987,0.2440987446693495,2.9624733297949194e-07
player_8257bc4870db,Kerem Aktürkoglu,Midfielder,18,5.818764885889174,0.00020961974588630668,0.00019804945409675285,0.27640617561041964,0.00014865757820176347
player_a4384bd8f0df,Amadou Mbengue,Defender,13,4.776225743664669,0.00020961018247121803,0.00011406256375258806,0.2285200179937022,6.410065484227624e-09
player_e73c0f074d9f,Sonny Perkins,Forward,9,4.010196446879022,0.00020959919630890385,1.4682705561262243e-05,0.22496540271242735,1.3432925597210447e-08
player_63827ae693c3,Lúcio,Forward,18,4.609241126958643,0.0002095799874790888,0.0006143308532034781,0.28169404588618563,3.230068983952487e-07
player_43c672d75b0d,Joe Rodon,Defender,13,5.352449147878358,0.00020952499188995168,6.47811490232624e-05,0.23687124788715977,1.6297678747149315e-08
player_42c0f010208c,Daniel Bessa,Midfielder,14,4.190666198065242,0.00020952254560665455,0.00037068090969334606,0.24316400406868904,1.703535179707557e-05
player_4b7a8f2971f0,Miguel Trauco,Defender,14,5.520815440586009,0.00020950733544690818,0.0002402781247300817,0.25455684309426874,2.3507188795273593e-07
player_a2477d9b2bb3,Fodé Ballo-Touré,Defender,13,4.190764313358459,0.00020943295665204665,0.00022921211452675298,0.2313692001138628,1.1293260539978164e-08
player_c2484c611e4f,Junior Firpo,Defender,14,4.912219628516944,0.0002092085176537548,0.001027287673524309,0.25669530065689744,3.415903819499417e-07
player_944b82eca0a2,Enock Mwepu,Midfielder,12,4.9943502454108915,0.00020880996848295875,6.417610330042689e-05,0.23754968435819498,1.2229444126335119e-05
player_193bbc009509,Aihen Muñoz,Defender,12,4.550697155933401,0.00020880952324346512,3.340654425761195e-05,0.2225386047530391,6.814042916181084e-09
player_3d983b285da7,Danny Blum,Forward,13,3.773667630225244,0.00020878091040002356,9.709660783806244e-05,0.23282727012317386,2.981397764695275e-08
player_053b1bc0b308,Arbër Hoxha,Midfielder,12,3.8444477879492416,0.00020867596607095602,0.0005781702354006761,0.24733735013085023,6.572208490344994e-07
player_22d2a2bf21cb,Mustafa Pektemek,Defender,14,5.775143192135108,0.0002085311247976697,4.858215136560607e-05,0.2411440099685516,2.642454008694023e-08
player_10f7f97381e9,Caner Erkin,Forward,17,4.9041978720495685,0.00020852910305898381,0.00021132710460217531,0.27791834780824726,2.3961238792704775e-07
player_009f113733ae,Jeremy Doku,Midfielder,18,5.348749895648213,0.00020847429838833362,0.0004635507445956083,0.27729257641921395,0.00011138666607067544
player_abb5247cdbdf,Lo Celso,Midfielder,17,5.22391910632882,0.00020844683474786327,0.0005827985591738133,0.2810706134587454,6.0359354550200535e-05
player_762f07ad9c15,Mattia Zanotti,Defender,9,4.373869770097983,0.0002083756058287679,3.845466912920983e-05,0.2201278301375799,2.3613685780819476e-09
player_8fd8242b397b,Malcom,Forward,15,4.812995347637388,0.00020835693083885455,4.634971043232397e-05,0.25404763393136215,9.480722308621227e-08
player_ab5c168841b7,Elias Achouri,Defender,13,5.958117190307677,0.00020828329873248853,0.00017246140692927186,0.24903486733255714,2.290216225005288e-07
player_47d00a78d722,Gökhan Inler,Defender,14,6.153469734266071,0.00020814694068776668,8.154030344234125e-05,0.2566628773525325,6.499697488105836e-08
player_084297f1804a,Janis Antiste,Forward,10,3.6751481990000254,0.00020811868685058127,2.821164920926355e-05,0.21244119184526922,2.5886853017067675e-09
player_2d76330483a9,Djené,Defender,14,5.100135440204533,0.00020809196701941838,0.0001995242201665702,0.2526420489866965,1.8457556579882498e-07
player_c3db4dd5ff3c,Emerson Palmieri,Defender,14,5.298858279245279,0.0002080846635821091,5.2360582047989125e-05,0.2452033305176783,4.0272403383811385e-08
player_6a8adde69e5d,Kristoffer Askildsen,Midfielder,12,4.205462585852841,0.0002080004690303588,7.978719335805239e-05,0.22114599771453447,1.8896106342228544e-05
player_4de5bf72c091,Goran Pandev,Forward,16,4.176515582389264,0.00020794305932781326,0.00034044432859011147,0.2555010687790771,8.779507569109906e-08
player_8215e90d7782,Tommaso Augello,Defender,12,4.7247514535418835,0.00020793997464270414,0.00014628686152283295,0.2268110280165197,1.2120072553465036e-08
player_7e7ceeaa3375,Ardian Ismajli,Defender,12,5.036585245059678,0.00020783589744775385,6.58881232133392e-05,0.22841726618705036,1.3493542674960055e-08
player_d2545efc0203,Darwin Machís,Midfielder,13,5.423035959419981,0.00020781895718055698,0.0002467875976242945,0.25024630541871923,0.00019410225235650237
player_3bf225b76f35,Joshua King,Forward,12,4.521291949953755,0.00020775716774356503,8.830115067910384e-05,0.25024630541871923,3.0898595391385453e-07
player_b83c5ef3fc4c,Jemerson,Defender,18,5.222159962701185,0.00020770777441400542,0.0009418245736799326,0.2753201002642097,2.393961078665621e-07
player_cc2777e6c894,Fabiano,Goalkeeper,14,7.323430652406806,0.0002076958513226285,1.3421468877293315e-05,0.20899974286448958,6.537998698578263e-08
player_a26a8a73bbd2,Flavien Tait,Midfielder,13,5.86724537490849,0.000207694662609013,7.494824527407972e-05,0.25567788612771314,8.256594354357362e-05
player_421cab3eb590,Orkun Kökçü,Goalkeeper,16,6.766415122257996,0.0002076777870807398,0.0007007257401548819,0.2516252863599777,3.645244513419996e-07
player_7ea694b501ac,Samir Santos,Defender,12,5.407082269951304,0.0002076479927310466,0.00018879446393843283,0.24542544839664232,2.4719535166715016e-08
player_d6d05c59fbb9,Dany Nounkeu,Midfielder,15,6.3222807252653075,0.00020759855496973857,4.9903324528077154e-05,0.2622273841786037,0.001713736370933899
player_adeaa3a3cad6,Marco Brescianini,Midfielder,9,3.472348339759181,0.0002074680078305715,0.00022108231703145084,0.18889147106669765,5.905377553240936e-09
player_4fd5f330286d,Jarell Quansah,Defender,11,5.170740921497591,0.00020734824504356735,0.00014128484353610673,0.2372584505808862,2.0738540684516005e-08
player_fe8ae1417055,Maxime Bernauer,Defender,14,5.667916131564962,0.00020731179192032137,0.00011733090070596442,0.2470516717325228,3.581246346570908e-08
player_d309cbf81897,Daniel van Buyten,Forward,18,4.830452374066459,0.00020717856282538168,0.0032235876854648134,0.29099241013890875,8.104856284385833e-07
player_d11a5c2af292,Marcelo Brozovic,Midfielder,15,6.437470194437735,0.00020716887884752877,2.1984718627553255e-05,0.25032337542346783,0.0002014800178891013
player_b34f06e90756,Adán,Goalkeeper,11,7.361175410712867,0.00020698459751436162,6.36413596621909e-06,0.19513131992125607,4.494610533832315e-08
player_6efce7e0d9c6,Keanan Bennetts,Midfielder,13,3.2981862900133248,0.0002068358176608113,0.0006519175503078843,0.2531929474799078,1.2981083180085056e-05
player_7111ed9c0205,Dorgeles Nene,Midfielder,12,5.09271531275654,0.0002067427538482095,7.94655055264149e-05,0.24708171206225682,5.691674595530353e-05
player_0c5fb98a604f,Iyenoma Udogie,Defender,10,4.764406706670578,0.00020672912974458506,3.4025322268145384e-05,0.18706559263521289,4.828707753512618e-10
player_326517f6af99,Kevin Möhwald,Midfielder,13,4.446462349736856,0.000206685697543114,0.00039102228915825944,0.25803174603174606,7.465797396104005e-05
player_882536ba7f27,Unai Ropero,Forward,9,3.557734646519353,0.00020656423799994612,6.140602730009751e-05,0.20103883255008656,5.457871909797489e-10
player_e0bf52771b78,Jesé,Forward,18,4.560775060169147,0.00020647238974443,0.0017450331574008716,0.2972063770659646,2.6079756890391533e-06
player_7ad234a96a21,Mostovoy,Midfielder,14,5.006686051116948,0.0002064460523496498,0.0002793723730432189,0.26229508196721313,0.00010445363615429047
player_a2c4adc3b824,Unai Vencedor Paris,Midfielder,11,4.831016478692995,0.00020639517316013578,4.682031278912469e-05,0.2221493385809555,5.508180751454186e-06
player_89042b9b70d6,Rico Henry,Defender,11,4.751280772296295,0.00020638301298541513,4.284393483659468e-05,0.22987725550087676,8.713077212249483e-09
player_ba47a1ab084e,Gary Medel,Midfielder,19,5.402325474559875,0.0002063662850260468,0.001393662978825101,0.2864796278020584,6.11985630283129e-05
player_86b591b72849,Finley Stevens,Defender,10,3.109444064070403,0.00020634298681670762,0.00024664707543582817,0.2297343131712832,1.1264783422497067e-08
player_7a8510bbe869,Lucas Copado,Forward,10,3.0190742431091833,0.00020632289121888715,0.00032089681486773463,0.21936737558026556,4.5674431576166645e-09
player_0b2bc137c035,Vlahović,Forward,16,4.585903540212998,0.00020625395231416605,0.00024513388642370226,0.25870520084028265,1.4113323866268156e-07
player_325b610061a4,Helibelton Palacios,Defender,10,4.886240458452138,0.00020619225701961667,3.0296860085309172e-05,0.21762878869015745,3.507118561365007e-09
player_e824cf46abf1,Syrota,Defender,13,5.672949734217147,0.0002061234076948534,4.663822942446058e-05,0.23365721842120393,2.3212982625350768e-08
player_222c9455db5a,Silvère Ganvoula M'Boussy,Forward,11,3.4090864104884404,0.00020595915783385742,8.027089632525318e-05,0.2111388196176226,2.3662242815786822e-09
player_3f787091b5b5,Emil Forsberg,Midfielder,17,6.1590056755614615,0.0002058441743368445,0.00012459940922352446,0.2740760722956569,0.00024185854209024242
player_a41408f863b0,Mamady Diambou,Midfielder,15,5.562462486884592,0.0002058209280176361,0.000165663002471973,0.27225832384270116,8.494994312404089e-05
player_a1d21960cec9,Antonio Vacca,Midfielder,10,4.4948754903593695,0.00020579512083570396,5.097615652049806e-05,0.23548499246726157,5.333565634483957e-06
player_802ccde3bba6,Patrick Osterhage,Midfielder,12,4.577183011643131,0.00020574386476078575,0.00012778405087422078,0.23730001167815018,1.8905653470262154e-05
player_44471f51e106,Emi Buendía,Midfielder,13,5.400925799854933,0.00020569228517835193,0.0002802397017990952,0.25067850974586725,0.0013855474420527392
player_38a352e6a33a,Andreas Luthe,Goalkeeper,12,6.757045500408815,0.0002056465859186455,1.2060104071259412e-05,0.2067141403865717,4.266827238206964e-08
player_6d28ef9955b1,Julian Chabot,Defender,12,4.151966741593029,0.00020561497069050068,7.008767604605302e-05,0.21608975381506887,7.0537116340064196e-09
player_2eae68a5825a,Ricard Puig,Midfielder,10,3.3348713542109967,0.00020551234871483355,4.026784187552694e-05,0.24370352602542575,1.998570760005723e-06
player_a10c899d6674,Yusuf Yazýcý,Midfielder,12,4.313509567759178,0.00020546071409027427,0.00013049808888043255,0.23217550274223034,4.163403079918846e-06
player_a1a9cb6619ee,Kenan Karaman,Midfielder,13,5.096859689503362,0.00020541182369085168,8.657935506841574e-05,0.23605947955390336,0.0014378729959134541
player_f7179b941c8b,Marco Borriello,Forward,13,4.7344931794579415,0.00020534263949550948,0.00014594873709008815,0.2555010687790771,1.316487548227581e-07
player_c4e4634de3bf,Isaac Palazón Camacho,Midfielder,12,5.160434816061418,0.0002052532653582138,0.0002920555199327832,0.2504467862204967,4.1356677430208204e-05
player_c65683753d76,Abdón Prats,Forward,10,3.5904207425567454,0.00020522868350418756,1.5923592307078906e-05,0.21017790649565576,1.0228231186355141e-08
player_cc7a79d5014b,Alessandro Russo,Midfielder,10,3.8433177214946848,0.00020512813017910082,0.0003770617483352946,0.2281351745817896,3.6222881646379715e-06
player_89d1e7bb42be,Ermin Bi?ak?i?,Defender,11,4.565511841465038,0.00020493788223306685,0.00010275640474901499,0.2164234742784109,3.2342006991103475e-09
player_8d6616883f71,Iago Aspas,Forward,11,4.497615389783358,0.00020490350957170865,3.707712546627595e-05,0.23700938939756225,1.6095132332556532e-07
player_1e22a9793436,Ayase Ueda,Defender,17,5.146852383777351,0.00020489827481000192,0.0012276086676559993,0.27442771287730433,3.877656046460429e-07
player_b8b52ada6a68,Kévin Rodrigues,Defender,12,4.508366967858972,0.00020488769313786558,0.00017217950431554097,0.23503556763634262,1.4976378261144393e-08
player_0a3a7afff29d,Christian Nørgaard,Midfielder,12,5.58081177509785,0.00020487504383737997,8.124410844803726e-05,0.2560967924884996,6.635031340956567e-05
player_64fd3759995d,Lovro Zvonarek,Midfielder,13,4.684432619664022,0.000204850835348493,0.00011572663794917547,0.2421642235728757,5.536420579024291e-05
player_5c666888ccd9,Loren Morón,Forward,10,3.5732161772080477,0.00020481461842850306,3.970831893399012e-05,0.21769873580458537,4.772277871723074e-09
player_7e9f3f9a9850,Josh Dasilva,Midfielder,14,3.9486663252506804,0.00020480980890248224,0.0006992438020272398,0.25382549497220663,5.207740391470991e-05
player_4df6491b5403,Victor Wanyama,Midfielder,18,5.655588094422517,0.00020460204075354522,0.00031588699029645907,0.2767826738404958,9.956072819242228e-05
player_30c0b01ccb0c,Lassana Diarra,Midfielder,13,5.952284882012931,0.00020458974631664558,3.837243479399179e-05,0.26692939244663383,0.00018060431985382743
player_7acc974c8551,Gökhan Töre,Midfielder,11,3.497435534108842,0.00020455050749196535,0.00031147126216229666,0.2530983371738183,2.478559880862463e-06
player_e6e8d7bcf6bd,Ahmed Musa,Midfielder,17,5.5440976373090365,0.00020444789427582978,0.0001986282992834778,0.27633099884408785,0.00014569737347135757
player_30f69badfa96,James Tarkowski,Defender,13,5.651128044018269,0.0002043914238790086,3.892925757112694e-05,0.25441342181044196,8.80196870587341e-08
player_d042da5464d5,Mohamed Achi,Midfielder,11,3.3065321297852304,0.00020433508001509645,0.0002811450713681066,0.22831460674157303,3.397242028070732e-07
player_0ebff836c820,James Forrest,Midfielder,19,4.517091585370205,0.00020429302577214278,0.00243814808808434,0.28983026672371986,3.513356529301403e-05
player_9764fa470b05,Raúl Jiménez,Forward,16,3.8937892109783796,0.00020428180763474834,0.0013232316580624284,0.27699018538713194,2.0645186507192724e-06
player_1933020be491,Lee Kang-in,Midfielder,12,5.066634820089304,0.00020416720874699308,0.00017246010719180498,0.2512363996043521,5.4988522632535986e-05
player_148155be8c9e,Ola Aina,Midfielder,11,4.788475565611952,0.0002040733154400148,0.00017006030038046454,0.24258341789530233,8.00239235345418e-05
player_2384ea80b0a3,Marco John,Midfielder,10,4.046262380578525,0.00020399702606489043,4.885267563631984e-05,0.23517157571899774,1.8941001398962868e-06
player_f757fb0e2f12,Stian Rode Gregersen,Defender,12,5.387206770593242,0.00020392406701147858,8.484693285175441e-05,0.2416889681831698,2.9056470182089488e-08
player_12fd06c0effc,Marek Hamsik,Midfielder,17,6.037874463271121,0.00020388870696354974,0.0001509766442704442,0.27140376652864967,0.00020097091817974152
player_24312d9d34c0,Filippo Melegoni,Midfielder,12,4.783584570874571,0.00020387922038441966,9.341766923099933e-05,0.23926994406829555,4.0007425892698005e-05
player_1a9ed4631fc7,Koray Günter,Defender,11,4.939828369693893,0.00020384798200447397,1.9319667824844174e-05,0.21874158996716722,7.348252249894376e-09
player_cd19e79ff75e,Billy Gilmour,Midfielder,11,4.846444471419103,0.00020375461522538623,0.0001668192657780632,0.24034537820095808,1.0143004450003353e-05
player_ce0e362bc3ba,Iván Romero,Forward,13,4.271431609364201,0.000203753817421056,8.573072310896372e-05,0.2391854511211818,5.8139232808891864e-08
player_1168f1a59dd2,Pasquale Mazzocchi,Midfielder,10,4.471603878288792,0.00020371197302201734,6.0119791562775136e-05,0.22177353342428377,2.7865688655466037e-06
player_e0b0f4ef60c2,Amine Gouiri,Forward,12,4.6464289883470835,0.00020361119688217248,8.577883102986662e-05,0.25298804780876494,2.72179162844963e-07
player_b840c9f15187,Diego Coppola,Defender,11,4.509598058254737,0.00020358457545853817,3.8236405134263144e-05,0.22334579028357882,8.30115693982784e-09
player_886824f01299,Saa Luki?,Midfielder,9,4.747434921680503,0.00020357674139681597,7.427118687691599e-07,0.19216947229052392,2.636978836886932e-07
player_e997aa699475,Timo Horn,Goalkeeper,11,6.20990736933998,0.00020357309383179232,3.982890871165546e-05,0.21345658910657073,4.2277175726951767e-07
player_a237033999d9,Marash Kumbulla,Defender,12,4.472171051165512,0.00020357138608168173,6.249843705201708e-05,0.22561483373119415,1.3638101623492529e-08
player_30b9c955206f,Liberato Cacace,Defender,11,4.458074936234186,0.00020355609648267084,2.906489823504088e-05,0.21997293640054127,3.353163057417794e-09
player_42cae9a40a4e,Nadiem Amiri,Midfielder,12,4.771447496355456,0.00020355141063715205,0.000149806872246882,0.23600464576074331,0.0014170990253607
player_0e271a23c04c,Giacomo Bonaventura,Midfielder,17,5.940798034516233,0.00020344685290760628,0.00015316520973068123,0.2593656263960687,0.00017890765514952031
player_03ac6499abb0,Nils Seufert,Midfielder,12,4.435277074748373,0.00020336233161319796,5.8099574147854254e-05,0.24054453980467594,1.1835575019295625e-05
player_9bd7bf9c2498,Marco Cassetti,Midfielder,13,5.563966898972213,0.00020333765112910747,2.9710839676102986e-05,0.2569387368021749,0.00012625988228906078
player_a7b9caeae14e,Adam Daghim,Midfielder,12,4.338848629272632,0.00020332471499383674,0.0004952564781670304,0.25312986608533167,6.654456262820732e-05
player_4f36bc38dc73,Luismi,Midfielder,9,3.504501512853584,0.000203322577949416,2.121358172634031e-05,0.1979831441516052,1.6366736453365239e-07
player_ed05f06d726e,Kuzyaev,Midfielder,17,5.270096758673985,0.00020327520100419348,0.00014774081055779622,0.2621766337655635,7.84733068683612e-05
player_077b663928b5,Fali,Defender,12,5.193715006276413,0.00020325213621487392,7.341071007724265e-05,0.23333524717230292,2.0923114193654236e-08
player_6961cd8d2246,Patrick Leal,Midfielder,8,3.24712689140205,0.0002032042531892537,1.1589287227111924e-05,0.1837168301613851,1.7307715618254103e-08
player_2a306354f1f3,Timi Elšnik,Midfielder,13,5.34021740063738,0.00020320255518130586,6.137475487104386e-05,0.2475633528265107,1.8922593683174496e-05
player_d1912148f3fd,Sven Bender,Defender,19,5.486013431917573,0.00020318324513744694,0.00046008266947753407,0.2810511756569848,3.72206707874304e-07
player_d73703533d85,Stuart McKinstry,Midfielder,9,3.6793306243551878,0.0002030677975890864,0.00012775316450674724,0.21341175234994486,1.9515389979866966e-06
player_71f1e2c08de2,Daniel Vivian,Defender,13,5.400639661270839,0.00020303436085017428,9.740268955291788e-05,0.25109669447018845,1.3025947102333683e-07
player_b8ded485c5c4,Hans Sarpei,Defender,14,5.753725986795593,0.00020302246221426764,9.041740604719867e-05,0.2632806426535372,3.5168434251779824e-07
player_8671af3770f9,Milan kriniar,Defender,8,4.316951851700114,0.00020301940493530748,9.122867091239856e-07,0.18037370733655853,1.9218421908703115e-10
player_a176e3df01e4,Adrien Truffert,Defender,14,5.726676714252096,0.00020295827278012663,0.00010013142862655862,0.26656172110717563,3.499867001807003e-07
player_2b5f6dd3d9ee,Miguel Gutiérrez,Defender,18,5.889988413700987,0.0002029255254678405,0.0003019372985648694,0.26835710512414157,1.8529372213076864e-07
player_3eeee67da085,Mark Schwarzer,Goalkeeper,10,6.885134024317432,0.00020290452663291543,5.1888425251554736e-05,0.21158952465247044,5.9388205454291654e-08
player_78c8ef32d9ec,Uro Ra?i?,Midfielder,10,4.326513829696312,0.00020289293685809884,3.292777584695708e-05,0.21040641988092157,1.242170628230563e-06
player_69b39f70b989,Otar Kiteishvili,Midfielder,16,5.806988959153029,0.00020278127682825826,6.111825046974765e-05,0.25794985718819424,0.00020384428633010108
player_b1950da970cf,Robert Ibáñez,Midfielder,12,4.324734851487906,0.00020277201495769707,0.00011482538465233822,0.23457431457431457,8.219702736893222e-06
player_1f31a744733a,Aimen Moueffek,Midfielder,11,4.410064299840925,0.00020271995009171377,9.939153219337769e-05,0.23678844024937365,2.1436203695032246e-05
player_ff72b657dea0,Rafael van der Vaart,Midfielder,16,5.782227720173771,0.00020271981825986034,7.360191688221543e-05,0.26949602122015914,0.00011434173615697489
player_465b1f70b501,Dia,Forward,13,3.928199969873835,0.0002026607354993445,0.0001670052995382954,0.24980023357305303,1.3681840188896158e-07
player_f8b26c084ac3,Albert Gu?mundsson,Forward,10,3.614139666441534,0.00020241423159218008,1.8435388995355755e-05,0.2084209446638289,3.5623634865281535e-09
player_7144480034e9,Ezri Konsa,Defender,16,5.544749226609523,0.00020235669750694337,0.00023868269625027956,0.2688719814753556,1.6287561324419908e-07
player_fac66368f430,Ognjen Mimović,Midfielder,10,3.9963314172359135,0.00020216347231122986,7.867713640565154e-05,0.23716153127917833,2.3697635404783225e-06
player_64a37958cc1f,Rafael Czichos,Defender,12,5.038491061441804,0.0002021166183822056,0.0003098462957440654,0.2543019836055316,2.1397855770564618e-07
player_e2beeda1f526,Lluís Recasens,Defender,12,4.343698689114616,0.00020209336472444103,8.089709888791466e-05,0.2408010902411566,1.1471715032185601e-08
player_e9c7d935e74f,Aymen Barkok,Midfielder,14,4.967528402221687,0.00020204930783990154,0.00015168470421679173,0.2471117596984069,0.00010805599764272323
player_d59136f3fdf8,Alessandro Deiola,Midfielder,11,5.056791004265243,0.0002020247993173664,3.8682221838947934e-05,0.2376608187134503,2.7843797191009353e-05
player_c2989c6a9072,Vicente Iborra,Midfielder,19,4.879322274080048,0.00020180416488895737,0.0007499776570934008,0.2740206324590385,6.185962268575484e-05
player_54fa5024523a,Frederik Winther,Defender,11,4.21643559528931,0.00020168636601226614,0.0002424770213208307,0.22691233947515355,4.872150647106503e-09
player_371a305ee1fc,Luca Marrone,Defender,18,5.3083184538974955,0.0002016604354682513,0.0005203945694288731,0.28054673477840675,6.230229346906832e-07
player_fc1cc8dc9ec1,Hamadi Al Ghaddioui,Forward,11,3.6353059779382018,0.00020153007410526796,8.199551472043239e-05,0.23064699205448355,1.3076839194871386e-08
player_5eb7c1602a24,Giorgi Mamardashvili,Goalkeeper,12,6.148167452666882,0.00020152671726414594,3.4242217056099956e-05,0.19136412864340538,2.6144792203814034e-08
player_7f6529c8509f,Miguel Baeza,Midfielder,9,3.9857795628766284,0.00020150353860368036,8.754109654334826e-05,0.20941976708234566,2.19712901634767e-06
player_fbb60d55ee65,Stefan Bell,Defender,12,5.16521314997307,0.0002014917216119579,5.8592083679938234e-05,0.22968237820730192,1.2401921291109998e-08
player_378887e8cdd3,Chapela,Midfielder,11,3.8286983331940583,0.0002014198754803431,0.00016424119930532303,0.21971130453587068,1.5945353362202805e-06
player_8e238f007796,Tigran Barseghyan,Forward,13,4.292995020869665,0.0002013902315306823,0.0001645948333243444,0.2655861978826297,6.28736146908497e-07
player_c41214bf39f4,Kalifa Coulibaly,Forward,11,4.0057536396635,0.0002013128323381951,0.00040440009627448954,0.24326589249371483,2.8635615840093814e-07
player_4ef32dd77f50,Nadir Zortea,Midfielder,12,4.6697114750501125,0.00020129440724637806,6.394545357572277e-05,0.23072555921426138,4.200355432940067e-05
player_897d9b714896,Rayan Cherki,Midfielder,12,4.174652724634041,0.00020120967077863922,0.0001313526370026143,0.23950966525223952,2.3292603715666753e-05
player_53422f4f98cb,Matías Viña,Defender,13,5.260024959746843,0.0002011235147127629,0.00013731859749150702,0.25754119138149556,8.478942223195048e-08
player_ca4d4eaa7eae,Mërgim Vojvoda,Midfielder,11,4.7202388234275,0.00020101236327213457,4.504706934626275e-05,0.23107977483368397,6.319311195177771e-06
player_32a4985f558e,Nemanja Maksimovi?,Midfielder,9,4.792824815931267,0.0002008942756472859,2.258042812644126e-05,0.22832743412551268,1.978028335994208e-06
player_d3ba55fcece2,Ezequiel Garay,Defender,11,5.19620041837579,0.00020086904409359624,2.8249798796880926e-05,0.224592428847748,1.3198311983207906e-08
player_cc7d246d1d17,Kenedy,Midfielder,19,5.311244187675623,0.00020082892863197585,0.0011406484352708042,0.28696511792119755,0.0010842723992858763
player_5412a2fe7705,Anthony Rouault,Defender,14,5.0868964379066615,0.0002007215900967242,0.00019773075317198346,0.2580809042992316,1.2144642719425928e-07
player_bdde9c3f26d9,De Winter,Defender,11,3.0249558991772494,0.00020057189801353344,6.760693536103456e-05,0.2276878256484957,4.439555271685238e-08
player_a3dce168edcb,Sergio Romero,Goalkeeper,11,6.5096011104974405,0.00020031830925730873,1.6967604925204945e-05,0.20772848088325496,4.990178301622585e-08
player_e412d61fc240,Weghorst,Forward,14,3.305234331482337,0.00020029078210426275,0.00017866270787044746,0.25020008619097456,2.8112110387382904e-07
player_43ba221c2149,Jens Petter Hauge,Midfielder,11,4.373278716044344,0.00020026115381177267,0.00012958122861946456,0.23175182481751824,6.684925205423534e-06
player_f46f7a2ce047,Jeffrey Gouweleeuw,Defender,12,5.101389170124478,0.00020023853933068522,0.00012912265853220258,0.2459304084720121,2.5380472874325154e-08
player_edf3ea1b8d98,Sambou Sissoko,Midfielder,10,3.955579844549995,0.0002002105519739684,4.091173906991818e-05,0.22154382904491932,3.679361238686148e-06
player_bafe18ebd59c,Herbert Bockhorn,Defender,11,4.611847166778982,0.00020003162715604957,3.4283909077994425e-05,0.2201278301375799,1.2388407924606273e-08
player_12104d6e7a9d,Andrija Maksimović,Forward,12,4.181099637494073,0.00019997327789089662,3.709875697601733e-05,0.25545288830221885,5.678192696931572e-07
player_c23da315e652,Dominik Greif,Goalkeeper,10,6.727648492729284,0.00019996286724408805,5.1208031140863076e-05,0.21416526138279932,8.747448478696105e-08
player_182f3b16aa10,Andre-Frank Zambo Anguissa,Midfielder,14,5.704144997116547,0.00019977611753687168,3.554287892819989e-05,0.25669530065689744,0.00013445489373531102
player_f9eadb719313,Nalić,Midfielder,10,3.3295156703650255,0.00019971916360507066,5.8166522159549734e-05,0.24642250788260975,2.2485243797074506e-06
player_3f603d96932e,Wajdi Kechrida,Midfielder,11,4.355542072643439,0.00019963103240138756,4.7357281842667396e-05,0.22179774054467064,5.325343592118622e-06
player_b5f284825124,Martin Suchomel,Defender,11,3.028282526170996,0.00019960687105148294,0.0006144673587412223,0.23365721842120393,2.693681289160595e-09
player_9d162c8646fd,Rubén Pardo,Midfielder,9,4.025808082396344,0.00019958636220609598,1.572936801590319e-05,0.19333047904476475,4.1883253548411124e-07
player_9ece8c004669,Enzo Millot,Midfielder,18,4.765562630974058,0.0001995843673435032,0.0002982207924794579,0.26745640013162225,5.944888885867043e-05
player_bda593907a28,Pietro Pellegri,Forward,10,3.220011237823172,0.00019954615110439366,8.038449237139808e-05,0.20877427309154423,5.3374491428541945e-09
player_413996d604ce,Jonathan Burkardt,Forward,11,4.536094271370301,0.0001994850465812821,0.00017671453955826725,0.25953125997828724,1.9960240615092405e-07
player_be94e4498061,Romain Saïss,Defender,14,5.782057474649781,0.00019943904520604722,0.00016522306643225785,0.24822868311751772,5.4440700569249546e-08
player_46ec786664a6,Deyovaisio Zeefuik,Defender,10,4.103761842188702,0.00019943278737801683,0.00020099811568994412,0.23104036384309268,6.8177916180181105e-09
player_732fa79a9786,Gerard Yepes,Midfielder,12,3.5351198138152298,0.0001993609603287906,0.00037572227713579423,0.2514540279668358,9.290059164226777e-07
player_c8194df06a12,Mathias Olesen,Midfielder,11,3.520825810234573,0.0001993555275589586,0.0002562858060811598,0.2501076989353191,9.670770575244768e-07
player_fa17c5186044,Filippo Distefano,Forward,8,3.709004475656918,0.00019935446354784144,0.0002575072628283757,0.23017671046669688,7.584397047096866e-09
player_7a92b1db694e,Djeidi Gassama,Forward,8,3.709004475656918,0.00019935446354784144,0.0002575072628283757,0.23017671046669688,7.584397047080036e-09
player_2bee6aafd2b3,Habib Maïga,Midfielder,12,4.611598613416346,0.0001993032811856478,0.00011958617067901906,0.2395661400613063,1.1429101164555857e-05
player_2dc0566a92e6,Nicolas Kühn,Defender,21,5.335118051332873,0.0001992931003388583,0.0006145988633556873,0.2853932584269663,2.0408577272290295e-07
player_7f4953603638,Roger Martí,Forward,10,4.096668645059984,0.0001992884411453258,3.630281411021886e-05,0.21413140839875652,1.3240364484779341e-08
player_a43a1597536d,Luca Ceppitelli,Defender,12,5.244774593154241,0.00019911447783840558,3.827682518651241e-05,0.2391854511211818,2.791775852215884e-08
player_7ddadb301777,Nana Asare,Defender,14,5.9966133330533555,0.0001990780821286151,2.267380354310079e-05,0.25928288886053336,1.2551490420672955e-07
player_65fbca08757f,Jóhann Berg Gu?mundsson,Midfielder,10,4.322720860837682,0.00019901975548930115,2.618934976059577e-05,0.21436860428315224,8.247762397408316e-07
player_b24fef34a0b9,Ozan Tufan,Midfielder,12,4.101390951525446,0.0001989828214366828,0.0004894288267026628,0.24065849470006515,1.2157687240529762e-05
player_49f19dac8367,Vid Belec,Goalkeeper,9,5.208023944489873,0.00019897451532660413,8.792698778353223e-06,0.18019775639604488,1.584223294481215e-09
player_07ddc76eac31,Darko Lazovi?,Defender,9,4.798264999221766,0.00019897304248888743,2.2283639325729828e-05,0.19801208341453908,1.8100089956058647e-09
player_6a4914270ee2,Gonçalo Paciência,Forward,10,3.5275635729629284,0.0001989480884250153,0.00013011777780699764,0.22110990206746464,1.444086534793458e-08
player_9709b407c364,Helton,Midfielder,12,5.215924615855476,0.00019892326074868877,3.1431526757996506e-05,0.2651011089367254,4.202548431615292e-05
player_ef1583bcb5c6,Nikola Milenkovi?,Defender,8,4.278280117502485,0.00019879025234656274,3.93460528339185e-07,0.18037370733655853,1.7523219917561076e-10
player_6cfdd4ac1b4d,Jeremy Sarmiento,Midfielder,12,3.242363269226675,0.00019878088835353797,0.00044248779231666554,0.24411340701585776,9.631100089143789e-07
player_5da75ee4a22a,Aleksandar Katai,Forward,11,3.607108919773523,0.0001986477071110918,0.0005552228758123785,0.24316400406868904,1.1039543622164635e-08
player_e30939365a5e,Emiliano Insúa,Defender,12,4.941943231908287,0.0001986217166135404,0.00020721706221814206,0.2358813628185037,1.3222672441754953e-08
player_fcac74d5919a,Marco van Ginkel,Forward,13,3.9713596633729162,0.00019859566514580422,0.0001349983159915972,0.26268502359252793,8.845992110149631e-08
player_41a5f9aa9a49,Félix Lemaréchal,Midfielder,9,3.5188620753808153,0.00019846888792161095,0.00012871436096418255,0.2312375533428165,1.354301363807239e-06
player_f9418a79440d,Guido Burgstaller,Forward,11,4.198123307318959,0.00019842053904370116,0.00017377675081067218,0.24285885024501017,1.8766263581672045e-07
player_6eeca279b335,L. Nielsen,Defender,11,3.8181255967721195,0.00019834265933366195,2.949220587916862e-05,0.23213571714171474,1.612494650890841e-08
player_fe558578bb83,Danijel Pranjic,Forward,13,4.545991027001779,0.00019834189272532876,5.4292776963066883e-05,0.2621089970977104,3.668961463370195e-07
player_bd1ad44283e9,Michael Olaitan,Defender,12,5.071703520910804,0.0001983356103063551,9.707637045697073e-05,0.24596017672335532,2.3769974155094028e-08
player_b7546ee62432,Carlos Neva,Defender,11,4.599264989102432,0.00019829431605068235,3.813684324811875e-05,0.2191780821917808,1.4155615643097077e-08
player_662d6fef8a54,Patson Daka,Forward,11,4.443229563411729,0.00019828491478952737,5.8478259886787415e-05,0.24481927710843374,5.20864213038288e-08
player_1537883d3763,Dmytro Kryskiv,Midfielder,13,5.1311672734284075,0.00019826997010407446,6.643287407342604e-05,0.2552122582265762,4.387373374916303e-05
player_f74fd53ba648,Jan Morávek,Midfielder,10,3.66316330712187,0.00019826750213714793,4.880191895789806e-05,0.2012379301807378,4.5503978317887164e-07
player_cc1f76caa1d3,Xavier Chavalerin,Midfielder,10,4.945392434331594,0.00019823077797467484,2.7807840875924246e-05,0.22325990221392078,6.663202686973292e-06
player_9d7f14d538ba,Josh Sargent,Forward,12,3.673292492782101,0.00019819047783389653,0.0004353905186706411,0.2522813334161028,1.1197442996928083e-07
player_30ae5bc2be39,Guilherme Ramos,Defender,12,4.614927339364069,0.00019810957293853304,8.055743805272446e-05,0.22655814472070465,1.0296743661657894e-08
player_0b4c5354d0fd,Kasey McAteer,Midfielder,9,4.4607654605499665,0.00019809984857137853,0.00010990687646449892,0.20753753447043202,3.468752212664751e-06
player_a488ba6da247,Vangelis Pavlidis,Defender,18,5.745443107588195,0.0001980289428204144,0.0002700531769468522,0.2815769417307559,2.6383771794749094e-07
player_79b2d189c8d8,Roman Yaremchuk,Forward,17,3.503402204283408,0.000197925444253865,0.001778351335161529,0.2850729517396184,6.809551903282479e-06
player_080eafab6dcf,Vassilis Lambropoulos,Defender,11,5.050436206885102,0.00019790155002184776,0.0001468641791969796,0.251469587278015,1.2041089938509562e-07
player_2e2f62930cca,Uroš Spajić,Defender,14,5.843546322505335,0.00019789987903213367,6.824093200827841e-05,0.25981332310446237,8.864000484614526e-08
player_1043e766f81f,Lilian Egloff,Midfielder,13,3.3099151845231933,0.000197849660783763,0.0005529021108997546,0.26078028747433263,6.78754923463609e-06
player_fdac9e8ba652,Burak Ýnce,Forward,12,4.11574461659358,0.00019781698852375582,2.358443110075762e-05,0.2324012123291588,2.037886171135158e-08
player_13f27fd70dfb,Radeljić,Defender,10,3.2924703830172883,0.00019776405071063262,0.00016187739283252383,0.23736931254015536,7.969252435982737e-08
player_c48374543044,Unai Simón,Goalkeeper,10,6.686640889731708,0.00019772097597344106,3.3195528588452255e-05,0.22278258962833022,6.172657482388331e-08
player_cb0182db7ab8,Diego Falcinelli,Forward,11,3.349932407116763,0.0001977032245271214,0.00017930242018804871,0.24267032901415178,2.600475383854348e-07
player_89ba023086e3,Anderson,Defender,21,4.953410824106275,0.0001975957440953897,0.002624079003973231,0.2912635275567978,1.844347874303378e-06
player_f29d2b03b1c2,Joan Sastre Vanrell,Defender,11,4.080460232257872,0.0001975620798368141,0.00010645990056833875,0.22778992208956897,8.52672556962218e-09
player_6a9bab2b29e3,José Sá,Goalkeeper,16,5.896133240583129,0.00019756069859830583,0.0016778710835981317,0.2505394242031934,2.5543896183040067e-07
player_a8ab135a4af3,Luis Milla,Midfielder,11,5.064857887640487,0.00019750546322553443,4.461661696808065e-05,0.2300333955963095,1.074805120208194e-05
player_c9218806d39b,Diego Carlos,Defender,18,5.190701086328406,0.00019742734217572647,0.0003034978163808566,0.259233271671876,5.6898494945628406e-08
player_7dfe0846dc90,Léo Lacroix,Defender,12,4.447755189424427,0.00019737174911615805,8.090773871688617e-05,0.2295267141082119,8.919290518317639e-09
player_bbb6ec7a8f62,Nicolas Haas,Midfielder,11,4.628528816024573,0.00019728258039519066,0.0003539567450852084,0.2565494602613471,1.892780565049593e-05
player_ee811e4df901,Mathias Jensen,Midfielder,11,4.3824228305516,0.00019725102670482966,0.00010907491931911734,0.22380087009196542,3.7559298607058484e-05
player_489bf17b58b8,Andrea Pinamonti,Forward,10,4.346819767465731,0.00019724772801366124,4.301149350268483e-05,0.23384544565279936,1.9677285194029707e-07
player_1f4ff4f5b6bc,Darron Gibson,Defender,15,5.303300421617876,0.00019722340456354765,0.0002615391513502708,0.252877854520565,2.7129445825648456e-08
player_275febce2cc0,Jean-Clair Todibo,Defender,12,5.5810491519543675,0.00019713686071939129,0.00015426183545411075,0.25803174603174606,1.3553490373109618e-07
player_d9088f088873,Lorenzo Montipò,Goalkeeper,10,5.7457769358393085,0.0001970961516848725,4.898909469459215e-06,0.1861572992533553,1.3761004834892217e-08
player_7c3109114f6a,Leo Fuhr Hjelde,Defender,12,5.519106415342541,0.000197086410606027,9.771703513516869e-05,0.2467666524986338,4.245440284123778e-08
player_c2da9b7bb702,Filip Ugrinic,Defender,14,5.42307286191943,0.0001969747615598655,0.00028061249314977906,0.2627699469804733,1.3341831502299804e-07
player_75231141d165,Louis Beyer,Defender,9,4.134521416921087,0.00019694046700711489,1.7403093909517647e-05,0.2043854355260511,9.216332045834226e-09
player_bcf6884576cb,Innocent,Midfielder,15,5.001750189025501,0.00019688063128882872,0.00010330578838297235,0.2655861978826297,7.549888700187543e-05
player_6b4628cae21c,Zaidu Sanusi,Defender,19,5.380205718053579,0.0001968696023822228,0.00020574662711906334,0.2748545921817936,2.811689258545321e-07
player_d413b849f8d7,Rami Gershon,Forward,12,3.92556070276955,0.000196792859387483,4.934941685156226e-05,0.25701998482165445,3.873612519038364e-07
player_896c24c547c9,Ruben Aguilar,Midfielder,12,5.131697689536318,0.0001967677818484764,0.0002620942777268872,0.26482471002215563,2.8343306676690275e-05
player_b376dc1e1504,Giorgio Altare,Defender,12,4.607324430795962,0.00019674254466423949,6.704911967831931e-05,0.2261672881072959,1.5045717509324303e-08
player_4f191576d3bb,Robin Koch,Defender,10,4.7498368138231,0.0001966791335708144,1.87292539631412e-05,0.2256649453051252,1.2272838463764336e-08
player_9241f44fc66f,Federico Ceccherini,Defender,12,4.4356085666999725,0.00019666669375171131,1.3843476171898611e-05,0.22290478279947346,1.2418738743050878e-08
player_82a9e53e257e,Dan Gosling,Midfielder,16,5.451697144624739,0.00019662471791326096,0.00020629162469017537,0.27589952477936186,0.0001316155297393585
player_a7a02220538a,Alejandro Garnacho,Midfielder,11,3.136165367584407,0.0001965855860832353,0.00027429265436792165,0.24498161432274398,2.027632313528096e-05
player_57c340774712,Peter Pekarík,Defender,15,6.434112865778778,0.0001964899175773258,9.487846826304536e-05,0.2573291964794529,1.0128593416019641e-07
player_b3e70dda7162,Kayky Chagas,Midfielder,11,3.0753683554680804,0.0001964259959636235,9.476661879127514e-05,0.2331478400550743,2.162799923269416e-06
player_09936d59ea74,Antonio Puertas,Midfielder,11,4.653783437558206,0.000196417802672766,0.00014262853936895489,0.23893232994297137,9.029161146983076e-06
player_4ae395de065a,Mika Màrmol,Defender,12,4.388728567506347,0.00019639427227985737,0.0001360739036827559,0.2201874627512597,4.771989350830363e-09
player_f4274f72c6ed,Myles Lewis-Skelly,Defender,17,4.639424265419171,0.00019638134738076337,0.000487650128549488,0.2513918099715452,2.8864986825832288e-08
player_18dc26749ad3,Mike Aidoo,Forward,9,9.0,0.00019634066763242068,0.0,0.19355145973234272,5.356275301219436e-08
player_6a0e59540d0f,Jashar Dema,Forward,9,9.0,0.00019634066763242068,0.0,0.19355145973234272,5.356275301219436e-08
player_756aa0176e33,Marian Shved,Forward,9,9.0,0.00019634066763242068,0.0,0.19355145973234272,5.356275301219436e-08
player_75b17900ad6b,Maik Nawrocki,Forward,9,9.0,0.00019634066763242068,0.0,0.19355145973234272,5.356275301219436e-08
player_4a60a2951e20,Martin Mišovič,Forward,9,9.0,0.00019634066763242068,0.0,0.19355145973234272,5.356275301219436e-08
player_46c00f7124cb,Lucas Michal,Forward,9,9.0,0.00019634066763242068,0.0,0.19355145973234272,5.356275301219436e-08
player_3c3c074defb1,Zane Monlouis,Forward,9,9.0,0.00019634066763242068,0.0,0.19355145973234272,5.356275301219436e-08
player_8d4018ebcdc0,Leon Grgic,Forward,9,9.0,0.00019634066763242068,0.0,0.19355145973234272,5.356275301219436e-08
player_e801f3b7e8b9,Jorge Meré,Defender,10,4.0254636200921246,0.00019633863352684752,0.0003463112551992234,0.23760523854069224,8.815845532455187e-09
player_0102d0f61b21,Nemanja Gudelj,Midfielder,10,4.494913595148915,0.00019629030572559242,3.174718304934274e-05,0.2186592058538685,6.518070575061627e-06
player_32ffcf9b4afc,Peter Vindahl,Goalkeeper,10,6.302695095603026,0.00019628122064585174,1.1848561793924243e-05,0.19070858751759737,1.2605109371174648e-08
player_e40895bcea5e,Jonas Lössl,Goalkeeper,9,5.665690207963962,0.00019627324524521585,1.614642779400281e-05,0.18192398943551635,4.8481178791138245e-09
player_b2c9cf06d964,Amine Bassi,Midfielder,14,5.138572081613392,0.00019624706092531433,9.596298534506464e-05,0.252046638551228,0.00020032131533897793
player_3a69362d318a,Mircea Alexandru Tirlea,Defender,12,3.9540717574204627,0.00019616181338810455,0.0011177696456450181,0.27642497619371514,3.050084703475482e-07
player_9421124577c2,De Roon,Midfielder,16,5.04066914019059,0.0001961480653354105,0.0001699662914744244,0.26706972465006246,0.0010473772945281622
player_ca4a62fa09fc,Calum Chambers,Defender,13,4.748895989134227,0.000196041237962189,0.0003522972934828485,0.2565494602613471,2.2379610155906506e-07
player_8dffd61e037b,Matvei Safonov,Goalkeeper,9,6.536002738702113,0.00019601444290315336,2.3889030449710883e-05,0.2053147418409619,3.603544870759087e-07
player_d02926d7a83a,Evan Ferguson,Forward,10,3.3279311861811904,0.00019594158540845908,0.001109068402565527,0.23571718577808712,4.816106487598569e-09
player_2b3263367580,Giovanni Simeone,Forward,10,4.061503797439386,0.00019581086842337763,4.482298489573751e-05,0.22052200336426284,2.73550344874441e-08
player_dfef6fe0e35c,Youcef Atal,Defender,13,5.268094290259156,0.00019579496514297482,0.0002368474843384668,0.26465225319093516,3.2753651225935755e-07
player_7c0fe9712162,Brorsson,Defender,14,4.197663189501391,0.00019578272282203964,0.0004812959184926339,0.2643595914915761,1.619771505496541e-07
player_528b1210cdc3,Junior Dina Ebimbe,Midfielder,13,3.8873250789551337,0.00019571170911787967,0.00029860674620282065,0.24048760281673473,4.475491649438801e-05
player_a4003875d188,Germán Valera,Forward,13,3.4998595333390687,0.00019568070204677713,0.0002962773493541546,0.2562098096078679,3.4063314336439433e-07
player_134829ce9332,Guram Kashia,Defender,13,4.97623308903679,0.00019554548113920943,7.732125935913916e-05,0.23600464576074331,1.8595672644350756e-08
player_d28d9827e24f,Youcef Belaïli,Midfielder,12,4.604253324124461,0.00019551668717562816,0.00012870930073186185,0.2463030303030303,2.9494509049364092e-05
player_f0abf5bf1d28,McTominay,Midfielder,16,4.847826827265495,0.00019549784712008536,0.00019760474789833036,0.25924980862464914,0.0011014300243886413
player_03b2a63c29ca,Orel Mangala,Midfielder,11,4.915370873287006,0.0001953957767006455,8.294300841440009e-05,0.23735544912977455,3.536995374479492e-05
player_c10dcb7fb405,Falaye Sacko,Defender,13,5.709248421966568,0.00019538403953960276,7.362777760756752e-05,0.24118694362017803,4.408357885671318e-08
player_9f0ddcb4770c,Abou Diaby,Forward,15,4.242206051708704,0.00019534618774909464,0.0008217944060318297,0.27958172812328014,5.295592943619714e-07
player_7319b30e9da9,Pedro Gonçalves,Defender,19,5.130544848972485,0.0001952458597718575,0.0006162658168413351,0.28531311429373774,2.906309224688138e-07
player_3d2935dd7d7b,Rodrigo Becão,Defender,12,5.2479079283407435,0.0001952200697558579,6.32695750196307e-05,0.23400702481718202,2.5221668796806526e-08
player_de62d68d0f84,Jeremy Dudziak,Midfielder,12,4.563762754874512,0.0001952197441677598,5.950588045825383e-05,0.23970744367111005,1.3203591846115404e-05
player_89cfc4a5fc4a,Sascha Burchert,Goalkeeper,9,5.534851604900675,0.0001951323876858697,2.750204806442945e-05,0.1783551303431932,6.696200062259573e-09
player_b4dcc587f6db,Bartosz Bialek,Forward,10,3.0753564816925882,0.00019509707727222096,5.8756775965656636e-05,0.20549122718309146,1.0058736793541502e-09
player_35cb5c7200e9,Scott Brown,Defender,12,5.500078168692081,0.00019497962481644345,2.539160808485609e-05,0.24138750296982656,3.364163932368095e-08
player_7c8874638aa7,Ibrahima Sissoko,Midfielder,11,4.989141793037042,0.00019497006961995944,8.336429876523882e-05,0.2519216464170593,2.6339569823879796e-05
player_cb3117b11a52,Erhan Maovi?,Defender,9,4.252762013608004,0.00019494516969698633,8.950050057672377e-05,0.20543928824183602,7.257440211044945e-09
player_f0f52ea600f1,Lamine Ghezali,Midfielder,8,3.515758319442434,0.00019488733040893774,1.31394887496248e-05,0.21243008729287544,2.6491605733632048e-06
player_f30e713c92c8,Alessandro Schöpf,Midfielder,12,4.3945290123327,0.00019488657709319413,9.483201831248228e-06,0.2219673384674204,3.550587228575773e-06
player_47196143162a,Philipp Pentke,Goalkeeper,9,6.640808930524783,0.00019477273581805502,1.9289157680281163e-05,0.1897203678633117,6.840285801724576e-08
player_d5fd272cd1bc,Jeremy Ngakia,Defender,11,4.465375387546935,0.000194772611421362,5.0720802646433796e-05,0.23068626894476926,1.6423542870849854e-08
player_ca2ab27fa5e7,Grischa Prömel,Midfielder,11,4.670981092206732,0.00019472104267097826,2.5442943950546873e-05,0.22112193264051364,5.847029160229488e-06
player_ba6dea0ffd1c,Youssouf Sabaly,Defender,15,5.4704531086224835,0.00019436369774835028,5.550041711827757e-05,0.23972158320061346,3.069636096563194e-08
player_59b42586de25,Paul Nardi,Goalkeeper,10,5.673603272662565,0.00019432863079289403,4.898909469459215e-06,0.1861572992533553,1.374169764057157e-08
player_f98db2b09887,Calderón,Defender,12,5.883017497785169,0.0001943135921310133,8.826346918093207e-05,0.25170320822494735,6.838546411347546e-08
player_ec120d4d0541,Luka Milivojevi?,Midfielder,10,4.0696649184758575,0.00019420825294331524,0.00029822067711747323,0.23324150596877868,2.8174839439809688e-06
player_0512466db186,Ivor Pandur,Goalkeeper,10,5.683385196280786,0.00019416874725395285,2.2943329988807042e-05,0.20236020514863318,2.454961018519592e-08
player_5f7ec411f372,Emanuel Vignato,Midfielder,12,4.225122328710123,0.00019416527873774965,0.00011019759000486223,0.2365679026718668,5.78113845127981e-06
player_3bd0cc088670,Necip Uysal,Forward,17,4.498316949353669,0.00019412373866384725,0.00025381275315747764,0.2761057137033766,4.4748605483316355e-07
player_228d61ec7686,Martin Vitík,Defender,13,5.21470375655598,0.00019411922512060779,6.006394944164638e-05,0.2346420323325635,2.574002847518069e-08
player_af3076084984,Mark Flekken,Goalkeeper,9,6.132491873189583,0.00019406957966658904,8.978842088549927e-06,0.20767540497725995,5.503863825483435e-08
player_c2774b003e77,Niklas Geyrhofer,Midfielder,14,5.03143972575995,0.00019401973506566974,0.00010582376787261469,0.25403175396924615,3.9067696827197503e-05
player_3cfb400deaed,Enzo Ebosse,Defender,11,4.6586891922442115,0.00019395102753613002,0.00019607927898079034,0.26089747704949606,2.0752489477291107e-07
player_48ae7eb3d05a,Kieran Dowell,Midfielder,12,4.392748521063287,0.0001938242300132021,0.00014374236199081767,0.24048760281673473,2.679005832865373e-05
player_22473760aa1a,Kiko Casilla,Goalkeeper,11,6.0869624256621,0.00019376208179983318,2.4241134157102498e-05,0.20655654383735705,4.402937843111579e-08
player_04d5ceae6412,Birmančević,Midfielder,15,4.452961522023161,0.0001936348255280172,0.0008435196237041786,0.2622612287041817,5.0576413160548334e-05
player_5420fa39d918,Marc Tenas,Midfielder,13,3.235763315801171,0.00019360473632350656,0.00033289955022976843,0.25272060195261487,1.370659759763368e-05
player_bf71cee9825f,Benjamin Bourigeaud,Midfielder,13,4.7377248415721205,0.0001935905794045061,5.216590830864575e-05,0.23705086327578162,0.0013327548507630874
player_6e61c20c661b,Stole Dimitrievski,Goalkeeper,10,5.686800086359031,0.00019354406371103442,0.0003444951217294927,0.20750574419198367,2.3625642021244835e-08
player_8206d919d597,Ricardo Carvalho,Forward,17,4.5852741189442225,0.00019342250000770468,0.0013824050969735734,0.28259509074473266,1.8537517321448231e-06
player_79ad54915fd6,Buta,Defender,13,5.650825244758953,0.0001934150169300234,6.92658088191012e-05,0.26569037656903766,1.4140126748165422e-07
player_52c7a530f92c,Thiago Galhardo,Forward,10,3.937501961130827,0.00019340471080089904,6.396476774315266e-05,0.23415533533072136,2.8357685523480067e-08
player_3da6d15e8d9d,Behrang Safari,Goalkeeper,10,6.619954264060203,0.00019336344702242895,4.8299685386204384e-06,0.1966419896453283,8.439574900460136e-08
player_dd97813dd40b,Igor,Defender,11,5.066847748651313,0.0001932962817064461,0.00014158722183001216,0.25982993414743305,1.2415757925329075e-07
player_c334efc9142f,Jesse Gonzalez,Goalkeeper,11,6.4042044312548745,0.00019325991229155937,5.547228368645446e-05,0.19730070880668027,5.49950862893108e-08
player_010019089c0a,Stéphane Diarra,Midfielder,12,4.227303626117212,0.00019324934239340586,0.0002525647414907117,0.24317855433221638,0.001108537649911994
player_93e4600e90f9,Naouirou Ahamada,Midfielder,14,4.225967085745039,0.00019300587291476575,0.00033592128201705883,0.25406351587896975,5.589146221844027e-05
player_a2c71d1604d6,Brobbey,Forward,12,3.442182945958121,0.00019290744134026357,8.467353205561751e-05,0.2290351668169522,2.8640824367849357e-08
player_ba918fe3030e,Cala,Defender,12,3.7701853773282825,0.00019290383475180993,2.878472019317803e-05,0.21793221793221793,5.013160727047959e-09
player_d612fd992256,Cheick Doucouré,Midfielder,13,5.129389175037211,0.00019287235730609944,9.420125517222303e-05,0.2640504190760834,5.7603785700813246e-05
player_7f301267a1b9,Timo Werner,Forward,15,4.533771734699207,0.00019286349328606872,0.00013455153168789443,0.26130007072590494,2.0164317246816148e-07
player_a5fe67f10aaf,Brandon Domingues,Midfielder,12,3.9783333167853865,0.00019277152317239752,4.0997346345339094e-05,0.2360731919837351,1.2458060496582409e-05
player_f14e866eb174,Peter Olayinka,Forward,13,4.37990926139983,0.00019272653226517556,5.5105696677440016e-05,0.2672804998355804,4.880453978853332e-07
player_f5619857ddfe,Arda Turan,Forward,18,4.728451628484568,0.00019269687322276584,0.00235598440926608,0.3011039490257094,2.7499878264969836e-05
player_9832ef309f6d,Michael Svoboda,Defender,10,3.9862558095847938,0.00019268138116501177,2.6825958720023896e-05,0.22145932101792817,5.482752400459386e-09
player_9ca1fcba5933,Galeno,Forward,19,4.117314351720218,0.00019265720188473096,0.0009097569526339127,0.28306749320888763,7.609472671377574e-07
player_2749f71f6c18,Bonnah,Midfielder,10,3.02653299936366,0.000192656891272257,0.00011427606075032778,0.2439668627686397,8.579632162681741e-07
player_989e9d1056b1,Santiago Castro,Forward,12,3.665269489280769,0.00019265281726539693,0.0001502904045122273,0.2469315834244744,2.481184985383391e-07
player_5bb8e64bc1d9,Giulian Biancone,Defender,13,5.28970337074057,0.0001926470698635503,1.5105921560345256e-05,0.2356078613252942,4.658916590247428e-08
player_e5385d7ac3dc,José Pozo,Midfielder,13,4.524841578906923,0.00019259456349484836,0.00010274272769855406,0.25354045792001995,0.0001340762594270947
player_60efd68ad5d4,Paolo Ghiglione,Midfielder,12,3.776895485639316,0.00019258844726116196,0.0004804784144649972,0.24284433821332538,4.209693237938797e-05
player_593299b30ae0,Isaac Babadi,Defender,18,4.520927179885993,0.0001923776408138217,0.0011859332628778405,0.27240431664320663,7.05887154236519e-06
player_ebb6d452efea,Rafa Mir,Forward,10,3.953405150924285,0.00019231929164763124,0.0001823797047127728,0.24532174332971146,1.9026046408200486e-07
player_367213c85a91,Raul Meireles,Midfielder,18,5.4715704678952495,0.00019230663797521484,0.00010225997807408517,0.28790025502975347,0.00013499528162418483
player_e65367a6d118,Andy Diouf,Midfielder,12,2.935263557622133,0.00019225205355068444,0.00029639221392103955,0.2477444525725433,1.2917508034549372e-06
player_fc73a08e03e6,Joseph Aidoo,Defender,10,4.658584206113452,0.00019215289497388156,0.0001308881699988853,0.2472771524186188,1.1422025850068632e-07
player_23d79d98eb5e,Andrej Kramari?,Forward,8,3.8786457980260955,0.00019209497837197414,1.24403052127427e-07,0.23422281136533918,4.54481449960421e-08
player_7a10ba36b96a,Keven Schlotterbeck,Defender,11,3.9270084717968903,0.00019207599049632276,6.702136622893907e-05,0.22712792712233834,9.0600095769229e-09
player_ac76294564cc,Florian Lejeune,Defender,11,4.429815000672834,0.00019200901555518367,3.194555981719521e-05,0.22611695320758915,1.1866601770267584e-08
player_5c6151d2acd7,Andrea La Mantia,Forward,11,3.497912800641418,0.0001918858907811242,0.0006294297045977947,0.25262634425312364,2.1201951160045008e-07
player_d8d9e778e356,Romain Philippoteaux,Midfielder,9,3.441104438072356,0.0001918793210942756,0.00022637032938945757,0.22039045553145337,1.9245202374220464e-06
player_e4859491166b,Gaëtan Poussin,Goalkeeper,11,5.87270908456335,0.00019181722358432022,2.390824647975873e-05,0.20664056541414552,4.4008765047343955e-08
player_ff3b8a45fd49,Marshall Munetsi,Midfielder,11,4.665470555323818,0.0001917875755716041,5.85902448799498e-05,0.2412442122759112,2.716721234309765e-05
player_d7388e14d70a,Eberechi Eze,Midfielder,12,4.348052569127686,0.0001917796432172413,0.00019995819288928245,0.24821352226226104,1.2565004656440587e-05
player_39be5c0bf94e,Wu Lei,Forward,10,3.2654816384784815,0.0001916776054089816,7.001870645369714e-05,0.2243196997295358,6.60528347328219e-09
player_33fbbe0f3837,Lloyd Kelly,Defender,13,4.751427264865189,0.0001916272041335007,0.0003428372539883039,0.25826131164209454,1.9218883621467498e-07
player_0660ac545182,Yayah Kallon,Forward,9,2.859588319592088,0.00019162374684182672,4.673228243176477e-05,0.1980217317156361,2.5554894377735955e-10
player_fdeade6f6b2f,Umut Meraş,Defender,11,4.865086897640664,0.00019160445950103613,4.154209658525198e-05,0.23445252105688244,1.4278904885598136e-07
player_7a8c7713cdc9,Miguel Almirón,Midfielder,10,4.291578352425298,0.0001915808273758384,4.3324562017721194e-05,0.22187039362340993,4.6487561926250394e-05
player_6b0654e865fe,Jean-Kévin Augustin,Forward,13,3.256095888166277,0.00019156511482055843,0.0010656666454986262,0.26104830421377184,2.861233030368404e-07
player_7dfe1a19c7ed,Frederik Rønnow,Goalkeeper,11,5.513535809610687,0.00019156226694887524,0.00020231018724874906,0.1975404656588733,2.238790975083846e-08
player_136135db20da,Sebastiano Luperto,Defender,12,4.591307810741597,0.00019152337750508476,1.888490552235994e-05,0.22899645010424297,2.0288435337892093e-08
player_5bc3ec66054e,Silas Katompa,Midfielder,10,3.5847591432453525,0.00019136269912918186,0.00011742365985971548,0.21878869448183041,1.701033735677436e-06
player_396d5948501d,Marko Dmitrovi?,Goalkeeper,10,5.965313299526294,0.00019135358298309074,8.071036731443922e-06,0.1990108221928407,7.077699144449972e-08
player_0a49594fad90,Mattia Aramu,Midfielder,11,4.503920720694303,0.00019133789922444653,6.435577349965715e-05,0.22840442870791886,0.0001476802146579344
player_6aea080a1b7a,Vladyslav Supriaha,Forward,13,3.4733239177026145,0.00019129566493589068,0.00029842301125701824,0.2555010687790771,2.0810525952171434e-07
player_76db68856d36,Giovanni Di Lorenzo,Defender,15,6.023431015542387,0.0001912374835776319,2.8381714989035478e-05,0.2512985406876082,1.0227946793596476e-07
player_b65b99923bf0,David Okereke,Forward,11,3.453871423296166,0.0001912264104832484,0.00013314482014002016,0.2522187053931608,5.1910827349610204e-08
player_1846d6a87916,Francesco Bardi,Goalkeeper,10,5.643280779788516,0.00019117380116002815,0.00015333407397064402,0.20575131632239774,3.042243864216738e-08
player_8defafe414b1,Christopher Trimmel,Midfielder,11,4.844660918507679,0.0001911615119622278,4.822883807086626e-05,0.23788339967220792,1.562348516412021e-05
player_fc65b3e5f0c2,Jeff Hendrick,Midfielder,16,4.3868348924315175,0.00019110157956588622,0.0002751011236681512,0.27450185748058087,6.875305956373206e-05
player_cac4fbf76cf1,Pol Lirola,Defender,12,4.877972937590803,0.00019109930456990702,0.00023028892147032234,0.2596971052463416,1.2573449699281442e-07
player_57466ab0d34c,Min-su Kim,Defender,12,3.937653135789379,0.00019105953406400606,0.00032080646366048525,0.23757745820180054,1.4145258507902932e-08
player_b2b66bbb34a4,Omar Colley,Defender,11,4.364276458834023,0.0001909858116202321,0.00022419821193399116,0.2475633528265107,3.619469772468227e-08
player_dcee940e0b52,Javi Puado,Midfielder,11,4.748893772332536,0.00019097632187231955,7.522024547030369e-05,0.24007561436672967,1.1280089519850021e-05
player_3d78b96191ee,Luca Zidane,Goalkeeper,11,3.864805371766547,0.00019097454383051405,2.72321722982585e-05,0.19425457674107358,6.351743921181329e-09
player_7fba3f68c548,Tiago Djaló,Defender,15,5.628824471065724,0.00019096455073434377,3.219416805793698e-05,0.2726967724619204,1.8919889863638448e-07
player_0fc2c4f8873b,Dennis Johnsen,Forward,11,3.5546821782669062,0.00019092653400501976,0.0009024797781972333,0.241674595623216,8.928583215612165e-09
player_0c028f087726,Marc-Oliver Kempf,Defender,13,5.021361690572932,0.0001908020567139821,0.00010112701072810931,0.26869421487603307,1.9718327431087453e-07
player_7090610ff05d,Wladimiro Falcone,Goalkeeper,11,5.771895757747352,0.00019071876126217983,3.494494027950908e-05,0.2074316047366272,4.3368413353598355e-08
player_00a57c0d198d,Karol Fila,Defender,10,3.585668703361316,0.0001907011400135707,5.7095699831302394e-05,0.20733636038977604,8.051931558790949e-10
player_9f3ce0a3cd30,Fabri,Midfielder,13,4.522705315312861,0.00019068548380164196,0.00010539077428048649,0.24561827632056085,6.765834420962401e-05
player_da937b235edb,Isaac Cuenca,Forward,13,4.438175336185281,0.00019064782634713347,7.36331565432184e-05,0.2627699469804733,5.048101268847742e-07
player_ca6a659464b0,Tomáš Wiesner,Defender,11,4.764597367289694,0.00019062264120161193,4.802626710242413e-05,0.2360320594726449,3.296090775427908e-08
player_cc28cbb57b60,Anthony Lozano,Forward,10,3.783711444099667,0.00019052166990195794,6.948193701887554e-05,0.22350547214431063,1.648113298382536e-08
player_d9183316b31a,Grégoire Defrel,Forward,13,4.336681759084302,0.00019044693731675794,0.00010785908423897947,0.2522030532456249,8.094271560625476e-08
player_cf80aaab9c68,Victor Moses,Midfielder,13,5.117327758639219,0.0001903948935180831,3.0091874307851527e-05,0.24317855433221638,0.0016620632338059814
player_5a719fb440d9,Josan,Midfielder,11,4.3605955871336155,0.00019034741146035382,8.094230305010084e-05,0.2356761772210624,4.850298105378892e-05
player_c247366ea607,Joscha Wosz,Midfielder,12,3.1883951019344043,0.00019033536216851466,0.0003833081320203999,0.25272060195261487,2.5272858929815427e-05
player_3a83eb30a908,Abdessamad Ezzalzouli,Forward,10,3.497413373040668,0.0001903249183055474,0.0001759122300201964,0.23763302537714887,2.6527415286559445e-08
player_d0cbfda69cf9,Kyriani Sabbe,Forward,17,3.9223496468814307,0.00019031994093304084,0.001358867312346158,0.2851529609879315,2.0472926486779163e-06
player_0d2c070ab059,Savinho,Defender,16,5.606995389384748,0.0001903139875203455,0.0002479927375001732,0.2655688427105796,1.2521700059690703e-07
player_177c0852c94f,Serey Dié,Defender,13,5.071724138189874,0.00019007809890070202,5.732676887239447e-05,0.24880617117668666,6.672527167272839e-08
player_ebe47acf6417,Steven Fortes,Defender,12,5.4067664202183625,0.00019003155661729177,4.9727625910618386e-05,0.2486995899883728,5.580779018543972e-08
player_c00226b26602,Tanner Tessmann,Midfielder,12,3.7063445457454884,0.00019001733459414062,0.0001448261706263265,0.22659604126010593,1.907692601729798e-06
player_deeb39327c57,Nico Ribaudo,Midfielder,11,3.6885924071520195,0.00019001420080724002,2.8033072501604144e-05,0.22476632929594603,2.056531235977669e-06
player_9ccb8b937f3f,Kaio Jorge,Forward,11,3.2459333156915706,0.0001899209874412294,4.9878521622084474e-05,0.22297816306375506,1.764506209518653e-08
player_cda8d7816d63,Samu Castillejo,Midfielder,12,4.203947982162259,0.0001899012659906827,8.790177451195732e-05,0.2401749305596596,7.549735641030563e-05
player_d7aa74009f86,Oier Zarraga,Midfielder,11,4.4771088183913905,0.00018976724189270506,3.850373369242673e-05,0.22634363686995265,7.579760507093104e-06
player_c6e2bd0770d4,Sandro Tonali,Midfielder,15,5.33380638225554,0.0001897658689510401,0.00011289785428304537,0.2610650735530288,8.915431731360266e-05
player_9b742946a89d,Taiwo Awoniyi,Forward,11,4.114727233540632,0.00018975991626264864,0.00019903302186186455,0.2504467862204967,8.67672843663859e-08
player_14e4e631fb2c,Anis Hadj Moussa,Midfielder,20,4.675080955012808,0.00018962705608619563,0.0023172196093985404,0.2917863296955773,3.3592435286696085e-05
player_aba74852a671,Emanuel Aiwu,Midfielder,12,5.128055072837101,0.00018961260163221077,4.337569071471116e-05,0.253603744149766,6.249763398327343e-05
player_eb5dc748bda3,Noah Fatar,Forward,10,3.0727194289676776,0.0001895818822687237,0.00023413772853247413,0.21147941926419317,2.4046987877682013e-09
player_777a2ee23843,Dmitro Chigrinskiy,Midfielder,12,3.977234370176294,0.0001895600437863701,0.00023940863320370535,0.2538572053220064,2.9676522168438827e-05
player_5daf964ed7f1,Leander Dendoncker,Midfielder,11,4.9318824867264315,0.00018946738080440688,0.00011601576942047818,0.25312986608533167,6.174560128575171e-05
player_cbbf7c61c3b2,Duje ?aleta-Car,Defender,8,3.986226944036554,0.00018945832451144272,1.3178341493084708e-06,0.18036570211255104,2.0230227343350685e-10
player_beca3cf6f8c4,Lisandro López,Defender,19,5.411039547774729,0.00018944065083867443,0.0014384660126897525,0.28531311429373774,2.9881611182552477e-06
player_b2894594c10f,Charlie Cresswell,Defender,12,4.088878774013634,0.00018934673579728498,0.00010850148108154667,0.24470134874759153,2.21270252413439e-08
player_74c899545908,Leandro Salino,Defender,13,5.289125898835186,0.00018925378739540846,0.00011434522260327944,0.263741968979168,1.2517078989941874e-07
player_64420d2699bd,Mamadou Sylla,Forward,9,2.7690620899794283,0.00018925003089854112,2.6330753677576962e-05,0.1894285447935117,1.0632677661561034e-10
player_9890969014ea,Dylan Bronn,Defender,14,4.873233837809046,0.0001892278272375615,4.029606924100997e-05,0.2563876096145354,7.922957698591e-08
player_2cfa7c310e14,Tijani,Midfielder,10,2.9312869013976632,0.00018912767109819452,0.00011066497356198337,0.23601835182066322,7.627395484616243e-07
player_b7f8dfcf4bc1,Reinier,Midfielder,10,3.8226907820998886,0.0001890053646229381,0.00011268370742432034,0.2411440099685516,8.601342319669785e-06
player_7f8a2ccfca08,Jakob Sørensen,Midfielder,11,4.039126657656757,0.00018899396810697112,0.00014316021565700964,0.23699556799626778,1.737604588459437e-05
player_9732df897091,Monchu,Midfielder,12,3.390371122043823,0.00018889592677576224,0.0002647153055395311,0.24493731918997108,4.22430102111877e-06
player_98c9267d3403,Joakim Maehle,Defender,15,5.765683547479393,0.0001888927885260317,5.43723888584278e-05,0.26422209219166504,1.0543465024920301e-07
player_9ba18d2127e4,Jean-Daniel Akpa-Akpro,Midfielder,10,3.5789718041874257,0.00018873519268355538,4.1563331935288875e-05,0.2098848318958839,1.5645866315979687e-05
player_d2d2ac623662,Filippo Delli Carri,Defender,12,4.0040743427151035,0.00018868537997311432,0.00012198009814577018,0.2328406096023834,1.4611835941724952e-08
player_cdac68ec9f28,Richarlison,Forward,9,4.0065001858106895,0.0001886116813176845,7.846022530933762e-06,0.21423299947285188,1.81859732147211e-08
player_69d8420a5255,Mario Yepes,Forward,15,3.9502525786240925,0.00018860870979678802,0.0001743305482297339,0.26795015494164964,2.0760503332601769e-07
player_243cf0b0b566,Gedson Fernandes,Midfielder,12,3.3634209758205644,0.00018859671746095078,0.00037867638415490737,0.2352668750723631,4.0188078151358425e-06
player_8fcea8f684aa,Stephy Mavididi,Midfielder,12,5.047236612174911,0.00018845190002698988,7.176609464821784e-05,0.23348270711248995,0.001471595487064462
player_abc16c09aef9,Lenny Joseph,Forward,12,3.053645751910606,0.0001884167710750798,0.0007703226303427631,0.2411153960249184,1.347716415571201e-08
player_bdd938ae307b,Diego Farias,Forward,10,2.8682479293133474,0.0001884076589984562,0.0006363831251947875,0.24238086717957893,2.3872442861766972e-08
player_f2218d7d6405,Sada Thioub,Midfielder,10,3.7468878619698343,0.00018840493854820262,0.0001267915862536166,0.22957857869167325,2.9819477156904083e-06
player_4558ee4bd1a1,Julian Pollersbeck,Goalkeeper,10,5.977157637885798,0.00018840388674097968,4.261604519607965e-05,0.2074527820316488,1.2358226612296416e-07
player_7a5b39a3a7e1,Arthur Vermeeren,Midfielder,12,5.395144913874219,0.00018816058347743744,3.930676649541543e-05,0.2627699469804733,0.00013018959847874623
player_fc9f74a738c7,Yýldýrým Mert Çetin,Defender,12,3.9459877569013306,0.00018815866412443398,0.0001987117232392827,0.22912555674578564,7.3789107994537365e-09
player_44a1ffc7a09b,Augusto Solari,Midfielder,11,3.710572291389383,0.00018809484807714676,0.00027588730342108426,0.2395378993280679,2.1015491675113476e-05
player_795cd91e08d0,Sofiane Alakouch,Defender,12,4.1355591758894485,0.00018809331374353638,0.00010732142742902475,0.246811611806146,2.612392271548114e-08
player_1953712158d5,Paul Wanner,Midfielder,13,3.6106198233829296,0.00018808162333654112,0.00029605453042315654,0.250061530888506,8.73037284725504e-06
player_e1b3c642c8a1,Rúben Vinagre,Midfielder,12,3.8731868291019445,0.00018802661288741434,0.00031699089592227036,0.22808396004040857,1.3235367319999712e-06
player_9a391c60c0bd,Thomas Henry,Forward,10,3.270614945386665,0.00018792918120040547,8.94793992061839e-05,0.23629280772137914,1.6285234323136875e-07
player_4409a18355bd,Tyler Roberts,Midfielder,11,4.033559091123754,0.00018791372464484465,5.501736190991384e-05,0.22313731949706253,4.384167754564675e-06
player_da07c5637af2,Bruno Alves,Defender,12,3.4476671974801887,0.0001879127406522829,0.0004556467668148548,0.25986316260630477,3.0547029197260495e-08
player_fc0144921b92,Jere Uronen,Defender,11,4.7500623264539055,0.0001879009982165439,0.00042136540369661524,0.24021751980139497,2.0809129795144787e-08
player_73ad21ffba92,Chukwueze,Midfielder,16,4.033877354257894,0.0001878297021661843,0.0011193910585042782,0.27422402159244263,3.363135986463636e-05
player_e9bcd8e5fa92,Eric N'Jo,Defender,12,4.6170517199278525,0.00018781186042550688,6.184885185572804e-05,0.24642250788260975,2.2251818153784008e-08
player_a94c0e7e5de7,Andrea Favilli,Forward,9,3.1879569169851036,0.00018768760878167245,7.401735522639361e-05,0.23597723841597956,6.317935342748907e-09
player_c00318b81e51,John Ruddy,Goalkeeper,9,5.627215141752697,0.00018766715359336245,0.00022337930346410853,0.20780283274530859,3.4317357408867734e-08
player_509ec8aef474,Álvaro Aguirre,Forward,9,2.675701870611451,0.0001875863803123677,4.975765402390435e-05,0.22123026673924878,1.2448227609005573e-09
player_bd05fef55cff,Jean-Eudes Aholou,Midfielder,12,4.741371919854193,0.0001875820964775655,0.0002524328992550927,0.26094773340182353,4.764020400908045e-05
player_7172154dbf08,Nico Gaitan,Forward,17,4.471311835501145,0.00018757980570133562,0.0017453974194457703,0.29440741813966964,1.8311141245055085e-06
player_e731f1c395a0,Marco Richter,Midfielder,11,4.418657982893071,0.0001875312535252164,0.00012749429598072812,0.24075829383886255,9.00737928874938e-06
player_8656e1051f46,Kerem Demirbay,Midfielder,12,4.811384137295343,0.00018746866019581806,6.617188596767486e-05,0.25466850482516606,6.754523095753025e-05
player_99b2936b1424,Mohamed Elneny,Midfielder,19,5.462607256180862,0.00018743787975107284,0.0023384325871392835,0.28579465541490856,9.320071305520953e-05
player_d1626776c3c9,Aleksander Buksa,Forward,10,2.958990251704051,0.00018742940280191484,0.00015471266478076572,0.2266086762573882,8.127759055469482e-09
player_5de1a6a7ed2f,Yasser Larouci,Midfielder,11,3.933149750189621,0.00018741943029473068,0.00010428284406872007,0.23575820860888735,1.9310698695118444e-05
player_cfdad9f01aee,Lee Dongjun,Forward,12,3.887866453758372,0.00018733600798162239,0.00010601689364042782,0.25020008619097456,1.1923887124670277e-07
player_78fba18a9a1d,Landry Dimata,Forward,11,3.037791192353741,0.00018731832434703126,0.00022824004847945203,0.22300263388937663,4.8362166551997275e-09
player_20518b83ba86,Robert Skov,Midfielder,11,3.754242041443099,0.0001872542235330603,0.0001104329201798719,0.23939679547596607,1.5394412168911088e-05
player_ad371783fd49,Anthony Mandrea,Goalkeeper,9,5.145847449699261,0.00018725078289273344,7.104617015251664e-05,0.1781830936513504,4.600701096843134e-09
player_cae0f573b8b4,Hidemasa Morita,Midfielder,11,4.7068206655555604,0.00018720739618096762,2.9600720797367337e-05,0.24477504065530326,7.29447766096405e-05
player_ab25881f71a3,Joel Campbell,Midfielder,13,5.682963765663506,0.00018717833381658776,1.2808665089749479e-05,0.24944758163515837,0.00011210033421900425
player_3f70d0c0c956,Estupiñán,Defender,10,3.6791336846553233,0.00018716300587267603,6.617922248974027e-05,0.23821805392731535,1.9463222322288193e-08
player_673bec879224,Joakim Nilsson,Defender,12,4.464550172571766,0.00018712327873786385,0.0003066576385075723,0.2477595561787478,1.9948603577229466e-08
player_bc733e762acd,Viktor Kovalenko,Midfielder,11,4.421332194992729,0.0001871102537852646,0.00018917140167292072,0.23706469112757395,1.1242227807998197e-05
player_1fa5deeed198,Dimitris Nikolaou,Defender,9,4.377715667684684,0.00018709546408967237,1.3206529462791115e-05,0.22123026673924878,5.1929183206264825e-09
player_f5b7feac3db6,Jonas Hector,Midfielder,11,4.476600643440504,0.00018708741134685808,4.5424730868894665e-05,0.23779988297249854,9.061989228002036e-06
player_06c0e1955776,Anthony Losilla,Midfielder,10,4.813498918453682,0.00018707921038571142,6.221124548970441e-06,0.2265202608550248,1.201084663177862e-05
player_c392fa2cf399,Pierluigi Gollini,Goalkeeper,12,5.075444073355667,0.00018706473877599315,0.0003601296190350872,0.20111842430840798,1.8906576536450244e-08
player_a8ed804ab5d9,Paco Alcácer,Forward,15,4.027102452679477,0.00018700397990135,0.00034973853389339335,0.2603292550124912,3.5082477945947306e-07
player_9cd2e5ab8100,Anthony Modeste,Forward,10,3.8626912939519027,0.00018700310587581407,7.31614043725712e-05,0.23806455392185577,4.931293895332107e-08
player_88f8b44a406d,Nikola Moro,Midfielder,14,5.400893363543866,0.00018700242633724347,6.364231804861411e-05,0.2551001192643274,0.00030755866586753156
player_841a6734fe73,Sebastian Walukiewicz,Defender,10,4.0391044089097345,0.00018692866101872367,0.00010788491118348259,0.23475046210720887,1.1673865239535945e-08
player_d37af8df2a64,Nikola Vlai?,Forward,10,3.4180812549339623,0.00018685055482506966,0.00027016926042871354,0.23786947614866844,2.4782222996123347e-08
player_3e7df751269a,Warmed Omari,Defender,10,4.8166210681360235,0.00018684055891311096,2.1842176858597048e-05,0.24148790777823995,2.8192832813785547e-08
player_c6bc457ab326,Leandro Morgalla,Midfielder,11,4.095257815545031,0.00018683017873462798,0.00017139248554572117,0.2427283043660037,5.064130441555747e-05
player_3ff42dcf1f0c,Brian Oliván,Defender,11,4.437689510630304,0.00018680907849401388,0.00014882161130057243,0.23866572703782007,2.0324189739540464e-08
player_47b3425a7a4e,Max Aarons,Defender,11,4.763943619590657,0.00018668681905668997,0.00020996613970155595,0.24117263070440922,2.2734387749198353e-08
player_77c82d0e0114,Arthur Desmas,Goalkeeper,8,5.106965590090304,0.00018667759052727584,2.3416292647933512e-05,0.17812061711079943,2.1381525740005474e-08
player_579f2b5c3074,Jesus Vazquez,Defender,10,4.355023877225614,0.00018665267016968295,9.406578947378016e-05,0.23176504134587966,1.4424914405569557e-08
player_6491677537b0,Martin Valjent,Defender,10,4.711772802022751,0.00018653903334769778,9.906606984265953e-05,0.24379124175164968,2.4392126234687503e-08
player_ae43fccca799,Robinho,Midfielder,17,5.290182423289271,0.00018641930079334708,9.611316869953848e-05,0.27051853824136324,0.0001607817893350496
player_d0e8696a7a7f,Cengiz Ünder,Midfielder,15,4.4087483215039365,0.00018640857322730056,0.00017604468308717513,0.2503850656151808,8.42554330470616e-05
player_c9a650f0b1f5,Vincent Pajot,Midfielder,14,4.92428327193891,0.0001864012963863341,2.3275575667123118e-05,0.24178962398857687,3.716995876669402e-05
player_0a76ade779ba,Guilherme Siqueira,Goalkeeper,13,5.0318644916155115,0.00018639682721912533,5.081348692920887e-05,0.2543815723585378,7.710987771199407e-07
player_14c768deef64,Enric Franquesa,Defender,10,4.141302044785448,0.00018638517531046933,4.452219914218621e-05,0.22981225966975796,1.1036648063820404e-08
player_6767e23b2f8c,Ralf Fährmann,Goalkeeper,13,5.951625988156478,0.00018637113205660606,0.00010451635575856852,0.24189036366882924,8.12573132227953e-07
player_b4092900de67,Park Ji-Sung,Midfielder,16,5.056206309846255,0.00018634458807119918,0.00012224137834777456,0.26239669421487605,0.00016653625176494147
player_0294b6f18716,Justin Hoogma,Defender,12,4.463390219883472,0.00018625394528033236,0.00016091044171663097,0.24908065702378035,2.3475697223964164e-08
player_4c20dbb0cf3d,Ridgeciano Haps,Midfielder,9,4.008575231705049,0.00018611990955434102,1.471665714074211e-05,0.20463242698892245,8.895730206824522e-07
player_6886b18a1d94,Alexis Saelemaekers,Midfielder,15,5.171148497266101,0.00018602476929070654,0.00010478490796001057,0.26492829204693613,0.00015772847359489422
player_b5b1b7259e81,Ashley Westwood,Midfielder,13,5.349966321584905,0.00018600790178109226,4.1889348203870344e-05,0.2607300955924809,0.0001528001011664868
player_27f7da634c4f,Dimitri Oberlin,Forward,8,3.4238901847951753,0.00018592771131478635,9.750757644794435e-05,0.23903070227032114,1.2680289290417554e-08
player_c97f53b45f6b,Willian José,Forward,11,4.1202142020852115,0.0001858349978334906,6.376499478451334e-05,0.24675166970248938,7.081990394847173e-08
player_8b3cee71ae0b,Gjivai Zechiel,Defender,10,4.207084689471484,0.0001857054736018895,7.795547390474667e-05,0.21971130453587068,4.726201426470396e-09
player_6cf0541ba7c8,Hákon Haraldsson,Midfielder,11,4.757663474378965,0.00018564560113913734,3.5713864441804876e-05,0.23732772716654987,0.00010943256785724211
player_e840a4dd414d,Mohamed Bayo,Forward,16,3.9293990587682996,0.00018560619532489024,0.0002840026085979078,0.24433355377863283,4.514053054925581e-08
player_4e9722de788c,Alexandre Oukidja,Goalkeeper,9,3.7853210974902805,0.0001855603039730987,3.2762289259523326e-05,0.2065145586665989,1.3076830819738032e-08
player_43ba7bbdcb28,Moisés Caicedo,Midfielder,12,4.449550116863519,0.00018555489621627054,0.00010052312257630119,0.247518119252086,3.4015904919892104e-05
player_dfc418954f5c,Serhiy Kryvtsov,Defender,18,5.482141392626012,0.00018549554005367857,0.0002579747130229205,0.2849730032957016,3.0706088272789985e-07
player_e90f11ca56fb,Miguel Juan Llambrich,Defender,10,3.82023851371305,0.0001854808613809357,0.00011300136728376336,0.2326007326007326,1.4061758214198404e-08
player_5628faf6f912,Ivan Toney,Forward,9,3.922480323871263,0.00018544785993787808,7.706515636854761e-06,0.22037850441950002,2.04136628627812e-08
player_fd784aec743e,Lukas Rupp,Midfielder,10,3.842691961353611,0.00018539423275731718,3.7015417013626833e-05,0.21422170681566602,3.166938446854091e-06
player_9b434b0f0f77,Alessio Cragno,Goalkeeper,11,5.576893888940423,0.00018532066961399763,4.915951941923826e-05,0.20408778185105209,2.8176172490361226e-08
player_4bfb1e37516a,Gianluca Caprari,Midfielder,11,4.633367374822717,0.00018529491870525019,3.922146802093516e-05,0.23842769140510414,0.00013577889261308167
player_b41bec53fd05,Jeff Chabot,Midfielder,12,4.685598712573453,0.000185257036258666,6.469690171255402e-05,0.25849128609591654,4.0208292734437356e-05
player_b1fe0b2cbad8,Omri Glazer,Goalkeeper,9,6.481569293486402,0.00018514871592028066,2.4158061590034215e-05,0.20954934515829637,3.992636281428732e-07
player_75cfdf3e4cca,Unai López,Midfielder,11,4.138934497620783,0.00018511609613379963,0.00020682888652132637,0.24546992027059678,2.6164805890542513e-05
player_f8b04e0f2955,Pablo Fornals,Midfielder,10,4.5663849967255175,0.00018507480682641923,4.5866921099594964e-05,0.22418358340688438,9.170875645054657e-06
player_26facdc68d12,Jacob Murphy,Forward,10,3.361906979162895,0.0001850264897538081,0.0009342341754353547,0.24558859076625575,1.0677865398216524e-07
player_0371b199ec66,Javier Llabrés,Midfielder,13,3.8209359812054284,0.00018497653102117766,9.060538939158395e-05,0.23605947955390336,1.091901159371173e-05
player_ea7a826aea07,Christiansen,Midfielder,15,4.616379358269127,0.0001849581091411409,9.835358062442301e-05,0.2575248716811355,0.0011295003283492398
player_2a41ce619ac8,Marko Ilić,Goalkeeper,8,5.192217599868926,0.0001849529043728878,1.5911411692046225e-06,0.18014184397163122,1.7831022146222926e-09
player_f4dc1eade6af,Renato Augusto,Midfielder,15,4.56493580376979,0.00018483730115547434,9.175862340454179e-05,0.264686726585906,7.588057904614088e-05
player_73da289489e2,Arnór Sigur?sson,Midfielder,10,3.39453192681295,0.00018482919629503742,6.308160184745023e-05,0.20892453218178078,1.1423809372585374e-06
player_131e3b145310,Simone Padoin,Midfielder,15,4.96348001264814,0.0001848138916071997,0.00012332039930759947,0.27472453187318324,7.85924410998781e-05
player_ad79333d4c7a,Leo tulac,Midfielder,10,3.900639155926867,0.00018477810543766297,3.257283657046805e-05,0.2172797262617622,1.6883740705752772e-06
player_ec9e41442b05,Tyrell Malacia,Defender,14,4.256227756623843,0.00018474123040395285,0.000210449448576409,0.25498807880537083,7.92318952607743e-08
player_0809ce0cbc94,Josip Brekalo,Midfielder,12,4.774552764436976,0.00018472377442640885,0.00018613692310472753,0.25357209708616707,0.0013757014181023657
player_61f5950114d2,Oliver Kirch,Forward,8,2.6041006468181975,0.00018471762729890205,0.00011918035258825413,0.20991735537190082,4.369043824139926e-09
player_432b7ac355a8,Kyogo Furuhashi,Forward,11,3.29395577722905,0.0001847166949646666,0.0002806630600119421,0.2490959239963224,1.1001450917990406e-07
player_01afb84d7226,William Clem,Forward,10,3.4844880331175894,0.0001846860075851081,3.4680931869560676e-05,0.2463030303030303,2.3685087433743559e-07
player_bc1bd64572f1,Carmona,Defender,12,3.808725224742455,0.00018464251968907132,0.00018120505263771782,0.23597723841597956,6.711011497483032e-09
player_08d503082490,Ander Guevara,Midfielder,9,3.7708963712953607,0.00018462794610325976,4.124906941732916e-05,0.2200682298153463,2.9332546486334584e-06
player_a3e3c931ec2d,Igor Paixão,Defender,17,5.120546302298934,0.00018461174733058205,0.00016898270557656826,0.270915272315179,1.265809210297596e-07
player_344805532ca0,Finn Dahmen,Goalkeeper,10,6.393691295266117,0.0001845577735857864,9.634193098787686e-05,0.21120465648061532,3.4609334106999694e-07
player_e61a54cc122a,Stefanos Kapino,Goalkeeper,9,6.194336311766618,0.00018453590015233743,3.069402865983293e-05,0.21405245970715264,8.690332139580307e-08
player_563dc3e59e8c,Daniel Bachmann,Goalkeeper,9,5.349011959831501,0.00018450119095540167,2.6501144228305334e-05,0.1783081783081783,9.347621235542055e-09
player_ce65ec693c64,Mehdi Chahiri,Midfielder,10,2.758829668399578,0.00018439938208516222,0.0004111616953098579,0.23176504134587966,5.761428653062423e-08
player_ececc439a2aa,Michal Kadlec,Defender,12,5.385565974822683,0.0001842892508484647,1.5181420872642876e-05,0.2384137040948023,4.169808552667121e-08
player_f89761138e51,Leonardo Mancuso,Forward,11,3.253378543603938,0.00018426162663490297,0.0005463534328965997,0.25603225603225604,2.11172001849071e-07
player_153c1571096a,Hianga Mananga Mbock,Midfielder,9,3.74860516711488,0.00018425509411366877,8.61772044218055e-05,0.2195569962182604,2.00253417524749e-06
player_2f631206f920,Cédric Brunner,Defender,10,4.318446244864798,0.00018421825933054328,2.5026528642131833e-05,0.208431634013745,2.5810579267617276e-09
player_3cf05d355bca,Salim Ben Seghir,Forward,8,3.3999953382716157,0.0001841234115589525,0.00026307706091640226,0.23068626894476926,7.461365087647067e-09
player_ccd022421600,Luca Ranieri,Defender,11,4.551258958434962,0.00018409126890197428,6.019110005164498e-05,0.23720305842526118,1.3704075222383913e-08
player_9425d9809a70,Anton Stach,Midfielder,11,4.530156881943136,0.00018386174879846378,0.00031598300337178835,0.2566628773525325,4.6661754293036444e-05
player_e7d510c72ace,Benjamin Uphoff,Goalkeeper,9,6.039131936492147,0.00018381042650850754,0.0003261181170197226,0.2296693981350664,1.722896737060988e-07
player_acae66a1f5ad,Matondo-Merveille Papela,Midfielder,12,3.8985864318050396,0.00018376537557513017,0.00010060982403324932,0.25235966219572775,6.144275764065482e-05
player_aade90271fe1,Luís Maximiano,Goalkeeper,10,5.2950345067376485,0.0001837345702061996,8.70098129556599e-06,0.18841856367935464,1.8232406193635058e-08
player_68cfbf2fede8,Ruan,Defender,10,3.619865370489195,0.00018360493397180208,0.00011087996080646051,0.2294878310463606,5.181677105707986e-09
player_cebbaa9ba661,Kingsley Ehizibue,Defender,12,4.03716787107778,0.00018356407420279746,0.00034693546881416423,0.23324150596877868,1.4217048280086048e-08
player_35c5c02d8eff,Pierre-Emile Højbjerg,Forward,10,3.491219851150102,0.0001835436754112243,9.590820750370697e-05,0.25579053373615307,2.287598695106736e-07
player_8b984a3801f9,Gerrit Holtmann,Midfielder,12,4.613611510140029,0.00018354063882381014,0.00015222591350079004,0.24517374517374518,0.0013343358450543222
player_4ec41f65fcde,Przemys?aw P?acheta,Forward,11,3.203789849213962,0.00018351362357216084,5.825544588984124e-05,0.20947373846708933,2.932598718372666e-09
player_998acdd5c7a6,Tomás Rincón,Midfielder,10,3.9514168957394777,0.0001834849459958658,2.9143207584766774e-05,0.21412012644889358,4.5382247801196905e-06
player_51c3d84ddb2b,Mirko Ivanić,Forward,10,3.1060986555009036,0.0001834526273456981,4.7973448732080664e-05,0.24174647552197964,3.845036738192874e-08
player_89ae61d16290,Waniss Taibi,Midfielder,11,2.935997110419042,0.00018334654533037786,0.00019338557558181606,0.23272060928820937,3.5321779646319026e-06
player_468025797f9e,Milo Pantovi?,Midfielder,10,4.033649173816223,0.00018331302637230015,5.8574053793773315e-05,0.22645714922545415,1.572170969633198e-06
player_e3a55c561a5e,Brandon Soppy,Midfielder,10,3.663144576316806,0.00018330506555949396,4.066741556339422e-05,0.22127844930850485,1.8769082293419908e-05
player_83f088c3851f,Fabio Depaoli,Midfielder,10,3.544199197395361,0.00018329304151478156,0.00010843912264914627,0.22380087009196542,4.88484185342725e-06
player_4dd335579a4f,Benjamin Rollheiser,Midfielder,12,3.8009135700778183,0.00018326595226302435,0.0003537868483372848,0.25355627651609686,4.125758598646305e-05
player_137b162b76c7,Fredrik Oppegård,Midfielder,9,3.4403596033313404,0.0001831862075524931,3.2727779822716615e-05,0.2360869060067387,1.5255439308253298e-06
player_fda1a2b9f735,Maxim Leitsch,Defender,10,4.40381840710471,0.00018316689200812816,3.0499874119668498e-05,0.22935831593205033,1.917983703921905e-08
player_d5b14c27825a,Pablo Maffeo,Defender,12,5.096158215692169,0.00018315440222575532,3.758113357440199e-05,0.2603626113139855,1.035822888635074e-07
player_58deab8a7156,Daniele Bonera,Defender,15,5.210597546662219,0.00018309885417404557,7.694599703592331e-05,0.2606799230275818,1.1388689549356423e-07
player_ca885c3d2fef,Matthias Ginter,Defender,15,5.3899107011936085,0.0001830002322419012,0.00010052946928492463,0.25428607183080965,6.383686180679632e-08
player_838f1bf67d18,Frank Anguissa,Midfielder,16,4.752533166789964,0.00018297828885180072,0.0018271048236171465,0.2878798611603032,4.187211785060963e-05
player_76f9d784ac8d,Milan Rodić,Defender,11,4.091449589672132,0.00018292124387062699,7.785781284237567e-05,0.23724460011675425,8.916426032253278e-09
player_c4b2cb476bba,Samuel Iling-Junior,Midfielder,9,3.519192868071695,0.00018286320284319042,1.3159539103200558e-05,0.2122525722045229,1.738699339266422e-05
player_c8d7f2554100,Nahuel Tenaglia,Defender,10,4.24157929738674,0.00018283003636485826,4.4218587483345645e-05,0.2255021640217512,1.50596683934908e-08
player_cede5272df09,Erik Lamela,Midfielder,16,5.39511206820416,0.00018280643361433054,4.1246199272723456e-05,0.25067850974586725,0.001278056653766453
player_1cb65edd921c,Noah Joel Sarenren Bazee,Forward,10,2.801317125610175,0.00018279565980665292,5.553859879011662e-05,0.20535624052551793,1.2323396249351796e-09
player_f5175dc0f79b,McAtee,Midfielder,12,2.916270653737601,0.00018255706701846252,0.0004648764239337889,0.24970814132104455,2.206894587211633e-06
player_6702b9102d6a,Konstantin Schopp,Defender,8,4.327241352164358,0.00018253332194534736,2.5946323597464947e-06,0.2178971636909549,5.482592800996893e-09
player_d982bec9d7e9,Jonas Rouhi,Defender,8,4.327241352164358,0.00018253332194534736,2.5946323597464947e-06,0.2178971636909549,5.482592798939157e-09
player_24cce60b451f,Tijjani Reijnders,Midfielder,15,4.996064582389216,0.0001825065582992011,9.081537031517962e-05,0.24970814132104455,8.180235925719477e-05
player_a24c576554cf,Mathys Tel,Midfielder,18,3.6052363299474766,0.00018246371562783878,0.0005430190763533816,0.26846346941471794,2.728392180394777e-05
player_be3a12e2941d,Jonny Castro,Midfielder,12,4.200075577732128,0.000182461548002389,8.576027438218415e-05,0.24339701742828054,2.7232210479362037e-05
player_ea34f698d8e5,Dmytro Riznyk,Goalkeeper,9,6.256465448586213,0.00018242326336202004,3.7393115251620193e-06,0.20660904931367566,6.258671148279656e-08
player_9bcd89df4cc4,Bozdoğan,Midfielder,13,3.785176148750904,0.0001823757554156521,0.00024455747904762336,0.2536512295593559,6.26178088729772e-05
player_6c70c129ef0a,Michał Skóraś,Forward,13,3.138913370917525,0.0001823091915880495,0.00032717700431892055,0.25447714464621163,8.589768183010284e-07
player_3180e76521be,Márton Dárdai,Defender,12,4.242623346171279,0.0001822446234300345,0.00018320059171254927,0.24439232665824764,2.8350394966367127e-08
player_ab514da3df36,Tim Iroegbunam,Midfielder,11,3.639098641434321,0.00018215117821759145,9.654975146801294e-05,0.23955201886236369,1.0406385366732552e-05
player_94626ad9bc9e,Sergi Darder,Midfielder,11,4.679148134512067,0.00018213675926564553,4.765690296338832e-05,0.24348451261158707,7.382002850807414e-05
player_6d41cfb773c2,Marcin Bu?ka,Goalkeeper,10,6.2420735270590875,0.00018211648187200184,4.0787436351237425e-05,0.20736809878559037,1.0551526021072777e-07
player_233e705860df,Assane Dioussé,Midfielder,9,3.17604694067569,0.00018210289891870606,0.00032836881843200646,0.22909972377247872,1.1102598067036265e-06
player_3332b5be927a,Gabriel Magalhães,Defender,14,5.296547731356181,0.00018210074228083866,2.5704995475547487e-05,0.2682331199260775,1.9051335990982645e-07
player_4c9e3b4e9a24,Kingsley Michael,Midfielder,13,3.777734967143648,0.00018190226486436577,0.0002664066345104066,0.26088072923353445,8.284241658151415e-06
player_b6eae696d473,Zdenek Pospech,Forward,13,3.833413378148139,0.00018187326158194256,0.00037846620321569773,0.27266018114726603,4.0487011437284595e-07
player_9eac63c9ae77,Arijan Ademi,Defender,12,4.0818971632601775,0.00018182573091572648,0.00026971797390477436,0.25687377536186085,5.195052646599576e-08
player_d8bc6bebff9d,Von Ballmoos,Goalkeeper,9,6.56086264013966,0.00018176266429978236,0.00011841208951768399,0.2295656103485285,1.9446964852849545e-07
player_e055476a2c64,Zeno Debast,Goalkeeper,18,5.099682421549728,0.00018172433438183377,0.0030939684651568977,0.2623797533733617,7.362237481755037e-07
player_dbf8f63b7c6f,Mehdi Carcela-González,Midfielder,11,3.92670684051239,0.00018170594555062003,9.84490564426547e-05,0.24923341101435054,3.19757258109376e-05
player_c2f051f414e3,Liam McCarron,Defender,9,3.919520451396798,0.0001816103087172673,1.873566934431325e-05,0.21284173038650886,3.4810237238984303e-09
player_387fcb06ccc2,Renato Tapia,Midfielder,10,3.782007219314981,0.00018158805454103512,0.0003555461682211882,0.24578167523435138,8.558783991337126e-06
player_f9c7694f4154,Krugovoi,Defender,11,2.718292401333084,0.00018154091063439645,0.00026557733127394065,0.23837175200891547,5.680181779470135e-07
player_bbb68c14162e,Lucas Torró,Midfielder,10,4.441129804257349,0.00018139059213570277,1.3336248868710334e-05,0.22674775428220723,8.08363569799139e-06
player_7586f971244b,Santi Comesaña,Midfielder,12,4.167318382374291,0.0001813735390126917,3.004102151020631e-05,0.23976401179941004,1.929972639750193e-05
player_464a56f5a6c4,Lukas Kübler,Defender,10,4.296849239048519,0.00018134112722725974,3.831219584908922e-05,0.23330845628336874,1.4957931639123782e-08
player_3f3bce919969,Koen Casteels,Goalkeeper,13,6.305527854514308,0.00018130908422455788,0.00014942566586772764,0.22466692465034,2.3760278610063697e-07
player_393483071fb4,Warren Tchimbembé,Midfielder,10,3.640977978004204,0.00018129486588039156,6.344314889758332e-05,0.22188250709761956,4.7710136526650425e-06
player_82e91066f68c,Vormer,Midfielder,13,4.884857198193433,0.00018126309615688286,2.7055610425681788e-05,0.2586393432189906,3.2313940448578876e-05
player_08ac764d6fde,Rubén Sobrino,Forward,9,3.5828575348961276,0.00018124081507171855,0.00012902375273378551,0.22835309321795808,1.793577376958025e-08
player_e892ae8c30e9,Adri Embarba,Midfielder,11,3.9642211735341615,0.00018117053140841543,5.7813664121935834e-05,0.22582796176928208,5.7096092928235945e-06
player_e35601f3a86f,Raffaele Di Gennaro,Goalkeeper,9,9.0,0.00018115807565369485,0.0,0.20695625604725773,1.490127803310916e-07
player_1f98f797cb12,Justin Bijlow,Goalkeeper,9,9.0,0.00018115807565369485,0.0,0.20695625604725773,1.490127803310916e-07
player_4a776cd47b89,Nordin Jackers,Goalkeeper,9,9.0,0.00018115807565369485,0.0,0.20695625604725773,1.490127803310916e-07
player_37435a69d497,Vitězslav Jaroš,Goalkeeper,9,9.0,0.00018115807565369485,0.0,0.20695625604725773,1.490127803310916e-07
player_b0339a57e960,Thomas Berenbruch,Goalkeeper,9,9.0,0.00018115807565369485,0.0,0.20695625604725773,1.490127803310916e-07
player_a181a4e9baab,Scott Bain,Goalkeeper,9,9.0,0.00018115807565369485,0.0,0.20695625604725773,1.490127803310916e-07
player_d2857466db95,Yann Lienard,Goalkeeper,9,9.0,0.00018115807565369485,0.0,0.20695625604725773,1.490127803310916e-07
player_0f76135e5895,Samuel Soares,Goalkeeper,9,9.0,0.00018115807565369485,0.0,0.20695625604725773,1.490127803310916e-07
player_260817c12c97,Maarten Vandevoordt,Goalkeeper,9,9.0,0.00018115807565369485,0.0,0.20695625604725773,1.490127803310916e-07
player_7bea3a057e57,Vito Mannone,Goalkeeper,9,9.0,0.00018115807565369485,0.0,0.20695625604725773,1.490127803310916e-07
player_fc6766a87eb6,Federico Ravaglia,Goalkeeper,9,9.0,0.00018115807565369485,0.0,0.20695625604725773,1.490127803310916e-07
player_ba1e69f68619,Antonio Gomis,Goalkeeper,9,9.0,0.00018115807565369485,0.0,0.20695625604725773,1.490127803310916e-07
player_b12706eb4af6,Lapo Nava,Goalkeeper,9,9.0,0.00018115807565369485,0.0,0.20695625604725773,1.490127803310916e-07
player_ece8d6d9420a,Gerónimo Spina,Goalkeeper,9,9.0,0.00018115807565369485,0.0,0.20695625604725773,1.490127803310916e-07
player_b5d7b8a5669b,Arnau Tenas,Goalkeeper,9,9.0,0.00018115807565369485,0.0,0.20695625604725773,1.490127803310916e-07
player_135336c54f87,Edoardo Vergani,Forward,10,2.9707567357200966,0.00018112617595992945,0.00019006116922810692,0.24706669098425435,4.478954847154991e-08
player_e5d686db3b0d,Marc Albrighton,Midfielder,16,4.4342101039721005,0.00018111804677409647,0.00023562851846514174,0.25870520084028265,0.0012353769738948615
player_9435973a6925,Dennis Jastrzembski,Midfielder,10,3.2274168234587064,0.00018100889523108596,8.537587046161915e-05,0.2112156332830934,1.618358219873711e-06
player_8e312787757e,Marvin Keller,Goalkeeper,9,6.058936264478605,0.000181004444003148,0.00016070864426640847,0.22004439872218312,4.085929663666826e-07
player_aab54707b856,David Timor,Midfielder,10,3.60182468835686,0.00018099425099450266,7.193613689109675e-05,0.2256649453051252,1.908707922249402e-05
player_cc58514fc691,Adam Webster,Defender,11,4.614572201550977,0.0001809880047103119,0.00027816417783803636,0.26379332727508764,2.2359893458349293e-07
player_813008359ef1,Kike Pérez,Midfielder,12,3.814180515794524,0.00018096554478449134,7.471364664284916e-05,0.23322812051649927,6.249926946286407e-06
player_fd88d26e039f,Facundo Gonzalez,Defender,9,3.1771046302772663,0.00018094754045665075,3.604098462935005e-05,0.23406093417036228,3.6705470662068044e-08
player_3e0d20cb81e7,Zaidu,Defender,12,3.76735573001856,0.00018082869387287787,7.77069564937338e-05,0.24351369165318473,1.9034169486910886e-08
player_b7d376cd7bce,Latasa,Forward,8,2.541959466616879,0.00018071782531907087,0.0001272848633016892,0.20892453218178078,5.199459316612264e-09
player_5bedbbf98c74,Trézéguet,Forward,9,2.582702355511942,0.0001806715998448374,0.0002074434843895359,0.19779043169319122,1.3676880551552557e-08
player_b046bfa4da80,Julen Lobete,Forward,10,2.9851662149829896,0.0001806684158327332,5.637643911894068e-05,0.2196994269650773,7.741669104251402e-09
player_5c63a08f6635,Cedric Teuchert,Forward,12,3.330920318699709,0.00018064246295425656,0.0001424617055154383,0.2415166102097819,7.578538148758037e-08
player_ee91c23209cc,Julian Eitschberger,Defender,11,4.59221313273722,0.0001804982173517101,6.14563741066072e-05,0.2412442122759112,3.9018301669031024e-08
player_d86830950f8c,Kritsyuk,Goalkeeper,9,6.652440785726617,0.00018047804987951054,5.837606715517392e-06,0.1983019420318142,8.717321686954475e-08
player_03c0dce62b83,Enis Bardhi,Midfielder,13,5.144234016372642,0.00018047674779867213,1.8647201019081222e-05,0.2362378654885776,0.00011603291968005011
player_443fb82cda65,Vincent Vermeij,Forward,9,3.0259252078293954,0.00018045732566877943,0.00038557052534783046,0.2308172885784063,8.729673367806605e-09
player_9cf9d35462eb,Antonio Raillo,Defender,11,4.506481412053202,0.0001804468188756367,0.0001604876331353918,0.25711755029735545,1.914983110146746e-07
player_98419858a634,Rani Khedira,Midfielder,9,3.8696948208274575,0.00018043757358123056,5.8329331191034385e-05,0.22205223472844499,2.9897437266718233e-06
player_fe492e84393f,Dimitri Liénard,Midfielder,11,4.400023677942844,0.00018036228409726925,3.617179150335551e-05,0.2348454203987287,2.6135820231820415e-05
player_a990afac56cd,Leandro Barreiro Martins,Midfielder,10,4.165615347309622,0.00018036179798753326,0.00029823119082228764,0.24963144963144962,1.5914386830917552e-05
player_eedbc6d8c12f,Alex McCarthy,Goalkeeper,8,4.5147455421754135,0.00018035028254522126,5.8058171174034466e-06,0.1777622255270755,1.0559655511832282e-09
player_3a7f9b957b2d,Nick Viergever,Defender,11,4.498254642253545,0.00018034912763142252,6.958147504689499e-05,0.24143052337670054,3.805037874828577e-08
player_5f3c067fa58b,Diego Llorente,Defender,11,4.617930588795255,0.0001803078544267174,6.405039763469698e-05,0.2380227246105189,1.8567361135784066e-08
player_80f90ce41f75,Federico Di Francesco,Forward,9,3.5727444433141398,0.00018019485272546078,2.4243293904232065e-05,0.22726764344033107,2.257944236174196e-08
player_0d7013a3eec5,Javairô Dilrosun,Midfielder,10,4.330416618081432,0.00018015648781617732,6.840609785920258e-05,0.23774423774423775,9.395680718758064e-05
player_3fac3c7bde85,Yoann Touzghar,Forward,11,3.60634050509047,0.00018006797525053068,2.3266751770525257e-05,0.23910101782667528,4.7568779323370583e-08
player_f2ae0f2bb3b4,De Sciglio,Defender,13,5.304681865239555,0.0001799761263899527,9.17857718875974e-05,0.2629910049828512,1.3873195908774947e-07
player_0bb9db234336,Timothée Kolodziejczak,Defender,14,4.970814998516477,0.0001799641747543636,5.432968631579969e-05,0.2528149300155521,6.153751237000761e-08
player_bd5bbba9a324,Mario Lemina,Midfielder,14,4.839195608759705,0.0001799490283363645,4.914106438160397e-05,0.24639262762216563,4.050050342178605e-05
player_2b9ea2a6044b,Wilson Isidor,Forward,10,2.749354454617675,0.0001799474149771265,0.00018007568738816814,0.2127080498272794,6.99768749400879e-09
player_1571927ddf4f,Michael Esser,Goalkeeper,9,4.935008426800506,0.00017989166874025762,5.009886779501988e-05,0.17932312579976173,3.8118485386717815e-09
player_5b29585b8b25,Leonardo César Jardim,Goalkeeper,8,5.088222526780394,0.00017988426852013118,0.00029865298810085103,0.20594942482136522,2.3407672171740362e-08
player_e9269e88d0aa,Stanislav Lobotka,Midfielder,14,5.105198453375738,0.00017985527273835987,1.602206713179388e-05,0.24690157958687728,8.65625537789486e-05
player_27a1a44cd24b,Grant Hanley,Defender,12,5.61211506283525,0.0001798522224905965,1.3451403570396599e-05,0.24578167523435138,8.168476529290689e-08
player_da5095eb6a85,Norbert Gyömbér,Defender,9,4.311237461329379,0.00017984235347451985,1.409775131692673e-05,0.2166657781095058,5.942907466255683e-09
player_c33647b82860,Christophe Jallet,Defender,19,5.323336366018072,0.00017978082327259787,0.00015746334634732608,0.2754880694143167,1.551374368009846e-07
player_5d457216e51e,Shaparenko,Midfielder,15,4.76606813076051,0.00017975383473800726,6.552419729493673e-05,0.26461778877458003,0.00012128398994596873
player_69c92cf90c0b,Moses Simon,Midfielder,16,4.67907890025521,0.00017962732957041208,0.00012043780985948667,0.26617762640817394,0.00014769262276630494
player_c52bf3aab45b,Simone Zaza,Forward,11,2.8998807154717485,0.00017953553484148296,0.0001939445816133844,0.23723075126962817,3.7775165936991064e-08
player_e4cbe038483e,Francesco Cassata,Midfielder,11,3.188305789658372,0.0001795316972104125,0.0007220121926057236,0.24996924590970598,5.464264600913242e-07
player_8d61a0ad3c02,Josip Ili?i?,Forward,9,3.3552442204657758,0.00017951648816012317,0.0001744077801953854,0.24031695346224352,3.8241228374108113e-08
player_fdbb97483129,Geny Catamo,Midfielder,13,4.756450885902923,0.00017949069198859151,5.9339082317118734e-05,0.2589854703033393,3.894086213515328e-05
player_857ca5cb9be6,Yan Brice Eteki,Midfielder,11,3.281817543966959,0.000179429637391284,0.0002128454929488532,0.23377818683847215,3.1478150719941464e-06
player_78f41e638156,Hernanes,Defender,12,4.455155683955483,0.00017942942729300376,2.628096780646774e-05,0.23756357046822937,1.0752864141186691e-08
player_f1adc4a3d850,Matias Fernandez-Pardo,Midfielder,11,4.388044698789449,0.00017936403466650578,7.663249459796163e-05,0.24027432895825943,0.0014486681034498144
player_6e18d42eb159,Elias Cobbaut,Defender,11,4.431269697462985,0.00017931485725858343,4.1510799466103406e-05,0.24122989256247404,2.2972554525922327e-08
player_aab722da21be,Beto,Forward,10,3.586182585849953,0.00017928956375312977,1.1566857114211173e-05,0.21364735569340762,1.5544008440799155e-08
player_664053967e13,Michael Carrick,Midfielder,17,4.818854710909977,0.0001791727255723745,0.0018556763553608986,0.2876150035385704,3.6139300994155565e-05
player_2a49cdd35b9d,Joakim Mæhle,Midfielder,13,4.969824154327418,0.00017916764656953187,3.445571867246204e-05,0.2546365914786967,0.00019156124151764343
player_8c079030f388,Matthis Abline,Forward,10,2.9375472352590917,0.000179106843646088,0.00015744580211663544,0.2285842848304179,1.1934567225490133e-08
player_be099bd1bc54,Łukasz Łakomy,Forward,12,3.8421895559368955,0.00017909154985015237,9.267475462823261e-05,0.26492829204693613,3.421313900938149e-07
player_234278a5debb,Connor Noß,Midfielder,10,3.3423221522555844,0.0001790687348631313,4.109699718552745e-05,0.22450557949397856,6.4034591561034255e-06
player_b131f5722bda,John Guidetti,Forward,10,2.9443900797944407,0.00017906611417584111,9.499088230693836e-05,0.23100096629341216,2.326344966735141e-08
player_dc36bdd43d0b,Radoslaw Majecki,Defender,11,4.418211166657311,0.0001789578378266768,9.742245368903926e-05,0.24757843435881816,3.4015427494827044e-08
player_baea09791506,Yan Valery,Defender,9,3.8942044964067843,0.00017883129778940998,1.9482143421165878e-05,0.2259912139242618,1.1330196551153227e-08
player_c71dddfdb272,Selvi Clua,Midfielder,12,4.7666657708723035,0.00017875907485753135,4.059798200154615e-05,0.2565494602613471,8.47277402823021e-05
player_0aefda9bc43c,Nicolas Pallois,Defender,14,4.917797585690331,0.0001787232467033684,5.633756698214384e-05,0.24282982791587,4.884500107827229e-08
player_f5382c41ef67,Josema,Defender,10,3.2681694750774173,0.00017868281056509646,0.0008769989509477386,0.24517374517374518,3.203012850509946e-08
player_9ff642835669,Paul Seguin,Midfielder,10,4.094124539025653,0.00017864028315582275,0.00010377176930925743,0.2408724513987672,1.1948294971322488e-05
player_de7a3bad2022,Kenan Bajrić,Defender,10,4.575454280192025,0.0001786002048507769,4.0297826127690607e-05,0.2408724513987672,1.4609885069469624e-07
player_ec7c23629e6c,Jonjoe Kenny,Defender,10,3.545934863967674,0.0001785742679011421,0.0003243267550780678,0.23205618683263862,2.4475420712325262e-08
player_0b1c9a46356a,Gerson Rodrigues,Forward,10,3.094625556879409,0.00017849225609432184,0.0004408035131647296,0.22654551535760076,1.0558178062182252e-08
player_fff0c208e883,Laurent Abergel,Midfielder,10,4.571971984788498,0.0001784858762547148,7.221061780692698e-05,0.2620920933832065,4.6734610265021165e-05
player_841324855582,Eduard Löwen,Midfielder,11,4.321774250483463,0.00017843612369940456,6.600726666989791e-05,0.2271025426096675,0.0013879808136442564
player_6d6e485a2b02,Tomi Horvat,Midfielder,11,4.038089226708647,0.0001784296787858602,3.2936172009687734e-05,0.2365679026718668,7.014779533028869e-05
player_6d425effc177,José Palomino,Midfielder,18,4.257725750943736,0.0001783948632909389,0.0011266104011979992,0.28958244263930455,6.968473798029523e-05
player_043d37ac82e0,Koba Koindredi,Midfielder,10,3.2380369834791236,0.0001783808809479699,7.913484483966351e-05,0.2156769091970493,4.319041985248692e-06
player_709745be35e2,Predrag Rajkovi?,Goalkeeper,8,5.634109444511238,0.000178346165915752,9.429327853236995e-06,0.20917185650316536,7.847724023075314e-08
player_4aba019d47a7,Jim Allevinah,Midfielder,11,4.408970819854872,0.00017825011736113762,0.00021241328372604974,0.25184358926690215,0.001545217354582039
player_f92f7a01cd58,Mbete,Defender,8,3.4661941275572445,0.0001782262570808446,6.284055181058917e-05,0.19618633840212407,9.977154806269509e-10
player_74d352816982,Ilias Akhomach,Midfielder,13,4.74465477493708,0.00017818984756950835,3.851362790926766e-05,0.2647039666514688,6.756008793184194e-05
player_28b49ba07dba,Ki-Jana Hoever,Midfielder,9,3.4797309689929863,0.00017813212970845536,0.00015368083832371828,0.22624283248900517,5.463902567080612e-06
player_8daf277dd711,Tom Bischof,Midfielder,12,3.222702144725385,0.00017810432480373095,0.0004956160855433297,0.25409528573214957,2.621761447932451e-05
player_4fef5e65ce04,Anthony Gordon,Forward,9,3.89948131899283,0.00017807110482880752,3.7189891985495095e-05,0.2300203758206928,3.2823685973112735e-08
player_a0c9139da2a8,Ben Gibson,Defender,11,3.953386945088128,0.00017792002791891003,8.131156004256681e-05,0.23676085056801632,1.3058080892161801e-08
player_7123bbc45946,Nicola Zalewski,Midfielder,10,3.7912189951129474,0.00017791433465101997,5.699985384183839e-05,0.23064699205448355,4.192725570952232e-05
player_60d63b2e7fd8,Abdelhamid Sabiri,Midfielder,11,3.8830771390980976,0.00017778295455519376,5.068466100946098e-05,0.22657077549199978,4.630130881687594e-06
player_84af0560a55e,Jaïro Riedewald,Midfielder,11,4.078639764018854,0.00017752627564919697,0.0001385252912126651,0.2521091811414392,4.973073591396265e-05
player_836712a9097a,Sam Beukema,Defender,12,4.636590419412926,0.00017751008451998885,0.00028763356935301664,0.2636393123580928,1.6080942147049225e-07
player_83a3dacc3a9a,Ajdin Hrustic,Midfielder,10,3.8765448167088397,0.00017741300189203684,2.3260148816846193e-05,0.22115803221593383,7.785156200432394e-06
player_528e9558596e,Alex Sola,Defender,10,3.3303104651011832,0.00017739223896874514,0.00023434241072122386,0.256581854915083,2.6465507613968952e-08
player_df8dc6794e4e,Thijs Dallinga,Forward,11,3.6435461929673476,0.0001773656873293236,5.532749964537112e-05,0.24803173634421727,1.197433958487497e-07
player_91719407ba19,Delap,Forward,12,2.3815199299661622,0.00017735438969323258,0.0003472564944150656,0.2440401128925719,6.777100557971352e-07
player_4b2eba39a73e,Timo Hildebrand,Defender,12,4.835024000399828,0.00017733546005267774,0.00012125163542755216,0.2658467979328841,2.3381973294543535e-07
player_92a8afa7bd20,Jean-Philippe Gbamin,Midfielder,10,3.6107162479387553,0.000177253021460578,8.362742501172398e-05,0.24281531935233316,9.233808727892417e-06
player_886010a23140,Pablo Marí,Defender,11,4.24586774920963,0.00017723727782258667,4.5903252609762376e-05,0.24007561436672967,2.5868100138612517e-08
player_9beaa94b9195,Julen Agirrezabala,Goalkeeper,9,4.881701308152222,0.0001771858817597556,8.353078918611995e-05,0.2007210944831333,2.4783901668221808e-08
player_09a8fc18f942,Lucas Gourna-Douath,Midfielder,12,4.480490676730168,0.00017717308922812544,3.272276955336697e-05,0.2607133692584039,8.998778257562544e-05
player_6bf71398be93,Lucas Pérez,Forward,11,3.5936835004788343,0.0001771662909005571,4.291383352128487e-05,0.23352295581221627,3.4283556463507746e-08
player_8566c6c47df2,Malo Gusto,Defender,12,4.509793383177197,0.00017713320515646368,0.00018610972990142647,0.25553319919517103,2.006378335645792e-07
player_0ac09dc74705,Joselu,Forward,9,3.631621190374021,0.00017703289605441685,9.374492943161247e-06,0.21548250265111346,2.620006795016598e-08
player_d08d7dda1ba8,Charlie Goode,Defender,11,3.8384301082757317,0.00017700997227131324,0.00021675013546042406,0.23658167423448598,8.725432451754816e-09
player_9903b2e7bfb7,Roberto Torres,Midfielder,10,3.65701863740203,0.00017689444146657882,3.451493211700821e-05,0.2199848435639277,2.4023949873635223e-05
player_c56ff25e9b95,De Paul,Midfielder,16,4.319755952548629,0.0001767296934409161,0.00011924037800229364,0.2651011089367254,0.00011510410445179121
player_3dc6bf705363,James Justin,Defender,10,4.4486996201233815,0.00017670172539468898,3.659079507912908e-05,0.23558054605530115,2.023554940413721e-08
player_62b311f85005,Cédric Soares,Defender,13,4.519006499631028,0.00017667048429436316,0.00013157745414640876,0.24332415279607233,2.296442896700706e-08
player_0eb179b9b8c0,Larsson,Defender,12,2.7514969438337635,0.0001766327661359469,0.00014513853273586695,0.2479712001952529,1.8876488855890196e-07
player_2587a33c4f87,Róbert Mak,Forward,11,3.108281043115112,0.0001766043796453005,6.64897768334135e-05,0.24037380966463595,7.321516328718634e-08
player_9b7e71f3bbe6,Daniele Verde,Midfielder,12,4.266573450598652,0.00017657785527541305,0.00018263606094759318,0.24865394028389623,0.0012425861455245346
player_0e8041bee295,Lebo Mothiba,Forward,10,2.9325023787513214,0.000176577411408154,0.00010172666018969825,0.22541460979532973,7.924407188046457e-09
player_01dbd979b81d,André Ayew,Forward,17,4.481340255414084,0.00017651919574615763,0.003160988230204476,0.2900992219287601,1.5739001852792334e-07
player_7d6543d7862a,Carlo,Midfielder,9,3.137474511486874,0.0001765028586208204,0.0003586375572398461,0.2294878310463606,1.056572403643425e-06
player_0a654a5bb1a3,Dávid Hancko,Defender,15,4.483601095738355,0.00017641731661113762,0.0005905902941601836,0.2769335604770017,1.691044985311797e-07
player_2a93b323f7fb,Cédric Bakambu,Forward,13,3.8531690931071543,0.00017638232844743276,0.0001549819126553301,0.26297398731719945,3.359882267696791e-07
player_a218b0e27579,Riccardo Stivanello,Defender,11,4.309146869104636,0.00017633122228891989,2.861209623770879e-05,0.22795602423154587,1.0319168081731521e-08
player_bcdf1f67ee27,Edo Kayembe,Midfielder,9,3.511897339483022,0.0001762020895595493,0.00024897131294103947,0.23063390272969753,2.666473072336752e-06
player_e3db9cafa552,Francesco Camarda,Forward,13,2.6047978469128616,0.00017601957374451573,0.0005712351695439682,0.260479425714652,8.103482951669763e-07
player_a384801093a1,Florian Krüger,Midfielder,11,4.029064634866424,0.00017599481517912953,0.00015225394083662877,0.23665055610551447,0.0011787469495800453
player_b0e113752db5,Gaëtan Laborde,Forward,9,3.683657869981711,0.0001759552327741368,6.08222065799844e-05,0.24660194174757283,1.64821423917417e-07
player_1d5741582336,Hugo Mallo,Defender,11,3.841988011511994,0.00017594936191347386,0.00010862004475774917,0.2473975771595544,3.384142886952268e-08
player_b30d9924de6b,Marin Pongra?i?,Defender,9,3.694942102896003,0.00017586090791301009,3.708201075609624e-05,0.22414648943797916,4.454614318477509e-09
player_5eef6ef4ed7e,Deiver Machado,Midfielder,10,3.5360151444488093,0.00017574086761563954,0.00021884826452593228,0.23313446535107848,3.7442101729821454e-06
player_f7f2ede88ebc,Fabian Klos,Forward,10,3.000492084430106,0.0001757300425530291,6.252597869695794e-05,0.2327605956471936,2.10789543070713e-08
player_ac8dbc13a740,Idrissa Gueye,Midfielder,13,4.995756832810744,0.00017565676191434498,1.0963417269352783e-05,0.24336786633930174,0.00011205060697405237
player_9387dc6cfaea,Lasse Nielsen,Midfielder,14,4.776888081672164,0.00017557577297243457,5.185053825631222e-05,0.2715307008752589,0.00017016527933982008
player_833d5f5c1cff,Pierre Højbjerg,Midfielder,10,4.2660919394272305,0.0001755367660722152,4.079321598840692e-05,0.23127703164124744,8.47491565350061e-06
player_fced907a374a,Ellyes Skhiri,Midfielder,13,4.9853775411727765,0.00017542786141941412,3.465839096258493e-05,0.25137626028329313,0.00015097765938463712
player_3895b73e44dc,Pablo Torre,Midfielder,8,3.6257999745766893,0.00017542220346739582,4.97244482691728e-06,0.18003012315052716,4.3905304330763874e-07
player_9373aace6ca9,Lorenzo Tonelli,Defender,14,5.002222973601617,0.0001753530639969534,3.162668653637386e-05,0.23980645541983833,3.562590101710419e-08
player_cd7450acd247,Lennart-Marten Czyborra,Defender,13,3.42524687547696,0.00017528152233903108,0.0004247891458097913,0.24612403100775193,1.1489586461681605e-08
player_4bed06d550e8,Christian Fuchs,Defender,17,4.8686165627144105,0.00017528061544479874,0.0008640834732924448,0.2875539517441449,8.159745007967218e-07
player_d73671d240a3,Petar Ratkov,Midfielder,8,3.6289286263250964,0.00017524689813157678,4.97244482691728e-06,0.18003012315052716,4.445278653662526e-07
player_91805dfbfd34,Chem Campbell,Forward,9,2.5331034271473456,0.00017522419611333312,0.0004432658866978521,0.2285971425357183,2.271258246906203e-08
player_4afbc885f709,Yusuf Demir,Forward,9,2.8787182823334527,0.00017517098628282027,0.0005138313631342236,0.2585899720030542,9.34780489648791e-08
player_5c3ce4df9fce,Alex Petxa,Defender,11,3.13306106490008,0.00017514557084555638,0.000102985914991071,0.215425390935595,1.5741333076180163e-09
player_5d364379d685,Marius Funk,Goalkeeper,8,4.720764272027491,0.00017512287011580219,2.3065189950613886e-05,0.17746724890829693,4.9016832203926364e-09
player_a4fc18583f78,William Mikelbrencis,Midfielder,10,3.669429739870644,0.0001750578492718541,0.00012901171979171788,0.23045080805216897,2.6703777423520306e-05
player_f9c56e087042,Mario Perrone,Defender,13,3.4479732010012465,0.00017498728357897918,0.00027788614862594383,0.2504159221147329,3.388334879320052e-08
player_3b37e8b7676f,David Pizarro,Defender,9,4.134252311521324,0.00017497904116598473,1.0412461179755498e-05,0.22465450525152017,9.849263881887736e-09
player_743d0d498459,David von Ballmoos,Goalkeeper,12,6.036883210099261,0.00017497330908240153,3.741994859369229e-05,0.21449305958726975,5.644990932455569e-08
player_686dfd342050,Remi Oudin,Midfielder,11,4.332172476263961,0.00017494541742090126,0.00012299811059988331,0.24061574896388396,0.0014806206429991522
player_c17a2dd66f34,Tobias Strobl,Midfielder,11,3.641740317889899,0.0001749210403706045,0.0001426058002464964,0.21838895158256758,0.0012032064894449016
player_e79079d0397d,Pau Victor,Forward,11,3.0181993488010943,0.00017486676445816293,0.000846748921793879,0.262956971853769,2.1478651505618274e-06
player_0457ad397a67,Zachary Athekame,Midfielder,12,4.40261330017593,0.00017479054719365817,4.813947667287973e-05,0.2588535031847134,8.466266412904291e-05
player_8ca14d441d71,Yanis Guermouche,Midfielder,11,2.6440432463018158,0.00017475636706663168,0.0003671200868377475,0.2540158759922495,8.735243877487703e-07
player_edb7e1987595,Adam Obert,Defender,9,3.28524792556166,0.0001746907545661009,4.522019986473942e-05,0.21204215798810394,1.0687794475423955e-09
player_ebbd1ab7c8c9,Robert Tesche,Midfielder,10,2.8848655900224234,0.0001745505455749959,7.14980988939136e-05,0.22348089084410228,2.161658356581355e-06
player_a4b3480d5763,Nicolas Galazzi,Midfielder,10,2.63836359818038,0.00017445986440887184,5.957367135222477e-05,0.22689967059349003,1.8548980546960529e-06
player_567b283d1812,Walace,Midfielder,11,4.028589123491245,0.00017444058590412778,8.972835289766055e-05,0.24690157958687728,2.0589896095570822e-05
player_9181f895c607,Sebastiaan Bornauw,Defender,12,4.854523096647589,0.00017440509175815523,3.3710284011690265e-05,0.24561827632056085,3.884959329551128e-08
player_d63f8771cbc2,Birger Meling,Defender,11,4.478986336446798,0.00017438928804694873,0.00020481683076465414,0.2633659516557579,2.4733023226380833e-07
player_7a97e3ebb87e,Giacomo Satalino,Goalkeeper,8,2.9998600692553445,0.0001743441495515172,0.00010360741257639872,0.23265399587817723,1.075147705071698e-06
player_491a1688636f,Óscar Gil,Defender,9,4.186864698748363,0.00017432791257400372,3.283305038422026e-05,0.23333524717230292,1.935777866782009e-08
player_c66249dd1152,Samir Handanovic,Goalkeeper,9,6.323686459849216,0.0001743083379728548,3.4123031249360017e-06,0.20850649017495254,1.0754988582044628e-07
player_21d7e9a8bc6d,José Ángel,Defender,11,4.12073778431698,0.00017428360451312224,0.00013247124390625484,0.2524850894632207,4.606238495433934e-08
player_7960757135c3,Supryaha,Forward,11,2.426932795650596,0.00017428086093104596,0.0006298222744627866,0.24285885024501017,6.282509271663331e-07
player_9f694ddc9e0b,Andrey Lunyov,Goalkeeper,8,5.8493297788666165,0.00017425669177172613,2.471152910176329e-06,0.18561315368805664,2.85393822907929e-08
player_c4e8c15a9ca4,Eray Cömert,Defender,9,3.6333617862612755,0.00017420649359601383,8.73866234904227e-05,0.22999434069043576,1.3418726822277282e-08
player_c44c5c1110a8,Ahmedhodžić,Defender,10,3.4736306256085396,0.0001741945062880086,6.935539230293859e-05,0.2368022375014567,1.7758811720496432e-08
player_0afd00b477f1,Jannes Horn,Defender,9,3.4146533616296093,0.00017416002546093628,9.679588562461181e-05,0.2170128691194532,9.01248492193269e-09
player_a4580b68b690,Nabil Bentaleb,Midfielder,14,4.934093326767082,0.00017412537617749328,2.1428765455145e-05,0.24763877886783256,8.812098702353286e-05
player_df9555fa77e9,Yegor Prutsev,Midfielder,8,2.8043492434541175,0.0001740817336797358,0.0001776137519897472,0.19230587233237117,1.8362356493006283e-08
player_e1033e9346b6,Diant Ramaj,Goalkeeper,8,5.896635052900533,0.0001740684038631001,2.4513687091063435e-05,0.20654604594429762,4.749699882703951e-08
player_c26b9eb8d877,Evann Guessand,Forward,10,3.0513294269221687,0.00017399319898575292,0.00013520292984905353,0.23130335799658508,1.3283340173754277e-08
player_ba8427f2d215,Jorge Cuenca,Defender,12,4.056202825051511,0.00017397858049532245,0.00010048682147504623,0.2548761367199749,5.761268069288126e-08
player_4c92f0374994,Samuel Mbangula,Midfielder,10,2.6145176173810842,0.00017391223542445535,0.00043958656217254333,0.23734158733866728,1.2188750112683802e-06
player_6478fe960c86,F. Nmecha,Midfielder,12,2.820960227554187,0.00017386847098898914,0.000717857617747429,0.2570362405919929,2.2518645590427026e-06
player_f73e3d35b853,Simone Trimboli,Midfielder,11,3.232003703043997,0.0001738683830257902,9.33037486293677e-05,0.24901960784313726,2.0820930279827246e-05
player_318bf1396c2e,Tanguy Coulibaly,Midfielder,9,3.7404852447175934,0.00017381819763687833,0.0001953039699075984,0.2512363996043521,1.3785454868034505e-05
player_157bf12b3eb8,Patrick Bamford,Forward,11,3.50305682633771,0.00017374608371685264,0.00013002301171097187,0.24880617117668666,3.696928610846559e-08
player_2d780276d3e9,Abdoulaye Sylla,Defender,12,4.037962628003295,0.00017373158315495496,0.00024364209680480798,0.24748797271786127,1.3332687838207167e-08
player_6a66c54972da,Hugo Vetlesen,Midfielder,14,3.4239833202916174,0.0001737258980683698,0.0007531462589963011,0.26302504692252926,2.8667206449743353e-05
player_c2cf26bd269e,Mateusz Klich,Midfielder,10,4.240155062777002,0.00017367481596635218,7.570803093587833e-05,0.2404591444293237,4.279150492973687e-05
player_85260891c082,Facundo Medina,Defender,10,4.285691520192827,0.00017353985079726785,9.12875071650176e-05,0.24652714589020322,1.8761485086997572e-07
player_2964d515e046,Noah Katterbach,Defender,9,2.5291150821581865,0.00017352518005633923,0.00023039337388678204,0.2282248553939462,1.53624311914141e-08
player_19cdc1fc3916,Diego Milito,Defender,15,4.374637910753785,0.00017348146140951372,0.00028574442322153886,0.2745760421593136,3.707415058229193e-07
player_ed8b588cfbe9,Alessandro Zanoli,Midfielder,10,3.442639554832976,0.00017345980064123885,9.199400222193593e-05,0.227815460507876,3.84354300816479e-06
player_7d970e0b1507,Justin Che,Defender,11,3.477851339451273,0.0001733743634679463,0.00026862457507672693,0.2601292965499584,4.1271634018927503e-08
player_952a61eafa6c,Yacine Adli,Midfielder,10,4.11220303840042,0.0001733240278945947,8.327876862669837e-05,0.24958545722532702,4.753136251535945e-05
player_d6dcfcd863ec,Nabil Fekir,Midfielder,14,4.8371282705185035,0.0001732201649734615,3.5055252359127914e-05,0.249692799213566,0.00013283092196329354
player_fa8ec38bb236,Stefan Strandberg,Defender,11,3.671202806490959,0.0001731645649592744,0.00010985514519054315,0.2365679026718668,9.951663394535717e-09
player_47def2fd3a9b,Philipp Wollscheid,Defender,15,4.528649746462211,0.00017307811331314368,0.0001298091393481855,0.2726053125838476,2.198356765680016e-07
player_45bb1d408af2,Ben Johnson,Defender,10,3.889723035352053,0.00017305333381766155,8.078679062353434e-05,0.22798159991024347,1.089496243722168e-08
player_fc71f5bbedf6,Jack Stephens,Defender,8,3.3217476656205065,0.0001730499042340545,4.8171901296480825e-05,0.21649264862561263,3.361211369168955e-09
player_6c2bc4bbc976,Mads Roerslev,Midfielder,11,3.8700028349227154,0.0001729832425775161,0.00017308140211359392,0.24161712247324613,2.3669273876935118e-05
player_1d4d7bb7098e,Gonzalo Escalante,Midfielder,16,4.428241568168386,0.0001729516664940241,0.0001686243400637073,0.259514687100894,7.869231742733784e-05
player_44080b5faa99,Azor Matusiwa,Midfielder,11,4.014893668047284,0.00017293802047879542,3.2230568805124036e-05,0.23039854867055956,5.7373952400633725e-06
player_fda710cfbdf9,Alfre? Finnbogason,Forward,10,2.8922913529292855,0.0001729292605307118,0.00022272353130489616,0.22555222555222557,2.582303332486308e-09
player_f03e642223fb,Danilo D'Ambrosio,Defender,11,4.189774160039143,0.0001728937328958659,9.331230500102849e-05,0.24352828379674019,2.1040973420196466e-08
player_900134e3c9a0,Borna Sosa,Midfielder,10,3.924771391787569,0.00017273322321741797,6.787860906989916e-05,0.22821203953279426,8.61834774231175e-06
player_f656e13f9419,Inbeom Hwang,Midfielder,13,4.648774597424023,0.00017267202635640397,1.7232932682271873e-05,0.25760649087221094,9.020802608677484e-05
player_46d1d8b257a3,Teal Bunbury,Defender,10,3.96056176888155,0.000172554693561364,3.4238613050004085e-05,0.23217550274223034,1.2669206556361376e-08
player_e70861a238ed,Moanes Dabbur,Forward,9,3.5001329195699684,0.00017254427488072103,3.196332752470874e-05,0.22720411472018784,2.8615792658269064e-08
player_a5c665ad95df,Umut Bulut,Midfielder,10,3.7387253015351303,0.00017253779823561842,0.00022942916709571085,0.25361957064403395,4.798177329734558e-06
player_03917c722d4a,Wayne Hennessey,Goalkeeper,7,4.754411025005009,0.00017252108396914923,1.399391304105104e-06,0.18141237389518794,2.06971999004229e-09
player_08b1b690403b,Christian Oliva,Midfielder,9,2.9260164050288333,0.00017249009053768068,0.0001214841459179109,0.2315405651777575,2.8297156549800095e-06
player_369b00b2a3d6,Sergio Canales,Midfielder,10,4.476763614598488,0.00017244993332921616,7.515085246753384e-05,0.24187596714676823,0.00011157916823408999
player_6bcea81cedf9,Yannick Gerhardt,Midfielder,10,3.994313033781173,0.00017241213711422922,6.817043223723848e-05,0.240843901860851,9.403463570463049e-06
player_585bffd265a7,John Arne Riise,Forward,11,3.580285295690386,0.00017234454816533685,4.0070095229363634e-05,0.26104830421377184,2.1517100478948945e-07
player_3994512a118d,Joris Chotard,Midfielder,9,3.8604553081673814,0.00017233651775018917,6.789036638086186e-05,0.22274595779665662,4.967591891490336e-06
player_e9dedde28cc6,Hárold Mosquera,Midfielder,11,4.389007538260548,0.0001723245997351967,2.231422923265082e-05,0.24530693547413532,0.00012323563484280899
player_95ead5274a76,Sofian Kiyine,Midfielder,11,3.3335742984376053,0.00017222249939833335,2.112273377767955e-05,0.22938420725856523,2.9090950578712267e-06
player_3b14e7ccb167,N'Sakala,Defender,11,4.495845059882489,0.0001722183696175893,0.00010115339021346637,0.25243803962979067,5.2741301923909686e-08
player_33c85ca25f0e,Vasilije Adžić,Midfielder,11,3.786658215616138,0.000172215505283468,6.940224964965499e-05,0.25324027916251246,1.8708960169585988e-05
player_9c7e5762ebf5,F. de Jong,Midfielder,14,4.38299131363406,0.00017208649750387423,0.00033726310571219044,0.27784234634579885,6.991316439650617e-05
player_85ad7f8a09ad,Munir El Haddadi,Forward,9,2.9070433981164863,0.00017207248715767927,2.7004226713655588e-05,0.21258565674530522,1.0314108704945778e-08
player_209532a400e8,Emil Bohinen,Midfielder,11,3.2580666724144964,0.0001720607761559366,0.0002824447420229667,0.2297862716272758,4.804890238123528e-06
player_f28e8aa701ba,Robert Sánchez,Goalkeeper,9,3.625765289771889,0.00017199209271639794,7.051624911460924e-05,0.20643063950830498,1.6524023816058882e-08
player_1b2776bd443c,Quentin Boisgard,Midfielder,9,3.722700474554778,0.00017193941504312297,4.637575389790613e-05,0.22512740970529582,4.460245049751058e-06
player_820cb2611035,Roman Weidenfeller,Goalkeeper,15,4.886574266818175,0.00017191920711086487,0.0004377101944270888,0.26532610824574004,4.203846353107421e-07
player_342926143f06,Manolo Reina,Goalkeeper,9,3.337686412655981,0.00017190415100184835,1.3409815586506913e-05,0.19380066762041012,5.6155873381309504e-09
player_ac783ca9d6ae,Louis Mafouta,Forward,10,3.16332332709065,0.00017179736637654234,5.012004444629509e-05,0.22725493485433093,1.033853261318778e-08
player_1b23f3df0567,Louis Schaub,Midfielder,10,3.324819119656352,0.00017178990546483193,3.523348762623898e-05,0.22763681174032377,1.8327376478816515e-05
player_b58a905270b7,Daniel Sturridge,Forward,12,3.756848802293883,0.000171628914433303,3.0453150214929496e-05,0.249386352479136,1.0163354713442689e-07
player_05e4a56473f2,Alexandre Pato,Midfielder,12,4.702821722126275,0.00017157380974086914,1.692863187173945e-05,0.24501115331283535,9.295903211769346e-05
player_6ab5d6d10633,Genki Haraguchi,Midfielder,10,4.160875853875404,0.00017152853417439135,5.9691385245229463e-05,0.24248210023866348,2.8874824726068666e-05
player_300b8d1882cf,Rits,Midfielder,13,4.146924950551148,0.00017147124429299398,9.204270272545744e-05,0.256403785488959,4.4261686270984155e-05
player_211473262786,Georgi Schennikov,Defender,11,4.557726146373653,0.0001714184052153997,6.109253449810627e-05,0.2534613945366097,7.75566532393024e-08
player_c56a2b144539,Youssef Maleh,Midfielder,11,3.727718334186904,0.00017139222496166803,8.192950881655925e-05,0.2294878310463606,4.795578699937809e-06
player_7b818be48ef9,Romain Hamouma,Forward,11,3.548454729192209,0.0001713016740045113,2.4899400331398186e-05,0.23660922217047042,5.6836865797509566e-08
player_c36def5fef0d,Yohan Benalouane,Defender,11,4.920982761379444,0.00017129544888437712,5.343500417557547e-05,0.25685754013399065,7.07549563396335e-08
player_279dbb43ccf2,Florentino Luís,Midfielder,9,3.7761563342948143,0.0001712784424272601,4.6210030029711166e-05,0.22868718699003995,6.119093500459943e-06
player_61113dc2013b,Felix Kalu Nmecha,Midfielder,10,3.4022563333266262,0.00017116721481298506,7.727251839619336e-05,0.22103774611117155,5.050988189589125e-06
player_747eff9a09e9,Jordan Tell,Forward,10,3.0716622747168887,0.0001711604622501296,6.874275766683444e-05,0.23292067858780377,1.300480249743973e-08
player_2e4c289b7e26,Diego Reyes,Defender,17,4.537164850350692,0.00017115749199626032,0.0008648580691585104,0.2846735780330625,1.33538394289029e-06
player_9c888bbb1b82,Oleg Shatov,Goalkeeper,15,5.8009642846053024,0.0001710626012568704,0.00012220377466771237,0.2201516793066089,2.709822392134415e-07
player_bf50f05d7727,Rieder,Midfielder,15,4.462805745486891,0.0001710584496997807,0.00010047445174433159,0.269710645075657,0.00010801501858668345
player_7540322436a8,Ameen Al-Dakhil,Defender,9,9.0,0.0001709253359294433,0.0,0.21369229151330318,1.254755349481034e-07
player_b12ba7fa8372,Frans Krätzig,Defender,9,9.0,0.0001709253359294433,0.0,0.21369229151330318,1.254755349481034e-07
player_cf7b54db0b82,David Pavelka,Defender,9,9.0,0.0001709253359294433,0.0,0.21369229151330318,1.254755349481034e-07
player_b99852936b6b,Leonidas Stergiou,Defender,9,9.0,0.0001709253359294433,0.0,0.21369229151330318,1.254755349481034e-07
player_bc472718e7b7,Jurij Medveděv,Defender,9,9.0,0.0001709253359294433,0.0,0.21369229151330318,1.254755349481034e-07
player_b1f7d140880d,Bryan Okoh,Defender,9,9.0,0.0001709253359294433,0.0,0.21369229151330318,1.254755349481034e-07
player_ce65688d7940,Jakub Surovčík,Defender,9,9.0,0.0001709253359294433,0.0,0.21369229151330318,1.254755349481034e-07
player_f0893723cac0,Stephen Welsh,Defender,9,9.0,0.0001709253359294433,0.0,0.21369229151330318,1.254755349481034e-07
player_1769245cf1a7,Tommaso Corazza,Defender,9,9.0,0.0001709253359294433,0.0,0.21369229151330318,1.254755349481034e-07
player_84e922f956b0,Jacob Wright,Defender,9,9.0,0.0001709253359294433,0.0,0.21369229151330318,1.254755349481034e-07
player_a4862ee6fb1b,Trey Nyoni,Defender,9,9.0,0.0001709253359294433,0.0,0.21369229151330318,1.254755349481034e-07
player_d447e1de8811,Jacobo Ramón,Defender,9,9.0,0.0001709253359294433,0.0,0.21369229151330318,1.254755349481034e-07
player_7b80cbc569f1,Leandro Santos,Defender,9,9.0,0.0001709253359294433,0.0,0.21369229151330318,1.254755349481034e-07
player_ba62914c6b64,Naoufel El Hannach,Defender,9,9.0,0.0001709253359294433,0.0,0.21369229151330318,1.254755349481034e-07
player_3baef8b89808,Daniel Rus,Defender,9,9.0,0.0001709253359294433,0.0,0.21369229151330318,1.254755349481034e-07
player_293e098eb0c9,Abdoulaye Ndiaye,Defender,9,9.0,0.0001709253359294433,0.0,0.21369229151330318,1.254755349481034e-07
player_5c017f16417b,Adam Aznou,Defender,9,9.0,0.0001709253359294433,0.0,0.21369229151330318,1.254755349481034e-07
player_10cfdfdd8ed6,Almugera Kabar,Defender,9,9.0,0.0001709253359294433,0.0,0.21369229151330318,1.254755349481034e-07
player_5b4fc782635d,Vuk Draškić,Defender,9,9.0,0.0001709253359294433,0.0,0.21369229151330318,1.254755349481034e-07
player_58953cc81c8b,Áron Yaakobishvili,Defender,9,9.0,0.0001709253359294433,0.0,0.21369229151330318,1.254755349481034e-07
player_4f9de1b3f737,Oliver Sorg,Defender,9,9.0,0.0001709253359294433,0.0,0.21369229151330318,1.254755349481034e-07
player_f7c7129cd98c,Stefan Leković,Defender,9,9.0,0.0001709253359294433,0.0,0.21369229151330318,1.254755349481034e-07
player_b2ed425189dc,Christopher Olivier,Defender,9,9.0,0.0001709253359294433,0.0,0.21369229151330318,1.254755349481034e-07
player_d078ba46c391,Sergio Mestre,Defender,9,9.0,0.0001709253359294433,0.0,0.21369229151330318,1.254755349481034e-07
player_bd5ceab66a08,Lukáš Penxa,Defender,9,9.0,0.0001709253359294433,0.0,0.21369229151330318,1.254755349481034e-07
player_fd1ac427790d,Matteo Bignetti,Defender,9,9.0,0.0001709253359294433,0.0,0.21369229151330318,1.254755349481034e-07
player_0e6b30b5df93,Lucas Da Cunha,Midfielder,10,3.8937813148728644,0.00017079695246391088,0.00010922574872187699,0.2347233452697239,0.0012801371005105439
player_2a1bf288fd34,Giovanni González,Defender,11,3.5464338536520184,0.0001707880877571897,0.0003239362603282182,0.252877854520565,1.950095966465415e-07
player_f9befc996a58,Felipe Caicedo,Forward,9,2.885652226704858,0.00017074204834925674,5.5257567649727194e-05,0.22004439872218312,6.380195981762916e-09
player_4866feca5833,Mads Pedersen,Defender,11,4.096539410672108,0.00017072213571412437,0.000345973040472522,0.2532560603228018,2.812012205148114e-07
player_0bf984a00907,Denso Kasius,Midfielder,12,3.889530630430661,0.00017069642512939907,9.026695267198037e-05,0.24759351772876811,0.00014736042071578502
player_5f35c81bd9a1,M'Bala Nzola,Forward,9,3.278553744826138,0.00017068350135780497,5.391635898117567e-05,0.2242330611344074,1.4312975572464791e-08
player_bc67aaa31011,Victor Perea,Defender,11,3.523964296696613,0.00017066061600679044,0.00025895986136417526,0.24102959492319553,1.795286411354958e-08
player_38c4f7365055,Sebastian Polter,Forward,9,3.4489357460158425,0.0001706354395083614,2.6730254334427603e-05,0.2224898718931348,1.889834324861289e-08
player_06de17248f6e,Toma Bai?,Midfielder,10,3.5952717850219917,0.0001706302235392016,8.406849946943529e-05,0.2316329438586492,2.652891791451586e-06
player_de1500f73fe6,Callum Wilson,Forward,11,3.522799672506981,0.0001706127671310258,0.00017675446612523633,0.24643745073070158,3.842111788533267e-08
player_cececef85938,Pablo Rosario,Midfielder,9,4.060575921989686,0.00017054088503187965,2.337421229558037e-05,0.23142190080291555,9.394949225608733e-06
player_b06b63bd64e6,Artem Dzyuba,Midfielder,15,3.680455240157056,0.00017050420765816953,0.001098992129969723,0.2746131495371309,4.588062543025519e-05
player_81f1c4dd21c7,Myziane Maolida,Forward,8,2.9365450529735395,0.0001704772072570067,1.9253144317297476e-05,0.21900091609635178,3.850022058158237e-09
player_cadfaf8edf81,Santiago Arzamendia,Midfielder,11,3.5665682336997677,0.00017046098309165563,0.0002185022809183144,0.23228166438042983,0.0010123793801206545
player_bc38c5e668b4,Ibrahima Niane,Forward,11,3.134688310385965,0.00017045951648661972,0.00014578439730554747,0.2599628989957142,5.693924099501821e-08
player_7951e8578d60,Siemen Voet,Midfielder,10,4.0181791327053675,0.0001703923891573049,0.00013910036522727818,0.24057301840999232,0.0012057826362689428
player_487dc7a9ae29,Nico Elvedi,Defender,14,5.1125379986926625,0.00017017921269639236,1.9445100586943605e-05,0.2400614330438892,5.538826930819195e-08
player_c18e94cd717d,Lefort,Defender,12,4.235165483982663,0.00017015891887790457,0.0002365551104816242,0.26682424003676714,8.201921943051651e-08
player_370d1110fcd1,Radosław Majecki,Goalkeeper,9,5.94698958207747,0.00017014124197506345,3.619076028501946e-06,0.20983064849235852,3.943468471201782e-07
player_27bf4905b6ac,Fernando Llorente,Forward,10,3.080545539122749,0.00017010584078464987,0.0002990624066513753,0.24873003243772568,1.1678282179306204e-07
player_efbe654890b6,Ernesto Torregrossa,Forward,10,2.5253683761128163,0.00017000871685115616,0.0007485340958544795,0.2555492674338175,6.492365300784443e-08
player_3c5e3fb9de0a,Azzedine Ounahi,Midfielder,12,4.528339339578255,0.00016997940406138107,0.00010493265360915666,0.25938218023997955,4.81762489470212e-05
player_432c168d77a6,Matt Doherty,Midfielder,10,3.5707536798012876,0.00016987698448205034,0.0001222138069299717,0.24346992571291637,2.2776109590775572e-05
player_66254703a49a,Bryan Lasme,Forward,8,3.0105689580736366,0.00016984263657885697,1.533977066804628e-05,0.20626300563365985,5.763251972823065e-09
player_2719b6ed66ee,Korniienko,Defender,9,2.5768578686805492,0.0001697903012351218,5.3939834054414977e-05,0.23400702481718202,8.367928934530968e-08
player_2b3f4a4319f4,Ivan Trickovski,Forward,13,3.3345452695505107,0.00016968413204811,0.00042107772820967415,0.26480745422558155,4.1407157159571884e-07
player_e7563ddeebff,Kostas Stafylidis,Defender,10,3.883535709383375,0.00016964689414526797,0.00013438004353223454,0.25314563348698144,2.3455613565995883e-08
player_75785beb6091,Alexander Isak,Forward,11,3.843609659520046,0.00016962147391103849,8.389088467235311e-06,0.2401749305596596,8.934738376070417e-08
player_1de8fedae9db,Dane Scarlett,Forward,10,3.2645644821518234,0.00016961777483558594,0.00014365225088464747,0.2392136088056978,1.4081578381315988e-08
player_9be8f22d6ced,Petr Cech,Goalkeeper,15,5.263225268435317,0.00016953301220790591,0.0007126704322366986,0.24177523945505383,1.6811034788154705e-07
player_9f0a7fffa21f,Ramzi Aya,Defender,10,3.156616356285957,0.00016935311201978558,0.0002582395003330404,0.2297862716272758,5.41409336316079e-09
player_7f5b0d5f39b2,Vágner Love,Midfielder,16,4.440881788904259,0.00016925031554039692,0.00011092895479802404,0.26880084661683973,0.0013593790743090875
player_32dca675dfa0,Troy Deeney,Forward,9,2.453229135420685,0.00016924903543933412,0.0004049656577411857,0.225752694145095,5.558629585830832e-09
player_685f1c2d4397,Oier Sanjurjo,Midfielder,10,3.699293517763229,0.00016916672588939005,3.546017736085869e-05,0.2218582814717764,5.3663326289973865e-05
player_282eb12b2bf7,Jonathan Gradit,Defender,9,3.986133562489565,0.00016916174403325696,3.268626359406139e-05,0.2271660145332588,6.636792962138698e-09
player_6d4d45de54de,Rıdvan Yılmaz,Defender,10,4.1962305407459395,0.00016914797606575575,0.00014287567301291966,0.2469315834244744,1.8147162945520446e-07
player_356e07dbba57,Álex Berenguer,Midfielder,9,3.647635219787193,0.00016914352952066244,1.3689019632243426e-05,0.2122525722045229,6.929508035975769e-06
player_9773f107a7bb,Faouzi Ghoulam,Defender,17,4.933441220937811,0.00016913259733764187,0.0009402578025128848,0.27854694996572993,3.716419684455597e-06
player_4d8ff79c4981,Jhon Lucumi,Defender,10,4.0732910073082405,0.0001691102115427364,5.51326820779436e-05,0.23212245830477496,1.5590618684474657e-08
player_62d062d5d206,Luke Shaw,Defender,14,5.110880925812768,0.0001690816774966649,1.1317446874120614e-05,0.24243870428920838,3.753029883542598e-08
player_4f0d0daef77a,Juan Cabal,Midfielder,11,4.112042377836976,0.00016893144727289723,2.6901933038753774e-05,0.2526734643123601,8.16636990004922e-05
player_3e0ff23479d0,Iker Muniain,Midfielder,10,4.164464592071001,0.00016889419801632258,1.7695143274917418e-05,0.22191885545787146,0.0013434064219675355
player_af3fb965f06e,Andrew Gravillon,Defender,10,3.564832576480276,0.00016885198128580473,6.353033281690603e-05,0.24294595887135342,3.5457930761555606e-08
player_9c93ce923108,Paul Lasne,Midfielder,12,4.328088809499506,0.00016876234106154105,5.761231160287342e-05,0.250184683575474,0.00014297602615911267
player_0b6971c4bb1e,Stuart Armstrong,Midfielder,9,3.709370029536162,0.0001687267532206048,4.880637040260017e-05,0.22920309063222605,6.517562250168143e-05
player_89f818401a6c,Christian Kabasele,Defender,9,3.745091651373854,0.00016872255705320858,0.0002883981464958175,0.25020008619097456,1.059676596231013e-07
player_7fdf00d7bb59,Valerio Verre,Midfielder,11,3.517612744178236,0.00016869213470761365,0.0001267058273988637,0.23905882352941177,3.614781883212865e-06
player_550bc989630e,Antonio Sivera,Goalkeeper,12,4.742506499013508,0.00016867211895147118,0.0001263782748670179,0.20664056541414552,2.6544178295973276e-08
player_d44b41ff411d,Filip Kosti?,Defender,8,3.899125303013393,0.0001686053371247232,6.683202598444475e-07,0.19836969785717773,2.1073936132369363e-09
player_29b19f82d6fc,Petko Hristov,Defender,11,3.832448629671534,0.0001685711244322115,7.10394351503612e-05,0.2473674599793049,2.3596263454415414e-08
player_37d8c5c925cc,Jens Jønsson,Midfielder,9,3.4655788998789614,0.00016857062919437547,3.6451695922336685e-05,0.21205322201930601,2.1598143565381404e-06
player_b27e0ba3d183,Mikkel Damsgaard,Midfielder,13,4.354695716310242,0.00016852967697801892,0.00014342275290787297,0.2574269968961804,0.001172753280234435
player_d3076319e992,Valentin Rosier,Defender,10,4.542811456925133,0.0001684904413989779,2.105014573486301e-05,0.23492687438580265,2.2708933802946173e-08
player_6519383223b5,Jonás Ramalho,Defender,9,3.7017968119028395,0.00016837668048333974,3.0011163693727804e-05,0.22691233947515355,6.236838961867729e-09
player_7e822ba9964f,José Juan Macías,Forward,9,2.613622888345798,0.00016832925254915156,0.0001859246281907806,0.21764044342098215,1.7311834141971267e-09
player_899158e414c2,Blas Riveros,Defender,13,4.064488876817927,0.00016832524675110486,0.0004372848238174108,0.2697464489579185,1.358080647379251e-07
player_51948785a3b9,Dominique Heintz,Defender,10,3.5376051825470234,0.00016831702351392211,0.00015986595492983773,0.2572803241326918,2.0173376639252692e-07
player_0fce892a07f3,Nicholas Gioacchini,Midfielder,10,3.2148877782609757,0.0001683014853622181,0.00013413087821527802,0.23220203405325104,1.3914121278083175e-05
player_c64a16a25fbb,Mauro Zárate,Midfielder,12,4.324598586690638,0.0001681614384965078,1.8499007066632873e-05,0.2561775088250126,5.596149240657229e-05
player_f24a1e7744a0,Dango Ouattara,Midfielder,9,3.147355092785388,0.0001681607690075636,3.659043616612154e-05,0.21100726895119418,1.5941020389499708e-06
player_cd428d977792,Ademola Lookman,Midfielder,16,4.475489018205986,0.00016816015749626152,0.000144984282225032,0.2599795291709314,0.0016827351931498423
player_67213e786c8d,Vasili Kobin,Midfielder,10,4.431413178577301,0.00016799080268449718,1.6401188238122244e-05,0.2505239797805449,7.315797113713802e-05
player_e69b2c138736,Ömer Faruk Beyaz,Midfielder,12,3.2231090157498214,0.000167857291209724,0.00015735382112712864,0.25286212045793927,2.296466788934459e-05
player_54e8b0950f18,Slimani,Forward,11,2.5701639068312283,0.00016785619316285024,0.0002396121453221546,0.2462582560746531,4.291194516705958e-08
player_2ff11eb22829,Manolo Portanova,Forward,9,2.8029548598846254,0.00016784066836320982,7.764870293635019e-05,0.20043401065298874,1.5192063660406842e-09
player_3674c517c325,Jean-Charles Castelletto,Defender,10,4.465457338783768,0.00016783038057027896,1.7712418395675896e-05,0.23068626894476926,1.2892792996534861e-08
player_f8a038d8e09a,Akim Zedadka,Defender,10,4.651535535463502,0.00016771009939550114,3.4820785122718516e-05,0.25396825396825395,9.424374877188375e-08
player_dbf8b80e0849,Jermaine Jenas,Defender,13,4.61266351264198,0.00016769472614807862,8.039737376217705e-05,0.2518904177513326,2.5908883505534664e-08
player_d40c5d1d21ba,Adrian Fein,Midfielder,12,3.460164116537989,0.0001676356515653595,0.00032331455690139626,0.2539523839280135,5.7030052928420206e-05
player_266ef6087573,Jack Butland,Goalkeeper,9,5.010026505472828,0.00016759733131293915,2.2209378451127197e-05,0.18596138006772214,9.466008762788132e-09
player_75aee2035635,Cani,Forward,12,3.501845912497546,0.00016759660169654564,2.8171501607772217e-05,0.24856269113149848,7.315445110481152e-08
player_5336e8271234,Andrea Belotti,Forward,10,3.6922968209844083,0.00016758250582322724,5.042142541873197e-06,0.23570351467347175,5.129305288113711e-08
player_05ab6c570354,Erik Palmer-Brown,Defender,8,3.9014904760381786,0.00016750636047108245,0.00030619142032439284,0.24953948176347784,1.0819118277254552e-07
player_24ae81599a6b,Alberth Elis,Forward,9,3.3957700762976804,0.00016748026269627366,1.3325141976574401e-05,0.21909536902258883,1.2758815446565975e-08
player_7a636c5b80e5,Dominik Takáč,Goalkeeper,9,5.29109127194507,0.00016747318837881037,5.697324756783339e-05,0.19998031689794313,2.10184322087638e-08
player_a0f858d6519b,Pierre-Yves Hamel,Forward,8,2.4987351610485344,0.00016740966761875938,1.785597081183367e-05,0.18794801831383248,2.471709164973689e-10
player_2ba384a94910,Lohann Doucet,Midfielder,9,2.8417102748406444,0.00016738022642710822,0.00019894363123777167,0.2476086029366965,9.50186659400332e-07
player_93bfa83d4394,Sebastian Rudy,Midfielder,11,3.734744792986814,0.00016733664255646677,0.00011755189302654654,0.23555323711818235,2.1044007373945093e-05
player_7516c94deb9b,Jaouen Hadjam,Defender,11,4.150888390030124,0.00016730714286275112,9.093500454386304e-05,0.24937104988648218,4.7288456431582384e-08
player_145057c4e250,Artur Morães,Forward,12,3.553832081080681,0.00016718358470666107,8.373526636046356e-05,0.27198500870030784,5.034743647953355e-07
player_75e970b08b10,Niklas Pyyhtiä,Midfielder,9,2.7118906753768153,0.00016712728775968347,0.00038265977043037345,0.2383298146844945,1.349341137240432e-06
player_aa66b0a939c9,Sinaly Diomande,Defender,9,3.691899378024056,0.00016709502538353327,3.62252901672364e-05,0.22725493485433093,6.427157579431681e-09
player_7eb3be24c358,Sargis Adamyan,Midfielder,10,3.231152798764846,0.00016704916318588958,4.1935941082371174e-05,0.2355668907952701,4.281451271507147e-06
player_8cd76f34b84f,Christoph Zimmermann,Defender,12,3.780099769917149,0.00016701947420722855,0.0004682625935514743,0.2581628763816542,1.0605990550277603e-07
player_56a81aad0011,Patrick Berg,Midfielder,10,3.626815065280236,0.00016700869410493958,6.740318671670192e-05,0.2382459842888967,6.730122567723555e-05
player_887ac0253411,Josh Brownhill,Midfielder,9,4.376888169981224,0.00016696468062587814,8.754717575053563e-05,0.2634683954619125,5.845346895285009e-05
player_f3488f7aae3a,Ihlas Bebou,Forward,9,3.6078431113583456,0.00016696276321360906,8.619364690539366e-06,0.2272168176227217,3.454601014930672e-08
player_8085fd189f76,Vincenzo Grifo,Midfielder,10,3.8492928992171636,0.0001669449197462848,3.945734384638744e-05,0.2419047619047619,0.00010538600541369088
player_62f761a26081,Musa Barrow,Midfielder,10,3.903866083227224,0.00016692064161127584,5.8981926822840415e-05,0.2419911873288079,0.00012439018846775664
player_21d648e35fa6,Júlio Baptista,Goalkeeper,8,5.524739092586515,0.00016681499488592326,6.461556206194336e-06,0.2046118215688249,3.6515146965889775e-08
player_517d74137685,Fabien Centonze,Defender,10,4.157382614431684,0.00016681449225352404,4.9111641220531755e-05,0.25534053782357374,7.362740245560434e-08
player_e7d7b48c9bb1,Matthieu Udol,Defender,10,3.5254878491060295,0.00016678258473955965,0.00026913886544139995,0.21721004810261893,3.738928402813247e-09
player_34b7ad42d798,Mamadou Sakho,Defender,16,4.569073200554786,0.0001667515428164124,0.0010342735896135735,0.27280660535678325,1.8464137006366399e-06
player_2908e3d1a4ce,Lennard Maloney,Defender,8,2.295872982730259,0.00016673396374079845,1.0410520557168795e-05,0.2089352732507326,9.572613500712394e-10
player_13933ec72173,James Maddison,Midfielder,10,4.04457362748834,0.0001667211066051662,2.1750936916909578e-05,0.23678844024937365,0.0013930132151466802
player_6c44d45f55f3,Flávio Nazinho,Defender,11,2.502925993617996,0.0001666373238273529,0.00012420929890393423,0.23568984515455546,2.984704740724604e-08
player_27547d7471b4,Nicolas Viola,Midfielder,9,3.2604112197571022,0.00016655794323950073,0.00012415906359625762,0.24261238135036714,2.6874671131357218e-05
player_f640bcb84871,Biram Kiyal,Midfielder,12,3.340358314840825,0.00016654622907125895,0.0007680106638574801,0.27140376652864967,3.360652288100651e-05
player_b243e5f8f092,Messias Junior,Forward,14,3.4460328354605334,0.00016653288803236493,0.00080796225902674,0.273081575057116,1.3855473558802375e-06
player_7853274de857,De Ligt,Defender,10,3.290095397205623,0.00016652324332363556,9.466765106308981e-05,0.24261238135036714,1.924866065903639e-08
player_056baf70a014,Jalil Anibaba,Forward,12,3.1800206949139986,0.0001664176002645316,5.870555261469185e-05,0.2522187053931608,1.460273069209454e-07
player_54ea88274f8d,Renato Veiga,Defender,11,4.0816216078914564,0.0001663965771512681,8.879767083140613e-05,0.2399338764907309,3.172807677708034e-08
player_e3d3e1288f79,Manuel Prietl,Midfielder,8,3.551981209628658,0.00016636557430980327,3.1903498436737274e-05,0.21276372964766244,2.290265342769796e-06
player_493740eeb9c4,Efe Ambrose,Midfielder,9,2.568402281467801,0.00016633750978884063,1.1549662992880018e-05,0.22764956307416537,2.039966448999265e-06
player_0b7f8162c6d2,Afimico Pululu,Forward,10,2.814758528955144,0.00016629767545716225,8.553371996193742e-05,0.2502154907031154,2.1273207071196604e-07
player_92330bcba441,Ladislav Krejčí,Defender,12,4.231040975077218,0.00016625576858723026,2.42710877136315e-05,0.23768861855187742,2.5369457652335788e-08
player_fa282ab3d812,Jon Bautista,Forward,10,2.907928328949972,0.00016612547902660903,0.00011679174204941142,0.24984630517644166,1.1871700348117466e-07
player_4feb61100093,Sofiane Boufal,Midfielder,11,4.3322816767813945,0.00016610802322359155,7.719043188962032e-06,0.23100096629341216,0.00015869536024746335
player_074b206840ca,Brad Knighton,Midfielder,10,4.0507444661769325,0.00016605025917469724,2.2091979842620343e-05,0.2539365158710322,8.223490517394173e-05
player_36fd83ee5791,Rulli,Goalkeeper,10,4.854612603641302,0.00016603706762652028,7.222690111560474e-05,0.20484903472957305,3.625474084927732e-08
player_a6a2d260c3fd,Dame N'Doye,Midfielder,15,4.208565965839139,0.0001659599511113711,0.0007630418577216433,0.28605616949391144,7.014633881509675e-05
player_bd91949d7028,Juanmi,Forward,9,3.517206207988947,0.00016595868386764465,0.00013288468473284922,0.25918367346938775,3.089723113332306e-07
player_ad653b1ee5ff,Milot Rashica,Forward,9,3.256455810156011,0.0001659132280702964,3.279300939317412e-05,0.2247538989049884,1.666107245157062e-08
player_362cf6fc5b09,Cristian Gamboa,Defender,10,4.094122207348577,0.0001658688414205144,0.00016877293762428982,0.2454402705640778,2.22924293889015e-07
player_4c37c60ffe89,Nikita Iosifov,Forward,8,2.737308485963961,0.00016586753819341227,0.00014496735076125072,0.22571507914468203,6.465899012051795e-09
player_7518546a0cf2,Moussa Doumbia,Midfielder,12,3.046736113030239,0.0001658514249005127,0.00022853798276565885,0.2489280901629303,6.826451964613953e-06
player_9c0ac65919ff,Kevin Vogt,Defender,9,3.9182924161186605,0.00016579508571912114,2.1797219298394942e-05,0.2264066852367688,1.740627054933096e-08
player_29f239b323bd,Ervin Zukanovic,Defender,11,4.3195329957826525,0.00016575200927474134,3.628870450587283e-05,0.24131583635176057,2.2451749684714082e-08
player_b87f9f401c32,Anthony Ralston,Defender,12,3.483272682721331,0.00016570886535203586,0.0001620257495836539,0.2406870002961208,1.0635306064754874e-08
player_bef9b2babcf8,Jesús Santiago,Midfielder,10,3.5293652518221097,0.00016570593001469916,0.000143277875184478,0.2542701620471751,3.43910886317459e-05
player_1acba7b773e3,Shkelzen Gashi,Midfielder,12,4.153530802274744,0.00016567316951168398,2.7580929081987973e-05,0.2502771277250893,4.8724056360051605e-05
player_848029006b0a,Justin Kluivert,Midfielder,11,3.7356372695503137,0.00016565820546261706,4.368493686650261e-05,0.24851709166513788,3.2249946562203804e-05
player_2be3d5b85479,Aurélien Nguiamba,Midfielder,12,3.1469237306800575,0.00016562830074315534,0.0007941188509181866,0.2640847358502827,0.0009652058039262456
player_426ebc7428d8,Shinji Okazaki,Forward,12,3.3278399430381778,0.00016560501691463507,4.82001072114304e-05,0.24824384582493433,4.854951896152454e-08
player_147de566c9ca,Kassoum Ouattara,Defender,12,2.447657335187344,0.00016558423562116936,0.0005471139859779883,0.2596805111821086,3.039273898889491e-07
player_25f9357d3c69,Lázaro,Forward,9,2.994740563916503,0.00016546712515629582,2.6526355995305232e-05,0.23521240884361616,4.090050588567207e-08
player_c1f58d3c07ae,Haris Belkebla,Midfielder,9,3.5868047179115696,0.00016539602918369398,0.00017171404836402015,0.23298744482027176,4.348775739642332e-06
player_3d17376fda10,Deniz Undav,Forward,11,3.6652666596004693,0.00016534198512101813,7.491626041258383e-05,0.2519528828270304,2.1607860769905596e-07
player_91dda0a0d1f6,Beñat Turrientes,Midfielder,11,3.3729756031381526,0.00016531932755610266,0.00011155057211355823,0.2489280901629303,2.1424838755531582e-05
player_ddfd7f4f2f6e,Fernando Costanza,Defender,11,3.0893164319913753,0.0001653170756691641,0.00018640729969541866,0.2445393826343342,3.6105357687510434e-08
player_b84744c105ef,Ciaran Clark,Defender,13,3.9984998205251285,0.0001653062936274727,0.00012986960658860203,0.2530983371738183,3.934383797106643e-08
player_cd875071cd80,Kevin Long,Defender,9,3.5534824343011735,0.00016526510517095948,0.0002092971864404778,0.24981558888615688,8.794662071795055e-08
player_0f027e51d59a,Rodrigo Riquelme,Midfielder,9,3.6999496476380465,0.0001650739231830574,8.18834068739986e-05,0.25857351911942483,5.834750662114208e-05
player_049a86943410,Carles Aleñá,Midfielder,10,3.8192335550061265,0.00016505136387075413,1.1753815756687382e-05,0.2298382535912227,6.545005614034115e-06
player_9f4ffc263683,Nicolas Isimat-Mirin,Defender,8,4.322453921055829,0.00016501896494376444,1.9238782254369043e-05,0.25849128609591654,1.0085931709325034e-07
player_946de35257fa,Mitchell van Bergen,Forward,9,2.85997872091831,0.00016475822983073377,9.516886143152193e-05,0.21890654457312148,2.7779994593166407e-09
player_1c5c36055c55,Matthew Lowton,Defender,10,3.8478838012857906,0.00016473072398428472,0.00018039174177785294,0.2617881989178047,1.5560534868609675e-07
player_b4f3dccfb08b,Caio Henrique Oliveira Silva,Defender,12,4.565803481457433,0.0001647155981029136,3.017400000906662e-05,0.26192317607630833,2.577881738461208e-07
player_ef7814592384,Florian Kainz,Midfielder,11,3.7690692074653356,0.0001646924018661289,3.2268582073956156e-05,0.24054453980467594,1.001738602091542e-05
player_431b5dc5cb1d,Ismaëlben Boura,Defender,9,3.446127758427181,0.00016454225552497347,6.062745859647578e-05,0.2318311466058186,6.824100248476466e-09
player_9db3cdcbdf57,Martin Palumbo,Midfielder,9,2.7192980190288423,0.00016448940812826833,5.393474913954333e-05,0.23457431457431457,1.7247134155834603e-06
player_0f7ca869b2a7,Gary Hooper,Defender,13,4.52207326251484,0.0001644142751933167,6.792106964061026e-05,0.2510656699820844,5.3465424943398786e-08
player_8b955256996d,Timothy Fosu-Mensah,Defender,11,4.043606927639854,0.00016427701725885355,0.00011785276436581281,0.23346929396219912,2.44510051120334e-08
player_985a0df230b0,Melvin Bard,Defender,10,3.8083522015229616,0.00016422657068391577,4.057390449848942e-05,0.23641652123327517,1.339243238381404e-08
player_3dc8b54e9504,De Gea,Goalkeeper,8,5.67301505280337,0.00016420648104900339,4.024436454580954e-06,0.19696602529927787,3.7373864736895785e-08
player_c824e916cf33,Wout Faes,Defender,12,5.242793161578772,0.00016418271294717034,3.686080302297474e-06,0.23999055155308846,6.731627211299175e-08
player_fe0841704520,Óscar Rodríguez Arnaiz,Midfielder,9,3.783934854762083,0.00016417068496921136,2.3840143130358035e-05,0.22854572039140705,4.997408940760829e-05
player_5df74586ac60,Ballo,Defender,10,4.422965480525079,0.0001641456908231235,6.365036702921147e-06,0.23812034921192946,3.5130685552945643e-08
player_6e23cc5664f5,Verbič,Midfielder,13,2.9013147292047954,0.00016389661463917004,0.0006861804545369856,0.26338302009073233,6.684777533248678e-05
player_096f83851b57,Magnus Warming,Forward,11,2.4889917819404173,0.00016389023454297576,0.00021100194023249174,0.23297408851180923,1.1885170414928727e-08
player_73f0857a9194,Fodé Doucouré,Defender,10,3.9263964703131453,0.0001638571821726463,5.1700351301183635e-05,0.23066008286508882,1.8986885447351517e-08
player_424e2757f005,Abdul Majeed Waris,Midfielder,12,3.5983109340665194,0.0001638196986993737,0.00011234911880244858,0.24963144963144962,3.284378213960244e-05
player_1d91b7533bf0,Alban Lafont,Goalkeeper,8,4.178187451015913,0.00016379305633054014,6.272366709889565e-06,0.1802217294900222,1.5698320788648926e-09
player_2109cb1c2405,Rominigue Kouamé,Midfielder,9,4.1662026477183725,0.00016378229371211535,4.0269831140399096e-05,0.2504159221147329,4.707982149116878e-05
player_7fcf76d61595,Daniel Amartey,Defender,10,4.217291743408427,0.0001637073805880391,3.130491237457079e-05,0.24827417679760522,4.4918781470133726e-08
player_37d587f69bc2,Pawe? Jaroszy?ski,Defender,10,3.362959517593223,0.00016369161061005917,0.00011567309521606335,0.23404745450357062,7.951003522756972e-09
player_7804b21d0df8,Gerzino Nyamsi,Defender,10,4.491843349228663,0.00016362228547840918,5.719187327402613e-06,0.22434446591222743,3.981428981742237e-08
player_631930abab85,Sebastian Vasiliadis,Midfielder,8,3.494179724241198,0.000163621621339194,9.796916244208541e-06,0.2090319925933546,2.935140989741701e-05
player_13407f313517,John Donald,Defender,11,4.344496065244175,0.00016358720792379188,3.468612850836215e-05,0.26026256804354786,1.1025138430205613e-07
player_3855544026c7,David Abraham,Defender,9,3.662757986829226,0.00016353055006808294,7.008372930092659e-05,0.21878869448183041,3.192677645851458e-09
player_e398fcf38039,Daniel Didavi,Midfielder,10,3.1018450037038674,0.0001635006651596667,8.713510510127783e-05,0.23286729314691726,1.6323129400709677e-05
player_59ef9dd1002f,Ragnar Ache,Forward,9,2.713506713079966,0.00016342810310916015,0.00014870993487875502,0.22873867282039737,1.6626883816731812e-08
player_4e6f75bf65d7,Casimir Ninga,Forward,10,2.9335712682575275,0.0001634143219143198,0.00038082182275381375,0.2551481667503767,2.5004165462921985e-07
player_f63f30ebd680,Nicolas de Préville,Forward,10,3.2508391408116717,0.00016339102152372237,1.2897927994110958e-05,0.22938420725856523,5.011236476058644e-08
player_6acdf072d197,Cesar Blackman,Midfielder,10,4.103646764055576,0.00016337720933914406,2.0413393806467717e-05,0.25739438849832164,4.931787909151926e-05
player_ef05d0a3177c,Hendry Blank,Defender,10,4.371118595988862,0.0001633711975980923,5.596504154502214e-05,0.24993849938499385,1.967040814326488e-07
player_768956ffd457,Radu Dr?gu?in,Defender,9,3.4196551897383194,0.00016318317743027768,5.1038209679126514e-05,0.22420831954099085,3.916935037446513e-09
player_ca5ec8b819ec,Luca Waldschmidt,Midfielder,10,3.7148494107003946,0.00016315701386718432,9.540338423500629e-05,0.23757745820180054,6.307125904148544e-05
player_b76de050285f,Marko Tolić,Forward,12,3.409310676585869,0.00016309168971139295,7.061728560883941e-05,0.26701708278580816,5.761191914405386e-07
player_89bcbecc435e,Ezequiel Ponce,Forward,10,2.699988044634442,0.00016303042500366417,0.000635867703125957,0.2488671157379057,2.2337228511761342e-08
player_ef9c389b1133,Facundo Pellistri,Midfielder,9,3.282860811658413,0.00016300483600796735,5.707638031930058e-05,0.2205339700455828,2.1855860676836245e-05
player_33c02849a498,Rob Holding,Defender,11,3.71517212775741,0.00016297197244496086,0.0002045632839198175,0.24712678625722104,1.9787811982525728e-08
player_4129eba60f1e,Dennis Geiger,Midfielder,10,3.7684435628976978,0.0001629202198000448,3.1118124914062786e-05,0.23329506314580942,2.3085463592904154e-05
player_bab57aaf26ff,Håvard Nordtveit,Defender,9,3.301501519152888,0.0001628709658380195,6.43978711854959e-05,0.21958072185001082,2.1779651474910505e-09
player_895a6f92845d,Nicolás Burdisso,Defender,13,4.858551799773164,0.00016284237265157424,1.6208926147413234e-05,0.2658120217149585,8.516736211637346e-07
player_6192c1ad5ea0,Davide Marfella,Goalkeeper,8,2.986675286282369,0.00016282115772197213,0.0009388798307746561,0.23703703703703705,1.0179976638549183e-06
player_14a7a1bf57ba,Ionu? Radu,Goalkeeper,7,5.1892005918981345,0.00016276615173196402,1.7529495113020764e-07,0.20483870967741935,3.420573862945132e-07
player_842cfa5d130c,Erik Thommy,Midfielder,10,3.46530191944853,0.00016263693550820957,3.108845303356133e-05,0.23217550274223034,1.7153083199832098e-05
player_e632b1d17f97,M. Olsson,Defender,12,3.9404635645339843,0.00016260393899099798,0.00018207384619264134,0.2572803241326918,4.7702585206234606e-08
player_418ecb7c170c,Simone Perrotta,Defender,12,4.228839087511917,0.0001625961378061866,5.729250125890367e-05,0.25819567979669633,5.734237523341656e-08
player_69b9a334f44c,Gori,Midfielder,11,2.2706027364075485,0.00016250330714248038,0.00021937802113486233,0.24320766008378217,9.302924533916292e-07
player_50b265113a60,Édgar Méndez,Midfielder,9,3.16172718530464,0.00016246742630522716,3.450391647856876e-05,0.21147941926419317,1.4362795009053726e-06
player_cf83d10f608c,Sacha Delaye,Midfielder,11,3.4131453066985107,0.00016238989606821806,0.00016994076939867657,0.24934045033437635,1.7663756463396975e-05
player_b873132f4407,César Delgado,Forward,13,3.2991862806443324,0.00016236138340597385,0.00011165155976888247,0.2649973917579551,4.5761272344267584e-07
player_bb9b6332e8c7,Nick Pope,Goalkeeper,9,4.4871833520567845,0.00016230723383554082,4.319502318777996e-06,0.1861061501121949,1.1592999936461208e-08
player_07d37c95a53b,Fabian Kunze,Midfielder,8,3.237529398944078,0.00016230560804577306,1.8084276069184794e-05,0.21780374082212337,2.1976018680825725e-06
player_81aa6f7e17f9,Eldor Shomurodov,Forward,9,3.259467668257891,0.00016220069141328555,7.811033666551096e-05,0.2419191618548723,1.1499495693619556e-07
player_276d8821ed5d,Amine Harit,Midfielder,10,3.7282185543109443,0.00016217209297644203,0.00016768046624374827,0.24807715785618362,5.9342874802748235e-05
player_0f1bb451663c,Jordan Ayew,Forward,10,3.492239702028002,0.0001621524640422539,2.669657742410662e-05,0.25069397322805503,2.829740368123338e-07
player_88fb980c8621,Enzo Fernández,Midfielder,12,4.410267734287481,0.00016190157442327614,2.747388769345912e-05,0.25137626028329313,7.802099619166313e-05
player_806652398305,Tariq Lamptey,Defender,9,3.9649465740412007,0.00016188802467608318,2.6433238060360175e-05,0.2268110280165197,3.3189417956605286e-08
player_2b77a2defcb6,Benjamin Huggel,Forward,13,3.069905247661049,0.00016186427899788223,0.00034318961955858356,0.2731366355265811,7.055406770884576e-07
player_e492d6d865b1,Demba Seck,Midfielder,11,3.5327296875617935,0.00016182750299298116,3.28306281273435e-05,0.2404733727810651,2.965400817625018e-05
player_542a545d1531,Mexer,Defender,9,3.724125659599843,0.00016182549351639587,3.1853302195124015e-05,0.226836347398973,1.3677944728601895e-08
player_a73ca8b4a168,Ike Ugbo,Forward,11,3.2520504261088847,0.00016179274194636867,0.00011691999288122047,0.25630676084762866,4.4894726222321677e-07
player_3514ed131c61,Aaron Connolly,Forward,9,2.4746890674676956,0.0001617129838496014,0.0001221368513471577,0.23312109218149488,5.81616680535503e-09
player_bb38995d4c7d,Luc Zogbe,Defender,11,3.86404651274968,0.00016166718896306852,6.0417927026004606e-05,0.24949352323654,4.6309075659113767e-08
player_7ece4eeabcb9,Kevin Schade,Midfielder,11,3.322702792861697,0.00016159145719586154,0.0001566598669553325,0.2383857343969967,6.802377206318516e-06
player_8032a19ecea6,Lukebakio,Forward,10,3.1675600795419063,0.00016154201026108265,8.045972442887043e-05,0.2588205324162527,7.647355327874981e-08
player_f98dcc4e2fa0,L. de Jong,Forward,10,3.1881963836059697,0.00016151070530256835,4.388296844371559e-05,0.23456077571280157,2.8944715438885454e-08
player_afea930c7f56,Ben Mee,Defender,9,3.775528530571829,0.000161484935998686,1.5529755922381236e-05,0.22016360582913483,8.2431441816853e-09
player_c99868052fb8,Everton,Midfielder,12,3.8272096637161876,0.00016144082424517965,9.348949424286424e-05,0.23972158320061346,0.001265003851280647
player_39871d43c8f8,Keita Endo,Midfielder,12,2.980146563347666,0.0001614314308134639,7.606537368908038e-05,0.2453958094317976,1.4846688963257626e-05
player_c397cd5b8af0,Kelechi Iheanacho,Forward,10,3.642158569605431,0.0001614209174863188,8.12200924797144e-06,0.24480452984759954,7.717936862899598e-08
player_4b9fe980cbd0,Hakan Balta,Forward,9,2.9202735158071635,0.0001614077221426121,6.369984575423852e-05,0.2411297021478581,3.4392610216292454e-08
player_9a2043673e4f,Matt Ritchie,Defender,12,4.424229005150963,0.0001613820039872736,3.0513343530364166e-05,0.24332415279607233,2.7852702918834708e-08
player_184ccef7d38b,Hamza Choudhury,Midfielder,9,3.4258321885640473,0.0001613546904123611,0.00011078260399373579,0.24480452984759954,5.24341617015486e-05
player_4e011a5d43cf,Čolak,Forward,11,2.972254237905962,0.000161340013677251,7.443281571481519e-05,0.24944758163515837,3.833701839765075e-07
player_d266e873de84,Quini,Defender,9,3.657452062410853,0.00016133687726781863,3.114006366818127e-05,0.21774539219888556,6.840862446508228e-09
player_339bc2505cd1,Elvis Rexhbeçaj,Midfielder,9,3.554076638987902,0.00016133576180420457,4.661135294343394e-05,0.2215800665176381,2.6293977974245258e-05
player_4223d1639ee2,Yansané,Forward,11,3.302910514811191,0.000161310380173473,4.8013126936494636e-05,0.2601626016260163,2.2910965192477424e-07
player_bd7d9729d774,Gian Marco Ferrari,Defender,10,3.993997282694074,0.00016129577479705452,2.144049119677544e-05,0.2390728866403906,2.937268429502051e-08
player_d13f6e85f993,Sergi Canós,Midfielder,10,3.4190988708058327,0.00016119297853812601,1.5050558589026337e-05,0.2269250097716232,4.289391987245577e-06
player_9cbc7488b71a,Gio Reyna,Midfielder,12,3.6575340831865866,0.00016109622742205542,0.00023788426277568644,0.25770450221940394,2.310641626572547e-05
player_06e97612795e,Mykolenko,Defender,10,4.085189877897484,0.0001609884949600105,4.0380022784509796e-05,0.2476086029366965,4.7116078494451e-08
player_24b0ab50dde0,Arkadiusz Reca,Midfielder,9,3.4176883576805617,0.00016098262549071182,4.782206888167223e-05,0.22520226088883963,3.4786132677607482e-06
player_bc6ce2191ff7,Gökhan Gönül,Midfielder,12,3.5036504555595633,0.00016092027563926917,0.00011046026808513773,0.2701588778834009,2.3963115291658745e-05
player_00fc9b312d43,Dennis Aogo,Midfielder,12,4.133683185703168,0.00016089572265077522,3.243904948662208e-05,0.25632292652160205,0.0010448470826229376
player_a94652aa97c7,Juan,Midfielder,10,3.781236640008562,0.00016086407827987725,9.344578962667383e-05,0.2603959761645416,6.709481400955103e-05
player_238b8e11d7c0,Emmanuel Dennis,Forward,9,2.872223481710021,0.00016083946610322174,4.810150364535074e-05,0.24955480503530855,3.427955090544865e-07
player_43d47f380a6c,Neal Maupay,Forward,9,3.2479836915658713,0.00016080724702848356,7.15280401065708e-06,0.22707716377046433,4.348751482147622e-08
player_9c3433e8084d,Jessy Moulin,Goalkeeper,10,3.0143745202697647,0.00016080106095618326,0.0010972627442877034,0.23349612180407928,1.1795484468455963e-07
player_224068139ee0,Shabanov,Defender,9,3.813951729622453,0.0001606633768858876,2.300521945458318e-05,0.23407441538993204,1.2327000618118301e-08
player_7905ead3ef36,Jaroslav Zelený,Defender,11,4.336446038731014,0.00016063058647320305,0.00010228253272187354,0.2575085540489165,6.332256474200834e-08
player_c614f69307e2,Albion Rrahmani,Midfielder,11,3.6681875200625074,0.00016060112612550185,6.902181542948892e-05,0.23972158320061346,0.001110735948083529
player_0566c59c2857,Luke Thomas,Midfielder,9,3.276395470873136,0.00016057564171184882,0.00013045604893959333,0.22992927864214993,3.0291762547128445e-06
player_d8d7ac1514a2,Kelvin Amian,Defender,11,3.728244076639606,0.00016051603993373848,6.415702660946328e-05,0.2546046861295577,6.919531481048727e-08
player_3e7dda4c6b64,Michael Dawson,Defender,13,4.755012935505257,0.0001604272878006637,2.5178731439926935e-05,0.2594815476950581,7.163258895959961e-08
player_ac6d3cce2d16,Franck Kessié,Midfielder,12,4.3456944496337195,0.00016040786357678327,3.608052829650484e-05,0.2516252863599777,0.00012028941733215718
player_ac9bc9a44ed0,Enes Ünal,Forward,8,3.0057382713289296,0.00016040621488516276,5.452840205348993e-06,0.1996168770568299,9.132565157879608e-09
player_f2e3e5b588c1,Brain Oddei,Forward,8,2.2475034602896287,0.00016028361914495435,0.0011293270623118886,0.21318785081047054,3.2179191250902813e-07
player_a42ca0b1c5bf,Asmir Begovi?,Goalkeeper,8,4.034772425031813,0.00016021318183890706,3.945735370683802e-05,0.16731853925645354,4.828341344985063e-10
player_395da3861fbe,Jordi Mboula,Midfielder,9,2.794720644808572,0.00016021084634469855,6.984798286969396e-05,0.20765418220836954,1.235171605189225e-05
player_767c87be5fca,Joel Pohjanpalo,Forward,10,2.3333928729432603,0.0001601668805893809,0.00010303805752777407,0.22780269058295965,1.4627576417364916e-08
player_14aa08a52b12,Mattia Destro,Forward,9,3.2825924538247366,0.00016014176817776864,4.105628907300591e-06,0.22638146167557932,3.1291617701312205e-08
player_4de44fef5249,Conor Coady,Defender,9,3.587128911185001,0.00016009886995316177,1.181127721500629e-05,0.2265202608550248,9.401283021108905e-09
player_c85b0ff3174a,Augusto Fernández,Midfielder,12,4.5107753109035,0.00016009752618012578,2.8097006818772488e-05,0.2638447055768357,9.192389916968768e-05
player_65e7906915f1,Davide Faraoni,Midfielder,10,3.8182337663435977,0.00016009505737271535,4.1312719722298645e-05,0.25108118126776224,2.8546068505169298e-05
player_1bc464195b84,Mario Gaspar,Defender,10,3.895751980061129,0.000160085537433171,0.0001766080218311559,0.2586064269805918,1.0287991886888269e-07
player_5b8e8c514307,Oleg Gusev,Defender,9,3.913908599732572,0.00016003038552698878,6.616522994557049e-05,0.23768861855187742,1.2896850479508256e-08
player_edfc2c251ba0,Shkurin,Forward,9,3.0051213442892757,0.00016001317096766264,0.0004841911516392768,0.2611489525767896,5.7377518129768496e-08
player_3cb7bd2a2c54,Pongračić,Defender,10,3.9601418659783474,0.00015998782474312473,6.081135197024507e-05,0.2366643372932681,3.229920538521591e-08
player_556b1c26b64d,Germán Pezzella,Defender,11,4.036938508262966,0.00015990641124348373,2.5027670967036464e-05,0.23125071127802435,1.4309509225468475e-08
player_44f731cd4278,Sergey Ignashevich,Midfielder,12,3.5940096504120485,0.00015988379274382402,0.0001792336741578291,0.25494009158772973,5.830967536172405e-05
player_c3b04acfbcce,Philipp Förster,Midfielder,9,3.7011996745718303,0.00015984233634589189,5.835790367021546e-05,0.2429314364277602,1.5394757765966107e-05
player_46bd8d911830,Giovanni Crociata,Midfielder,10,2.643076893552161,0.00015982531496728725,0.0003569598839260325,0.252046638551228,2.380804376132107e-05
player_15e4b9ece872,Roberto Massimo,Midfielder,10,3.4504056650676156,0.000159721240815289,6.794801252758966e-05,0.21968755067841506,0.0011315776499988002
player_9b87fea1dc5b,Newertton,Midfielder,9,3.6937313898781365,0.0001597053697416431,3.0289026629016477e-05,0.2330008026602454,0.0016300570296462803
player_2bbaed9766d7,Paulo Ferreira,Forward,13,3.36067868519392,0.00015966627812900866,0.0003894088498139916,0.2613168724279835,8.69428020106039e-07
player_6b7b8d10c159,Morten Thorsby,Midfielder,9,3.6998564766203934,0.00015965965507950297,5.496301977753001e-05,0.23038548752834467,9.65426416497554e-06
player_52af92c53b81,Alejandro Francés,Defender,13,3.9471374750556625,0.000159651877700948,0.00013165061792862166,0.258146477799657,1.0919546599549548e-07
player_3e562f66305a,Mykola Ischenko,Midfielder,16,3.910768305123702,0.00015960335434525282,0.0001260734622858128,0.2814209542275466,2.931994420923243e-05
player_b1ec8ffd266e,Bryan Mbeumo,Forward,8,3.252578306107958,0.00015957293357099974,4.753507266652949e-06,0.22103774611117155,2.1447309036361473e-08
player_b81f6b71811f,Lukáš Pauschek,Midfielder,9,2.3012941054772345,0.0001595251373767332,0.000978786942705925,0.22793045429052158,9.336231805060813e-07
player_7bdbb3466270,Mateusz Praszelik,Midfielder,10,2.6897244325944563,0.00015945090615545568,0.00030442229385980286,0.2529565542138678,2.4065121710457526e-05
player_30af80467f5e,Michael Keane,Defender,9,3.761732446157427,0.00015943576499207634,3.571306630776747e-05,0.25153184378288046,1.4756658490910457e-07
player_c9e81229b07a,Gustavo Manduca,Forward,11,3.0292676012501696,0.0001594344975654988,5.590258415941664e-05,0.2556296389482954,1.4878924570283936e-07
player_91874bb93616,Marek Jankulovski,Forward,12,2.805797092836009,0.00015930166629614658,0.0001063160935462834,0.26239669421487605,1.9192482339446289e-07
player_4ca2547d6a4d,Nathan Ferguson,Defender,9,3.166861087660213,0.00015925009533052274,0.0003387615745220064,0.20755873340143002,4.596387241946726e-09
player_391f4e15d88a,Gonzalo Melero,Midfielder,11,3.9876113543014786,0.00015922791302900246,0.00012393680067754843,0.24645239539114616,3.286334604382646e-05
player_1c19b46328eb,Jason Berthomier,Midfielder,9,3.376333786907632,0.00015917191965147845,4.511542377448442e-05,0.22708985248100133,7.383830187664779e-06
player_85f9c14dbaee,Thomas Matton,Midfielder,10,3.8240970852390492,0.0001591569126292258,3.676905032550422e-05,0.2524694042368143,7.318196242860242e-05
player_31932eb56aa6,Alidu Seidu,Defender,10,3.1902018317404806,0.0001590745738445821,0.00024620631905029455,0.2452033305176783,3.308330819488747e-08
player_daa6924f8d41,Kiliann Sildillia,Defender,9,2.98222074918007,0.00015902615882598306,0.00010010885952831895,0.23032020402380277,4.8299672698547314e-09
player_ee9bfbc4b141,Lucas Leiva,Midfielder,12,4.123622711660049,0.00015898140060546182,5.431556076971888e-05,0.2547642928786359,7.935691341781456e-05
player_84989f2d11a7,Kenny Lala,Defender,10,3.8184229860416523,0.00015895260259652982,5.092942458265908e-05,0.2413444978917988,1.5952569279591794e-08
player_6f735d005f02,Ousmane Toure,Defender,11,3.5208079812741944,0.00015887993770840992,8.973629908076556e-05,0.253208722741433,9.479648414424598e-08
player_ea42567a4482,Nathan Collins,Defender,10,3.851266896898642,0.00015885322348870674,0.0001555326107201532,0.2582284915491168,1.2649168480603217e-07
player_40d11d61b6ed,Ricca,Defender,10,3.425403379797451,0.00015879329327704494,0.00020219644536466518,0.25109669447018845,3.1301988351224165e-08
player_83b1465db931,Cristhian Stuani,Forward,12,2.8850975378190027,0.0001587526686986896,0.0002513145107458289,0.2608639835676231,1.986256504742785e-07
player_b85016598c33,Jérôme Roussillon,Defender,12,4.49553779490267,0.00015873585934763216,8.834333510055439e-05,0.2457073760580411,3.05079444877664e-08
player_5075cd2c19d5,Juan Pérez,Goalkeeper,8,4.0963436008363185,0.00015872276391330992,7.216165801657427e-05,0.18040573533981444,8.845834633056012e-10
player_8f7bca4ecfbd,Sobol,Defender,11,3.9080768488266857,0.0001586771561974682,4.237400195835503e-05,0.25276775718372935,6.087653159347361e-08
player_8f7bfc5abeba,Alberto Soro,Midfielder,9,3.219019626823033,0.0001586751439109569,2.8128778739594794e-05,0.22164048865619546,2.2582812154564183e-05
player_1fe9e32211a3,Rakip,Midfielder,14,3.808716965728617,0.00015861703985815272,0.0003194912580789351,0.25553319919517103,0.0011778472854128306
player_c97e721da208,Antonio Raimondo,Forward,10,3.372410683431718,0.00015861131064886857,4.8071646193988626e-05,0.24074403175167347,5.499247662691621e-08
player_3cc0535ac350,Vladimír Weiss,Forward,11,3.15217713956649,0.00015859020187246025,0.00016775283039601076,0.2625662230262308,1.0366212443522593e-07
player_15489dd8adf3,Victor Osimhen,Forward,11,3.591953482293943,0.00015858609232342134,8.592620618278428e-05,0.26549944469850395,9.548987544367316e-07
player_448602e28abe,Jan Thielmann,Midfielder,10,3.3951156879943656,0.00015857549807714815,9.301922468766359e-05,0.231527374238022,1.9818882561013243e-05
player_8f93fb72bdf7,Rúben Vezo,Defender,10,3.9419661556569685,0.00015853886692791114,4.989663626159539e-06,0.22016360582913483,1.0106831849169303e-08
player_12004b8a6c60,Moussa Yeo,Defender,11,4.24749357361398,0.0001585319028836114,0.0001672185938394617,0.25918367346938775,1.7713534905847934e-07
player_5ac38310cbc2,Konstantinos Mavropanos,Defender,9,3.9597475100029556,0.00015850295164452702,1.7119165673086642e-05,0.240402247855664,2.986334707751416e-08
player_f2a9f13e6a5f,Danilo Soares,Defender,8,3.65401051167901,0.00015844038652503784,7.956442719505443e-06,0.20592855333164428,2.243544553245214e-09
player_0660ce4fba84,Jonas Omlin,Goalkeeper,9,3.311507190367992,0.00015830102621303008,4.46472437004098e-05,0.201377533323423,2.0396089213366453e-08
player_752c43c4ca85,Gianluca Frabotta,Defender,10,2.5134464855150593,0.0001581534765198777,0.0004628910544618039,0.2565494602613471,2.7571920327437616e-07
player_043e8505c6c5,Mateo Musacchio,Defender,10,4.09400274873519,0.00015807319045704922,2.7680022824941816e-05,0.24700662493162343,3.931785292896596e-08
player_ec83c3ce4c02,Munir,Forward,9,2.845204056645024,0.0001579455351123493,4.375718767927291e-05,0.23979230587679962,1.6692499085044565e-07
player_edf88babb9df,Óscar Cardozo,Defender,10,3.8058212378397736,0.00015783271037172344,1.3185571967591584e-05,0.23387236001611325,1.315987716795297e-08
player_6a56322f07a0,Mehdi Zerkane,Midfielder,8,3.255033329161262,0.00015761569168466544,1.7729035137852584e-05,0.2440547681960125,2.8878247980842255e-05
player_1cc509fea879,Jamie Bynoe-Gittens,Forward,10,2.909231480514424,0.00015756389582944914,0.00012644562366464558,0.2412585336895221,3.612378680659817e-08
player_71c59375c0ad,Niki Mäenpää,Goalkeeper,10,4.97928751397287,0.00015756123108286553,1.5295198297017402e-05,0.205740900116438,2.243277764261295e-08
player_e46a40090301,Gerard Gumbau,Midfielder,10,3.6105693399895875,0.00015755862053142865,2.0029679359648612e-05,0.25007691834348655,2.2595971785560865e-05
player_7bad521e104e,Paul Akouokou,Midfielder,9,2.7018129416980434,0.00015743373599673855,9.228282786545851e-05,0.24345534056191218,4.578259320817564e-06
player_139f3aa84af6,C. Martins Pereira,Midfielder,12,3.9644642525521934,0.0001573812674413391,3.499256416520581e-05,0.27227656438429587,5.658108916851432e-05
player_08575ee502a0,Harrison Ashby,Defender,9,2.859841802840688,0.0001573179503890366,0.0001262827372348334,0.251127726626707,3.661977254458096e-08
player_8b0a983229c6,Bartol Franjić,Midfielder,10,2.122367570328506,0.00015723498478952352,0.0004009141089081586,0.23663677652265053,4.6475219426244415e-07
player_fb313d0cb61f,Josha Vagnoman,Defender,10,4.389028761517281,0.00015713221781182425,1.339660461972091e-05,0.24551440826436297,2.4254146770110524e-08
player_946a7dd11dbe,Aleix Febas,Midfielder,11,3.358305969235871,0.00015712538106885243,0.00011779984559388163,0.2561129316864129,1.0613152197285013e-05
player_7958591b3f16,Karol Linetty,Midfielder,10,3.8205822146465835,0.00015708234844110522,0.00011609808986592643,0.2409867172675522,0.001150917299452934
player_1251800269ab,Abdourahmane Barry,Defender,9,2.9282353021041696,0.00015706733734217976,1.481074968261047e-05,0.22691233947515355,9.132935903074704e-09
player_0cc9a3dc8b59,Édgar González,Defender,9,3.8297853580029324,0.0001570224500303597,2.043585429112565e-05,0.23107977483368397,2.3855441539500942e-08
player_eacf55c05731,Fran Mérida,Midfielder,10,2.494655600887429,0.00015700902016210113,0.00013388541964164046,0.23175182481751824,3.147624817924404e-05
player_e58a5885bb96,John O'Shea,Goalkeeper,11,4.966057202408328,0.0001569887754439826,3.486464627646006e-05,0.21206428720517637,5.5307553001126396e-08
player_2a266e657691,Daniel Schwaab,Goalkeeper,10,4.612499888848076,0.00015689674544463954,0.00011612399760452638,0.2411297021478581,3.909744021969821e-07
player_a59078704221,Gianluca Scamacca,Forward,8,2.991636724111941,0.00015682964363376075,0.00015734073892071518,0.2426413517224909,1.8102773238647642e-07
player_6294f39605ca,Valon Berisha,Midfielder,10,2.6937212078320134,0.0001567555566986222,0.00016916505100730183,0.24360127075466043,9.285165679902213e-06
player_a02b88148b4f,Elderson Echiéjilé,Defender,9,4.522740429657576,0.00015669170994755388,1.2234009370932178e-05,0.2541906429822367,6.923682195825492e-08
player_463dc7d81a7d,Mouctar Diakhaby,Defender,15,4.672070551484716,0.00015664788931128536,2.2040221314174407e-05,0.2427283043660037,3.190868332013239e-08
player_ecf8c2f1c948,Josué Albert,Defender,11,2.8467614578626947,0.000156620609009008,0.0005726194633545662,0.2566304622379389,5.163488949002462e-07
player_4d976fe48a1c,Mickael Nade,Defender,9,4.142797727820438,0.00015661885915432792,1.42316188252299e-05,0.23160654242890522,1.5748802327998117e-08
player_673160b217a1,Sébastien Haller,Forward,12,3.517699320996657,0.00015660735206033058,4.469599872173907e-05,0.2725504660988532,7.030129255559769e-07
player_6390e89a6ca2,Emilio Izaguirre,Midfielder,14,3.350571775686916,0.00015658788144368347,0.0004626177698772426,0.2821046786061363,2.4687609861373207e-05
player_ebb2ef942d89,Andrey Arshavin,Midfielder,10,3.8022420945240905,0.0001565812462776627,1.4470721183593718e-05,0.2447897843633297,6.72123222815319e-05
player_894a7bc10595,Lucas Martínez Quarta,Defender,9,3.501947171615269,0.0001565630905056776,0.00022940235057867313,0.2450259254793199,1.866445075251697e-07
player_90551b96f74f,Wes Morgan,Defender,9,3.840560430765771,0.00015654561986220297,0.0002449003268466171,0.24518853695324283,4.487675494916973e-08
player_61b24e6c009d,Giuseppe Pezzella,Midfielder,10,3.628428294219666,0.00015650995797758874,1.3753597316077419e-05,0.2504467862204967,0.0012112972683596087
player_2241caac22fa,Marvelous Nakamba,Midfielder,8,3.178431847252189,0.00015649044641932142,1.4517580576591131e-05,0.2192608578365255,3.3140880913881984e-06
player_703fc7a50d91,Brandão,Midfielder,14,3.487944403445198,0.00015647093067267602,0.0004039966647720748,0.2555010687790771,0.0009271816916771864
player_92bb9c165611,Jurgen Ekkelenkamp,Midfielder,9,3.4194429362929237,0.00015641242633420286,2.294817640948325e-05,0.23411486836799356,8.818502404659946e-06
player_df75da1ddc24,Costas Charalambides,Defender,12,3.7534842472231262,0.0001562882494977476,8.112443999963555e-05,0.24304766461336044,3.655040600598319e-08
player_cb2523138bfc,Esteves,Defender,9,2.3124204414341216,0.000156246590653366,0.0001940403366315011,0.24107248783960136,6.251168603973468e-07
player_2f4adacec40b,Jeremy Toljan,Defender,10,3.8801368551893693,0.00015624519529009996,6.16598722299888e-05,0.263622210690192,2.2959892695548214e-07
player_e1bc7867a2b2,Romain Thomas,Defender,10,4.239362944571159,0.00015623856737650494,1.532109460434515e-05,0.22327216789363807,1.3600959746682248e-08
player_afaf692bfe68,Erencan Yardımcı,Midfielder,9,2.4627824204136544,0.0001561626230238379,8.264564877511811e-05,0.24176085663295657,3.4699454606621254e-06
player_dc58b8171b34,César Santin,Midfielder,12,3.9084283226159067,0.00015608691775817425,3.876913454728517e-05,0.2628719275549806,8.779263330631261e-05
player_788f4739bfcb,Franco Russo,Defender,10,3.246256983448534,0.0001560794050946779,2.5832150639367106e-05,0.2274584429394974,1.1300682673629758e-08
player_2c8c516eece6,Marco Meyerhöfer,Defender,8,3.4412498607705375,0.00015600233689946286,1.1979764566580953e-05,0.2164695855971024,7.701962471123778e-09
player_fc726eb28c1e,Klaassen,Midfielder,14,4.054548820243059,0.00015596649673094208,9.644136354261582e-05,0.26795015494164964,0.0009268950379875493
player_76bb6c12823c,Sebastien De Maio,Defender,10,4.394309691111341,0.00015596283265945925,2.0087814542870947e-05,0.24648229015041243,8.377872959140997e-08
player_b9b1c109f63a,Elba Rashani,Midfielder,9,3.73578197551696,0.0001559347130631257,1.1800028200948357e-05,0.22396120357103494,3.0099848343709928e-05
player_4baa41dac560,Alexandre Letellier,Goalkeeper,8,2.520944354182542,0.0001558772574316796,6.773557428011953e-05,0.20111842430840798,1.1854063187626906e-07
player_1ddb565c7065,Béni Makouana,Forward,9,2.138440876477098,0.00015585996262214738,0.0004921064584728252,0.22156798604296152,4.024101955465331e-09
player_2c7c29acf923,Shandon Baptiste,Midfielder,9,3.202730776859239,0.00015585270669452565,8.296797107281169e-05,0.23596353713058119,2.5104500537000866e-06
player_0c2713d16a5e,Bojan Miovski,Forward,9,3.164364861345955,0.00015579158931069284,3.6932607671057053e-05,0.24090100770598696,1.7767670600614573e-07
player_10f11f1d1cec,Jusuf Gazibegović,Midfielder,12,3.7956352256992547,0.00015578302969365023,6.520365332578763e-05,0.2559355123118584,5.8306848764715744e-05
player_9d92985fc6eb,Maceiras,Defender,10,3.934987048638706,0.00015574959981314466,0.00011663578928385023,0.24981558888615688,5.980351950781773e-08
player_d4e0ad2e522a,Simon Zoller,Forward,9,2.8608122760298667,0.00015564811731979213,0.00015314348286452363,0.2441720740206681,3.2385168446192766e-08
player_ce623e9dc2b4,Ezequiel Ávila,Forward,8,2.523677378218807,0.00015558586575847193,3.296084294345832e-05,0.2401323564169227,4.4221832289365596e-08
player_f1d9409b33ac,Aritz Elustondo,Defender,10,3.8498678574252594,0.00015551774698275414,1.8981651868665892e-05,0.2409152883988381,2.9766623427251753e-08
player_5b4f70a7d4a1,Danny Simpson,Defender,10,3.888261838119453,0.00015544396113198185,7.264567911393801e-05,0.24642250788260975,3.730918138156127e-08
player_d626e9927e67,Jon Guridi,Midfielder,10,3.1316450546587835,0.00015541494497778508,3.098353527269138e-05,0.2389042384339545,2.3865038661882885e-05
player_aef8100d4845,Kenan Yıldız,Forward,10,3.239516150022815,0.00015539056755275343,6.272467761108835e-05,0.25317717418390234,1.7137218525442894e-07
player_d631a9a1b6e1,Javier Manquillo,Defender,11,3.8447344716598093,0.00015534522959093818,0.00019328346063397913,0.2548441713174892,4.00201026802681e-08
player_e6be3bec3476,Sydney van Hooijdonk,Forward,9,2.5599870701059038,0.0001553280212321175,0.0005613617679695675,0.24154531946508173,6.595032464833849e-09
player_af049fea541a,Dilane Bakwa,Forward,10,2.4047743948671267,0.00015532416635849857,0.00010321206852655086,0.2383857343969967,6.836470870206247e-08
player_bbd933e32ebb,Jeff Reine-Adélaïde,Midfielder,11,3.4419219301462736,0.0001553080195463763,3.47518571948186e-05,0.2440547681960125,9.295693487400657e-05
player_2bfb7d71113a,Saidou Sow,Defender,10,3.2809071323181285,0.00015530709686440222,7.078027102427079e-05,0.2479409432005369,2.532677891902495e-08
player_6df6da53079a,Junior Mwanga,Midfielder,9,3.5635369837789668,0.00015530018167583064,0.0001279050046430583,0.25938218023997955,1.2880613157743266e-05
player_8439bd891e39,Etrit Berisha,Goalkeeper,11,4.990670611262065,0.00015518466381406873,4.932584957854991e-05,0.2164119495180787,2.631257132729929e-07
player_97415752ac56,Andrew Omobamidele,Defender,10,3.0857805585650007,0.0001551198316217803,3.887241213811763e-05,0.24064424443391758,2.1969311171734444e-08
player_b5d081cde844,Ilija Nestorovski,Forward,8,2.3451386608549396,0.00015504006325392383,8.973957900402161e-05,0.21464032956586035,2.3785613153755415e-09
player_4574014d7ee3,Jon Morcillo,Midfielder,9,2.0947401303386193,0.00015502584306426265,9.589776295328107e-05,0.23068626894476926,3.33426276698486e-07
player_aa0e774f9b4c,Ken Sema,Midfielder,9,3.1061405392718506,0.00015485970922334924,6.774580904257262e-05,0.21973506353068398,3.7120093960736154e-05
player_1b316b495d15,Leonardo Balerdi,Defender,8,3.033929769293395,0.00015478723730289284,8.568295895398763e-06,0.21536830948595653,4.901481055746114e-09
player_d81f78072bb4,John Mellberg,Midfielder,11,3.571931024994518,0.00015474694759939084,4.253723025513255e-05,0.25569397256826476,7.286851575944563e-05
player_1d4a08843bbc,Kevin Agudelo,Midfielder,10,3.26926884820377,0.00015459837223490348,2.3808951527968024e-05,0.23079107274689079,4.4130250248959915e-06
player_ccd0aae87229,Joo-Ho Park,Midfielder,14,4.31015481889988,0.00015450127945238287,4.121488280350565e-05,0.2702307334264246,0.00017425854144366117
player_dc272b28c975,Mason Holgate,Defender,10,3.6859229069031123,0.0001543776713168559,9.844734262492393e-05,0.2651529979774255,2.9979379665207436e-07
player_dc6f9fc8a45e,Castañeda,Midfielder,11,3.82152119714722,0.0001543482370790003,3.9764161932928384e-05,0.24619858241957956,0.00014193091502749075
player_db26591150ec,Maximilian Ullmann,Midfielder,9,3.0168029025855976,0.00015431807920559843,0.0003326633660938682,0.23980645541983833,2.1819319945601238e-05
player_caa65f1058f6,Samuele Ricci,Midfielder,10,3.351087824572604,0.00015429533229382658,9.220497343467442e-05,0.24445112781954886,4.757318262261798e-06
player_6fcd35e0aec6,Niklas Dorsch,Midfielder,8,3.451700401770422,0.0001542187913987415,7.443801736575741e-06,0.21467434366911414,4.942523917886952e-06
player_cd5596222d85,Julien Faussurier,Defender,9,3.119844213577836,0.00015419981445011878,5.2993007667333496e-05,0.21322140608604406,2.297838882765215e-09
player_a7d842253622,Matias Arezo,Forward,9,2.4206419745362764,0.0001541645493455623,0.00019523639633806594,0.22854572039140705,9.814605057934323e-09
player_812632617ed4,Luan Peres Petroni,Defender,8,3.564326461251316,0.000154038082521076,6.935323140286741e-06,0.2223681330706938,1.1750324921547255e-08
player_29619b87a198,Marco Benassi,Midfielder,11,3.7173786660728263,0.00015389234439583865,0.00012957448088989673,0.259896399565134,0.0011306761750922323
player_0518dc1bdbcd,Andrei Motoc,Defender,9,3.4500613301384915,0.00015387532134112888,4.700924460423407e-05,0.23967916961547533,1.3047976292183245e-08
player_e03ac92ac43b,Janik Haberer,Midfielder,9,3.300244097937996,0.00015373354758470352,3.50280082867826e-05,0.2308172885784063,2.2770767172499322e-05
player_0b9225e2a842,Óscar Melendo,Midfielder,8,2.910944220510804,0.0001536928405132062,2.0619314945283266e-05,0.21622772013833466,1.5988481851637e-06
player_751c8c451185,Jean-Pierre Nsame,Forward,8,2.4242933672265505,0.00015365821951624726,5.5475488388919475e-05,0.22340717937441593,4.625463794209523e-09
player_eac792c93e91,Nsoki,Defender,8,2.9803451479667777,0.00015351226467600146,1.0285396686938506e-05,0.23213571714171474,1.689759286401698e-08
player_840b71d888f2,Nayef Aguerd,Defender,13,4.389620254542101,0.00015350760696091305,4.4111150199322e-05,0.25196850393700787,5.416996494439473e-08
player_952cea357d6c,Chiquinho,Midfielder,16,3.8883099150160456,0.00015334516464488926,0.00013183407408966772,0.2812651394560177,8.919678243342377e-05
player_0fccf6b6b9c9,Noah Weißhaupt,Forward,9,2.6527453960491214,0.0001533438797466743,0.00025588680171312794,0.25979671418525857,8.338779735486932e-08
player_5a0e527424c8,Martin Baturina,Forward,12,3.2997448064390196,0.00015330243221394363,0.00017847899744175745,0.275581474198142,1.2034895311689344e-06
player_841b388dfbd0,Iago,Defender,11,4.120322967250405,0.00015328545681488057,9.549909219995034e-06,0.25308257566322084,6.040758635860227e-08
player_8c14a12935f0,Víctor Laguardia,Defender,10,3.99148804531129,0.00015326468226235844,4.267990436477475e-05,0.24304766461336044,4.139812917182744e-08
player_3955ba2ec4d5,Peter Ankersen,Midfielder,9,2.3221675238216104,0.00015323002578171113,0.0001339599719676676,0.24489304007231094,1.1818204690651548e-05
player_3a47c653b093,Willy Caballero,Goalkeeper,11,4.064907108482486,0.00015322405318039,0.0001804565722845195,0.22177353342428377,4.4107404198109005e-08
player_fca4cbcf53f5,Mert Müldür,Defender,10,4.027159063826432,0.00015321757723262344,1.778404711457883e-05,0.23131652342193637,1.972374753845394e-08
player_9c32f6358006,Kędziora,Defender,10,4.044794518812318,0.0001531588988327623,7.372856978179759e-05,0.25368289637952557,2.1519057503561658e-07
player_bfe84886d1d5,Lewis Brunt,Defender,8,3.123053754021791,0.00015312698934719977,1.6584821968548455e-05,0.21253007007635186,2.5609910555879617e-09
player_fb1fb266a7e1,Mikel Vesga,Midfielder,9,2.851632635922545,0.0001530731069198916,2.9780318984429602e-05,0.22955264347040216,3.3992131147937193e-06
player_2dfbb3cb59ea,Maksim Kanunnikov,Defender,13,4.15690694840691,0.00015304864102580191,3.4957286366390884e-05,0.258804050181494,8.075102478689542e-08
player_0afb9b50e2d4,Tony Jantschke,Defender,9,3.3156925358710305,0.00015302697009096587,6.865513006852508e-05,0.23566251087271672,1.3734936690090887e-08
player_e07b0f3efada,Ibrahim Diakité,Defender,8,2.6049484615456997,0.00015302495403680895,0.0001449838297308196,0.23254749370565347,6.375937647479392e-09
player_5516c29d707a,Moisander,Defender,14,4.095591976974312,0.0001530041642712153,0.0001349557447817876,0.26498011345113126,5.902998192907136e-08
player_4585285b4f1a,Adam Matthews,Midfielder,9,3.200355210280695,0.0001529714127424048,2.509333530518257e-05,0.24210651733587513,2.3263895480523528e-05
player_46f212e80605,Jannik Vestergaard,Defender,10,3.8996386070733267,0.00015292952650176596,1.5198259389629793e-05,0.23506275666608825,2.671434943887508e-08
player_26632e5df3b2,Aurélien Chedjou,Defender,11,4.110868313140615,0.0001528980763587828,2.5233844933453048e-05,0.25979671418525857,6.452185854815213e-08
player_fb1ca0fb6d15,Darío Poveda,Forward,8,2.372176466957867,0.0001528380754201137,1.6322983229342278e-05,0.2166657781095058,4.196035569177555e-09
player_829d3399b17e,Malick Yalcouye,Defender,11,3.985018122313445,0.0001528054906381919,3.707151588684388e-05,0.2517187983895943,5.519035279332197e-08
player_51852e6d2a93,Samuel Kalu,Midfielder,10,3.2305831248025774,0.00015278493841187085,0.00012962934782244018,0.23934040047114252,5.506188182888057e-05
player_675f233a17c9,Oleksandr Shovkovskiy,Midfielder,11,3.430874709867522,0.0001527708362973387,5.067174224388382e-05,0.25677639476843367,1.799735271171361e-05
player_3c0b09e9fc55,Clinton Mola,Defender,9,3.8958371834961936,0.00015276360203285105,2.4091102806335145e-05,0.23621040395233944,2.2593243593825028e-08
player_166ace4fd11d,Kang-in Lee,Forward,10,3.222812733208789,0.0001527003398834855,4.700252026111629e-05,0.2691034300092703,4.6179047732870473e-07
player_66c122c7fad5,Nicolò Fagioli,Midfielder,11,4.089648443926004,0.00015267995655654268,4.414390904301876e-05,0.263741968979168,0.00011674301810075277
player_eb757ac09d78,Raphael Framberger,Defender,9,3.3403130275050263,0.00015262113394265994,4.792855185487186e-05,0.23125071127802435,8.014347447483482e-09
player_096980b7ab22,Seydou Doumbia,Forward,9,3.060562765796077,0.00015261031658575535,4.659951770140751e-05,0.2646694887658743,4.4958687748005666e-07
player_55660b9a54c3,Harvey Barnes,Midfielder,9,3.565298358314522,0.00015255625946706107,1.1069798781474831e-05,0.22630582470208263,0.0014258499059816355
player_379ef4bd50c3,Edu,Goalkeeper,10,4.563701832608972,0.00015231988846208287,4.989188659517415e-05,0.21045000258919785,3.0004262055962785e-08
player_5a861d7c1a47,Dion Moise Sahi,Forward,10,2.9670584658911086,0.00015226388340189523,0.00015233996257268752,0.2412585336895221,1.5653447406602058e-08
player_42d00db64e35,Nicolás Serrano,Midfielder,10,3.0045343977680408,0.00015225453231286446,5.0834066075054074e-05,0.22653288740245262,2.7496153766315956e-05
player_68d19b1ad9af,Shane Long,Forward,9,2.4699666495733053,0.00015224164033816073,0.00025847828121825346,0.23792518002458873,3.123060425748894e-08
player_3dedbafc978e,Jahmai Simpson-Pusey,Defender,9,3.5844426497400947,0.00015220538569077666,6.865556334451782e-05,0.23962264150943396,1.1114311219482036e-07
player_60704335358f,Lasse Schöne,Midfielder,11,3.7522699526933687,0.00015207912544943999,2.2065997125490713e-05,0.2528149300155521,6.895454933878285e-05
player_ed6be404bd36,Danijel Subasic,Goalkeeper,12,4.738261312024114,0.0001519706594032402,7.482643827942445e-05,0.208581400123178,2.83050236371345e-08
player_46a341bc1355,Tomás Pina Isla,Midfielder,10,3.592359246188791,0.00015190781434287892,1.0295369615164027e-05,0.243805867178595,7.89485134948799e-05
player_fa1776fe544c,Fidel,Midfielder,10,3.745329328705446,0.00015185837657105022,4.635317035445302e-05,0.24607932182864062,1.1869657751423778e-05
player_9abb0370ec3d,Armand Lauriente,Forward,8,3.3014561046438966,0.0001518431967016808,3.3300016040014965e-06,0.22712792712233834,3.4923427904591266e-08
player_36b4536a11c1,Boris Radunovi?,Goalkeeper,10,3.8341791510508645,0.00015181680692610242,0.0002681970616675563,0.19979352047588614,1.5580695423479847e-08
player_7c881118a84e,Rubén Alcaraz,Midfielder,9,3.252299144790642,0.00015176763552282867,5.19691522010291e-05,0.23582661173330238,7.534024823379472e-06
player_c55c6c2168ad,Alexis Flips,Midfielder,9,3.279058257969237,0.00015161259075707794,1.602328071667556e-05,0.22397354643152384,8.220330020228992e-06
player_593d7064f84d,Brayann Pereira,Defender,9,2.5947901089992422,0.00015160237033348526,0.0003135550017455786,0.24651219216304743,3.8815411126040285e-08
player_48ca192d5394,Alisson,Goalkeeper,9,4.406163393822956,0.00015157973544388046,5.1746225276743144e-05,0.23949555071011844,8.250018665594975e-07
player_df820f44d9e2,Irakli Azarov,Midfielder,9,9.0,0.00015155399816523565,0.0,0.19772307093509778,0.08370485861155386
player_4b36ac9b9cc7,Ilias Kostis,Midfielder,9,9.0,0.00015155399816523565,0.0,0.19772307093509778,0.08370485861155386
player_62a4067b7c40,Aitor Gismera,Midfielder,9,9.0,0.00015155399816523565,0.0,0.19772307093509778,0.08370485861155386
player_1a30aefa81f7,Joshua Wilson-Esbrand,Midfielder,9,9.0,0.00015155399816523565,0.0,0.19772307093509778,0.08370485861155386
player_8551d48e2de2,Adam Hrdina,Midfielder,9,9.0,0.00015155399816523565,0.0,0.19772307093509778,0.08370485861155386
player_e8d4b0c97ba2,Kevin Zeroli,Midfielder,9,9.0,0.00015155399816523565,0.0,0.19772307093509778,0.08370485861155386
player_ccd42699b894,Diogo Prioste,Midfielder,9,9.0,0.00015155399816523565,0.0,0.19772307093509778,0.08370485861155386
player_618a5be86584,Ivan Guteša,Midfielder,9,9.0,0.00015155399816523565,0.0,0.19772307093509778,0.08370485861155386
player_b8b037891b11,Vladan Kovačević,Midfielder,9,9.0,0.00015155399816523565,0.0,0.19772307093509778,0.08370485861155386
player_05a3e40d8d28,Giovanni Daffara,Midfielder,9,9.0,0.00015155399816523565,0.0,0.19772307093509778,0.08370485861155386
player_efe7519e684f,Tommaso Del Lungo,Midfielder,9,9.0,0.00015155399816523565,0.0,0.19772307093509778,0.08370485861155386
player_31b8ddcf0e57,Mathias Ross,Midfielder,9,9.0,0.00015155399816523565,0.0,0.19772307093509778,0.08370485861155386
player_c781a61558b3,Ivan Filipović,Midfielder,9,9.0,0.00015155399816523565,0.0,0.19772307093509778,0.08370485861155386
player_3d53a9a845d7,Jorne Spileers,Midfielder,9,9.0,0.00015155399816523565,0.0,0.19772307093509778,0.08370485861155386
player_59d07fc86757,Diego Callai,Midfielder,9,9.0,0.00015155399816523565,0.0,0.19772307093509778,0.08370485861155386
player_068cdf78b90e,Kiril Fesiun,Midfielder,9,9.0,0.00015155399816523565,0.0,0.19772307093509778,0.08370485861155386
player_22178a6bd879,Yehor Nazaryna,Midfielder,9,9.0,0.00015155399816523565,0.0,0.19772307093509778,0.08370485861155386
player_60e39d4f5d80,Emil Holm,Midfielder,9,9.0,0.00015155399816523565,0.0,0.19772307093509778,0.08370485861155386
player_440b6068e598,Louis Mouquet,Midfielder,9,9.0,0.00015155399816523565,0.0,0.19772307093509778,0.08370485861155386
player_c3983ca4a1bc,Fran González,Midfielder,9,9.0,0.00015155399816523565,0.0,0.19772307093509778,0.08370485861155386
player_d10cc22c89d4,Joshua Robinson,Midfielder,9,9.0,0.00015155399816523565,0.0,0.19772307093509778,0.08370485861155386
player_0d673b806bf2,Max Schmitt,Midfielder,9,9.0,0.00015155399816523565,0.0,0.19772307093509778,0.08370485861155386
player_1c1f19d66219,Mats Seiler,Midfielder,9,9.0,0.00015155399816523565,0.0,0.19772307093509778,0.08370485861155386
player_626228b73b43,Oliver Lukic,Midfielder,9,9.0,0.00015155399816523565,0.0,0.19772307093509778,0.08370485861155386
player_9a4330614144,Tyler Meiser,Midfielder,9,9.0,0.00015155399816523565,0.0,0.19772307093509778,0.08370485861155386
player_cef211e1c365,Tygo Land,Midfielder,9,9.0,0.00015155399816523565,0.0,0.19772307093509778,0.08370485861155386
player_64a9e0a0f390,Miguel Chaiwa,Midfielder,9,9.0,0.00015155399816523565,0.0,0.19772307093509778,0.08370485861155386
player_e5e78c9e885f,Dennis Seimen,Midfielder,9,9.0,0.00015155399816523565,0.0,0.19772307093509778,0.08370485861155386
player_ae699234ebfc,Zine-Eddine Oulad M'Hand,Midfielder,9,9.0,0.00015155399816523565,0.0,0.19772307093509778,0.08370485861155386
player_667ce4b0297f,Saimon Bouabre,Midfielder,9,9.0,0.00015155399816523565,0.0,0.19772307093509778,0.08370485861155386
player_eff487fb97e0,Kjell Wätjen,Midfielder,9,9.0,0.00015155399816523565,0.0,0.19772307093509778,0.08370485861155386
player_5d5db638d692,Tijn Smolenaars,Midfielder,9,9.0,0.00015155399816523565,0.0,0.19772307093509778,0.08370485861155386
player_02a318c0496f,Marco Palestra,Midfielder,9,9.0,0.00015155399816523565,0.0,0.19772307093509778,0.08370485861155386
player_21afac74befd,Francisco Silva,Midfielder,9,9.0,0.00015155399816523565,0.0,0.19772307093509778,0.08370485861155386
player_0b1fa5bbc84a,Viggo Gebel,Midfielder,9,9.0,0.00015155399816523565,0.0,0.19772307093509778,0.08370485861155386
player_9f301705455a,Francis Onyeka,Midfielder,9,9.0,0.00015155399816523565,0.0,0.19772307093509778,0.08370485861155386
player_ed654215c47c,Diego Kochen,Midfielder,9,9.0,0.00015155399816523565,0.0,0.19772307093509778,0.08370485861155386
player_5105866552f7,Ismail Ka,Midfielder,9,9.0,0.00015155399816523565,0.0,0.19772307093509778,0.08370485861155386
player_d3303db8576e,Jack Porter,Midfielder,9,9.0,0.00015155399816523565,0.0,0.19772307093509778,0.08370485861155386
player_528af4adb95b,Daniil Khudiakov,Midfielder,9,9.0,0.00015155399816523565,0.0,0.19772307093509778,0.08370485861155386
player_4485ee6e6112,Viljami Sinisalo,Midfielder,9,9.0,0.00015155399816523565,0.0,0.19772307093509778,0.08370485861155386
player_5b4279372c3d,Antonio Fernandez,Midfielder,9,9.0,0.00015155399816523565,0.0,0.19772307093509778,0.08370485861155386
player_3b6dcd4b2145,Michael Anthony Bresser,Midfielder,9,9.0,0.00015155399816523565,0.0,0.19772307093509778,0.08370485861155386
player_32ae9f139b52,Tommy Setford,Midfielder,9,9.0,0.00015155399816523565,0.0,0.19772307093509778,0.08370485861155386
player_a9671147a052,Ander Astralaga,Midfielder,9,9.0,0.00015155399816523565,0.0,0.19772307093509778,0.08370485861155386
player_b2dade45838b,Alberto Manzoni,Midfielder,9,9.0,0.00015155399816523565,0.0,0.19772307093509778,0.08370485861155386
player_d81ea87dbedc,Emir Karic,Midfielder,9,9.0,0.00015155399816523565,0.0,0.19772307093509778,0.08370485861155386
player_ed5cfbbc6c93,Vojtěch Vorel,Midfielder,9,9.0,0.00015155399816523565,0.0,0.19772307093509778,0.08370485861155386
player_672101402195,Arjan Malić,Midfielder,9,9.0,0.00015155399816523565,0.0,0.19772307093509778,0.08370485861155386
player_d777e74a3c9a,Davide Bartesaghi,Midfielder,9,9.0,0.00015155399816523565,0.0,0.19772307093509778,0.08370485861155386
player_18605b64d0fe,Ebrima Darboe,Midfielder,9,3.477215464273219,0.00015153617317713712,3.22271443294307e-05,0.242916915720263,7.588875069267412e-05
player_aec8b306f946,Ander Capa,Defender,9,2.5149336640100004,0.0001514953414181641,0.00011414812396020045,0.23202968883813874,7.373210185612853e-09
player_b20664339dc5,Maurits Kjærgaard,Midfielder,9,3.48388071874996,0.00015145774566047946,6.427544986037804e-05,0.259846547314578,4.3134090876463436e-05
player_4ea16fc43ecc,Papa Ndiaga Yade,Forward,8,2.3695886570610463,0.00015140165167018175,0.0004621622524628059,0.21833028902976254,1.6034805655132243e-09
player_2634dfc13399,Sydorchuk,Midfielder,13,3.682461433292661,0.0001513954986752602,0.0005801941601606767,0.2806048470620728,2.162508391976179e-05
player_0b0062cd6031,Tiago Tomás,Forward,9,3.2257388315769875,0.00015138653830514917,9.821254173517997e-06,0.2354304252114471,5.357981747199557e-08
player_c2205b107288,Lucas Calodat,Defender,8,3.8381881439811014,0.00015135372774910383,1.4223354117166324e-06,0.23648530695373873,2.8940153708763453e-08
player_4ec8403c92a0,Boubakar Kouyaté,Defender,12,4.202674620039756,0.00015135003487356524,8.24907807273188e-06,0.23266731550924602,2.0458309569876716e-08
player_116ca32504ae,James Tomkins,Defender,11,3.829834188264945,0.00015130015569312277,3.6526607392035494e-05,0.2530983371738183,4.9778256184526696e-08
player_b33fd077fe82,Yuri Zhevnov,Forward,11,3.111185245713966,0.00015119863784380226,0.00042554603300451195,0.2747616793996349,2.0119889070230625e-07
player_70b203aedc5e,Charles Abi,Forward,8,2.382383453897612,0.00015117876314070015,0.0001372594078830057,0.22790489008524,7.937792474351715e-09
player_a8b1ec6511a0,Matthew Hoppe,Forward,10,2.6332367464403363,0.00015113756709383465,0.0004980705191144539,0.25840910536020856,2.044992724757012e-07
player_93f359c021d2,Simone Verdi,Forward,9,3.2246490111512083,0.00015102934025690689,2.5658147531981085e-05,0.2426848202555834,5.999451010795283e-08
player_5b086dbc053b,Ignacio Camacho,Midfielder,12,3.31640906010351,0.00015087943085501286,0.0017180943960156765,0.2809734513274336,2.5591022423955748e-05
player_22041320fd1c,Antonio Dalamea Milnar,Goalkeeper,8,4.369771170550105,0.00015081195692637746,5.729841242426761e-06,0.2025518341307815,2.8271615536098908e-08
player_a9706cc8748d,Kenny McLean,Midfielder,8,3.2244675826896243,0.00015077174281850547,3.3730478890351254e-05,0.2185298704092058,3.7844413710862333e-05
player_b2ede1149c02,Andreas Voglsammer,Forward,8,2.9520945917493897,0.0001507140214671898,3.602463511799889e-05,0.22064172864976384,4.391341615283007e-09
player_760948401ea1,Yanis Lhery,Forward,10,2.595108053450718,0.0001506811016770769,6.764553167459405e-05,0.24426012741916095,8.179923355929641e-08
player_50a5ca9a3ded,Dídac Vilà,Defender,10,2.7455318088273475,0.00015067434930811596,0.0001594906251720112,0.23491329479768785,9.959503866271062e-09
player_b278b37f2470,Julien Le Cardinal,Defender,11,3.303304803200143,0.00015067271478755526,9.883115567512821e-05,0.25029254172568827,3.829822080668484e-08
player_9253d0a561d6,Marten Winkler,Midfielder,9,2.871867364289384,0.00015056079246421761,0.00020468385538848275,0.25143847058095653,1.6238539382734318e-06
player_80b71d35aeec,Thomas Strakosha,Goalkeeper,9,4.710648663800937,0.00015052504198539887,0.000141048914627151,0.2400614330438892,5.928860168999327e-07
player_94a50f5e98c1,Adam Masina,Defender,10,3.767715716521796,0.0001504974390881571,3.8267162858993535e-05,0.2335900678238878,1.5966661583266118e-08
player_e063494e0c60,Maximilian Philipp,Forward,9,2.5000452394115396,0.00015042911361396775,2.0737567274753442e-05,0.21847113213632943,8.140537010488804e-09
player_9ed86f1f2c31,László Bénes,Midfielder,10,3.0418830489764086,0.00015042761280263358,3.2215636642236104e-05,0.23161974239142824,5.94117095952664e-06
player_af2954167c3a,Eguinaldo,Midfielder,10,3.5046244100044226,0.0001503500545684196,4.304709279727154e-05,0.2454402705640778,0.0001214993687765235
player_620423bfb243,Abdou Harroui,Midfielder,9,3.1293149830068474,0.00015031255653970234,0.00015753127005982946,0.24958545722532702,0.0009686647242627427
player_003b56824ec2,Dusan Tadic,Midfielder,12,4.03730540460147,0.0001502971371044059,3.608892433890997e-05,0.26054622387485576,0.0012644105341674044
player_80645fe0bcaa,Claudemir,Forward,10,3.134792783584118,0.00015028298050248835,4.119670750404589e-05,0.24854748945018654,2.6773807018572905e-07
player_132ab4399584,Claudinho,Midfielder,13,3.5568614748607024,0.00015024448635810693,7.196745132074531e-05,0.2660034035868569,0.0008882236786992333
player_7326d1347ee4,Renato Steffen,Midfielder,10,3.7432737155724722,0.00015023897277992787,3.465837130910806e-05,0.2569387368021749,2.57765147680795e-05
player_9807b768ea45,Lukasz Teodorczyk,Forward,10,2.8590242687244363,0.00015022723127870486,0.0002027603851425618,0.2647902006776127,1.8918518518013992e-07
player_296358f67445,Manu Morlanes,Midfielder,9,2.7562646776916035,0.00015020710702988546,7.814756956238328e-06,0.2173727000427899,9.140561998533822e-07
player_53755aa2fa1d,Damien Da Silva,Defender,13,4.247556049937823,0.00015020462562410789,2.2223861687041372e-05,0.24003307542377886,2.7534101467793248e-08
player_2565e1cbdb15,Jacopo Dezi,Midfielder,10,2.573291253859185,0.0001501476913002497,0.0002645157366711264,0.2394814378314673,1.4441568365835386e-06
player_0fe6ed79172f,Chimuanya Ugochukwu,Midfielder,9,2.9707482758812964,0.00015010098675968136,3.577473119465695e-05,0.22648238965670978,3.1892090496126572e-06
player_cb4b490111eb,Christian Träsch,Forward,11,3.0862088980283295,0.00015002425716311352,5.205963001409297e-05,0.2573291964794529,8.404337128728961e-08
player_cde48775fa98,Youssouf Koné,Defender,8,3.156934115847044,0.00014999524281254981,1.0916462490643571e-05,0.22999434069043576,8.950283513761715e-09
player_498d3c6bfa03,Son,Defender,12,3.9364526042109054,0.00014998442967050684,9.08220409735348e-05,0.24669175670753915,2.4559803526742112e-08
player_7c4b85eb1ab1,Gonzalo Villar,Midfielder,10,2.827208463138075,0.0001499672589815901,9.586345039656659e-05,0.2409581406379699,3.256162158260326e-05
player_6fa4f4a0bd5b,Matthieu Dreyer,Goalkeeper,8,4.858715606049799,0.0001499614134736929,1.7677913466049698e-06,0.20363782131582903,4.061098955697108e-08
player_ba6510b82c3e,Chris Wood,Forward,8,3.0392736284849438,0.00014993223815199625,6.349846896118159e-06,0.22262393864694605,1.550273842216792e-08
player_259c57c3a8b6,Martin Adeline,Midfielder,10,3.0337448589751235,0.0001498183298980014,0.00018637671421257418,0.2333620442147574,0.001102348002279026
player_52f2430f3fb3,Jamaal Lascelles,Defender,11,4.397557404974041,0.00014971232603625266,5.499952400341894e-05,0.24841075794621026,5.4367125137319343e-08
player_76014e01d291,Feddal,Defender,9,3.9570238856928204,0.0001496331141905292,2.1216406432411728e-05,0.22965641952983726,2.114406990477747e-08
player_8e2cb25cb464,Sven Botman,Defender,11,4.1548406273493885,0.0001496259512864786,1.2994689645757395e-05,0.27096946259501264,1.7386843733173463e-07
player_c299fb932370,Hélder Macedo Sousa,Forward,12,3.231465848530172,0.0001496044911306206,6.190782607001175e-05,0.2695496451548717,2.2167141547473954e-07
player_c6b36ffbca41,Elliott,Midfielder,10,3.586319458092383,0.00014953210866220398,2.196183720051916e-05,0.2531929474799078,8.173464535312925e-05
player_9d2a1772e429,Ugarte,Midfielder,12,3.329003060768591,0.0001495285510073641,0.000440056587329166,0.2590184831102613,0.0009573696376482688
player_500f4fcac1ac,Pierre Bengtsson,Defender,8,3.4559998879244325,0.00014944350697537916,8.285300306837458e-06,0.229461916323189,1.302699375708031e-08
player_6c800c3f8893,André Hahn,Midfielder,9,3.176424657027957,0.0001494362959912585,7.187783210002063e-05,0.22889326950154887,3.790733131984983e-05
player_9e203f07383e,Ivica Olic,Goalkeeper,8,4.753995496928582,0.0001493211997084106,2.59064813293256e-06,0.2034339490413976,2.5575228734570463e-08
player_d7985785fdda,Vagner Gonçalves,Forward,11,2.31020549824844,0.00014927582406377472,0.0012436600637760376,0.26517029883857496,2.372530321393442e-06
player_9a03c1b8428c,John McGinn,Midfielder,11,4.13963902094829,0.00014926814259941346,1.3394652758825736e-05,0.2497234853139978,0.00014169501813500406
player_081f6a6af174,Lucas Olaza,Defender,9,2.9577315420293764,0.00014924716205378348,2.9394480000462947e-05,0.23698174820689252,2.325141317737875e-08
player_b58e604ffd98,Tom Rothe,Midfielder,14,3.0967145216238228,0.0001491324128014271,0.0008350219795018313,0.2820263705759889,3.3403739972977436e-05
player_7758f03b04e0,Cristiano Piccini,Defender,12,3.9160678045444026,0.00014910608545403613,3.990889392530907e-05,0.2660556464811784,1.9425148960627626e-07
player_cd86f728cc97,Grbić,Goalkeeper,7,4.348872609850898,0.0001487706160285745,3.192593942716347e-06,0.18949037161374552,7.899257953008518e-09
player_535d55f4a1f6,Bakary Koné,Defender,14,3.9405758758404006,0.00014874814530350353,0.00012470257014371273,0.27847060435795534,2.1744140995488088e-07
player_1ae261e85d69,Ruben Lendinez,Defender,10,2.9719320396103575,0.00014862635460777048,7.736629508617422e-05,0.23959438745430964,2.670869971995163e-08
player_31aa310aafe1,Max Johnston,Midfielder,9,3.352495918009373,0.00014862577794705876,4.7820612897156786e-05,0.2573291964794529,3.3528350545748145e-05
player_3cea950bd952,Johan Mojica,Defender,10,3.6513730479747317,0.0001486139271888942,4.198338666059642e-05,0.26635207759863677,1.6406657050054714e-07
player_883228291393,Samuel Dahl,Defender,11,3.088687891329991,0.00014861239665629768,0.0003800360927073395,0.2449963829274174,3.514122209856499e-08
player_97b910d740e0,Ellis Simms,Forward,7,2.466271528830845,0.00014855843411067457,0.000123516853793591,0.23042467539831038,6.2201914787848524e-09
player_88341804fff5,Laurens Serpe,Defender,9,3.585974836045908,0.0001485416072317044,3.063818714288886e-05,0.2381063979376611,2.126290809823139e-08
player_4d4b71d70b57,Kastriot Imeri,Midfielder,12,3.6416197724371377,0.00014850389677620876,5.3625823667815494e-05,0.2643423962534149,7.63856508945451e-05
player_d42ace3b7a08,Jessic Ngankam,Forward,9,2.537841487466655,0.00014848557091770454,2.271158684670149e-05,0.2189655172413793,5.394418097760973e-09
player_86341d59d959,Nassim Chadli,Midfielder,9,2.382030629005555,0.00014847813549483094,7.22383929687679e-05,0.2206177731936377,2.469225546683332e-06
player_fea7c9cc4081,Jarzinho Malanga,Midfielder,8,2.6157129099193286,0.00014845457314045587,2.7034457254743013e-05,0.22396120357103494,4.567055548675971e-06
player_c499ab69049e,Peru Nolaskoain,Defender,10,2.3025556251316828,0.00014840823658757857,0.00043941037871474375,0.24582627631260587,2.0028224871598802e-07
player_53f220de3b4f,Nasser Djiga,Defender,9,3.6176042077836663,0.00014823115757425066,8.00683723242979e-06,0.23415533533072136,1.304718421983758e-08
player_bc314aaf7321,Edouard Cissé,Defender,10,4.285966673489139,0.00014820620267170395,1.868904758021791e-05,0.2546844644983393,5.7944030031964246e-08
player_20509e60e143,Solly March,Midfielder,8,3.13365486963555,0.0001481366996370106,7.886202126129247e-05,0.23125071127802435,4.520936946089082e-06
player_94c4eae92933,Kristoffer Ajer,Defender,9,3.662147210562451,0.00014813144792601266,2.1800736123016236e-05,0.2376608187134503,1.8706675219725266e-08
player_c9292ce170f3,George Ilenikhena,Forward,10,2.8156892457157703,0.0001481310596909747,4.491817756140612e-05,0.23422281136533918,2.0943715136964566e-08
player_07cd8345d591,Fabien Lemoine,Midfielder,10,3.58403670697307,0.00014811612113383297,7.900261549275802e-06,0.24357207072220557,9.450189673283764e-05
player_a06682e7c226,Ethan Pinnock,Defender,9,3.161137144238783,0.0001480575522251387,5.268543867012103e-05,0.23214897749343083,1.2345351775175961e-08
player_1eeadb5585ea,Eric Ramirez,Forward,9,2.2539009037350315,0.00014802132849145108,9.82729206533487e-05,0.2547163898464431,7.22510681214946e-08
player_236624adf1da,Matej Maglica,Defender,8,2.5064271245368346,0.00014798451641437015,0.0001363882884563815,0.2069773363891011,9.857177462127597e-10
player_45ca593072a5,Mohamed Ali Cho,Forward,8,2.4065166252508496,0.00014792446981426997,2.7031149579175878e-05,0.24054453980467594,4.988499824762461e-08
player_98a6ce1482d1,Konrad De La Fuente,Forward,8,2.6333864979420087,0.00014786585785557527,2.880277639683973e-05,0.23075176016352486,2.3150321670420938e-08
player_350ab563ef61,Yakhshiboev,Forward,9,2.635325482050649,0.00014783875051788082,1.788618957311646e-05,0.23273393654793265,3.147282114025956e-08
player_94a79474bc02,Christian Früchtl,Goalkeeper,8,2.5738711267255985,0.0001478040138551893,0.0012631373785816093,0.2445540979660609,1.0781409998083018e-06
player_cf1e35823699,Rey Manaj,Forward,8,2.6197312758645093,0.00014780186193628475,1.3774935540284085e-05,0.20350525788683024,7.79173859109201e-09
player_d5df67566d88,Mouhamadou Diarra,Midfielder,10,3.394160170060638,0.00014780065961153365,0.00012675139320214002,0.26692939244663383,4.107883537457309e-05
player_6034d315661b,Jeffrey Schlupp,Midfielder,10,3.6353359314903995,0.00014779867551711933,8.78925977452728e-06,0.23066008286508882,0.00016041464067660947
player_04399bdbc646,Patrick Herrmann,Midfielder,8,2.785749570082118,0.00014774866282551104,2.817596350667154e-05,0.2190599396291505,4.652799921201513e-06
player_9071462696ae,Pablo Piatti,Midfielder,11,3.498048657330797,0.0001477415485591494,4.104542048915993e-05,0.2388761535296538,7.586869608214588e-05
player_169f7d82a642,Denis Bouanga,Forward,10,2.9646402650922363,0.00014769669021042067,6.7238579093691994e-06,0.2374941561477326,6.368378509774223e-08
player_57b38d575ff4,Matěj Ryneš,Midfielder,9,3.236459880858178,0.00014768053474433214,8.86150121281202e-06,0.2347911491131781,4.0542286353828066e-05
player_434e8dde9f52,Fede San Emeterio,Midfielder,8,2.944209724944663,0.00014765491507041567,1.1944211585676754e-05,0.21933185816827674,3.063614710160294e-06
player_e131eb58859d,Bradarić,Defender,9,1.9002117193950787,0.00014761005310542642,0.0001417241783405296,0.23619667557828664,3.6089490320573424e-07
player_f401cd4576ae,Lucas Paquetá,Midfielder,10,3.688644404492852,0.0001474536400502562,8.808033851477198e-06,0.24037380966463595,3.7338371061906164e-05
player_8862933d3d23,Ruben Vargas,Midfielder,10,3.9748943233599396,0.00014736879330873206,4.937282669123391e-05,0.25314563348698144,0.0001611907462606725
player_f1240383dce3,Hernán Pérez,Midfielder,10,3.9510048742655415,0.00014732517213752335,4.872791096270011e-05,0.24835003666585187,0.002638343374256148
player_ebe3feb7c55b,Corentin Jean,Forward,8,2.2225717768768263,0.00014726416674822079,5.5274904086883055e-05,0.22341946124244091,1.1295299777382927e-08
player_65509a8700ec,Vitaly Janelt,Midfielder,8,3.437666631017662,0.00014720721459504768,1.6142752699290506e-05,0.22912555674578564,9.952802499794716e-06
player_587fe7cc31b1,Christos Kourfalidis,Midfielder,11,2.4124267815561806,0.00014717873218226697,0.00016278447803012635,0.253287628544718,1.1085261928029985e-05
player_fb4c690d8b22,Philipp Tschauner,Goalkeeper,8,2.295508863781673,0.00014714249287468508,0.00041838316210019886,0.20227962769399233,4.4842099869882376e-08
player_2b877b4b825b,Jason,Midfielder,9,2.976867622204129,0.0001470444026730544,0.00010534921219342095,0.229461916323189,5.245302943865864e-06
player_d5617f54954e,Raúl Asencio,Defender,10,3.6526406133488223,0.00014701919528422165,5.8082222428131907e-05,0.24825901038485035,3.148227170384075e-08
player_8d779eefe8fe,Ambroise Oyongo,Midfielder,9,3.0031127774670767,0.0001470081350229797,3.8497223296010745e-05,0.22467934542237947,5.210785162336648e-06
player_5d0d22b2dadc,Fran Beltrán,Midfielder,8,3.3232270018829353,0.00014700128276094303,2.7232645117162635e-05,0.22528965020233938,2.9344541696035384e-05
player_db2987742e53,Joel Obi,Midfielder,10,3.4533825739465582,0.00014697916468192024,9.278896426827644e-05,0.26236281471917366,8.874593463990401e-05
player_43cafa3f787a,Loïc Bade,Defender,8,2.79660266837681,0.00014692239533540608,2.218761333899014e-05,0.2196163199135369,3.934702579212989e-09
player_456d9f056293,Joe Ledley,Defender,12,3.587372670589146,0.00014685834448564323,0.00016733037508866603,0.2740945572266811,3.3770733215658376e-07
player_7292e3c5e034,Manuel Gulde,Defender,8,3.234046586361402,0.00014683153501700524,5.217365553835261e-05,0.22629322345342168,1.399571276329544e-08
player_db35dcac7767,Emmanuel Gyasi,Midfielder,8,3.4262378953966053,0.00014677302872058524,2.190698443960378e-05,0.23547134828205574,2.390282717092329e-05
player_b8b9ce9cbe25,Kiko Femenía,Defender,9,3.41437064212604,0.00014672468310639587,9.697555685108981e-06,0.22753485247186608,1.7928000723140654e-08
player_8e35c9fffa17,Jakub Pešek,Forward,8,2.3220318719236124,0.00014671209021393117,9.851006336100018e-05,0.22752211398499608,7.098468309560823e-09
player_a64fb0969d24,Alan Virginius,Midfielder,8,2.6800243032494935,0.00014671186793657024,6.196949170780383e-05,0.22714062150681869,1.3166255933513036e-05
player_e0cc99b61e0f,Reggie Cannon,Midfielder,11,3.1431382575285056,0.00014667471557066269,0.000581346642287673,0.28457390939009874,5.177317997175337e-05
player_003abaf8ea7d,Kevin Lasagna,Forward,10,3.0036529568084775,0.00014665806799172906,8.87699355243374e-06,0.23422281136533918,3.375110934474675e-08
player_140d3a3cdd66,Van Dijk,Defender,12,3.503398380726649,0.00014652408509820358,5.710420890371516e-05,0.2556135606012957,4.877150384586915e-08
player_5adefd89fd13,Javier Saviola,Forward,12,3.0447943474286405,0.0001465048665176757,0.0001388835027786887,0.27298985692214683,3.983634890042596e-07
player_9224fa121879,Juan Zúñiga,Defender,8,4.090256751271141,0.00014648032105791695,1.220833470763644e-05,0.246557058787842,7.990305446975285e-08
player_86df3cd4a8f6,Andrea Schiavone,Midfielder,10,3.0139581404633473,0.0001464414486103633,8.648132125083144e-05,0.2400614330438892,6.529290626527243e-06
player_460fd8d9c682,Luca Koleosho,Midfielder,9,2.0926595020091137,0.00014633081906652236,7.374624914566055e-05,0.23104036384309268,1.0115315379174613e-06
player_924a7a3accfd,Sofiane Feghouli,Defender,10,2.7869600636564815,0.00014630577436710506,0.0005508353009767291,0.25834339838535375,3.541148276823468e-08
player_8acc05a92c25,Yoann Gourcuff,Midfielder,12,3.756706765491109,0.00014629238211376838,7.548342093354298e-05,0.2590680181041627,0.00020463111193407007
player_a8efc347dfb8,Sven Michel,Forward,9,2.367705533168008,0.00014622352500174107,8.927858948682388e-05,0.22284366946317924,6.727750190871623e-09
player_61d50ee4dec1,Morten Frendrup,Midfielder,8,2.9589602973050484,0.00014622185717410284,4.697228631740752e-05,0.22697570511030438,5.706376817777489e-05
player_f486afb117d5,Roman Pavlyuchenko,Midfielder,9,2.550041567513893,0.00014620632938494512,0.000306261920712971,0.25406351587896975,3.1121691261139806e-06
player_50fcb1709eb2,Thierry Correia,Defender,8,3.284388356174188,0.00014614342783602914,1.5723124094196295e-05,0.2055743841367798,2.20328514180531e-09
player_458ab54966ab,Keidi Bare,Midfielder,9,3.0919989833727857,0.0001460960472932226,1.5941896812537435e-05,0.22150760342290293,3.114329222804094e-06
player_dc077bfe834b,Georgios Samaras,Forward,11,3.0735002546633954,0.00014600875405270365,0.00023000975203431504,0.27006911217437535,4.140987474776944e-07
player_284ff7ec3eff,Erick Cabaco,Defender,10,2.562922042507224,0.0001459371598288917,0.00031818674934780205,0.2450259254793199,3.689336158955818e-08
player_d0f7184cba83,Vinicius Tobias,Midfielder,9,3.4484330292518353,0.00014593420471267746,3.336538621240544e-05,0.26061305630370657,7.172345016742664e-05
player_c0544dd862fc,Vitinho,Defender,9,3.254237888040895,0.0001459323253138773,3.969810094830918e-05,0.2309353335606319,1.1974821726687374e-08
player_1e71f2594b69,Borja Mayoral,Forward,8,2.804677245344205,0.00014586754836126914,0.00010549457401871016,0.24187596714676823,2.3162634168336214e-08
player_eab766e42b90,Albert Riera,Forward,10,2.983658532642484,0.00014583597204992086,3.0402919517731595e-05,0.26121609461370354,1.11803055983156e-07
player_797c8902bab5,Milutin Osmaji?,Forward,8,2.3207844215575633,0.0001458059806048005,8.872112578278701e-05,0.2209416113950201,4.777644388323735e-09
player_add88413b4db,Soma Novothny,Forward,10,2.4881685827411473,0.000145802961741547,3.114226893972819e-05,0.23127703164124744,1.654717690125281e-08
player_4ec60a720a6a,Giorgio Scalvini,Defender,9,3.247167868506032,0.00014576784343877028,6.42663834462289e-05,0.2404591444293237,1.785160720920436e-08
player_6b05d3304690,Pedraza,Midfielder,11,3.2902005435309585,0.00014576187585073623,5.7648883190093895e-05,0.2546525471520772,5.22202706067647e-05
player_f40a37048732,Sandra,Midfielder,12,2.2245417448634672,0.00014569435004143592,0.0005146598200104885,0.24245316787972795,1.5161147519339887e-06
player_9cb8036c79da,Carl Jenkinson,Midfielder,8,3.2395212079783153,0.0001456847019792532,1.4702576922755678e-05,0.23736931254015536,1.0352545805848536e-05
player_8cc21afd3f39,Anastasios Donis,Midfielder,10,2.4425139258831363,0.00014566718718105135,0.0004855447969828187,0.23976401179941004,2.853335492692334e-05
player_8dc9044e33de,Bakary Sako,Forward,8,2.574622477845694,0.00014562603013835383,2.9349658993833762e-05,0.23963677103602807,2.220738402992472e-07
player_7fe4c8b6501d,Matteo Cancellieri,Midfielder,11,2.908457095594595,0.00014560786205488488,0.00027701546859857073,0.24255446135481945,3.041762539092912e-05
player_1bcf7bb2f088,Vieirinha,Defender,10,3.9584795998617115,0.0001455938230522104,1.3240709436929908e-05,0.2509261546060756,3.8592511956168166e-08
player_00397b7dc25a,Seedy Jatta,Midfielder,10,2.8947900858303948,0.00014557996415926754,0.0001341071981336587,0.24696159455517744,1.25853656954917e-05
player_d6a047a59085,Jérémy Pied,Defender,8,2.4879701130113836,0.0001455604567188337,0.00012673906509220073,0.23349612180407928,6.450135751251219e-09
player_57d254f2bdca,Romain Perraud,Defender,8,3.319141318114809,0.00014551176308864883,9.003775104621934e-06,0.21407501053518752,1.0603707342793121e-08
player_43c7cf570d4a,Pontus Wernbloom,Forward,10,2.442963223334061,0.0001454459346682566,5.693071730811242e-05,0.25558140997421547,8.712533540432251e-08
player_7f9e42a2c1d1,Izet Hajrovic,Midfielder,9,3.464852725153648,0.00014533998164412956,2.6768492872084063e-05,0.24778976891652948,2.988905186968387e-05
player_f08067f68358,Bart?omiej Dr?gowski,Goalkeeper,8,4.109527923371541,0.00014531336260346033,1.3634838256236839e-05,0.20042412585688218,3.406084357251861e-08
player_eb32f01e2d30,Mato Jajalo,Midfielder,10,3.4449798946053907,0.00014530335690096768,5.859326485206941e-05,0.25911757204794694,0.001298133003154996
player_654cd720056e,Paulo Gazzaniga,Goalkeeper,10,4.223865282241022,0.00014528421940258597,5.53352585447905e-05,0.23605947955390336,2.889555123371254e-07
player_997327c1d079,Rachid Ghezzal,Midfielder,13,3.467638434366706,0.0001452821302272335,9.981537649634826e-05,0.26635207759863677,0.0008881555594141795
player_e992feae0008,Cole Campbell,Forward,8,2.542663275903573,0.00014525460390210488,8.071369662693196e-05,0.22552719200887902,6.925875551502207e-09
player_22244ab306ee,Nemanja Radoja,Midfielder,9,3.361919827842483,0.00014525268490663248,1.4229865080079811e-05,0.24424544744275498,0.00010214301910195487
player_e978bc1805d8,Stefan Hierländer,Midfielder,8,2.2947326927982727,0.00014517953489201133,0.0002565007014322601,0.22601635059229186,1.339692949626238e-06
player_eff463ee66e0,Giampaolo Pazzini,Forward,9,2.893006664062476,0.0001451760432641548,0.00018084028613300624,0.24108678887109214,4.7043343587450264e-08
player_767a58c7e5e3,Loum Tchaouna,Midfielder,10,2.4922732909980674,0.00014515986344165865,0.00011911689995719973,0.2368022375014567,3.276556342492906e-06
player_c06dfbb32134,Hamza Mendyl,Defender,9,2.6678436983416907,0.00014505344156913862,7.364848776444918e-05,0.22548965211119126,7.086387998481485e-09
player_52f739067b3f,Jesuran Rak Sakyi,Forward,10,3.192246451042857,0.00014502581185354429,0.0002741339665567633,0.26696446166984167,8.140226467647178e-08
player_ec463f59c022,Julien Duranville,Forward,12,2.6652569114710167,0.0001450194110794533,0.00048498002720804163,0.2669819997372224,2.7810629939133127e-06
player_1dfa42a45ff0,Kudus,Midfielder,9,2.2325795294990822,0.00014493659534819248,0.00023333913927539102,0.23835777126099708,1.8523309352888208e-06
player_1e0585f221f4,Ismaël Doukouré,Defender,8,2.5909575858311116,0.00014490715383568087,0.00022950531270352512,0.23026800385290952,6.323513468096011e-09
player_c4e884e3ec08,Yáser Asprilla,Midfielder,10,2.819168912274126,0.00014490033631244233,0.00013417596709242719,0.2455737506797994,6.110812800276479e-05
player_4d5f49954358,Grejohn Kyei,Forward,9,2.672666748261336,0.00014486824128339117,0.0001527064634314862,0.24238086717957893,2.454716300227385e-07
player_ea9163910ef0,Salih Uçan,Midfielder,10,3.5720320325704122,0.00014486593236335903,5.231107164915576e-05,0.2664393889726611,3.7183805912832494e-05
player_e140d9f8f721,Guido Pizarro,Midfielder,8,2.9810631664875205,0.00014486471015037568,1.3222300688469025e-05,0.21286402681751518,1.7836001780633574e-06
player_fec7b1fabfcb,Thomas Fontaine,Defender,10,3.3042619410902425,0.00014482064733911651,0.00013759832550806568,0.24651219216304743,1.1491526998267977e-08
player_b97dacb63927,Lennart Grill,Goalkeeper,7,4.626512454254572,0.00014481358771765944,9.87324126456449e-06,0.2065355491182599,4.1129610177987423e-08
player_8ecd1bf6d215,Brecht Dejaegere,Midfielder,8,3.140063708145903,0.00014477462933448429,9.000279731567519e-05,0.25057031876194585,6.858674320180049e-05
player_6aa43641aabe,Paul Scholes,Midfielder,12,3.327963271339214,0.00014476528412280115,0.00043967214417679355,0.27317335484304633,6.218859563915776e-05
player_b87f24c6fb3b,Maya Yoshida,Defender,11,4.1658309405996095,0.00014471816646653685,3.6959874332264666e-05,0.2563876096145354,5.228069387458202e-08
player_ae749284d13f,Dahlin,Goalkeeper,10,2.9276322040591083,0.00014471406522756374,0.00022500034989550295,0.21327735502492784,1.3257827975194728e-08
player_c8f759a53985,Marlon,Defender,9,3.7240209656000727,0.00014470425475412126,6.440645920794633e-05,0.24267032901415178,3.7635409716745046e-08
player_424ceb6bb995,Jack Harrison,Midfielder,8,3.2764502974615874,0.00014465559738797835,4.719396297990873e-05,0.22961749251370134,5.118218460189823e-05
player_1916b8aef85b,Toni Lato,Defender,9,2.7572582279952553,0.00014447091271308234,0.00021662284826127635,0.23139554745772362,1.0209287782048465e-08
player_cee8355679a8,Miguel Ángel Moyà,Goalkeeper,14,3.654915837165985,0.00014446990688134236,0.0021566214482155663,0.25798260648765314,3.7206746148447746e-07
player_276295796a5e,Riccardo Ciervo,Midfielder,9,2.7181947347766573,0.0001444611556509797,0.00012403108799175449,0.2354577056778679,2.2884050656531392e-05
player_35d438ed1b7e,Mauro Arambarri,Midfielder,8,3.2501844043700716,0.0001444577543668654,5.044066585780871e-05,0.24703665430672908,1.37347375569907e-05
player_86a32c5aa5f7,Welinton Souza,Defender,10,2.5909032467693005,0.00014440865833494353,0.00017052333500809086,0.2515007116777028,3.771397759542674e-08
player_189e248ea7e5,Álvaro Odriozola,Defender,9,3.209922877481971,0.000144242133175139,3.4756690133203756e-05,0.24325133177709943,2.0184065062417767e-08
player_f7edddd4ffb1,Jeremiah St. Juste,Midfielder,8,3.056339051998681,0.00014420356165542914,2.358215870937112e-05,0.23689886330515886,1.0217653805780303e-05
player_5c35be98496a,Assan Ouedraogo,Midfielder,8,2.076158738696506,0.0001441350405906236,0.0008988262472273362,0.2286614527654307,7.347134882555976e-08
player_a99355b5a734,Lucas Alario,Forward,8,2.6260963406384117,0.00014407404235171329,9.16767333489361e-05,0.2409581406379699,2.8567567795869967e-07
player_c9aeff85abd9,Paul Bernardoni,Goalkeeper,6,3.567685801485756,0.0001440699168356258,3.159363431725511e-06,0.1813961792537047,1.9980342552236845e-09
player_02369ab33f95,Salomon Kalou,Midfielder,9,3.5674288208013056,0.00014404370993285388,2.3532221747544393e-05,0.26876529330070764,5.670293693742644e-05
player_dac6d89209ff,Meite,Midfielder,9,3.211193640642659,0.00014403638707633892,6.623454101034572e-05,0.2469465880780215,4.67604378417114e-05
player_2681de22d59b,Alfonso Espino,Defender,9,3.722610872992087,0.00014402804656703423,9.516434678414538e-06,0.25179677819083024,6.732665103126073e-08
player_83a1d1f6db2f,Andrea Masiello,Defender,10,3.5899204174738344,0.00014384706578171534,8.200105937862192e-05,0.247247064549492,4.0175592103250885e-08
player_ba06b218db7b,Christopher Wooh,Defender,11,4.207199332655222,0.00014380701467834928,2.3248437070136893e-05,0.24851709166513788,3.488461771663412e-08
player_4f826ff128f4,Hugo Campagnaro,Forward,9,2.7758619499926054,0.00014378372943936574,5.829243369962522e-05,0.2655341391702058,5.143920982006874e-07
player_adfd4ef01af1,Carles Gil,Midfielder,8,3.5054009595472526,0.00014377736271633992,1.0088662250580518e-05,0.24004725339633787,2.449989874143944e-05
player_978ef395a68e,Asger Sørensen,Defender,9,3.4345471875270346,0.00014375716607789934,2.5209859760980426e-05,0.23522602303640677,1.1970335275840595e-08
player_a50a56678996,Sharani Zuberu,Defender,10,3.473791503283977,0.00014361627943317346,5.227242588679111e-05,0.23889019515636023,1.745567322052094e-08
player_2f6256336590,Luca Wollschläger,Forward,9,1.9726938837736607,0.00014359600627927946,0.00021075686029833657,0.2322551148702709,3.817938684850982e-09
player_555c54788d7e,Farid El Melali,Midfielder,8,2.099236954715957,0.00014347796299385933,0.0018590181999593462,0.24155967665240133,8.534957822582331e-08
player_fc545c1d2dc6,Patrick Wimmer,Midfielder,8,2.9155318042813665,0.00014347769106266256,6.773976330868251e-06,0.21154546874186664,2.241729275362811e-05
player_91639cd9228b,José Mari,Midfielder,8,2.275819253374628,0.0001434570069178645,2.9655520587332106e-05,0.21682761564317346,7.947107074207464e-07
player_37e7bc8fc8ad,Izquierdo,Forward,10,2.3806700586943026,0.00014330425700387274,0.0005004709618137879,0.23229494141183196,1.1962281806972812e-08
player_0343fa1eac95,Gonzalo Verdú,Defender,8,3.1062026815834987,0.0001432819397539687,3.348931629579749e-05,0.2197588276645217,3.323858086990233e-09
player_cfdb5ed8b88e,Jacob Bruun Larsen,Midfielder,9,2.9839928380847938,0.00014327634934533908,0.00011652468727309327,0.23411486836799356,3.7271022409172163e-05
player_46ef249f497d,Kamil Glik,Defender,12,4.201534695419058,0.0001431951162885095,6.313545475792072e-05,0.2675972871534865,1.1635806986998071e-07
player_22f8e016e84e,Marcos Mauro López Gutiérrez,Defender,9,2.4346635875646645,0.00014319018260128678,5.877467834746417e-05,0.22080956261885357,8.89413535240216e-10
player_e1cec0d8de29,Karim Onisiwo,Forward,8,2.85049899384514,0.00014309459172018335,1.5061988907563944e-05,0.22836592492694988,3.4060893163714725e-08
player_e5d18f56b273,Jean-Armel Kana-Biyik,Defender,9,3.884053060684188,0.0001430017447726436,1.0750246219347273e-05,0.23866572703782007,2.8553137339389547e-08
player_14c5ecb40162,Aarón Escandell,Goalkeeper,9,2.656287363654073,0.00014292138722947904,0.0002774512378061457,0.2230638344585323,1.1373185528068882e-07
player_bbb93175f7bf,Marcus Forss,Forward,8,2.317291531683711,0.00014284301236683079,4.5150349201907624e-05,0.23269395934726597,1.9487783980332993e-08
player_ba15b22bf49a,Jorge de Frutos,Midfielder,8,3.0987044184633317,0.00014282909244746898,0.00016179426011945968,0.23997638027753174,8.670265676691249e-05
player_7588774eaa86,Adrien Thomasson,Midfielder,11,3.690621115394152,0.00014282243635291568,2.916875383056122e-06,0.23024191263951052,9.045655039568567e-05
player_3bddb43380ae,Arda Güler,Midfielder,11,2.7743031693289084,0.0001427940247188287,7.852925552206773e-05,0.2508022710441866,9.268669308113888e-06
player_4a4283aeb991,Anderson Lima,Midfielder,9,2.4249748792100703,0.00014275282775417044,0.0001567003287074955,0.24669175670753915,1.537168360946064e-05
player_328d2e93edbd,Simone Pafundi,Forward,10,2.421625233435579,0.00014267589025213992,0.0002681562223219138,0.2577535358660493,3.3971976740564707e-07
player_a41ad07569f5,De Ketelaere,Forward,9,2.940045569476185,0.0001425985917753879,1.1846034862332744e-05,0.2450259254793199,6.679926876466108e-08
player_eddb810fe25a,Luca Lezzerini,Goalkeeper,9,3.6024776787078125,0.0001425930123007573,6.84139707577323e-05,0.20892453218178078,3.511962472468186e-08
player_85be1109a41a,Bafetimbi Gomis,Defender,11,3.3968711708831814,0.00014258474445235858,0.0001012110607386742,0.2662997182360265,1.1145069997244331e-07
player_770908e0e55f,Nikola Kalini?,Forward,9,2.306053257105705,0.00014254237453511777,0.0006388911600919318,0.24320766008378217,1.0013441441303426e-08
player_adb1af707e61,Dionisis Chiotis,Forward,10,2.970095212097588,0.00014250588571164014,1.747939826493449e-05,0.25656565656565655,1.745978078162225e-07
player_e6ce8cf89b6d,Morgan Sanson,Midfielder,9,2.9201698950581143,0.00014249252025267818,0.000109737719523796,0.24035959309202745,2.9437715289391797e-05
player_b5bca0b89683,Dwight McNeil,Midfielder,8,2.9670040285670316,0.00014247790247955884,0.00010611552027646431,0.2157685160605256,0.0010864185462467995
player_22586be12b45,Jeremain Lens,Defender,10,2.9759104097183773,0.0001423842986187284,0.0003322960454807098,0.2668417596848326,6.430828681389866e-08
player_eef684f4e125,Youngwoo Seol,Midfielder,10,3.3029621252565082,0.00014236260109701647,6.227851471387424e-05,0.2503079576250308,2.3366218224426325e-05
player_55eb8e5ee008,Alaa Ghram,Forward,10,2.450403999541752,0.00014225732434809048,0.0003702499815911665,0.24546992027059678,2.2519754619160594e-07
player_06d607c7ecf5,Oscar Bobb,Midfielder,9,2.7066695221741015,0.00014222202174770691,8.822898895790313e-05,0.24352828379674019,9.477779351545833e-06
player_ca26fc0b2fc4,Obite N'Dicka,Defender,10,3.728226080043657,0.0001422047976557654,2.1465394095143287e-05,0.24213536701620592,3.8656765727284685e-08
player_fe93dab7767e,Valentin Mihaila,Forward,9,2.3117687217262555,0.00014219829440632905,2.126904866282846e-05,0.2258530621318217,1.0313701321766935e-08
player_26fbe8090287,Abdul Rahman Baba,Defender,12,3.496873917902411,0.00014218426629316518,0.0011312151022738483,0.2772169167803547,4.325140520613283e-07
player_9a4d5d69f1bb,Nathan Young-Coombes,Forward,9,2.108538103186222,0.0001421340674435965,0.00018507983728967764,0.2530668161155738,6.835387445742943e-08
player_28a67ff9dbc5,Patrick Roberts,Forward,10,2.2818771732681884,0.000142116682924938,0.0002853213383110892,0.26498011345113126,1.2238666802768363e-06
player_7052c2bd72ce,Antonio Mirante,Goalkeeper,8,4.372728160871476,0.00014208405163892545,3.346635878824717e-05,0.20467365028203063,3.315292584955484e-08
player_87071fcbba2d,Benoît Assou-Ekotto,Defender,13,4.010207147597081,0.00014204259154252034,4.400004190754496e-05,0.269710645075657,6.55503908733733e-07
player_44ea6f008cdd,Jeff Schlupp,Defender,9,3.6532672366904477,0.00014197938413711408,1.4420025169910912e-05,0.2437473759971211,2.027996100203144e-08
player_b7b93c5725ce,Erick Pulgar,Midfielder,9,2.6446654533170326,0.00014194471699298372,0.00011393833938270688,0.23692648516294526,1.979985587666003e-05
player_db3e248ac4cc,Markus Solbakken,Defender,11,2.438479744941539,0.00014192117960721892,0.0013255186917778773,0.26652675760755506,4.4543825115166e-07
player_352d6e827787,Anthony Elanga,Midfielder,8,3.145159877085442,0.00014190629876728223,1.690426887620987e-05,0.2189655172413793,0.0012707603562376437
player_3a568aa4a990,Aimar Sher,Midfielder,8,2.8152392742933996,0.00014185129067056883,7.4334287047508276e-06,0.23018974794675728,3.192716892354715e-06
player_094086323675,Carles Pérez,Midfielder,9,2.885461996896904,0.00014181331687139752,5.8161940577563956e-05,0.23088285422111124,5.493168998314536e-06
player_82f6f8c96fdc,Enzo Roco,Defender,8,3.642971925214509,0.00014171988305108953,3.5401822481577133e-06,0.22245333625266844,9.412257876454308e-09
player_4503113063a1,Luca Netz,Defender,9,3.1580970920256397,0.00014168351667714733,1.7820405727596433e-05,0.23304088537186765,2.3362774895390174e-08
player_c1bb95eb1745,Jaume Grau,Midfielder,8,1.8608083106601074,0.00014168039647609394,0.00020850478720825744,0.22052200336426284,3.862398475340654e-08
player_4b9af22356b4,Anderson Lucoqui,Defender,9,2.9663751037644523,0.0001416045064195367,2.671454144575218e-05,0.22470419108702863,1.4596154743424263e-08
player_d013c0797b8e,Salvi,Midfielder,10,3.0028235330871555,0.00014160096434350262,4.8933032560332754e-05,0.23363035354987066,5.254341169547919e-06
player_77f7197788da,Felix Afena-Gyan,Midfielder,9,2.648754815978726,0.00014145931703551663,1.5020182476183676e-05,0.2276623158366478,2.6693156869466753e-06
player_da6856ad7790,Mamadou Fofana,Defender,9,2.849388523700837,0.0001414326895148356,6.60283403218534e-05,0.24726210756875153,3.200104566036152e-08
player_5e074ad43994,Antonio Nusa,Midfielder,9,2.909976534925282,0.00014142535248703832,3.9878854154545054e-05,0.24178962398857687,1.153901964812318e-05
player_783353bcb347,Marcos Antônio,Midfielder,11,3.3384424533739168,0.00014116796447212777,2.103490600542248e-05,0.25311410064773293,3.409456390085442e-05
player_c9ccc9995eeb,Oumar Solet,Defender,10,3.216832565497713,0.00014111084154215859,2.468623214795901e-05,0.23388581952117865,1.004618003229198e-08
player_0fb219f65317,Alan Dzagoev,Midfielder,11,3.211977284893111,0.00014110414046002664,4.175137755765595e-05,0.2647039666514688,5.401353250152101e-05
player_5b298e08027f,Egan-Riley,Defender,9,4.00475174222599,0.00014103750641996718,3.098607172077309e-05,0.2489585885812301,2.17822628958196e-07
player_b0689095aef0,Takuya Ogiwara,Defender,12,3.4456834652372796,0.00014096527873938062,9.960549905447586e-05,0.25865580448065173,4.683852115913819e-08
player_19dccc92edbc,Philipp Klement,Midfielder,9,2.8655326058105546,0.00014094887530120674,0.0001266799042112297,0.2439668627686397,2.629630660274077e-05
player_ac1ce975425d,Shane Duffy,Defender,8,3.4679155778410538,0.00014088309021093157,1.2519859584694165e-05,0.234533702677747,2.4964152651464597e-08
player_e076bb36b64c,Issouf Sissokho,Midfielder,9,2.3509226159391194,0.00014087951636792108,0.0011298708249270852,0.24200559757041623,1.0904835334626749e-05
player_a0f311f4ef0d,Sikou Niakaté,Defender,9,3.3983040795886064,0.00014087827852135094,1.7167456609389476e-05,0.2347097892001155,1.9261907135991015e-08
player_7cf364e9d8ab,Vanja Drkušić,Midfielder,8,3.3583595301990306,0.00014079863775417613,3.4549971124351014e-06,0.23439843119160225,3.8436125966640394e-05
player_2797b6e1b0db,Hudson-Odoi,Midfielder,13,3.328301154953865,0.00014078363722705027,0.000685077708841839,0.2930276155454611,9.921120213511505e-05
player_a275466c20c3,Wisdom Amey,Defender,8,3.6326055980660077,0.00014074491144824166,2.9267794621740166e-05,0.23346929396219912,2.4458286913138136e-08
player_b9f19e2ee3fa,Lorenzo Torriani,Goalkeeper,9,4.168715877419043,0.0001407268000755415,0.00031080985667955867,0.22297816306375506,7.238103828244706e-07
player_a12a23784ca8,José Fonte,Defender,9,3.9924406204313594,0.00014065887368528874,6.9102083043784695e-06,0.24246763319611,7.330357080324127e-08
player_9df91c0608a4,Dimitrije Kamenovi?,Defender,11,3.17213880963347,0.0001406587016733681,0.00021912222677989378,0.2663171690694626,1.0042379835536863e-07
player_948f51d9a1a9,Barcia,Defender,10,2.9801287257471154,0.00014064668954212055,0.0003254981121940676,0.25829414007881024,2.86617085365958e-08
player_ecc7cd888898,Chema,Defender,10,2.098284605098686,0.00014058748068348272,0.0024592404297801348,0.2741870192956416,4.272609457566169e-06
player_f34f8b63b1cb,Léo Pétrot,Defender,8,2.893169753793364,0.00014058247581390343,0.0005401860239014749,0.22225868197976484,9.29167583886012e-09
player_271239345e7e,Jimmy Giraudon,Defender,8,2.7044131052619127,0.00014053135566265113,7.900502781489037e-06,0.21466300443693218,3.4217804856673997e-09
player_bf1da8c393f4,Marc Roca,Midfielder,9,3.115776134204498,0.00014047906780027778,3.192057472244682e-05,0.240402247855664,9.765988890590771e-05
player_bfd2b98e016e,Nicolas Cozza,Defender,8,3.210573150916906,0.00014040828774163755,6.335414929437359e-05,0.2533192046375366,1.322780740874023e-07
player_bf0217834e03,Albin Ekdal,Midfielder,10,3.208626650716693,0.00014038308055865187,2.2359704650074714e-05,0.23492687438580265,1.52423114307866e-05
player_3eb8fb0c2289,Rubén Duarte,Defender,10,3.2788391582128114,0.00014034097924232105,1.4562162370911815e-05,0.24232305765905432,3.0571767077620577e-08
player_bbdd0e294fd1,Solomon,Midfielder,10,3.383426683314272,0.0001403070080477704,3.4615235794028095e-05,0.23935449673125625,6.0346119590550205e-05
player_fa3e26921296,Milan Badelj,Midfielder,9,3.6902062942153746,0.000140295558922234,8.627000047692284e-06,0.23926994406829555,5.5734013042800854e-05
player_3edb83bfeec0,Daniel Ginczek,Forward,8,1.963286277175231,0.0001402837385281547,0.00014427855474717118,0.23682983682983683,3.0777963200421283e-07
player_71ccda6284fc,Erokhin,Midfielder,8,3.001393905422074,0.00014022804401479477,1.4512925780329544e-05,0.24621349812189508,6.997589046409498e-05
player_d7c8bf9cdd17,Joe Willock,Midfielder,8,3.031483800851045,0.00014020925531779162,4.5252056920286945e-05,0.23230821996112952,2.527942983347512e-05
player_d48f201efbe7,Francisco Sierralta,Defender,8,2.7911632212915563,0.00014017256327409933,6.0475074270624427e-05,0.25347720326825923,1.794909344982423e-07
player_48073418e347,Jović,Forward,10,2.168540128623158,0.0001401311892621694,0.0003635075411260161,0.2551802084641467,7.590255767715957e-06
player_722258a78478,Karavaev,Defender,12,3.3671499539137897,0.0001401305062419361,5.76186115159417e-05,0.259315977539561,5.030977880427932e-08
player_393aa02a3307,Martin Dúbravka,Goalkeeper,6,3.7372560528885637,0.00014002327670564199,1.0865968769215636e-06,0.18674754158625126,1.3061296455214209e-08
player_d84bb9182c20,Yaya Sanogo,Forward,9,2.9175163566103146,0.00014001878747215332,7.927127423080349e-05,0.27505922165820645,2.84758414142385e-07
player_ab82704e38fe,Jarrod Bowen,Midfielder,8,3.1864318990933436,0.00013999291374370475,1.47786856832786e-05,0.22634363686995265,0.0012428183202585932
player_fab54bebedf8,Nektarios Alexandrou,Defender,9,3.355885424273559,0.0001399866211048728,2.364053851548313e-05,0.23665055610551447,1.197673394508489e-08
player_e08918181420,Andreas Ulmer,Defender,10,2.824324492008664,0.0001399702267457344,0.00013130230393408496,0.2618556701030928,5.929482034271889e-08
player_79b5da3d670b,Anwar El Ghazi,Midfielder,11,3.4305159716396263,0.0001399580767281359,3.2318526223003375e-05,0.2677736047967319,7.599853857238332e-05
player_ba15a4a629c6,Sergio Asenjo,Goalkeeper,8,3.6665813064418056,0.0001399194512351134,1.685999553434848e-05,0.20614791518717662,3.353285496268069e-08
player_34d3b0fcb9a6,Mark Noble,Midfielder,10,3.185164186432016,0.00013989995203271769,1.5141445414180466e-05,0.24612403100775193,2.809106494985709e-05
player_6cac26992865,David Navarro,Midfielder,8,3.1372088276403374,0.00013982262132918158,1.5188494612147276e-05,0.2421642235728757,1.2268222549375953e-05
player_330ac2998666,Jordan Torunarigha,Defender,8,2.9479437470515024,0.00013982131518158544,0.00016630989491805154,0.2512363996043521,2.0526884384963733e-07
player_a71ab111b657,Daniel Brosinski,Defender,8,2.7970060259279768,0.00013980581307643548,2.0284884968356864e-05,0.21854162185416218,5.28606748745013e-09
player_1b0a659bbe07,Valentin Stocker,Midfielder,11,2.791164194718345,0.00013980268856029473,0.000394810723679439,0.2688364093404776,2.360220599876565e-05
player_8a05eb0ec64c,Pierrick Capelle,Midfielder,9,3.2024706827847464,0.0001397589568105167,5.3006051448103536e-05,0.24606442237829984,0.0011096332988227823
player_aa81ccba8a2d,Paul Nebel,Midfielder,9,2.258165648861058,0.00013974649947763845,0.0003212333122950563,0.23813430212117662,2.9240472844609844e-06
player_d5d946511fe3,Iván Alejo,Midfielder,8,2.5770094030786,0.00013966644812812926,2.280030531112793e-05,0.20908576426403253,1.1196457516273252e-06
player_4483857a07da,Diego Conde,Goalkeeper,9,2.501763410248574,0.000139640804526757,0.0006390328625342111,0.2128974802242129,4.944354228450922e-09
player_37b3d8c68826,Kevin Bua,Forward,10,2.619838764947518,0.00013960897219705793,5.676894181750103e-05,0.2586393432189906,6.936030700696042e-08
player_ecb7494699ce,William Smallbone,Midfielder,8,2.5396303616510996,0.00013953866961788382,0.0003643241247943692,0.24824384582493433,4.072579721687847e-05
player_3e0e60c9d9da,Samson Baidoo,Midfielder,9,3.4498982974983887,0.00013953237129362678,9.519029423528614e-06,0.2454402705640778,3.7518178615416784e-05
player_d6a956f186a1,Jhon Solís,Midfielder,10,3.0910581397910755,0.0001395171451174727,0.0001213303558424659,0.25164086687306503,2.9043124585975945e-05
player_039af5639dac,Abdukodir Khusanov,Defender,9,2.8707851207284025,0.000139466893617739,5.327986523046812e-06,0.22449317792631054,4.8699095519964675e-09
player_879ab0a0c226,Welinton,Defender,9,2.6834809217913684,0.00013946167372964552,0.0001214414107282067,0.24564796905222436,1.6700864330270926e-08
player_11e484a38ae0,Chrislain Matsima,Defender,8,2.9807574193180195,0.0001394330888152261,4.077670136092048e-05,0.2398772281902963,1.5811590596756113e-08
player_c345f923860e,Viktor Gyökeres,Forward,10,3.03309493895239,0.00013943238548569367,1.1572093522306207e-05,0.2538572053220064,9.505344538773834e-08
player_b4356e39ac60,Ridle Baku,Midfielder,9,3.431721149365623,0.00013940086732635223,3.2456797746146975e-05,0.24885187679872636,3.032414339815448e-05
player_ee31733e3cb3,N. Williams,Defender,11,3.7841410602590466,0.00013933117153088173,3.756584583893927e-05,0.2525007766387077,3.8519736547028686e-08
player_1afb504a4e82,Valentin Rongier,Midfielder,9,3.6192229635801336,0.00013930063010304724,7.446824491155492e-06,0.23605947955390336,7.250304240526008e-05
player_ea966e9e4eaf,Iglesias,Defender,9,3.3451801086249655,0.0001392984222827223,2.078949865011873e-05,0.23627906976744187,2.088662630878906e-08
player_508a4029b60f,Joel Monteiro,Midfielder,9,3.0623901031141165,0.0001391926930860448,1.945456143418507e-05,0.2425110395035207,4.50825802936987e-05
player_9e259cb9a151,Samuel Moutoussamy,Midfielder,10,3.667089167777809,0.00013918855422537195,9.929834124151639e-06,0.23813430212117662,7.698956225442334e-05
player_ed9d85c22f85,Jasper Cillessen,Goalkeeper,9,4.541148478638091,0.00013918510665683972,2.124327028337908e-06,0.22285588944944068,4.227421741425398e-07
player_f1ab682a96f8,Mykola Kukharevych,Forward,8,2.1333746554341273,0.00013909141081888392,1.5347531626164088e-05,0.24004725339633787,1.8581229777723668e-07
player_73b60a7cd768,Nicola Ravaglia,Goalkeeper,8,2.030876830467058,0.00013908940005083473,0.00039135157758025697,0.2065250533590812,2.4871059239980253e-08
player_6db9da53b263,Flavio Junior Bianchi,Forward,8,2.518887098651983,0.00013904240639715104,3.3578069438953505e-05,0.23341565676870943,2.178261908219346e-08
player_d57148cd83c3,Mathieu Valbuena,Midfielder,10,3.311013165769057,0.00013901441504246857,3.3940029887852545e-05,0.256016127000126,0.00010189770858277254
player_877c143c12a5,Jon Rowe,Forward,8,2.4044414312641984,0.00013891615620040065,5.1218358186994316e-05,0.23000735751881826,2.207810358285724e-08
player_d48b783c1068,Jack Cork,Midfielder,9,3.3555964494685226,0.00013890830492694186,5.052538545272044e-06,0.23579924572091673,5.8794474122975486e-05
player_4981129474c3,Isaac Hayden,Midfielder,8,3.0010786635656674,0.00013887323242597717,0.00010901464029634074,0.23713385459213443,7.478996125487752e-06
player_4d423711c7f6,Riccardo Saponara,Midfielder,9,3.2692658266520773,0.00013876524452616551,2.8825524042080498e-05,0.244377630787733,7.573248113858924e-05
player_0d4b16d072f1,Denis Odoi,Defender,8,3.181056121058478,0.00013863712440581266,9.248449748321447e-05,0.2440108075652957,1.946987659985217e-08
player_e778c8e49c6b,Sandro Kulenović,Forward,11,2.6270057837156586,0.00013853275455553009,0.0004929558243749388,0.2735595045772752,8.87541140776712e-06
player_8b35eb848ce7,Dimitri Foulquier,Defender,9,3.4871686300051348,0.00013848809044808574,3.6242626283289744e-05,0.23393967303707114,1.449791897453168e-08
player_6cc087d98460,Osame Sahraoui,Midfielder,8,3.044562609880726,0.00013847325170811384,2.474758630216962e-05,0.24446583253128007,9.080492976171879e-06
player_8caf81b4db0f,Catena,Defender,9,3.7928294961608335,0.0001384409050056199,5.51001002175986e-06,0.2332013542204625,2.0788840495628518e-08
player_921df0113327,Quentin Merlin,Defender,8,3.01032391373918,0.0001383480936535737,5.44688387848405e-05,0.24138750296982656,1.6394028669363614e-08
player_92522eaff06a,Tiago Santos,Defender,9,3.2920521117163664,0.00013831638902418123,7.521520405904095e-05,0.25455684309426874,3.882972460712271e-08
player_e707ac746ad6,Nanasi,Midfielder,9,2.416515929557051,0.000138307430249147,4.686328031743253e-05,0.21964005836891315,8.213455448740056e-07
player_7d435251a242,Gianluca Mancini,Defender,8,2.9407756586682177,0.00013829906651098334,1.0773548877807298e-05,0.22476632929594603,8.229961998209799e-09
player_8e09e0028743,Yéremy Pino,Midfielder,10,3.434096453937543,0.00013827189575610615,3.189467698478527e-05,0.2622612287041817,6.713438125068693e-05
player_be04dd6830fb,Steven Defour,Midfielder,8,2.9451465461324937,0.0001382002642123568,0.000501014460435646,0.2515007116777028,3.659389857800897e-05
player_ffa7d34c009e,Roman Shirokov,Midfielder,11,3.181385936005283,0.00013819203884184034,0.0001931112729923014,0.26841027673205203,3.831626875159722e-05
player_7de3d6cd392b,De Vrij,Defender,11,3.9701796512476744,0.00013812236635168102,2.5820823964098892e-05,0.26477294937780965,1.8711177914491202e-07
player_69ff2b57386b,Jan Bednarek,Defender,10,4.003329417705785,0.00013807145712179986,3.450104574646616e-05,0.24687158303972787,5.541978802981145e-08
player_7635c19136fe,Álvaro Bastida,Midfielder,8,2.619913798644442,0.00013805763334821247,0.0001428506310728276,0.23676085056801632,3.395539406711808e-06
player_6531e2edeb4a,Mathieu Cafaro,Midfielder,9,2.3324861416835794,0.00013795500355978077,0.00027389949788879364,0.2379669750556271,2.422161312326773e-05
player_1997b28baa5a,Bruno César,Midfielder,11,3.486856731526048,0.00013793835142110093,5.5621001786009005e-05,0.26696446166984167,4.377396103626151e-05
player_9458f6d6d354,Adil Aouchiche,Midfielder,8,2.7702206730887675,0.00013772382912341253,4.05757206914802e-05,0.2306208148904778,8.15856767920066e-06
player_46f10afcba81,Tariqe Fosu,Forward,9,2.1798950786850106,0.00013772353310413036,0.00015580551884488908,0.2519528828270304,3.1994083652670145e-07
player_4b27e7efd85c,Marco Modolo,Defender,9,2.807706223071319,0.00013769318321426273,0.00020957318257190427,0.2536987327548536,1.6125567991203944e-07
player_ae0ed73419c5,Joel Ward,Defender,9,3.376853083875671,0.0001375961088480195,3.40481421663223e-05,0.23035936968597664,2.2804859670610585e-08
player_4b92b0d0552e,Nianzou Kouassi,Defender,8,2.7257626395794765,0.00013756693063624446,8.013499641523575e-05,0.22744571300649205,5.590951762730432e-09
player_644c5097d7ff,Cameron Archer,Forward,9,2.2243714342637295,0.00013748870388615163,0.00013611276796978987,0.2401181683899557,5.4238168816176986e-08
player_75f7fe67c906,Jordan Veretout,Midfielder,9,3.8508509603134353,0.00013739200514528235,2.3132870120022487e-06,0.2441720740206681,0.000267657466997409
player_b742fda58fe3,Andrei Girotto,Defender,9,3.392807615702943,0.00013738237464473835,8.592910005393784e-05,0.2541270635317659,5.645277483292343e-08
player_ab58679baa5a,Agustín Marchesín,Goalkeeper,11,3.5734478166585246,0.00013733209952654504,1.575328730775639e-05,0.24643745073070158,3.1611887100368796e-07
player_cfea3f3802dc,Bruno Fernandes,Midfielder,9,3.447182722923276,0.0001371692053215919,9.153177192592464e-06,0.24481927710843374,0.00015856795385847666
player_5a31511fef2a,Nuno Tavares,Defender,8,3.0420719734921082,0.0001371494859353218,1.9973214006324377e-05,0.22823767269459733,1.38693682861795e-08
player_4fb27e749550,Manolo Gabbiadini,Forward,9,2.8578596060305324,0.00013714149980869765,5.967028358216417e-06,0.23198995319100355,4.213107331223914e-08
player_89ced9848f6d,Frank Onyeka,Midfielder,10,3.344322717787383,0.00013709851193019913,1.228629480800911e-05,0.2381761706616656,4.2365196407110226e-05
player_fcf3c7d07159,Amar Dedić,Midfielder,11,3.316166224686979,0.00013706449181563127,8.54180979860231e-05,0.25590328064983314,7.525027625821085e-05
player_14ca08d0e332,Frederic Guilbert,Defender,9,3.763868601414499,0.00013686563127142132,1.0666914453371701e-05,0.24726210756875153,4.5307047542811656e-08
player_8cd9c4c20810,Evandro Goebel,Midfielder,11,2.5071656588725983,0.00013685595540920443,0.0007002700474784153,0.2806823675668209,1.3507567211354072e-05
player_ad149cf55b6d,Loftus-Cheek,Forward,10,2.427196961174302,0.00013677763208510302,0.0003091275757451295,0.27322845233292997,9.321417293184675e-06
player_3d9b09492a7c,Ermal Krasniqi,Midfielder,10,2.4407845901943155,0.00013676900342283191,0.00038202674124671146,0.2488366397256919,6.353348205031877e-05
player_0da6dcc0885a,Aitor Ruibal,Defender,8,2.743592683780787,0.00013670282606712962,1.5267166650565145e-05,0.21443647108484593,6.073639433132172e-09
player_8d832a5f0b97,Filip Panák,Defender,9,3.0350994649600875,0.0001366255267710818,3.51580701773678e-05,0.2463627546071775,1.7704726988222498e-08
player_ce6dea720066,Sebastian Jung,Defender,8,3.048249832990442,0.00013655191523604597,2.6908659730443236e-05,0.23513075676926637,2.8628504072117346e-08
player_b15c262e4c7e,Victor Boniface,Forward,9,2.946639995164897,0.00013654983738546384,7.5878997773171115e-06,0.258146477799657,2.3163014859559855e-07
player_56bc9124b215,Brenden Aaronson,Midfielder,9,2.7308450909087396,0.00013650283934991858,5.848459281479777e-05,0.2364027688906986,5.0107266664914996e-05
player_90dbd5f4e958,Gustaf Nilsson,Midfielder,8,2.4365982447073535,0.00013643110468579498,6.495380703065292e-05,0.22744571300649205,1.3547047439743944e-05
player_c9150fb5646d,José Fontán,Defender,8,2.5272344170606145,0.00013642964873561777,3.328777512607823e-05,0.22672245467224547,8.462721263839148e-09
player_a868502ffd10,Philipp Lienhart,Defender,7,2.9909864064379743,0.00013642924547942228,2.1101307757310528e-05,0.23540315106580167,1.5425586213033163e-08
player_16e1e5d5a8b1,Kenan Yildiz,Forward,8,2.375539592722678,0.00013637376265007,3.081582001532765e-05,0.2500153798831129,1.9293662606370714e-07
player_97806c5f5114,Dmytro Chygrynskiy,Midfielder,9,3.393238833388395,0.00013629652390711314,8.496877157018763e-06,0.24889759921607055,6.279304120012418e-05
player_cb7526a20250,Addo,Midfielder,10,2.871754766857424,0.00013627296234009924,0.0002889371290649593,0.269710645075657,1.155044854300238e-05
player_78699071d198,Lucas Torreira,Midfielder,9,3.0432173043001294,0.00013624247158734078,3.43982638567686e-05,0.249416963299374,2.0958703657381452e-05
player_e384c73504d5,Di María,Forward,9,2.774468831077894,0.00013600581153248867,2.5873706915492595e-05,0.26007935492128503,1.658197381027094e-07
player_b1b38ac4fca9,Diego Lainez,Midfielder,9,2.759464087959527,0.00013594603659990072,4.855663369752103e-05,0.2457222322994135,2.7513920142781436e-05
player_e87b0f5a5396,Ale Mat?j?,Defender,8,2.513341464090229,0.00013574920012763495,0.0006055786784844543,0.25140736158366844,1.5805552714486873e-07
player_62da2f5c0c17,Dost,Forward,11,2.3123807367483242,0.00013571908888614515,0.001693450966300519,0.2862778247393632,1.4200362052403472e-06
player_de063470d783,Rasmus Falk Jensen,Defender,10,3.040315277788486,0.00013564721144824333,7.58765182355795e-05,0.2556296389482954,5.333512013647575e-08
player_be8cee3fb3e8,Hatem Ben Arfa,Midfielder,10,2.9385247118844116,0.0001356359189068882,6.912829251421365e-05,0.24649724024989386,8.033541345305006e-05
player_007678d52721,Moumi Ngamaleu,Midfielder,11,3.0181584615074324,0.00013560007770840697,5.082682607635696e-05,0.26128327118426126,4.334048585315121e-05
player_e5556226a385,Maxime Lopez,Midfielder,8,3.276682628615722,0.0001355231290572415,4.4510822249895815e-05,0.2551161330822348,5.356323458851036e-05
player_d07715e5a421,Aleksandar Sedlar,Defender,9,2.2419363376532355,0.0001354278488862699,0.0002251984394654141,0.23594983743613562,3.426327410371565e-08
player_ec11ec4dd9f2,Fredrik Jensen,Midfielder,8,2.4611797364858985,0.00013533674560228028,5.372890195628024e-05,0.2083141114357476,1.5086991021871483e-06
player_3acca9363ec3,Peter González,Midfielder,11,2.286447087734781,0.0001352692736989417,0.00013716418107368114,0.2659859938477649,1.3044650788785402e-05
player_30275ae1696f,Mohamed Sankoh,Forward,8,1.8705054010743545,0.00013526623330843837,0.00014427855474717118,0.23682983682983683,2.9782374430538e-07
player_31d925006396,Jérôme Phojo,Defender,8,2.380113330558753,0.00013525937429484692,8.730307565202893e-05,0.23943910917339303,1.4737255452181908e-08
player_418ff754dac2,Niclas Füllkrug,Forward,8,2.9919328405050534,0.00013517271306543274,5.562398236972809e-06,0.25253215683837693,3.008401891143961e-07
player_76779bca4b0a,Wan-Bissaka,Defender,9,3.296399345440879,0.00013515985579255928,4.7215330845166145e-05,0.24386438643864386,2.4207529801412196e-08
player_d6223b94e6af,Delvin N'Dinga,Forward,9,2.6087871973456345,0.00013512896586368302,0.0002537149255730556,0.27095139675978397,1.813315836013201e-07
player_e7c266330b73,Lautaro,Forward,10,2.357153461274928,0.0001350482256345813,0.00037896287206502934,0.27304488040849234,4.619640739891414e-06
player_14c0441885a3,Aaron Hickey,Defender,9,3.4066877975686842,0.00013497022181726707,2.781377034286714e-05,0.2606966450702418,8.275892673430947e-08
player_1c44803b453d,Mickey van de Ven,Defender,8,3.0105975293049703,0.00013492696986160837,2.3439530676662865e-05,0.2356761772210624,1.4720032214095317e-08
player_1984f437aada,William Bøving,Forward,9,2.784516132635074,0.0001349135937950588,0.0005917261201077181,0.2662648234292079,5.259022141541762e-07
player_f89743748ee0,Valon Behrami,Midfielder,9,2.7722605397508713,0.00013490204660321237,6.231012764217602e-05,0.247247064549492,4.791056054408338e-05
player_61ffdbbbcac8,Josip Stanii?,Defender,8,2.452582651080732,0.00013490026735472896,4.2045561054297674e-05,0.22731849200134244,4.4464335202608004e-09
player_7d20e2bd6f93,Matheus Cunha,Forward,8,2.8527790124763697,0.0001347931922413131,0.0001132820134456211,0.26701708278580816,3.518180126470015e-07
player_a6d3d97383b8,Reto Ziegler,Midfielder,9,2.7945171185108126,0.00013475754925461347,6.015820016940522e-05,0.2549560853199498,2.563793073603033e-05
player_721c6ff80a6d,Dodô,Defender,8,3.082810572723714,0.00013464555307550946,1.9916541990673384e-05,0.24569252161296173,3.76355953816081e-08
player_61c022fbad5b,Paolo Faragò,Defender,11,2.249070350202338,0.00013459607874882605,0.0010231323607614985,0.2867626305390912,8.646195517123384e-06
player_6bd167b72775,Daramy,Forward,10,2.028649066546815,0.0001345868228940309,0.0010005779442991006,0.2676677863399855,6.743064084485203e-07
player_fb9308d84951,Cristian Molinaro,Defender,10,3.5614802111462245,0.00013449414890136574,2.474122218545275e-05,0.2504159221147329,3.525615805943589e-08
player_5884cb3cb1fd,Jonathan Clauss,Midfielder,8,3.0744121651966947,0.00013447851988055776,4.025523302187508e-05,0.23514436151131168,0.0012039622193610038
player_e327fa17d009,Nianzou,Midfielder,11,3.06383287375612,0.00013445190969171465,4.5373051014731665e-05,0.2562744356160928,3.1817912744362713e-05
player_482daa100173,Josip Drmic,Forward,8,2.6844417031118715,0.00013444938815613836,6.902325881101313e-05,0.26081375946605057,2.0001572511911927e-07
player_ae7b9f9c9d8a,Connor Roberts,Defender,10,3.4594807771449014,0.0001344281365388434,1.1521566391078407e-05,0.2318311466058186,2.052636542698118e-08
player_eb04e395cbfb,Julian Kristoffersen,Forward,8,1.9196854027013663,0.00013441097178896452,9.042622313084323e-05,0.23990554899645808,1.41639821903249e-07
player_b423b7602f76,Jason Mbock,Forward,9,1.8622547373722715,0.0001343534217807741,0.0004431958937933549,0.24424544744275498,5.93878233839417e-08
player_50a6148d8b59,Cristian Penilla,Midfielder,10,3.206534979290796,0.00013430617372278843,3.095737469622659e-05,0.26422209219166504,4.4766971547247503e-05
player_d4b5ed246689,Shepeliev,Midfielder,8,1.8349135701931436,0.00013425389860521452,6.564900443579512e-05,0.22970834275378701,1.4368496424951808e-06
player_9e456eaaa7aa,Charlie Mulgrew,Forward,10,2.3641039039312304,0.00013424940526185716,3.469396123955092e-05,0.25819567979669633,1.3631662916272667e-07
player_c08d336309a6,Nelson Sissoko,Defender,9,2.786433074447771,0.00013424790071278598,4.077247681249448e-05,0.24217865443060604,7.087616557547029e-08
player_df9d94e676d9,Karim Azamoum,Midfielder,10,2.9792006793037014,0.0001341559826469308,4.997569961670153e-05,0.24631795866416145,1.9714129829208627e-05
player_3d13cc812a74,Vincent Le Goff,Defender,8,3.6742623995344457,0.00013403791857134932,2.4281857362005997e-06,0.24163148819787145,6.342438077656511e-08
player_94913cb847b6,Bohdan Butko,Midfielder,10,3.282851821231291,0.0001340280605325411,4.035617427283975e-05,0.2727882937307021,8.077390905337215e-05
player_a5ef731e6f0a,Niklas Tauer,Forward,9,2.0572303389314723,0.0001339345822587528,0.00010576059623751803,0.23658167423448598,1.5285443575159545e-08
player_b6e9473d38ac,Emil Ceide,Forward,9,1.8284355105120504,0.00013382557763505252,0.001158736354177525,0.2548761367199749,1.8321881933460025e-08
player_60e08790ea32,Aleksei Miranchuk,Midfielder,7,2.506902482092883,0.00013379661123070845,7.37704081343148e-06,0.2171752257788703,4.748078096104332e-06
player_ed6d9c3921e2,Bamba Dieng,Forward,9,2.496863192109608,0.00013377882065186602,5.236236161109331e-05,0.25012309207287053,1.5288898802539484e-07
player_6d186c861e16,Cheikh Tidiane Sabaly,Forward,9,2.6329058803511107,0.00013369664362067245,7.060415867973122e-05,0.24664684105116222,3.525217427940005e-08
player_5559d3aa7333,Kévin Constant,Defender,9,3.3082643702750394,0.00013365073608471144,4.467001721330944e-05,0.25196850393700787,4.6866834770765524e-08
player_22c238b28207,Omar Alderete,Defender,8,2.8381369473154923,0.00013360654334316005,5.054749030621538e-06,0.21211963046088,5.298190999621422e-09
player_4fa1339af498,Jens Stryger Larsen,Midfielder,10,3.045428882299984,0.00013359767467431322,0.0001029499136131932,0.25497208105903757,0.0010945061147288363
player_50019df2db3e,Jonas Urbig,Goalkeeper,11,4.06234953895637,0.00013359504951129697,6.891443695924227e-05,0.23297408851180923,3.2397959736969773e-07
player_b61a4dcfaf07,Jérôme Hergault,Defender,9,2.2541058226228823,0.00013357616329740093,0.00021037677561123124,0.24282982791587,3.649786830366973e-08
player_6f50acf221d8,Ghislain Konan,Defender,8,3.6250215667207155,0.0001335286112416006,1.2354656774038892e-05,0.24949352323654,7.93666967962385e-08
player_af06db1a483b,Jonjo Shelvey,Midfielder,11,3.5039109165058835,0.0001334420969302672,9.240533905991005e-06,0.24370352602542575,7.69039684634422e-05
player_70ff09f4af1b,Marcus Ingvartsen,Midfielder,9,2.6369810146450847,0.00013337617062527215,0.00014102982815724743,0.24064424443391758,3.441899135849591e-06
player_898c66d7d605,Stefan Ilsanker,Defender,8,2.4092950846514607,0.00013330254474917352,4.3198832559786285e-05,0.22959154850008473,8.004436730400954e-09
player_628d13428a72,Brandon Bye,Midfielder,8,3.237353757546574,0.00013327844970844618,1.7831888923184826e-05,0.25711755029735545,9.707680220232587e-05
player_e5c8cc581f32,Luis Rioja,Midfielder,8,2.8169546103752716,0.00013327602814991747,7.094195847708698e-05,0.2328406096023834,5.925918728964852e-05
player_ccaf85236495,Harry Maguire,Defender,10,3.5086980449859846,0.00013326321957749697,7.881648476966e-06,0.23338884741285246,3.856249876032639e-08
player_d401363bc8af,Alexis Claude-Maurice,Midfielder,10,2.721949789225131,0.0001332245170649601,7.521470311971768e-05,0.251469587278015,3.919224827065707e-05
player_e70281060b48,Andreas Pereira,Midfielder,9,2.7421495464340953,0.000133213077317763,0.00023105499098356603,0.25371457110750406,1.5634415957553225e-05
player_c6768acae2f9,Nicolò Savona,Defender,8,3.3160796722219685,0.00013320652779499033,2.2251409095737274e-05,0.24474555856669677,2.8760320813131268e-08
player_6d5a63113a21,Stefano Sensi,Midfielder,10,2.617960227573583,0.00013319999576820555,8.417028885680446e-05,0.246557058787842,1.7916663226716388e-05
player_57487dc8db84,Urko Pardo,Forward,8,2.108419367585555,0.00013308160715387393,0.0001634297020907938,0.2552122582265762,1.0524141138273547e-07
player_27c3587610d7,Maycon,Midfielder,8,3.048937247696246,0.0001330633485124822,2.3543822663929178e-05,0.24035959309202745,1.2288772890536097e-05
player_1efd23f634ce,Rhodri Smith,Forward,8,1.9593409342112014,0.00013298858985192488,3.767293635634827e-05,0.23996221067548418,2.565673095728759e-08
player_225b331b9c95,Márcio Goiano,Forward,9,2.489658713396603,0.00013292806577799962,3.808663845991764e-05,0.2556296389482954,3.706225447693674e-07
player_05c5e5012876,Dimitri Lavalée,Defender,12,3.0822850158043935,0.00013289041527101987,0.0013523701578899718,0.27772842205972803,1.613961092131327e-07
player_f1e09ff4f13f,Sabri Sarioglu,Defender,9,3.323172074039142,0.00013288538518939778,1.031841234656504e-05,0.23677464460498718,2.531322209699678e-08
player_b0c7cfa20776,Dominic Thompson,Midfielder,8,2.361061267421017,0.00013285621919046652,8.240875675642663e-05,0.22665923034021193,3.060997993540206e-05
player_4819aef7f4a9,Oscar Gloukh,Midfielder,10,3.1743337621374494,0.0001328374416755943,4.154184537024813e-05,0.25074037512339586,0.00012316006535646775
player_edc2263ed046,Larin,Forward,9,1.9265813682209756,0.00013283677257636757,6.586776409269951e-05,0.2366919044845661,1.5408186499075588e-07
player_b2bbfe716d66,Joleon Lescott,Forward,10,2.292855976379879,0.00013279787949379898,0.0007623738653361599,0.26375908618899274,1.0008804087142774e-06
player_cc9c02da6df7,Orri Óskarsson,Forward,8,2.623821076820448,0.0001327506009911941,6.19570421000044e-05,0.2588205324162527,6.464105406069284e-08
player_9a9b469d60e5,Philipp Lahm,Goalkeeper,11,3.5308156484252473,0.00013273715961381342,2.1421735512708485e-05,0.2522187053931608,3.8135138435569704e-07
player_a26f2e13fbf1,Mitchell Dijks,Defender,8,2.9234207164917496,0.0001326969539472673,0.00013400271738766512,0.2566466687717082,2.2256673466022978e-07
player_7e481d218500,Rebić,Forward,10,2.203826978801568,0.00013268239326919815,9.533051802821597e-05,0.2597635027165229,1.9693538109491318e-07
player_d8e6747686b6,Bart Nieuwkoop,Defender,10,2.9776722548375774,0.00013266069550952247,0.00019730185351569287,0.25739438849832164,2.3658981255075004e-07
player_275a0c0569e8,Rensch,Defender,8,1.711714911667066,0.00013264885909441846,0.0001407710427679052,0.2309484571233733,3.948252766053335e-08
player_54f9786a55ae,Franck Honorat,Midfielder,9,3.416490513280401,0.00013263700759723017,2.783752309182848e-06,0.24467188440698376,0.00013482876537776323
player_b311fc3b9365,Rodrigo Taddei,Midfielder,12,3.0382145912272307,0.00013255389879391846,0.0008482960742083118,0.2851329544657265,4.8578297646756066e-05
player_8c1aa3c5c6a6,Barbero,Forward,9,1.657455661694471,0.00013246620621040308,0.00016162951003933793,0.22931948989955986,1.1915197981291222e-07
player_852bf4ffbb75,William Troost-Ekong,Defender,9,3.30973890636207,0.00013243871326502714,0.00010292607729338684,0.24563312178906013,3.595454427463784e-08
player_173b9d48eaf8,Nuno Morais,Midfielder,11,3.1491416512483914,0.00013242682617114256,9.497932971512154e-05,0.2654300829469009,0.0010013135335146758
player_951f7b7091be,Mario Gavranovic,Defender,10,2.689791410918506,0.0001323745998163973,7.78378124721301e-05,0.25826131164209454,9.97546677563021e-08
player_5f8a5eaf48de,Christian Günter,Defender,9,3.4616801500407157,0.00013236710516119596,2.811461319634542e-06,0.24744276668290308,4.8786019700214536e-08
player_59f77db82f67,Dénys Bain,Defender,8,3.423332538815005,0.00013230368545336633,1.4749861645899791e-05,0.24174647552197964,2.642190859494402e-08
player_3f592b03170d,Ryad Boudebouz,Midfielder,8,3.063378270536341,0.0001322415900942047,2.2807853230702478e-05,0.23983475951608144,0.0012570615717157887
player_788fd7bc782e,Július Szöke,Midfielder,9,2.4740521570368705,0.00013220809321732834,0.0003749587233992377,0.23785555425494556,5.242769445336977e-06
player_e16c12f08df8,Darío Benedetto,Forward,8,2.4912625519404386,0.00013218306091211372,7.528441589815657e-06,0.2391713747645951,2.9332988094872162e-08
player_459588dc3122,Steven Alzate,Midfielder,9,2.6917775096269962,0.00013211609749267316,0.0001084490309283081,0.25206227128946224,3.471954338569508e-05
player_ae2f516b2b4c,Jesper Lindstrom,Forward,10,2.318609140805684,0.0001320259597860352,3.3850791979886e-05,0.259896399565134,2.3326097259046875e-07
player_2e0f935710dc,Stefan Ristovski,Defender,10,3.1405839187003233,0.00013201279612319036,5.582422622414075e-05,0.252031007751938,5.79666416191529e-08
player_b45e4dd5a042,Quinten Timber,Midfielder,10,3.2391971282045047,0.00013199683275890212,3.273788867717423e-05,0.26423927178153445,5.4130967267341125e-05
player_f0904d6ab256,Riqui Puig,Midfielder,9,2.7836458965232813,0.00013196032848415264,5.487877044734389e-05,0.2502771277250893,1.557130848298804e-05
player_0c32ba430db7,Matìas Soulé,Midfielder,8,1.9736895195140864,0.00013191373120185985,0.000394014426587852,0.21266352694924123,1.0127114885741998e-06
player_3608fb06593f,Daan Heymans,Midfielder,8,2.145043597185827,0.00013187703586611915,5.45862223856624e-05,0.225177304964539,1.5699727394358913e-06
player_01d805d6deff,Hugo Guillamón,Midfielder,8,2.3718303634043525,0.00013181964231273247,0.00024018681587492083,0.24631795866416145,8.054250392688174e-06
player_844626043e1a,Bruno Petković,Forward,10,2.5474641842352628,0.00013179916051286146,3.783344067857993e-05,0.24426012741916095,1.506095757037848e-07
player_17c399f88a29,Morgan Gibbs-White,Midfielder,9,1.7316066174387037,0.00013173349386543366,0.00023858619799716814,0.2426848202555834,9.352660491911096e-06
player_6593837d3ba4,Álvaro González,Defender,8,2.8199758941246476,0.00013171920157962612,5.6345258421979525e-05,0.2412012582349101,1.193798928066128e-08
player_2a4796ecbec0,Giorgos Kyriakopoulos,Defender,11,3.3185555378573324,0.00013159607917783542,3.3395853967594814e-05,0.25981332310446237,7.454610838549835e-08
player_f3a1bc76341d,Gregory Wüthrich,Defender,9,2.5965587779138324,0.00013153876355687403,5.3060471031264154e-05,0.2365403643559746,5.07341756467015e-09
player_b0cb46d5edf9,Siebatcheu,Forward,8,2.3875018310393807,0.0001314721935062458,6.341040050817679e-05,0.2419335635194666,5.902899120499465e-08
player_ced1553c0414,Hefti,Defender,12,2.994952536099636,0.00013137573320827343,0.00010951694220469092,0.26569037656903766,2.2942674545844068e-07
player_1364cba01e0e,Bebé,Midfielder,8,2.690538046564485,0.00013132697810802716,3.71510500905675e-05,0.22522722234537795,5.7019978819834014e-05
player_e1e39a91ba38,Suk Hyun-jun,Forward,8,2.2025234233323494,0.00013128420180786663,0.00010097967870492474,0.23746640177632347,2.7426272170440712e-08
player_a1d1035cd9af,S. Thill,Midfielder,11,2.9547098433682786,0.00013116446809829634,2.937790854998434e-05,0.263741968979168,0.0008375804329034967
player_a1dcda19ea73,Lago Junior,Midfielder,9,2.6634984366292644,0.00013108256284575907,0.00010181417294706478,0.23710618436406067,0.0009599514726317448
player_4c03c766a527,Javier Ontiveros,Midfielder,11,2.638412385336507,0.00013106564650982393,0.00020248057602316891,0.2535246412975671,2.574016806806883e-05
player_77733f26bc8b,Ben Arfa,Midfielder,11,1.995365822550664,0.00013106434321598134,0.0008385978734969828,0.26302504692252926,1.2809160040844383e-05
player_177bcc5e2cbf,Danilo Cataldi,Midfielder,10,3.505171830342425,0.00013079286632895507,1.6888022458791576e-05,0.263178344773993,0.00013231845188224758
player_9da6d718c506,Mikael Antonsson,Forward,9,2.3967658279119073,0.00013075936189750145,0.00014976754712164148,0.2514851485148515,3.679748311455341e-08
player_21cbeb80617e,Peter Crouch,Forward,8,2.6182920186390874,0.000130498316028814,7.104952872245766e-06,0.2404591444293237,1.7664767452968413e-07
player_d547f32d634f,Oleksiy Shevchenko,Goalkeeper,8,2.3545749102119435,0.00013039617371228895,0.0005040277387305251,0.2151061239612555,8.464837699765284e-08
player_9f33096a73fb,Jacori Hayes,Midfielder,11,2.681114974998285,0.00013036092998372636,0.0003555995491758115,0.2697643544639894,1.4809973783820518e-05
player_a9c955792053,Gökhan Zan,Forward,10,2.259141423431368,0.00013027835407067334,0.00045035039533625383,0.2683039545784644,5.310808989030368e-07
player_c19ccc28833b,Yadaly Diaby,Forward,10,1.8527737864256955,0.0001301613008943065,0.0006156852749731296,0.25330341560708053,2.4611402955926563e-05
player_8ec513bf1687,Wesley Moraes,Forward,8,1.8618097553402484,0.00013012512025698686,0.0002402816267940505,0.24304766461336044,3.9715655412455565e-07
player_3214bd124ffb,Jesper Gronkjaer,Defender,10,3.226990339077342,0.00013011622761028438,6.207150136169109e-05,0.2745203998919211,2.1157627753974526e-07
player_46ac1ec21d45,Alou Diarra,Forward,11,2.645899223548147,0.0001301086677075966,0.00029185603028317306,0.284913067863152,7.080801978127585e-07
player_7c3e1342812b,Qazim Laçi,Midfielder,9,3.2004582003609676,0.00013003742848108072,4.2119258019789414e-05,0.26089747704949606,6.998432552801698e-05
player_2d70f03c8946,Joachim Andersen,Defender,9,3.6427235774453193,0.0001300030011373544,7.1407647574772584e-06,0.24071551264585678,4.014237835396197e-08
player_aebe3b632c8e,Varazdat Haroyan,Defender,8,2.6889508794940635,0.0001300019833295862,2.451254850641336e-05,0.23360349485543486,1.3360883089502748e-08
player_68e5cc24a84e,Burak Yılmaz,Forward,9,2.5725861223889,0.0001299369631872616,2.1548878128056907e-05,0.2538730634682659,3.287022089950441e-07
player_65e49d98d929,Vasili Berezutski,Defender,9,3.5090213872685587,0.00012992304483525413,1.4097307079343959e-05,0.2545090180360721,6.437906992943187e-08
player_f639a81f5793,Luis Palma,Forward,10,2.323262188000647,0.00012991842950480065,0.0011909856524609684,0.2569387368021749,2.2565895984588157e-07
player_285f295e85a2,Álvaro Jiménez,Midfielder,8,2.382706230909246,0.00012989168374674274,4.124920526617918e-05,0.22258735896593274,4.0503410946318094e-05
player_f384727b8448,Karl Darlow,Goalkeeper,7,3.273761708516532,0.00012981202844154793,1.0874394292215612e-05,0.1766035112115418,3.636306791389434e-09
player_c8b477f1fa82,Suf Podgoreanu,Midfielder,10,2.9132425878696195,0.00012977253565318574,6.964727933340908e-05,0.26135048231511254,3.9079309118418365e-05
player_9e6656d4d226,Xeka,Midfielder,9,3.16568873818249,0.00012976417234387532,1.1982102295191845e-05,0.26682424003676714,4.719553032550108e-05
player_347ec8046418,Van Der Brempt,Defender,9,3.1198821612733783,0.00012967716485541485,3.3840917152348874e-05,0.2398206066328337,2.5416805234168233e-08
player_93ea82d4ea6b,Serdar Saatçı,Defender,8,2.6802793699691514,0.0001296709528628524,2.3825646173162266e-05,0.2320164421100708,6.937031564550046e-09
player_3a6c93730bf5,Tin Jedvaj,Defender,9,3.142324034840326,0.00012967092935329454,9.370097171491772e-05,0.2518123799491914,7.227862531061284e-08
player_be0f71f83e42,Philipp Max,Defender,8,2.6893829429446168,0.00012959655594351998,1.3356168490083758e-05,0.22049807389723836,3.907977089036205e-09
player_c57182e4b81a,Matt Targett,Defender,8,3.1590374942839095,0.00012946009762593105,3.117386290266423e-06,0.22023519210968406,9.92389913212076e-09
player_4b4070bf857c,Breno,Midfielder,10,2.9648815418000627,0.00012933464267708645,0.0006366215911359135,0.2866817155756208,6.068533378341236e-05
player_29e8f20d990a,William Kvist,Defender,11,2.868269150886571,0.00012931382695327312,0.00020920961561940538,0.2688364093404776,1.6426002781733254e-07
player_ed8e0319c44d,Angelo Ogbonna,Defender,9,3.571384829237098,0.00012929327326859416,9.826226052613205e-06,0.24278630742577215,2.272597669693343e-08
player_1e378301b5a3,Christian Bolanos,Midfielder,12,2.9717395647893565,0.00012928317680296954,0.0005483815494717934,0.27952403879221405,3.434109327002314e-05
player_7c48f130ba39,Lewis Dunk,Defender,8,2.9096843157521777,0.00012925968947289818,7.69601109919918e-06,0.23016367446338562,1.5700388902449396e-08
player_95ec8137d567,Yoane Wissa,Forward,8,2.7351323083329757,0.0001292529699600733,2.331321399083652e-05,0.25143847058095653,6.021002616988876e-08
player_867d4601b687,Bruno Peres,Midfielder,9,3.3186958935958923,0.00012914511039164352,9.00049792883771e-06,0.2392136088056978,0.0013869482260943262
player_a9faa4789102,Álvaro Vadillo,Midfielder,8,1.7377012059936465,0.00012911934987321639,2.3533610531132072e-05,0.22915139554553143,7.933006544030124e-06
player_19e4a5566daa,Casper Nielsen,Midfielder,11,2.7646909055192403,0.00012911434182099165,5.7509682682986206e-05,0.2520935425842069,0.00011893948556782414
player_fb122e9192b7,Nils Petersen,Forward,9,2.112653547401311,0.0001290680157896004,9.183793641219676e-05,0.23945321706339853,1.852047353329692e-07
player_73c94ed0715d,Ivan Ordets,Defender,8,2.8976306926858437,0.0001290616764610842,0.00010156016119565903,0.25669530065689744,1.0412290759238319e-07
player_9fad38bd03b2,Daley Sinkgraven,Defender,8,2.2726796451254914,0.00012870332865510815,3.908278364376934e-05,0.2277771550274633,5.837419485465677e-09
player_e240f1f970a8,Tim Lemperle,Forward,9,2.274471622696238,0.00012867585344298837,2.623446901974215e-05,0.23353637512929548,2.6715512283580175e-08
player_ea8b01b5c443,Kyriakos Savvidis,Midfielder,9,2.973099169261885,0.00012865104331182721,2.4525563962600798e-05,0.25301954924666914,3.692875105918877e-05
player_46a5916b7332,Ter Stegen,Goalkeeper,6,4.071945875457214,0.000128533615040954,2.655256721371505e-07,0.22098966829798802,4.0634846876441286e-07
player_9e77676d17b5,Gernot Trauner,Defender,8,2.9030699765081076,0.00012852876411120501,2.5847752233285707e-05,0.23456077571280157,1.0303946933042625e-08
player_0440fbdf24c6,Kortney Hause,Defender,9,2.5309059043870357,0.000128400181984042,4.784053403151859e-05,0.24227971861213785,1.9146126507126016e-08
player_a9a61835ab88,Albert Sambi Lokonga,Midfielder,8,2.858594246449406,0.00012839571178956883,1.6579295286765605e-05,0.23647154660770395,3.224104172475573e-05
player_8bb0116cc30a,Walter Gargano,Forward,9,2.1851378201024656,0.0001283187748210811,3.520901908505227e-05,0.25449308034316487,2.0055599910293407e-07
player_2701fe30d096,Tim Hoogland,Midfielder,8,2.531651727981966,0.0001282182508428078,1.1848465849246273e-05,0.23816221284575714,8.19812632258118e-06
player_2214b86790bf,Hugo Ekitike,Forward,9,2.5475747115942253,0.00012809355270007787,3.758424021586735e-05,0.2575248716811355,3.1930522379118256e-07
player_19fc597d19c0,Metzelder,Midfielder,9,3.0283452203282204,0.00012808419336514658,3.155590808306699e-05,0.25762282091917593,6.29114102920121e-05
player_1b429f0a7906,Lorenz Assignon,Defender,8,2.548322338583097,0.00012806273924326022,1.808955880036554e-05,0.22499031168687372,7.027549962726552e-09
player_47942edbe72c,Christian Maggio,Defender,10,3.376757173433587,0.00012802113827858135,2.161119903805113e-05,0.2561613614875512,7.398844462511828e-08
player_d74b251fbefa,Tyrick Mitchell,Defender,8,2.8644419795086025,0.0001280093057242783,0.0002200594170502779,0.2565494602613471,1.1592037868126029e-07
player_a132be4242c3,Taye Taiwo,Forward,10,2.433671215863093,0.00012797471695866555,0.0005679793587503952,0.2691034300092703,2.100179598561552e-06
player_c352f77c485f,Minjae Kim,Midfielder,8,3.126725313704366,0.00012787748963471446,1.496495042018635e-05,0.2650665275241325,1.8207106573132762e-05
player_54bc963ac033,D'Ambrosio,Defender,10,2.778278806822442,0.00012782898030121645,0.00010373306168347131,0.2564199634046312,2.0590645514592482e-07
player_8b217da9a2af,Leonardo Pavoletti,Forward,8,2.331468066295265,0.00012781429853170185,4.872367106308171e-06,0.2256649453051252,2.1556565324098244e-08
player_5d6ac73117cc,Dimitri Payet,Midfielder,8,3.269026228227573,0.0001278094416762438,1.9076453244424886e-06,0.24932515337423314,0.00012727560827451422
player_5305b9993c70,Samuel Di Carmine,Forward,8,1.9183637740298476,0.00012772831343174526,0.00020350743352789342,0.2557261515227788,1.0606604176286203e-07
player_4580f451eae8,Lys Mousset,Forward,9,2.123390849403049,0.0001276967664704086,0.0007756715652905201,0.25029254172568827,2.8310007163814174e-07
player_1a09ee8890e2,Wahidullah Faghir,Forward,8,1.9932925889643098,0.00012762144128584198,6.915308108827976e-05,0.23138237303575496,8.078800423923905e-09
player_805171f201c4,Giorgio Cittadini,Defender,9,1.9124762957005035,0.00012756586917060423,0.0005457651194165448,0.24223639506467187,3.165132162216787e-08
player_9c182b74a141,Giovanni Fabbian,Midfielder,10,2.995716313616594,0.0001274399444759288,0.0001269697268614508,0.2602959072567732,0.001060719206476427
player_c982c864798d,Samuel Loric,Midfielder,8,2.6741524268886745,0.00012733735602255572,7.085956245005887e-05,0.25016928285626344,2.622900810223761e-05
player_c2fbad2f86ed,Daniele Baselli,Midfielder,9,2.8588364073956645,0.00012721408128121533,3.851287527331392e-05,0.2607300955924809,0.00010591528051155302
player_0bfb455bb142,José Holebas,Defender,13,3.1643452904842055,0.00012712328400987948,6.012587193492355e-05,0.27474310438074634,7.582792840083498e-07
player_e11024b9245f,L. Nmecha,Forward,9,2.102586268323237,0.0001271088010225447,0.0002640901335226858,0.26150183385882503,1.6040598880931056e-06
player_5b340a5c6da1,Berget,Midfielder,9,2.9422709676379695,0.0001270901071080116,0.0003868993562509946,0.26828624240823873,2.6387665620947198e-05
player_29a776564bc0,Wilfried Zahibo,Midfielder,8,2.577132800343331,0.0001270717661923229,1.6694940597174594e-05,0.24730724761151343,5.024955463115712e-05
player_9d0c53a126a7,Lewis Dobbin,Forward,9,1.6169645822421486,0.00012701294490874638,0.0003328283313193504,0.23632028842239924,6.400272792006198e-06
player_d849b3e6d281,En-Nesyri,Forward,8,1.567225487236689,0.00012693153564884588,8.40543859923819e-05,0.23322812051649927,2.5380111073340127e-07
player_16e052c58a8a,Morgan Amalfitano,Midfielder,11,3.0115086028401286,0.00012690266642357894,4.870852174573882e-05,0.26819771662377084,4.8844953228554686e-05
player_5f88a9cfd22e,André-Pierre Gignac,Midfielder,9,2.978488936257106,0.0001267857448304692,7.360068518129893e-06,0.25829414007881024,5.485236737811679e-05
player_519aab4ee24b,Kristoffer Klaesson,Goalkeeper,8,3.5786078570374236,0.00012673698390598155,0.00016605767971398255,0.21424429332068112,2.1982863196897246e-07
player_56e07fdb35aa,Jurado,Midfielder,11,3.2260998057694894,0.00012671588779948818,2.4595526783565866e-05,0.2716940767482284,0.0009995340846812011
player_ec8225af0776,Andrade,Defender,9,3.1364955289773064,0.00012665837053597582,2.71494156582382e-05,0.2647902006776127,1.833489631486344e-07
player_a8c09e6d4687,Dwight Gayle,Forward,8,1.6604398655225965,0.00012664173739335152,0.00018267231296399355,0.2353213665315576,1.044040158577825e-07
player_03efe05c525c,Martin Braithwaite,Forward,8,2.2520770820856284,0.00012659600511368693,0.00011450981756580928,0.2470516717325228,4.51207586643155e-08
player_52249921f382,Óscar de Marcos,Defender,9,2.929014168177049,0.00012659277499456952,0.00012444248428618675,0.2629399585921325,4.566517901292366e-08
player_e38bced0076e,Charles Kaboré,Midfielder,8,2.215494680654969,0.00012657871782143103,8.44696905609227e-05,0.26610790990047145,2.4765893142792474e-06
player_4ecfc52368ea,Aleksei Berezutski,Forward,10,2.513398847210019,0.00012653459762195575,0.0012567470411531925,0.28348214285714285,1.0681088381525109e-05
player_dece84b7594d,Sergio Sanchez,Defender,8,3.215577767291135,0.0001264660478204479,5.1012388529298705e-05,0.25243803962979067,4.497346940502812e-08
player_e213e0e527ca,Adam Ounas,Midfielder,9,2.7886831608580445,0.0001263815983313019,1.3960313338922288e-05,0.23660922217047042,0.00011363097264772738
player_5860afa0ff65,Weligton,Forward,9,2.1967104818963397,0.00012634308371300073,4.6068056696044466e-05,0.25286212045793927,7.091618137185525e-08
player_8451c34aa6ff,Matteo Dams,Midfielder,9,2.870814404153388,0.0001263337925278613,2.290489804776692e-05,0.24757843435881816,7.308324152807332e-05
player_58aa30a3e2e6,Nicola Murru,Defender,8,2.535892241662651,0.0001263318270432275,0.00012650271393795535,0.24706669098425435,2.1485144845958407e-07
player_ef37e8c20fde,Nicola Sansone,Forward,8,2.3052666965314024,0.00012627004323822002,5.719225098296223e-06,0.22899645010424297,2.5838800346501478e-08
player_461b9e7dea9b,Florian Grillitsch,Midfielder,8,3.0235833362118076,0.00012621499387516352,3.319197026361136e-05,0.25371457110750406,7.159765035474964e-05
player_399d4add491e,Omar Faraj,Forward,8,1.6075206823187291,0.00012609613151442386,0.00029138751298616884,0.2552443160406984,3.4301487193272837e-07
player_00654cda97c3,Marcelo Saracchi,Defender,10,2.80124506842555,0.00012604204275589012,0.0001739568208796365,0.2579989842559675,8.698083267304804e-08
player_bc4e58498547,Emerson Royal,Goalkeeper,6,3.7261506195795824,0.00012599917494033157,6.44243589906758e-07,0.1953188830681982,2.812204094724366e-08
player_49a9a1f82972,Miguel Layún,Defender,9,2.4496683152082857,0.00012592479691269856,5.378723162836721e-05,0.2510656699820844,8.582969757465244e-08
player_dde402be06bf,Nico Pareja,Defender,8,2.8863520138775183,0.00012586634876443327,9.892877844802154e-06,0.23972158320061346,1.2094516149047788e-08
player_07d528ba51c2,Mambimbi,Forward,8,1.6654372150275571,0.00012566804137771742,0.00041252081739544553,0.24882140451845955,4.6525873624798075e-07
player_d00efe9b48c0,James Ward-Prowse,Midfielder,9,3.031924063219124,0.00012566092581056315,6.318336465573014e-06,0.23915730006473254,6.138921788272304e-05
player_5aaaca0ad89e,Iñigo Pérez,Midfielder,8,2.2679113178145567,0.00012563410078963693,3.501572733553612e-05,0.21425558835934205,7.500255440004251e-07
player_05cfcfeb4d4e,Roberto Soriano,Midfielder,10,3.112102679786108,0.00012555951609170385,2.536365713566907e-05,0.24666181111920368,4.849986512964725e-05
player_33629ced8774,Jacopo Sala,Defender,9,2.931132333027315,0.0001255174068651853,1.8926052063145985e-05,0.24217865443060604,1.9830686311893016e-08
player_32d21cc44fd1,Kevin Stöger,Midfielder,8,2.2074236961124383,0.0001255151714496335,0.00010406749435009915,0.2237515828882894,4.024777908955335e-06
player_1a857322f6ce,Jimmy Cabot,Midfielder,8,3.2128904016356574,0.00012548605301778627,9.24723198299552e-06,0.24961611694613353,8.778329970265802e-05
player_36b9f0809855,Steven Pienaar,Forward,10,2.4892162014650503,0.00012547361202300942,2.3492138185015288e-05,0.26002943246528887,9.27712950248618e-08
player_f243fda560da,Simon Kjær,Defender,9,3.133224719078369,0.00012542976541507516,2.4091517105642333e-05,0.2361006216231918,1.729561613759669e-08
player_3e24ccc24989,Kaan Kairinen,Midfielder,9,2.718120988088536,0.00012542163435205726,2.0695059056600706e-05,0.2511898139563632,2.1553887694976254e-05
player_c0c22246908f,Giannis Maniatis,Defender,9,3.0098378643040733,0.00012535401881728873,1.513121165854148e-05,0.25057031876194585,3.568433660489009e-08
player_90c66fe87098,Oleksandr Zubkov,Midfielder,8,2.7484380658226613,0.00012523061076650307,2.014895584672894e-05,0.24255446135481945,6.50856094540842e-05
player_130f78d680e6,Kamil Grabara,Goalkeeper,9,2.270671627202641,0.0001250239356943681,0.0008852273935772959,0.2516097077761268,6.47950619053536e-07
player_da354962e11f,Sebastian Griesbeck,Defender,8,3.036510310711216,0.00012491697687423364,9.251808672723428e-06,0.23757745820180054,2.0863505676250457e-08
player_1514a6806671,De Bruyne,Midfielder,11,2.6502452689123897,0.00012484536709813068,0.0008602664034925399,0.28362062949263733,0.0008791833103916567
player_391c348778d7,Nico O’Reilly,Defender,8,2.9342068620022426,0.0001247734292670175,4.217907777554048e-06,0.23665055610551447,2.3726661931959586e-08
player_8dad21924f80,Douglas Santos,Defender,9,3.067958026375812,0.0001246836563286571,1.2269991209278058e-05,0.25168761999132966,4.014992587407383e-08
player_ffbd19ffd6d9,Cheikhou Kouyaté,Midfielder,8,2.944473311898584,0.00012466233893386645,9.141953003954266e-06,0.2432804549536067,0.00013226526761243276
player_810a50a04a6b,Chistiakov,Defender,8,2.3432925784060714,0.0001246349697189222,0.00010260934115965118,0.25425425425425424,3.7973941100908316e-08
player_f4e1b0df6006,Zeki Çelik,Defender,8,3.3118837858183134,0.00012456572615021405,5.295720383367269e-06,0.23496762257169287,1.8413696762234237e-08
player_5ba676a0b027,Joan Capdevila,Forward,9,1.982979323787962,0.0001245305433476644,4.734852358069821e-05,0.24189036366882924,5.1885756187141256e-08
player_d2f4317b2624,William Gallas,Midfielder,10,2.9290406881550295,0.00012445046206050047,2.7512339744357173e-05,0.27466882941335496,8.110209661791332e-05
player_d9bf62e7b557,Facundo Ferreyra,Forward,9,2.218351006380322,0.0001243586529638278,0.0003355038367109482,0.2667366762929903,9.88201286515433e-07
player_eef51dfd72c3,E. Hazard,Forward,8,1.7485932093510497,0.00012429694410909166,6.184026464032984e-05,0.2402459210215181,4.876788376079338e-07
player_edd78fbca3f1,Panagiotis Retsos,Defender,8,2.5105829888468985,0.00012419531827245672,2.0643727020308205e-05,0.22999434069043576,7.318770233184808e-09
player_2bfa23c061a1,CJ Egan-Riley,Defender,8,2.113032306212777,0.00012417693492293544,8.12107286709088e-05,0.2379669750556271,5.34412396313281e-09
player_b73ac60e88a7,Gustav Isaksen,Forward,7,2.4266721646547893,0.00012404985733913552,3.034635656481309e-05,0.25184358926690215,1.8840131302228527e-07
player_b9558b5eb5fc,Ludovic Blas,Midfielder,8,2.967260655051842,0.0001239950553775877,8.50366115553316e-06,0.24501115331283535,0.00010836382512162113
player_24d9cfb5de2f,Vladimir Bystrov,Midfielder,10,2.8103536152728736,0.0001239282126803693,0.00013399410015097767,0.27012296444001327,7.137745787601811e-05
player_5bffdb35174f,Giulio Donati,Defender,11,2.7546770183081595,0.00012392394063283636,0.0006721928092807595,0.2831661092530658,2.527930245278815e-06
player_f0715f7b7bdc,Silvan Widmer,Midfielder,8,2.9299879154631725,0.000123835885550575,1.858823999218653e-05,0.246811611806146,0.00014221869825193408
player_5b24672708b3,Tolga Zengin,Midfielder,8,3.074839167947978,0.00012380255205699564,4.138633368492374e-06,0.23860967590418036,0.00014020761519360506
player_b3c72f62cc4b,Diego Forlán,Midfielder,8,2.200658896867511,0.0001237381669059641,0.00010286646022184269,0.27207605275490393,7.841763110927866e-06
player_2fcc2e3f349a,Sébastien Corchia,Defender,9,2.70196892487026,0.00012369461690514644,1.9222547346213502e-05,0.2297343131712832,1.0415648573473255e-08
player_cc1f07d544d1,Erik Pieters,Defender,8,2.8437070508682587,0.00012362480610982572,5.8883507997578355e-06,0.22836592492694988,1.096828371129397e-08
player_0ac7e0d97ea0,Moriba,Midfielder,8,1.5607142267668674,0.00012361636751929758,0.00014381898208830075,0.24957013018914273,8.994085914307036e-06
player_46d03ff7e303,Josip Mišić,Midfielder,8,2.8497170549244504,0.0001233504858910334,2.681061571072947e-05,0.24733735013085023,1.3067054106489283e-05
player_d9b3ca7eba0d,Silvère Ganvoula,Defender,8,2.4253457297910344,0.00012333933600185506,0.00018971120005772675,0.253635399113774,4.5764110709354816e-08
player_3fd29c377828,Francesco Magnanelli,Midfielder,8,2.7691586914117234,0.00012328648328089817,5.469795108202391e-05,0.25911757204794694,7.399844296853973e-05
player_79e15281ec35,Gaël Kakuta,Midfielder,7,2.8253696793244516,0.00012308614939564723,2.696170954764529e-06,0.23637526900482755,7.585313005552116e-05
player_8eb78431616c,Levi Lumeka,Midfielder,8,2.082697149110678,0.00012305448007740645,0.00012030727178816395,0.2181662014172214,2.3162658901264937e-06
player_1c3d6bf773d2,Romeo Vermant,Midfielder,9,1.8353763727540962,0.00012297268780976027,0.000691377912589662,0.251469587278015,8.750715558335758e-07
player_f1eca1296b22,Nigel de Jong,Midfielder,9,2.668971836756776,0.00012295750058813782,1.6303963873075294e-05,0.2547163898464431,1.5899035556458844e-05
player_15612dd1305e,Ibrahim Afellay,Midfielder,10,2.6677999466484517,0.00012286854389698405,6.602713233448188e-05,0.2603792926704254,9.606403457170365e-05
player_16603586f1ea,Anrie Chase,Defender,9,3.135048041022947,0.00012283521735777274,1.0769863336609071e-05,0.2522656734947238,6.947655758701158e-08
player_9320b3bacb0f,András Schäfer,Midfielder,10,2.871415308881799,0.0001228305803667159,0.0005778921766009702,0.2828507795100223,7.85731675957525e-05
player_6d413a80d2df,Farid Boulaya,Forward,8,2.1101176955826246,0.00012281226089750618,7.40890822893832e-05,0.24070125562662875,3.07442364586548e-08
player_4f55f6b52aff,Riccardo Gagliolo,Defender,8,2.709816413604045,0.00012277337758556705,4.1014187707185066e-05,0.23673326731519775,1.3647402483898991e-08
player_598c6033dd34,Heaton,Goalkeeper,8,2.507307612152484,0.00012274798260386338,0.00020888816538964283,0.22884171406047638,6.569029520317389e-07
player_09fb89b17c4b,Juan Agudelo,Defender,11,2.295891214248626,0.00012266601706496712,0.0012964573075859695,0.3008364793841143,1.5511779007745346e-05
player_94977695d9c2,Lukas Kačavenda,Forward,9,1.6838354894464884,0.00012253304988937998,0.000474193369048251,0.25831055742706416,1.5466488815296187e-05
player_484c6f266c5e,Morgan Schneiderlin,Midfielder,9,2.6363681254176052,0.00012252443063427894,2.1184725543157163e-05,0.2566466687717082,4.1051754665402086e-05
player_f6766042f451,Junior Adamu,Forward,8,1.92361914739197,0.00012252380928636392,0.0001441132709264477,0.23574453274551888,2.5050981400756706e-08
player_5a7b054a9b2a,Silas,Forward,9,2.3534154661353357,0.00012252303882868333,0.00021924773060147672,0.2567277321541377,4.94307990413386e-08
player_aed0f3e4ee65,Alexander Frei,Midfielder,9,2.808440463780556,0.0001222897163730029,5.433644289383386e-05,0.2671926364234056,7.574610613465857e-05
player_913e3c4ecd73,Juan Sánchez,Midfielder,8,1.5983578957974998,0.00012215314883627987,7.144311111574756e-05,0.23529411764705882,6.96592090777715e-06
player_8f452982af58,Victor Froholdt,Midfielder,9,2.3792014601559814,0.00012208097780099794,4.2160613086139313e-05,0.26802084020312605,1.5362382865341518e-05
player_1781864ca981,Craig Dawson,Defender,8,2.630976089640135,0.00012206757412223311,1.5334709617891692e-05,0.23007246376811594,1.0221598686396704e-08
player_3be094008c21,Raúl González,Forward,8,1.9357751055314447,0.0001220656435993358,0.00012713697569391032,0.2520935425842069,9.433537551172143e-08
player_b6898c31b901,Oscar Wendt,Defender,9,2.649911246692976,0.00012192350818783976,0.00014640325807931223,0.26133367629091375,4.744168200166124e-08
player_ffbd17cea80f,Matías Dituro,Goalkeeper,8,3.3302038278870625,0.00012191346887642314,3.266098701409413e-05,0.20934425385051253,2.246822648212187e-08
player_cc1ee6b1df60,Kuznetsov,Forward,8,1.537847788280418,0.0001218469999096654,0.00012618459904001328,0.22775162519614436,6.222574814238559e-08
player_ff980d998b6a,Jordan Ferri,Midfielder,10,3.0556732689644353,0.00012184525280237865,6.279144233830138e-06,0.2430912788611078,2.509829445673532e-05
player_d70dd38a0499,Baptiste Santamaria,Midfielder,8,2.3912165732144897,0.0001216397301908819,0.00010925536941959296,0.23544406465442327,6.548982011953884e-06
player_a404f959032c,Konstantin Zyrianov,Forward,9,2.2399935112704252,0.00012162504533438619,9.315774020191224e-05,0.2651184030269424,3.520540526277653e-07
player_4db2e1c94577,Arboleda,Defender,8,2.2415661672300944,0.00012146453047511574,3.8703428833986054e-05,0.23685744259237673,1.0990643377552139e-08
player_52bf3c6c8aa1,Przemys?aw Frankowski,Defender,8,3.0275003575219475,0.00012135762140181043,1.4357896689903461e-05,0.22471661598009401,1.7280160123666087e-08
player_ddd07df1af07,Cristian Ansaldi,Midfielder,8,2.643365645678791,0.00012134952920651005,2.6144594613329656e-05,0.255951631187807,0.00010983773156413621
player_792a969f05ec,Tyler Onyango,Midfielder,8,1.5434330785623616,0.0001213397305866336,0.0001697314770960516,0.24406942525974415,4.023569059617866e-07
player_c49f95368944,Morgan Rogers,Midfielder,9,3.0041531057872715,0.00012132313539297177,6.284907999623111e-05,0.25767182348465634,6.472499160016629e-05
player_b887e1606bf2,Daniel Maldini,Forward,8,1.565379893033774,0.00012122058485050115,0.0003435706051306449,0.2200324851109908,6.2203419255235175e-09
player_4afc645fda91,Roland Sallai,Midfielder,8,2.8127225681421195,0.00012117368243045023,1.1931354928995873e-05,0.23678844024937365,5.59298229862375e-05
player_2db313fabca5,Tetê,Forward,9,2.6114383951904023,0.00012113862425866171,4.947202075952234e-05,0.266701666885418,2.686667216060295e-07
player_33b06a03585f,Chinedu Obasi,Midfielder,9,2.72896140721716,0.00012111610520104877,2.879604409699419e-05,0.24551440826436297,2.080312423510898e-05
player_dc97d66c57b3,Gennaro Gattuso,Midfielder,8,1.8626728267753705,0.00012105589911644377,3.1913892719616835e-05,0.2533665835411471,2.0358003774920085e-05
player_bbad900e63b4,Cristiano,Defender,9,2.478976152922715,0.0001210080305049001,3.670928225871179e-05,0.2446129770073432,2.2923855383935548e-08
player_698ca4f98ff0,David Albelda,Defender,11,2.7874286197853126,0.00012090812048992525,0.0005827900434854631,0.28173310225303294,1.65878739440858e-06
player_659076b337d1,Masaya Okugawa,Midfielder,8,2.637574365530483,0.00012086647458472424,2.3708893299433093e-05,0.21659649309811863,0.0010255930713824483
player_c4ad0dff19ea,Ryan Hollingshead,Midfielder,7,2.712982280533102,0.00012081808071571782,1.0213871470585674e-05,0.2608639835676231,3.937732940089129e-05
player_efee862e0fcc,Stefano Sabelli,Defender,9,2.261976518454751,0.00012076509803186645,9.681045019617655e-05,0.2327605956471936,1.1420676560289009e-08
player_a1aa6cd8a22e,Lassana Coulibaly,Midfielder,8,2.933351129096544,0.00012075595774671338,6.0477294499394105e-06,0.24051606794105462,0.0001043112931840988
player_e49ff3755aa3,Delano Burgzorg,Forward,9,2.003856062238664,0.00012074741149299554,0.0003656781283942928,0.2648764909079059,4.227014805839767e-06
player_ae80b6d5eb18,Johan Gastien,Midfielder,8,2.6255709267175513,0.00012066346845113619,5.370727097413931e-05,0.24915701060633927,1.3902654846655442e-05
player_fb4dffc5df78,Raúl de Tomás,Forward,8,2.2127888465199557,0.00012064661640934191,3.423726498666656e-05,0.26338302009073233,4.1947812917566234e-07
player_e0cd6554a520,Ashley Fletcher,Forward,9,1.806875699627278,0.00012054312089710561,6.400020963771302e-05,0.24137316624101682,8.83880115661048e-08
player_5fa0742d54e6,Tino Kadewere,Forward,8,2.0675085185126285,0.00012048554297792901,9.614084416178717e-05,0.24929456508403877,1.0975197293925701e-07
player_a8e0b6d5ab41,Emmanuel Amankwaa Akurugu,Defender,10,2.475233994448506,0.00012044612035990303,0.0002645616812054615,0.2792167639986259,1.49493058299077e-06
player_9d5e3ecdeb4c,Kevin,Defender,9,2.4955398516765763,0.00012030187301757578,0.00024752892232284235,0.2640675763482781,7.832808211871281e-08
player_00bfbae28b74,Bürgy,Defender,8,2.623923138745401,0.00012026664296877973,1.3274245561054645e-05,0.2442014180987862,1.6882158283660375e-08
player_6644a0fa8ebb,Gabriel Silva,Defender,8,2.6748314408120075,0.00012019265714917018,8.355901369832295e-06,0.2158372722927399,4.371824643234067e-09
player_c6d206f70957,Dina Ebimbe,Midfielder,8,2.0175935603409707,0.0001200153209472102,0.0001181827763554185,0.21231910558487016,1.419113886227825e-07
player_bf0864c51cf1,Dominik Kohr,Midfielder,8,2.4051409757980395,0.00011999424243300298,2.193002417395712e-05,0.25201537889123155,2.4062781815626278e-05
player_e1688e5bed2f,Allan Nyom,Defender,8,2.681755432963117,0.00011998393984983613,6.508517904247342e-05,0.24178962398857687,2.202242367649329e-08
player_8e563d0ace45,Kaide Gordon,Forward,9,1.8554983087596795,0.00011994330382556151,0.00016020366031997354,0.2674387996841274,1.4443135042343708e-06
player_2ddf018d6c4e,Azmoun,Forward,9,2.3917571756105946,0.00011990829895698775,2.224554991906017e-05,0.24733735013085023,4.9930467065533746e-08
player_04e61100899f,Emile Smith Rowe,Midfielder,8,2.514979005149409,0.00011983252149175126,1.3370313314047772e-05,0.23616922361692236,6.974203797748479e-05
player_ff9440d2a7a5,Rafiki Said Ahamada,Midfielder,9,2.2068596098059095,0.00011978823512356237,5.783550163078452e-05,0.2363065472729387,2.3214007461643084e-05
player_550b7ab8a00e,Clément Grenier,Midfielder,12,2.249364547213649,0.00011976014434169995,0.0006480033379921653,0.2834426000836937,8.22279130253777e-06
player_abb9a26b4ea1,Balanta,Midfielder,10,2.4033093182442635,0.00011972027373990206,0.0004438350153550564,0.27068069801518585,3.1177467761468736e-05
player_22df78a6fa63,Anthony Ujah,Forward,8,1.870975890855636,0.00011967116234724636,3.283170773905068e-05,0.2383298146844945,2.265689338608981e-08
player_f0c51d13e745,Matteo Lovato,Defender,10,2.394954768180174,0.0001196670643050544,0.00013754896827666916,0.24833486098380692,1.3319891451671114e-08
player_a36f3380b794,Pedro Porro,Defender,10,2.5222584381196,0.00011947845503335562,0.00017012036657188876,0.27218538610943677,1.0019179206641828e-07
player_fe5f8a59315e,Sierro,Midfielder,10,2.376155798473329,0.00011941790744944691,9.855465129169902e-05,0.25821208463053563,5.068539701081499e-05
player_fea590125360,Derek Mazou-Sacko,Midfielder,8,1.5640412228585046,0.00011935782316208499,0.0002721789913807471,0.25582273700113306,5.146314217696088e-07
player_71e099e35bbc,Cristo,Defender,8,1.9488731799971006,0.0001192638627888544,0.00027644280291413026,0.24748797271786127,5.299046166585874e-07
player_ff8d8d7c6d9a,Gervinho,Forward,10,2.1628081866868336,0.00011926148254831108,0.00019832664023890264,0.269871837439405,1.49387398120784e-07
player_d6ecf44974e2,Dentinho,Midfielder,8,1.4615136546446426,0.00011920417052930249,0.00011197658808001966,0.25033879512135027,1.0600498603390328e-05
player_09bd9c0a655a,Juanpe,Defender,9,2.3512169203692763,0.00011919801078721378,9.44552200472831e-05,0.25739438849832164,2.0677614542621864e-07
player_faa909b5d2f2,Arthur Masuaku,Midfielder,9,2.813400631662851,0.00011905188116593287,6.087758202109529e-06,0.23614177803602557,5.7120902192020624e-05
player_2da9cd653f63,Doni,Midfielder,9,2.207827668990954,0.0001190176499501451,0.00019242798191091356,0.26098124839455433,7.333736833546393e-06
player_9f43f0450c79,Mæhle,Defender,9,3.0681428880050006,0.00011900020368356558,1.1360008884414539e-05,0.25449308034316487,5.130899944396621e-08
player_3a5c9c53550f,Savvas Poursaitidis,Forward,9,2.0873960923408417,0.00011898634174843003,4.380899287986125e-05,0.25801536410386644,1.9513675201813647e-07
player_68fbd143026c,Cherif Ndiaye,Midfielder,9,2.5236065619705026,0.00011890594237732503,7.961922107765657e-05,0.25243803962979067,0.0010034283759898716
player_078c007bd92d,Diego,Forward,8,2.0394229600073217,0.00011889234502264893,1.5964657816650454e-05,0.26148500836443184,2.693321336105555e-07
player_74f2f3594ae2,Shoretire,Midfielder,8,1.5517967840173283,0.00011888294943052653,0.0001314188957707948,0.2521717547778605,1.0378497690372461e-05
player_8a02eff9448c,Ibrahim Amadou,Midfielder,9,2.8197700487581847,0.00011888189193935163,6.008544619769228e-05,0.26375908618899274,6.188069641281511e-05
player_cb2a6b634f36,Coke,Defender,10,2.1955133797472772,0.00011870401975176475,0.0003420298705932433,0.2706626706626707,5.219386371041377e-07
player_ad2565f05d84,McKennie,Midfielder,8,2.6602385242149658,0.00011864237426172211,5.779889079476012e-05,0.2519997519687481,5.66637963900708e-05
player_58167a8673f7,Alberto Grassi,Midfielder,8,2.6686551060258257,0.00011851844061840552,6.872853648370991e-06,0.2330542493405207,1.550237882582412e-05
player_8e57beea2c07,Steven Berghuis,Forward,8,2.1185636353367956,0.00011851072964734135,1.9507270745509408e-05,0.25265775567298726,1.2635140518196672e-07
player_ca64316c32b0,J. Timber,Midfielder,8,2.58561737228228,0.00011849969940548174,8.077222939863602e-06,0.259514687100894,3.269990629203872e-05
player_c1d8b4bde546,Mehdi Bourabia,Midfielder,9,2.312325634873951,0.0001184991710280651,0.0002452104797638413,0.26221046519130264,1.8338512565286584e-05
player_f6949ad7f3f5,Sven Kums,Forward,8,2.2415076986665676,0.00011848001963949613,8.679991340283694e-06,0.253635399113774,1.257146636682392e-07
player_9714e70da4ca,Nathan Redmond,Midfielder,8,2.8444241866896287,0.00011846502585399982,1.281432525552388e-05,0.24003307542377886,0.0012812759668997915
player_076f1aba39ed,Tony Springett,Midfielder,8,2.06859350887112,0.0001182227549127731,4.506416645684256e-05,0.23519879622663348,1.6239406093565254e-05
player_8289a2f785d8,Estanis,Forward,8,1.4123008031067636,0.0001182061166296192,0.00012760856518204217,0.2344931048410363,3.1528145715949095e-07
player_3e2f455740a8,Sergey Chepchugov,Midfielder,8,2.1032616649315825,0.00011816926907845602,0.00014819791874593591,0.27317335484304633,1.1272383219604304e-05
player_3d145f182615,Sutormin,Midfielder,9,2.6009831752904846,0.00011814394697393939,6.950018056789341e-05,0.2540793998124414,4.4606518758168474e-05
player_ba4c9dc1d18f,Mario Balotelli,Forward,8,2.0146529196781824,0.00011811289358686924,1.5114141208857073e-05,0.23005943956977074,2.7133929832777228e-08
player_c43f74e81158,Séamus Coleman,Defender,8,3.219492914863951,0.00011811133211923712,5.388667070110673e-06,0.23767471781975555,4.68802257754434e-08
player_384a03c68c24,Andrea Conti,Defender,9,2.839157161760879,0.00011809156428091794,5.494198821262256e-06,0.2514540279668358,4.3065516872554534e-08
player_c6b10f571fcd,Yusuf Yazıcı,Midfielder,9,2.252433968950942,0.00011809043129623904,6.753075334812069e-05,0.24812259600708225,7.7154511185804e-06
player_c498ed87a862,Reiss Nelson,Forward,8,1.752786693578549,0.00011800465103497382,0.0005943386585353006,0.25671151538121406,5.0602941846237435e-08
player_8d4e2459d7ea,Jakub Jankto,Midfielder,8,1.919913013036505,0.00011789147494850353,4.630718735282178e-05,0.22698838248436104,1.8020530436997986e-06
player_442e94a499df,Paolo Cannavaro,Defender,11,2.754275681717028,0.00011786992263381277,0.0006744166448319092,0.283008356545961,2.42268538818735e-06
player_db0281841709,Morgan De Sanctis,Forward,10,2.3294895251348713,0.00011772530801960437,0.00011160212898543295,0.26756205148462703,3.7971204149261196e-07
player_300b47c5bca2,Benjamin Hübner,Defender,8,2.318051497865537,0.00011769295409981426,0.00011693192229356426,0.25070943861813694,2.059603441883296e-08
player_97521ac610ac,Chris-Kévin Nadje,Forward,8,1.501162550923555,0.00011765258722728892,0.0002549067788418773,0.24232305765905432,4.899277665952964e-07
player_0272fcc8cdc9,Youssoufa Moukoko,Forward,8,1.788179718216132,0.00011758539972050959,0.0006787859650919401,0.25457278877474315,2.020755226197576e-07
player_12231a3a7deb,Benoît Costil,Goalkeeper,6,2.8359790776904026,0.00011747836496470157,3.937192158461785e-06,0.18564706957197022,5.520290814311818e-09
player_79c08c1b7f4d,Zabarnyi,Defender,10,2.7046508150493658,0.00011747581675062625,5.885590902373341e-05,0.25893596686842946,1.590778856589616e-07
player_30c5ea940a59,Choupo-Moting,Midfielder,10,2.24067739123718,0.0001174494267526172,2.9976263555872485e-05,0.2657077476299444,2.75655835781316e-05
player_e850f2d5a822,Endrick,Forward,10,2.069258842450713,0.00011739161229601733,0.0001463199458417653,0.2764437793347391,4.331952663183947e-07
player_18577cdfeae0,Dennis Appiah,Defender,7,2.525501640520318,0.000117346677923164,8.198826448330642e-06,0.22318633642704158,7.3659275493837005e-09
player_bd92f1e922f9,Manuel Riemann,Goalkeeper,8,3.087702320528976,0.00011721746042672588,2.1209854042048764e-05,0.21010184562890968,2.8384091505966542e-08
player_f89a785916c5,Manuel Lanzini,Midfielder,8,2.862059860565389,0.00011719113303757024,4.582081101049694e-05,0.25854061963229213,0.00010333611813936009
player_e683846b0af8,Laurent Depoitre,Forward,7,1.9150189542418916,0.00011718695812227539,1.6297651786241797e-05,0.24424544744275498,1.7081953561224486e-07
player_99db8a33b6ec,Fabio Miretti,Midfielder,8,1.8487889992661974,0.00011712448000093489,0.000427087346539247,0.23341565676870943,1.7885091438975516e-06
player_038a47c18c36,Makoto Hasebe,Defender,8,3.058911853823749,0.00011711426035586063,4.780712219799642e-06,0.2347233452697239,1.7691403961288863e-08
player_e5ac76668dd1,Arber Zeneli,Midfielder,7,2.074363832994396,0.00011705714922907197,4.182136849840355e-05,0.22826331161536734,4.0613767611437555e-06
player_b3d1430d7b38,Kevin Mbabu,Defender,7,2.3143726348137994,0.00011701805583457837,1.220921105690385e-06,0.21357998738700862,2.6583758269740318e-09
player_1892a2f1c0c8,Alfred Duncan,Midfielder,8,2.7885757089459613,0.00011699338969949389,2.00319738904216e-05,0.2419047619047619,0.00010439858114237638
player_3e9eae27406f,Igor Denisov,Forward,9,2.036105215153135,0.00011692175289917278,5.381445979216769e-05,0.2640847358502827,2.215183578281574e-07
player_087cd86fedac,Ben Foster,Goalkeeper,5,2.5560979855380963,0.00011661887614388574,2.4224759254342533e-08,0.17759133018703024,7.560708709279559e-10
player_30d69d863dde,Julien,Defender,8,1.5481417379020943,0.00011656993920863273,0.00012390535118109693,0.2263310314101136,2.9508249002568795e-08
player_5cd0d4dc7d45,Kevin Wimmer,Defender,8,2.923937541634353,0.00011647716332216832,2.7558414302526625e-05,0.25831055742706416,2.588089141544034e-07
player_fdceacc984e9,Bruno Tabata,Defender,10,2.4531340304327682,0.00011634324198257404,0.0007490000275947633,0.2829295460874408,1.970065248920021e-05
player_405092b1a639,Cristian Volpato,Midfielder,9,2.078360460636764,0.00011628815589504241,6.284572162147464e-05,0.2605128205128205,2.437281915779693e-05
player_d66162f9eff4,Adama Soumaoro,Defender,9,3.07734808879821,0.00011613228385011607,1.5851507467484424e-05,0.2335900678238878,1.691299668437245e-08
player_d9ded41af18f,Wilson Manafá,Defender,10,2.6962375441015447,0.00011609925396267171,6.971930327687604e-05,0.26842800528401584,1.0737929033559302e-07
player_78ff26dd22a0,Scott Caldwell,Defender,9,2.7770474071539066,0.0001160555823794976,9.414366894745227e-06,0.2545887364530477,5.910865258147551e-08
player_c4a86e28b97e,Orbelín Pineda,Forward,7,2.042935010152347,0.00011603795625136709,0.00018613973502988238,0.2562259630540319,2.7156102562805613e-07
player_73421d5f292c,Rakitskyy,Defender,9,2.429506405809783,0.0001160000113931005,1.0733178848235906e-05,0.24294595887135342,1.5230957429503893e-08
player_cc1e4c1e31fb,Héctor Fort,Defender,9,2.4646080035635762,0.00011582507491696804,0.00027891265910006297,0.25020008619097456,1.969331712465793e-08
player_a6b799cfaef8,Salvatore Aronica,Forward,8,1.866561593405501,0.00011580443338596688,7.232685718119469e-05,0.25354045792001995,4.6073840439639946e-08
player_b5bdb19a3c80,Tranquillo Barnetta,Defender,8,2.629929010565709,0.00011579608951190292,1.6964084930943438e-05,0.23999055155308846,1.096315015028193e-08
player_1d47f6a03374,Yevhen Konoplyanka,Forward,8,1.9969435324323062,0.00011539433079674227,8.580227382299786e-06,0.24880617117668666,2.1421588703990119e-07
player_e01084966f67,Jonathan Silva,Defender,8,1.775908867749374,0.00011538858038951096,0.0002884602024854756,0.2370785205926963,6.651892508025244e-08
player_4e4cf597f173,Craig Cathcart,Defender,8,2.8512962157377215,0.00011533534756252679,1.0321612280860334e-05,0.24339701742828054,1.8623335041112728e-08
player_4ac2ef7d3c8e,Riccardo Fiamozzi,Defender,8,2.834875499255591,0.00011531538132069453,5.814504966021329e-06,0.2411297021478581,2.4227924950161938e-08
player_c7d37808e7b3,Ismail Jakobs,Midfielder,7,2.5287343346641524,0.00011502420413077178,2.7328010561892847e-06,0.2451441669682712,0.0011659257761827027
player_dc0a5b1358e4,Hyunjun,Defender,9,2.973556130105141,0.00011491313062044403,3.813461364343057e-05,0.2572966128521684,1.6655063808837823e-07
player_39ad87fe76aa,Domenico Berardi,Midfielder,8,2.6134734018522345,0.00011490277687263914,5.584570364553347e-06,0.24148790777823995,7.805834561510143e-05
player_af0bcf07c495,Jakub Blaszczykowski,Defender,9,2.5334245875824917,0.00011481317099720832,1.8959640139109742e-05,0.25095714462146473,2.9093905318049793e-08
player_7c9c71114e3c,Vitão,Defender,9,2.6998062589338647,0.00011477198856461946,3.23856876603341e-05,0.2570037311073168,3.883616689416512e-08
player_e5b20f5729b5,Nathaniel Clyne,Defender,8,2.771734214976534,0.00011468181771370046,8.780352757513681e-06,0.2306208148904778,1.7271096227893417e-08
player_0c327312862a,Simon Banza,Forward,8,2.032384201067815,0.00011467748935820542,2.531341845800633e-05,0.25428607183080965,2.3028754147404006e-07
player_07b21601ccd5,Elhadji Dieye,Forward,8,1.4925205995930706,0.00011440031624023557,0.00016355552024913442,0.24759351772876811,4.544203397511403e-08
player_6a3682212263,Bruno Martins Indi,Defender,9,2.8419815289692476,0.00011438343418677198,6.752565063387787e-06,0.25689001264222505,4.1741180239070484e-08
player_67bbee46d748,Anton Kade,Midfielder,9,2.308794147200603,0.0001143678340872775,7.397044699108676e-05,0.256,3.9011440360122786e-05
player_dcedc0de124d,Sulley Muntari,Midfielder,9,2.286992398911003,0.00011434851272121738,0.00020346710111165283,0.27205783906814834,3.70091092316518e-05
player_2ebf0dbc8299,Georges Mikautadze,Forward,8,1.3835845973615633,0.00011431844099765159,0.0002488931336796387,0.23142190080291555,1.0000298193518012e-08
player_4b073885dbe9,Dominique Badji,Defender,7,2.5498754229310445,0.00011422987734297237,4.928926904902153e-05,0.23242779525307405,1.0722338365503477e-08
player_b535539000ec,Artur Gajdoš,Midfielder,8,1.75970885757744,0.00011406177551452103,0.00018218897724054585,0.2426413517224909,3.8103274744407084e-06
player_82bf8a17119a,Jordan Pickford,Goalkeeper,5,3.0203914942761987,0.0001140014078813345,1.6341722155679672e-05,0.203311821501826,2.661577771756845e-08
player_215b80bc0c0a,Maxi Araújo,Midfielder,8,1.7902453931228441,0.00011400066995205036,0.0002612460358089452,0.25548500660086754,1.7709713103745103e-05
player_a1707e784ab7,Ibrahima Koné,Forward,8,2.132752978890674,0.00011395142294274053,1.6443934016110953e-05,0.24446583253128007,5.086125285235014e-08
player_16001f0ec5ce,Aritz Aduriz,Forward,9,2.0720479503324953,0.00011394414344475772,7.299582599823661e-05,0.2721124874455976,5.193469925712877e-07
player_0ede0184b0df,Ebenezer Annan,Defender,8,1.9359217005169755,0.00011389811792710905,0.0001010266281792877,0.2508641975308642,2.773236580235871e-08
player_d37d00048e06,Maximilian Wöber,Defender,8,2.5108294783477336,0.00011389537108712197,3.401924423657178e-05,0.251578556394701,3.394522362445282e-08
player_35973d149061,Rieks,Midfielder,10,2.4198814301143665,0.00011386961686496067,0.0004200769500509847,0.25991302123305193,6.774626922711316e-05
player_deb7ec6df70f,Esteban Solari,Defender,8,2.408124210222789,0.00011373833724904149,0.00015524170252563817,0.25819567979669633,8.07460775981907e-08
player_de6de787509c,Léo Jardim,Goalkeeper,8,3.262724704266211,0.00011370811933503804,3.3194075936854905e-06,0.21469702572771937,7.672689280150976e-08
player_210f155fdd96,Kryštof Daněk,Defender,8,2.486832593234978,0.00011370188690801498,4.853871597066077e-05,0.23599094129260786,1.3695756787520691e-08
player_9694fb18f157,Marc Guéhi,Defender,8,3.04751568426675,0.00011365391123658984,2.256655441244991e-06,0.23400702481718202,2.007916965635249e-08
player_2f263723d82f,Edoardo Goldaniga,Defender,8,2.5414216528573457,0.0001136062906462002,4.295685426580226e-05,0.22495295029336876,6.396094641634695e-09
player_423c43984965,Wahbi Khazri,Forward,7,2.1000424557860855,0.00011357463270331654,1.0897076506440285e-05,0.24298953662182363,2.2748914398894696e-07
player_5744a2b7612e,Kingsley Schindler,Midfielder,8,1.8929343086317234,0.00011356300739696955,9.980944688649838e-05,0.22672245467224547,2.7727059255781423e-06
player_6a92fe5807c8,Manuel Iturra,Midfielder,8,2.489793138314923,0.00011346509437625327,2.149700317094647e-05,0.25289359054138144,2.6846760365043078e-05
player_66b4206761b7,Aaron Cresswell,Defender,7,2.896709377021184,0.00011325740522805238,1.0220657943414247e-06,0.23682983682983683,2.8879466505514302e-08
player_f6b1cd577592,Carlos Tevez,Midfielder,8,2.4485545326132785,0.00011319504189561498,1.1666552855512475e-05,0.23931221293133906,2.8272617598762716e-05
player_ba7f27aad714,Kolovos,Midfielder,8,2.1000256389239667,0.00011272070121958627,1.629820718449645e-05,0.22736936332102495,1.5971491049261305e-05
player_65f8e650d569,Isaac Price,Midfielder,8,1.8325946685172636,0.00011268746972650082,0.0002465924579854494,0.2521091811414392,1.2117546512467291e-05
player_4067c95da7bd,Oussama Targhalline,Midfielder,8,1.4007886556137326,0.00011256793313627284,7.10279752666899e-05,0.23926994406829555,8.732158039903187e-07
player_267c1d25d3c9,Wilfried Zaha,Forward,7,2.011682228659522,0.00011256415787855165,1.4807955240357286e-06,0.23069936421435058,3.9907680366886755e-08
player_b9c256d03c2d,Fassnacht,Midfielder,8,2.3105878121888233,0.00011245224579372457,1.1595763962805785e-05,0.24753319527348033,7.29424848286066e-05
player_ef4151d18e2b,Felício Milson,Defender,9,1.7690474282944628,0.00011244754870436309,0.0008025318966176926,0.2653434317054061,8.355558887670732e-06
player_8d153681079d,Yannis M'Bemba,Defender,8,1.5998992106309275,0.00011240190409036974,0.00044750897334174276,0.2546365914786967,2.006080203045435e-06
player_cbc9a09acb74,Danilo Silva,Goalkeeper,6,2.5157055929137067,0.00011236979485910469,1.6885916405847947e-06,0.24028853544610654,2.09614381037974e-07
player_0a287aa0fc40,Franco Vázquez,Midfielder,7,2.6119414872489255,0.0001123498463565477,7.692949067207393e-06,0.23559420289855074,0.00011355865172325352
player_0204d33806d5,John Brooks,Defender,8,2.7805492980577475,0.0001121910020036713,8.832647041761182e-06,0.2588535031847134,1.4020663145153216e-07
player_671753b2b9a7,Pablo Aimar,Midfielder,7,2.6053049988488333,0.0001121874411659852,1.2072121545370078e-05,0.2547483231993982,5.581275426233777e-05
player_e5cecdcca45b,Alex Valle,Defender,7,2.2029340180885213,0.00011204904722396676,1.1914112658571253e-05,0.23177825938177254,6.730600691914018e-09
player_b4986daa79a1,Antonios Papadopoulos,Defender,9,1.6730781102657093,0.00011190542154383262,0.0007663485888079204,0.25711755029735545,4.734309717034009e-07
player_afcc3fec5e7a,Vladimír Coufal,Defender,8,2.5278552507695093,0.00011173903623251381,2.0160683188020994e-05,0.24004725339633787,3.806839447932108e-08
player_a9fc408affea,Van de Beek,Midfielder,9,2.27408805259623,0.00011156029488356941,0.0007104164977543135,0.2592994321444522,0.0008559511569487982
player_80a60513b209,Mark van Bommel,Forward,9,1.9335759871039624,0.0001114583199048803,0.00026607012279347106,0.24889759921607055,2.479445889695792e-08
player_686dfe8618d7,Davy Propper,Midfielder,8,2.5424320014286863,0.00011129676580971909,8.48000784457865e-06,0.24876048234069903,7.849379113397561e-05
player_8be2315962e0,Markus Steinhöfer,Midfielder,9,2.5320330162471656,0.0001112931868895616,4.4084328638780015e-05,0.26128327118426126,8.973532864985426e-05
player_3df6d9d1e7ca,Roberto Gagliardini,Midfielder,8,1.9402087531943326,0.00011127665888772842,7.676158450270197e-05,0.23742478238008996,4.183941546310423e-06
player_3c2a65d110b3,Yannick Cahuzac,Midfielder,8,2.2926954303476914,0.00011126198287539355,6.757441441782523e-06,0.2432804549536067,3.3553712090373906e-05
player_d71c0840ccce,Dedryck Boyata,Defender,9,2.8484452552681763,0.00011121211440900426,1.1068963653193815e-05,0.23886211355354414,3.6496801637394614e-08
player_71be2f5d46f5,Raúl Moro,Midfielder,8,2.104535440628896,0.00011121000909196431,6.569529437906271e-05,0.24507025266839536,3.020688705312448e-05
player_ea02ce856ef4,Mateu Morey,Defender,8,2.563957032800901,0.00011101631061453913,3.9714627971507625e-05,0.24333872223220165,2.7828431222244744e-08
player_a06db665133d,Magnus Mattsson,Defender,10,2.0679220401967964,0.00011093442187257868,0.0006366787074580654,0.29109662631616645,3.022780422744716e-06
player_e1d21ba778f5,Nordine Kandil,Midfielder,9,2.00700210795705,0.00011091000874599157,7.038750067631601e-05,0.2575248716811355,7.960255656284667e-06
player_d285f6b995d0,Alexander Djiku,Defender,7,2.434366401773781,0.00011088206330258588,5.474685098343086e-06,0.22535211267605634,9.922861459797528e-09
player_31c50f4db437,Casper Hojer Nielsen,Midfielder,9,1.7598182479522655,0.0001108556216162658,0.00023389153404142029,0.2747988369734262,2.6354522126218114e-05
player_32c9960bb1a5,Trigueros,Midfielder,8,2.3577772603636613,0.00011081562764389018,1.2990761898533156e-05,0.24801659953618943,3.8341696652924466e-05
player_a9e313d86e45,Lukáš Haraslín,Midfielder,8,2.436571305325827,0.00011075528787052335,2.188967862022941e-05,0.24750304506699147,7.350969692138988e-05
player_b0ba661593b4,Cojocaru,Midfielder,7,1.2890980931823015,0.00011058355005120303,4.906299563154231e-05,0.23286729314691726,1.0550350454970085e-06
player_a72d86b1276f,Saulo Decarli,Defender,8,1.5643325912181554,0.00011053754919592795,0.0003306687336717137,0.25999616147399396,3.7847433467354824e-07
player_7431fa911c7c,Denis Cheryshev,Midfielder,8,2.35718930528941,0.0001103795985341596,1.0352097269695403e-05,0.23999055155308846,7.927543196512945e-05
player_862fc2f6f855,Chory Castro,Midfielder,8,2.225000003129222,0.00011033634681722153,1.707983828185456e-05,0.2534297829882764,1.1013073235871082e-05
player_8b91a3c20ae5,Benjamin Stambouli,Defender,8,3.08216335973241,0.000110297956993303,7.927846228918262e-07,0.24229416323853814,8.62954898917756e-08
player_5b2cf6e30e12,Luca Stanga,Defender,8,1.7110130334432707,0.00011024842061165682,0.0007264739938208593,0.25745961355717456,1.3108993420714851e-07
player_5378e110f429,Jérémy Ménez,Midfielder,9,2.293963839103141,0.00011016883020993596,3.326556198012011e-05,0.2589029750907817,5.0032455858078944e-05
player_6e3eefb6d2c9,Gideon Mensah,Defender,8,2.388031878850363,0.00011016257848808531,2.6488881886434526e-05,0.23388581952117865,1.2840431036488427e-08
player_13355f51844a,Salis Abdul Samed,Midfielder,8,2.344495522237387,0.00011012067576271638,3.8339785039451555e-06,0.23230821996112952,1.1108256556999213e-05
player_2ba0dda7a0bc,Danijel Milicevic,Midfielder,8,2.0982606306279887,0.00011007791806346546,0.0007939350308318478,0.2635367356202581,2.6503696407457817e-05
player_12af86b3ee66,Andrea Consigli,Goalkeeper,5,3.1372236420146997,0.00010989625759547843,1.4217251182076033e-07,0.20341358426347664,3.583260873541661e-08
player_563c524deb87,Alexander Schlager,Goalkeeper,9,2.1057320596542373,0.0001097416526567273,0.001602198089131942,0.2815574338367743,6.561773314500948e-06
player_e54376c39664,Fábio Vieira,Midfielder,9,1.5092243713338125,0.00010959064233836122,0.00019923768160299874,0.26098124839455433,3.5671690240978257e-06
player_3740b99d01f3,João Pereira,Midfielder,10,2.0609018160150496,0.00010950662909851126,0.00021303901417440822,0.2778993435448578,2.3810262186239683e-05
player_35800328955b,Daniel Svensson,Midfielder,8,2.1930120596389635,0.00010933258477886348,7.766294784261432e-05,0.24801659953618943,2.737680960123733e-05
player_1f14dac4aad8,Filip Benkovi?,Defender,8,1.5759873562670217,0.00010929383381556523,0.00017964039324370513,0.2555010687790771,1.3202555186194486e-06
player_4ee629e83bc5,Coates,Defender,9,2.298589466175309,0.00010927469753963518,0.00010453804137634443,0.25862288405243733,2.706641395861687e-07
player_8d4cb00b0001,Andros Townsend,Midfielder,7,2.4841542206319076,0.00010909803561787062,1.0908898445379596e-05,0.23967916961547533,0.0011632797186077487
player_53a82ed2b8e3,Wallace,Defender,10,2.263285275555495,0.0001090697174566627,8.051334374999851e-05,0.27059058525867236,1.5369666986151225e-07
player_c3144b22042c,Karim Rekik,Defender,7,2.665306565294005,0.00010904808832237501,4.6111129924578e-06,0.23218876763983318,1.7722335338221168e-08
player_c4c77ffd6b3b,Alex Ferrari,Defender,8,2.581745698591914,0.00010899088796205452,1.3057317953896182e-05,0.227815460507876,1.2621557089694812e-08
player_f59c7b18c765,Evan Ndicka,Defender,8,2.6895983551138443,0.00010882843483859189,8.167103056680751e-06,0.2541906429822367,4.31858227705536e-08
player_a21969edec74,Liam Scales,Midfielder,8,2.265478191257609,0.00010867138455015937,1.347705072654273e-05,0.2492639842983317,1.9021824054816303e-05
player_076ba58503be,Kévin Théophile-Catherine,Defender,7,2.8560591897993435,0.00010849312060584563,1.2388430091591733e-06,0.23198995319100355,2.1056702308337015e-08
player_a06a2e4cc5bd,Ludwig Augustinsson,Defender,8,2.240390343470715,0.00010845174893787764,4.3664003899034443e-05,0.23135602869179095,1.3351477981609057e-08
player_c1622652a7a0,Vincent Manceau,Defender,8,2.407514902866833,0.00010796002528099585,2.180092097983089e-06,0.2205339700455828,1.0302525669496567e-08
player_845db680fe01,Kasim Nuhu,Defender,8,1.5633377399805877,0.00010795547888067927,0.00031978102581123064,0.2691925548122143,8.323684097319597e-06
player_e6f9ccc9a2d5,Kévin Malcuit,Defender,8,2.008656791954726,0.00010792644578378984,9.336262777718246e-05,0.2411583194873012,1.0270750987009453e-08
player_7c4a7f5213fe,Antonio Candreva,Midfielder,8,2.4632631822381623,0.00010763509456841177,1.931260666291967e-06,0.23257411010644385,4.125534252796984e-05
player_6597925c28f6,Aster Vranckx,Midfielder,8,2.4246375750107556,0.00010762881551181321,1.5852268125582646e-05,0.25891946992864423,4.796390742152634e-05
player_6f55883b1054,Jarrad Branthwaite,Defender,8,1.856008321876411,0.00010758131622646183,4.167357110497086e-05,0.23004641684591873,4.988551838121484e-09
player_0bb30dea4daa,Nicolas Anelka,Midfielder,9,1.9154350010235,0.0001074143875826199,0.0002632815353854621,0.2839575181665735,1.0822632466284519e-05
player_d6ba7db9d58b,Wes Brown,Midfielder,9,2.387524399681968,0.00010712564305268219,1.6261208417748763e-05,0.25265775567298726,3.462812759385805e-05
player_7f5528f54ee6,Luka Romero,Midfielder,8,2.26967888549248,0.0001070601806836081,9.30666103773572e-06,0.24588576960309777,3.927009147839944e-05
player_2e25c45b73a7,Arthur Melo,Midfielder,8,2.3681018617252034,0.00010697384191678404,8.907152898968166e-06,0.24957013018914273,5.399626372634949e-05
player_e48440199672,Scott McKenna,Defender,6,2.734900517563193,0.00010688909366461541,4.247090571337374e-06,0.25357209708616707,8.053222966440639e-08
player_727a97a46d87,Lukáš Sadílek,Midfielder,9,1.931228973626293,0.00010661471467416153,0.0004617695435097814,0.276162000543626,7.450950045087458e-06
player_9f9d744d76a1,Jan-Niklas Beste,Midfielder,10,2.133778512362986,0.00010649551796042609,0.0002878815502584503,0.2798898071625344,6.497683434318402e-05
player_58d85e4f3225,Federico Santander,Forward,9,1.6921307072353273,0.00010640411769340913,8.565630016293892e-05,0.26492829204693613,4.008244331991526e-07
player_eace083b67e2,Cristiano Biraghi,Defender,7,2.375526359446657,0.00010632593471181155,6.548269797891084e-06,0.23952378145812458,1.465525223090783e-08
player_df312cc07493,Isaac Success,Forward,8,1.8549628433085288,0.00010626480296854171,2.182761780320541e-05,0.24031695346224352,4.127143379543589e-08
player_7cd7045244de,Rasmus Kristensen,Defender,7,1.9309255040097113,0.00010625944422574412,6.495285189376579e-06,0.22708985248100133,7.356647683794494e-09
player_7de1577b322e,Diego Contento,Defender,8,2.2462595535793857,0.00010611219792229252,0.0002907245350675636,0.26687680588389806,9.759082047882816e-07
player_4b0326316d8e,Edoardo Bove,Midfielder,9,2.0360524759435483,0.00010601894585092288,2.8386994765572262e-05,0.2625322997416021,2.670155830464441e-05
player_9150191b53f4,Issa Diop,Defender,8,2.417570014656091,0.00010598373970592591,5.301559281048366e-05,0.25173439048562934,3.162793597328706e-08
player_2eb872ba9352,Jonathan Bamba,Midfielder,6,2.253253603708722,0.00010576166366542278,2.191779498034361e-06,0.23541678734866478,0.00010294217976638792
player_77dba6bfeb51,Zoran Tosic,Midfielder,8,2.1782534633110635,0.00010565772113218651,2.4382661198439477e-05,0.2740391099123399,3.443092631511019e-05
player_d57518839388,Palmer,Midfielder,8,1.8075110630634583,0.00010556661829999776,0.0002263034961470303,0.2545887364530477,7.460008980010747e-06
player_1de8cb2062a7,Fernando Forestieri,Forward,9,1.635183087633188,0.00010544006421711686,4.238710622352349e-05,0.25067850974586725,1.0101046022401651e-07
player_11580a648801,Timothy Castagne,Defender,7,2.7010297675158697,0.00010536313883955742,1.0970195906154408e-06,0.22898354744196528,1.777463025782104e-08
player_b3dfa1249a3c,Angelo Preciado,Midfielder,8,2.0234595192746365,0.00010533710925717823,0.00023082430033460305,0.25961415612622973,3.674597191911501e-05
player_f0a4e36994c9,Felix Passlack,Defender,8,1.6669991816459255,0.00010524095134169703,0.00023508532121032375,0.24554407588665336,6.170735657402562e-08
player_86e4bc4e8f27,Maxence Lacroix,Defender,8,2.2980391046758957,0.00010511964104725782,3.353593821695316e-05,0.25404763393136215,3.9230577016011705e-08
player_38d666931b2d,Sofyan Amrabat,Midfielder,8,2.3692067397335026,0.00010509087956276871,1.8863740382552337e-05,0.2447897843633297,3.6383274575353624e-05
player_84365d6f24cf,Marcus Coco,Midfielder,9,2.2510089245622296,0.00010502972538192163,6.260507830635618e-05,0.24789557155056727,3.2573049538252726e-05
player_a43d67079ec7,Pedro Ortiz,Midfielder,8,1.5749157615209535,0.00010501336309214128,8.291252596969778e-05,0.24561827632056085,9.767233969009509e-06
player_dd07c448a44d,Marat Izmailov,Forward,8,1.3513282127456556,0.00010500631859797482,0.0002672115182781722,0.25368289637952557,8.428184380873331e-06
player_3f06730c2e32,Luciano Narsingh,Forward,8,2.023518003033147,0.00010489606581259129,0.00012750426530018033,0.2524694042368143,3.3595703672557104e-08
player_1798082cf40c,Ayoze Pérez,Midfielder,9,2.0098438965361045,0.00010482720073792822,0.001452119859556383,0.2702487032850113,1.1488054947782202e-05
player_9ac5900d83d3,Alessandro Matri,Forward,8,1.6832180208331093,0.00010440526028083631,1.0278462246092444e-05,0.2488366397256919,5.2815727895571856e-08
player_aea35ae64bb2,Kluge,Forward,9,1.9535196028845025,0.00010436893599842284,2.8043728499118197e-05,0.259315977539561,1.7467945199725312e-07
player_aa68a50033a4,Alexander Baumjohann,Midfielder,8,2.366324914555913,0.00010430761013408075,1.2862716478329021e-05,0.2683039545784644,4.174709755144721e-05
player_13c06b6f2fdc,Emmanuel Adebayor,Midfielder,8,2.427641822888124,0.00010429514518162162,6.931076872013028e-06,0.2524223602484472,0.0010570121471388462
player_f1eb84725d00,Esteban Granero,Midfielder,9,1.7241433171203284,0.00010428619488624563,0.000412515635335706,0.2762183103377965,2.5460563582530197e-06
player_047ea8c1fef4,Armando Izzo,Defender,9,2.2984876932262788,0.00010426357166727924,4.7181752715245935e-05,0.2401323564169227,2.9182846209765302e-08
player_97d1ad8c2ee7,David Fuster,Midfielder,8,2.164947160432521,0.00010422953639445669,6.133587973950512e-05,0.2770279481935924,1.437330638308104e-05
player_9d4922a9a756,Nikolov,Midfielder,8,2.1275813367223626,0.00010419816953548676,1.284121657335878e-05,0.2555492674338175,5.3293397746042095e-05
player_078aa8f4f3ec,Jeremías Ledesma,Goalkeeper,8,2.3977813346386934,0.00010415046571486515,2.8417356192358787e-06,0.18546068543786792,1.2252474475182423e-08
player_aa49a72e1ba8,Luca Kilian,Defender,8,1.706730587072603,0.00010408231957304242,0.000570759434132378,0.2415166102097819,4.705276828050478e-09
player_5445d5bb21c9,Stefan Bajic,Goalkeeper,8,2.245393519596729,0.00010394763128159429,1.3659804732731718e-05,0.178159659813248,1.9438567428440503e-09
player_aceea526f969,David Beckham,Midfielder,7,2.109727341203109,0.00010388088612323646,3.652797415466901e-06,0.2515162767669266,1.355030922841564e-05
player_878bb9050b9a,Greenwood,Forward,8,1.9783953147696232,0.00010386562865946977,7.126602277113476e-05,0.2615691574950119,6.234849044841914e-07
player_b4acb176c73c,Téji Savanier,Midfielder,8,2.1575107617321905,0.00010385218677112139,1.819632134462726e-05,0.25776988456171507,2.458815625485203e-05
player_6d1b12c4c952,William Vainqueur,Midfielder,9,1.7975030612185487,0.00010367102983389569,0.00011106785525953221,0.2664219221187885,9.076172499259506e-06
player_1d7a545db87a,Edouard Michut,Midfielder,9,1.7899697652902982,0.00010360309420156838,0.0004652795109419239,0.2755441046850634,8.604033624580826e-06
player_70d0f2172fba,Thomas Kraft,Goalkeeper,8,2.224220030340801,0.00010332163719726953,3.2678069556348936e-05,0.25140736158366844,7.570965820450664e-07
player_8e17974256d6,Moustapha Cissé,Forward,8,1.5609344207581166,0.00010323012979696276,0.0002543178483700669,0.2660034035868569,4.941781352728473e-07
player_ccd58bfe357e,Lenny Lacroix,Defender,7,2.2413795219429056,0.0001032219929022298,1.8566174520069957e-05,0.24733735013085023,4.0640296080746e-08
player_942e3f3a78fd,Dario Špikić,Midfielder,8,1.9607166292163265,0.00010298069720043174,2.6851918880154936e-05,0.24314945554624864,1.2704505325077458e-05
player_890032dcda59,Elias Jelert,Midfielder,8,2.2008553322620683,0.00010271109885632396,2.2571637497084267e-05,0.2560967924884996,2.9470451381555936e-05
player_67d211b7a042,Petar Zovko,Goalkeeper,8,1.7900544577383364,0.00010236857770819889,0.0011283043232018352,0.25137626028329313,6.433177712162431e-07
player_7dafe83cebab,Danny Drinkwater,Midfielder,8,2.440903456857989,0.00010180180040523127,5.1917530520167996e-06,0.2561613614875512,8.884800485102308e-05
player_78cdf6801331,Maxime Le Marchand,Defender,7,2.265740741096104,0.00010168682473523966,2.2276476740030963e-06,0.2398206066328337,2.3961697508195425e-08
player_ee07613bb9ed,Tom Huddlestone,Defender,10,2.0043493475506433,0.00010157354939377452,0.0008361967260954016,0.283008356545961,1.4777935288588403e-06
player_c0f8a7e9f39c,Alan Patrick,Midfielder,7,2.3974211855223393,0.00010152555152409038,3.0965200607491984e-06,0.25765548722500475,3.710632099082251e-05
player_a1cd89bc2fd3,Edwin van der Sar,Midfielder,9,2.2379248158084657,0.00010148824722658499,0.00048337397347671324,0.28521299740332656,3.789552278132486e-05
player_b1c2ddc1e7f2,Kelvin Wilson,Goalkeeper,6,2.3578669374069143,0.00010136014641953797,6.612686655940953e-05,0.2346149405380441,1.0754801802309021e-07
player_05fbc666d678,Sidney Sam,Midfielder,7,2.400021292665936,0.00010133982580268498,6.219720814541885e-06,0.2516720336883825,7.699069004123587e-05
player_430b48939ccd,Gonzalo Montiel,Defender,8,2.3272130613032447,0.00010127748260352915,8.875420308539965e-06,0.25284638835313883,3.549408477857936e-08
player_bf213a6e13a6,Tymchyk,Defender,9,2.1051939200162653,0.00010109972439188429,0.0007878049900418185,0.25721518987341774,7.34806986162045e-06
player_34609dc19d65,Wilson Palacios,Defender,7,1.9135553335497002,0.00010104355453828456,4.095549493981984e-05,0.2451441669682712,4.568803977793494e-08
player_ff6f6e16d825,Johan Wiland,Midfielder,8,1.6813177658681144,0.00010045212756531097,6.824331361034142e-05,0.25817927704720156,1.681007464944721e-05
player_2e62f798f232,Óscar Trejo,Midfielder,8,2.2912200633359756,0.00010035564427323852,5.367862051249567e-06,0.23604576871696578,8.461019084988858e-05
player_d09a12d0b417,Seko Fofana,Midfielder,7,2.4000904689316984,0.00010034867253255452,7.854905534942423e-06,0.24657201795898556,0.0001193362595076412
player_96be550a5ec6,Schuurs,Defender,8,1.9137627959325156,0.00010006384208437674,0.001191731717782201,0.2758433448720559,1.890594960605432e-05
player_078ce965682c,Gianluca Gaetano,Midfielder,7,1.7221718254427567,9.963426275497441e-05,5.419361807067527e-05,0.25081774979941984,0.000690565847198885
player_ad95b207a76c,Raphael Dias Belloli,Forward,8,1.8758298300144631,9.961987035707941e-05,1.0877622058050352e-05,0.24735240413877055,4.7467626041474695e-08
player_24a645418c11,Hannibal Mejbri,Midfielder,8,1.8181066446228988,9.958152415084909e-05,9.958481033791427e-05,0.25047765793528504,4.1386065804249006e-05
player_5054eae2737e,Tarsis Bonga,Forward,8,1.3595608552738456,9.938155365790566e-05,0.00046646695556986576,0.2528149300155521,3.4992523729230667e-07
player_9a9feedd7694,Serhiy Rybalka,Defender,8,2.0345769242399525,9.92816544629229e-05,5.161944710042896e-05,0.27012296444001327,1.1156470122373063e-07
player_34e051d9fb4d,Lovro Majer,Midfielder,6,2.370622740623864,9.924890344191877e-05,1.0460438079507028e-06,0.24509981303902056,8.298861514990886e-05
player_084de3b72590,Steffen Tigges,Forward,8,1.4780726339425958,9.912210312718164e-05,4.835293348328811e-05,0.23775814660972328,2.926565940411099e-08
player_283ac5a37d3b,Moussa Diaby,Midfielder,7,1.9877068123596557,9.911077849296157e-05,1.7279828567714875e-05,0.255951631187807,2.389110398139352e-05
player_e6f89592fbb0,Adnan Januzaj,Midfielder,7,2.201735823520135,9.907192335371415e-05,7.301173177050456e-06,0.2512363996043521,4.51908621060641e-05
player_1694bbcf0637,Yevhen Khacheridi,Midfielder,7,1.9176555178292904,9.903588526052805e-05,2.8392887740395135e-06,0.23821805392731535,1.7017978695235094e-05
player_842632966b22,Luigi Samele,Forward,8,1.451330137274872,9.896776386928192e-05,0.0014155514288974015,0.2549560853199498,3.061015790885932e-07
player_55c5336c0bf7,Victor  Olatunji,Midfielder,8,1.9385556016299983,9.827471002390469e-05,4.3011156409058426e-05,0.24838039359491504,0.0007872696944741961
player_eb85df3fb208,Johan Djourou,Defender,8,2.116099397847355,9.815063726796331e-05,4.086073660532539e-05,0.26094773340182353,1.4369210467088415e-07
player_b7b83017707a,Givairo Read,Forward,7,1.8692189788034534,9.802800586671613e-05,3.819382991561103e-05,0.26656172110717563,3.702365988091847e-07
player_b8c068b9a6d3,Kevin Danso,Defender,8,2.326989206480172,9.783253803721261e-05,3.049325944060736e-05,0.24382049436045117,1.9628769453222348e-08
player_7b0c04f8b9d0,Nicolò Bertola,Defender,8,1.490132647079483,9.768605076823704e-05,0.00022649796442150474,0.2696748506967485,4.7013854538081973e-07
player_d98e816ed54c,Andy Delort,Forward,5,1.8098184038465877,9.764743837677133e-05,0.0,0.23540315106580167,4.429876434117393e-08
player_1569bf12471e,Jean-Louis Leca,Goalkeeper,7,2.027472305166098,9.76333848695116e-05,4.177005456932549e-05,0.1885409417768499,7.643866175047479e-09
player_b66de917155d,Pontus Jansson,Defender,6,2.5123090826645935,9.745985225510056e-05,1.3525468155905036e-07,0.22591583745622323,1.5681418251284203e-08
player_f248b696a79f,Pascal Gross,Midfielder,7,2.0210483672552138,9.738285978260988e-05,3.05859126723016e-06,0.24226527570789866,3.180095040230247e-05
player_3716114b005e,Antony,Midfielder,8,1.8216051886806746,9.710154885967789e-05,0.00037478123830361206,0.2810511756569848,4.183840304367803e-05
player_a5d084b2fa15,Maximiliano Araújo,Defender,8,1.8444427644173154,9.703057277432711e-05,4.82307022289569e-05,0.2625322997416021,7.277608825000681e-08
player_da7e437affbd,Jeremie Boga,Midfielder,7,1.7852774990061753,9.700869704731718e-05,1.1953843355643891e-05,0.237508035766466,2.0118857908617007e-05
player_ca87a85f0bc3,Jon Gorenc Stanković,Midfielder,7,2.0347832105380554,9.687380706079401e-05,0.0002723990354589134,0.2593490746649649,7.140321234728474e-05
player_cee3b8689d71,Tomá Ostrák,Forward,8,1.377267005860317,9.652661844463866e-05,5.002096216742709e-05,0.2593490746649649,1.3779862577180988e-07
player_d360977bd707,William Boaventura,Defender,7,2.181333285975531,9.634506433509578e-05,1.0233390786780602e-05,0.2535879196306003,5.2407886013212376e-08
player_0d85281fef2e,Arnaud Kalimuendo,Forward,7,1.6560089555777275,9.625134093892193e-05,2.0155433455673118e-05,0.25710128424115897,1.4343328081894075e-07
player_9d387a54625c,Loris Karius,Goalkeeper,7,2.3675548728418865,9.573170282305073e-05,4.9632853158045074e-05,0.2376608187134503,1.6821098457941825e-07
player_13ee72f91dcb,Capoue,Midfielder,8,2.103538860928637,9.553553693592121e-05,2.2517470176855906e-05,0.2605295211231489,5.692627694698059e-05
player_9d3399366b67,William Carvalho,Midfielder,6,2.223443681081679,9.517170432403975e-05,2.0491866953817805e-06,0.24130150813442583,3.352335639891055e-05
player_0d0f8a3128d8,Nino Marcelli,Goalkeeper,8,1.9716699827261102,9.501112847525015e-05,0.0056110651614689,0.2810706134587454,1.7393826302548999e-06
player_69eaa3646881,Ikoné,Midfielder,8,1.644993714468482,9.395430624470793e-05,0.00020286055779549013,0.2714581524280275,2.107419895378405e-05
player_bb80b7c78cbc,Richards,Defender,8,1.834388494271451,9.380925509434163e-05,0.00036713569482006497,0.26818001847696976,8.933972871441038e-07
player_c87a9844f0bb,Neco Williams,Defender,8,1.4238896556955045,9.324714264925352e-05,0.0008763194220749069,0.25317717418390234,8.815361113294158e-08
player_32252792b9dc,Rubén,Goalkeeper,7,1.7555206694166416,9.316665511261099e-05,0.0005366859145824099,0.23990554899645808,5.522033524095239e-08
player_62b37c2ee169,Roque Santa Cruz,Midfielder,8,1.915328397921801,9.281014375942835e-05,0.00011175301774856855,0.273081575057116,3.302269652100818e-05
player_e43315076339,Antonio Nocerino,Midfielder,7,1.891235285404207,9.188793247372936e-05,5.485660332499587e-06,0.26498011345113126,2.646099701503e-05
player_8dd439ad657b,Lorenzo De Silvestri,Defender,6,1.9908103021361052,9.180260111159823e-05,2.343669094597488e-05,0.23297408851180923,1.0102290411779886e-08
player_8620b9646207,Al. Miranchuk,Forward,7,1.0917848310416776,9.117151630386063e-05,0.0003335831599997009,0.25380964276792406,2.4342225552603666e-06
player_2aaf0e5b47ff,Stefano Okaka,Forward,8,1.4092053984702364,9.003550511043815e-05,0.00033898541460092736,0.28004410143329656,7.580864475987927e-06
player_5901c69fcd37,Marc Casado,Midfielder,6,1.8649984517646767,8.983050235325623e-05,1.3453037274871615e-05,0.2650146723182263,4.3573969565995034e-05
player_f812c4edb180,Thomas Mangani,Midfielder,6,1.914834300094705,8.958318556722599e-05,3.4479786513396577e-06,0.24060150375939848,8.26779120656056e-05
player_d72ebe38b9c9,Jofre,Midfielder,8,1.4909322941785261,8.929764555900997e-05,0.0004328201290542664,0.2706987277692666,1.2759724940722836e-05
player_51a09a0a3b1c,Robert Huth,Midfielder,7,1.9254629138658756,8.916085772720336e-05,5.53818338487824e-06,0.2560967924884996,6.702226631222014e-05
player_8f7415195311,Federico Fernández,Defender,6,2.0814360013550335,8.912843963151854e-05,3.025009697938714e-06,0.24412807112392623,2.4013440671836798e-08
player_2a96d13d9db8,Milos Jojic,Midfielder,7,1.9758430679287373,8.889492537537082e-05,3.369862632597958e-06,0.2577535358660493,0.0009471249367885747
player_ede3ff2a29b0,Diego Benaglio,Goalkeeper,8,1.319825989183217,8.66009154014641e-05,0.0013122607056213172,0.28228103077029937,5.059262583741399e-06
player_429490cd4cad,Remko Pasveer,Goalkeeper,6,1.8753359010064892,8.600017610470106e-05,1.9359088593828016e-05,0.23377818683847215,1.5497326670142143e-07
player_1ce3d289cf4f,Montero,Defender,9,1.7486293682662142,8.464891429393659e-05,0.0001054888201434678,0.2691034300092703,7.129253006359253e-07
player_c69a5c552399,António Silva,Goalkeeper,5,1.5223155129103845,8.041385525027586e-05,5.273456031737899e-07,0.23858166020899377,3.5788426608987786e-07
player_900685cba0b9,Saïd Benrahma,Midfielder,5,1.553605808652669,7.914448616804956e-05,2.526327105630338e-07,0.23966503508875392,7.598252642484753e-05
player_b311ba81cdcc,Novoa,Midfielder,5,0.8454886655671711,7.542090124765454e-05,9.973168973345585e-05,0.2622781542433043,2.424487713208846e-06
player_c3c5b344008c,Abakar Sylla,Defender,4,0.6468697034415263,6.417025449678991e-05,2.135897457307453e-06,0.23250758052520168,8.984905388600363e-09
player_e330f5c2effb,Alexander Büttner,Forward,3,0.47115867578425447,5.724255214848467e-05,6.1149409756742905e-06,0.24660194174757283,1.762124516333938e-07
player_235f9b0fcb23,Ozdoev,Midfielder,3,0.4760321590192723,5.5926940723993935e-05,6.210697717642474e-06,0.23205618683263862,1.0844401058266358e-06
player_20930b2a121c,Kjærgaard,Midfielder,1,0.3379464531695321,4.768116704264673e-05,0.0,0.20952773767787172,2.3285495911006485e-05
