player_id,player_name,season,position_group,PC1,PC2,kmeans_cluster,dbscan_cluster
player_c6eebb451f6f,Courtois,2021-2022,Goalkeeper,2.0169667193885896,-1.997033360455962,1,0
player_745563c4992c,Vinícius Júnior,2021-2022,Unknown,12.16138211902712,-5.716858561517928,1,0
player_1c95313c2072,Benzema,2021-2022,Forward,15.121453818739845,-8.086934094150832,1,-1
player_8dbf145a0ac2,Modrić,2021-2022,Midfielder,11.267432344941536,-5.132904597429708,1,0
player_cb5b3166f2bd,Éder Militão,2021-2022,Unknown,13.25324743329823,-5.2072798521669466,1,0
player_c8b23cc3438d,Alaba,2021-2022,Defender,9.95701683396708,-4.299332118373414,1,0
player_5fb296fb3d2e,Carvajal,2021-2022,Defender,10.54090787167556,-4.155461957122648,1,0
player_dd5735717a3e,Casemiro,2021-2022,Unknown,12.952743753008184,-4.594045926678369,1,0
player_2fe8b83d60b5,Kroos,2021-2022,Midfielder,11.248964214006776,-4.765671991484557,1,0
player_8bd45e8a3c29,Mendy,2021-2022,Defender,7.090615902230244,-3.237328562328241,1,0
player_1732ec7c06e5,Valverde,2021-2022,Midfielder,6.558725790912705,-2.805508387360301,1,0
player_b623e24add2f,Nacho,2021-2022,Unknown,4.859098818630232,-1.8524978069970848,1,0
player_2ff5e674cf5b,Rodrygo,2021-2022,Unknown,7.509941233055439,-3.461573766929053,1,0
player_935f9c41357a,Lucas Vázquez,2021-2022,Unknown,2.5955948659213206,-0.896199656482045,1,0
player_1cde35de5d0e,Camavinga,2021-2022,Midfielder,4.36435012348364,-0.6983236970203468,1,0
player_b0a57f780662,Asensio,2021-2022,Forward,1.9769374676965683,-0.7679278234538645,1,0
player_48073418e347,Jović,2021-2022,Forward,0.5099037011003933,0.013433930425854,0,0
player_995bf053c469,Marcelo,2021-2022,Unknown,-0.2387177367753261,0.492549337804631,0,0
player_eef51dfd72c3,E. Hazard,2021-2022,Forward,0.2822581300639131,0.0119226524920901,0,0
player_2b5f6dd3d9ee,Miguel Gutiérrez,2021-2022,Defender,0.3394591173202976,0.5377859300348724,0,0
player_d668284e9e8b,Ceballos,2021-2022,Midfielder,0.0653063170576686,0.734345649798184,0,0
player_e6e9202229a7,Mariano Díaz,2021-2022,Forward,-0.276296039388972,0.3400799937326961,0,0
player_b130e2e11c5b,Vallejo,2021-2022,Defender,0.2160612195314485,1.182550901117948,0,0
player_2828d0aa1925,Bale,2021-2022,Forward,-0.3017843945308719,0.4101329304004351,0,0
player_025f555d4159,Blanco,2021-2022,Midfielder,6.424634645854871,13.192644349052134,3,1
player_783eaeb24b49,Alisson Becker,2021-2022,Unknown,2.461825335444405,-2.0962915103108437,1,0
player_2a07e3ff3df2,Salah,2021-2022,Forward,12.21702366152684,-6.133092763471495,1,0
player_84ce1fddf4aa,Fabinho,2021-2022,Unknown,11.15402083425925,-4.105746756049833,1,0
player_a1befccfdaeb,Robertson,2021-2022,Defender,7.971771946218468,-3.5445564725568066,1,0
player_f39979f2625a,Mané,2021-2022,Midfielder,9.063855468919984,-3.880285040806426,1,0
player_140d3a3cdd66,Van Dijk,2021-2022,Defender,9.11556120126124,-3.986532915510176,1,0
player_6e3730ae078f,Alexander-Arnold,2021-2022,Defender,9.8541233767353,-4.333735629000066,1,0
player_6b52090a8c99,Konaté,2021-2022,Defender,9.845808083576609,-3.921084653897063,1,0
player_5d01bff024ec,Henderson,2021-2022,Midfielder,8.667104108790191,-3.274940029460145,1,0
player_36621a727fb8,Matip,2021-2022,Unknown,6.383966754185526,-2.7496671966342072,1,0
player_099a4df3a019,Thiago Alcantara,2021-2022,Unknown,8.604434257149371,-3.246105334460309,1,0
player_7bd3801e1972,Diogo Jota,2021-2022,Unknown,6.6133940985251,-2.5359830513988766,1,0
player_164fd1af35ff,Keïta,2021-2022,Midfielder,7.476307942389419,-2.1988238283156685,1,0
player_91e3bf924a67,Luis Díaz,2021-2022,Unknown,9.995735950513968,-3.034960641555022,1,0
player_7544f4cb2666,Tsimikas,2021-2022,Defender,3.058080399703857,-1.0680334870551265,1,0
player_4b45e73fd716,Firmino,2021-2022,Midfielder,5.311552396098489,-2.1946537984103496,1,0
player_de084ce71d88,Oxlade-Chamberlain,2021-2022,Midfielder,2.984810511998404,-0.9268691223993734,1,0
player_9f3c08d8b13e,Gomez,2021-2022,Defender,1.784441882263213,-0.3772023031815152,1,0
player_8323f4b68b28,Minamino,2021-2022,Forward,0.5370307549551966,-0.0851977691974179,0,0
player_90f1de372934,Milner,2021-2022,Midfielder,4.534201556687243,-0.5097031056350269,1,0
player_5d3676846987,Origi,2021-2022,Forward,1.8497477697750453,-0.4377748838848558,1,0
player_b2eefa877575,Jones,2021-2022,Midfielder,2.786415208324088,-0.6663702366315101,1,0
player_ee31733e3cb3,N. Williams,2021-2022,Defender,1.7706914507697915,-0.1152198398351241,1,0
player_03284959d14d,Tyler Morton,2021-2022,Other,0.0065119333178419,0.0631328976588535,0,0
player_76d63f9ad2e5,Phillips,2021-2022,Defender,0.281765941565867,0.3104937961298147,0,0
player_7938beac5332,Elliott,2021-2022,Midfielder,-0.0555517736569132,-0.1129808571941127,0,0
player_b560a1385e0e,Woltman,2021-2022,Midfielder,-0.1100127341111081,0.4482426309861941,0,0
player_8fcd96eb01e8,Bradley,2021-2022,Midfielder,-0.1100127341111081,0.4482426309861941,0,0
player_afada551822d,Pau Torres,2021-2022,Unknown,6.52754819949247,-3.6202410974709895,1,0
player_71f467b71514,Rulli,2021-2022,Goalkeeper,1.864242991769654,-1.8083646041872965,1,0
player_9612786ef3bc,Daniel Parejo,2021-2022,Other,9.377542908243926,-4.357970231430875,1,0
player_6044bc1e3995,Capoue,2021-2022,Midfielder,12.89098877080394,-4.790269156895377,1,0
player_38080c6e52f1,Albiol,2021-2022,Defender,7.434917384148072,-3.221700548998135,1,0
player_c39471220d1b,Ederson,2021-2022,Unknown,1.685390423935941,-1.515624971679005,1,0
player_3eeb25d08a83,Mahrez,2021-2022,Midfielder,13.280088147912972,-6.245047421588469,1,0
player_e89b16e4fa68,Danjuma,2021-2022,Midfielder,7.403757800550157,-4.006125048950991,1,0
player_58ec184b4003,Vertonghen,2021-2022,Defender,6.601850244572988,-3.008117732894503,1,0
player_cc7e997b3339,Vlachodimos,2021-2022,Goalkeeper,1.0672602133643168,-1.3815952804819291,0,0
player_f9e6c206e685,Oblak,2021-2022,Goalkeeper,0.2688651507122479,-1.070888556220636,0,0
player_bdce0bc8e76e,Foyth,2021-2022,Defender,7.197784618614403,-2.838675560455279,1,0
player_74a0a808dc50,Bernardo Silva,2021-2022,Unknown,8.278818218749864,-4.045286098758018,1,0
player_ccb8c1e24fb7,Lewandowski,2021-2022,Forward,12.663221332002758,-6.445388016035919,1,0
player_f242caf039ff,Grimaldo,2021-2022,Defender,6.730611110217263,-3.0604502065757617,1,0
player_999d89d1817f,Rodri,2021-2022,Unknown,11.926023561306112,-4.313598173887279,1,0
player_69a0717472db,João Cancelo,2021-2022,Unknown,12.446550248100518,-5.375512977841054,1,0
player_095d1d3409b9,Rüdiger,2021-2022,Defender,10.99361477488724,-4.4896519231228345,1,0
player_8e71804d6d1e,Reinildo,2021-2022,Defender,8.58028756965887,-3.04178796083592,1,0
player_81d6b862b661,Neuer,2021-2022,Unknown,2.1052077529416984,-1.7365092945070053,1,0
player_f4e98340e600,Weigl,2021-2022,Midfielder,7.676146681517489,-2.908785699034368,1,0
player_566ac8740a2d,Otamendi,2021-2022,Defender,10.279264332594874,-3.429742060043357,1,0
player_d2ea12782ce7,Sané,2021-2022,Midfielder,11.368312382730975,-5.574027662998254,1,0
player_47b2e1f7ed63,Laporte,2021-2022,Defender,9.073945379014948,-3.914226525206849,1,0
player_e6aefa73930e,Müller,2021-2022,Forward,8.562445412705525,-3.9087438503013288,1,0
player_f4e9bc76ea56,Pavard,2021-2022,Unknown,9.522332871191468,-3.682380762067393,1,0
player_8ecc3aa3b0c4,Thiago Silva,2021-2022,Unknown,8.973730022851157,-3.703697716698843,1,0
player_1514a6806671,De Bruyne,2021-2022,Midfielder,9.698099816741625,-4.1251925506007225,1,0
player_fad48fbe33c5,Škriniar,2021-2022,Defender,7.724624297419726,-3.3322342645275764,1,0
player_50a518cf43e1,Kristensen,2021-2022,Defender,7.283493053008354,-2.55992512311923,1,0
player_d2f0c2947114,Martínez,2021-2022,Defender,9.817703030399024,-3.868722197801317,1,0
player_320b3a59a649,Marquinhos,2021-2022,Unknown,5.25219060168862,-2.632394825611029,1,0
player_d4ad10396e23,Fonte,2021-2022,Defender,7.210065727269786,-2.953586919110325,1,0
player_4149dcc82311,Köhn,2021-2022,Goalkeeper,0.2637194851841385,-0.9651537494728776,0,0
player_4183e08d2695,Handanovič,2021-2022,Goalkeeper,0.9362426366765846,-1.2206036511599854,0,0
player_471cc4078df7,Hakimi,2021-2022,Unknown,5.24185991581889,-2.57214843907991,1,0
player_b0e3e68dab30,Ulmer,2021-2022,Defender,6.045927574859471,-2.332323425467328,1,0
player_bafff1df7d91,Gilberto,2021-2022,Unknown,7.242312483068238,-2.7077585688067614,1,0
player_50f870e4bc9e,Aaronson,2021-2022,Midfielder,3.742399243595067,-2.0087197077339582,1,0
player_bfb0c8f945ee,Rafa Silva,2021-2022,Unknown,5.089651665796127,-2.345235726098138,1,0
player_fab2cb4b1a52,Gravenberch,2021-2022,Midfielder,7.894743798228939,-2.846587640101105,1,0
player_d9313455db66,Kimmich,2021-2022,Midfielder,9.10526330198068,-3.609959279761842,1,0
player_223a9432b6ba,Marcos Llorente,2021-2022,Unknown,5.774601627052248,-2.295436954289672,1,0
player_89bae2db9564,Azpilicueta,2021-2022,Defender,7.469593999667192,-3.226381353652588,1,0
player_172522ec1028,David,2021-2022,Forward,3.53633580677546,-2.274175384357957,1,0
player_455ad4beb47b,Mbappé,2021-2022,Forward,9.711275679855008,-4.92822788830158,1,0
player_91c666f31606,Havertz,2021-2022,Midfielder,7.935349473492815,-3.294365765113464,1,0
player_d1fb83c4c01e,Camara,2021-2022,Midfielder,7.562897774990971,-2.543274466898482,1,0
player_91c2dd859c73,Haller,2021-2022,Forward,11.475110879411355,-5.239783547690752,1,0
player_519c604b72c0,Bastoni,2021-2022,Unknown,6.714241582762585,-2.593099955807881,1,0
player_15ee9f0a5ec3,Koke,2021-2022,Unknown,4.764754246982641,-1.9980050032960504,1,0
player_ac6060a318e0,Rúben Dias,2021-2022,Unknown,6.26964383351152,-2.53793082002582,1,0
player_bc516ca0df39,Mazraoui,2021-2022,Defender,8.353416992448253,-3.089818173155595,1,0
player_bb5d78d47f5a,Gündoğan,2021-2022,Midfielder,6.168452963827931,-2.608743188571844,1,0
player_75be7f5ad3be,Upamecano,2021-2022,Defender,8.406540794731638,-3.1930705041387384,1,0
player_8fd319af1794,Foden,2021-2022,Midfielder,7.60205879219433,-3.400624805793482,1,0
player_9966aafd6e7f,Seiwald,2021-2022,Midfielder,8.49761087483597,-2.609434080165436,1,0
player_03ee78eac41f,Estupiñán,2021-2022,Defender,5.554438624990996,-2.053699903447384,1,0
player_a6251e42140d,Stones,2021-2022,Defender,6.31471246967508,-2.7351161879717885,1,0
player_010df191f822,Brozović,2021-2022,Midfielder,8.188068901482092,-3.110280203574664,1,0
player_52857288552a,Coman,2021-2022,Forward,7.166919812226594,-3.258014908865106,1,0
player_1463ccd2104e,Messi,2021-2022,Forward,8.617820339862746,-4.251555819691683,1,0
player_a06b4eb45ee1,Tadić,2021-2022,Forward,5.537749219744916,-2.572565301421614,1,0
player_19984dcaea13,André,2021-2022,Unknown,8.378259890111627,-3.0199590305928066,1,0
player_e814717a5349,Kimpembe,2021-2022,Defender,6.452706560869596,-2.6136611648718344,1,0
player_9baff87b63d7,Adán,2021-2022,Goalkeeper,0.4043255065061879,-0.9525602931822894,0,0
player_712924357e89,Szczęsny,2021-2022,Goalkeeper,0.2133922214757127,-0.8972805910348607,0,0
player_3dc8b54e9504,De Gea,2021-2022,Goalkeeper,-0.0343021430105431,-0.8044604232665117,0,0
player_5e7990602645,Berghuis,2021-2022,Forward,6.049288090501961,-3.0382123008109314,1,0
player_7853274de857,De Ligt,2021-2022,Defender,5.440930547176924,-2.396849417647536,1,0
player_de452ea371c3,Núñez,2021-2022,Forward,5.460218410458039,-2.9437371951658347,1,0
player_004ab6d016c6,Matheus Reis,2021-2022,Unknown,2.9716771498499908,-1.349412973956144,1,0
player_c5aa3124b1ad,Ronaldo,2021-2022,Forward,7.293347455633634,-3.843768078556451,1,0
player_e8c816b2230d,Adeyemi,2021-2022,Forward,5.838755183488956,-2.7723063293311583,1,0
player_914dcf7bfabd,Christensen,2021-2022,Defender,8.206430237870999,-3.2643825618976434,1,0
player_f4e1b0df6006,Zeki Çelik,2021-2022,Unknown,4.333315895678704,-1.9122429698776908,1,0
player_7fd94f6432a3,Giménez,2021-2022,Defender,3.599338051973632,-1.6443047393828611,1,0
player_9f511b73b7a1,Paulinho,2021-2022,Unknown,5.533866482936737,-2.86824078241948,1,0
player_80da5ba91f23,Sterling,2021-2022,Forward,6.911656102388126,-2.733786370552713,1,0
player_dec6a43f91eb,Nuno Mendes,2021-2022,Unknown,3.6844147166943295,-1.7286340632202506,1,0
player_740f367625f5,Bonucci,2021-2022,Defender,4.7107269485883405,-2.0262857947562924,1,0
player_a0a132f5406f,Kondogbia,2021-2022,Midfielder,5.9545105195058206,-2.0747477548129845,1,0
player_c56ff25e9b95,De Paul,2021-2022,Midfielder,6.9298770614521175,-2.4449556246956226,1,0
player_3716114b005e,Antony,2021-2022,Unknown,9.417320955387533,-4.131434419103836,1,0
player_1c3a0b25c3d1,Walker,2021-2022,Defender,5.029478393283061,-2.0559768545111483,1,0
player_40d69f63ca05,João Félix,2021-2022,Unknown,3.9369135941640665,-2.0709284502091947,1,0
player_1d78a59bcf86,Wöber,2021-2022,Defender,6.236429301850169,-2.345545204869018,1,0
player_6013221752df,Blind,2021-2022,Defender,7.007633410987678,-2.843346730130109,1,0
player_7ff87e1a7456,L. Hernández,2021-2022,Defender,9.008186572252802,-2.9822200511329475,1,0
player_ca64316c32b0,J. Timber,2021-2022,Midfielder,7.806172224758028,-2.692388257415155,1,0
player_2efb46bed4b7,Jorginho,2021-2022,Unknown,8.057167079436248,-3.3661566693103886,1,0
player_8d9bc30019a7,Gonçalo Inacio,2021-2022,Unknown,3.425480491455624,-1.7295317048911614,1,0
player_e438d4969c83,Álvarez,2021-2022,Midfielder,9.771618122179753,-2.9917106660793404,1,0
player_4866450eaa39,Alex Sandro,2021-2022,Unknown,5.3338794773715925,-2.126727269785092,1,0
player_b4a82586a801,Alonso,2021-2022,Defender,5.617718663773102,-1.9868226438011212,1,0
player_c99868052fb8,Everton,2021-2022,Unknown,2.4917718302833665,-1.1052954601296603,1,0
player_499b8fd90929,Džeko,2021-2022,Forward,5.482010764843103,-2.823717894188864,1,0
player_776c6991eb94,Vanaken,2021-2022,Midfielder,5.710564864992425,-2.893487870526202,1,0
player_a1d1035cd9af,S. Thill,2021-2022,Midfielder,5.836633264380374,-2.737106461069069,1,0
player_01d22c1dd3a2,Coates,2021-2022,Defender,4.735211031956295,-2.495251215551093,1,0
player_49a30d03c669,Arnold,2021-2022,Midfielder,6.7029807481987,-2.5922976752316496,1,0
player_bbad900e63b4,Cristiano,2021-2022,Defender,3.768992214622768,-1.836066568532372,1,0
player_79c08c1b7f4d,Zabarnyi,2021-2022,Defender,3.589993629835252,-1.6209366319058671,1,0
player_cebdd715d4ec,Fernando,2021-2022,Unknown,6.150733665311449,-2.5040400926150865,1,0
player_ddfd7f4f2f6e,Fernando Costanza,2021-2022,Defender,4.852549525582205,-1.7385870820572575,1,0
player_721c6ff80a6d,Dodô,2021-2022,Defender,5.17614947166295,-2.0026533363517025,1,0
player_59acab823939,Barrios,2021-2022,Midfielder,5.417642234858915,-1.9742644638595863,1,0
player_86e4bc4e8f27,Maxence Lacroix,2021-2022,Other,3.29146409338729,-1.4223708136018007,1,0
player_783a40878ce4,Hendry,2021-2022,Defender,3.4145781580478567,-1.510666061812874,1,0
player_4db2e1c94577,Arboleda,2021-2022,Defender,2.031733555713521,-1.303210889967298,1,0
player_06ccd8ba0126,Dulanto,2021-2022,Defender,4.990524686465374,-2.0297432043327306,1,0
player_5883925e5330,Bounou,2021-2022,Goalkeeper,0.2634876939663452,-0.8953196697668574,0,0
player_03bc3384bc6e,Kobel,2021-2022,Goalkeeper,0.3336104648518901,-0.8775948592402303,0,0
player_f005172b8579,Mignolet,2021-2022,Goalkeeper,0.4455443007600898,-0.90237287431989,0,0
player_07ca7da61a85,Juan Musso,2021-2022,Other,-0.4178933346083163,-0.3791428686805485,0,0
player_0823999b8498,Pasveer,2021-2022,Goalkeeper,0.76251656459064,-1.0152358576301557,0,0
player_cd86f728cc97,Grbić,2021-2022,Goalkeeper,-0.3945075652083977,-0.6022224218409631,0,0
player_705dd27cd1bd,Diogo Costa,2021-2022,Unknown,0.6909490755644971,-0.9641193759114796,0,0
player_46a5916b7332,Ter Stegen,2021-2022,Goalkeeper,0.6576396163948502,-0.983727778460764,0,0
player_48aeb40a2e59,Locatelli,2021-2022,Midfielder,6.076719976959156,-2.049495774864834,1,0
player_c9218806d39b,Diego Carlos,2021-2022,Unknown,5.40105457146279,-2.490403627404713,1,0
player_4186ddc219dc,Mount,2021-2022,Midfielder,5.54741317105137,-2.168202072898994,1,0
player_7d453b8d4ded,Rabiot,2021-2022,Midfielder,5.896061329177614,-2.150799443302838,1,0
player_2634dfc13399,Sydorchuk,2021-2022,Midfielder,5.04782746100039,-2.140181168167448,1,0
player_b2101f1f0d72,Maguire,2021-2022,Defender,5.236511569870912,-2.303044217658826,1,0
player_e64154c5b0f0,João Palhinha,2021-2022,Unknown,8.434838388759124,-2.179667556906824,1,0
player_7fba3f68c548,Tiago Djaló,2021-2022,Unknown,4.100758453053655,-1.6437650141163969,1,0
player_007678d52721,Moumi Ngamaleu,2021-2022,Midfielder,6.09467143877658,-2.389104274553981,1,0
player_874936b265ac,Perišić,2021-2022,Midfielder,4.632022666592462,-1.767619636614398,1,0
player_e1ec3c9030a5,Nkunku,2021-2022,Midfielder,7.993017884906794,-3.742290690921609,1,0
player_3c32e93633ab,Traore,2021-2022,Midfielder,4.295085915736714,-2.0107670599226486,1,0
player_68e5cc24a84e,Burak Yılmaz,2021-2022,Forward,2.6369271332222004,-1.504135927421379,1,0
player_a36f3380b794,Pedro Porro,2021-2022,Unknown,3.848713479090212,-1.9099706017577052,1,0
player_197b26ddb02f,Lang,2021-2022,Forward,5.088588852699721,-2.3946719357082835,1,0
player_d11b0b9d97a6,Clinton Mata,2021-2022,Unknown,3.188120294946996,-1.4392849616143994,1,0
player_4c64c0193035,Freuler,2021-2022,Midfielder,6.062199215390448,-2.648447461148384,1,0
player_43f8b68f416d,Depay,2021-2022,Forward,1.898916252834753,-1.1700255791197165,1,0
player_112495f403ec,Gerard Moreno,2021-2022,Unknown,5.325686270075711,-2.784431147349483,1,0
player_abb5247cdbdf,Lo Celso,2021-2022,Midfielder,5.25831957784581,-1.9327792370775023,1,0
player_9c7e5762ebf5,F. de Jong,2021-2022,Midfielder,5.107745752393587,-2.001685620465182,1,0
player_4fd5feffffe5,Morata,2021-2022,Forward,3.94010089362268,-1.9991418324186725,1,0
player_cfea3f3802dc,Bruno Fernandes,2021-2022,Unknown,6.913280940568503,-2.8445334773732447,1,0
player_3be92d68de81,Griezmann,2021-2022,Forward,6.7028989389157285,-2.374019993566324,1,0
player_129e1eb7b1db,Sučić,2021-2022,Midfielder,3.434920287910716,-1.5104924482394453,1,0
player_6a3c53f03980,Süle,2021-2022,Defender,5.155241284689796,-1.9185551556999791,1,0
player_4a0aba13f2c5,Yaremchuk,2021-2022,Forward,4.6002510603939015,-2.3620717585010333,1,0
player_b093daa51bcc,Sarabia,2021-2022,Forward,2.7551040299095773,-1.6244300348646454,1,0
player_92066ccff864,Matheus Nunes,2021-2022,Unknown,4.408476724303156,-2.1870808282476384,1,0
player_695841394871,James,2021-2022,Defender,6.342609740590958,-2.6383183192141395,1,0
player_5deacff4f8f6,Aebischer,2021-2022,Midfielder,5.802985488720912,-2.183860732289965,1,0
player_eca7e86dc137,Bellingham,2021-2022,Midfielder,8.038776407215813,-2.9356023292616187,1,0
player_5bf9c68f11a2,Zinchenko,2021-2022,Defender,5.880943280906629,-2.1243496986487527,1,0
player_a41ad07569f5,De Ketelaere,2021-2022,Forward,2.1981984882033783,-1.4307759463926224,1,0
player_4e011a5d43cf,Čolak,2021-2022,Forward,2.158466396507837,-0.9558918396019922,1,0
player_abc76765bf30,Reus,2021-2022,Midfielder,6.218878744842229,-2.975682373943977,1,0
player_73421d5f292c,Rakitskyy,2021-2022,Defender,6.758365856001785,-2.794732245102525,1,0
player_740d51dc41f1,Barella,2021-2022,Unknown,3.4244543313628237,-1.049715221477057,1,0
player_bcf6884576cb,Innocent,2021-2022,Midfielder,4.907138057289547,-1.483054805303624,1,0
player_5b9078352d5a,Taremi,2021-2022,Forward,4.080245320959018,-1.8004739182662746,1,0
player_bf5dce39f176,João Mário,2021-2022,Unknown,6.19560634766386,-2.2256581346788757,1,0
player_cb7526a20250,Addo,2021-2022,Midfielder,6.760528116488277,-1.823679485236543,1,0
player_967d7496efdb,Tsygankov,2021-2022,Midfielder,3.7906395875679526,-1.6799383573237523,1,0
player_9773bf404d60,Elia,2021-2022,Forward,2.9823426089250447,-1.567124836213177,1,0
player_7de3d6cd392b,De Vrij,2021-2022,Defender,5.296114133317283,-2.2374614688655843,1,0
player_2a7a67917f74,Sergio Busquets,2021-2022,Unknown,6.264281138509566,-1.984249772589909,1,0
player_5d457216e51e,Shaparenko,2021-2022,Midfielder,6.338632633476321,-2.1320809294887058,1,0
player_c831c92cd56d,Mukiele,2021-2022,Defender,4.835225073137779,-1.837527088800253,1,0
player_b1bdd80eb9ef,Wendel,2021-2022,Midfielder,5.660707720422379,-2.315562166078975,1,0
player_73c96a9bb750,Meunier,2021-2022,Defender,4.835914021327228,-1.87081329536674,1,0
player_9421124577c2,De Roon,2021-2022,Midfielder,5.272033401988411,-1.745057858835084,1,0
player_eac792c93e91,Nsoki,2021-2022,Defender,4.231312816364945,-1.496776810483794,1,0
player_47947c0ab827,Renan Lodi,2021-2022,Unknown,5.8931800615330365,-1.744046874255705,1,0
player_570b7f149ef6,Davies,2021-2022,Midfielder,4.801523495990922,-1.7060127752745944,1,0
player_27c3587610d7,Maycon,2021-2022,Midfielder,4.192952138837694,-1.5887781105840548,1,0
player_27d54f2b91fc,Carrasco,2021-2022,Forward,1.2948190817738363,-0.4316726925094621,0,0
player_5d978bac3469,Cuadrado,2021-2022,Midfielder,4.033593599582578,-1.540067570058666,1,0
player_7e04da88cbb8,Felipe,2021-2022,Unknown,4.31972169357736,-0.6822653026359179,1,0
player_7815b02f5c10,Witsel,2021-2022,Midfielder,5.029731646709712,-1.8506626377236584,1,0
player_70080aa08b4f,Neymar,2021-2022,Unknown,3.538618382754949,-1.67245017537513,1,0
player_bca8b6db3c84,Bamba,2021-2022,Forward,4.421077943126738,-1.7264950553840614,1,0
player_936f80317412,Dumfries,2021-2022,Unknown,3.1800358457077142,-1.0971188209832603,1,0
player_c18f68284614,Goretzka,2021-2022,Midfielder,6.509372007440132,-2.1121088672460098,1,0
player_0e458b6779b9,Zapata,2021-2022,Forward,6.052843591142391,-2.8412169885876137,1,0
player_148e80fe67ab,Coquelin,2021-2022,Midfielder,4.683027342393287,-1.2803219574610754,1,0
player_bf7eab7c489a,Ocampos,2021-2022,Midfielder,4.164458325021728,-1.9809537944899973,1,0
player_638d49d40512,Lauper,2021-2022,Midfielder,5.924199465412642,-2.004383094807204,1,0
player_9a74d934350e,Grealish,2021-2022,Midfielder,4.558079783027617,-1.7059188776509908,1,0
player_132ab4399584,Claudinho,2021-2022,Midfielder,6.104449296826707,-2.3770692252107346,1,0
player_dd9e2080ceeb,Otávio,2021-2022,Unknown,4.2828625093425625,-1.2539408863988908,1,0
player_76014e01d291,Feddal,2021-2022,Defender,2.9990025038815333,-1.1811687766793169,1,0
player_e12b91ef8120,Palomino,2021-2022,Defender,5.382911991521547,-2.29737604564385,1,0
player_f167aae51a2e,T. Hernández,2021-2022,Defender,3.982820452171648,-1.688480318527502,1,0
player_62bf43e2db26,Danilo,2021-2022,Unknown,4.315509567120304,-1.7441571801373337,1,0
player_06e97612795e,Mykolenko,2021-2022,Defender,2.7743023510832736,-1.2824336544978014,1,0
player_e824cf46abf1,Syrota,2021-2022,Defender,2.613547493793463,-1.172214839357821,1,0
player_497cfe9fd0a4,Koundé,2021-2022,Defender,4.895311208030543,-1.9220791366115069,1,0
player_86273ce3ae5d,Savić,2021-2022,Defender,3.114221691981113,-1.4195644683055912,1,0
player_544d65251b57,Akanji,2021-2022,Defender,3.686044967521809,-1.5391039308220371,1,0
player_6eeca279b335,L. Nielsen,2021-2022,Defender,3.28307890712515,-1.5136304422419635,1,0
player_c8f759a53985,Marlon,2021-2022,Defender,4.65761329269161,-1.7385361448063663,1,0
player_cf885adcca86,Mbemba,2021-2022,Defender,3.979332153937365,-1.2215466341268888,1,0
player_45b3aad9d77e,Casteels,2021-2022,Goalkeeper,0.1289539107128485,-0.7206114035277866,0,0
player_1991054e095e,Ersin Destanoğlu,2021-2022,Goalkeeper,-0.156739394179601,-0.6343072696648285,0,0
player_bc120503eea2,Donnarumma,2021-2022,Unknown,0.2964382551508873,-0.7889129274863054,0,0
player_0922bc03451a,Gulácsi,2021-2022,Goalkeeper,0.2981001020500838,-0.7832262131819819,0,0
player_78438dd618b4,Bushchan,2021-2022,Goalkeeper,0.2598849055934432,-0.7595284685814204,0,0
player_c20411752f34,Athanasiadis,2021-2022,Goalkeeper,-0.1078035023377998,-0.6476074517506321,0,0
player_2125ebb87ab9,Musiala,2021-2022,Midfielder,3.626363578159238,-1.4667916958663345,1,0
player_7c0fe9712162,Brorsson,2021-2022,Defender,3.056820088605185,-1.408249838862141,1,0
player_82808be83c55,Ziyech,2021-2022,Midfielder,7.034799683657397,-2.282414595189025,1,0
player_7ab818320507,Saelemaekers,2021-2022,Midfielder,3.524823153693145,-1.206353480595307,1,0
player_8dad21924f80,Douglas Santos,2021-2022,Defender,4.000786122097869,-1.6258553514066738,1,0
player_810a50a04a6b,Chistiakov,2021-2022,Defender,4.650319817042377,-1.2999799428074328,1,0
player_86a32c5aa5f7,Welinton Souza,2021-2022,Defender,7.300009514280084,-1.8050977643101325,1,0
player_5b340a5c6da1,Berget,2021-2022,Midfielder,1.2825839515328552,-0.7796689509178891,0,0
player_1f1139d9c904,Onguéné,2021-2022,Defender,3.904776934832149,-1.5108010959342526,1,0
player_2bc790fd00f7,Buyalskiy,2021-2022,Midfielder,2.2019513709563845,-1.2333591347983548,1,0
player_9e6656d4d226,Xeka,2021-2022,Unknown,4.177149539977744,-1.5070676866979935,1,0
player_9f43f0450c79,Mæhle,2021-2022,Defender,2.794348456711239,-1.2821943768857729,1,0
player_bbb5ff6dc382,Garcia,2021-2022,Defender,4.434955909918981,-1.4964853842661996,1,0
player_8fd8242b397b,Malcom,2021-2022,Forward,2.934379755584224,-1.340668791306053,1,0
player_570a90bfbf8c,Fred,2021-2022,Unknown,4.4650740048009,-1.6251078999837754,1,0
player_73aa9edc62f8,Angeliño,2021-2022,Unknown,3.4993520451586635,-1.2899571769600169,1,0
player_460f4a14bf90,Pedraza,2021-2022,Midfielder,3.205782997893304,-1.024566573788737,1,0
player_3080d0cf1837,Pino,2021-2022,Forward,4.482224373354424,-1.7759144677526582,1,0
player_fca11899dc84,Verratti,2021-2022,Midfielder,8.51815803404759,-2.4420773652448333,1,0
player_190437caef4c,Guilavogui,2021-2022,Midfielder,6.310377080195278,-1.509091287297004,1,0
player_25b3aa69437c,Kanté,2021-2022,Midfielder,5.220978425821679,-1.358036551494327,1,0
player_6c2a2c9072c4,Kovačić,2021-2022,Midfielder,5.58233537312258,-1.6463591415985712,1,0
player_6cff880c5b9e,Lindelöf,2021-2022,Defender,4.323712213599688,-1.59535263297693,1,0
player_037e5eff9479,Hermoso,2021-2022,Defender,3.148347543694507,-0.9897726480185398,1,0
player_139f3aa84af6,C. Martins Pereira,2021-2022,Midfielder,4.666469364857712,-1.4894891407365438,1,0
player_3b221cc45695,Hakan Çalhanoglu,2021-2022,Unknown,3.1191366566404204,-1.155965351391035,1,0
player_76779bca4b0a,Wan-Bissaka,2021-2022,Defender,3.891951060443257,-0.70826969328799,1,0
player_32b0c58ec292,Tomori,2021-2022,Defender,5.639776555916085,-2.1904451714705155,1,0
player_3efd0f8070d0,Botman,2021-2022,Defender,4.2329201414777975,-1.6477390115684678,1,0
player_300b8d1882cf,Rits,2021-2022,Midfielder,3.174177747329024,-1.609110374372427,1,0
player_b4356e39ac60,Ridle Baku,2021-2022,Other,0.5332764733123904,-0.7277247113903061,0,0
player_c44c5c1110a8,Ahmedhodžić,2021-2022,Defender,4.11164335426002,-0.933386982483485,1,0
player_65e2ed04c7c2,André Silva,2021-2022,Unknown,5.7275991750341015,-2.525659799207637,1,0
player_fb79830ab768,Vidal,2021-2022,Midfielder,7.417250534918807,-2.250422819729902,1,0
player_abb9a26b4ea1,Balanta,2021-2022,Midfielder,6.87750353014772,-1.7528959460833973,1,0
player_18713a12b134,Renato Sanches,2021-2022,Unknown,2.4522380969926227,-0.9537389798086436,1,0
player_6409449e77e2,Zappacosta,2021-2022,Defender,3.486154153975726,-1.2957926611630153,1,0
player_2e3bf78c88c8,Laimer,2021-2022,Midfielder,4.759303229888484,-1.2696657700340226,1,0
player_ba7f27aad714,Kolovos,2021-2022,Midfielder,0.7512596479498943,-0.6013887179984028,0,0
player_d3076319e992,Valentin Rosier,2021-2022,Defender,2.51274963864534,-0.9448167992057988,1,0
player_f8aae089eda7,Correa,2021-2022,Forward,4.371552907003463,-1.382534356346955,1,0
player_a8f0d1149ce6,Gueye,2021-2022,Midfielder,5.217134289446086,-1.5918353781314585,1,0
player_18e1f654a8c4,McTominay,2021-2022,Midfielder,4.476421218230064,-1.4117643109889668,1,0
player_dfc12f9896be,Gavi,2021-2022,Unknown,4.883518768653522,-1.2158411258719548,1,0
player_e412d61fc240,Weghorst,2021-2022,Forward,3.258039492457365,-1.1965759304303336,1,0
player_a84de33b6cb5,Shaw,2021-2022,Defender,4.628926039724204,-1.643455574907268,1,0
player_daa5bb9c0113,Brandt,2021-2022,Midfielder,2.406763273539932,-1.0104656840565718,1,0
player_28e1f4189719,Sancho,2021-2022,Midfielder,2.5026183867697265,-1.2361578600645269,1,0
player_6b72272c0fff,Piqué,2021-2022,Defender,6.412818070818016,-2.3580521715528344,1,0
player_51e442a4c9c0,Malen,2021-2022,Forward,3.451072338585907,-1.7499376031454428,1,0
player_f92c5b166e36,Romagnoli,2021-2022,Defender,3.5640948634104395,-1.1115246115832915,1,0
player_1940f443f48c,Gnabry,2021-2022,Forward,5.977412141157814,-2.511118787135334,1,0
player_3e0d20cb81e7,Zaidu,2021-2022,Defender,2.708744826829854,-0.8669850582551479,1,0
player_feb709c7fb6e,McKennie,2021-2022,Midfielder,2.940491888966069,-1.0673131619399046,1,0
player_ced1553c0414,Hefti,2021-2022,Defender,4.791074967063381,-1.7615427587987729,1,0
player_7d824a674a79,Forsberg,2021-2022,Forward,4.250435272251351,-1.8481830146410152,1,0
player_ec6e3ced93ba,Batshuayi,2021-2022,Forward,2.0632281300849784,-0.9600233089700344,1,0
player_73d7acd7caef,Bentancur,2021-2022,Midfielder,3.290351049000184,-1.062438911037632,1,0
player_44c60b8eb798,Ricardo Esgaio,2021-2022,Unknown,3.308798652116734,-1.026591943150683,1,0
player_91992b3532cc,Acuña,2021-2022,Defender,4.136649377784951,-1.0047232807126425,1,0
player_829a31c41663,Lemar,2021-2022,Midfielder,2.6804287553695167,-0.919632740106058,1,0
player_462346b8825e,Bennacer,2021-2022,Midfielder,4.421317103880678,-1.1578148292526853,1,0
player_314239fd7f26,De Pena,2021-2022,Midfielder,1.189149143203672,-0.5991981810285392,0,0
player_bd974787ed78,Jordi Alba,2021-2022,Unknown,3.670881848123073,-1.4073430998877126,1,0
player_2db313fabca5,Tetê,2021-2022,Forward,1.939364027194374,-0.7571923501459398,1,0
player_3cc38164f805,Demiral,2021-2022,Defender,4.196291905873882,-1.7847649518337796,1,0
player_1c98bb5f86f7,Gonçalo Ramos,2021-2022,Unknown,3.483861809821469,-1.388927911990009,1,0
player_3a788db989a2,Luís Neto,2021-2022,Unknown,3.0173222681148206,-0.9329841623201016,1,0
player_832a66f8a7c8,Pulišić,2021-2022,Midfielder,2.704894056827425,-1.352573393617296,1,0
player_fcbc27a1f55b,Ronald Araújo,2021-2022,Unknown,2.502130913946853,-1.0599095481959315,1,0
player_9c32f6358006,Kędziora,2021-2022,Defender,1.7229379459110994,-0.6896888107732375,1,0
player_b85016598c33,Jérôme Roussillon,2021-2022,Other,1.8381167560682343,-0.4595359835555972,1,0
player_290f5a88383a,Tolói,2021-2022,Defender,3.638104792795473,-1.271194511416809,1,0
player_979a46fe2e29,Matviyenko,2021-2022,Defender,3.716405296567512,-1.3831712064332,1,0
player_d86830950f8c,Kritsyuk,2021-2022,Goalkeeper,-0.3495706372139177,-0.521456503442831,0,0
player_ad149cf55b6d,Loftus-Cheek,2021-2022,Forward,4.169805427642278,-1.3179807648822706,1,0
player_0fa74afdcec4,Hummels,2021-2022,Defender,5.031342393379211,-0.915164488497643,1,0
player_dc6f9fc8a45e,Castañeda,2021-2022,Midfielder,2.18935916402687,-0.7285720570901116,1,0
player_25ee7f6d9367,Klostermann,2021-2022,Defender,2.6789217558019423,-0.98177511233518,1,0
player_04d5ceae6412,Birmančević,2021-2022,Midfielder,1.196756414707617,-0.5475705021007997,0,0
player_214dbb7b8c27,Ismaily,2021-2022,Unknown,1.2877350351787138,-0.7331129732169579,0,0
player_edc2263ed046,Larin,2021-2022,Forward,4.650215021557595,-1.7973670549077976,1,0
player_7d591c2b48f8,Varane,2021-2022,Defender,4.000976881550544,-1.4099332865125096,1,0
player_110d46fcd978,Jesus,2021-2022,Forward,6.539179148804424,-2.697635440871594,1,0
player_6d60b12e4036,Brahim Díaz,2021-2022,Unknown,2.2198547878209496,-1.346288549877939,1,0
player_926e27eecdbc,Pepe,2021-2022,Unknown,2.994859312384556,-1.0973468002139877,1,0
player_3fca88662462,Fernandinho,2021-2022,Unknown,3.9464056458441488,-1.2858742530849665,1,0
player_f60871881a96,Luis Suárez,2021-2022,Unknown,1.651590789603243,-1.025267630792022,1,0
player_690c6ddb3f2b,Pogba,2021-2022,Midfielder,2.532452274468456,-0.6387347842407672,1,0
player_c9fdf6877d16,Okafor,2021-2022,Midfielder,3.5290085568346887,-1.7027472057224255,1,0
player_997327c1d079,Rachid Ghezzal,2021-2022,Forward,3.130221449750756,-1.262403335611323,1,0
player_4eae4eac9dfe,Lenglet,2021-2022,Defender,4.20015212302989,-1.4894801646769793,1,0
player_b00bbc855359,Taarabt,2021-2022,Midfielder,2.7410487718092083,-0.722900190977141,1,0
player_1ca918f9eda8,Pedrinho,2021-2022,Midfielder,2.5388241941828222,-1.0483184695688483,1,0
player_b0cb46d5edf9,Siebatcheu,2021-2022,Forward,2.379560531245886,-1.097105144441583,1,0
player_6597925c28f6,Aster Vranckx,2021-2022,Other,1.2575902715834308,-0.3136572288645481,0,0
player_b9272c9ba3de,Chiesa,2021-2022,Forward,2.827082348607384,-1.5159554663782162,1,0
player_d4ce6aa45e3c,Gvardiol,2021-2022,Defender,4.243894180098063,-0.78639901238046,1,0
player_ea23c827fd70,Tonali,2021-2022,Midfielder,1.9166597931864136,-0.5092950892254697,1,0
player_27620d661e2a,Jesús Navas,2021-2022,Unknown,2.461877747839989,-1.1454393647659875,1,0
player_8f7bca4ecfbd,Sobol,2021-2022,Defender,1.4431480985009832,-0.7199761653138887,0,0
player_0204d33806d5,John Brooks,2021-2022,Other,2.7840786892851503,-0.4379799949963956,1,0
player_01e50299e0e3,Trigueros,2021-2022,Midfielder,3.2114701715306126,-1.1196975222468142,1,0
player_7319b30e9da9,Pedro Gonçalves,2021-2022,Unknown,4.289131700178201,-2.2420466320049592,1,0
player_b3d1430d7b38,Kevin Mbabu,2021-2022,Other,2.0810839996862143,-0.2550250550435701,1,0
player_0792e47617d1,Solet,2021-2022,Defender,2.9267624309841933,-0.9051686492786526,1,0
player_ea7a826aea07,Christiansen,2021-2022,Midfielder,2.725970481221907,-1.0742894832600964,1,0
player_bd10aca36e00,Jordán,2021-2022,Midfielder,5.643240918433508,-1.188340589033021,1,0
player_a9f94b0c3bcd,Herrera,2021-2022,Midfielder,4.5287123786547365,-1.447844458790719,1,0
player_53fadc78fd27,Garmash,2021-2022,Midfielder,4.630844685034083,-1.2568120913928804,1,0
player_73e72db0d629,Aké,2021-2022,Defender,4.088435989901191,-1.441086232925502,1,0
player_e11024b9245f,L. Nmecha,2021-2022,Forward,4.549883282916529,-1.7821570391109538,1,0
player_bbdd0e294fd1,Solomon,2021-2022,Midfielder,1.395224787693259,-0.6471210557551198,0,0
player_ac6d3cce2d16,Franck Kessié,2021-2022,Other,3.460959982496394,-0.3065579875532929,1,0
player_d8b82972ad81,Lukaku,2021-2022,Forward,1.7040494805083195,-1.0657046629886957,1,0
player_5d9ef3b13ccb,Grujić,2021-2022,Midfielder,4.985148563691419,-1.2814798929822837,1,0
player_51bf195bf565,Paredes,2021-2022,Midfielder,5.66204374216216,-1.4180467746720289,1,0
player_edc365cf4a4e,Calabria,2021-2022,Defender,1.1036328958141428,-0.5431876288916672,0,0
player_5cf4289a5bee,Orbán,2021-2022,Defender,3.3505999539550717,-1.0519681387395057,1,0
player_d12f0006512e,Lovren,2021-2022,Defender,2.538541627223347,-1.0493592355460295,1,0
player_ae749284d13f,Dahlin,2021-2022,Goalkeeper,-0.2675749131883349,-0.4634824492265993,0,0
player_6c01b4192dac,Evanilson,2021-2022,Unknown,1.4768541585483168,-0.5098549189410648,0,0
player_879ab0a0c226,Welinton,2021-2022,Defender,4.563933318048361,-0.6318702177953655,1,0
player_e3928a3bc4be,Bruno,2021-2022,Unknown,1.0051972000006877,-0.2751444418144737,0,0
player_782ca1470254,Moreno,2021-2022,Defender,3.3805695489324754,-1.2779874480428384,1,0
player_1ce3d289cf4f,Montero,2021-2022,Defender,5.31893548225398,-2.2347903179983173,1,0
player_4b9830dc1b98,Vrsaljko,2021-2022,Defender,3.312367877320595,-0.5738180089228283,1,0
player_878bb9050b9a,Greenwood,2021-2022,Forward,2.487730325851341,-1.602245892541912,1,0
player_2ddf018d6c4e,Azmoun,2021-2022,Forward,2.721045243990804,-1.4097724920916908,1,0
player_85af0e6c1a23,Malinovskyi,2021-2022,Midfielder,3.429930126940301,-1.077779136652116,1,0
player_743ec79c8073,Sérgio Oliveira,2021-2022,Unknown,2.6908521510986896,-1.1031495716814304,1,0
player_722258a78478,Karavaev,2021-2022,Defender,1.795355739494789,-0.8591627881267753,1,0
player_418661520686,Sowah,2021-2022,Forward,1.67013495535125,-0.3656195335317405,1,0
player_69eaa3646881,Ikoné,2021-2022,Midfielder,5.261951157808606,-1.9697320909511231,1,0
player_94cc16e3b927,Simakan,2021-2022,Defender,3.5706647312604334,-0.991477280445128,1,0
player_8032a19ecea6,Lukebakio,2021-2022,Forward,0.1793390003460867,-0.1277717088438589,0,0
player_42c5190b5158,Rafael Leão,2021-2022,Unknown,2.0817675651144487,-1.6731059298235862,1,0
player_3d145f182615,Sutormin,2021-2022,Midfielder,2.0287998214946423,-1.3219082236393942,1,0
player_771007bf009c,Alex Telles,2021-2022,Unknown,3.391157408031978,-2.0486956167231907,1,0
player_6a19b31d83f7,Bernardeschi,2021-2022,Midfielder,2.994257510073477,-1.1222134466085112,1,0
player_3cc4a9a458d4,Adams,2021-2022,Midfielder,4.338692196195496,-1.1799367443783055,1,0
player_2797b6e1b0db,Hudson-Odoi,2021-2022,Midfielder,3.8412538352127927,-1.4655275423674332,1,0
player_7d19b1903a30,Uribe,2021-2022,Midfielder,4.722443919992033,-1.1225988914346166,1,0
player_f2ae0f2bb3b4,De Sciglio,2021-2022,Defender,2.809867539606996,-0.7506750086650205,1,0
player_e632b1d17f97,M. Olsson,2021-2022,Defender,0.9428287318419416,-0.3347348918614099,0,0
player_3f238cb47096,Dimarco,2021-2022,Unknown,2.253891457035512,-0.669976651020393,1,0
player_1cd9daa626f2,Capaldo,2021-2022,Midfielder,5.527323739593096,-0.6214144751920627,1,0
player_27e110c11bce,Peña,2021-2022,Midfielder,3.4430030201403703,-0.8113612163795575,1,0
player_34bf9ae8e8c5,Dzyuba,2021-2022,Forward,0.339456167878512,-0.2903023759345524,0,0
player_676b735972f2,Rakitić,2021-2022,Midfielder,4.506919327597976,-1.535188779493873,1,0
player_0eb179b9b8c0,Larsson,2021-2022,Defender,1.8220622359162568,-0.6321239029060726,1,0
player_9b62d9b38fbf,Chukwueze,2021-2022,Midfielder,1.7786782073873877,-0.9141501752436992,1,0
player_1fe9e32211a3,Rakip,2021-2022,Midfielder,2.486361159338095,-0.2484575193213915,1,0
player_bf50f05d7727,Rieder,2021-2022,Midfielder,3.1827081697698785,-0.7822779283271734,1,0
player_ebb6d452efea,Rafa Mir,2021-2022,Forward,2.01459753912138,-0.9481395617745626,1,0
player_3f6feb668874,Kampl,2021-2022,Midfielder,3.2390557555755874,-0.8818518542791739,1,0
player_943976124a3a,Verissimo,2021-2022,Defender,2.005804821436757,-0.8069999980489293,1,0
player_3b14e7ccb167,N'Sakala,2021-2022,Defender,1.8424711340923217,-0.6621887925475429,1,0
player_5df334b5c078,Kjær,2021-2022,Defender,1.9416782269386064,-0.8036964167937396,1,0
player_0cdbe862d77e,Faivre,2021-2022,Goalkeeper,-0.0099582317806488,-0.5220836742887642,0,0
player_84b1062e2dee,Tătăruşanu,2021-2022,Goalkeeper,-0.1278193424493383,-0.5184728645694163,0,0
player_9f85c8f2f3af,Maignan,2021-2022,Goalkeeper,-0.2241496133672088,-0.4571805924341138,0,0
player_eff768079d11,Trubin,2021-2022,Goalkeeper,-0.2167867816953126,-0.4850568733704364,0,0
player_b6455687e84d,Navas,2021-2022,Goalkeeper,-0.1264605174852507,-0.5080310097763114,0,0
player_d8bc6bebff9d,Von Ballmoos,2021-2022,Goalkeeper,-0.4935496712302623,-0.3965491136059353,0,0
player_b9c256d03c2d,Fassnacht,2021-2022,Midfielder,2.0588525532106905,-1.031828386150586,1,0
player_c0f8a7e9f39c,Alan Patrick,2021-2022,Midfielder,2.558345340829486,-0.6804396406794158,1,0
player_b172ba57ae55,Pyatov,2021-2022,Goalkeeper,-0.1936735662567858,-0.4929903053606609,0,0
player_68830aef4dbf,Arthur,2021-2022,Unknown,3.1931155773080966,-0.6583595040212082,1,0
player_a1a9cb6619ee,Kenan Karaman,2021-2022,Forward,0.4079498566371244,-0.0763826673835394,0,0
player_17deac925f7a,Wijnaldum,2021-2022,Midfielder,2.9597145266080247,-1.3184269116774734,1,0
player_561f6e33ca3b,Giroud,2021-2022,Forward,2.017518943389549,-0.6794540157252631,1,0
player_d3e8161392f1,Pjanic,2021-2022,Midfielder,3.272981750215957,-1.1691900932802668,1,0
player_c8975f3c39af,Mehmet Topal,2021-2022,Unknown,0.3787176937652056,-0.5077299281657869,0,0
player_e384c73504d5,Di María,2021-2022,Forward,3.010861713689596,-0.7241339313521602,1,0
player_510a6558e27c,Djimsiti,2021-2022,Defender,2.872520268395264,-0.4485610241365718,1,0
player_f42a6a09e278,Dia,2021-2022,Forward,0.8696103131084841,-0.4313121818290287,0,0
player_7326d1347ee4,Renato Steffen,2021-2022,Other,2.324372952328925,-0.8951329391373256,1,0
player_de8c4a3d7c51,Onana,2021-2022,Midfielder,1.29670581788477,-0.0421624200133922,0,0
player_b9df6627e70e,Rashford,2021-2022,Forward,2.26105849189392,-0.9020001368264466,1,0
player_ed05f06d726e,Kuzyaev,2021-2022,Midfielder,1.5431708922170884,-0.8071348125988737,1,0
player_783353bcb347,Marcos Antônio,2021-2022,Midfielder,2.7866930893681983,-0.5747719850939959,1,0
player_1da559d90641,Dybala,2021-2022,Forward,4.243054159611986,-1.7276078785846667,1,0
player_619315df02f3,Weah,2021-2022,Forward,0.1855492525349125,-0.1282513657510975,0,0
player_fdeade6f6b2f,Umut Meraş,2021-2022,Defender,0.6018978213229212,-0.4874002576013981,0,0
player_2214defe87d0,Krunić,2021-2022,Midfielder,1.0469432641320844,-0.244694387338528,0,0
player_e11aa9e18a91,Iličić,2021-2022,Midfielder,1.764596036506851,-0.9345092525817426,1,0
player_d389b73e430e,Nico González,2021-2022,Unknown,2.4322448639674508,-0.5068488680189902,1,0
player_69cab7cb03a9,Eric García,2021-2022,Unknown,3.906781136669626,-0.4938421027798188,1,0
player_68124427ce41,Werner,2021-2022,Forward,3.616934737704173,-1.8897245899384236,1,0
player_7587d847592f,Gudmundsson,2021-2022,Defender,0.9238062654496002,-0.3169494261574712,0,0
player_fe5f8a59315e,Sierro,2021-2022,Midfielder,3.2972832846670763,-1.0230732375652516,1,0
player_dee391fce035,André Almeida,2021-2022,Unknown,0.9829252896964352,-0.1153457845273662,0,0
player_b93b423bf75b,Šeško,2021-2022,Forward,0.8446539007931485,-0.1727100229580576,0,0
player_64ba54e02fae,Tolisso,2021-2022,Midfielder,3.364498648850384,-0.6855559335922884,1,0
player_0b0ccd94bfdf,Dalot,2021-2022,Defender,2.3849362159527714,-0.7059517053454818,1,0
player_fc726eb28c1e,Klaassen,2021-2022,Midfielder,2.6923137874509018,-1.1804233855477384,1,0
player_00d304cc243f,Adamu,2021-2022,Forward,2.237499299081909,-0.2439177624866315,1,0
player_32f2ad0ff04b,Dest,2021-2022,Defender,2.044122943194264,-0.5118342765094114,1,0
player_2a856bf0dfe1,Suso,2021-2022,Unknown,1.7512554011328954,-0.5436534472835802,1,0
player_2dfb0b34c4fb,Stepanenko,2021-2022,Midfielder,2.060023307951134,-0.1660032196609105,1,0
player_89a37127a9fb,Diawara,2021-2022,Goalkeeper,-0.5850450312371472,-0.214436630382461,0,0
player_afffdb11aaf8,Moi Gómez,2021-2022,Midfielder,1.420113461629462,-0.2518437348363969,0,0
player_35973d149061,Rieks,2021-2022,Midfielder,1.6582379700594978,-0.9592490748793312,1,0
player_0c9f9c6da48b,Pašalić,2021-2022,Midfielder,1.8867008038254751,-0.8224016521250146,1,0
player_551d3f6b6bb4,Trippier,2021-2022,Defender,0.5378633384246015,-0.2936443408806253,0,0
player_2c3012a540d9,Mingueza,2021-2022,Defender,1.853197005249682,-0.0755013522478729,1,0
player_9bcd89df4cc4,Bozdoğan,2021-2022,Midfielder,0.7205401204283616,-0.1447704200967697,0,0
player_0e793d0901e9,Nuno Santos,2021-2022,Forward,0.3950647324733266,-0.5210325963420662,0,0
player_2c4bc4bbc866,Vitinha,2021-2022,Unknown,2.613959771390317,-0.4926099402813272,1,0
player_1ecb42da1dbb,Kalulu,2021-2022,Defender,1.9732204587245064,-0.3826418247429377,1,0
player_4f12f6c97b20,Dahoud,2021-2022,Midfielder,2.2803311841699454,-0.5712233617407405,1,0
player_8215e48bd370,Corona,2021-2022,Forward,1.106058488243419,-0.1792567700320393,0,0
player_e327fa17d009,Nianzou,2021-2022,Midfielder,3.422998540391554,-0.4053080628068536,1,0
player_cfa5b3b19874,Pessina,2021-2022,Midfielder,1.7947400098469306,-0.8260428299555358,1,0
player_3db0890b762d,Koopmeiners,2021-2022,Midfielder,1.6959095757471194,-0.1639299683979173,0,0
player_33e9d770e33b,Szoboszlai,2021-2022,Midfielder,1.7223174690357546,-1.0085199505908302,1,0
player_04e63b96bdcf,Marlos,2021-2022,Unknown,0.7806062862417872,-0.1607704762299466,0,0
player_6b3e6951fb53,Ugarte,2021-2022,Midfielder,2.204200864121787,-0.1706034483861127,1,0
player_350ab563ef61,Yakhshiboev,2021-2022,Forward,1.169084336228297,-0.5589247813766778,0,0
player_ec83c3ce4c02,Munir,2021-2022,Forward,0.1331553347968369,-0.0473776323402154,0,0
player_a9fc408affea,Van de Beek,2021-2022,Midfielder,2.762741533878861,-0.3799155867979294,1,0
player_9181f895c607,Sebastiaan Bornauw,2021-2022,Other,0.4940429768098672,0.129735608139951,0,0
player_837c144709d9,Neres,2021-2022,Forward,1.6779416113452486,-0.5803880158339678,1,0
player_5c97d615224f,Haaland,2021-2022,Forward,2.6292490951956697,-1.3958040062501458,1,0
player_fdceacc984e9,Bruno Tabata,2021-2022,Unknown,2.1179837377799955,-0.7253893067761165,1,0
player_f3b48e61e10e,Delaney,2021-2022,Midfielder,1.939801648893127,-0.2504259640149456,1,0
player_a2dffd8f7c01,Darmian,2021-2022,Defender,0.3703997135083066,-0.0342470905277663,0,0
player_3364e41d9e72,Schulz,2021-2022,Defender,1.4664070203419348,-0.2346488407949847,0,0
player_c62b55bfc2a1,Matić,2021-2022,Midfielder,2.2350638814283355,-0.1547977728885351,1,0
player_6bcea81cedf9,Yannick Gerhardt,2021-2022,Other,-0.6158044357012825,0.4978728379814696,0,0
player_7f6f32c08282,Kryvtsov,2021-2022,Defender,1.5775424206885809,-0.4403477640539512,0,0
player_3bd0cc088670,Necip Uysal,2021-2022,Unknown,-0.1179022931500723,-0.0125226853466988,0,0
player_123f3e71f702,Chilwell,2021-2022,Defender,1.0859943506685226,-0.186707475384628,0,0
player_5516c29d707a,Moisander,2021-2022,Defender,1.7552614560225377,-0.3347066232266682,1,0
player_430b48939ccd,Gonzalo Montiel,2021-2022,Other,1.475452396356186,0.1397212159165086,0,0
player_fe2b12621af9,Alex Teixeira,2021-2022,Unknown,0.4291282404543576,-0.1867410272213296,0,0
player_f09515e2bd76,Haidara,2021-2022,Midfielder,1.9687208977702104,0.1139797653992751,1,0
player_b742060101ed,Guerreiro,2021-2022,Defender,0.9453077722682496,-0.127065537002729,0,0
player_7272ddfaeae0,Vlahović,2021-2022,Forward,1.0688946814502338,-1.0244171181553918,0,0
player_03433c6f4312,Morato,2021-2022,Unknown,1.8930804634580063,-1.4550945780034918,1,0
player_00bfbae28b74,Bürgy,2021-2022,Defender,1.466873406085571,-0.5835639302844242,0,0
player_d1fded22db9f,Vida,2021-2022,Defender,2.030696829500691,-0.5337918768804923,1,0
player_e987b484fef8,Bailly,2021-2022,Defender,1.225867639700232,-0.4253036622738588,0,0
player_de6de787509c,Léo Jardim,2021-2022,Unknown,-0.643790539874218,-0.3182447133802056,0,0
player_2a0f96f63149,M. Kerzhakov,2021-2022,Goalkeeper,-0.6725469737472827,-0.3290573608556806,0,0
player_04c555c2dbbb,Mykhaylo Mudryk,2021-2022,Midfielder,2.1109617850403084,-0.2672343855700894,1,0
player_f98dcc4e2fa0,L. de Jong,2021-2022,Forward,-0.0258008458823023,-0.1979077825210388,0,0
player_97ecf6f6ba05,Rugani,2021-2022,Defender,2.0016844406967014,-0.1375128605846857,1,0
player_7c0bdd5f1117,Chalobah,2021-2022,Defender,2.211914076649398,-0.7581331772969321,1,0
player_3ef289cb380d,Elanga,2021-2022,Forward,0.9264099612920428,-0.5528154303531972,0,0
player_53129dc24004,Paulo Otávio,2021-2022,Defender,0.6792364296676271,0.2480092901939912,0,0
player_bf4397d8b4dc,Wolf,2021-2022,Midfielder,0.8958290992090104,0.1625853072374657,0,0
player_3cb7bd2a2c54,Pongračić,2021-2022,Defender,0.6877541518176983,0.1141854341864628,0,0
player_3c75d76d74bc,Sergi Roberto,2021-2022,Unknown,-0.1590913836783514,0.1272055008799101,0,0
player_5e44377a13c3,Kean,2021-2022,Forward,1.4706560545201692,-0.2884230723154307,0,0
player_19ecf09960a2,Gomes,2021-2022,Midfielder,1.14069790965006,-0.4947751443888968,0,0
player_b7f4533719fd,Óliver Torres,2021-2022,Unknown,0.5810506244055832,0.0340154512424306,0,0
player_c18e94cd717d,Lefort,2021-2022,Defender,1.2904314945859123,0.1883317020270743,0,0
player_e310223599d1,Diallo,2021-2022,Defender,1.883460049436382,-0.3228800794973492,1,0
player_40d11d61b6ed,Ricca,2021-2022,Defender,0.3979340652911555,0.1652788070859921,0,0
player_0b0062cd6031,Tiago Tomás,2021-2022,Forward,0.9034974972911016,0.0565993650527222,0,0
player_347ec8046418,Van Der Brempt,2021-2022,Defender,1.0719165641060904,0.352680541680942,0,0
player_bf213a6e13a6,Tymchyk,2021-2022,Defender,1.519552123238009,-0.1254805246451538,0,0
player_a9c1390e5670,Ibrahimović,2021-2022,Forward,0.2843842290780122,-0.0600826581408283,0,0
player_be92079a926b,Saúl Ñíguez,2021-2022,Unknown,1.3448339608907718,0.0802829483679522,0,0
player_042b8f6f1523,Pedri,2021-2022,Unknown,0.5078382082945927,-0.1266460570249426,0,0
player_16fd48d74324,Pizzi,2021-2022,Unknown,-0.2727779980235079,0.171965861969969,0,0
player_82e91066f68c,Vormer,2021-2022,Midfielder,1.088684944549957,0.092835064403357,0,0
player_094346fdb279,Hutchinson,2021-2022,Midfielder,1.6327643068303492,-0.1554570209984101,0,0
player_4223d1639ee2,Yansané,2021-2022,Forward,0.7219305444319797,-0.5602396573944435,0,0
player_9cb49197e15b,Alexis Sánchez,2021-2022,Unknown,2.5348075441754734,-0.2593578030741935,1,0
player_dac6d89209ff,Meite,2021-2022,Midfielder,0.0297777110143162,0.1230830453338191,0,0
player_46b1ee3a8d34,Fábio Cardoso,2021-2022,Unknown,-0.5101254301090591,-0.1604089132393273,0,0
player_57c772d84bc3,Ansu Fati,2021-2022,Other,0.6624115802744045,0.0924125801425132,0,0
player_7ad234a96a21,Mostovoy,2021-2022,Midfielder,0.2779873296857396,0.2132692952486713,0,0
player_122accebaab2,Poulsen,2021-2022,Forward,1.282691291216052,-0.0193411842929959,0,0
player_54bc963ac033,D'Ambrosio,2021-2022,Defender,1.4335505930000785,0.0318426044352858,0,0
player_96be550a5ec6,Schuurs,2021-2022,Defender,2.4441941138445764,-0.0963585377860634,1,0
player_bea9927f9909,Toni Martínez,2021-2022,Forward,-0.6349905358569435,0.3798066313943541,0,0
player_7d20e2bd6f93,Matheus Cunha,2021-2022,Forward,0.4062427326635394,0.3435059355121964,0,0
player_0c43d21b3307,T. Hazard,2021-2022,Midfielder,0.3847676521509472,0.1669068612359073,0,0
player_2842c5f84fb2,Tagliafico,2021-2022,Defender,1.020745894064286,0.1032334457322602,0,0
player_31e7a44ffa77,Draxler,2021-2022,Forward,0.3856764238696557,0.1999182262588109,0,0
player_6d4d45de54de,Rıdvan Yılmaz,2021-2022,Defender,0.2561194239472518,-0.0068205525668627,0,0
player_ea7e7418b5ca,Sabitzer,2021-2022,Midfielder,1.4929029173843784,0.2322143676732933,0,0
player_193190f20cce,Daniel Bragança,2021-2022,Midfielder,1.597853480828168,0.1751701479910142,0,0
player_180bb428f293,Diogo Gonçalves,2021-2022,Unknown,0.0321575335380797,0.2885724285751854,0,0
player_f4a3a2a91a5b,Wendell,2021-2022,Unknown,1.4197347002032517,0.914618283245285,0,0
player_377d96a466f8,Mechele,2021-2022,Defender,0.0472177539958455,0.1565771549088888,0,0
player_63af43dfdc8a,Muriel,2021-2022,Forward,2.0811702201107503,-0.481813396269789,1,0
player_5af5ba60549c,Aurier,2021-2022,Defender,0.8851694512161166,0.2799480305314835,0,0
player_b7f8dfcf4bc1,Reinier,2021-2022,Forward,0.7523925742996097,0.3461493269263445,0,0
player_062691bfb03d,Marcano,2021-2022,Defender,-0.0514171169487769,0.0762942412443395,0,0
player_8de6e7e9d334,Sarr,2021-2022,Defender,0.9336820851558632,0.2773152681935607,0,0
player_c3144b22042c,Karim Rekik,2021-2022,Other,0.3880980542455619,0.6581083600430859,0,0
player_e1c06fd96d69,Vecino,2021-2022,Midfielder,-0.31122547286415,0.3417890358295746,0,0
player_e86844a67c10,Lewicki,2021-2022,Midfielder,0.415416430303708,0.0701468794910489,0,0
player_85a668850d17,Dembélé,2021-2022,Unknown,-0.1849588863374741,0.203251699442119,0,0
player_a23ebdcef8f5,Lamela,2021-2022,Midfielder,2.223300930656143,0.2480110267105356,1,0
player_ca5ec8b819ec,Luca Waldschmidt,2021-2022,Other,-0.6315543188494,0.5865260101647938,0,0
player_7e481d218500,Rebić,2021-2022,Forward,1.1145417123951005,-0.6804746127949729,0,0
player_f5066a400d9e,Lingard,2021-2022,Midfielder,0.7010792532359869,-0.0300920718459889,0,0
player_90d815852cc7,Abubakari,2021-2022,Forward,0.2871778070328784,0.5398439845994786,0,0
player_a2c71d1604d6,Brobbey,2021-2022,Forward,-0.6756738480255925,0.6035701578271704,0,0
player_b243e5f8f092,Messias Junior,2021-2022,Forward,0.8384904507501155,-0.8796356449077345,0,0
player_25f9357d3c69,Lázaro,2021-2022,Midfielder,0.1725087154839329,0.4977691755209608,0,0
player_9d92985fc6eb,Maceiras,2021-2022,Defender,0.129575760467405,0.3583759096286465,0,0
player_ea9163910ef0,Salih Uçan,2021-2022,Midfielder,0.9882213951753755,0.6206022916677008,0,0
player_65dabeeab288,Coutinho,2021-2022,Forward,0.0625132260891302,0.3101147607474768,0,0
player_71ccda6284fc,Erokhin,2021-2022,Midfielder,0.4210126733299291,0.4749730469177021,0,0
player_edfc2c251ba0,Shkurin,2021-2022,Forward,-0.6742726642856766,0.2191837402294962,0,0
player_e85f23173ab5,Slimani,2021-2022,Forward,0.1133854839376827,0.0099608636713053,0,0
player_4afbc885f709,Yusuf Demir,2021-2022,Other,-0.9301710739679874,0.6771852920254122,0,0
player_0c4d8b980c49,Gosens,2021-2022,Midfielder,1.4840917437568772,-0.2380319552984126,0,0
player_084de3b72590,Steffen Tigges,2021-2022,Other,-1.3056016508075745,0.799116677340034,0,0
player_8e4e41e68f27,Ranocchia,2021-2022,Defender,0.3025396499009614,0.3253359763814575,0,0
player_9d4922a9a756,Nikolov,2021-2022,Midfielder,1.3334715940738868,0.1034124983083786,0,0
player_f6e73750fd3d,Zagadou,2021-2022,Defender,1.5698838183507304,0.2798740572725367,0,0
player_1c99c5a7d118,Mata,2021-2022,Midfielder,0.4997318972235628,0.3614164017055268,0,0
player_214ea7f69099,Barkley,2021-2022,Midfielder,0.5571836585853633,0.3386964299812978,0,0
player_f11cb03374df,Andriyevskiy,2021-2022,Midfielder,0.2859250607361009,0.339833010370544,0,0
player_c0544dd862fc,Vitinho,2021-2022,Midfielder,-0.4632289868185908,0.4715202185864875,0,0
player_1bc464195b84,Mario Gaspar,2021-2022,Defender,0.3725199772695721,0.1077685601634853,0,0
player_6e23cc5664f5,Verbič,2021-2022,Midfielder,0.6767668772782145,0.5289006639139412,0,0
player_5df74586ac60,Ballo,2021-2022,Defender,0.4226899597340408,0.3733630286823819,0,0
player_e063494e0c60,Maximilian Philipp,2021-2022,Other,-1.508776754343629,0.7164193710411,0,0
player_7414072ce536,Hateboer,2021-2022,Defender,0.0868803675120937,-0.1936293710748562,0,0
player_bb6aee6970f9,N'Koudou,2021-2022,Midfielder,-0.0329143535883588,-0.0622925751815814,0,0
player_5b298e08027f,Egan-Riley,2021-2022,Defender,0.4269718857661248,-0.141496543354323,0,0
player_224068139ee0,Shabanov,2021-2022,Defender,0.0276213822296332,-0.254363895653761,0,0
player_d6feb3cc28df,Bondar,2021-2022,Defender,1.01644162167946,0.1165545357148916,0,0
player_417c456a12b3,Lustenberger,2021-2022,Defender,0.3990752780961826,0.0031595297762862,0,0
player_93ea82d4ea6b,Serdar Saatçı,2021-2022,Defender,0.0614077642716717,-0.0258812039313169,0,0
player_7c9c71114e3c,Vitão,2021-2022,Defender,1.0357240053836845,-0.196754968872758,0,0
player_6e176fc936ce,Ulreich,2021-2022,Goalkeeper,-0.4144819949391051,-0.2799722423795708,0,0
player_d52a2c735345,Pavao Pervan,2021-2022,Other,-1.214307408048244,0.2646371925185442,0,0
player_3080e56fd055,Kepa,2021-2022,Goalkeeper,-0.734316669349954,-0.1927133461981659,0,0
player_57e1569b60af,João Virginia,2021-2022,Goalkeeper,-0.6246672297594595,-0.1883630043942241,0,0
player_6c2cfe6d78e9,Mert Günok,2021-2022,Goalkeeper,-0.765399790896353,-0.13286087495837,0,0
player_5ca8a21b2386,Celeadnic,2021-2022,Goalkeeper,-0.6341282518073017,-0.2112914084570383,0,0
player_4078e15fa803,Boyko,2021-2022,Goalkeeper,-0.7173225574439669,-0.1830645360551777,0,0
player_9c569aa0a194,Mattia Perin,2021-2022,Other,-1.190309849320604,0.1506893262189249,0,0
player_e707ac746ad6,Nanasi,2021-2022,Midfielder,-0.1834598766140432,0.0727639487463406,0,0
player_ba6e81bdefe9,Florenzi,2021-2022,Defender,-0.1148437571989178,0.3369671440101284,0,0
player_14dcf2f8d550,Olmo,2021-2022,Forward,0.0913357404557196,0.0767554040578999,0,0
player_e54376c39664,Fábio Vieira,2021-2022,Midfielder,0.485813537583105,-0.0919581062733066,0,0
player_2a5c21019981,Bondarenko,2021-2022,Midfielder,-0.0241881902893474,0.2548270730477262,0,0
player_03a96f789018,Piątkowski,2021-2022,Defender,-0.1954605893708438,0.1257741094020239,0,0
player_f9eadb719313,Nalić,2021-2022,Midfielder,-0.0967173400950683,0.4055228419925255,0,0
player_2719b6ed66ee,Korniienko,2021-2022,Defender,-0.1245455300942552,0.2193215292947,0,0
player_d849b3e6d281,En-Nesyri,2021-2022,Forward,1.9933102493049244,0.5292885893366645,1,0
player_7960757135c3,Supryaha,2021-2022,Forward,-0.0099960729979644,0.2794265197478731,0,0
player_bdde9c3f26d9,De Winter,2021-2022,Defender,0.041997244233277,0.2280530095429138,0,0
player_2cc9c0e5ebbe,Kulusevski,2021-2022,Midfielder,2.1289688723338256,-0.5079464324318366,1,0
player_a06a2e4cc5bd,Ludwig Augustinsson,2021-2022,Other,-0.1957949674630389,0.8193708241708672,0,0
player_13f27fd70dfb,Radeljić,2021-2022,Defender,-0.0641477374269038,0.2958778375779229,0,0
player_9c54d22209b1,Jovane Cabral,2021-2022,Forward,-0.2023375779803436,0.425202147257127,0,0
player_bf1da8c393f4,Marc Roca,2021-2022,Defender,0.8241047132076991,0.911947988316934,0,0
player_985ef2a9c08f,Kanga,2021-2022,Forward,-0.3980790729921568,0.3241163531200987,0,0
player_b117be7b60f6,Cavani,2021-2022,Forward,0.1924109359054031,0.2956977803507815,0,0
player_7acc974c8551,Gökhan Töre,2021-2022,Midfielder,-0.1891967372626734,0.3648531192575214,0,0
player_8764c335b0a0,Emre Can,2021-2022,Unknown,-0.0730905590103399,1.091831799901751,0,0
player_905c28b3b79c,Alcácer,2021-2022,Forward,0.7388771496412495,-0.1887017800534495,0,0
player_cb2523138bfc,Esteves,2021-2022,Defender,-0.1644953259594595,-0.0514821195884748,0,0
player_275a0c0569e8,Rensch,2021-2022,Defender,0.7820772702901094,0.7932129345082422,0,0
player_8816fab38e5d,Ferran Torres,2021-2022,Unknown,-0.5269314937709372,0.0084912148637182,0,0
player_da1a4f3867e7,Kehrer,2021-2022,Defender,0.5351356168063243,0.4201962447469482,0,0
player_f9c7694f4154,Krugovoi,2021-2022,Defender,-0.0983844832904535,0.6039522837510491,0,0
player_62da2f5c0c17,Dost,2021-2022,Forward,0.0642317953177281,0.2284834207684924,0,0
player_7d714aeba48d,Martial,2021-2022,Forward,-0.2792017351153046,0.1148860053246642,0,0
player_3df6d9d1e7ca,Roberto Gagliardini,2021-2022,Other,-0.4079282812671655,0.943115868506439,0,0
player_e1b3c642c8a1,Rúben Vinagre,2021-2022,Defender,-0.1135310544478754,0.0990339633129378,0,0
player_07d528ba51c2,Mambimbi,2021-2022,Forward,0.0427027693907822,0.742216018503517,0,0
player_0ac7e0d97ea0,Moriba,2021-2022,Midfielder,0.8319469443058685,0.6672882650255422,0,0
player_f0a4e36994c9,Felix Passlack,2021-2022,Other,-1.18927599510391,0.8129156419147097,0,0
player_22b95775b974,Bakayoko,2021-2022,Defender,0.4739282221415878,0.5343315465778471,0,0
player_61b24e6c009d,Giuseppe Pezzella,2021-2022,Other,-0.9498711502177312,0.8054701113999372,0,0
player_073c095322c3,Sudakov,2021-2022,Midfielder,0.1110198677990066,0.3171243912539865,0,0
player_f40a37048732,Sandra,2021-2022,Midfielder,0.2569273751071356,-0.1848241627310298,0,0
player_442ea38b8bfd,Mbamba-Muanda,2021-2022,Defender,-0.0244035161883783,0.4543827954208556,0,0
player_d4b5ed246689,Shepeliev,2021-2022,Midfielder,0.5270456399772595,0.7421252368528504,0,0
player_bb80b7c78cbc,Richards,2021-2022,Defender,2.0836272959669158,1.4301797830513685,0,0
player_30d69d863dde,Julien,2021-2022,Defender,0.0240207764155728,0.2246465571753028,0,0
player_ceb9d05be0d7,Oguzhan Özyakup,2021-2022,Unknown,-0.5464682804401414,0.3585773790071571,0,0
player_6bd167b72775,Daramy,2021-2022,Forward,-0.0221663829706135,0.2768383192292774,0,0
player_94a6ba1df448,Henrichs,2021-2022,Defender,-0.0673884332464303,0.6254778196072718,0,0
player_30c5ea940a59,Choupo-Moting,2021-2022,Midfielder,1.003483477532192,-0.0577255041738283,0,0
player_c6b10f571fcd,Yusuf Yazıcı,2021-2022,Midfielder,0.2684619764761005,0.6378026311426117,0,0
player_1b3291b4fb3b,Icardi,2021-2022,Forward,-0.3957792408646655,0.3528433142281292,0,0
player_b365fe2a49d6,McAtee,2021-2022,Midfielder,-0.1141048372446116,0.260994421747292,0,0
player_f0c51d13e745,Matteo Lovato,2021-2022,Other,-0.3561207156336133,0.8685769062095712,0,0
player_d57518839388,Palmer,2021-2022,Midfielder,1.2530991716854345,-0.2123603210424157,0,0
player_f9407dc07aae,Paulo Bernardo,2021-2022,Midfielder,-0.3131088163691694,0.4487952848042972,0,0
player_20930b2a121c,Kjærgaard,2021-2022,Midfielder,1.9214013601860684,-0.2365088865405463,1,0
player_7d8bc5f1a8d3,Taylor,2021-2022,Midfielder,0.1339936264229702,0.7839845985598926,0,0
player_3ab6a9883346,Francisco Conceição,2021-2022,Unknown,-0.074209675043662,0.5199210927557257,0,0
player_6478fe960c86,F. Nmecha,2021-2022,Midfielder,-0.2755134028598671,0.4655927790623884,0,0
player_8620b9646207,Al. Miranchuk,2021-2022,Forward,0.1258336388296519,0.5663791649036516,0,0
player_0a03e0f556d5,Edwards,2021-2022,Forward,-0.0465770273221124,0.2190991940389438,0,0
player_0c79cba18d76,Radonjić,2021-2022,Forward,-0.3599844753467218,0.3350710884375493,0,0
player_24df13e41148,Mengi,2021-2022,Defender,-0.0542037512213081,0.4245505218925039,0,0
player_a09f91f8be77,Wesley,2021-2022,Forward,-0.2946332190492756,0.3166380707931076,0,0
player_63631a8a501a,Aïssa Mandi,2021-2022,Other,-1.1020532221137005,0.7548552834163375,0,0
player_1dfa42a45ff0,Kudus,2021-2022,Midfielder,-0.2945278216922851,0.5984403975769347,0,0
player_b311ba81cdcc,Novoa,2021-2022,Midfielder,0.5951857959210746,0.069212651112557,0,0
player_86436cf65227,Lihadji,2021-2022,Forward,-0.3169308663912185,0.3562423418286746,0,0
player_a62fe230fb66,Bernardo,2021-2022,Defender,0.2271839714441516,0.4709787281553861,0,0
player_2cfa7c310e14,Tijani,2021-2022,Midfielder,0.2845764197275796,0.8937103470421341,0,0
player_77733f26bc8b,Ben Arfa,2021-2022,Midfielder,0.4256893460912531,0.9025552928803668,0,0
player_fa435f2e3db5,Óscar Rodríguez,2021-2022,Unknown,-0.3655274334081055,0.8541824538257775,0,0
player_74f2f3594ae2,Shoretire,2021-2022,Midfielder,0.4279189393658828,0.884119823452167,0,0
player_598c6033dd34,Heaton,2021-2022,Goalkeeper,-0.6515209717888679,0.2920365602338396,0,0
player_499251280e4e,Stanišić,2021-2022,Defender,0.205715851022855,0.1865914895343679,0,0
player_c6fa142b53ad,Knauff,2021-2022,Midfielder,1.4399278394727988,2.4212280067427536,3,0
player_b887e1606bf2,Daniel Maldini,2021-2022,Other,-0.5613781918042519,1.698473368795129,0,0
player_0272fcc8cdc9,Youssoufa Moukoko,2021-2022,Other,-0.3140572836100756,1.7435774667833412,0,0
player_ce0e362bc3ba,Iván Romero,2021-2022,Forward,0.1165810554524555,1.5067425477301448,0,0
player_6c44d45f55f3,Flávio Nazinho,2021-2022,Defender,0.1999995954548095,1.160137339383312,0,0
player_105515cbe034,Balde,2021-2022,Defender,-0.1979271073763481,0.5969700798933839,0,0
player_011f4b11f659,Tillman,2021-2022,Midfielder,-0.1210321321820595,0.3577280273098688,0,0
player_2eae68a5825a,Ricard Puig,2021-2022,Midfielder,0.0413858655350172,0.7694953951919614,0,0
player_7a774fb21b9e,Berkay Vardar,2021-2022,Midfielder,-0.0949890208823647,0.2934223583847302,0,0
player_b42b26a4fe27,Carson,2021-2022,Goalkeeper,-0.6562158821728502,0.340417895421797,0,0
player_1eeadb5585ea,Eric Ramirez,2021-2022,Forward,-0.2902209065072178,0.570028331373653,0,0
player_b0ba661593b4,Cojocaru,2021-2022,Midfielder,0.7510303099325703,1.7025331920724822,0,0
player_8a5d6de93055,Javi Serrano,2021-2022,Midfielder,-0.0968669850359575,0.3127748924599133,0,0
player_3214386c4337,Agüero,2021-2022,Forward,-0.3307758351031951,0.4430595780571872,0,0
player_a7aa509c34aa,Ramsey,2021-2022,Midfielder,0.6032540332417383,1.244603321767897,0,0
player_6e580a37897b,Kravtsov,2021-2022,Midfielder,-0.1669039068390033,0.6403585714457367,0,0
player_e131eb58859d,Bradarić,2021-2022,Defender,0.1243762031915854,1.1726062074403236,0,0
player_235f9b0fcb23,Ozdoev,2021-2022,Midfielder,2.625701112902111,-0.064133152563308,1,0
player_1f3ed8d5e648,Bruno Costa,2021-2022,Unknown,-0.5167647512977693,0.3551724186813036,0,0
player_4a0b4570b88b,Raba,2021-2022,Midfielder,-0.1006229133431434,0.3514799606102793,0,0
player_19bcc65d0153,Iborra,2021-2022,Midfielder,0.1970378057748682,1.3629869341189669,0,0
player_2749f71f6c18,Bonnah,2021-2022,Midfielder,0.1996176695360212,1.1613031988519864,0,0
player_6d5a63113a21,Stefano Sensi,2021-2022,Other,-0.5193494668359304,1.296623098981602,0,0
player_5d3a1c38774f,Lednev,2021-2022,Midfielder,-0.1025008774967363,0.3708324946854623,0,0
player_92ab45b5b914,Zhegrova,2021-2022,Midfielder,-0.0066004039179142,1.149083030041835,0,0
player_ac45f770b06d,Seferović,2021-2022,Forward,0.3092364345123004,0.8370648791417925,0,0
player_192845595d87,Zakaria,2021-2022,Midfielder,-0.0672345442636823,0.7594220529556042,0,0
player_1b213c86f3c3,Dário Essugo,2021-2022,Midfielder,-0.0672345442636823,0.7594220529556042,0,0
player_4ebc6291d85e,Spielmann,2021-2022,Midfielder,-0.1034398595735328,0.3805087617230538,0,0
player_37e7bc8fc8ad,Izquierdo,2021-2022,Forward,-0.3038268727346123,0.5819300877334214,0,0
player_7ae5d9ffd10d,Chiellini,2021-2022,Defender,-0.0189222989585345,0.8637159763762174,0,0
player_c6d206f70957,Dina Ebimbe,2021-2022,Midfielder,-0.1178919598807763,0.615106577186441,0,0
player_24565b09e884,Sulejmani,2021-2022,Midfielder,-0.1043788416503292,0.3901850287606454,0,0
player_91719407ba19,Delap,2021-2022,Forward,0.2849087913338669,2.1946336826633748,0,0
player_f92f7a01cd58,Mbete,2021-2022,Defender,-0.1147537405546171,0.3626024256081341,0,0
player_f26a99aa1952,Kolarov,2021-2022,Defender,-0.1156927226314135,0.3722786926457256,0,0
player_f52288de4fa9,Šimić,2021-2022,Forward,-0.2357502933857456,0.7730708139118447,0,0
player_afb6e9570f87,Guindo,2021-2022,Defender,0.7849077606382897,2.36265697761894,0,0
player_d6ecf44974e2,Dentinho,2021-2022,Midfielder,1.3823341903267008,4.097059228790507,3,0
player_d547f32d634f,Oleksiy Shevchenko,2021-2022,Goalkeeper,-0.6684226491712042,0.4662093669104867,0,0
player_9f087c840dd8,Maier,2021-2022,Midfielder,0.4690200489993473,1.978280108925162,0,0
player_3fbb18d41575,Luca Pellegrini,2021-2022,Unknown,6.665928681600284,17.96534652139333,2,-1
player_cc1ee6b1df60,Kuznetsov,2021-2022,Forward,0.2924079408767223,1.9765564090851704,0,0
player_19e3230f30df,Eile,2021-2022,Defender,-0.1175706867850065,0.3916312267209086,0,0
player_3edb83bfeec0,Daniel Ginczek,2021-2022,Other,-1.0923531079075093,0.8652183125626484,0,0
player_a2cf7a33dad6,Savage,2021-2022,Midfielder,-0.1100127341111081,0.4482426309861941,0,0
player_eedae20fc3c7,Iqbal,2021-2022,Midfielder,-0.1100127341111081,0.4482426309861941,0,0
player_eb4ba096709c,Da Graca,2021-2022,Forward,-0.2866248422337331,0.4465189311462027,0,0
player_99db8a33b6ec,Fabio Miretti,2021-2022,Other,0.7257444219241157,4.077868129257936,3,0
player_2aa87e88c332,Gil Dias,2021-2022,Midfielder,-0.1100127341111081,0.4482426309861941,0,0
player_ebb193d03037,Rodrigo Ribeiro,2021-2022,Forward,-0.2866248422337331,0.4465189311462027,0,0
player_94d31bc3e8b3,Cojocari,2021-2022,Defender,-0.1194486509385993,0.4109837607960916,0,0
player_3d63fc214744,Maouassa,2021-2022,Defender,-0.1194486509385993,0.4109837607960916,0,0
player_7270020013e2,Zesiger,2021-2022,Defender,1.6995878609698218,3.613957310453788,3,0
player_47b3425a7a4e,Max Aarons,2021-2022,Other,-2.253977114779752,-0.7169341658633176,0,0
player_d76587454815,Yunis Abdelhamid,2021-2022,Other,-1.9876060667922928,-0.9902747501795656,0,0
player_13355f51844a,Salis Abdul Samed,2021-2022,Other,-1.5683555809174503,-0.7214299936812707,0,0
player_fff0c208e883,Laurent Abergel,2021-2022,Other,-1.8587896416616168,-0.8724218718428779,0,0
player_70b203aedc5e,Charles Abi,2021-2022,Other,-2.040028411688205,1.0504834035619863,0,0
player_923a6aa7b8b6,Dickson Abiama,2021-2022,Other,-1.714502632867981,0.41791034499772,0,0
player_8c079030f388,Matthis Abline,2021-2022,Other,-1.5977988885403065,0.9052169652926466,0,0
player_b73717357625,Tammy Abraham,2021-2022,Unknown,-1.5267001711370367,-1.4307723319758632,0,0
player_b7083569ef44,Luis Abram,2021-2022,Other,-1.4557183552181938,0.209058380728235,0,0
player_5d51ac6002bb,Francesco Acerbi,2021-2022,Unknown,-1.0808189518167512,-1.509720015243174,0,0
player_59ef9dd1002f,Ragnar Ache,2021-2022,Other,-1.4249480990159604,0.585308132980387,0,0
player_d042da5464d5,Mohamed Achi,2021-2022,Other,1.9486034647267645,7.505914213426863,3,0
player_0b19936958c1,Che Adams,2021-2022,Other,-1.9172079728425788,-0.6480714344600841,0,0
player_845b4f4505c0,Tyler Adams,2021-2022,Unknown,-1.049501839937541,-0.5177607109870916,0,0
player_7eb3be24c358,Sargis Adamyan,2021-2022,Other,-1.037290203699477,0.1615863720041157,0,0
player_259c57c3a8b6,Martin Adeline,2021-2022,Other,-0.7454405349874387,0.4857068399909071,0,0
player_ac7a0857b92d,Amine Adli,2021-2022,Unknown,-0.6071415931754137,-0.7160741489221639,0,0
player_952a61eafa6c,Yacine Adli,2021-2022,Other,-1.875281807843839,-0.6122655788911687,0,0
player_c591472f6c42,Michel Aebischer,2021-2022,Other,-0.7211191115087886,0.2420145529663665,0,0
player_77f7197788da,Felix Afena-Gyan,2021-2022,Other,-1.1809798132593488,0.3097921012299696,0,0
player_245c380d8bf5,Martin Agirregabiria,2021-2022,Other,-1.8972172761791395,-0.1734589072445367,0,0
player_9beaa94b9195,Julen Agirrezabala,2021-2022,Other,-1.8744095739700268,0.0759079401315127,0,0
player_2e1fa9e9052e,Lucien Agoume,2021-2022,Other,-1.6638283793618052,-0.368147172056453,0,0
player_1d4a08843bbc,Kevin Agudelo,2021-2022,Other,-1.220178185991066,-0.2840875552393546,0,0
player_840b71d888f2,Nayef Aguerd,2021-2022,Other,-1.7921058890076125,-1.0187211675483243,0,0
player_8c3883a77ba0,Sergio Agüero,2021-2022,Unknown,-0.5353086052598514,-0.0707047173053587,0,0
player_896c24c547c9,Ruben Aguilar,2021-2022,Other,-1.4847848032633912,-0.6640141615257623,0,0
player_509ec8aef474,Álvaro Aguirre,2021-2022,Other,2.068889492767217,6.9867095072493655,3,0
player_93e4600e90f9,Naouirou Ahamada,2021-2022,Other,-0.9507069221368466,1.1753081623157375,0,0
player_a128b2b816f3,Anel Ahmedhodzic,2021-2022,Other,-1.1223408176346332,-0.4125877846355814,0,0
player_bd05fef55cff,Jean-Eudes Aholou,2021-2022,Other,-1.4758078498218905,-0.0031184952223952,0,0
player_fc73a08e03e6,Joseph Aidoo,2021-2022,Other,-2.1772146018255047,-0.7659459979553948,0,0
player_148155be8c9e,Ola Aina,2021-2022,Other,-1.689866141955639,-0.1904526054196437,0,0
player_dfb777e8d5f7,Rayan Aït Nouri,2021-2022,Other,-1.5728299965388712,-0.5328632646699493,0,0
player_94c4eae92933,Kristoffer Ajer,2021-2022,Other,-1.94896714714862,-0.5335778104763614,0,0
player_43b7d71496c3,Ludovic Ajorque,2021-2022,Other,-1.924831062746353,-0.9575249294632926,0,0
player_1070e1455da5,Manuel Akanji,2021-2022,Unknown,-0.9491956663373058,-1.2793828880706122,0,0
player_58e10e42c61e,Carlos Akapo,2021-2022,Other,-1.86143020854306,-0.3479621253538936,0,0
player_46604ac74052,Marley Aké,2021-2022,Other,-0.3656263406404806,1.9202650777783703,0,0
player_8f11d2da2382,Nathan Aké,2021-2022,Unknown,-0.3410425442200168,-1.0147121336463094,0,0
player_74d352816982,Ilias Akhomach,2021-2022,Other,-0.4972034935269649,0.3590870011182061,0,0
player_4e2f58deb2b8,Maghnes Akliouche,2021-2022,Unknown,1.070545771352472,2.0344288487838096,0,0
player_7bad521e104e,Paul Akouokou,2021-2022,Other,-0.806666713640498,0.1716064564320852,0,0
player_9ba18d2127e4,Jean-Daniel Akpa-Akpro,2021-2022,Other,-0.856395730157963,0.6497965120844984,0,0
player_27bbd7ad5c31,Kevin Akpoguma,2021-2022,Other,-1.4703566933660104,-0.3670267152543464,0,0
player_d8c5a555e13b,David Alaba,2021-2022,Unknown,-1.2407852241850943,-1.415140441773092,0,0
player_795cd91e08d0,Sofiane Alakouch,2021-2022,Other,-0.4596771697884643,0.9678220409553498,0,0
player_517a7cffd476,Tomás Alarcón,2021-2022,Other,-1.8112242947623431,-0.0544927391120169,0,0
player_a99355b5a734,Lucas Alario,2021-2022,Other,-1.304728193488818,-0.0548900340634166,0,0
player_ecf8c2f1c948,Josué Albert,2021-2022,Other,-0.0681783303722565,2.681733057176784,0,0
player_d302f3bc0cee,Luis Alberto,2021-2022,Unknown,-1.0312575184787909,-1.2827578907985189,0,0
player_30d1864c2ce8,Raúl Albiol,2021-2022,Unknown,-1.439226596667516,-1.0723987848193537,0,0
player_e5d686db3b0d,Marc Albrighton,2021-2022,Unknown,-1.0833163847090286,-0.6203723655427955,0,0
player_a8ed804ab5d9,Paco Alcácer,2021-2022,Unknown,-1.033454758862567,-0.3489048641665282,0,0
player_7c881118a84e,Rubén Alcaraz,2021-2022,Other,-0.7672892773133293,-0.2333764340115363,0,0
player_22c238b28207,Omar Alderete,2021-2022,Other,-2.0094825063223363,-0.4629104821435076,0,0
player_d5d946511fe3,Iván Alejo,2021-2022,Other,-1.3900191452748347,0.1115907732707422,0,0
player_098a1c2d22cf,Doðan Alemdar,2021-2022,Other,-2.078769668963247,-0.1435412947901443,0,0
player_049a86943410,Carles Aleñá,2021-2022,Other,-1.8737894822333077,-0.5676335205974933,0,0
player_fe34e4da279e,Trent Alexander-Arnold,2021-2022,Unknown,-1.19238313123451,-1.5012728751907227,0,0
player_3a69362d318a,Mircea Alexandru Tirlea,2021-2022,Other,0.2166778810796501,3.852401949673798,3,0
player_45ca593072a5,Mohamed Ali Cho,2021-2022,Other,-2.0142813070807204,-0.3198562122175966,0,0
player_48ca192d5394,Alisson,2021-2022,Other,-2.6802405619881378,-0.9182620601495672,0,0
player_b993e4526238,Allan,2021-2022,Unknown,-1.2033917090152828,-0.9424002495505088,0,0
player_4aba019d47a7,Jim Allevinah,2021-2022,Other,-1.769862402025638,-0.2866007145275858,0,0
player_3cd02f56215e,Dele Alli,2021-2022,Unknown,-0.4035278275893617,0.4392282305473198,0,0
player_7a8c7713cdc9,Miguel Almirón,2021-2022,Other,-1.8437153951146277,-0.3405063025528563,0,0
player_b376dc1e1504,Giorgio Altare,2021-2022,Other,-1.3619546200353732,-0.3050444596118964,0,0
player_91fb17d96a0d,Hugo Álvarez,2021-2022,Other,-0.6558634309331206,2.8889399267606604,0,0
player_1ec68a3a5f25,Yeray Álvarez,2021-2022,Other,-1.783235607697691,-0.4002915655247462,0,0
player_e7d23867dd7c,Dani Alves,2021-2022,Unknown,-0.0669431991115456,-1.00689987237877,0,0
player_459588dc3122,Steven Alzate,2021-2022,Other,-0.9047684412116208,0.1346777196379806,0,0
player_8a02eff9448c,Ibrahim Amadou,2021-2022,Other,-0.8972361249767279,-0.3550010216526804,0,0
player_a8e0b6d5ab41,Emmanuel Amankwaa Akurugu,2021-2022,Other,-1.0343816322086603,0.8947548813497276,0,0
player_7fcf76d61595,Daniel Amartey,2021-2022,Other,-1.7952829467575966,-0.613653722086372,0,0
player_3abdf1104dac,Amath,2021-2022,Other,-1.4342372190589112,0.2642579766680473,0,0
player_0918e2800455,Jordan Amavi,2021-2022,Other,-0.4471884292767604,0.5242542647602987,0,0
player_a275466c20c3,Wisdom Amey,2021-2022,Other,-1.045855655906015,0.7654903807245078,0,0
player_d8d7ac1514a2,Kelvin Amian,2021-2022,Other,-1.9785372135156445,-0.694844965603482,0,0
player_42cae9a40a4e,Nadiem Amiri,2021-2022,Other,-1.3823439316100887,0.0482399262218058,0,0
player_7d9d17f820a6,Ethan Ampadu,2021-2022,Unknown,-1.1961831592375198,-0.858392713245514,0,0
player_38d666931b2d,Sofyan Amrabat,2021-2022,Other,-0.7917551856564198,-0.1398472280741053,0,0
player_2d70f03c8946,Joachim Andersen,2021-2022,Other,-2.101997633410885,-0.9090491917541682,0,0
player_dacaead54ed2,Felipe Anderson,2021-2022,Unknown,-1.3478343596577884,-1.4432586669782357,0,0
player_5b085fc0fb02,Sebastian Andersson,2021-2022,Other,-1.7657595660475467,-0.0829810126532257,0,0
player_24e03ff0bf66,Florin Andone,2021-2022,Other,-1.3526278622819317,0.877485983577722,0,0
player_d6c09a0959e4,Andrés Andrade Cedeño,2021-2022,Other,-1.5564638766684995,0.049259431487661,0,0
player_0c58cc3667ce,Fredrik André Bjørkan,2021-2022,Other,-1.328906197687442,0.5156095156561684,0,0
player_85ff19a0b162,Benjamin André,2021-2022,Unknown,-0.9942243906445148,-1.2843010602544436,0,0
player_8fa2e3ddfe8d,Robert Andrich,2021-2022,Other,-1.369946972136194,-0.5706212362064432,0,0
player_21d7e9a8bc6d,José Ángel,2021-2022,Other,-1.4362659971367022,-0.1448851987706099,0,0
player_0ede0184b0df,Ebenezer Annan,2021-2022,Other,-0.0970931052588826,3.283291156719005,3,0
player_ddd07df1af07,Cristian Ansaldi,2021-2022,Other,-1.376432232473123,0.2711434718700611,0,0
player_084297f1804a,Janis Antiste,2021-2022,Other,-1.717808851407463,0.1347317962115052,0,0
player_ec878b562dc2,Waldemar Anton,2021-2022,Unknown,-1.1634018590087571,-1.318643165366424,0,0
player_bae8617dcb31,Josep Antoni Gayá,2021-2022,Other,-1.0970949781200734,0.8869268114137857,0,0
player_2e2a94d9ddcc,Michail Antonio,2021-2022,Other,-2.170728946051158,-0.8726954129359595,0,0
player_d5b102cbdb55,Christopher Antwi-Adjei,2021-2022,Other,-1.8132075827871528,0.0207632382017006,0,0
player_70fa7d2016cc,Houssem Aouar,2021-2022,Unknown,-1.0379708678481534,-1.3742622727067906,0,0
player_9458f6d6d354,Adil Aouchiche,2021-2022,Other,-1.5747996130241737,-0.1129142122717473,0,0
player_18577cdfeae0,Dennis Appiah,2021-2022,Other,-2.006760875748255,-0.3974450510833638,0,0
player_35d438ed1b7e,Mauro Arambarri,2021-2022,Other,-1.846967046140622,-0.6322492899156692,0,0
player_0a49594fad90,Mattia Aramu,2021-2022,Other,-1.9401596126300853,-0.5255794545169532,0,0
player_ccfbcd04bf30,Charles Aránguiz,2021-2022,Unknown,-0.7632834473377568,-0.9103977661492666,0,0
player_515a33072e3d,Néstor Araujo,2021-2022,Other,-2.199001287027703,-0.688562309929229,0,0
player_644c5097d7ff,Cameron Archer,2021-2022,Other,0.7533577376652226,2.8943970191899973,3,0
player_01412d1f662c,Alphonse Areola,2021-2022,Unknown,-1.3328978145945554,-0.0354794634282888,0,0
player_fb21309b20b2,Jesús Areso,2021-2022,Other,-1.218266648168338,0.694682538983813,0,0
player_a7d842253622,Matias Arezo,2021-2022,Other,-1.0543631650380203,0.9549392935433576,0,0
player_72eb99d56089,Santiago Arias,2021-2022,Unknown,-0.6210761626502204,-0.2529236450107564,0,0
player_831b6aec5271,Adam Armstrong,2021-2022,Other,-1.8158246873722197,-0.2558645282684709,0,0
player_0b6971c4bb1e,Stuart Armstrong,2021-2022,Other,-1.6797745006995854,-0.3429470322389651,0,0
player_c8f64e7b0967,Marko Arnautovi?,2021-2022,Other,-1.8401991588034596,-0.9202415203728286,0,0
player_05725319ded7,Maximilian Arnold,2021-2022,Unknown,-1.335796321689397,-1.4527663632764702,0,0
player_85e698a4a720,Kepa Arrizabalaga,2021-2022,Unknown,-1.097797922929517,-0.4162320718402065,0,0
player_f0324250137a,Tolgay Arslan,2021-2022,Unknown,-1.1339839656922948,-0.6064418839376362,0,0
player_cadfaf8edf81,Santiago Arzamendia,2021-2022,Other,-1.413576399960899,0.444184876651677,0,0
player_01c7097776c6,Takuma Asano,2021-2022,Other,-1.9679031751017264,-0.338683600158228,0,0
player_8b18a98f9a34,Santiago Ascacíbar,2021-2022,Other,-1.7606618019855782,-0.6536958530446888,0,0
player_ba15a4a629c6,Sergio Asenjo,2021-2022,Other,-1.705825288190435,0.0085000257837015,0,0
player_f2bb561f17f4,Alejandro Asensio,2021-2022,Other,1.3812145753935028,4.80872343209137,3,0
player_08575ee502a0,Harrison Ashby,2021-2022,Other,4.475429552289169,10.852833413866728,3,0
player_6a8adde69e5d,Kristoffer Askildsen,2021-2022,Other,-1.6746337606597863,0.5346870174808435,0,0
player_bff916c5d3e9,Fisnik Asllani,2021-2022,Other,0.3387270647965366,4.955964998243065,3,0
player_69d4d50d86af,Kristjan Asllani,2021-2022,Unknown,-0.954223361737848,-0.7325714306733335,0,0
player_8d6616883f71,Iago Aspas,2021-2022,Other,-2.028749827176185,-1.0866943386390349,0,0
player_1b429f0a7906,Lorenz Assignon,2021-2022,Other,-1.0837087707054147,0.0710336457832696,0,0
player_18677e930225,Simon Asta,2021-2022,Other,-1.58695520519148,0.1361405022192934,0,0
player_dfef6fe0e35c,Youcef Atal,2021-2022,Other,-1.1436037747353125,-0.2861962183793166,0,0
player_ec5f693706c1,Pierre-Emerick Aubameyang,2021-2022,Unknown,-0.63638688699744,-1.0028767563228402,0,0
player_4f9a17350802,Emil Audero,2021-2022,Other,-2.6742778414920343,-0.5707393323882252,0,0
player_8215e90d7782,Tommaso Augello,2021-2022,Other,-2.180289577951931,-0.7405492692171983,0,0
player_6b0654e865fe,Jean-Kévin Augustin,2021-2022,Other,-1.095076240697165,1.5947155053407545,0,0
player_a5d35d9c1d3e,Sèrge Aurier,2021-2022,Unknown,-0.6919703479683224,-0.4267116608026255,0,0
player_ce623e9dc2b4,Ezequiel Ávila,2021-2022,Other,-2.0697780995888886,-0.2436750549862107,0,0
player_9b742946a89d,Taiwo Awoniyi,2021-2022,Other,-1.843599668748927,-0.7996847061446408,0,0
player_9f0a7fffa21f,Ramzi Aya,2021-2022,Other,-1.6461697827592756,0.8294881521820543,0,0
player_0f1bb451663c,Jordan Ayew,2021-2022,Other,-1.8043562018407333,-0.539927238401569,0,0
player_a305e3e3f15e,Kaan Ayhan,2021-2022,Unknown,-0.9091286351716514,-0.8351882553783508,0,0
player_615803a5428a,Luke Ayling,2021-2022,Other,-1.6131570915988234,-0.79375050588617,0,0
player_df9d94e676d9,Karim Azamoum,2021-2022,Other,-0.9520734024408584,0.3744442233046506,0,0
player_c5c8ac129f97,Sardar Azmoun,2021-2022,Other,-1.1383833199479951,0.2112133837801042,0,0
player_d5f3e3f0308c,César Azpilicueta,2021-2022,Unknown,-0.9507188084179534,-1.1321338859010428,0,0
player_6d10471f4525,Iddrisu Baba,2021-2022,Other,-1.4825637335686996,-0.4547823792309092,0,0
player_0ed94c6cd90c,Carlos Bacca,2021-2022,Other,-1.876408199533525,0.6494105388004687,0,0
player_563dc3e59e8c,Daniel Bachmann,2021-2022,Other,-2.269406255102433,-0.097708321665372,0,0
player_43cafa3f787a,Loïc Bade,2021-2022,Other,-1.3519011515015344,-0.1186329767958258,0,0
player_fa3e26921296,Milan Badelj,2021-2022,Other,-1.983129145415848,-0.8699541994644987,0,0
player_bdc7b6190149,Édgar Badía,2021-2022,Other,-2.53755433965766,-0.4463743894873937,0,0
player_1532ce305a61,Benoît Badiashile,2021-2022,Other,-1.4020324647534417,-0.6085468446984255,0,0
player_d3bb6d91a48d,Youssouph Badji,2021-2022,Other,-1.7216120414199465,0.9029637657606522,0,0
player_7f6529c8509f,Miguel Baeza,2021-2022,Other,-1.387820390000883,2.2230250425871505,0,0
player_4154fa13e1fd,Nicola Bagnolini,2021-2022,Other,-2.6857638221948528,1.7244944693837916,0,0
player_3bdb2101af19,Issa Bah,2021-2022,Other,-0.0416965174979979,4.050575319843859,3,0
player_970c1c6ca6b3,Stéphane Bahoken,2021-2022,Other,-1.549363483729634,-0.210237458283895,0,0
player_981797ac0d03,Leon Bailey,2021-2022,Unknown,-0.8069739822080868,-0.2280630303986412,0,0
player_5fbb6d3d9e11,Eric Bailly,2021-2022,Unknown,-0.5082099498020642,0.1873809817794659,0,0
player_59f77db82f67,Dénys Bain,2021-2022,Other,-0.6880467690863745,0.0866495317033593,0,0
player_5445d5bb21c9,Stefan Bajic,2021-2022,Other,-1.9449484124640888,0.1673984244197888,0,0
player_9483c5b16489,Nedim Bajrami,2021-2022,Other,-1.9191949677499165,-0.5897746744235958,0,0
player_2a93b323f7fb,Cédric Bakambu,2021-2022,Other,-0.6883283092255206,0.0899915106211717,0,0
player_5f1d7c97704e,Abdoulaye Bakayoko,2021-2022,Other,-0.9085375179737504,0.156686539948644,0,0
player_b43969ca6c3a,Tiemoué Bakayoko,2021-2022,Unknown,-0.3695947307627947,0.0626793411122771,0,0
player_514744d00cf0,Mitchel Bakker,2021-2022,Unknown,-1.063819085327911,-0.8488083381894064,0,0
player_af049fea541a,Dilane Bakwa,2021-2022,Other,-0.2779295670933586,1.6076132604468634,0,0
player_10600ce8c9d3,Tommaso Baldanzi,2021-2022,Other,-1.407286021437984,1.6958703073594297,0,0
player_d40b595b8791,Ibrahima Baldé,2021-2022,Other,-1.8898402328772932,0.9812808558395372,0,0
player_91a63fbb015a,Keita Baldé,2021-2022,Other,-1.729681256149581,-0.1231974789445366,0,0
player_b6db818376eb,Gareth Bale,2021-2022,Unknown,-0.1935315424395222,-0.0731547901229318,0,0
player_548aabc2547b,Mikel Balenziaga,2021-2022,Other,-1.9100016316716864,-0.5083122401688684,0,0
player_1b316b495d15,Leonardo Balerdi,2021-2022,Other,-1.2375131245927462,-0.0022878423262192,0,0
player_0fcc4dd23d4e,Iván Balliu,2021-2022,Other,-2.245667672556419,-0.8763012244367675,0,0
player_a2477d9b2bb3,Fodé Ballo-Touré,2021-2022,Other,-0.8185656247847315,0.3844746365627416,0,0
player_023fca33041c,Folarin Balogun,2021-2022,Other,-1.9332754130434,0.8500469159795816,0,0
player_af03efe6cac9,Abdoulaye Bamba,2021-2022,Other,-1.5743650809979592,0.4374727290678148,0,0
player_2eb872ba9352,Jonathan Bamba,2021-2022,Unknown,-1.5420656007912232,-1.0916095729420707,0,0
player_157bf12b3eb8,Patrick Bamford,2021-2022,Other,-1.1251833337595054,0.0349442019350532,0,0
player_8f185963fabd,Filippo Bandinelli,2021-2022,Other,-1.688654634711165,-0.3316876213764664,0,0
player_0b9d7d7773b1,Mattia Bani,2021-2022,Other,-1.8263324078019016,-0.1088912631335603,0,0
player_0c327312862a,Simon Banza,2021-2022,Other,0.0130995313527888,0.2103277631721803,0,0
player_2c7c29acf923,Shandon Baptiste,2021-2022,Other,-1.612537579112377,0.0218626250982432,0,0
player_47eb9bc115d3,Antonín Barák,2021-2022,Other,-1.652409902698982,-0.9191013059418406,0,0
player_8c1aa3c5c6a6,Barbero,2021-2022,Other,1.09703053488644,4.900197889511968,3,0
player_5c7355f925f6,Danilo Barbosa,2021-2022,Other,-1.238906186646743,0.3317854425695035,0,0
player_948f51d9a1a9,Barcia,2021-2022,Other,-2.008188640539317,0.6535194581798103,0,0
player_d2626d98ab4a,Bradley Barcola,2021-2022,Unknown,-0.5496596582676345,0.079858792375845,0,0
player_985a0df230b0,Melvin Bard,2021-2022,Other,-1.7334287963343231,-1.1112555064170189,0,0
player_03c0dce62b83,Enis Bardhi,2021-2022,Other,-1.793580741933365,-0.3377982349092568,0,0
player_1846d6a87916,Francesco Bardi,2021-2022,Other,-1.8424596178333017,0.201204710290064,0,0
player_458ab54966ab,Keidi Bare,2021-2022,Other,-1.4574114830468723,-0.2378772059691449,0,0
player_d2cfe169e083,Nicolò Barella,2021-2022,Unknown,-1.2468029688551754,-1.351499309097041,0,0
player_a1623f37a6ad,Kike Barja,2021-2022,Other,-1.405850525393996,0.0432914617971596,0,0
player_e9c7d935e74f,Aymen Barkok,2021-2022,Other,-0.7697361429890986,0.6781728892228248,0,0
player_7294311ccf12,Ashley Barnes,2021-2022,Other,-1.6323221012986593,0.3344558645259073,0,0
player_55660b9a54c3,Harvey Barnes,2021-2022,Other,-1.73771932477145,-0.687753871996832,0,0
player_eebcadd1a22d,Antonio Barragán,2021-2022,Unknown,-0.9132587388774668,-0.3072355881361627,0,0
player_a990afac56cd,Leandro Barreiro Martins,2021-2022,Other,-1.6845276575022017,-0.364288757409179,0,0
player_25384c6053ca,Ander Barrenetxea,2021-2022,Unknown,-0.6090688739737699,-0.3487513325075324,0,0
player_adebde21a579,Jacob Barrett Laursen,2021-2022,Other,-1.8486261251914544,-0.5078073579207015,0,0
player_62f761a26081,Musa Barrow,2021-2022,Other,-1.8448804642584884,-0.7301813657498408,0,0
player_1251800269ab,Abdourahmane Barry,2021-2022,Other,-0.703669995535302,1.112572333418994,0,0
player_2fbd709a9da3,Marc Bartra,2021-2022,Unknown,-1.1318394242337408,-1.0163535729210065,0,0
player_c2fbad2f86ed,Daniele Baselli,2021-2022,Other,-1.2037761498372084,0.8414723652574412,0,0
player_06de17248f6e,Toma Bai?,2021-2022,Other,-1.4705450145796557,-0.0066479834484674,0,0
player_b2c9cf06d964,Amine Bassi,2021-2022,Other,-0.8537456115494773,0.5832367565399355,0,0
player_7635c19136fe,Álvaro Bastida,2021-2022,Other,-1.4240812186353065,0.83691515138184,0,0
player_a218b248bdb4,Alessandro Bastoni,2021-2022,Unknown,-1.0850336284725168,-1.202128696490948,0,0
player_f6019d21aaba,Simone Bastoni,2021-2022,Other,-1.7848984745723346,-0.6660857810104447,0,0
player_73cd1c22e90c,Lewis Bate,2021-2022,Other,-1.3592698240342855,0.6290351844356625,0,0
player_0160e69ce3cd,Rodrigo Battaglia,2021-2022,Other,-1.5283183985496582,0.0399931958882576,0,0
player_3cf184926344,Maximilian Bauer,2021-2022,Other,-1.7547249856617138,-0.2608228878072941,0,0
player_6fdca0de9517,Oliver Baumann,2021-2022,Other,-2.613517122341251,-0.8093957108675173,0,0
player_29f9cdb56d7f,Timo Baumgartl,2021-2022,Other,-1.6686994389805,-0.6775540690854186,0,0
player_da47c992f4f0,Julian Baumgartlinger,2021-2022,Unknown,0.133540464098107,1.2443839961107033,0,0
player_d5ca38b3a6c2,Christoph Baumgartner,2021-2022,Other,-1.6527448552379735,-0.5451853511898773,0,0
player_fa282ab3d812,Jon Bautista,2021-2022,Other,-0.418844445556781,1.5334749200085738,0,0
player_e840a4dd414d,Mohamed Bayo,2021-2022,Other,-1.9699811689197813,-0.8919245813832487,0,0
player_4625ed232bbb,Paul Baysse,2021-2022,Other,3.443384459305101,9.226101792809684,3,0
player_1cb65edd921c,Noah Joel Sarenren Bazee,2021-2022,Other,-1.039820704115699,0.6247453082497797,0,0
player_1364cba01e0e,Bebé,2021-2022,Other,-1.6355507318843172,0.116882596136985,0,0
player_f3488f7aae3a,Ihlas Bebou,2021-2022,Other,-1.9079649917750543,-0.6804135614493807,0,0
player_3d2935dd7d7b,Rodrigo Becão,2021-2022,Other,-2.0251009214385536,-0.931254877639108,0,0
player_989525abcd0c,Mads Bech Sørensen,2021-2022,Other,-1.5679805090538852,0.0687485533150675,0,0
player_bd1d715a5d70,Sheraldo Becker,2021-2022,Unknown,-1.2677756386221266,-0.8254285093824717,0,0
player_69ff2b57386b,Jan Bednarek,2021-2022,Other,-1.8045590782588143,-0.8785033850108196,0,0
player_49c2339760f7,Donny van de Beek,2021-2022,Unknown,1.6650935131463815,0.3771178473480656,0,0
player_a42ca0b1c5bf,Asmir Begovi?,2021-2022,Other,-2.188916259046235,0.2653317184909818,0,0
player_f89743748ee0,Valon Behrami,2021-2022,Other,-1.486042268646526,1.0012822328815392,0,0
player_9205f933f844,Kevin Behrens,2021-2022,Other,-1.1119511156843696,0.1559484843967552,0,0
player_d28d9827e24f,Youcef Belaïli,2021-2022,Other,-1.2766728817566733,-0.1549603181063438,0,0
player_49f19dac8367,Vid Belec,2021-2022,Other,-2.593000325036947,-0.3086552728192342,0,0
player_75bc5fa29e91,Ishak Belfodil,2021-2022,Other,-1.8163292269884408,-0.4528554439696868,0,0
player_c1f58d3c07ae,Haris Belkebla,2021-2022,Other,-1.9988042002904003,-0.5919542943792178,0,0
player_fbb60d55ee65,Stefan Bell,2021-2022,Other,-2.0058354118136688,-0.8276973149889887,0,0
player_99abff99a052,Armel Bella Kotchap,2021-2022,Other,-1.715541009714054,-0.3743600919843624,0,0
player_a00245b99ab3,Raoul Bellanova,2021-2022,Unknown,-1.7415422300737706,-1.0568804134637504,0,0
player_7e331437b28d,Karim Bellarabi,2021-2022,Unknown,-0.2004608141247214,-0.4456086661598611,0,0
player_eefc1ab273d8,Jean-Ricner Bellegarde,2021-2022,Other,-1.842957956552635,-0.637668407585619,0,0
player_b6846c1841f1,Héctor Bellerín,2021-2022,Unknown,-1.3057904983200417,-0.9502567476038088,0,0
player_90dfb7cdc147,Jude Bellingham,2021-2022,Unknown,-1.1656064376981214,-1.3337592003371246,0,0
player_1ccfca17bef8,George Bello,2021-2022,Other,-1.5495518251579807,0.3643402764042965,0,0
player_547563f2b875,Jeanuel Belocian,2021-2022,Other,0.5194943569315117,4.656784107970439,3,0
player_5336e8271234,Andrea Belotti,2021-2022,Other,-1.4576287837916675,-0.4145755338820828,0,0
player_5d0d22b2dadc,Fran Beltrán,2021-2022,Other,-1.8481316213731709,-0.8260878445863092,0,0
player_be8cee3fb3e8,Hatem Ben Arfa,2021-2022,Other,-1.0184692983935335,0.41910731771982,0,0
player_3cf05d355bca,Salim Ben Seghir,2021-2022,Other,-1.4818477883303809,1.4767419458258657,0,0
player_0f1983eb3c68,Wissam Ben Yedder,2021-2022,Unknown,-1.2471780074343604,-1.5181075441364744,0,0
player_29619b87a198,Marco Benassi,2021-2022,Other,-0.6840017914926907,1.00836832711527,0,0
player_e16c12f08df8,Darío Benedetto,2021-2022,Other,-1.2261451646315715,0.8231159397631892,0,0
player_9ed86f1f2c31,László Bénes,2021-2022,Other,-0.8829064951671886,0.3905799249144931,0,0
player_03c0db319e58,Walter Benítez,2021-2022,Unknown,-2.370813439157636,-1.2463532105521915,0,0
player_014858a7a08a,Iker Benito,2021-2022,Other,-1.1345496322195765,1.089507162372204,0,0
player_b66646b1e22b,Loris Benito,2021-2022,Other,-0.5404429501951692,1.067795998543326,0,0
player_565a3e98a576,Pedro Benito,2021-2022,Other,-0.2728520627503458,2.2075577035341034,0,0
player_1f14dac4aad8,Filip Benkovi?,2021-2022,Other,7.028603623457655,11.750555423084954,3,1
player_6977bd4f7158,Ismaël Bennacer,2021-2022,Unknown,-0.6561645916458727,-0.7962373212057424,0,0
player_6efce7e0d9c6,Keanan Bennetts,2021-2022,Other,-0.3734796335218816,2.6323445417488123,0,0
player_900685cba0b9,Saïd Benrahma,2021-2022,Other,-1.840568591975464,-0.7664237959738512,0,0
player_e3fdd5cfde76,Ramy Bensebaini,2021-2022,Unknown,-0.802169543271412,-1.1668512198581529,0,0
player_a4580b68b690,Nabil Bentaleb,2021-2022,Unknown,-0.6238080817336106,-0.9355609452224252,0,0
player_7ec8d917aae2,Christian Benteke,2021-2022,Other,-1.6828505053542473,-0.0766961273810758,0,0
player_a78eb51eafb8,Alessandro Berardi,2021-2022,Other,-2.011407097490347,0.3781016319222771,0,0
player_39ad87fe76aa,Domenico Berardi,2021-2022,Other,-1.4847197463387678,-1.0766052556409675,0,0
player_ad0d33288531,Yuri Berchiche,2021-2022,Unknown,-0.6187510294500476,-0.6934741326713232,0,0
player_356e07dbba57,Álex Berenguer,2021-2022,Other,-1.8796015286593164,-0.4533959212419792,0,0
player_68a71e04327f,Bartosz Bereszy?ski,2021-2022,Other,-2.1658202545269165,-0.7144826519406481,0,0
player_65fbca08757f,Jóhann Berg Gu?mundsson,2021-2022,Other,-1.8138477502515145,0.0378706205188682,0,0
player_56a81aad0011,Patrick Berg,2021-2022,Other,-1.0236363548713794,0.4680705673669897,0,0
player_946de35257fa,Mitchell van Bergen,2021-2022,Other,-2.0771598199159285,0.1498867005613609,0,0
player_fa3d649a8a54,Steven Bergwijn,2021-2022,Unknown,-0.5423595827674418,-0.4317880035866234,0,0
player_8439bd891e39,Etrit Berisha,2021-2022,Other,-2.2508884674622096,0.028547701196758,0,0
player_6294f39605ca,Valon Berisha,2021-2022,Other,-1.251772383500407,0.5504499299510439,0,0
player_c9aeff85abd9,Paul Bernardoni,2021-2022,Other,-2.1058378653728558,-0.2138256806613189,0,0
player_564989cf9096,Juan Bernat,2021-2022,Unknown,-0.5682825385069842,-0.6540035614379971,0,0
player_8c47b7340181,Dimitry Bertaud,2021-2022,Other,-2.0560322224702,0.021595227894516,0,0
player_1c19b46328eb,Jason Berthomier,2021-2022,Other,-1.665781700803696,-0.520140691685982,0,0
player_7b0c04f8b9d0,Nicolò Bertola,2021-2022,Other,1.3937773194195564,2.913983189248223,3,0
player_4cee2300b7d7,Ryan Bertrand,2021-2022,Unknown,-0.5325253960835626,-0.274989630458137,0,0
player_42c0f010208c,Daniel Bessa,2021-2022,Other,-1.143987117063554,0.2247184637891526,0,0
player_aab722da21be,Beto,2021-2022,Other,-1.7698133115239614,-0.7481329500595305,0,0
player_75231141d165,Louis Beyer,2021-2022,Other,-1.337565065618982,-0.3059659681997588,0,0
player_b4dcc587f6db,Bartosz Bialek,2021-2022,Other,-1.4464405435028331,0.9784310851563166,0,0
player_5bb8e64bc1d9,Giulian Biancone,2021-2022,Other,-1.7648265482956926,-0.5364986930181093,0,0
player_89d1e7bb42be,Ermin Bi?ak?i?,2021-2022,Other,-0.0659410131466677,4.061951809915829,3,0
player_6f85fd1c6d70,Mads Bidstrup,2021-2022,Other,-0.2604585250135759,2.142668105599226,0,0
player_88c2e6d62bb1,Pedro Bigas,2021-2022,Other,-1.477324816160105,-0.4102230788139551,0,0
player_e82d8da90d33,El Bilal Touré,2021-2022,Other,-1.511354062117556,-0.1835974702745596,0,0
player_c20ee1274a1a,Jean-Claude Billong,2021-2022,Other,-1.5218145930448284,-0.0511983888748482,0,0
player_3cfe0c94d2c9,Luis Binks,2021-2022,Other,-1.5129742186411896,0.3892831523215352,0,0
player_eace083b67e2,Cristiano Biraghi,2021-2022,Other,-1.982351646748022,-1.1194143822697715,0,0
player_3065be3b2b2f,Davide Biraschi,2021-2022,Other,-1.5508666367214292,0.1435532138938572,0,0
player_8daf277dd711,Tom Bischof,2021-2022,Other,-0.3605748701754928,3.4510989335900333,3,0
player_bb48c4d2a3b0,Yves Bissouma,2021-2022,Other,-1.4480471908169614,-0.5868479022605426,0,0
player_5728d6db6691,Nathan Bitu Mazala,2021-2022,Other,1.2244350070542256,5.4332292980998655,3,0
player_84973003fa3c,Marco Bizot,2021-2022,Other,-3.0035469765435225,-0.846519629998672,0,0
player_ecd671ac91f2,Bjarki Bjarkason,2021-2022,Other,-2.156830662496624,1.4151924424306948,0,0
player_b9558b5eb5fc,Ludovic Blas,2021-2022,Other,-1.8774146316232732,-0.9694650343595614,0,0
player_3d983b285da7,Danny Blum,2021-2022,Other,-1.133887077657498,0.1779250656974434,0,0
player_c060502aa1f6,Myron Boadu,2021-2022,Other,-1.679272661694266,-0.1579906263469377,0,0
player_cf597a337234,Jérôme Boateng,2021-2022,Unknown,-0.9661762866032908,-0.7806946523125088,0,0
player_820ecb59fcf2,Kevin-Prince Boateng,2021-2022,Unknown,-0.7306258910436512,0.2193716492989296,0,0
player_fae665c02ddf,Antonin Bobichon,2021-2022,Other,-1.3669427452954088,1.3841408025834876,0,0
player_bafe18ebd59c,Herbert Bockhorn,2021-2022,Other,-1.53798456451361,0.1143369794820372,0,0
player_2629497418e8,Jean-Paul Boëtius,2021-2022,Other,-1.8077377448963188,-0.4297054416761269,0,0
player_da7e437affbd,Jeremie Boga,2021-2022,Other,-1.427283502841495,0.0046907985911544,0,0
player_41b0273f4db5,Luka Bogdan,2021-2022,Other,-1.607864594304839,0.2587599298964431,0,0
player_209532a400e8,Emil Bohinen,2021-2022,Other,-0.990399745471932,0.1625964764633372,0,0
player_1b2776bd443c,Quentin Boisgard,2021-2022,Other,-1.5973514587362396,0.0677690794737251,0,0
player_20e6a1773c59,Charles Boli,2021-2022,Other,-0.1342421270114789,2.4735401186995256,0,0
player_04a991779ce1,Willy Boly,2021-2022,Other,-1.210394026159548,-0.3099570482503189,0,0
player_0e271a23c04c,Giacomo Bonaventura,2021-2022,Other,-1.676796550730426,-0.6714062112844612,0,0
player_ff21450591e8,Federico Bonazzoli,2021-2022,Other,-1.7169232171728233,-0.5063845815562263,0,0
player_5054eae2737e,Tarsis Bonga,2021-2022,Other,2.5931205908411354,4.438268346115892,3,0
player_cecd12bbc1a7,Kevin Bonifazi,2021-2022,Other,-1.6358320897580845,-0.0146884007901122,0,0
player_001df1453773,Solomon Bonnah,2021-2022,Other,7.587175983608283,14.624108663379513,3,1
player_dd045090c225,Rafael Borré,2021-2022,Unknown,-1.2623310981108906,-1.179799251187277,0,0
player_8e2cb25cb464,Sven Botman,2021-2022,Unknown,-1.047521190395638,-1.3219826143848974,0,0
player_169f7d82a642,Denis Bouanga,2021-2022,Other,-1.6994384245594056,-0.7999183482542006,0,0
player_49b53929d414,Hicham Boudaoui,2021-2022,Other,-1.685873279945076,-0.3054361645761437,0,0
player_3f592b03170d,Ryad Boudebouz,2021-2022,Other,-1.8551042869326304,-0.7553794389178545,0,0
player_4feb61100093,Sofiane Boufal,2021-2022,Other,-1.57437692620459,-0.7964696374575375,0,0
player_6d413a80d2df,Farid Boulaya,2021-2022,Other,-1.8666462262014432,-0.4334691136399377,0,0
player_431b5dc5cb1d,Ismaëlben Boura,2021-2022,Other,-1.044732298539208,1.0083859138284916,0,0
player_c1d8b4bde546,Mehdi Bourabia,2021-2022,Other,-0.537777693674456,-0.3909823413682657,0,0
player_bf71cee9825f,Benjamin Bourigeaud,2021-2022,Other,-2.020921173486135,-1.2139405733809403,0,0
player_b7d9b246626e,Redwan Bourles,2021-2022,Other,-1.779317163495482,1.6572273185706483,0,0
player_4b0326316d8e,Edoardo Bove,2021-2022,Other,0.383734627235557,0.0591896121219036,0,0
player_ab82704e38fe,Jarrod Bowen,2021-2022,Other,-2.083504516838531,-0.9980698321331556,0,0
player_d71c0840ccce,Dedryck Boyata,2021-2022,Other,-2.000311164414247,-0.4912221449398656,0,0
player_b137c035400c,Lucas Boyé,2021-2022,Other,-1.5092679142428391,-0.5177899886733129,0,0
player_c7dffca8bb5b,Domagoj Bradari?,2021-2022,Other,-1.331069466307002,0.6103787691268178,0,0
player_dbc104f58c16,Bilal Brahimi,2021-2022,Other,-1.5067582548115592,0.4022980678584827,0,0
player_03efe05c525c,Martin Braithwaite,2021-2022,Other,-0.6107290099462057,-0.1534511155237659,0,0
player_e7ab5bb9641e,Julian Brandt,2021-2022,Unknown,-0.9731020126143732,-1.288172469844185,0,0
player_6f55883b1054,Jarrad Branthwaite,2021-2022,Other,-1.1846388249412887,-0.1601546364204281,0,0
player_5e89cc79b7b0,Darko Braanac,2021-2022,Other,-2.080410546004482,-0.5107311458864287,0,0
player_0c758d16c68a,Lilian Brassier,2021-2022,Other,-1.9575966886243297,-0.6247333391683644,0,0
player_3645090159ca,Claudio Bravo,2021-2022,Unknown,-1.7770289964585355,-0.5825977230919385,0,0
player_7596d73264ef,Iker Bravo,2021-2022,Other,-1.939048403130812,0.9233997510196352,0,0
player_f05a70cf9259,Fabian Bredlow,2021-2022,Other,-1.5900035228766995,-0.0274286698983668,0,0
player_0809ce0cbc94,Josip Brekalo,2021-2022,Other,1.1221563204293532,1.986225475220446,0,0
player_049f6d5c9c17,Gleison Bremer,2021-2022,Other,-1.778290357465336,-0.959972917556042,0,0
player_09520839343d,Jimmy Briand,2021-2022,Unknown,0.0140082047449068,-0.0956536218876477,0,0
player_857ca5cb9be6,Yan Brice Eteki,2021-2022,Other,-1.1224898551227638,0.9194997879585384,0,0
player_a9811a1fea84,Brian Brobbey,2021-2022,Other,-0.7880067112933065,0.6448624129549729,0,0
player_4b98f96e09cf,Armando Broja,2021-2022,Other,-2.0936374645378564,-0.4568758396129038,0,0
player_9890969014ea,Dylan Bronn,2021-2022,Other,-1.8667214820117863,-0.7290448715114676,0,0
player_a71ab111b657,Daniel Brosinski,2021-2022,Other,-1.81868116496889,0.5084928064291112,0,0
player_887ac0253411,Josh Brownhill,2021-2022,Other,-2.0897989758163176,-0.8163110803964224,0,0
player_51db46bfded0,Marcelo Brozovi?,2021-2022,Other,-1.5399457588675292,-1.081538598354868,0,0
player_2f631206f920,Cédric Brunner,2021-2022,Other,-2.0183151919179068,-0.4293396079306071,0,0
player_bfe84886d1d5,Lewis Brunt,2021-2022,Other,-0.4612019581591834,2.0457953672894678,0,0
player_cfdb5ed8b88e,Jacob Bruun Larsen,2021-2022,Other,-1.670646137289089,-0.0637679907769706,0,0
player_7d4ef62de508,Bryan,2021-2022,Other,-1.6314573638312329,0.2982812503947127,0,0
player_582fda602dfa,Ante Budimir,2021-2022,Other,-1.7896366502794714,-0.4395291326844103,0,0
player_44471f51e106,Emi Buendía,2021-2022,Other,-1.6748898471861662,-0.5994662538184965,0,0
player_210fd9a15076,Osman Bukari,2021-2022,Other,-1.4618292520958327,-0.141613608520845,0,0
player_d1626776c3c9,Aleksander Buksa,2021-2022,Other,-1.879924988856108,1.264484237583461,0,0
player_750be75c525c,Alessandro Buongiorno,2021-2022,Other,-1.547906267266764,0.0474300253894143,0,0
player_89cfc4a5fc4a,Sascha Burchert,2021-2022,Other,-2.277866915943356,-0.1803240204939871,0,0
player_e49ff3755aa3,Delano Burgzorg,2021-2022,Other,4.412056410466847,1.2901507691297545,1,0
player_413996d604ce,Jonathan Burkardt,2021-2022,Other,-2.081753705309076,-0.8924898270847154,0,0
player_ffb988e49190,Roman Bürki,2021-2022,Unknown,-1.2120568181497209,-0.1591249852238309,0,0
player_9c5318fae755,Dan Burn,2021-2022,Other,-1.1036583512491245,-0.2812391337344196,0,0
player_802c51154dc7,Maxime Busi,2021-2022,Other,-1.5083185161103458,-0.3139436886580334,0,0
player_4f001b4be3ab,Gianluca Busio,2021-2022,Other,-1.660468177481683,-0.4340713357476717,0,0
player_17ee86830568,Oriol Busquets,2021-2022,Other,-1.249710023181016,0.6422738319899802,0,0
player_266ef6087573,Jack Butland,2021-2022,Other,-1.972834602728996,-0.0415608344888615,0,0
player_24d1b5138474,Adrián Butzke,2021-2022,Other,-2.7336482075847166,1.6645203640667228,0,0
player_6d41cfb773c2,Marcin Bu?ka,2021-2022,Other,-1.508640193953357,0.1664385579594579,0,0
player_1cc509fea879,Jamie Bynoe-Gittens,2021-2022,Other,-0.8578154993819861,0.664985351062861,0,0
player_415899e01a84,Sam Byram,2021-2022,Other,-1.4350573635609831,-0.0361542456425769,0,0
player_284ff7ec3eff,Erick Cabaco,2021-2022,Other,-1.4618173289544762,0.7976059423817085,0,0
player_3a47c653b093,Willy Caballero,2021-2022,Other,-1.7662289328325371,0.4264118772150697,0,0
player_9d01ed86b736,Rémy Cabella,2021-2022,Unknown,-0.4191640388718152,-0.2105254848816281,0,0
player_1a857322f6ce,Jimmy Cabot,2021-2022,Other,-1.4058572318047058,-0.6432005663011803,0,0
player_7d5215fdb95a,Leandro Cabrera,2021-2022,Other,-2.331700720569004,-1.0139802279822208,0,0
player_30b9c955206f,Liberato Cacace,2021-2022,Other,-1.1633089202803633,0.3539530709446662,0,0
player_bc552393e52c,Martín Cáceres,2021-2022,Unknown,-0.8457242348925385,-0.4054577574884753,0,0
player_41c98e206098,Anthony Caci,2021-2022,Other,-1.8519145301223796,-0.717095739870371,0,0
player_6531e2edeb4a,Mathieu Cafaro,2021-2022,Other,-0.8831975336974887,0.9359396149515028,0,0
player_3c2a65d110b3,Yannick Cahuzac,2021-2022,Other,-1.6885631658463511,0.3263717853058216,0,0
player_f9befc996a58,Felipe Caicedo,2021-2022,Other,-0.8899072560652184,0.4204975210399191,0,0
player_43ba7bbdcb28,Moisés Caicedo,2021-2022,Other,-0.958822697856242,-0.1915217441930647,0,0
player_cfe1039fd695,Marc-Aurèle Caillard,2021-2022,Other,-2.498107772389479,-0.1446291538708293,0,0
player_498e68f6fca2,Jens Cajuste,2021-2022,Unknown,-0.3300118648998149,-0.4458524946381786,0,0
player_ba918fe3030e,Cala,2021-2022,Other,-1.707690230381338,0.324226784685389,0,0
player_fa83f49c2738,Davide Calabria,2021-2022,Unknown,-1.077970139483531,-1.1286031065003912,0,0
player_57c3934fbd2c,Riccardo Calafiori,2021-2022,Other,-1.095236210694965,1.7636136893771093,0,0
player_6b3ec7f2f524,Mattia Caldara,2021-2022,Unknown,-1.431034207554703,-1.1902080216646065,0,0
player_f98db2b09887,Calderón,2021-2022,Other,-0.3650047769004009,0.9256575711472268,0,0
player_8c9b10deaedd,Fernando Calero,2021-2022,Other,-1.5110610882584028,-0.0604791642401676,0,0
player_cbbf7c61c3b2,Duje ?aleta-Car,2021-2022,Other,-1.5078451321237665,-0.7662171191587938,0,0
player_fbb477cdd1c3,Hakan Çalhanoðlu,2021-2022,Other,-1.4894521117899244,-0.8270356135876932,0,0
player_d79631aff02f,Daniel Caligiuri,2021-2022,Unknown,-1.148244531453171,-0.9817755486314916,0,0
player_328c50b5e354,José Callejón,2021-2022,Unknown,-1.3325368406396394,-0.6476316502644661,0,0
player_c2205b107288,Lucas Calodat,2021-2022,Other,-1.5894058485388918,1.170887732801135,0,0
player_c0ffa3a41788,Dominic Calvert-Lewin,2021-2022,Other,-1.644351057481252,-0.3293854933510132,0,0
player_9fb947b00475,Mahdi Camara,2021-2022,Other,-1.84284662389835,-1.0408517807307345,0,0
player_5ee491c6b7af,Mamadou Camara,2021-2022,Other,-0.0170301205585903,1.4517299661058056,0,0
player_71f4267a9a88,Víctor Camarasa,2021-2022,Other,-1.1202529690147334,0.9624148669810856,0,0
player_1d89b2af6681,Andrea Cambiaso,2021-2022,Other,-1.632826724046722,-0.4492656478862731,0,0
player_1e3b43b03083,José Campaña,2021-2022,Other,-1.2670345975137998,-0.4053366436702659,0,0
player_91805dfbfd34,Chem Campbell,2021-2022,Other,3.062172903592145,7.873953655229538,3,0
player_369b00b2a3d6,Sergio Canales,2021-2022,Other,-1.780853783689101,-0.9913235162832056,0,0
player_7fe4c8b6501d,Matteo Cancellieri,2021-2022,Other,-0.9154508745165636,0.6248787547776934,0,0
player_d004b9833006,Fali Candé,2021-2022,Other,-1.3034993404974893,-0.2219883326332852,0,0
player_7c4a7f5213fe,Antonio Candreva,2021-2022,Other,-2.140434291228701,-1.0226769988590017,0,0
player_d13f6e85f993,Sergi Canós,2021-2022,Other,-1.971403349473644,-0.4091556981629909,0,0
player_75d16d6efd8c,Álex Cantero,2021-2022,Other,-1.6423439803293864,0.3363441580830176,0,0
player_937f260ae36a,Todd Cantwell,2021-2022,Other,-1.3043445075801747,0.4360475681220715,0,0
player_aec8b306f946,Ander Capa,2021-2022,Other,-2.0296318043651067,1.6551972380772664,0,0
player_8a05eb0ec64c,Pierrick Capelle,2021-2022,Other,-1.6460144942268116,-0.0846802693889431,0,0
player_ace1ee754005,Leonardo Capezzi,2021-2022,Other,-1.232992687132502,0.6342744269408872,0,0
player_4bfb1e37516a,Gianluca Caprari,2021-2022,Other,-1.7504910718615874,-1.0142135823875595,0,0
player_8547ac8282ea,Francesco Caputo,2021-2022,Other,-1.2710831279414705,0.4522078783985545,0,0
player_7b7c5d6198b0,Maxence Caqueret,2021-2022,Unknown,-1.0851511499824669,-1.087376318116459,0,0
player_1be672f41493,Andrea Carboni,2021-2022,Other,-2.173579727607825,-0.4196634803886255,0,0
player_204a1a63e5a4,Isaac Carcelen,2021-2022,Other,-1.6457004550099663,-0.2798751020651352,0,0
player_1a261d825473,Cárdenas,2021-2022,Other,-2.5614155081160197,-0.4123227330259562,0,0
player_1550ffbcd214,Irvin Cardona,2021-2022,Other,-1.9196622414884448,-0.2032603045568532,0,0
player_fc364c10899f,Igor Carioca,2021-2022,Other,-1.7204288552095242,-0.2484630099134364,0,0
player_7d6543d7862a,Carlo,2021-2022,Other,-0.0525760503128247,3.8495181381399353,3,0
player_bc1bd64572f1,Carmona,2021-2022,Other,-1.3457235819696345,1.896002692514754,0,0
player_4ec2f926917c,Yannick Carrasco,2021-2022,Unknown,-1.4209585401919016,-1.226295944361095,0,0
player_5e2debc26933,Guido Carrillo,2021-2022,Other,-1.7636692581938422,-0.0092189023603799,0,0
player_9d3399366b67,William Carvalho,2021-2022,Other,-1.3762885655679469,-0.5059001197278828,0,0
player_a25f0df7c709,Nicolò Casale,2021-2022,Other,-2.1495131323129364,-0.5263211549774517,0,0
player_abf2a9f4223f,Matty Cash,2021-2022,Unknown,-1.6386589367164353,-1.4763440741985807,0,0
player_22473760aa1a,Kiko Casilla,2021-2022,Other,-2.1979585791892604,-0.1143101294574953,0,0
player_e2b5c5b947ea,Moreto Cassamã,2021-2022,Other,-1.0695847072559606,-0.1642754974819944,0,0
player_e4cbe038483e,Francesco Cassata,2021-2022,Other,1.926240419059783,5.98796772644222,3,0
player_11580a648801,Timothy Castagne,2021-2022,Other,-1.719402865274654,-0.7567030345652022,0,0
player_3f3bce919969,Koen Casteels,2021-2022,Unknown,-1.944324094478029,-1.0648204712221974,0,0
player_3674c517c325,Jean-Charles Castelletto,2021-2022,Other,-1.8313480562304247,-0.7388568676351701,0,0
player_cda8d7816d63,Samu Castillejo,2021-2022,Other,-1.0000146576504856,1.1820785647823366,0,0
player_d1948c8629ee,Gonzalo Castro,2021-2022,Unknown,-0.7686941903805677,-0.1705579758702453,0,0
player_be3a12e2941d,Jonny Castro,2021-2022,Other,-1.1133457826785058,-0.4743474097673823,0,0
player_7abe5e4dc2bd,Gaetano Castrovilli,2021-2022,Other,-1.7655262198025592,-0.1260988238091804,0,0
player_177bcc5e2cbf,Danilo Cataldi,2021-2022,Unknown,-0.994705445695382,-0.7927876398575874,0,0
player_8caf81b4db0f,Catena,2021-2022,Other,-2.26950387813508,-0.9916087365267148,0,0
player_4e4cf597f173,Craig Cathcart,2021-2022,Other,-2.363384257025627,-0.5218944749702443,0,0
player_3607b6686fd5,Edinson Cavani,2021-2022,Unknown,-0.8626539448434078,-0.4984581873945901,0,0
player_28ffdd1f21af,Pietro Ceccaroni,2021-2022,Other,-2.132238988393205,-1.0016488858963362,0,0
player_9241f44fc66f,Federico Ceccherini,2021-2022,Other,-1.895231975441976,-0.5085001136344829,0,0
player_b6e9473d38ac,Emil Ceide,2021-2022,Other,-0.8740203746276622,1.8077099264025025,0,0
player_517d74137685,Fabien Centonze,2021-2022,Other,-1.3006071031160047,-0.696844549964224,0,0
player_a43a1597536d,Luca Ceppitelli,2021-2022,Other,-1.6593524536720663,-0.2996314133901514,0,0
player_bcb40fba02bf,Franco Cervi,2021-2022,Unknown,-1.083781391446308,-0.9096818319261508,0,0
player_5b29585b8b25,Leonardo César Jardim,2021-2022,Other,-2.413981995704584,-0.2485856981983917,0,0
player_2704ac7308b8,Damir Ceter,2021-2022,Other,-1.5946724844983258,2.403789239043947,0,0
player_6d28ef9955b1,Julian Chabot,2021-2022,Other,-0.9887841464423552,0.6245417903329268,0,0
player_602d787d0e50,El Chadaille Bitshiabu,2021-2022,Other,1.5906829837220862,7.228414551604749,3,0
player_86341d59d959,Nassim Chadli,2021-2022,Other,-0.7949518841802867,1.687355840193988,0,0
player_b3e70dda7162,Kayky Chagas,2021-2022,Other,-0.8866315480873264,2.362827336145832,0,0
player_ce65ec693c64,Mehdi Chahiri,2021-2022,Other,-0.7368702179909986,3.1525921156656205,3,0
player_ca4a62fa09fc,Calum Chambers,2021-2022,Other,-1.1227018446742616,-0.3760819613286549,0,0
player_1a75dd32fe52,Dylan Chambost,2021-2022,Other,-1.4346398066012664,0.089723106461052,0,0
player_811082b77709,Timothy Chandler,2021-2022,Other,-1.7732317551470085,-0.0232773657937657,0,0
player_378887e8cdd3,Chapela,2021-2022,Other,-1.840191369486735,0.5069530841190508,0,0
player_7c7fb886916d,Brendan Chardonnet,2021-2022,Unknown,-1.3509390286423897,-1.369901918736179,0,0
player_cc1f76caa1d3,Xavier Chavalerin,2021-2022,Other,-1.1079808493031629,0.2481537916914407,0,0
player_7d970e0b1507,Justin Che,2021-2022,Other,-0.6510084362411535,1.6256213613604926,0,0
player_ecc7cd888898,Chema,2021-2022,Other,0.3041550317532963,2.551471692214488,0,0
player_897d9b714896,Rayan Cherki,2021-2022,Other,-1.2686063111787262,0.3733426214578761,0,0
player_7431fa911c7c,Denis Cheryshev,2021-2022,Other,-1.4298973492036562,0.3747323003923414,0,0
player_ff6bf9504fbd,Daniel Chesters,2021-2022,Other,-1.9493772059755732,1.0298386884331416,0,0
player_952cea357d6c,Chiquinho,2021-2022,Unknown,0.5309941267960426,0.031877874610868,0,0
player_76debcab070d,Vlad Chiriche?,2021-2022,Other,-1.802531663051616,-0.6581832052405043,0,0
player_ee2ecef60ab5,Pedro Chirivella,2021-2022,Other,-1.8561481152873232,-0.895473145450345,0,0
player_3994512a118d,Joris Chotard,2021-2022,Other,-2.154189453455569,-0.8568624926399387,0,0
player_184ccef7d38b,Hamza Choudhury,2021-2022,Other,-0.943125766823562,0.5438810022310283,0,0
player_4b6a900335e9,Max Christiansen,2021-2022,Other,-1.8398562676916397,-0.4588191865247245,0,0
player_b8307c4b1219,Carney Chukwuemeka,2021-2022,Unknown,-0.7786222985422682,0.0410017233659132,0,0
player_6152235816d9,Víctor Chust,2021-2022,Other,-1.94367310145606,-0.4093809315803245,0,0
player_276295796a5e,Riccardo Ciervo,2021-2022,Other,-1.189246246038334,0.5791064312053589,0,0
player_ed9d85c22f85,Jasper Cillessen,2021-2022,Unknown,-1.7827083124206693,-0.6138446064663978,0,0
player_5d95bf6d46fa,Pathé Ciss,2021-2022,Other,-1.3744438783442725,-0.0601996713694244,0,0
player_8e17974256d6,Moustapha Cissé,2021-2022,Other,2.7919511111867754,1.4804282782461706,1,0
player_805171f201c4,Giorgio Cittadini,2021-2022,Other,-1.6653961074802743,2.1223272087106992,0,0
player_b84744c105ef,Ciaran Clark,2021-2022,Other,-1.666597049974209,-0.0953186988969379,0,0
player_d401363bc8af,Alexis Claude-Maurice,2021-2022,Other,-0.6158919299454074,0.643161102854421,0,0
player_5884cb3cb1fd,Jonathan Clauss,2021-2022,Other,-1.948971551613025,-1.0674435065510135,0,0
player_5d4fa7fcb7fd,Carlos Clerc,2021-2022,Other,-1.6456418488406517,-0.198087855707058,0,0
player_7fad0ecb9388,Tom Cleverley,2021-2022,Unknown,-1.2092155907347162,-0.6981336735257755,0,0
player_e5b20f5729b5,Nathaniel Clyne,2021-2022,Other,-1.637880220113385,-0.3976950164130928,0,0
player_4de44fef5249,Conor Coady,2021-2022,Other,-2.24361617021672,-1.2631696784536377,0,0
player_84365d6f24cf,Marcus Coco,2021-2022,Other,-1.4736366208656175,0.1031209298413651,0,0
player_cb2a6b634f36,Coke,2021-2022,Other,0.4252664344508216,0.3088407770396674,0,0
player_c43f74e81158,Séamus Coleman,2021-2022,Other,-2.2006576018235187,-0.766763371275894,0,0
player_60cd4d7d03b0,Álex Collado,2021-2022,Other,-1.2133620311981663,-0.2397767191566074,0,0
player_54951f272ebc,Ebrima Colley,2021-2022,Other,-1.0392453521487874,0.4505951750615504,0,0
player_b2b66bbb34a4,Omar Colley,2021-2022,Other,-2.0909344959585483,-0.7533547101119785,0,0
player_ea42567a4482,Nathan Collins,2021-2022,Other,-1.7325119679520444,-0.5341080170122253,0,0
player_f070f8e348b8,Kingsley Coman,2021-2022,Unknown,-0.642300306402619,-0.9773260469742504,0,0
player_c4e8c15a9ca4,Eray Cömert,2021-2022,Other,-1.307262679712031,0.4382277460614578,0,0
player_7586f971244b,Santi Comesaña,2021-2022,Other,-1.7159033682417468,-0.699374692259465,0,0
player_4483857a07da,Diego Conde,2021-2022,Other,-1.5694592092631685,3.796798052861332,3,0
player_3514ed131c61,Aaron Connolly,2021-2022,Other,-1.7550188047052184,0.617004794993328,0,0
player_12af86b3ee66,Andrea Consigli,2021-2022,Other,-2.800614959825528,-0.8772890588277852,0,0
player_9a187c2cc23a,Abdu Conté,2021-2022,Other,-1.758276821995011,-0.2237385225905117,0,0
player_384a03c68c24,Andrea Conti,2021-2022,Other,-0.7761750711605121,2.6240782157891283,0,0
player_d42add5ac776,Liam Cooper,2021-2022,Other,-1.663534296929484,-0.4786337250203523,0,0
player_7a8510bbe869,Lucas Copado,2021-2022,Other,-1.0202223226877034,1.969385795707872,0,0
player_b840c9f15187,Diego Coppola,2021-2022,Other,-1.3203370083761057,0.3478033344193126,0,0
player_94d865dd97c6,Francis Coquelin,2021-2022,Unknown,-0.2872788284511061,-0.6526242250108367,0,0
player_2fcc2e3f349a,Sébastien Corchia,2021-2022,Other,-1.811259476884752,-0.1396841836454699,0,0
player_56b518d76143,Sergio Córdova,2021-2022,Other,-1.712146040790771,0.8508355228082604,0,0
player_d48b783c1068,Jack Cork,2021-2022,Other,-1.8238108225557208,-0.3711582478644194,0,0
player_aa3ab7f817d7,Maxwel Cornet,2021-2022,Unknown,-1.1944162236354905,-0.9835819107940784,0,0
player_1e40c71d6acd,Jesús Corona,2021-2022,Unknown,-0.8899834860324674,-0.7230947347425801,0,0
player_6d1a9135f654,Ángel Correa,2021-2022,Unknown,-1.0647727848599748,-1.0991089959621798,0,0
player_63b1c402454c,Joaquín Correa,2021-2022,Unknown,-0.635817445933594,-0.6996068242558132,0,0
player_50fcb1709eb2,Thierry Correia,2021-2022,Other,-1.5500953507574668,-0.1598815002140823,0,0
player_30f452c79c0e,Danny da Costa,2021-2022,Other,-1.6473730797773247,0.2233400685183342,0,0
player_823d9c2b5c5f,David Pereira da Costa,2021-2022,Other,-1.667167399820156,-0.3936742121569758,0,0
player_fe470d8f141f,Hélder Costa,2021-2022,Other,-1.8208416300349168,0.1533925316493448,0,0
player_51ed8cb29e6f,Jaume Costa,2021-2022,Other,-1.826525958900413,-0.3579654820180125,0,0
player_12231a3a7deb,Benoît Costil,2021-2022,Other,-2.5469089569827013,-0.5028070674427274,0,0
player_afcc3fec5e7a,Vladimír Coufal,2021-2022,Other,-1.931087224180077,-0.5484383094067014,0,0
player_c41214bf39f4,Kalifa Coulibaly,2021-2022,Other,-1.6018090634601294,-0.0319436761898834,0,0
player_a1aa6cd8a22e,Lassana Coulibaly,2021-2022,Other,-1.9689414402156888,-0.5940971632459789,0,0
player_9ebbcb926ae7,Mamadou Coulibaly,2021-2022,Other,-1.1448139954164165,-0.214106827608186,0,0
player_318bf1396c2e,Tanguy Coulibaly,2021-2022,Other,-1.586223972361821,0.2642282647858782,0,0
player_fae787f35f26,Thibaut Courtois,2021-2022,Unknown,-2.213930893105841,-1.2811593867044155,0,0
player_bfd2b98e016e,Nicolas Cozza,2021-2022,Other,-1.8629504922797977,-1.098811705654315,0,0
player_9b434b0f0f77,Alessio Cragno,2021-2022,Other,-2.9676996683669565,-0.7080688407247109,0,0
player_66b4206761b7,Aaron Cresswell,2021-2022,Other,-2.017581578547181,-0.9294304979851516,0,0
player_b2894594c10f,Charlie Cresswell,2021-2022,Other,-0.6849663685462859,1.165615941032852,0,0
player_27e961fc1a27,Domenico Criscito,2021-2022,Unknown,-0.8185484715106306,-1.0901708096144571,0,0
player_c5e9cb9a5544,Bryan Cristante,2021-2022,Unknown,-1.209314918032534,-1.2025996408960855,0,0
player_71e099e35bbc,Cristo,2021-2022,Other,0.857743104161405,3.79193911306782,3,0
player_2a7f7a990779,Enzo Crivelli,2021-2022,Other,-1.2696788206982512,0.7574985364613206,0,0
player_bc50ded0ce87,Domen ?rnigoj,2021-2022,Other,-1.9120574446655565,-0.438912547981041,0,0
player_46bd8d911830,Giovanni Crociata,2021-2022,Other,0.4519015822916324,3.7422406534838073,3,0
player_6d7e7fcc1b23,Juan Cruz Armada,2021-2022,Other,-1.962051051214644,-0.4270312692019123,0,0
player_089becae4a99,Cucho,2021-2022,Other,-1.5807128876181746,-0.1269663457455405,0,0
player_593a16a1d706,Marc Cucurella,2021-2022,Unknown,-1.410601306929415,-1.4258003740751928,0,0
player_ba8427f2d215,Jorge Cuenca,2021-2022,Other,-2.2009859686401056,-0.7067123041682336,0,0
player_215b02f18df2,Mickaël Cuisance,2021-2022,Other,-1.5421831795214906,0.0126564264891526,0,0
player_0ed7040eef4d,Luke Cundle,2021-2022,Other,-0.7777447559284277,0.5165906237762135,0,0
player_9ec09fca90d0,Patrick Cutrone,2021-2022,Other,-1.9773167697291616,-0.1885760893451604,0,0
player_3eb76a29f680,Wylan Cyprien,2021-2022,Other,-1.4349076697906686,-0.4052004175637528,0,0
player_64a37958cc1f,Rafael Czichos,2021-2022,Other,-1.4464670181853525,-0.3164791938712511,0,0
player_cd7450acd247,Lennart-Marten Czyborra,2021-2022,Other,-1.163740455638157,1.2864681844969323,0,0
player_f03e642223fb,Danilo D'Ambrosio,2021-2022,Other,-1.135942411657984,-0.1675996127376716,0,0
player_0e6b30b5df93,Lucas Da Cunha,2021-2022,Other,-1.3367241434490895,-0.1646189203899532,0,0
player_53755aa2fa1d,Damien Da Silva,2021-2022,Other,-1.200668504743426,-0.1249751634000323,0,0
player_e70861a238ed,Moanes Dabbur,2021-2022,Other,-1.5188888830543426,-0.1471826817793758,0,0
player_26ed456a6ba2,Colin Dagba,2021-2022,Unknown,0.1082771407126755,0.2871580768510064,0,0
player_344805532ca0,Finn Dahmen,2021-2022,Other,-1.5860079168194503,0.1241290461800072,0,0
player_7f29cec37924,Mahmoud Dahoud,2021-2022,Unknown,-0.858019605670894,-0.8547609750935333,0,0
player_662d6fef8a54,Patson Daka,2021-2022,Other,-1.404608572160979,-0.2912391240314819,0,0
player_bb60874b4e10,Stuart Dallas,2021-2022,Other,-1.9706970804075248,-0.9057990930777248,0,0
player_a12fda75b36a,Diogo Dalot,2021-2022,Unknown,-1.0310266355390056,-0.8815821579682243,0,0
player_b27e0ba3d183,Mikkel Damsgaard,2021-2022,Other,-1.1655587895683397,0.2006388159005598,0,0
player_feee148820c1,Flavius Daniliuc,2021-2022,Other,-1.4497220534468669,-0.122074049833996,0,0
player_b8c068b9a6d3,Kevin Danso,2021-2022,Other,-1.7331108104723134,-0.9460177074968646,0,0
player_dad5840ce445,Dante,2021-2022,Unknown,-1.3250180183239872,-1.3274101853293774,0,0
player_18605b64d0fe,Ebrima Darboe,2021-2022,Other,-0.2816205640746702,0.9840159575820582,0,0
player_3180e76521be,Márton Dárdai,2021-2022,Other,-1.3458199507355202,0.0485731942266829,0,0
player_94626ad9bc9e,Sergi Darder,2021-2022,Other,-2.008775406348611,-1.067431644339573,0,0
player_2793470ee346,Vladimír Darida,2021-2022,Other,-1.6296580617859266,-0.4403429691105907,0,0
player_f384727b8448,Karl Darlow,2021-2022,Other,-2.085649430611212,0.0608830724562656,0,0
player_1e17f07dd9e9,Matteo Darmian,2021-2022,Unknown,-0.9996223174687217,-0.8344813880952006,0,0
player_7e9f3f9a9850,Josh Dasilva,2021-2022,Other,-1.4025964155556827,0.5562751186231074,0,0
player_62aaf8724952,Jonathan David,2021-2022,Unknown,-1.5291394832736265,-1.4145561007450724,0,0
player_9d2fdd36e488,Alphonso Davies,2021-2022,Unknown,-0.846483546955398,-0.9864450383681096,0,0
player_d477d15349db,Ben Davies,2021-2022,Unknown,-1.2334161468296383,-1.2440889516818,0,0
player_f4387f234d02,Tom Davies,2021-2022,Other,-0.8104626168900773,0.4418730520388924,0,0
player_77ff0adb4a06,Keinan Davis,2021-2022,Other,-0.8873471702817198,2.082347090811422,0,0
player_db426f4d8d51,Pawe? Dawidowicz,2021-2022,Other,-1.4537408227608537,-0.1241214676971917,0,0
player_1781864ca981,Craig Dawson,2021-2022,Other,-2.146090837302511,-0.7946389784640859,0,0
player_c58128c7773c,Kevin De Bruyne,2021-2022,Unknown,-0.7693716311501162,-1.4248661624898034,0,0
player_98a6ce1482d1,Konrad De La Fuente,2021-2022,Other,-1.6731392360040875,0.120165898068464,0,0
player_76bb6c12823c,Sebastien De Maio,2021-2022,Other,-0.979480508587556,0.2170108553353106,0,0
player_fd494c43d413,Tommaso De Nipoti,2021-2022,Other,-1.5946724844983258,2.403789239043947,0,0
player_5657a6446c66,Rodrigo De Paul,2021-2022,Unknown,-1.0987045076628246,-1.0371349981202105,0,0
player_ea7ef59c7061,Mattia De Sciglio,2021-2022,Unknown,-0.8414462919595147,-0.7085205266392802,0,0
player_8dd439ad657b,Lorenzo De Silvestri,2021-2022,Other,-1.936223543824136,-0.6691128857058216,0,0
player_a72d86b1276f,Saulo Decarli,2021-2022,Other,4.48721445330139,6.420990155462195,3,0
player_32dca675dfa0,Troy Deeney,2021-2022,Other,-1.426240112875138,1.4784149451313582,0,0
player_d9183316b31a,Grégoire Defrel,2021-2022,Other,-1.8791357323307385,-0.2083504574737453,0,0
player_d59136f3fdf8,Alessandro Deiola,2021-2022,Other,-1.8097531651647865,-0.589592968370896,0,0
player_61b64f5179fc,Romain Del Castillo,2021-2022,Other,-1.3669441004365597,-0.0676884145623837,0,0
player_15df26c9c14a,Thomas Delaine,2021-2022,Other,-1.9854809067231955,-0.6313952968707146,0,0
player_ca4473c17f52,Thomas Delaney,2021-2022,Unknown,0.6470614546053177,2.9887495343364248,3,0
player_9aa3d60c2913,Liam Delap,2021-2022,Other,0.8733533078994788,5.116351650533351,3,0
player_cf83d10f608c,Sacha Delaye,2021-2022,Other,-1.3994066493818622,0.5936990552655715,0,0
player_d2d2ac623662,Filippo Delli Carri,2021-2022,Other,-1.18176649528287,0.2819476715868277,0,0
player_d98e816ed54c,Andy Delort,2021-2022,Other,-1.8937116133134844,-0.8385886528700682,0,0
player_ea3c7f9e632a,Fabian Delph,2021-2022,Unknown,-0.7269899542049993,-0.2356711019816256,0,0
player_cbca9b7a9f7d,Moussa Dembélé,2021-2022,Unknown,-1.0414398358921173,-1.273286561058521,0,0
player_4ba8b9d70ba3,Ousmane Dembélé,2021-2022,Unknown,-0.7344242917615826,-0.8279685180063582,0,0
player_42e9e9cd2c58,Merih Demiral,2021-2022,Unknown,-1.1054295582354263,-0.8348025601601439,0,0
player_8656e1051f46,Kerem Demirbay,2021-2022,Other,-1.4922114714553498,-0.4978833614731454,0,0
player_becc11d29e47,Ermedin Demirovi?,2021-2022,Other,-1.5139990609342189,0.1740778888540796,0,0
player_95b39ad61e0f,Diego Demme,2021-2022,Unknown,0.0454082122281916,-0.5785129429084157,0,0
player_ec5ca2f84145,Jason Denayer,2021-2022,Unknown,-0.3288728103027974,-1.080334919395583,0,0
player_5daf964ed7f1,Leander Dendoncker,2021-2022,Other,-1.7354470959665933,-0.5473699257284457,0,0
player_238b8e11d7c0,Emmanuel Dennis,2021-2022,Other,-1.7900884957128078,-0.7898551588475792,0,0
player_83f088c3851f,Fabio Depaoli,2021-2022,Other,-0.6248730465671258,1.5456771172676786,0,0
player_533004a67efe,Memphis Depay,2021-2022,Unknown,-0.8579839979814055,-1.1680156509603592,0,0
player_e3bff0bd1030,Mike van der Hoorn,2021-2022,Other,0.7470633461453907,4.662869394312024,3,0
player_77c82d0e0114,Arthur Desmas,2021-2022,Other,-2.227205496237333,-0.2056980110454884,0,0
player_14aa08a52b12,Mattia Destro,2021-2022,Other,-1.762117871984166,-0.4192712265340207,0,0
player_e34817411e99,Gerard Deulofeu,2021-2022,Other,-1.8910972128070005,-0.8582645234684133,0,0
player_5c60132521ad,Kiernan Dewsbury Hall,2021-2022,Other,-1.8917834230061297,-0.5374503071838768,0,0
player_2565e1cbdb15,Jacopo Dezi,2021-2022,Other,2.133704833010968,5.676239926125557,3,0
player_5305b9993c70,Samuel Di Carmine,2021-2022,Other,-0.5204899443151281,2.677896458484183,0,0
player_80f90ce41f75,Federico Di Francesco,2021-2022,Other,-1.7532380000337808,-0.2493364494166874,0,0
player_76db68856d36,Giovanni Di Lorenzo,2021-2022,Unknown,-1.162864652484762,-1.4502909529227386,0,0
player_220d8e1ddbe5,Ángel Di María,2021-2022,Unknown,-0.6947415229843028,-1.0636742193190778,0,0
player_ebf97f249470,Francesco Di Mariano,2021-2022,Other,-1.3326145725422591,0.6916892868508491,0,0
player_17e470b775b9,Francesco Di Tacchio,2021-2022,Other,-1.5617108651082958,-0.1180710837636388,0,0
player_283ac5a37d3b,Moussa Diaby,2021-2022,Other,-1.7801966347500042,-1.0058370726373127,0,0
player_c19ccc28833b,Yadaly Diaby,2021-2022,Other,-0.3530075641904783,1.9859347136719383,0,0
player_463dc7d81a7d,Mouctar Diakhaby,2021-2022,Unknown,-1.4099740083957737,-0.6227648062358497,0,0
player_e07b0f3efada,Ibrahim Diakité,2021-2022,Other,-2.340361553983357,1.4802452757761713,0,0
player_24f59cd7976b,Abdou Diallo,2021-2022,Unknown,-0.4447729279618848,-0.6780482272154157,0,0
player_da0bfb09322f,Habib Diallo,2021-2022,Other,-1.686612118181525,-0.4856956448099228,0,0
player_585b0d921c98,Ibrahima Diallo,2021-2022,Other,-1.5296062639475954,-0.0489689382905897,0,0
player_d5df67566d88,Mouhamadou Diarra,2021-2022,Other,-0.6355697436174185,1.318585951087952,0,0
player_010019089c0a,Stéphane Diarra,2021-2022,Other,-1.369980515195829,0.418320711700046,0,0
player_ad95b207a76c,Raphael Dias Belloli,2021-2022,Other,-2.0291123897453227,-0.9086809116302024,0,0
player_580212ad667d,Krépin Diatta,2021-2022,Unknown,-0.3898610363739176,-0.370138440203205,0,0
player_a60e82827aed,Amadou Diawara,2021-2022,Unknown,-0.54514297114388,0.2315075540338523,0,0
player_5b9e3522cc0d,Javier Díaz,2021-2022,Other,-1.4921400629920762,0.2170569155066953,0,0
player_be722417a772,Víctor Díaz,2021-2022,Other,-1.8045771135306277,-0.2098584275777673,0,0
player_e398fcf38039,Daniel Didavi,2021-2022,Other,-1.0772459581680731,0.5778993369507133,0,0
player_ed6d9c3921e2,Bamba Dieng,2021-2022,Other,-1.2092251454376828,-0.3362730172988588,0,0
player_ae845fc0c991,Eric Dier,2021-2022,Unknown,-1.6092502746594024,-1.4241897510256385,0,0
player_07b21601ccd5,Elhadji Dieye,2021-2022,Other,0.5616497922354091,3.158813499373139,3,0
player_cbfa3ca77c33,Lucas Digne,2021-2022,Unknown,-0.8595258404460826,-0.7314894590127681,0,0
player_7f1fe292fe92,Virgil van Dijk,2021-2022,Unknown,-1.3485160486520895,-1.572403392617138,0,0
player_a26f2e13fbf1,Mitchell Dijks,2021-2022,Other,-1.4516967745057208,0.2762564004710061,0,0
player_0d7013a3eec5,Javairô Dilrosun,2021-2022,Other,-1.2502177639957637,0.4741768450796689,0,0
player_7209e338e67f,Federico Dimarco,2021-2022,Unknown,-0.7143783032227145,-0.9161126165244065,0,0
player_78fba18a9a1d,Landry Dimata,2021-2022,Other,-1.874407102448004,0.4599301293870023,0,0
player_6e61c20c661b,Stole Dimitrievski,2021-2022,Other,-2.943087608842881,-0.5889596932976333,0,0
player_528b1210cdc3,Junior Dina Ebimbe,2021-2022,Other,-0.6609432694989226,0.6291483964102706,0,0
player_41b5499b6e8e,Tristan Dingomé,2021-2022,Other,-1.495967623167449,-0.0818298496479852,0,0
player_aa66b0a939c9,Sinaly Diomande,2021-2022,Other,-1.0873751158697058,0.1839155797493551,0,0
player_9150191b53f4,Issa Diop,2021-2022,Other,-1.4039061918781208,-0.28899269885856,0,0
player_e196de6d7e92,Sofiane Diop,2021-2022,Other,-1.6654489211914878,-0.5669615735098614,0,0
player_e65367a6d118,Andy Diouf,2021-2022,Other,2.233756623600793,6.832739514325152,3,0
player_233e705860df,Assane Dioussé,2021-2022,Other,0.2780783056084099,3.253584080584166,3,0
player_49ee66a12b47,Axel Disasi,2021-2022,Unknown,-1.3441127292451005,-1.2596726161789185,0,0
player_fa17c5186044,Filippo Distefano,2021-2022,Other,-1.4730010938821094,1.4633646739964987,0,0
player_ffbd17cea80f,Matías Dituro,2021-2022,Other,-2.8646466385285687,-0.9354163546568592,0,0
player_2d76330483a9,Djené,2021-2022,Other,-2.291871852378565,-0.7782521465740013,0,0
player_85045d48304f,Moussa Djenepo,2021-2022,Other,-1.199174825051026,0.6110763653811134,0,0
player_b2f66950d174,Koffi Djidji,2021-2022,Other,-1.6066894454705456,-0.3402569457964647,0,0
player_d285f6b995d0,Alexander Djiku,2021-2022,Other,-1.732091875851267,-0.8372671355496427,0,0
player_45456228aa76,Bryan Djile Nokoué,2021-2022,Other,-0.5389642041523005,1.473145940532872,0,0
player_9494ebac28f2,Ouparine Djoco,2021-2022,Other,-2.557590763251252,-0.4274841104089346,0,0
player_023660ee6a96,Naïs Djouahra,2021-2022,Other,-1.1416521883510673,0.534669486923634,0,0
player_396d5948501d,Marko Dmitrovi?,2021-2022,Other,-1.7087309099342514,-0.0730650281634747,0,0
player_9d0c53a126a7,Lewis Dobbin,2021-2022,Other,-0.5571371502526614,3.734128393825331,3,0
player_432c168d77a6,Matt Doherty,2021-2022,Other,-0.963721717014949,-0.325561370525228,0,0
player_009f113733ae,Jeremy Doku,2021-2022,Other,-1.2153383474292057,0.3012539119039853,0,0
player_48c380fc75fb,Kasper Dolberg,2021-2022,Unknown,-1.1496912769937682,-0.8118282147996484,0,0
player_b26def728f4f,Jaume Doménech,2021-2022,Unknown,-1.379465114980263,-0.1347126605350931,0,0
player_a5fe67f10aaf,Brandon Domingues,2021-2022,Other,-0.940540459964778,0.3203989046306805,0,0
player_68018487de05,Carlos Dominguez,2021-2022,Other,-1.4373867791138497,0.5440563282691229,0,0
player_0f3a36f2058f,Mario Dominguez,2021-2022,Other,-1.4216839059658912,1.6072052610495997,0,0
player_53f4772b8237,Nicolás Domínguez,2021-2022,Other,-1.567845771626241,-0.4643871474015494,0,0
player_13407f313517,John Donald,2021-2022,Other,-0.689201209993501,0.0202816473644688,0,0
player_cfdad9f01aee,Lee Dongjun,2021-2022,Other,-1.1891098648816036,0.7486275627772236,0,0
player_8cc21afd3f39,Anastasios Donis,2021-2022,Other,-1.4900106290463868,0.5326679496153556,0,0
player_86b1daadbfeb,Gianluigi Donnarumma,2021-2022,Unknown,-1.4778077415069333,-0.7429214408650066,0,0
player_6fcd35e0aec6,Niklas Dorsch,2021-2022,Other,-1.6761183692129609,-0.6079729830465307,0,0
player_60c8adedabc2,Gabriel Dos Santos,2021-2022,Other,-1.8694298943752332,-1.1086373248260957,0,0
player_dd181a75e593,Jodel Dossou,2021-2022,Other,-2.058349137306109,-0.4176789032674001,0,0
player_8947de657893,Lucas Douath,2021-2022,Other,-1.6321529150438328,-0.3512470309883928,0,0
player_2ba384a94910,Lohann Doucet,2021-2022,Other,5.067919182209319,12.641284251198728,3,1
player_0153c3cc8ad8,Abdoulaye Doucouré,2021-2022,Other,-1.755031501903908,-0.771308120923528,0,0
player_d612fd992256,Cheick Doucouré,2021-2022,Other,-1.699182879645535,-1.0039898981981543,0,0
player_73f0857a9194,Fodé Doucouré,2021-2022,Other,-0.7593893891655703,0.6416902575578609,0,0
player_1e0585f221f4,Ismaël Doukouré,2021-2022,Other,-2.246828274692297,1.372025646315053,0,0
player_7b38e9b90548,Kamory Doumbia,2021-2022,Other,-0.6133735026175758,-0.110424054350935,0,0
player_7518546a0cf2,Moussa Doumbia,2021-2022,Other,-1.050692978542106,0.7112064770528939,0,0
player_eb5744a2ef3e,Souleyman Doumbia,2021-2022,Other,-1.9210837445831452,-0.4847991942767093,0,0
player_48ae7eb3d05a,Kieran Dowell,2021-2022,Other,-1.5745695987262591,-0.008458598527449,0,0
player_f08067f68358,Bart?omiej Dr?gowski,2021-2022,Other,-1.5913136816358682,-0.0379600875187461,0,0
player_768956ffd457,Radu Dr?gu?in,2021-2022,Other,-1.4465812874115054,0.1781974837181156,0,0
player_1dcb0278eb3e,Cody Drameh,2021-2022,Other,-0.670874398911319,1.0826080563501363,0,0
player_373ec0a67044,Julian Draxler,2021-2022,Unknown,-0.6000676372465158,-0.4739750353378769,0,0
player_6fa4f4a0bd5b,Matthieu Dreyer,2021-2022,Other,-2.373180066444307,-0.2245470460068908,0,0
player_4d8834d5373d,Domingos Duarte,2021-2022,Other,-1.7865516431594914,-0.3523344457778188,0,0
player_503bc121d82a,Óscar Duarte,2021-2022,Other,-1.6229463679046054,-0.4781485453219929,0,0
player_3eb8fb0c2289,Rubén Duarte,2021-2022,Other,-2.05714099338417,-0.5577705640705108,0,0
player_721cdd34be98,Léo Dubois,2021-2022,Unknown,-0.9694252039133052,-0.8457676622939535,0,0
player_393aa02a3307,Martin Dúbravka,2021-2022,Other,-2.6765284336576625,-0.4883509555737776,0,0
player_cb27982dc698,Ondrej Duda,2021-2022,Other,-1.6332519936734486,-0.2680341375257646,0,0
player_de62d68d0f84,Jeremy Dudziak,2021-2022,Other,-1.8683210348700097,-0.0723345262501369,0,0
player_ac1ce975425d,Shane Duffy,2021-2022,Other,-1.33001803474873,-0.3359103809548307,0,0
player_ff551ee79703,Unai Dufur,2021-2022,Other,-1.0433188443721335,0.4483085092834296,0,0
player_eb7cb17f1598,Denzel Dumfries,2021-2022,Unknown,-1.1750089283154104,-1.0422117901634282,0,0
player_1e97a605eb20,Paul Dummett,2021-2022,Other,-0.924061004590197,0.8026450777970545,0,0
player_1892a2f1c0c8,Alfred Duncan,2021-2022,Other,-1.947085401896122,-0.5084956047344855,0,0
player_7c48f130ba39,Lewis Dunk,2021-2022,Other,-1.891231636250784,-0.8999864919053547,0,0
player_8c6b6ab979ee,Erik Durm,2021-2022,Unknown,-0.8064896174476242,-0.1982246970401254,0,0
player_689386971f95,Hugo Duro,2021-2022,Other,-1.818686493690168,-0.5318079998684507,0,0
player_666efd6d6f40,Jean-Kevin Duverne,2021-2022,Other,-2.1855325289498,-0.942763339453102,0,0
player_9e4d4773729a,Edin D?eko,2021-2022,Other,-1.8850992682245455,-0.873752016810882,0,0
player_3cfb400deaed,Enzo Ebosse,2021-2022,Other,-1.9700209470863173,-0.4305764033423045,0,0
player_8e3f8df57903,Tyronne Ebuehi,2021-2022,Other,-1.5951212821046052,-0.0800253439707279,0,0
player_6e5b3946b5bb,Odsonne Édouard,2021-2022,Other,-1.6519353302962527,-0.374296424152751,0,0
player_2bfa23c061a1,CJ Egan-Riley,2021-2022,Unknown,-0.5017583607015632,1.767432004500973,0,0
player_a041acdf517e,Maximilian Eggestein,2021-2022,Other,-1.9824102619194823,-0.5622197202884398,0,0
player_1043e766f81f,Lilian Egloff,2021-2022,Other,-0.2248932458007617,2.5425988858327777,0,0
player_cebbaa9ba661,Kingsley Ehizibue,2021-2022,Other,-1.3499703522362474,0.3116458102261611,0,0
player_ee91c23209cc,Julian Eitschberger,2021-2022,Other,-1.1584105031666472,1.1981055041499349,0,0
player_bf0217834e03,Albin Ekdal,2021-2022,Other,-1.5707992131282682,-0.1499551209482443,0,0
player_2214b86790bf,Hugo Ekitike,2021-2022,Other,-1.2789275938579274,-0.5707956488745657,0,0
player_92bb9c165611,Jurgen Ekkelenkamp,2021-2022,Other,-1.5796843782335637,0.0724275584576035,0,0
player_bcb4c27c5c41,Caleb Ekuban,2021-2022,Other,-2.1005908733459377,-0.2424053526398604,0,0
player_352d6e827787,Anthony Elanga,2021-2022,Unknown,-1.0111115250169769,-0.707864741319638,0,0
player_24ae81599a6b,Alberth Elis,2021-2022,Other,-1.58963626351865,-0.4801734255794632,0,0
player_da22ce72db1f,Elif Elmas,2021-2022,Other,-1.640866937858154,-0.4386263596846974,0,0
player_99b2936b1424,Mohamed Elneny,2021-2022,Unknown,-0.5564834524473815,-0.5333513735897066,0,0
player_f1d9409b33ac,Aritz Elustondo,2021-2022,Other,-1.7234389417104965,-0.7811601772292684,0,0
player_487dc7a9ae29,Nico Elvedi,2021-2022,Unknown,-1.1584211749750386,-1.281296388678956,0,0
player_0970af249642,Sepe Elye Wahi,2021-2022,Other,-1.9683163424318637,-0.5164297617878628,0,0
player_7e0e7e5f5f9e,Mohamed Elyounoussi,2021-2022,Unknown,-1.2521693968320968,-0.9550638268078576,0,0
player_e892ae8c30e9,Adri Embarba,2021-2022,Other,-1.9735327406502632,-0.3641617782132179,0,0
player_986a6542ac73,Breel Embolo,2021-2022,Unknown,-1.165602250081288,-1.160368029143405,0,0
player_d325b431ba49,Emerson,2021-2022,Unknown,-1.126013398467203,-1.0966526762096196,0,0
player_111863e21b45,Renaud Emond,2021-2022,Other,-1.687433532282432,0.7390683208724609,0,0
player_54284c4ceb35,Youssef En-Nesyri,2021-2022,Unknown,-1.286525087281248,-0.6486557136593116,0,0
player_39871d43c8f8,Keita Endo,2021-2022,Other,-0.6520602867412821,1.2587078973650256,0,0
player_4b4bda32e06f,Wataru Endo,2021-2022,Other,-1.8553302201724495,-1.011248623761011,0,0
player_6de260a43ab5,Christian Eriksen,2021-2022,Unknown,-0.5214894257570094,-0.8290046019859143,0,0
player_89ee52c919c2,Martin Erlic,2021-2022,Other,-2.103996790150413,-0.7680945133045998,0,0
player_1d4d7bb7098e,Gonzalo Escalante,2021-2022,Unknown,3.250180700407113,8.063682858101684,3,0
player_14c5ecb40162,Aarón Escandell,2021-2022,Other,-1.7681210945640389,0.4193191562662185,0,0
player_38c94a46b58e,Sergio Escudero,2021-2022,Unknown,-1.0922143178873365,-0.5818562982643423,0,0
player_2681de22d59b,Alfonso Espino,2021-2022,Other,-2.234775120710343,-0.98581409722902,0,0
player_1571927ddf4f,Michael Esser,2021-2022,Other,-1.8499666612951775,0.1529399422160924,0,0
player_8289a2f785d8,Estanis,2021-2022,Other,4.365686848627441,11.7053607808327,3,1
player_1e34db681adc,Maxime Estève,2021-2022,Other,-1.9346574461620385,-0.4457731253351898,0,0
player_f66c067ae1cd,Oghenekaro Etebo,2021-2022,Other,-1.0846837707944417,0.6158345957286286,0,0
player_d5e7815060a6,Jonny Evans,2021-2022,Unknown,-0.6328547886877564,-1.0468647027088611,0,0
player_d7388e14d70a,Eberechi Eze,2021-2022,Other,-1.364157706666142,0.1474997096487909,0,0
player_3a83eb30a908,Abdessamad Ezzalzouli,2021-2022,Other,-1.0083659678655097,0.3177270370473102,0,0
player_81a86f75155c,?ukasz Fabia?ski,2021-2022,Other,-3.078298829446451,-0.761572701050101,0,0
player_a53bd0415947,Fabio,2021-2022,Unknown,-1.0755740413678931,-0.597668340554323,0,0
player_e8ace7d38552,Cesc Fàbregas,2021-2022,Unknown,0.6386895604873644,1.9146308748278889,0,0
player_c824e916cf33,Wout Faes,2021-2022,Other,-2.2322865829796803,-1.1817361217707878,0,0
player_1a09ee8890e2,Wahidullah Faghir,2021-2022,Other,-1.1378241040603163,0.5181909211305866,0,0
player_c48739e781f2,Romain Faivre,2021-2022,Unknown,-0.8889856532836757,-1.2314961891647065,0,0
player_d7decf520ee6,Radamel Falcao,2021-2022,Unknown,-0.6384643891491246,-0.5839650086075795,0,0
player_cb0182db7ab8,Diego Falcinelli,2021-2022,Other,-0.1428943947007256,1.5319851721231483,0,0
player_7090610ff05d,Wladimiro Falcone,2021-2022,Other,-1.99448384512934,0.0228367435349733,0,0
player_077b663928b5,Fali,2021-2022,Other,-2.044197683652767,-0.2079547255205789,0,0
player_61c022fbad5b,Paolo Faragò,2021-2022,Other,3.371683110857844,5.326667710083205,3,0
player_399d4add491e,Omar Faraj,2021-2022,Other,-1.802183387438466,3.607490912295352,3,0
player_65e7906915f1,Davide Faraoni,2021-2022,Other,-1.9513856608820583,-0.7624989900405459,0,0
player_cad266bfec61,Mohamed Fares,2021-2022,Unknown,-0.4879900444068253,-0.4070346055920112,0,0
player_bdd938ae307b,Diego Farias,2021-2022,Other,-1.2142294897107917,1.123668282771397,0,0
player_a246da0fd70c,Wuilker Faríñez,2021-2022,Other,-2.097815228826812,-0.1557240214205443,0,0
player_e69b2c138736,Ömer Faruk Beyaz,2021-2022,Other,-0.2331477843573138,1.2214559873919166,0,0
player_eb5dc748bda3,Noah Fatar,2021-2022,Other,0.70874814377486,6.801111805425324,3,0
player_cd5596222d85,Julien Faussurier,2021-2022,Other,-1.2339448826708392,0.3031450912939641,0,0
player_a94c0e7e5de7,Andrea Favilli,2021-2022,Other,-1.681718405983654,0.8318519270662126,0,0
player_34d3fb7c5759,Federico Fazio,2021-2022,Unknown,-0.9824322748936118,-0.8513754861724274,0,0
player_946a7dd11dbe,Aleix Febas,2021-2022,Other,-0.771438370080004,1.1871106863548957,0,0
player_d40c5d1d21ba,Adrian Fein,2021-2022,Other,-0.7914144400520082,1.9829198169882023,0,0
player_d6dcfcd863ec,Nabil Fekir,2021-2022,Unknown,-0.9966448207124669,-1.3976436002632056,0,0
player_7cdc03472062,Luiz Felipe,2021-2022,Other,-1.7774021926713457,-0.6976359439863505,0,0
player_cc69e0546770,Ohis Felix Uduokhai,2021-2022,Other,-1.5604222145016855,0.0976284968537877,0,0
player_b8b9ce9cbe25,Kiko Femenía,2021-2022,Other,-2.0132024705277263,-0.5623033030034751,0,0
player_d02926d7a83a,Evan Ferguson,2021-2022,Other,-1.4724065679798426,1.2206249609635966,0,0
player_4ca2547d6a4d,Nathan Ferguson,2021-2022,Other,-0.8324293122256151,3.2867166038512377,3,0
player_c7e7463df10c,Edimilson Fernandes,2021-2022,Unknown,-0.7492725235373339,-0.0224755981381238,0,0
player_3334c07abbe9,Aitor Fernández,2021-2022,Other,-2.1252006164747645,-0.1618174403116062,0,0
player_899de16c3fb9,Álex Fernández,2021-2022,Other,-1.865028629534188,-0.6312399314805769,0,0
player_0ca5baf95c84,Álvaro Fernández,2021-2022,Other,-2.135798220729229,-0.1559812818682413,0,0
player_8f7415195311,Federico Fernández,2021-2022,Other,-1.4908984291937386,0.0119881495351273,0,0
player_c4c77ffd6b3b,Alex Ferrari,2021-2022,Other,-1.5112158236428193,-0.5007172134148823,0,0
player_989d66536c9f,Salvador Ferrer,2021-2022,Other,-1.871990840921464,-0.1732804815944347,0,0
player_ff980d998b6a,Jordan Ferri,2021-2022,Other,-1.8220878885308824,-0.8187643750513536,0,0
player_4ac2ef7d3c8e,Riccardo Fiamozzi,2021-2022,Other,-1.483819470397393,0.1345946080663516,0,0
player_fa1776fe544c,Fidel,2021-2022,Other,-1.8704006586691,-0.706419560050294,0,0
player_00a57c0d198d,Karol Fila,2021-2022,Other,-1.3752130137658751,0.4684743493709574,0,0
player_fda710cfbdf9,Alfre? Finnbogason,2021-2022,Other,-1.1079301320014714,0.1045536222426358,0,0
player_aa4b4f639288,Luca Fiordilino,2021-2022,Other,-1.2735602278574305,0.2303673585608932,0,0
player_9524d15f7014,Vincenzo Fiorillo,2021-2022,Other,-1.6489060217826217,0.2593350804435049,0,0
player_c2484c611e4f,Junior Firpo,2021-2022,Unknown,-0.7759494630548165,-0.6507428520676213,0,0
player_af3076084984,Mark Flekken,2021-2022,Other,-2.760078576863376,-0.7191266892323407,0,0
player_e0cd6554a520,Ashley Fletcher,2021-2022,Other,0.6631967901641423,2.7350862576104498,3,0
player_c55c6c2168ad,Alexis Flips,2021-2022,Other,-1.303879570103993,-0.1487158332746151,0,0
player_57818a3520e8,Alessandro Florenzi,2021-2022,Unknown,-0.7621740201389691,-0.6622194762537981,0,0
player_9272cbb9e792,Phil Foden,2021-2022,Unknown,-1.034120940561079,-1.27965229958629,0,0
player_da6856ad7790,Mamadou Fofana,2021-2022,Other,-0.7435122348267308,1.7561058355922967,0,0
player_d09a12d0b417,Seko Fofana,2021-2022,Other,-1.9740061478376063,-1.2389508186808251,0,0
player_91788b4da273,Wesley Fofana,2021-2022,Unknown,-0.3506010782902362,-0.5981412467898537,0,0
player_4c1598531e91,Youssouf Fofana,2021-2022,Other,-1.7972905293427994,-0.5557796030164056,0,0
player_bf3534875646,Thomas Foket,2021-2022,Unknown,-1.4210805370382305,-1.0369519071151871,0,0
player_fec7b1fabfcb,Thomas Fontaine,2021-2022,Other,-1.170207089280165,0.4641008857163652,0,0
player_c9150fb5646d,José Fontán,2021-2022,Other,-0.7215559558287131,0.947186226289298,0,0
player_a12a23784ca8,José Fonte,2021-2022,Unknown,-1.7485653612078047,-1.4797489411362952,0,0
player_1de8cb2062a7,Fernando Forestieri,2021-2022,Other,3.654337536128829,1.0706481825559946,1,0
player_f8b04e0f2955,Pablo Fornals,2021-2022,Other,-2.0917548030103026,-0.8885549408107661,0,0
player_3f787091b5b5,Emil Forsberg,2021-2022,Unknown,-1.1932558561597786,-0.9342725700996366,0,0
player_f0b0d3a3a1ea,Adam Forshaw,2021-2022,Other,-1.356890926126214,-0.2980411399159964,0,0
player_bbb93175f7bf,Marcus Forss,2021-2022,Other,-1.5008851197443571,0.6855046667862905,0,0
player_a408de6996e8,Fraser Forster,2021-2022,Unknown,-1.938275803943813,-0.6900846027372695,0,0
player_c3b04acfbcce,Philipp Förster,2021-2022,Other,-1.118236097582706,-0.0536228854398901,0,0
player_0c7c800ee7e9,Francesco Forte,2021-2022,Other,-1.3557383656271362,0.6170360524693238,0,0
player_ebe47acf6417,Steven Fortes,2021-2022,Other,-1.0222068580343486,0.3441003706763886,0,0
player_087cd86fedac,Ben Foster,2021-2022,Other,-2.852733234873698,-0.4305347310855516,0,0
player_46f10afcba81,Tariqe Fosu,2021-2022,Other,-0.7398988194769611,2.132254637598928,0,0
player_8b955256996d,Timothy Fosu-Mensah,2021-2022,Other,-1.041791721203364,0.7926278405328422,0,0
player_8b35eb848ce7,Dimitri Foulquier,2021-2022,Other,-1.5267334548900435,0.1883472491475749,0,0
player_48cbadc9e444,Juan Foyth,2021-2022,Unknown,-0.7925109961926367,-1.0629483837579667,0,0
player_752c43c4ca85,Gianluca Frabotta,2021-2022,Other,-0.869263846866566,2.771059000599273,0,0
player_eb757ac09d78,Raphael Framberger,2021-2022,Other,-1.6780448682473126,0.3361404179518522,0,0
player_52bf3c6c8aa1,Przemys?aw Frankowski,2021-2022,Other,-1.6677698915876662,-0.8722356814589377,0,0
player_14c768deef64,Enric Franquesa,2021-2022,Other,-1.7877718993478873,0.3832329226062517,0,0
player_028fab7e9301,Fransérgio,2021-2022,Other,-1.7443841735497905,0.1415530666821375,0,0
player_44824875959d,Ryan Fraser,2021-2022,Other,-1.9967060664197271,-0.1819633130980873,0,0
player_97f076f58877,Davide Frattesi,2021-2022,Unknown,-1.3419830107487667,-1.3202002142409714,0,0
player_8770f3df12bf,Ryan Fredericks,2021-2022,Other,-1.423879704485491,0.5576474468549208,0,0
player_61d50ee4dec1,Morten Frendrup,2021-2022,Other,-1.0898106099222795,-0.0063749011113742,0,0
player_d46337aaf7fc,Marvin Friedrich,2021-2022,Other,-1.439038611716046,-0.2570691624619856,0,0
player_d5a5ae3a791c,Jeremie Frimpong,2021-2022,Unknown,-1.1408512888169002,-1.043582322614773,0,0
player_94a79474bc02,Christian Früchtl,2021-2022,Other,-0.7709424156249373,2.374824032006785,0,0
player_ba15b22bf49a,Jorge de Frutos,2021-2022,Other,-1.530080011302047,-0.4870159687263841,0,0
player_7c3109114f6a,Leo Fuhr Hjelde,2021-2022,Other,-0.9886824339006052,0.3495306147532847,0,0
player_efd2a9529204,Chris Führich,2021-2022,Other,-1.692594647914306,-0.4830160505290934,0,0
player_feac6e243c30,Angelo Fulgini,2021-2022,Other,-2.0401244451238187,-0.9227997090150136,0,0
player_5d364379d685,Marius Funk,2021-2022,Other,-1.9814152116974129,-0.040302390761515,0,0
player_47fbbd300b85,Stephan Fürstner,2021-2022,Other,-1.0786887508248904,4.293888399360864,3,0
player_27fe24e529ee,Matteo Gabbia,2021-2022,Other,-1.121035180835076,0.2409394614819208,0,0
player_4fb27e749550,Manolo Gabbiadini,2021-2022,Other,-1.320588756983858,-0.2973480903935388,0,0
player_7affc09eb71b,Mijat Ga?inovi?,2021-2022,Other,-0.6766308821952856,1.3523579916917905,0,0
player_078ce965682c,Gianluca Gaetano,2021-2022,Other,3.157210485162014,6.562434443378343,3,0
player_e6cf2801b006,Luca Gagliano,2021-2022,Other,-0.800344142437652,2.6742827269868816,0,0
player_4f55f6b52aff,Riccardo Gagliolo,2021-2022,Other,-1.6121339242955597,-0.1016539502417997,0,0
player_760a380cd266,Javi Galán,2021-2022,Unknown,-1.3870405388947966,-1.4266157623694184,0,0
player_ba1d19d76630,Iñigo Ruiz de Galarreta,2021-2022,Other,-1.3822433177279394,-0.1983002509074985,0,0
player_a4b3480d5763,Nicolas Galazzi,2021-2022,Other,1.5286859036248168,5.621714866758426,3,0
player_aad89ca94395,Pablo Galdames Millán,2021-2022,Other,-1.5208880742714048,0.0402295150755732,0,0
player_52c7a530f92c,Thiago Galhardo,2021-2022,Other,-1.6930258163086598,0.0228453287666895,0,0
player_79eaf55de9ab,Conor Gallagher,2021-2022,Unknown,-1.1349339224666375,-1.3465495917744137,0,0
player_7cbb7b2d6c90,Gauthier Gallon,2021-2022,Other,-2.746205692646228,-0.6548698139905907,0,0
player_362cf6fc5b09,Cristian Gamboa,2021-2022,Other,-1.618391261487098,-0.4472037527131101,0,0
player_314adc5fe6f2,Kevin Gameiro,2021-2022,Unknown,-1.3909541898099005,-1.2895461197654852,0,0
player_7e8600eca8ed,Idrissa Gana Gueye,2021-2022,Other,-0.8978515673633242,-0.6281910087891142,0,0
player_f48bf73d2d97,Ignatius Ganago,2021-2022,Other,-1.7994871739130482,-0.0730922880755095,0,0
player_222c9455db5a,Silvère Ganvoula M'Boussy,2021-2022,Other,-1.495886912640279,0.7523579055906833,0,0
player_dc3988fc9a4b,Álvaro García,2021-2022,Other,-2.2381439305395587,-0.8878947839691717,0,0
player_9caf5dbe66e9,Dani García,2021-2022,Other,-2.0393973414092583,-0.3413715661085029,0,0
player_df33a5eb0921,David García,2021-2022,Other,-2.124084068467226,-0.9490296513883212,0,0
player_d1b14f3f1b57,Francisco Garcia,2021-2022,Other,-2.1560760464547197,-0.9377486400474,0,0
player_5783b0bcb4ef,Joan García,2021-2022,Other,-1.7335046619870085,0.5494649776314511,0,0
player_5a5793125f04,Manu García,2021-2022,Other,-1.6441162357983032,0.1027060517615481,0,0
player_34019bfce887,Raúl García,2021-2022,Unknown,-1.3534775744233354,-0.8076758436651426,0,0
player_dc7e2a32ba0c,Rubén García,2021-2022,Other,-2.0754615165318917,-0.6392529904615266,0,0
player_f16f50ff387a,Saúl García,2021-2022,Other,-1.7528025122879385,2.6326102367873467,0,0
player_c59b8a3317d6,Unai García,2021-2022,Other,-1.847685142620536,-0.1188743135066572,0,0
player_a7a02220538a,Alejandro Garnacho,2021-2022,Other,1.070478605486484,4.897319141251962,3,0
player_7a92b1db694e,Djeidi Gassama,2021-2022,Other,-1.4730010938821094,1.4633646739964987,0,0
player_ae80b6d5eb18,Johan Gastien,2021-2022,Other,-1.6742468106548465,-0.9031440258051716,0,0
player_a8c09e6d4687,Dwight Gayle,2021-2022,Other,0.561945349508522,3.754091761877691,3,0
player_92a8afa7bd20,Jean-Philippe Gbamin,2021-2022,Other,-1.3738894590725712,1.0597244848107328,0,0
player_d074abee36e0,David de Gea,2021-2022,Unknown,-2.4825551055419943,-1.2627725788268396,0,0
player_393a622b2e4e,Linus Gechter,2021-2022,Other,-1.3721209033124528,-0.1051211050690164,0,0
player_4129eba60f1e,Dennis Geiger,2021-2022,Other,-1.142897559247872,-0.2968107063541719,0,0
player_a1cbdffe7ed0,Joe Gelhardt,2021-2022,Other,-1.285087608314966,0.234560293818516,0,0
player_e5cd36c227ab,Luca Gemello,2021-2022,Other,-2.014551974914475,0.3958260164014905,0,0
player_e86a45f920d7,Valère Germain,2021-2022,Unknown,-1.395559851491662,-0.9321966281842188,0,0
player_2e3746e131d1,Gerson,2021-2022,Other,-1.5616505846265336,-1.010645550515011,0,0
player_4a8b5ec4d392,Willem Geubbels,2021-2022,Other,-1.4839848783229848,0.2390461382533876,0,0
player_fc1cc8dc9ec1,Hamadi Al Ghaddioui,2021-2022,Other,-1.0748738529716828,0.2007026997788809,0,0
player_ef0371c8d071,Ismaël Gharbi,2021-2022,Other,-1.2206202315184094,2.0022114786533103,0,0
player_79b5da3d670b,Anwar El Ghazi,2021-2022,Other,4.6713347647755565,9.827183675210124,3,0
player_f0f52ea600f1,Lamine Ghezali,2021-2022,Other,-0.9042806464365308,3.7679998957516494,3,0
player_60efd68ad5d4,Paolo Ghiglione,2021-2022,Other,-1.2214529292687246,0.3466226563065805,0,0
player_c380109125be,Saman Ghoddos,2021-2022,Other,-1.260373051129107,0.3415672079576998,0,0
player_9773f107a7bb,Faouzi Ghoulam,2021-2022,Unknown,-0.6443366274625303,0.1026836884825789,0,0
player_d82792e2983a,Dimitris Giannoulis,2021-2022,Other,-1.3556852942868045,-0.203297525195336,0,0
player_17c399f88a29,Morgan Gibbs-White,2021-2022,Other,12.003692660272264,29.859584340689977,2,-1
player_a0c9139da2a8,Ben Gibson,2021-2022,Other,-2.087533935604115,-0.7094384068224207,0,0
player_c789a4f087a3,Niko Gießelmann,2021-2022,Other,-1.828719349273425,-0.6366429261820359,0,0
player_c449fbdea3d9,Rafa? Gikiewicz,2021-2022,Other,-2.894969723475194,-0.7430761782772114,0,0
player_491a1688636f,Óscar Gil,2021-2022,Other,-1.554591594658527,-0.298864436651211,0,0
player_0c795e5b8536,Mario Gila,2021-2022,Unknown,1.2815352241377012,2.9845754806148386,3,0
player_cd19e79ff75e,Billy Gilmour,2021-2022,Other,-1.5584214574427684,-0.5068360173716894,0,0
player_ca885c3d2fef,Matthias Ginter,2021-2022,Unknown,-1.1364682026380708,-1.2683418543847873,0,0
player_0fce892a07f3,Nicholas Gioacchini,2021-2022,Other,-1.8043761681534047,0.3365919960437652,0,0
player_e99c30b072b4,Sebastian Giovinco,2021-2022,Other,-0.9985078658125006,1.6391644076740908,0,0
player_271239345e7e,Jimmy Giraudon,2021-2022,Other,-1.6844726112257702,-0.3835494504713773,0,0
player_b742fda58fe3,Andrei Girotto,2021-2022,Other,-1.8402683052808788,-1.067017712617326,0,0
player_353f1e4b5f8d,Olivier Giroud,2021-2022,Unknown,-1.1338871930973708,-1.003153233539641,0,0
player_f111b551b972,Serge Gnabry,2021-2022,Unknown,-0.89692063725928,-1.4055447597280584,0,0
player_843b6c9684bd,Ben Godfrey,2021-2022,Other,-1.8587950129068131,-0.4947637627957031,0,0
player_dd2714ca3fc5,Diego Godín,2021-2022,Unknown,-0.6048337016132719,-0.4464962018290446,0,0
player_2f263723d82f,Edoardo Goldaniga,2021-2022,Other,-1.4818477883303809,1.4767419458258657,0,0
player_09449b36f252,Aleksandr Golovin,2021-2022,Unknown,-0.931172101536706,-0.7736886552414253,0,0
player_c752e9657b52,André Gomes,2021-2022,Unknown,-0.2272296960718799,-0.1109112060488302,0,0
player_bb382a42167f,Angel Gomes,2021-2022,Other,-1.655719105516422,0.1144132015603072,0,0
player_944ae3f4b963,Toti Gomes,2021-2022,Other,-1.3628996972658431,0.1397509555239309,0,0
player_22b5cbeb56de,Dani Gómez,2021-2022,Other,-1.5417865852203545,-0.1899117691155435,0,0
player_b1dd7cc9f95f,Maxi Gómez,2021-2022,Unknown,-1.4274937852117655,-0.7660294078699161,0,0
player_4f54a4e5a11a,Papu Gómez,2021-2022,Other,-1.5573156514029824,-0.5547134843890948,0,0
player_15e98d241d38,Sergi Gómez,2021-2022,Other,-2.0854878101070384,-0.9520784946184776,0,0
player_da7a2564d1c9,Alfred Gomis,2021-2022,Other,-2.485638075169255,-0.527070118834951,0,0
player_25167823fe09,Maxime Gonalons,2021-2022,Unknown,-0.8989226241366461,-0.5751930478495055,0,0
player_d7985785fdda,Vagner Gonçalves,2021-2022,Other,-0.4869613505275635,1.458286674360103,0,0
player_3b2dca0ee47e,Cedric Gondo,2021-2022,Other,-1.30267062786783,0.0871516428315859,0,0
player_6593837d3ba4,Álvaro González,2021-2022,Other,-1.0394391115453685,0.0495070551610823,0,0
player_882428ad7262,Diego González,2021-2022,Other,-1.9106253445010577,-0.3239099460715843,0,0
player_0cc9a3dc8b59,Édgar González,2021-2022,Other,-1.3444689228404665,-0.4137765069039645,0,0
player_2a1bf288fd34,Giovanni González,2021-2022,Other,-1.0425290407402472,0.181725292546099,0,0
player_87d19e4e75c3,Nicolás González,2021-2022,Unknown,-0.4700135876458821,-0.5056872468432019,0,0
player_3acca9363ec3,Peter González,2021-2022,Other,1.2747433005059536,2.77740308072374,3,0
player_df7b8aad5b56,Roberto González,2021-2022,Other,-1.2452314661848023,0.7677832687220129,0,0
player_d08d7dda1ba8,Charlie Goode,2021-2022,Other,-1.4135121746943422,0.4222175261007729,0,0
player_4fef5e65ce04,Anthony Gordon,2021-2022,Other,-2.010066812445812,-0.6056266302574603,0,0
player_8e563d0ace45,Kaide Gordon,2021-2022,Other,9.302687551239456,14.455139440260917,3,-1
player_e80e8e281750,Leon Goretzka,2021-2022,Unknown,-0.5845308302159288,-1.010156425558109,0,0
player_69b9a334f44c,Gori,2021-2022,Other,5.617125122648585,21.213422688530123,2,-1
player_7b16eb5310ae,Andoni Gorosabel,2021-2022,Other,-1.9824839768914813,-0.5644701655163905,0,0
player_82a9e53e257e,Dan Gosling,2021-2022,Other,-0.6344541343297779,0.0276663023042459,0,0
player_e0b0f4ef60c2,Amine Gouiri,2021-2022,Other,-1.9370883997125912,-0.9751995806914848,0,0
player_f46f7a2ce047,Jeffrey Gouweleeuw,2021-2022,Other,-1.9641224529131671,-0.779661786253909,0,0
player_282eb12b2bf7,Jonathan Gradit,2021-2022,Other,-2.0565901947707026,-0.9026265216699156,0,0
player_d5c5c79cc40a,Jens Grahl,2021-2022,Other,-1.5406469167887815,0.2171974354721803,0,0
player_58167a8673f7,Alberto Grassi,2021-2022,Other,-1.8641274161068808,-0.496694569188983,0,0
player_c1bb95eb1745,Jaume Grau,2021-2022,Other,-1.2777138162524688,3.220812279089064,0,0
player_af3fb965f06e,Andrew Gravillon,2021-2022,Other,-1.902677905033892,-0.4314153513186263,0,0
player_7af62d936b51,Demarai Gray,2021-2022,Other,-2.143966266487157,-0.6276308233538874,0,0
player_5b54ad50e5c4,Adrian Grbi?,2021-2022,Other,-1.6746917867429565,0.2663770272321609,0,0
player_f8f010350d75,Ivo Grbi?,2021-2022,Other,-2.478583672616133,-0.3192553758590765,0,0
player_ece9d25a0ca6,Jack Grealish,2021-2022,Unknown,-1.0372940500838632,-1.0455919452383609,0,0
player_a6e225705828,Etienne Green,2021-2022,Other,-2.1565958862405505,-0.1020659217362096,0,0
player_5eb27f05058c,Julian Green,2021-2022,Other,-1.7542822336378274,0.0651956718510425,0,0
player_5f434f1695f8,Mason Greenwood,2021-2022,Other,-1.209241342546496,-0.4690292830198315,0,0
player_96810472dfe7,Sam Greenwood,2021-2022,Other,-0.9521323741605944,0.5211661494838667,0,0
player_6f7e25c1af24,Michael Gregoritsch,2021-2022,Other,-1.6769361767685949,-0.3416277795773846,0,0
player_c23da315e652,Dominik Greif,2021-2022,Other,-1.7736974802376195,0.3016753890462959,0,0
player_550b7ab8a00e,Clément Grenier,2021-2022,Other,0.7966092132339944,0.940835163878343,0,0
player_da354962e11f,Sebastian Griesbeck,2021-2022,Other,1.7269618828071889,6.416776428233382,3,0
player_6797bdaada0e,Antoine Griezmann,2021-2022,Unknown,-0.504409126816621,-0.3762270246212568,0,0
player_8085fd189f76,Vincenzo Grifo,2021-2022,Other,-2.074457500433168,-1.0032518369832149,0,0
player_b97dacb63927,Lennart Grill,2021-2022,Other,-1.5942828706793437,0.3099825134856768,0,0
player_461b9e7dea9b,Florian Grillitsch,2021-2022,Other,-1.316554088550824,-0.3587152996576659,0,0
player_d173e3a621f2,Arnaut Groeneveld,2021-2022,Other,-1.5154993587744952,-0.5624354043561312,0,0
player_e516ec6ebfca,Pascal Groß,2021-2022,Unknown,-1.3100697741634078,-1.0430787826724224,0,0
player_952036fac772,Carlos Gruezo,2021-2022,Unknown,-0.8040510744123055,-0.1323335953994799,0,0
player_bc2fcacc1ebe,Guaita,2021-2022,Unknown,-2.0354721188642237,-1.067382448698091,0,0
player_e48fa98371aa,Andrés Guardado,2021-2022,Unknown,-0.9694825240911304,-0.5960645111732914,0,0
player_9569ea4d9808,Sergi Guardiola,2021-2022,Other,-1.834415010324819,-0.4278612579463806,0,0
player_0102d0f61b21,Nemanja Gudelj,2021-2022,Other,-1.301373141331617,0.0166825903995217,0,0
player_57fa75a0cdfc,Gabriel Gudmundsson,2021-2022,Unknown,-0.9724009569934502,-0.5964995339817948,0,0
player_48dd1e28269d,Noah Guede-Nadje,2021-2022,Other,-1.9474992418219803,1.0104861543579586,0,0
player_2dbe751af03a,Gonçalo Guedes,2021-2022,Unknown,-1.4822639891376777,-1.268454263524266,0,0
player_9694fb18f157,Marc Guéhi,2021-2022,Other,-2.1353664780314165,-1.1180392801526666,0,0
player_4a0e74a96a7d,Matteo Guendouzi,2021-2022,Unknown,-1.3596805025349743,-1.5207725796422646,0,0
player_8ca14d441d71,Yanis Guermouche,2021-2022,Other,8.879832006963486,17.16839463338758,2,-1
player_c69b4515a317,Raphaël Guerreiro,2021-2022,Unknown,-0.6736620370659983,-1.219627422989091,0,0
player_c26b9eb8d877,Evann Guessand,2021-2022,Other,-1.1027679192758078,0.5107807544670027,0,0
player_08d503082490,Ander Guevara,2021-2022,Other,-1.295142715477976,0.0753346616731465,0,0
player_273002e03ae6,Lamine Gueye,2021-2022,Other,-1.2857460504024871,0.1362701793186596,0,0
player_90b0f9cfe959,Pape Gueye,2021-2022,Other,-1.3734576358610102,-0.2321031876600083,0,0
player_b131f5722bda,John Guidetti,2021-2022,Other,-1.2124110956758198,0.8175464014956498,0,0
player_0fc6740caa45,Josuha Guilavogui,2021-2022,Unknown,-0.5440056038154382,-0.9143767059891702,0,0
player_14ca08d0e332,Frederic Guilbert,2021-2022,Other,-2.025144684344567,-0.6675020224935564,0,0
player_01d805d6deff,Hugo Guillamón,2021-2022,Other,-1.7533930138275682,-0.6067818238046603,0,0
player_fc3f7690829c,Bruno Guimarães,2021-2022,Unknown,-0.5947943516279743,-1.0041428252338085,0,0
player_e1b1ced2d4ee,Sehrou Guirassy,2021-2022,Other,-1.3372512136804064,-0.3646179341062298,0,0
player_99f45ede9ec0,Péter Gulácsi,2021-2022,Unknown,-2.1094634212456227,-1.202861851626187,0,0
player_7292e3c5e034,Manuel Gulde,2021-2022,Other,-1.73290910434896,-0.0660323941058894,0,0
player_e46a40090301,Gerard Gumbau,2021-2022,Other,-1.6184120159938096,-0.3276258440259453,0,0
player_ca66267881dc,Robert Gumny,2021-2022,Other,-2.1080047624658054,-0.5161354389174397,0,0
player_ce44641fd61b,Ýlkay Gündoðan,2021-2022,Other,-1.2736899739829777,-0.8207083535200814,0,0
player_2d0287960e37,Angus Gunn,2021-2022,Other,-2.0659457404282624,-0.059672092169051,0,0
player_5f8a5eaf48de,Christian Günter,2021-2022,Other,-2.2612404816994585,-0.9596715339163966,0,0
player_1a9ed4631fc7,Koray Günter,2021-2022,Other,-1.936735118075977,-0.550620384227356,0,0
player_a19bd6865c99,Lasse Günther,2021-2022,Other,-0.9689792992577032,1.015909634770071,0,0
player_d626e9927e67,Jon Guridi,2021-2022,Other,-0.7304770343689352,0.2007572887993505,0,0
player_8566c6c47df2,Malo Gusto,2021-2022,Other,-1.5421225494803303,-0.508798299902462,0,0
player_97df4ea6a1b0,Raúl Guti,2021-2022,Other,-1.8336180791384216,-0.2523261095792047,0,0
player_22f8e016e84e,Marcos Mauro López Gutiérrez,2021-2022,Other,-1.8408802266883248,1.0875780762289438,0,0
player_f8b26c084ac3,Albert Gu?mundsson,2021-2022,Other,-1.4236892779690893,0.3638439757807661,0,0
player_5e66eaeef5d2,Joko Gvardiol,2021-2022,Other,-1.4368165577319638,-0.8510011997799699,0,0
player_db35dcac7767,Emmanuel Gyasi,2021-2022,Other,-2.0785257224043234,-0.9123314591284948,0,0
player_da5095eb6a85,Norbert Gyömbér,2021-2022,Other,-2.077558601169549,-0.5703970332889167,0,0
player_81c856596937,Erling Haaland,2021-2022,Unknown,-0.8126184889531343,-1.3538919144756516,0,0
player_bbb6ec7a8f62,Nicolas Haas,2021-2022,Other,-1.274071336897806,-0.028458373662533,0,0
player_e03ac92ac43b,Janik Haberer,2021-2022,Other,-1.3519309596761837,-0.0641125153560182,0,0
player_e5f964dd300e,Alexander Hack,2021-2022,Other,-1.6217684230514011,-0.613923247822338,0,0
player_9931a08dd752,Robin Hack,2021-2022,Other,-1.9241761318818655,-0.093163161051987,0,0
player_85ad7f8a09ad,Munir El Haddadi,2021-2022,Other,-1.0027825595284636,0.3304899518925409,0,0
player_6c800c3f8893,André Hahn,2021-2022,Other,-1.975435108509064,-0.4580352170481263,0,0
player_5f5041792c91,Amadou Haidara,2021-2022,Unknown,-0.711680871025643,-0.8864721533092503,0,0
player_434342ab5570,Massadio Haidara,2021-2022,Unknown,-0.6168593406123745,-0.5978027030936454,0,0
player_c091914e5eb5,Oualid El Hajjam,2021-2022,Other,-1.3351929119041823,-0.1570842003540659,0,0
player_8627870878f5,Achraf Hakimi,2021-2022,Unknown,-0.8832229590757483,-1.477346879693488,0,0
player_3ef9920fb4cb,Marcel Halstenberg,2021-2022,Unknown,-0.3301857574685325,-0.6100641192373978,0,0
player_a0f858d6519b,Pierre-Yves Hamel,2021-2022,Other,-0.637768621832266,4.36853360818418,3,0
player_7b818be48ef9,Romain Hamouma,2021-2022,Other,-1.4548596568215186,0.0604781053341863,0,0
player_a464c2d6f75a,Samir Handanovi?,2021-2022,Other,-2.766743829221268,-0.9071220507269044,0,0
player_27a1a44cd24b,Grant Hanley,2021-2022,Other,-2.184046109539261,-0.8898109302114282,0,0
player_4c20dbb0cf3d,Ridgeciano Haps,2021-2022,Other,-1.944403441994096,-0.4921574840435716,0,0
player_6ab5d6d10633,Genki Haraguchi,2021-2022,Other,-1.843342790991234,-0.3801234571003002,0,0
player_276d8821ed5d,Amine Harit,2021-2022,Other,-1.114330874475092,-0.4902234605939357,0,0
player_aebe3b632c8e,Varazdat Haroyan,2021-2022,Other,-1.4495474826418675,-0.3381625848511316,0,0
player_424ceb6bb995,Jack Harrison,2021-2022,Other,-2.1266249598539946,-0.8341570617172508,0,0
player_620423bfb243,Abdou Harroui,2021-2022,Other,-0.8943735301367891,0.4237918376086145,0,0
player_b0c3f89be71f,Luis Hartwig,2021-2022,Other,-2.784807185340153,1.5279096414969828,0,0
player_038a47c18c36,Makoto Hasebe,2021-2022,Other,-1.2654964679910286,-0.2815551020697134,0,0
player_0440fbdf24c6,Kortney Hause,2021-2022,Other,-0.7926657557956702,-0.29225992722765,0,0
player_eb339db9cbfb,Kai Havertz,2021-2022,Unknown,-0.8529082652740132,-1.0404627753050109,0,0
player_4981129474c3,Isaac Hayden,2021-2022,Other,-1.2838792277386135,-0.0699828993552846,0,0
player_43b7943cacfd,Eden Hazard,2021-2022,Unknown,-0.5829065064151595,-0.2814208395611504,0,0
player_e1232c717bbc,Thorgan Hazard,2021-2022,Unknown,-0.8494318530503109,-0.8042089139902632,0,0
player_f5b7feac3db6,Jonas Hector,2021-2022,Other,-1.8222668924291647,-0.8002384974170705,0,0
player_c6f80c03ab85,Hwang Hee-chan,2021-2022,Other,-1.5599883167499482,1.0429201801146095,0,0
player_3d5ba8a89689,Silvan Hefti,2021-2022,Other,-1.5138971461483952,-0.2819850110582504,0,0
player_51948785a3b9,Dominique Heintz,2021-2022,Other,-1.0198906840714124,-0.0258846505385232,0,0
player_917d8be65251,Liam Henderson,2021-2022,Other,-1.9402013813195664,-0.4282257058919033,0,0
player_fc65b3e5f0c2,Jeff Hendrick,2021-2022,Other,0.4300068515878341,-0.1146558752996762,0,0
player_03917c722d4a,Wayne Hennessey,2021-2022,Other,-1.9628282178775405,0.265197215695397,0,0
player_947c31e8ecbb,Benjamin Henrichs,2021-2022,Unknown,-0.5532614271044984,-0.7630069217640832,0,0
player_83a6c8fb8e05,Henrique,2021-2022,Other,-1.4137108056575582,-0.0869743743773944,0,0
player_b09a989335b9,Dalbert Henrique,2021-2022,Other,-2.007619782228413,-0.2985355844759632,0,0
player_b6f01a8b33ff,Luis Henrique,2021-2022,Other,-1.8310773554114093,0.2197361240240917,0,0
player_c950c848b9ee,Matheus Henrique,2021-2022,Other,-1.5924493066166812,0.0468734364724867,0,0
player_89042b9b70d6,Rico Henry,2021-2022,Other,-2.2819551241481286,-0.903519166886106,0,0
player_9a391c60c0bd,Thomas Henry,2021-2022,Other,-1.957331799585825,-0.5251207324454209,0,0
player_209ee47e9be1,Christophe Hérelle,2021-2022,Other,-1.6852889715099353,-0.4924617212842832,0,0
player_b61a4dcfaf07,Jérôme Hergault,2021-2022,Other,-1.061070177088531,0.5466919330860254,0,0
player_4f5384b78a62,Kike Hermoso,2021-2022,Other,0.2053843026547943,-0.324646421700257,0,0
player_86ae79038272,Mario Hermoso,2021-2022,Unknown,-0.9694719203299398,-0.9755788232567632,0,0
player_531a3c851b60,Aridane Hernández,2021-2022,Other,-1.7942570800241178,-0.1572207810358743,0,0
player_9ae4a4a6cee2,Lucas Hernández,2021-2022,Unknown,-0.816176453983007,-1.0597953694915423,0,0
player_775e2923cd1b,Luis Hernández,2021-2022,Other,-1.7429334103743692,-0.212221043879585,0,0
player_63d838af735e,Mario Hernández,2021-2022,Other,-1.1820660988377505,0.3818723249358795,0,0
player_12f77d29cb53,Theo Hernández,2021-2022,Unknown,-1.1013792477065312,-1.3962630650048455,0,0
player_e64fd49b1298,Hernani,2021-2022,Other,-1.4586677968085602,0.1830552128411209,0,0
player_b496e8183dce,Ander Herrera,2021-2022,Unknown,-0.2315524160749062,-0.901947469956698,0,0
player_a7a34c419974,Héctor Herrera,2021-2022,Unknown,-0.3935033774551199,-0.333991675445573,0,0
player_0a75e41bb256,Sergio Herrera,2021-2022,Other,-3.087714567030626,-0.7039975939108019,0,0
player_6313a8ccd2e4,Yangel Herrera,2021-2022,Other,-1.3195424501633433,-0.3473435925759844,0,0
player_04399bdbc646,Patrick Herrmann,2021-2022,Other,-1.5122299828029215,0.1409874393294552,0,0
player_da0f06da9373,Son Heung-Min,2021-2022,Unknown,-1.228318853455464,-1.7277395970411396,0,0
player_3608fb06593f,Daan Heymans,2021-2022,Other,-0.7652323516996382,1.083848278626767,0,0
player_14c0441885a3,Aaron Hickey,2021-2022,Other,-1.943113213597624,-0.9779782190535452,0,0
player_152112ff5ea0,Piero Hincapié,2021-2022,Unknown,-1.0104594015735595,-0.8637684387429785,0,0
player_215badd8a93f,Martin Hinteregger,2021-2022,Other,-1.7142046047375437,-0.6461791991367766,0,0
player_e9b209aa8fa8,Marwin Hitz,2021-2022,Unknown,-1.0390842760423746,-0.3897607302067026,0,0
player_28b49ba07dba,Ki-Jana Hoever,2021-2022,Other,-1.1560714945463222,0.6349647289673743,0,0
player_9bc41afcc6f6,Nicolas Höfler,2021-2022,Other,-1.6780861782359204,-0.8579585343235204,0,0
player_42a03214901c,Jonas Hofmann,2021-2022,Unknown,-0.7534881330389036,-1.4019321442774275,0,0
player_33c02849a498,Rob Holding,2021-2022,Other,-1.228488508260662,-0.0800851552390415,0,0
player_0a48e420af52,Lucas Höler,2021-2022,Other,-2.0233614157154864,-0.8197555054256367,0,0
player_dc272b28c975,Mason Holgate,2021-2022,Other,-1.9395064017410355,-0.6275850140731755,0,0
player_8b984a3801f9,Gerrit Holtmann,2021-2022,Other,-1.9473116474089016,-0.5117041132910191,0,0
player_303285cac0d0,Martin Hongla,2021-2022,Other,-1.0840267887291055,0.2219695025994175,0,0
player_54f9786a55ae,Franck Honorat,2021-2022,Other,-1.9785910181070532,-1.0574723874886396,0,0
player_0294b6f18716,Justin Hoogma,2021-2022,Other,-0.9856115313370264,0.1596339700647588,0,0
player_e6be3bec3476,Sydney van Hooijdonk,2021-2022,Other,-0.9053376583653222,1.530044761965538,0,0
player_a8b1ec6511a0,Matthew Hoppe,2021-2022,Other,-1.2393863327514794,0.7588445964354135,0,0
player_0afd00b477f1,Jannes Horn,2021-2022,Other,-1.3738959624149318,0.4509491572732531,0,0
player_e997aa699475,Timo Horn,2021-2022,Other,-1.972471717239052,-0.26787945315285,0,0
player_f2d79d9f33d9,Fraser Hornby,2021-2022,Other,-1.5841285916525865,0.5761491769277975,0,0
player_1cb00d67c52b,Cédric Hountondji,2021-2022,Other,-1.7606028261763107,-0.7153935540197652,0,0
player_eb8c3ef18e0a,Luká Hrádeck?,2021-2022,Other,-2.668752348042002,-0.7439527523518503,0,0
player_d98e7a82e5fb,Branimir Hrgota,2021-2022,Other,-1.9800577256569645,-0.8900147394160155,0,0
player_29b19f82d6fc,Petko Hristov,2021-2022,Other,-1.4258645708813689,-0.5679603338217782,0,0
player_83a3dacc3a9a,Ajdin Hrustic,2021-2022,Other,-1.190160874689172,-0.1140854586877337,0,0
player_762409413012,Timo Hübers,2021-2022,Other,-1.268481115679564,-0.5810847979018766,0,0
player_300b47c5bca2,Benjamin Hübner,2021-2022,Other,-0.5084438986230233,0.0298790796172488,0,0
player_0e7e22404d3d,Callum Hudson-Odoi,2021-2022,Unknown,-0.8293934240215022,-0.5927691516357761,0,0
player_17c639a3d75f,Will Hughes,2021-2022,Other,-1.3702822133525308,0.0855448092471366,0,0
player_6b265a603d65,Mats Hummels,2021-2022,Unknown,-0.7761020533545726,-1.0455012676729964,0,0
player_2779cb5cbef0,Elseid Hysaj,2021-2022,Unknown,-1.1098482124544622,-1.1575820351843713,0,0
player_e1e39a91ba38,Suk Hyun-jun,2021-2022,Other,-0.829692976789092,0.6905821713217948,0,0
player_833d5f5c1cff,Pierre Højbjerg,2021-2022,Other,-1.780853936344339,-1.186392734189873,0,0
player_841b388dfbd0,Iago,2021-2022,Other,-1.8817091734433933,-0.690501931098311,0,0
player_b1950da970cf,Robert Ibáñez,2021-2022,Other,-0.9148164038616756,0.9513222174507754,0,0
player_8ebcd26e934c,Roger Ibanez,2021-2022,Other,-1.7704893999194051,-0.9768570085038866,0,0
player_c2989c6a9072,Vicente Iborra,2021-2022,Unknown,-0.8273427532787028,-0.3896286091898238,0,0
player_81fb6bd1623c,Zlatan Ibrahimovi?,2021-2022,Other,-1.1751717568895226,-0.2916678229849326,0,0
player_9ebc6b3883d3,Mauro Icardi,2021-2022,Unknown,-1.0996800604118928,-0.5363870991549293,0,0
player_9ae39616f4af,Adam Idah,2021-2022,Other,-1.5899610821253365,0.1973816780672191,0,0
player_4020e6242d61,Oussama Idrissi,2021-2022,Other,-0.5022929231139112,1.0478957211990652,0,0
player_ea966e9e4eaf,Iglesias,2021-2022,Other,-1.7421785562304144,0.387496272133871,0,0
player_40cc40cc93f9,Borja Iglesias,2021-2022,Other,-1.833333456401853,-0.4077107492300889,0,0
player_09ae36dbd4d5,Jonathan Iglesias,2021-2022,Other,-1.2344362890149525,0.2036851261812246,0,0
player_dce19a910d59,Juan Ignacio Ramírez,2021-2022,Other,-1.6538419104767172,0.8548231385931039,0,0
player_dd97813dd40b,Igor,2021-2022,Other,-1.659347783978822,-0.6890774299016206,0,0
player_c397cd5b8af0,Kelechi Iheanacho,2021-2022,Other,-1.5133157546441351,-0.2986174904943907,0,0
player_6866413cfc92,Danylo Ihnatenko,2021-2022,Other,-0.9046223981165608,0.071339471743143,0,0
player_a1fffef20d01,Jonathan Ikone,2021-2022,Other,-1.550812258237568,-0.1354365426231278,0,0
player_5a8c44abe44c,Ivan Ili?,2021-2022,Other,-1.9058642797585603,-0.7279584407123294,0,0
player_8d61a0ad3c02,Josip Ili?i?,2021-2022,Other,-1.13930922968055,-0.1169560482484353,0,0
player_de8291073b15,Asier Illarramendi,2021-2022,Unknown,-0.3485629040847069,-0.0865008789603805,0,0
player_898c66d7d605,Stefan Ilsanker,2021-2022,Other,-0.937832700344591,0.7180061679029893,0,0
player_ebfda8d07395,Ciro Immobile,2021-2022,Unknown,-0.9618657034238902,-1.633796958668726,0,0
player_fdac9e8ba652,Burak Ýnce,2021-2022,Other,-1.0024739567877394,0.5490592502863105,0,0
player_ecea8629c43d,Danny Ings,2021-2022,Other,-1.916240203369591,-0.4900701915072839,0,0
player_70ff09f4af1b,Marcus Ingvartsen,2021-2022,Other,-1.0939208308909216,0.3769918034716783,0,0
player_f220edafd05e,Bonke Innocent,2021-2022,Other,-1.077174191322759,-0.0119824815796254,0,0
player_9964c853f432,Lorenzo Insigne,2021-2022,Unknown,-0.9297053440858928,-1.3631782229040823,0,0
player_4c37c60ffe89,Nikita Iosifov,2021-2022,Other,-2.009460542501486,2.299764054165661,0,0
player_ab514da3df36,Tim Iroegbunam,2021-2022,Other,-0.5927046592096801,1.5261553743627714,0,0
player_75785beb6091,Alexander Isak,2021-2022,Other,-1.8919987525450856,-0.5497691935180373,0,0
player_66943afc80ff,Isco,2021-2022,Unknown,0.6114520524571042,-0.0548042840156382,0,0
player_2b9ea2a6044b,Wilson Isidor,2021-2022,Other,-1.8091790423667835,1.3495029358541666,0,0
player_7e7ceeaa3375,Ardian Ismajli,2021-2022,Other,-1.5813746847914527,-0.0128493280244396,0,0
player_31f166f5603f,Hiroki Ito,2021-2022,Other,-1.7977992490511618,-0.794185544330368,0,0
player_d924d93ac10f,Cedric Itten,2021-2022,Other,-1.211489957856542,0.0721238916233896,0,0
player_d0f6f95a31c2,Gian-Luca Itter,2021-2022,Other,-1.7179351015834348,-0.1793938761827618,0,0
player_99f86d3e0871,Alex Iwobi,2021-2022,Unknown,-1.3549951090222223,-1.002836501892567,0,0
player_047ea8c1fef4,Armando Izzo,2021-2022,Other,-0.7235591743342408,0.4009592120677778,0,0
player_3adc3cf09f48,Nicolas Jackson,2021-2022,Other,-1.2208640205617476,0.969458878633803,0,0
player_bcfbefc7d732,Lee Jae-sung,2021-2022,Other,-1.4650376432363874,-0.3690481208573852,0,0
player_fef11b276dc9,Paul Jaeckel,2021-2022,Other,-1.7536605141489328,-0.5105780408733812,0,0
player_eb32f01e2d30,Mato Jajalo,2021-2022,Other,-1.4381680541006865,0.3764653445231183,0,0
player_9667bf1b7274,Kristijan Jaki?,2021-2022,Other,-1.7064568307889811,-0.3833243670756414,0,0
player_c7d37808e7b3,Ismail Jakobs,2021-2022,Other,-1.6846878476094256,-0.0908562228772157,0,0
player_9aa38019334b,Marin Jakoli,2021-2022,Other,-1.038070960318735,0.548176901252587,0,0
player_3e5cb78ab848,Abdel Jalil Medioub,2021-2022,Other,-1.4889651374874295,0.0974549396693407,0,0
player_5909fe1b1993,Daniel James,2021-2022,Other,-1.1304461044388758,0.445947888006047,0,0
player_65509a8700ec,Vitaly Janelt,2021-2022,Other,-1.845764248146176,-0.7250820714773242,0,0
player_8d4e2459d7ea,Jakub Jankto,2021-2022,Other,-1.6270553954184352,0.3354567107923871,0,0
player_b66de917155d,Pontus Jansson,2021-2022,Other,-2.321436197899545,-1.0532857675681653,0,0
player_0afb9b50e2d4,Tony Jantschke,2021-2022,Other,-1.3075266303933435,0.278606306154686,0,0
player_e6f89592fbb0,Adnan Januzaj,2021-2022,Other,-1.927325734723081,-0.2236896242085404,0,0
player_37d587f69bc2,Pawe? Jaroszy?ski,2021-2022,Other,-1.5423031340023017,0.4833858456329614,0,0
player_2b877b4b825b,Jason,2021-2022,Other,-1.6964385957769412,0.3287127442849429,0,0
player_9435973a6925,Dennis Jastrzembski,2021-2022,Other,-1.6610900727198985,0.9088401763369168,0,0
player_e3ee1078c137,Luis Javier Suárez,2021-2022,Other,-2.191018739218568,-0.7771981823905059,0,0
player_ebe3feb7c55b,Corentin Jean,2021-2022,Other,-0.7811587192480616,0.6934351293561997,0,0
player_b83c5ef3fc4c,Jemerson,2021-2022,Unknown,-0.6836857657826771,-0.7179734127867754,0,0
player_ec11ec4dd9f2,Fredrik Jensen,2021-2022,Other,-1.8816001464484475,0.5035157846916206,0,0
player_ee811e4df901,Mathias Jensen,2021-2022,Other,-1.9473565823575043,-0.2841929989978021,0,0
player_2859a0194aaa,Moritz Jenz,2021-2022,Other,-1.3479349845085924,-0.3678467389097938,0,0
player_728fc9342c98,Gabriel Jesus,2021-2022,Unknown,-0.8201884267798176,-1.1627700831325656,0,0
player_7c40df34c957,Juan Jesus,2021-2022,Unknown,-0.8245063880056285,-0.862690033396216,0,0
player_285f295e85a2,Álvaro Jiménez,2021-2022,Other,-1.4887893111758808,0.6839569120048778,0,0
player_9764fa470b05,Raúl Jiménez,2021-2022,Unknown,-1.4692457812654631,-1.1196655320980098,0,0
player_a6beca7f1981,Joaquín,2021-2022,Unknown,-0.8976488421629158,-0.1761374305668538,0,0
player_54398b972ccb,Joelinton,2021-2022,Other,-1.7468601354060214,-0.7145191819937626,0,0
player_d72ebe38b9c9,Jofre,2021-2022,Other,1.2700320888983654,2.2601233186093714,0,0
player_2384ea80b0a3,Marco John,2021-2022,Other,-1.042958944135424,1.2828639811943428,0,0
player_0fc2c4f8873b,Dennis Johnsen,2021-2022,Other,-2.285904745057922,-0.0823672411551489,0,0
player_45bb1d408af2,Ben Johnson,2021-2022,Other,-1.806948671017947,-0.3441609617802849,0,0
player_ecaac7ceb36b,Phil Jones,2021-2022,Unknown,-0.4498481431420961,0.1341058775436899,0,0
player_e6fc2b934f4b,Frenkie de Jong,2021-2022,Unknown,-1.1397938838435135,-1.2993296466970248,0,0
player_19d5cc5e7754,Luuk de Jong,2021-2022,Unknown,-0.5732559528322572,-0.5110427999630486,0,0
player_9ccb8b937f3f,Kaio Jorge,2021-2022,Other,-0.8201073483849874,0.8523485270445347,0,0
player_5a719fb440d9,Josan,2021-2022,Other,-1.78590128921299,-0.1732288067214569,0,0
player_c97f53b45f6b,Willian José,2021-2022,Other,-1.8148710030134447,-0.5181112326697819,0,0
player_0ac09dc74705,Joselu,2021-2022,Other,-2.2615672514076985,-1.0613814650917448,0,0
player_f5382c41ef67,Josema,2021-2022,Other,-1.6401232102303054,0.7725660919753082,0,0
player_abc16c09aef9,Lenny Joseph,2021-2022,Other,-1.4910453450350607,1.1699344962381109,0,0
player_f0b65b9673d3,Stevan Joveti?,2021-2022,Other,-1.282332846141253,-0.210601516389413,0,0
player_882e80a5db5f,Luka Jovi?,2021-2022,Other,-1.1011678843972044,0.3099276092535114,0,0
player_e90f11ca56fb,Miguel Juan Llambrich,2021-2022,Other,-0.8191042993734275,1.1675392463126166,0,0
player_7e822ba9964f,José Juan Macías,2021-2022,Other,-1.8605582541995167,0.9243505064568104,0,0
player_bd91949d7028,Juanmi,2021-2022,Other,-1.413454675245556,-0.8713508043190555,0,0
player_16dae92cce06,Gideon Jung,2021-2022,Other,-1.5447767220108624,0.7325190559153469,0,0
player_6db9da53b263,Flavio Junior Bianchi,2021-2022,Other,-0.9832314707478308,0.1867165768542987,0,0
player_edc58af0dd5b,Hamed Junior Traorè,2021-2022,Other,-1.4157186731414737,-0.6002914149818197,0,0
player_a1dcda19ea73,Lago Junior,2021-2022,Other,-1.2350830510899329,0.7524964008822306,0,0
player_3dc6bf705363,James Justin,2021-2022,Other,-1.358678225522669,-0.2518728605078247,0,0
player_3ee66ff678f6,Jutglà,2021-2022,Other,-0.8123895390058404,0.2386444023731844,0,0
player_37d8c5c925cc,Jens Jønsson,2021-2022,Other,-1.810760701648504,-0.030504263770638,0,0
player_d64813a83856,Mathias Jørgensen,2021-2022,Unknown,-0.3516448185349989,-0.6024430779704129,0,0
player_26dd4122a609,Ozan Kabak,2021-2022,Unknown,-0.8248982702655616,-0.5942364295265669,0,0
player_89f818401a6c,Christian Kabasele,2021-2022,Other,-1.9349925871963485,-0.1499690465431302,0,0
player_90b64822622d,Issa Kaboré,2021-2022,Other,-2.0924896033099563,-0.4300956729288958,0,0
player_67bbee46d748,Anton Kade,2021-2022,Other,-0.2347904169770031,1.1952471649302825,0,0
player_0cd091b853de,Pavel Kade?ábek,2021-2022,Other,-1.5839189691706594,-0.0821996894690623,0,0
player_5fa0742d54e6,Tino Kadewere,2021-2022,Other,-1.0073716191145927,0.0764217563921225,0,0
player_ef7814592384,Florian Kainz,2021-2022,Other,-1.997994865409432,-0.6468056395054259,0,0
player_79e15281ec35,Gaël Kakuta,2021-2022,Other,-1.781557823213486,-0.4295526408527784,0,0
player_8be69b5966c3,Sasa Kalajdzic,2021-2022,Other,-1.4687848519953195,-0.4309728245225166,0,0
player_0d85281fef2e,Arnaud Kalimuendo,2021-2022,Other,0.1328154907406212,4.121892202960419,3,0
player_770908e0e55f,Nikola Kalini?,2021-2022,Other,-0.4554188138062013,0.3956163498129958,0,0
player_0660ac545182,Yayah Kallon,2021-2022,Other,-1.5112823264009192,0.4753029854144901,0,0
player_61113dc2013b,Felix Kalu Nmecha,2021-2022,Other,-1.0925920211448408,0.6506824352709406,0,0
player_51852e6d2a93,Samuel Kalu,2021-2022,Other,-1.3817479590474335,0.3373112402563905,0,0
player_7977f24572f1,Pierre Kalulu,2021-2022,Unknown,-0.9864204228034954,-1.109871629508992,0,0
player_6c2e0ed4ec8c,Daichi Kamada,2021-2022,Unknown,-1.3932732850686715,-1.0639384718106188,0,0
player_45ea11d7f9a9,Boubacar Kamara,2021-2022,Unknown,-1.0849963399356848,-1.3834579592419272,0,0
player_14f772da7e6b,Hassane Kamara,2021-2022,Other,-1.0758553931786272,0.2861405254994391,0,0
player_9df91c0608a4,Dimitrije Kamenovi?,2021-2022,Other,-0.6378012533702098,1.39637084021709,0,0
player_46cb40011cbb,Kevin Kampl,2021-2022,Unknown,-0.8867967209696057,-0.9605148390075052,0,0
player_e5d18f56b273,Jean-Armel Kana-Biyik,2021-2022,Other,-1.392086320447642,0.0689174873609739,0,0
player_e1d21ba778f5,Nordine Kandil,2021-2022,Other,-0.7113148811080974,1.4598103910588245,0,0
player_e683ca42c21a,Harry Kane,2021-2022,Unknown,-1.4342063619932803,-1.5714565012685664,0,0
player_03ccbb485eba,Lee Kangin,2021-2022,Other,-1.7271350143889803,-0.1563773869767332,0,0
player_e61a54cc122a,Stefanos Kapino,2021-2022,Other,-1.7736974802376195,0.3016753890462959,0,0
player_37f71b355479,Atakan Karazor,2021-2022,Other,-1.5685282408909162,-0.3904593739467735,0,0
player_62bc04aefa94,Rick Karsdorp,2021-2022,Unknown,-1.526375581865996,-1.2194202388155058,0,0
player_0bf984a00907,Denso Kasius,2021-2022,Other,-0.5962311344520778,0.580660081357825,0,0
player_c180921db900,Grigoris Kastanos,2021-2022,Other,-1.521839894037061,-0.1462226634554449,0,0
player_5bc3ec66054e,Silas Katompa,2021-2022,Other,-1.8320933807727613,0.6811881053786083,0,0
player_2964d515e046,Noah Katterbach,2021-2022,Other,-0.2141075387433204,3.7160401714214255,3,0
player_bc9fc1d416b9,Eiji Kawashima,2021-2022,Other,-1.4409202576909583,0.1887678994388532,0,0
player_bcdf1f67ee27,Edo Kayembe,2021-2022,Other,-1.467354837404147,-0.0136047393410771,0,0
player_c0d2ac312135,Moise Kean,2021-2022,Unknown,-0.9147102704118092,1.053782455282844,0,0
player_30af80467f5e,Michael Keane,2021-2022,Other,-2.1617203137136696,-0.900679815637495,0,0
player_0f8ace4a2e69,Ilan Kebbal,2021-2022,Other,-1.980352804003504,-0.384192717060711,0,0
player_3f603d96932e,Wajdi Kechrida,2021-2022,Other,-1.8565370099931595,0.057998985356066,0,0
player_9fea623a8193,Thilo Kehrer,2021-2022,Unknown,-0.7391963361186411,-1.0695126304785003,0,0
player_c444e129b7cd,Habib Keita,2021-2022,Other,9.862975357912612,11.535396857015389,3,-1
player_7b340c195544,Yannik Keitel,2021-2022,Other,-1.271990089126006,0.3802422251431041,0,0
player_0a0e827db6f9,Caoimhín Kelleher,2021-2022,Other,-1.3948891452748198,0.0657526264943258,0,0
player_0c028f087726,Marc-Oliver Kempf,2021-2022,Other,-1.540958321615748,-0.2270512708907958,0,0
player_cc7d246d1d17,Kenedy,2021-2022,Unknown,0.9610631971733984,0.6627328867885769,0,0
player_ec7c23629e6c,Jonjoe Kenny,2021-2022,Other,-1.6178897227219986,0.0189629887608465,0,0
player_72d9b8c6778e,Dimitrios Keramitsis,2021-2022,Other,-1.9493772059755732,1.0298386884331416,0,0
player_31a7e336f8fc,Saîf-Eddine Khaoui,2021-2022,Other,-1.5095836708817592,-0.0063606040565075,0,0
player_423c43984965,Wahbi Khazri,2021-2022,Other,-1.959137868720746,-0.6246766576102644,0,0
player_98419858a634,Rani Khedira,2021-2022,Other,-2.15565732958644,-0.6661347299453533,0,0
player_066fc7b468bb,Kike,2021-2022,Other,-2.021005635293257,-0.432601004102914,0,0
player_aa49a72e1ba8,Luca Kilian,2021-2022,Other,-1.5348667743959457,5.474523513580118,3,0
player_4b0aec2b28e6,Max Kilman,2021-2022,Other,-1.967795422800428,-0.8932827681517755,0,0
player_d8dbed86e211,Joshua Kimmich,2021-2022,Unknown,-0.8077352052256126,-1.4741047639551192,0,0
player_df86b70da7cf,Presnel Kimpembe,2021-2022,Unknown,-1.067031042390118,-1.3640421225215758,0,0
player_3bf225b76f35,Joshua King,2021-2022,Other,-1.9620303081803143,-0.5864770087966507,0,0
player_7942acfcfa7d,Jakub Kiwior,2021-2022,Unknown,-1.2049900330432477,-0.9025535380253632,0,0
player_95ead5274a76,Sofian Kiyine,2021-2022,Other,-1.3204428679953897,0.0710230709276661,0,0
player_f243fda560da,Simon Kjær,2021-2022,Other,-1.073844338840372,-0.0646203829473693,0,0
player_519aab4ee24b,Kristoffer Klaesson,2021-2022,Other,-1.5371956617023783,0.9670396366352144,0,0
player_19dccc92edbc,Philipp Klement,2021-2022,Other,-0.8904229857008896,0.0046616980342962,0,0
player_c2cf26bd269e,Mateusz Klich,2021-2022,Other,-1.670729564222753,-0.5294872175243607,0,0
player_d1354a8e3371,Thibault Klidje,2021-2022,Other,-1.07312450499696,1.14678203644412,0,0
player_9e697d0f3e3c,Mateo Klimowicz,2021-2022,Other,-1.482319297812227,0.358609322405749,0,0
player_f7f2ede88ebc,Fabian Klos,2021-2022,Other,-1.893098695768301,-0.1669993847771669,0,0
player_7a260dd7805a,Lukas Klostermann,2021-2022,Unknown,-1.1165981089735515,-0.861651151530997,0,0
player_848029006b0a,Justin Kluivert,2021-2022,Other,-1.7828495888395437,-0.4216730007181438,0,0
player_9dff2004dcd5,Lukas Klünter,2021-2022,Other,-1.2796191101472556,0.8693228804385751,0,0
player_37c638f3b99c,Ansgar Knauff,2021-2022,Unknown,-0.772097808158275,-0.4887956126542699,0,0
player_70e0ca6aa424,Robin Knoche,2021-2022,Unknown,-1.597466368748684,-1.2923678917528367,0,0
player_2b870e5ae173,Gregor Kobel,2021-2022,Unknown,-1.9523550187613792,-1.0944236009432724,0,0
player_4f191576d3bb,Robin Koch,2021-2022,Other,-1.781134954277786,-0.2842757379056846,0,0
player_db4dfddc58fb,Samuel Koeberlé,2021-2022,Other,-1.4818477883303809,1.4767419458258657,0,0
player_91a3dc41f57b,Philippe Koffi,2021-2022,Other,-1.4309660475133374,0.4588548072531546,0,0
player_bf0864c51cf1,Dominik Kohr,2021-2022,Other,-1.387000383365841,-0.1940118133836145,0,0
player_043d37ac82e0,Koba Koindredi,2021-2022,Other,-1.1113824223052746,1.0784960788842453,0,0
player_215f0eca1645,Aleksandr Kokorin,2021-2022,Unknown,-0.264100553899924,2.026493107932902,0,0
player_8a968eba4665,Aleksandar Kolarov,2021-2022,Unknown,0.0608791709815994,1.401942294822168,0,0
player_718cd6a6eb30,Sead Kolainac,2021-2022,Other,-1.4873513464572334,0.370950955679597,0,0
player_460fd8d9c682,Luca Koleosho,2021-2022,Other,0.9157150780471596,9.096748244852655,3,0
player_3407a408511d,Randal Kolo Muani,2021-2022,Unknown,-1.630220958118431,-1.4171681159517544,0,0
player_0bb9db234336,Timothée Kolodziejczak,2021-2022,Other,-1.864283026929463,-0.8850529822836871,0,0
player_6f50acf221d8,Ghislain Konan,2021-2022,Other,-2.033868665162491,-0.76234117252525,0,0
player_552b26efe45e,Geoffrey Kondogbia,2021-2022,Unknown,-0.7959708863102839,-0.7786395849166479,0,0
player_a1707e784ab7,Ibrahima Koné,2021-2022,Other,-1.1999268698798642,-0.1425807020183707,0,0
player_8e4294448be8,Kouadio Koné,2021-2022,Other,-1.4263977464815876,-0.6485873040912667,0,0
player_cde48775fa98,Youssouf Koné,2021-2022,Other,-1.5513617454992918,0.0260412672157486,0,0
player_7144480034e9,Ezri Konsa,2021-2022,Unknown,-1.42192780369388,-1.1981505606975045,0,0
player_966f3b942e60,Teun Koopmeiners,2021-2022,Unknown,-1.043777560958812,-1.123520168829212,0,0
player_a9ea0b252f98,Laurent Koscielny,2021-2022,Unknown,-0.7396031875278573,-0.6226978723868862,0,0
player_5a347a5924c7,Odilon Kossonou,2021-2022,Other,-1.781450225485828,-0.405791980744742,0,0
player_d44b41ff411d,Filip Kosti?,2021-2022,Other,-1.950393885234176,-0.835252449058547,0,0
player_2109cb1c2405,Rominigue Kouamé,2021-2022,Other,-1.9452519220523783,-0.951008749885472,0,0
player_4b92b0d0552e,Nianzou Kouassi,2021-2022,Other,-0.7406972194956656,0.2198806247532863,0,0
player_8fd35f49e28c,Kalidou Koulibaly,2021-2022,Unknown,-0.8877807684844523,-1.4619553527782037,0,0
player_587fe7cc31b1,Christos Kourfalidis,2021-2022,Other,0.6564513516307676,2.555243987362245,0,0
player_4ec8403c92a0,Boubakar Kouyaté,2021-2022,Other,-1.790476751422316,-0.7969118900450944,0,0
player_ffbd19ffd6d9,Cheikhou Kouyaté,2021-2022,Other,-1.854472864686858,-0.4223559788616537,0,0
player_5190dfffd04e,Mateo Kova?i?,2021-2022,Other,-1.088677695493092,-0.5237480694164537,0,0
player_bc733e762acd,Viktor Kovalenko,2021-2022,Other,-1.818817879447143,-0.132870231937715,0,0
player_498e6e8d1a28,Emil Krafth,2021-2022,Other,-1.754453371940906,-0.2851665012332686,0,0
player_55606868581a,Alex Král,2021-2022,Other,-2.6256941385819905,1.916623831476848,0,0
player_23d79d98eb5e,Andrej Kramari?,2021-2022,Other,-1.9454264547024027,-0.9543777361396654,0,0
player_7dc6c2fc3bfa,Christoph Kramer,2021-2022,Unknown,-0.5805896148936118,-0.3057262804265279,0,0
player_ac7e52e14906,Jean-Philippe Krasso,2021-2022,Other,-1.5674946077191203,0.343142159625032,0,0
player_eb04e395cbfb,Julian Kristoffersen,2021-2022,Other,2.6075675561712486,9.079194629952758,3,0
player_8fd4cb861bd7,Toni Kroos,2021-2022,Unknown,-0.6637790736540858,-1.239356909265206,0,0
player_a384801093a1,Florian Krüger,2021-2022,Other,-2.1047513559929736,-0.0140839168473757,0,0
player_8cc015e96cf0,Tim Krul,2021-2022,Other,-2.67949989745352,-0.615582380962738,0,0
player_3dd2295d2255,Rade Kruni?,2021-2022,Other,-1.80566306842668,-0.1423069741549283,0,0
player_1ee6458e47aa,Max Kruse,2021-2022,Unknown,-0.8000585469080108,-1.0746040246019566,0,0
player_464a56f5a6c4,Lukas Kübler,2021-2022,Other,-1.84100456746093,-0.7885515804647687,0,0
player_03f735c1dd25,Takefusa Kubo,2021-2022,Unknown,-1.3503134676190582,-0.6222255800039974,0,0
player_6210d6b62356,Juraj Kucka,2021-2022,Other,-1.518245808311747,-0.4616449788261008,0,0
player_f1ab682a96f8,Mykola Kukharevych,2021-2022,Other,-0.0524939697142157,3.364358254477075,3,0
player_a237033999d9,Marash Kumbulla,2021-2022,Other,-1.1270138151563516,0.0255159829738932,0,0
player_07d37c95a53b,Fabian Kunze,2021-2022,Other,-1.514514682125485,0.1576040434517041,0,0
player_e8367d2c0765,Enock Kwateng,2021-2022,Other,-1.621766841692291,-0.6064084994500245,0,0
player_4d5f49954358,Grejohn Kyei,2021-2022,Other,-1.2764503813040244,0.5076231289709815,0,0
player_2a4796ecbec0,Giorgos Kyriakopoulos,2021-2022,Other,-1.5955715516635762,-0.5130433942292221,0,0
player_5c6151d2acd7,Andrea La Mantia,2021-2022,Other,-1.5868889043064989,0.2445907995338979,0,0
player_b0e113752db5,Gaëtan Laborde,2021-2022,Other,-2.069790091488183,-0.938703387311575,0,0
player_f4bf630f4a5e,Alexandre Lacazette,2021-2022,Unknown,-1.182793525902857,-0.9272352327880804,0,0
player_0011a97213f9,Tom Lacoux,2021-2022,Other,-1.3679842489739802,0.1522099345705263,0,0
player_ccd58bfe357e,Lenny Lacroix,2021-2022,Other,-0.8618150470215391,0.3189666522711511,0,0
player_1d91b7533bf0,Alban Lafont,2021-2022,Other,-3.121420493336028,-0.7700256431018064,0,0
player_8c14a12935f0,Víctor Laguardia,2021-2022,Other,-2.302450131798292,-0.9308852365951924,0,0
player_08a1e6a69c66,Konrad Laimer,2021-2022,Unknown,-0.4295392255966903,-0.8583158766046745,0,0
player_2e817d22fc63,Stefan Lainer,2021-2022,Unknown,-1.2373217286419662,-0.735653473216278,0,0
player_b1b38ac4fca9,Diego Lainez,2021-2022,Other,-0.9740315445246752,0.6758331132024149,0,0
player_d70a861bd6b9,Adam Lallana,2021-2022,Unknown,-0.9871312431792338,-0.7483743036630688,0,0
player_080eafab6dcf,Vassilis Lambropoulos,2021-2022,Other,-1.6388894874482782,-0.3041267994809116,0,0
player_cede5272df09,Erik Lamela,2021-2022,Unknown,-0.2212847303698649,-0.7065787390074253,0,0
player_01ba18b5df64,Didier Lamkel Zé,2021-2022,Other,-1.2129637217735048,-0.0726953102703001,0,0
player_da04288c75e7,Sam Lammers,2021-2022,Other,-1.5560432816399463,0.3397966142841757,0,0
player_806652398305,Tariq Lamptey,2021-2022,Other,-1.7197207964877377,-0.2038325761219181,0,0
player_f89a785916c5,Manuel Lanzini,2021-2022,Other,-1.48404836261215,-0.7852790864716395,0,0
player_9ebc3b039b42,Aymeric Laporte,2021-2022,Unknown,-1.0848563022569488,-1.5350526156197275,0,0
player_1bdfd0449c64,Julien Laporte,2021-2022,Other,-2.024761097036893,-0.9033669372594344,0,0
player_5de1a6a7ed2f,Yasser Larouci,2021-2022,Other,-1.3774646937440316,0.5513827582381128,0,0
player_003abaf8ea7d,Kevin Lasagna,2021-2022,Other,-1.68708037865803,-0.142138552114994,0,0
player_52f2430f3fb3,Jamaal Lascelles,2021-2022,Other,-2.133797184339738,-0.4259802598890314,0,0
player_66254703a49a,Bryan Lasme,2021-2022,Other,-1.8490054575160453,0.134051093250075,0,0
player_9c93ce923108,Paul Lasne,2021-2022,Other,-1.3281119048956629,-0.001246178290525,0,0
player_b7d376cd7bce,Latasa,2021-2022,Other,0.9411346225088082,4.589786197757741,3,0
player_1916b8aef85b,Toni Lato,2021-2022,Other,-1.2663298918228487,0.4892322249110358,0,0
player_9abb0370ec3d,Armand Lauriente,2021-2022,Other,-1.771038153940153,-0.7761639787564014,0,0
player_07ddc76eac31,Darko Lazovi?,2021-2022,Other,-2.220423333178019,-0.8080426117419275,0,0
player_f82efe4f46ec,Manuel Lazzari,2021-2022,Unknown,-0.9837746975936597,-1.0040452893132952,0,0
player_08baa8ea31d2,Théo Le Bris,2021-2022,Other,-1.3751960625114927,1.1836966172354904,0,0
player_80af7c711125,Jérémy Le Douaron,2021-2022,Other,-1.9318231574307196,-0.3171316368257747,0,0
player_af116da11c3a,Enzo Le Fée,2021-2022,Other,-1.8240859953684176,-0.6189126681756127,0,0
player_3d13cc812a74,Vincent Le Goff,2021-2022,Other,-2.185728333868638,-0.9742678754598352,0,0
player_78cdf6801331,Maxime Le Marchand,2021-2022,Other,-0.9461653010222152,-0.3284349179883618,0,0
player_be17c68d91ad,Robin Le Normand,2021-2022,Unknown,-1.5691040541285088,-1.4976288311238546,0,0
player_6961cd8d2246,Patrick Leal,2021-2022,Other,-2.784807185340153,1.5279096414969828,0,0
player_1569bf12471e,Jean-Louis Leca,2021-2022,Other,-2.5958283155054858,-0.4434377148462826,0,0
player_078aa8f4f3ec,Jeremías Ledesma,2021-2022,Other,-3.0440376782795355,-0.8185376538975644,0,0
player_983d099d1aa2,Pierre Lees-Melou,2021-2022,Unknown,-1.2544902817018242,-0.9920536116471488,0,0
player_39be5c0bf94e,Wu Lei,2021-2022,Other,-1.6212049188933182,0.2088890825000484,0,0
player_fda1a2b9f735,Maxim Leitsch,2021-2022,Other,-1.6344553150000851,-0.538204268883566,0,0
player_ee9bfbc4b141,Lucas Leiva,2021-2022,Unknown,-0.9557815187471528,-0.6447678387816612,0,0
player_ac76294564cc,Florian Lejeune,2021-2022,Other,-2.156482081528865,-0.658341326034367,0,0
player_11fb8edac237,Iñigo Lekue,2021-2022,Other,-1.9045269800607327,-0.43877683113907,0,0
player_1a742f02f2cc,Thomas Lemar,2021-2022,Unknown,-0.8810552307809707,-0.865721025193119,0,0
player_41a5f9aa9a49,Félix Lemaréchal,2021-2022,Other,2.62133018252184,8.58489189424674,3,0
player_bd5bbba9a324,Mario Lemina,2021-2022,Other,-1.4706817752526125,-0.5559527045044004,0,0
player_07cd8345d591,Fabien Lemoine,2021-2022,Other,-1.1532410059628353,-0.0314527548967496,0,0
player_e240f1f970a8,Tim Lemperle,2021-2022,Other,-0.1593027954156878,0.2961127959466079,0,0
player_1ae261e85d69,Ruben Lendinez,2021-2022,Other,-0.5177568194299542,1.4717177603210874,0,0
player_4cc574b1b977,Clément Lenglet,2021-2022,Unknown,-0.346248615271182,-0.3633632780809064,0,0
player_24b12a2eb907,Aaron Lennon,2021-2022,Unknown,-1.4639066178088829,-0.6705101970270559,0,0
player_fd9e80c42216,Bernd Leno,2021-2022,Unknown,-1.3757842112134977,-0.3105477189284448,0,0
player_8623f4fd9541,Christopher Lenz,2021-2022,Unknown,-0.4706930005735978,0.0574899867609169,0,0
player_ab43d331e482,Léo Leroy,2021-2022,Other,-1.000154154201598,0.3649584277215711,0,0
player_4baa41dac560,Alexandre Letellier,2021-2022,Other,-0.5953963015629671,2.80386317676224,0,0
player_a055d3e58c07,Robert Lewandowski,2021-2022,Unknown,-0.9465237781562011,-1.7912561095958368,0,0
player_217b7204b07f,Jamie Leweling,2021-2022,Other,-2.181742107414754,-0.4222804645194941,0,0
player_ee79f1544093,Jamal Lewis,2021-2022,Other,-1.161735725301817,0.5388695305712649,0,0
player_eddb810fe25a,Luca Lezzerini,2021-2022,Other,-1.7370393496996015,0.1961166078036841,0,0
player_06192f9b11b7,Ben Lhassine Kone,2021-2022,Other,-0.7034084155279663,0.5836928010937316,0,0
player_760948401ea1,Yanis Lhery,2021-2022,Other,-0.8293797907207504,1.036376706863191,0,0
player_fe492e84393f,Dimitri Liénard,2021-2022,Other,-1.7245014098235047,-0.4669736635770536,0,0
player_a868502ffd10,Philipp Lienhart,2021-2022,Other,-1.9560619510820796,-1.1436841454987912,0,0
player_6d7c33f5d005,Matthijs de Ligt,2021-2022,Unknown,-1.1792210924828612,-1.4317212815268814,0,0
player_a3f2d75fa008,Isaac Lihadji,2021-2022,Other,-0.6695343182161568,0.2706783117715374,0,0
player_4a4283aeb991,Anderson Lima,2021-2022,Other,-0.0117894906927978,2.3760130069540137,0,0
player_007eb9e9eca6,Andreas Linde,2021-2022,Other,-2.13093683220935,-0.158020154923744,0,0
player_852b1552e9f5,Victor Lindelöf,2021-2022,Unknown,-1.3257569904182964,-1.134857007881935,0,0
player_f2978559a590,Jesper Lindstrøm,2021-2022,Other,-1.8253611363898143,-0.6087303979616354,0,0
player_7958591b3f16,Karol Linetty,2021-2022,Other,-1.3905134908686534,0.1251730979873959,0,0
player_52068e3b8378,Jesse Lingard,2021-2022,Unknown,-0.0894169009847543,-0.3262410943427543,0,0
player_cac4fbf76cf1,Pol Lirola,2021-2022,Other,-1.9937432600869505,-0.42190176556944,0,0
player_ecccff5d9e70,Valentino Livramento,2021-2022,Other,-1.9348232294982053,-0.6559350682103158,0,0
player_627f63229994,Dejan Ljubicic,2021-2022,Other,-2.020055752362736,-0.4264233472882168,0,0
player_0371b199ec66,Javier Llabrés,2021-2022,Other,-1.066430680746247,0.6612261399329086,0,0
player_5f3c067fa58b,Diego Llorente,2021-2022,Other,-1.689663039752857,-0.8693860642358454,0,0
player_5da31deaa3ea,Hugo Lloris,2021-2022,Unknown,-2.3712774989468377,-1.2869169976541155,0,0
player_9a21509db3ec,Giovani Lo Celso,2021-2022,Unknown,-0.2894640237180665,0.1256525057890253,0,0
player_b046bfa4da80,Julen Lobete,2021-2022,Other,-1.043701346587964,0.2824120177995593,0,0
player_e9269e88d0aa,Stanislav Lobotka,2021-2022,Unknown,-0.6182834764004121,-1.3161174946143457,0,0
player_179ab06aa1f6,Jürgen Locadia,2021-2022,Unknown,-0.2594147555040869,-0.3983247208527942,0,0
player_ca776784a53b,Banzouzi Locko,2021-2022,Other,-1.5172797713227983,0.0265079766924755,0,0
player_99dd9ca537eb,Ruben Loftus-Cheek,2021-2022,Unknown,-0.754552369607667,-0.793927692766571,0,0
player_cd875071cd80,Kevin Long,2021-2022,Other,-1.4797652439962945,0.3025964385314678,0,0
player_68d19b1ad9af,Shane Long,2021-2022,Other,-1.0110648784101912,0.4908300550939117,0,0
player_dda36e3a5eb7,Sean Longstaff,2021-2022,Other,-1.6203048770346706,-0.302307113277343,0,0
player_cd428d977792,Ademola Lookman,2021-2022,Other,-1.3807898738789106,-0.4719900741931195,0,0
player_a79ec224e3c3,Anthony Lopes,2021-2022,Unknown,-2.0832343099466386,-1.2170735958841716,0,0
player_ab35d555ccdd,David López,2021-2022,Other,-1.1205599078000432,0.0260764611813952,0,0
player_a869dd40fa55,Diego López,2021-2022,Unknown,-2.306691592985789,-1.1733383855894055,0,0
player_9a8b9243726b,Javi López,2021-2022,Other,-1.3596545793558814,0.4444047098951383,0,0
player_e5556226a385,Maxime Lopez,2021-2022,Other,-1.63321835214805,-0.9939671239990018,0,0
player_57d4487240e9,Pau López,2021-2022,Other,-2.390010098089292,-0.6884543201930639,0,0
player_75cfdf3e4cca,Unai López,2021-2022,Other,-1.26464998256478,-0.0412859924221974,0,0
player_56c3fe86c23e,Dion Lopy,2021-2022,Other,-1.5839098681886283,-0.271842741502493,0,0
player_c982c864798d,Samuel Loric,2021-2022,Other,-1.254440413725857,0.1315511244054856,0,0
player_06c0e1955776,Anthony Losilla,2021-2022,Other,-1.9770490289512863,-0.9103270572347952,0,0
player_e40895bcea5e,Jonas Lössl,2021-2022,Other,-1.7582421465549627,0.1674977920932452,0,0
player_7e0f7fb89b67,Marcel Lotka,2021-2022,Other,-2.1326855646694693,-0.0080304917431567,0,0
player_dd8ae2b58998,Jordan Lotomba,2021-2022,Other,-1.9842473937416047,-0.2992551802398203,0,0
player_9477b87248ca,Johaneko Louisjean,2021-2022,Other,-0.3963859900921138,3.192348468101609,3,0
player_1b836885ae69,Imran Louza,2021-2022,Other,-1.3620178045239322,-0.1828596164335042,0,0
player_841324855582,Eduard Löwen,2021-2022,Other,-1.60646774480432,-0.3258900179029481,0,0
player_1c5c36055c55,Matthew Lowton,2021-2022,Other,-1.8966964198132483,-0.4008785237353105,0,0
player_cc28cbb57b60,Anthony Lozano,2021-2022,Other,-1.7829390515917274,-0.2391901471793028,0,0
player_03edb3bb062c,Hirving Lozano,2021-2022,Unknown,-0.8749944771751139,-0.8843146045963373,0,0
player_9bfb49b2f8ba,Jean Lucas,2021-2022,Other,-1.3198491733856164,-0.3149030628042714,0,0
player_4b9af22356b4,Anderson Lucoqui,2021-2022,Other,-1.3406818747225044,0.084329387466321,0,0
player_4d79b8efafe1,José Luis Gayà,2021-2022,Other,-1.5727812836330102,-0.4994533090809065,0,0
player_29d5ce7b5f1f,José Luis Morales,2021-2022,Other,-2.0294610393665447,-0.8732357108005041,0,0
player_f657852497ba,José Luis Palomino,2021-2022,Other,-1.8099406760242125,-0.7772850610907212,0,0
player_279dbb43ccf2,Florentino Luís,2021-2022,Other,-1.2862477170620352,0.0220962633112456,0,0
player_4f36bc38dc73,Luismi,2021-2022,Other,-0.1914828447009956,3.859667139394415,3,0
player_5cfeffd21e82,Douglas Luiz,2021-2022,Unknown,-1.264747157010804,-1.2725918937429657,0,0
player_405c03e2ba7a,Romelu Lukaku,2021-2022,Unknown,-1.4003438854393189,-0.8479433217138159,0,0
player_9a75f211c7cc,Castello Lukeba,2021-2022,Unknown,-0.789932181810262,-1.4858664833828132,0,0
player_2dc2a99b72b3,Dodi Lukebakio,2021-2022,Other,-0.7460893535794282,0.1000592223757703,0,0
player_886824f01299,Saa Luki?,2021-2022,Other,-1.6912259413619732,-1.012619847282291,0,0
player_8eb78431616c,Levi Lumeka,2021-2022,Other,-1.646091860813568,1.1865651672235922,0,0
player_879c46e5e0ee,Andriy Lunin,2021-2022,Unknown,-0.8287439541240378,-0.3360674134741422,0,0
player_9f694ddc9e0b,Andrey Lunyov,2021-2022,Other,-1.2967639635833137,0.2397385297265282,0,0
player_136135db20da,Sebastiano Luperto,2021-2022,Other,-1.675511931504451,-0.4501246875118871,0,0
player_38a352e6a33a,Andreas Luthe,2021-2022,Other,-2.645795604972184,-0.5076453332629147,0,0
player_97879c2cc159,Lyanco,2021-2022,Other,-1.6265951824375118,0.117049322534834,0,0
player_cef91cdc7d27,Charalambos Lykogiannis,2021-2022,Other,-2.047434451040835,-0.3388787010643168,0,0
player_8d153681079d,Yannis M'Bemba,2021-2022,Other,7.83710716629946,12.568373071767136,3,1
player_7b30f5c90092,Alexis Mac Allister,2021-2022,Unknown,-1.040481676508549,-1.065616807973118,0,0
player_5eef6ef4ed7e,Deiver Machado,2021-2022,Other,-1.5439397918977755,0.38608589891725,0,0
player_d2545efc0203,Darwin Machís,2021-2022,Other,-1.5286491218265454,-0.3091479623749633,0,0
player_f65f9d5832a1,Yvann Macon,2021-2022,Other,-1.529469672193675,-0.2124739047085554,0,0
player_13933ec72173,James Maddison,2021-2022,Other,-1.715794121402116,-0.9240332019753558,0,0
player_71c59375c0ad,Niki Mäenpää,2021-2022,Other,-2.302523634992397,-0.2297515132469725,0,0
player_d5b14c27825a,Pablo Maffeo,2021-2022,Other,-2.2074644568796145,-0.7457719825831503,0,0
player_ac783ca9d6ae,Louis Mafouta,2021-2022,Other,-1.090758935604645,0.0016830776370549,0,0
player_89f88278765d,Giulio Maggiore,2021-2022,Other,-2.0050488974010228,-0.7290957939179138,0,0
player_236624adf1da,Matej Maglica,2021-2022,Other,-2.6256660067134114,1.7694959767007552,0,0
player_3fd29c377828,Francesco Magnanelli,2021-2022,Other,-0.6686642674679876,0.6579280892394461,0,0
player_8dc4055a0a8d,Giangiacomo Magnani,2021-2022,Other,-0.9884929588915792,0.2941138960357458,0,0
player_f9094c666102,Hugo Magnetti,2021-2022,Other,-1.515813372409785,-0.1962877217890538,0,0
player_709f5e1c5dc5,Yohann Magnin,2021-2022,Other,-1.605265613620538,-0.4568116849456145,0,0
player_ccaf85236495,Harry Maguire,2021-2022,Unknown,-1.219388910813591,-1.1879344532383846,0,0
player_337b6fc1d6d8,Riyad Mahrez,2021-2022,Unknown,-0.6806056226242139,-1.125253149745574,0,0
player_99d115a2fd5e,Arne Maier,2021-2022,Other,-1.9787952425683724,-0.4981213117781226,0,0
player_2bee6aafd2b3,Habib Maïga,2021-2022,Other,-1.0811412817803172,-0.3184387304018421,0,0
player_02c696ba6e35,Mike Maignan,2021-2022,Unknown,-2.082540613024493,-1.175298774430586,0,0
player_8deb02fbd5c1,Ainsley Maitland-Niles,2021-2022,Other,-1.1627493163882838,0.0599415207110913,0,0
player_125dfe637bbf,Josh Maja,2021-2022,Other,-0.0636151710956564,4.081757891229631,3,0
player_424e2757f005,Abdul Majeed Waris,2021-2022,Other,-1.1095003319559598,0.2706151178493499,0,0
player_34e051d9fb4d,Lovro Majer,2021-2022,Other,-1.2785370835722092,-0.7185775225717603,0,0
player_ffba781a2882,Jean-Victor Makengo,2021-2022,Other,-2.012066370098044,-0.566466410679881,0,0
player_1ddb565c7065,Béni Makouana,2021-2022,Other,-1.593328091757973,1.0894885338823257,0,0
player_32a4985f558e,Nemanja Maksimovi?,2021-2022,Other,-2.373191194520841,-0.7790371733043758,0,0
player_c6cb5b4b26e7,Nikola Maksimovi?,2021-2022,Other,-1.6352179118787546,-0.1428491514484823,0,0
player_e6f9ccc9a2d5,Kévin Malcuit,2021-2022,Other,-1.0824225208298637,0.9540892100546992,0,0
player_c56a2b144539,Youssef Maleh,2021-2022,Other,-1.1514996316501585,0.0253935465688931,0,0
player_24e5a1ce2cc9,Donyell Malen,2021-2022,Unknown,-1.1861863022662111,-0.9001316124038471,0,0
player_1d5741582336,Hugo Mallo,2021-2022,Other,-1.4377373397961342,-0.5494456417085045,0,0
player_2908e3d1a4ce,Lennard Maloney,2021-2022,Other,6.059123510167916,14.170089109285858,3,1
player_4fd2a07bee77,Mickael Malsa,2021-2022,Other,-1.4162365084165365,0.0514997965502475,0,0
player_5eb7c1602a24,Giorgi Mamardashvili,2021-2022,Other,-2.49469445141606,-0.2027203454963321,0,0
player_cf1e35823699,Rey Manaj,2021-2022,Other,-1.6468117077483513,-0.2677819927059738,0,0
player_153c1571096a,Hianga Mananga Mbock,2021-2022,Other,-1.309649469068684,0.1905804600719392,0,0
player_c1622652a7a0,Vincent Manceau,2021-2022,Other,-1.973691757575716,-0.7006410710341734,0,0
player_7d435251a242,Gianluca Mancini,2021-2022,Other,-1.8288528046101156,-0.7399473455398717,0,0
player_f89761138e51,Leonardo Mancuso,2021-2022,Other,-1.5517401715348316,0.1606435328868336,0,0
player_d7c7b5dce305,Steve Mandanda,2021-2022,Unknown,-1.2388276367469362,-0.5880604789707387,0,0
player_d0cd2faf9d1d,Reinildo Mandava,2021-2022,Unknown,-0.5783876673701708,-0.930992348204063,0,0
player_bb2deb8f9cbd,Rolando Mandragora,2021-2022,Other,-1.3341627273786754,-0.1154274018675188,0,0
player_ad371783fd49,Anthony Mandrea,2021-2022,Other,-2.24088863077178,-0.0301150287129634,0,0
player_fe283f9dd458,Eliaquim Mangala,2021-2022,Unknown,-0.6711639455390102,-0.7419131843982955,0,0
player_03b2a63c29ca,Orel Mangala,2021-2022,Other,-1.7772636488174642,-0.453897461590424,0,0
player_f812c4edb180,Thomas Mangani,2021-2022,Other,-1.5206532629265148,-1.038889652850875,0,0
player_d641d5418937,Ricardo Mangas,2021-2022,Other,-1.970294995630244,-0.7697433540024909,0,0
player_5bfe40b0828c,Kostas Manolas,2021-2022,Unknown,-0.3243763906211541,-0.2859926841606472,0,0
player_d631a9a1b6e1,Javier Manquillo,2021-2022,Other,-1.6010336648675472,-0.2343429041431357,0,0
player_81f1c4dd21c7,Myziane Maolida,2021-2022,Other,-1.4331508427153232,1.3285435272898023,0,0
player_09c6205d9a51,Sekou Mara,2021-2022,Other,-1.3351825320894843,-0.0979851769719708,0,0
player_9926405f5d9d,Maranhão,2021-2022,Other,-1.7352447261201387,0.1523305040187257,0,0
player_2fd6944e44f7,Nikola Mara,2021-2022,Other,-1.7175216191694018,0.0775019959301463,0,0
player_0c638ebd1823,Fernando Marçal,2021-2022,Unknown,-0.8960541647554481,-0.7321380672768873,0,0
player_20509e60e143,Solly March,2021-2022,Other,-1.836643337213126,-0.3615921272598696,0,0
player_3fe05fd99986,Riccardo Marchizza,2021-2022,Other,-1.8120973942979732,-0.0838711355581313,0,0
player_bd7d9729d774,Gian Marco Ferrari,2021-2022,Other,-2.035599542363888,-1.0339765640756555,0,0
player_3e88f18a1402,Iván Marcone,2021-2022,Other,-1.354162311580329,0.3417558666898643,0,0
player_52249921f382,Óscar de Marcos,2021-2022,Other,-1.212212460520109,-0.7095054669357835,0,0
player_6192c1ad5ea0,Davide Marfella,2021-2022,Other,-1.4227945050937552,1.2970112492112136,0,0
player_91639cd9228b,José Mari,2021-2022,Other,-1.0049265956749742,0.6350511987851896,0,0
player_886010a23140,Pablo Marí,2021-2022,Other,-1.4535802666794135,-0.5189270695163524,0,0
player_6debe2654505,José María Giménez,2021-2022,Unknown,-1.2817023928780231,-0.9597977580264266,0,0
player_0804048efcb1,Mariano,2021-2022,Unknown,-0.692328695073763,0.0651966431410798,0,0
player_d2a78db2ce94,R?zvan Marin,2021-2022,Other,-2.2281716892644137,-0.7238513621289229,0,0
player_7b215522a8dd,Guillermo Maripán,2021-2022,Other,-1.5741526268491146,-0.4638579706551304,0,0
player_4ae395de065a,Mika Màrmol,2021-2022,Other,-0.8635305370039451,3.4521333936376157,3,0
player_419e68e34ea7,Omar Marmoush,2021-2022,Unknown,-0.8774803163080067,-0.8457408320375168,0,0
player_7f4953603638,Roger Martí,2021-2022,Other,-1.771126533101568,-0.5077173003649323,0,0
player_78db0a98501c,Anthony Martial,2021-2022,Unknown,-0.7815538362859771,-0.1942942579607355,0,0
player_925d7518fc59,Martín,2021-2022,Other,-0.9865248742288248,1.353927733946866,0,0
player_157a27d107c3,Aarón Martín,2021-2022,Other,-1.9931876770645385,-0.547628674738382,0,0
player_39148667ad07,Ander Martin,2021-2022,Other,-0.0757132502259768,0.9882004420911944,0,0
player_e21fde63ece2,Andrés Martín,2021-2022,Other,-1.560520895209265,0.7074230037896774,0,0
player_ab33e848efb4,Carlos Martín,2021-2022,Other,6.27562383861959,26.89629207328648,2,-1
player_be7fbf05b622,Iván Martín,2021-2022,Other,-1.471657991101345,0.7222788901621783,0,0
player_a44566da36ad,Jonas Martin,2021-2022,Other,-1.5555681486849582,-0.5901185392275756,0,0
player_cba5cf13920b,Martinelli,2021-2022,Other,-1.6833541257181537,-0.5549371176904766,0,0
player_894a7bc10595,Lucas Martínez Quarta,2021-2022,Other,-1.0532768742945302,-0.3386826753842994,0,0
player_e490b2a7acb9,Emiliano Martínez,2021-2022,Unknown,-2.341953214475077,-1.189292990299942,0,0
player_b7278cab3611,Iñigo Martínez,2021-2022,Unknown,-1.1687008739781943,-1.1364340185063084,0,0
player_1bd839ffcc1e,Javi Martínez,2021-2022,Unknown,-1.015895775211631,-0.370557975383427,0,0
player_1460a0951800,Josep Martínez,2021-2022,Unknown,-1.0127620616418869,-0.236574856781199,0,0
player_7331e24f5e7e,Lautaro Martínez,2021-2022,Unknown,-0.8844957967515776,-1.306874290665402,0,0
player_d0c0c8579d2d,Pablo Martínez,2021-2022,Other,-1.459882176170771,0.3004929913226013,0,0
player_d090323f9ecf,Gelson Martins,2021-2022,Other,-1.7971291884670717,-0.5057678297099211,0,0
player_214b848f0567,Adam Marui?,2021-2022,Other,-1.952793849425109,-0.877065791046309,0,0
player_6cd56b1c160e,Omar Mascarell,2021-2022,Other,-2.0385727638404414,-0.601011912504503,0,0
player_83a1d1f6db2f,Andrea Masiello,2021-2022,Other,-1.2168264754374212,0.2435406246746681,0,0
player_94a50f5e98c1,Adam Masina,2021-2022,Other,-1.6436685212847375,-0.116181669337494,0,0
player_cb3117b11a52,Erhan Maovi?,2021-2022,Other,-1.7833916994160586,-0.1569314745720766,0,0
player_15e4b9ece872,Roberto Massimo,2021-2022,Other,-1.435418843197579,-0.1216787585450213,0,0
player_faa909b5d2f2,Arthur Masuaku,2021-2022,Other,-0.9504891248165142,-0.0896268718698879,0,0
player_9e413b263263,Jaime Mata,2021-2022,Other,-1.4843175482283768,0.6058653136589693,0,0
player_b41ca783bb48,Juan Mata,2021-2022,Unknown,-0.1655414732851025,-0.0024945989351505,0,0
player_1a2a618811c3,Pape Matar Sarr,2021-2022,Unknown,-1.1844990414389531,-0.9287111304449728,0,0
player_0c92f12a89d7,Eliot Matazo,2021-2022,Other,-1.3902917518175597,0.1104258003135943,0,0
player_e87b0f5a5396,Ale Mat?j?,2021-2022,Other,-1.189797685100939,-0.0425035196153426,0,0
player_37a7293b7809,Jean-Philippe Mateta,2021-2022,Other,-1.5092727444304146,-0.2104885321513268,0,0
player_08c4b927d87f,Nemanja Mati?,2021-2022,Other,-1.2974941876694597,-0.2827582265838252,0,0
player_11e484a38ae0,Chrislain Matsima,2021-2022,Other,-1.1405975803746922,0.8204873034355582,0,0
player_44080b5faa99,Azor Matusiwa,2021-2022,Other,-1.7097251337412709,-0.7857038821898743,0,0
player_43d47f380a6c,Neal Maupay,2021-2022,Other,-1.9646332322499969,-0.6033238805527419,0,0
player_8fcea8f684aa,Stephy Mavididi,2021-2022,Other,-1.8622465566591004,-0.7427849401125636,0,0
player_5ac38310cbc2,Konstantinos Mavropanos,2021-2022,Other,-1.7385077283541055,-1.0090893737615587,0,0
player_07500cf73ba1,Eric Maxim Choupo-Moting,2021-2022,Unknown,0.1624331742409837,-0.5711352451429982,0,0
player_aade90271fe1,Luís Maximiano,2021-2022,Other,-3.027174120196082,-0.6493977263337167,0,0
player_1e71f2594b69,Borja Mayoral,2021-2022,Other,-1.7496337692184667,0.9078003748997664,0,0
player_fea590125360,Derek Mazou-Sacko,2021-2022,Other,-1.5865566209682918,4.289249422024326,3,0
player_1168f1a59dd2,Pasquale Mazzocchi,2021-2022,Other,-1.6573282035249275,-0.2516575014563854,0,0
player_ed52ac169a9e,Kylian Mbappé,2021-2022,Unknown,-0.8299786390188701,-1.7396445402238163,0,0
player_dc0f1e9684a0,Ibrahima Mbaye,2021-2022,Other,-1.4278666618996518,0.956828385462182,0,0
player_a4384bd8f0df,Amadou Mbengue,2021-2022,Other,-1.1822693326108484,0.4122434458039483,0,0
player_b1ec8ffd266e,Bryan Mbeumo,2021-2022,Other,-2.336718154344056,-0.8109529235047797,0,0
player_b423b7602f76,Jason Mbock,2021-2022,Other,-0.4901314029135001,6.104238425563326,3,0
player_395da3861fbe,Jordi Mboula,2021-2022,Other,-1.923969014332936,0.7349177946678364,0,0
player_eee89cb6cc22,Moustapha Mbow,2021-2022,Other,-0.8693878961370012,0.4101894159469018,0,0
player_1a22eb1847cf,Nathanael Mbuku,2021-2022,Other,-1.92975756479676,-0.2314453446168944,0,0
player_618da788b001,James McArthur,2021-2022,Other,-1.3188947682702556,-0.3106912595234862,0,0
player_7a5f93c6083f,James Mcatee,2021-2022,Other,1.8782810063918975,5.0234195204643015,3,0
player_29e00c1087f2,Kasey McAteer,2021-2022,Other,-1.637680115923955,1.0932235355904407,0,0
player_92004b64dd85,Liam McCarron,2021-2022,Other,-1.086584976960438,1.865585265684176,0,0
player_854ca72a59d9,Alex McCarthy,2021-2022,Other,-2.4078235448493355,-0.2221744693488899,0,0
player_2567ee396a41,John McGinn,2021-2022,Unknown,-1.349358168733111,-1.3819553261345583,0,0
player_f0623195668d,Weston McKennie,2021-2022,Unknown,-1.0196220284182087,-0.7727751727885946,0,0
player_6bd91c890cfe,Stuart McKinstry,2021-2022,Other,-1.771369982074061,1.485006405751183,0,0
player_0dcbfa5fed26,Kenny McLean,2021-2022,Other,-2.283733426368515,-0.7333570122365002,0,0
player_e17f35889fa8,Dwight McNeil,2021-2022,Other,-2.436348308439662,-0.8644358068860184,0,0
player_387984939cf4,Scott McTominay,2021-2022,Unknown,-1.071798872046838,-1.0732354141940188,0,0
player_ba47a1ab084e,Gary Medel,2021-2022,Unknown,-1.5328919492062814,-1.1471719858835383,0,0
player_85260891c082,Facundo Medina,2021-2022,Other,-1.54285636845503,-0.8537386248513276,0,0
player_4fac312ee42c,Nathan de Medina,2021-2022,Other,-1.6216887221005218,0.2785222468261569,0,0
player_afea930c7f56,Ben Mee,2021-2022,Other,-1.881997867880658,-0.5705395356130647,0,0
player_bee07ccd8c87,Admir Mehmedi,2021-2022,Other,-1.229455908353464,2.495503649126866,0,0
player_24a645418c11,Hannibal Mejbri,2021-2022,Other,-0.0463534867927816,2.285103373016684,0,0
player_555c54788d7e,Farid El Melali,2021-2022,Other,-1.4590876782875508,2.074549573380619,0,0
player_24312d9d34c0,Filippo Melegoni,2021-2022,Other,-1.721383164159364,0.0081862073171187,0,0
player_0b9225e2a842,Óscar Melendo,2021-2022,Other,-1.797149041853388,0.02912990003372,0,0
player_391f4e15d88a,Gonzalo Melero,2021-2022,Other,-1.4341151614475176,-0.6297405789923031,0,0
player_d63f8771cbc2,Birger Meling,2021-2022,Other,-1.7674908787660022,-0.4347984077916633,0,0
player_2e25c45b73a7,Arthur Melo,2021-2022,Other,-1.319095230576114,0.0610338771336007,0,0
player_6d52b9d07ab2,Houboulang Mendes,2021-2022,Other,-2.2196710082741973,-0.9439926682923198,0,0
player_e60dc69ccdae,Pedro Mendes,2021-2022,Other,-1.40908448869133,1.9408927676845469,0,0
player_5cd9dc0bd885,Thiago Mendes,2021-2022,Other,-1.388757472407606,-0.6671846235451081,0,0
player_72fa47b273cc,Tomás Mendes,2021-2022,Other,-0.4208001720668542,3.496582999503852,3,0
player_e0a0bdeb9f40,Brais Méndez,2021-2022,Unknown,-1.2509947397059988,-1.3647847205676902,0,0
player_50b265113a60,Édgar Méndez,2021-2022,Other,-1.942196859653064,-0.0725740833414985,0,0
player_b3e7d84c4898,Arial Mendy,2021-2022,Other,-1.5980820683863377,0.1292349196954655,0,0
player_1732c9b8ecf9,Batista Mendy,2021-2022,Other,-1.801578903927272,-0.7041935918761616,0,0
player_acd4b644003d,Benjamin Mendy,2021-2022,Unknown,0.5248183864600492,0.4007203838657457,0,0
player_36ea461343bf,Édouard Mendy,2021-2022,Unknown,-2.1554543337436938,-1.195185872288299,0,0
player_a3767e7bce0a,Ferland Mendy,2021-2022,Unknown,-0.7517261903954016,-1.119135207329919,0,0
player_e9a59d91fcf7,Nampalys Mendy,2021-2022,Other,-1.0785039014993465,-0.2579056662285497,0,0
player_6e3eefb6d2c9,Gideon Mensah,2021-2022,Other,-1.51383069482151,-0.1526755845711409,0,0
player_e801f3b7e8b9,Jorge Meré,2021-2022,Other,-1.2082088457379077,0.2543511046691312,0,0
player_b239c0f50d02,Alex Meret,2021-2022,Unknown,-1.1819147740876914,-0.5135871622134236,0,0
player_eacf55c05731,Fran Mérida,2021-2022,Other,-0.9094969452881776,0.8717110731497172,0,0
player_a96e7c5895a0,Mikel Merino,2021-2022,Unknown,-1.216119652231963,-1.331195808389459,0,0
player_921df0113327,Quentin Merlin,2021-2022,Other,-1.704473644533776,-0.7003417991880297,0,0
player_fa2419d88be8,Martín Merquelanz,2021-2022,Other,-1.489997919342711,0.6304930468255737,0,0
player_fc9f74a738c7,Yýldýrým Mert Çetin,2021-2022,Other,-0.9842217082242438,1.4477512378691335,0,0
player_975ae38f811f,Dries Mertens,2021-2022,Unknown,-0.7968658530331736,-0.9251132028433816,0,0
player_96094c764fe0,Illan Meslier,2021-2022,Other,-2.922670333751304,-0.8544424514328467,0,0
player_0702e6dee64e,Lionel Messi,2021-2022,Unknown,-0.6990339451827092,-1.4381001153403197,0,0
player_e7e2ecbf256a,Junior Messias,2021-2022,Unknown,-0.8730028202865103,-0.7969610412324718,0,0
player_e93e18f6de9d,Thomas Meunier,2021-2022,Unknown,-0.5005907062785886,-0.9457643589082364,0,0
player_542a545d1531,Mexer,2021-2022,Other,-1.5435167099757894,-0.3784166821661219,0,0
player_2c8c516eece6,Marco Meyerhöfer,2021-2022,Other,-1.968264589539456,-0.7451002485122696,0,0
player_a461573662f8,Matt Miazga,2021-2022,Other,-1.5418490845647796,-0.0152897360353683,0,0
player_4c9e3b4e9a24,Kingsley Michael,2021-2022,Other,-0.6763140177756577,0.70130581819739,0,0
player_a8efc347dfb8,Sven Michel,2021-2022,Other,-0.5259165313774027,0.2996757991068336,0,0
player_1d7a545db87a,Edouard Michut,2021-2022,Other,0.4130683493295656,0.9840380680129024,0,0
player_9eb0c9605dc8,Miguel,2021-2022,Unknown,-1.1342466476139177,-0.1963542230977917,0,0
player_fe93dab7767e,Valentin Mihaila,2021-2022,Other,-1.0220359060300286,1.0781784294651495,0,0
player_e5d97bea0b99,Mikael,2021-2022,Other,-1.3807530222898885,1.0837422623278723,0,0
player_2a558b97ced9,Hilmir Mikaelsson,2021-2022,Other,0.3900374699975043,3.2795515992652717,3,0
player_2ebf0dbc8299,Georges Mikautadze,2021-2022,Other,0.5488767362190746,7.235333011413519,3,0
player_a4fc18583f78,William Mikelbrencis,2021-2022,Other,-1.3145994938945864,0.0490746920809647,0,0
player_ef1583bcb5c6,Nikola Milenkovi?,2021-2022,Other,-1.766583852174271,-0.940987378257914,0,0
player_2be4f59babfd,Arkadiusz Milik,2021-2022,Other,-1.4158757230327863,-0.4779172010644326,0,0
player_17d3a8bf0f5f,Sergej Milinkovi?-Savi?,2021-2022,Other,-1.4991923475418558,-1.2548597533869028,0,0
player_48b3d2de5c7e,Vanja Milinkovi?-Savi?,2021-2022,Other,-2.8657229729850706,-0.3991147786563312,0,0
player_ec120d4d0541,Luka Milivojevi?,2021-2022,Other,-1.3370655126650417,0.1189143620317639,0,0
player_a8ab135a4af3,Luis Milla,2021-2022,Other,-2.0355675455835454,-0.8582650020311385,0,0
player_8fd4ff207e4b,Pere Milla,2021-2022,Other,-1.649270541939238,-0.512299469537515,0,0
player_9ece8c004669,Enzo Millot,2021-2022,Other,-0.2588907806907503,1.3232105521476094,0,0
player_e582277f703c,James Milner,2021-2022,Unknown,-0.4711447381095371,-0.4158671166359928,0,0
player_3273b2fa39ee,Santi Mina,2021-2022,Other,-1.9526489420827635,-0.6703061950175816,0,0
player_1fb477be8573,Yerry Mina,2021-2022,Other,-1.5403106921656753,0.1139701100927142,0,0
player_2ec4da09e73a,Takumi Minamino,2021-2022,Unknown,0.5786760245772463,-0.267280115419069,0,0
player_a9420bbb41f3,Tyrone Mings,2021-2022,Unknown,-1.727356558743757,-1.30144056743991,0,0
player_11846c32cf96,Jorge Miramón,2021-2022,Other,-1.8826894570587536,-0.4912986725174731,0,0
player_60e08790ea32,Aleksei Miranchuk,2021-2022,Other,-1.1249738230984638,-0.1454001468386833,0,0
player_49e23d364906,Juan Miranda,2021-2022,Other,-1.1350507937717995,0.0701301639235166,0,0
player_d74b251fbefa,Tyrick Mitchell,2021-2022,Other,-2.262562486411412,-0.927693436650196,0,0
player_b8baa9d8532f,Stefan Mitrovi?,2021-2022,Other,-2.390710671485889,-0.6922711291137593,0,0
player_404c040cbecd,Maximilian Mittelstädt,2021-2022,Other,-1.6315601858176738,-0.2108702367439733,0,0
player_478dc0e94eb8,Henrikh Mkhitaryan,2021-2022,Unknown,-1.0840496368552588,-1.289058600353198,0,0
player_edd5de249f5b,Jakub Moder,2021-2022,Unknown,-1.2746802298199555,-0.7672998884567506,0,0
player_9cd2e5ab8100,Anthony Modeste,2021-2022,Other,-1.853525869009073,-0.9471746027510178,0,0
player_4b27e7efd85c,Marco Modolo,2021-2022,Other,-1.1865416810097131,0.2811405740419451,0,0
player_6bccf2735ebc,Luka Modri?,2021-2022,Other,-1.415670067661445,-0.7445010914997645,0,0
player_07fdd7be8fa2,Terem Moffi,2021-2022,Other,-2.2865625340827305,-0.8367299589872387,0,0
player_326517f6af99,Kevin Möhwald,2021-2022,Other,-1.225467110182785,0.6374195707413897,0,0
player_5a861d7c1a47,Dion Moise Sahi,2021-2022,Other,-1.0088461004606255,0.6013629325332199,0,0
player_3cea950bd952,Johan Mojica,2021-2022,Other,-2.0201790670801123,-0.9455629911294664,0,0
player_3c0b09e9fc55,Clinton Mola,2021-2022,Other,-0.621696466426109,0.7439663311326412,0,0
player_03aeb4894d9d,Jorge Molina,2021-2022,Other,-2.0004506536951108,-0.6114603454475876,0,0
player_022e50b6ce95,Nahuel Molina,2021-2022,Unknown,-1.4529789973537832,-1.2237334243459117,0,0
player_fb9308d84951,Cristian Molinaro,2021-2022,Other,-1.3062827420921057,0.0413317896772401,0,0
player_1922d06dfea9,Florent Mollet,2021-2022,Other,-1.940606210326748,-0.8152334680608297,0,0
player_294ee91a99f6,Jon Moncayola,2021-2022,Other,-2.254807521813927,-0.8798763321135831,0,0
player_9732df897091,Monchu,2021-2022,Other,-1.014562473437876,0.2955770382682369,0,0
player_b2899259a5dd,Thomas Monconduit,2021-2022,Other,-1.7311428739049506,-0.6428482924732258,0,0
player_d9088f088873,Lorenzo Montipò,2021-2022,Other,-3.063603403814017,-0.6557315879264545,0,0
player_88cf6ebbc8d5,Ángel Montoro,2021-2022,Other,-1.5879820738601398,-0.0864169940274057,0,0
player_f843df51e630,Martín Montoya,2021-2022,Unknown,-0.2001166444938709,-0.4803161641253471,0,0
player_8ec513bf1687,Wesley Moraes,2021-2022,Other,-0.0385932051493851,5.829292904787846,3,0
player_d167a8b5937a,Álvaro Morata,2021-2022,Unknown,-1.287605591333682,-1.1177221828565305,0,0
player_f74fd53ba648,Jan Morávek,2021-2022,Other,-1.6584776805848036,0.5438947568856164,0,0
player_4574014d7ee3,Jon Morcillo,2021-2022,Other,-0.2059188107580204,3.657059356503206,3,0
player_69a00eda0e39,Jérémy Morel,2021-2022,Unknown,-0.8158862125869644,-0.3851531257604491,0,0
player_fad80568f118,Alberto Moreno,2021-2022,Unknown,-0.6939795486831952,-0.7124631932759131,0,0
player_3965ba97470b,Álex Moreno,2021-2022,Other,-1.6960552210352309,-0.8759089402500405,0,0
player_f41650cd81e3,Tete Morente,2021-2022,Other,-1.8593969295574229,-0.278117917329707,0,0
player_ad767f83f514,Ilaix Moriba,2021-2022,Other,0.9156525934068538,2.368486564141727,0,0
player_296358f67445,Manu Morlanes,2021-2022,Other,-1.3536998896562733,-0.1617998508282739,0,0
player_71be2f5d46f5,Raúl Moro,2021-2022,Other,-1.2904304044565205,0.5109472811375624,0,0
player_5c666888ccd9,Loren Morón,2021-2022,Other,-1.8812426956019157,0.3482157157643634,0,0
player_442492284959,Cristhian Mosquera,2021-2022,Other,-1.108336695525628,0.7798392690725351,0,0
player_0e8041bee295,Lebo Mothiba,2021-2022,Other,-1.162169510538909,-0.0048227674681181,0,0
player_0518dc1bdbcd,Andrei Motoc,2021-2022,Other,-1.2213714289886226,0.3481698581177377,0,0
player_c24121f3f8b0,Baptiste Mouazan,2021-2022,Other,-0.9046517988366396,0.9835973526855732,0,0
player_1f31a744733a,Aimen Moueffek,2021-2022,Other,-1.2817436255298214,0.4151984845064388,0,0
player_f38b22e56f7f,Harold Moukoudi,2021-2022,Other,-1.748857448178068,-0.3429260608628671,0,0
player_9c3433e8084d,Jessy Moulin,2021-2022,Other,-1.8067300195865488,0.1356303317721125,0,0
player_831e6ba2f0ce,Steve Mounié,2021-2022,Other,-2.021389334031019,-0.662724803432383,0,0
player_d5197c569b55,Lucas Moura,2021-2022,Unknown,-1.260100561883979,-0.8018469315059354,0,0
player_4580f451eae8,Lys Mousset,2021-2022,Other,-0.937523487683857,1.0947845609641138,0,0
player_2a41482533c7,João Moutinho,2021-2022,Unknown,-1.320342847783425,-1.4411486651390224,0,0
player_9e259cb9a151,Samuel Moutoussamy,2021-2022,Other,-1.4729823137669156,-0.2184136564254647,0,0
player_42a6861524ff,Toni Moya,2021-2022,Other,-1.9028528252246424,-0.0571593430547177,0,0
player_916db7e744f4,Samuel Mráz,2021-2022,Other,-1.289873429791205,1.142838456746264,0,0
player_8a4f22f428c0,Nordi Mukiele,2021-2022,Unknown,-1.090417567269464,-0.9107427237615864,0,0
player_fca4cbcf53f5,Mert Müldür,2021-2022,Other,-1.848831761615913,-0.465474396870884,0,0
player_b2293dff6561,Florian Müller,2021-2022,Other,-2.549544140222011,-0.7267155763423618,0,0
player_3365e7eb8e9e,Thomas Müller,2021-2022,Unknown,-1.1114381255145724,-1.4819918584139151,0,0
player_71b567f5f59f,Bali Mumba,2021-2022,Other,-1.3710435349793637,1.0647969979293377,0,0
player_ff3b8a45fd49,Marshall Munetsi,2021-2022,Other,-1.3753619928338343,-0.5992925813207585,0,0
player_3e0ff23479d0,Iker Muniain,2021-2022,Other,-2.029303837647671,-0.950083633381308,0,0
player_193bbc009509,Aihen Muñoz,2021-2022,Other,-1.570796828661995,-0.1215289646494254,0,0
player_552b20a78b8e,Luis Muriel,2021-2022,Unknown,-0.8292210958075115,-1.0119800644192147,0,0
player_1c8592e04f08,Jeison Murillo,2021-2022,Other,-1.4062803079070898,-0.0292079647361117,0,0
player_f3934158cb8c,Vedat Muriqi,2021-2022,Unknown,-0.7668984454621166,0.4251898979723991,0,0
player_26facdc68d12,Jacob Murphy,2021-2022,Other,-1.9230907697420367,-0.1097730000453352,0,0
player_58aa30a3e2e6,Nicola Murru,2021-2022,Other,-1.517266557695484,0.0213543520749486,0,0
player_71dfb59dce21,Yunus Musah,2021-2022,Unknown,-1.2961980307113716,-0.4104654317982808,0,0
player_f137f2ec920e,Torben Müsel,2021-2022,Other,-0.6181490121029184,3.0064642293528574,0,0
player_6931a7152678,Jamal Musiala,2021-2022,Unknown,-0.6897384632723917,-0.937607782692854,0,0
player_e473abf10f0e,Shkodran Mustafi,2021-2022,Unknown,-0.6853612961985511,-0.5459404918982286,0,0
player_6df6da53079a,Junior Mwanga,2021-2022,Other,-0.3285850995594989,0.5389583124755994,0,0
player_944b82eca0a2,Enock Mwepu,2021-2022,Other,-1.1416698334397155,-0.1802305951068125,0,0
player_4c9be00c4531,Vitaliy Mykolenko,2021-2022,Other,-1.4966125818290144,-0.315563623808633,0,0
player_2a49cdd35b9d,Joakim Mæhle,2021-2022,Other,-1.6704977314225469,-0.3020156169177411,0,0
player_ca26fc0b2fc4,Obite N'Dicka,2021-2022,Other,-1.7603321539858767,-1.070116968300155,0,0
player_b86f4f1a4fd5,Kévin N'Doram,2021-2022,Other,-1.64753571010168,-0.0166693438020022,0,0
player_e9bcd8e5fa92,Eric N'Jo,2021-2022,Other,-1.2303039764472294,0.6833614413317188,0,0
player_f52517a8f097,Vital N'Simba,2021-2022,Other,-1.9911979657908003,-0.8651980661977333,0,0
player_4d976fe48a1c,Mickael Nade,2021-2022,Other,-1.8493085279064936,-0.8375176164333221,0,0
player_2241caac22fa,Marvelous Nakamba,2021-2022,Other,-1.2707925902415058,0.1741578813257527,0,0
player_33d5f0928898,Nahitan Nández,2021-2022,Other,-1.7494194296723529,-0.1905489411996042,0,0
player_02ea2ae2a237,Nani,2021-2022,Unknown,-0.9324558852072932,0.2649606351673339,0,0
player_59b42586de25,Paul Nardi,2021-2022,Other,-2.6910553170887224,-0.3124935168165447,0,0
player_ba7dc34d2845,Nikolas Nartey,2021-2022,Other,-1.3079608716470073,0.4476021722335962,0,0
player_8a37005c8b26,Matija Nastasi?,2021-2022,Other,-0.6177524030807233,0.4761384390876,0,0
player_0b5197b2f011,Roberto Navarro,2021-2022,Other,-0.6632981650991558,0.4431154478240298,0,0
player_eb0f5bc9c62d,Ximo Navarro,2021-2022,Other,-1.688147780909346,-0.1610931683327232,0,0
player_66bfcb099efb,Keylor Navas,2021-2022,Unknown,-1.604848330814714,-0.9177532606525186,0,0
player_4ea16fc43ecc,Papa Ndiaga Yade,2021-2022,Other,-1.5558417511833882,0.3918892552760458,0,0
player_9642be14afa1,Loum Ndiaye,2021-2022,Other,-1.8905013909939816,-0.4779705170289717,0,0
player_a92e5405e6e2,Wilfred Ndidi,2021-2022,Unknown,-0.701986018491022,-0.8974526545769661,0,0
player_832b60b6cea2,Tanguy Ndombele,2021-2022,Unknown,-0.3262634044563259,-0.3947499442067555,0,0
player_4c06b737b979,Dan Ndoye,2021-2022,Other,-1.4985597500631822,0.3233039441546833,0,0
player_aa81ccba8a2d,Paul Nebel,2021-2022,Other,-0.9786413537055274,1.1709940212637706,0,0
player_247e65702602,Álvaro Negredo,2021-2022,Unknown,-1.6545093953006969,-0.9424192594132642,0,0
player_c498ed87a862,Reiss Nelson,2021-2022,Other,1.3184483305132264,3.995807004715116,3,0
player_70b4bdc1f32a,David Nemeth,2021-2022,Other,-1.3587265150556231,0.3081327969386235,0,0
player_b5d081cde844,Ilija Nestorovski,2021-2022,Other,-1.1215074895712625,0.6628282916877023,0,0
player_1432e91049a7,Neto,2021-2022,Other,-1.572815908273142,0.0425445423833287,0,0
player_4b606cfca2cf,Pedro Neto,2021-2022,Other,-1.1526857963976604,0.414797539819689,0,0
player_4503113063a1,Luca Netz,2021-2022,Other,-1.7860488823213116,-0.2340498756875291,0,0
player_457a4bc6ea3d,Florian Neuhaus,2021-2022,Unknown,-0.9841589586663604,-1.1835573885310833,0,0
player_b7546ee62432,Carlos Neva,2021-2022,Other,-2.226280534603778,-0.4887125250439997,0,0
player_c05fb29ae323,Rúben Neves,2021-2022,Unknown,-1.0727210884469274,-1.3269333699239745,0,0
player_ae2845b6d530,Yvan Neyou,2021-2022,Other,-1.122361559330061,-0.0108001507070186,0,0
player_d5fd272cd1bc,Jeremy Ngakia,2021-2022,Other,-1.463597416550511,0.0053411641585241,0,0
player_d42ace3b7a08,Jessic Ngankam,2021-2022,Other,-0.7838345943340037,-0.0349359941184415,0,0
player_9e8bff44caf3,Opa Nguette,2021-2022,Other,-1.6598494760495937,-0.0681669807751634,0,0
player_2be3d5b85479,Aurélien Nguiamba,2021-2022,Other,0.3676498845740487,2.9473349820657826,3,0
player_a0f311f4ef0d,Sikou Niakaté,2021-2022,Other,-1.4063385971236626,0.2478973380255957,0,0
player_ef1d5d9e224e,Moussa Niakhate,2021-2022,Other,-1.7584986093713073,-1.12684125494224,0,0
player_bc38c5e668b4,Ibrahima Niane,2021-2022,Other,-2.0007119432559053,-0.2842665293068795,0,0
player_1f38e7ec9f0a,M'Baye Niang,2021-2022,Unknown,-0.7595596946901453,-0.2721286843168531,0,0
player_f64ff5c24b7a,Cheikh Niasse,2021-2022,Other,-0.243508502539541,3.001766671579619,3,0
player_28f52c3b5719,Florian Niederlechner,2021-2022,Other,-1.6894461971185082,-0.2338400988713529,0,0
player_31fb43479a11,Håvard Nielsen,2021-2022,Other,-1.841648385655744,-0.1362324634149071,0,0
player_1fa5deeed198,Dimitris Nikolaou,2021-2022,Other,-2.414601516238968,-0.8586317395369046,0,0
player_673bec879224,Joakim Nilsson,2021-2022,Other,-1.8803314211000564,-1.1235025360334217,0,0
player_4e6f75bf65d7,Casimir Ninga,2021-2022,Other,-1.4579098690387726,0.6645263071863691,0,0
player_37be4f4a1461,Fernando Niño,2021-2022,Other,-1.4425225711022012,0.0443342479654512,0,0
player_c568c85dfc78,Eddie Nketiah,2021-2022,Other,-1.039081984909802,-0.0919559808947221,0,0
player_5613c2c50d44,Nicolas Nkoulou,2021-2022,Unknown,-0.9226987836775238,0.0020693039301004,0,0
player_0a8911b92dd7,Christopher Nkunku,2021-2022,Unknown,-1.0078559846027315,-1.631614138368993,0,0
player_f698236e74da,Lukas Nmecha,2021-2022,Other,-1.5843033780673963,-0.3979716494752354,0,0
player_34d3b0fcb9a6,Mark Noble,2021-2022,Other,-0.8357986946963318,0.3098621009366942,0,0
player_c499ab69049e,Peru Nolaskoain,2021-2022,Other,-0.0385932051493851,5.829292904787846,3,0
player_38ce80e4ad11,Nolito,2021-2022,Other,-1.781268049627306,-0.2352320157575397,0,0
player_1db11aff2a8e,Arnaud Nordin,2021-2022,Other,-1.915940063399861,-0.455917123082032,0,0
player_bab57aaf26ff,Håvard Nordtveit,2021-2022,Other,-1.2216927722754791,0.6296664162865827,0,0
player_f6a60e632b1f,Mathias Normann,2021-2022,Other,-1.5933363669492824,-0.2579903369739476,0,0
player_234278a5debb,Connor Noß,2021-2022,Other,-1.3911782308677112,1.0935673849054133,0,0
player_7a1ebe277675,Hugo Novoa,2021-2022,Other,-0.5028775032671111,0.2382111714941528,0,0
player_add88413b4db,Soma Novothny,2021-2022,Other,-0.2984475296647793,0.5580524365815852,0,0
player_751c8c451185,Jean-Pierre Nsame,2021-2022,Other,-1.6741512941821433,0.6997319803214556,0,0
player_3823c19cbbe8,Randy Ntekja,2021-2022,Other,-1.8884916233658848,-0.1888082707601145,0,0
player_f7ef8d705c90,Alexander Nübel,2021-2022,Unknown,-2.393726793637041,-1.2872523445666777,0,0
player_845db680fe01,Kasim Nuhu,2021-2022,Other,10.961895420838577,17.574485857340207,2,-1
player_63e57833bf1d,Unai Núñez,2021-2022,Other,-1.2174069727950565,0.1017781051427672,0,0
player_9feebd667dc3,Hans Nunoo Sarpei,2021-2022,Other,-1.292050537550287,0.0455076682152758,0,0
player_8c4ee8bbd52e,Bram Nuytinck,2021-2022,Other,-1.910134849126252,-0.5843442177550345,0,0
player_515793d7c749,Simeon Nwankwo,2021-2022,Other,-1.6962087306151348,0.058129178828145,0,0
player_7804b21d0df8,Gerzino Nyamsi,2021-2022,Other,-2.1880679068227997,-0.8629858380377685,0,0
player_e1688e5bed2f,Allan Nyom,2021-2022,Other,-1.6052396083887546,0.6592761920155025,0,0
player_5f35c81bd9a1,M'Bala Nzola,2021-2022,Other,-1.372561938902552,-0.1257738711171931,0,0
player_0a3a7afff29d,Christian Nørgaard,2021-2022,Other,-1.720386957771552,-1.024746323489362,0,0
player_edb7e1987595,Adam Obert,2021-2022,Other,-1.3284599418378362,0.5095561128922474,0,0
player_db2987742e53,Joel Obi,2021-2022,Other,-1.527919330092118,0.0597086031753139,0,0
player_8f30574fdf94,Jan Oblak,2021-2022,Unknown,-2.6644890826450487,-1.148565691031974,0,0
player_547244ca428f,Bastian Oczipka,2021-2022,Unknown,-1.0128445753942985,-0.3823460190441719,0,0
player_f2e3e5b588c1,Brain Oddei,2021-2022,Other,1.5745641827118977,5.384468354578817,3,0
player_189e248ea7e5,Álvaro Odriozola,2021-2022,Other,-1.5551849113631364,-0.5995597220416727,0,0
player_ed8e0319c44d,Angelo Ogbonna,2021-2022,Other,-1.3373708755837683,-0.4694732700891982,0,0
player_762cba672ac6,Florent Ogier,2021-2022,Other,-1.951231402336665,-0.752323301232713,0,0
player_2aaf0e5b47ff,Stefano Okaka,2021-2022,Other,4.5343978372884575,7.562238754198751,3,0
player_b65b99923bf0,David Okereke,2021-2022,Other,-1.9724229344214013,-0.5354893358475129,0,0
player_659076b337d1,Masaya Okugawa,2021-2022,Other,-2.2075602229857614,-0.8494257796933483,0,0
player_081f6a6af174,Lucas Olaza,2021-2022,Other,-0.9163441358567156,0.1404799159672577,0,0
player_e1c2923aae2a,Oier Olazábal,2021-2022,Other,-1.9747344433058895,0.4865516378047386,0,0
player_c8194df06a12,Mathias Olesen,2021-2022,Other,-0.1493462197794074,3.4077590246504093,3,0
player_d56489e7bc8d,Michael Olise,2021-2022,Unknown,-0.8006685885301217,-0.5838697440125535,0,0
player_08b1b690403b,Christian Oliva,2021-2022,Other,-0.6741999818766929,1.6088772779446967,0,0
player_3ff42dcf1f0c,Brian Oliván,2021-2022,Other,-2.0503342974144743,-0.4608544591065092,0,0
player_e929cfb7b81a,Mathías Olivera,2021-2022,Unknown,-1.3515686227823724,-1.19146480684766,0,0
player_41f9dce758ac,Dani Olmo,2021-2022,Unknown,-0.4184486156031416,-0.5456446567231665,0,0
player_6c48db93f12b,Robin Olsen,2021-2022,Unknown,-1.2335489450563866,-0.0373216460457771,0,0
player_3e7df751269a,Warmed Omari,2021-2022,Other,-2.0548681777690674,-0.8004384887508073,0,0
player_0660ce4fba84,Jonas Omlin,2021-2022,Other,-2.548389721608649,-0.6737171952536494,0,0
player_97415752ac56,Andrew Omobamidele,2021-2022,Other,-0.6569363915932304,-0.3291926108736215,0,0
player_198dd1f4310f,Amadou Onana,2021-2022,Unknown,-0.8174651457388766,-0.7187043740824377,0,0
player_6e904254c866,Jean Onana,2021-2022,Other,-1.2358923999908114,-0.6932183550432244,0,0
player_e1cec0d8de29,Karim Onisiwo,2021-2022,Other,-2.0871198181576576,-0.6813954679137747,0,0
player_4c03c766a527,Javier Ontiveros,2021-2022,Other,0.3082920750242558,1.7855072357467876,0,0
player_792a969f05ec,Tyler Onyango,2021-2022,Other,-1.1634186188467237,2.656487952580603,0,0
player_89ced9848f6d,Frank Onyeka,2021-2022,Other,-1.2549458787530725,0.077113390372185,0,0
player_39368de2b8b9,Willi Orbán,2021-2022,Unknown,-1.2252683709666412,-1.4326259142648003,0,0
player_22a21fc29b6d,Riccardo Orsolini,2021-2022,Other,-1.8319269648607783,-0.475203108978573,0,0
player_b3e578206caa,Stefan Ortega,2021-2022,Unknown,-2.1264464295476664,-1.1984275342036703,0,0
player_a43d67079ec7,Pedro Ortiz,2021-2022,Other,11.49941370395941,19.71602495046468,2,-1
player_15489dd8adf3,Victor Osimhen,2021-2022,Unknown,-1.0012709235774415,-1.0849144421255854,0,0
player_797c8902bab5,Milutin Osmaji?,2021-2022,Other,-1.9929989393360703,0.7593323161843776,0,0
player_c71870dca5b8,David Ospina,2021-2022,Unknown,-2.0537210165618296,-1.145824155062532,0,0
player_802ccde3bba6,Patrick Osterhage,2021-2022,Other,-1.497385011985953,0.3305800244095032,0,0
player_cee3b8689d71,Tomá Ostrák,2021-2022,Other,1.2411823896286258,2.092743863206936,0,0
player_f24a1e7744a0,Dango Ouattara,2021-2022,Other,-1.3032623343054086,0.221902050250273,0,0
player_686dfd342050,Remi Oudin,2021-2022,Other,-1.83134206468348,-0.330775305030183,0,0
player_4e9722de788c,Alexandre Oukidja,2021-2022,Other,-2.4800490927283096,-0.3256448505354837,0,0
player_3c5e3fb9de0a,Azzedine Ounahi,2021-2022,Other,-1.6277014293486862,-0.4136430448994587,0,0
player_e213e0e527ca,Adam Ounas,2021-2022,Other,-0.876512284032173,0.5232954895931612,0,0
player_c38a8e00dfd2,Jesús Owono,2021-2022,Other,-2.0497484781832283,0.3612304526789233,0,0
player_8f4d17e76160,Reece Oxford,2021-2022,Other,-2.0159339112116568,-0.8208839954545684,0,0
player_8b8018f5dfda,Alex Oxlade-Chamberlain,2021-2022,Unknown,-0.6952339681399518,-0.4958433731363558,0,0
player_44a9c9d2be9e,Mikel Oyarzabal,2021-2022,Unknown,-1.0742972388829242,-1.093589509408244,0,0
player_8d779eefe8fe,Ambroise Oyongo,2021-2022,Other,-1.1728071402357625,0.15191322482344,0,0
player_f207d8cf0e45,Salih Özcan,2021-2022,Unknown,-1.1243445092926008,-1.1274248871102923,0,0
player_40b4acee88fd,Levin Öztunalý,2021-2022,Other,-1.486976694574975,0.3285865855397805,0,0
player_e6a24e21e329,Fernando Pacheco,2021-2022,Other,-2.9688016095751446,-0.6930018590503179,0,0
player_d60faabf47fc,Jon Pacheco,2021-2022,Other,-1.2842009056491737,0.4469071428425186,0,0
player_6a4914270ee2,Gonçalo Paciência,2021-2022,Other,-1.1848872310901402,0.3432431622050381,0,0
player_bb418171db3b,Daniele Padelli,2021-2022,Other,-1.7432395556790743,0.0998478460195261,0,0
player_d86970b8de3d,Gavi Paez,2021-2022,Other,-1.572740227524883,-0.6015566685050998,0,0
player_328d2e93edbd,Simone Pafundi,2021-2022,Other,0.471212820418437,2.077272674553512,0,0
player_c9a650f0b1f5,Vincent Pajot,2021-2022,Other,-1.61074194386193,-0.660482663830406,0,0
player_8ee16c178925,Exequiel Palacios,2021-2022,Unknown,-0.4424220837052263,-0.8098651216687832,0,0
player_325b610061a4,Helibelton Palacios,2021-2022,Other,-1.8979882056640012,-0.3256769066142931,0,0
player_c4e4634de3bf,Isaac Palazón Camacho,2021-2022,Other,-1.9655398108319957,-0.5169061914024361,0,0
player_0aefda9bc43c,Nicolas Pallois,2021-2022,Other,-1.9389049955136448,-0.7083164171540278,0,0
player_146b5f071070,Cole Palmer,2021-2022,Other,-0.8448015476011996,0.6827270883277915,0,0
player_05ab6c570354,Erik Palmer-Brown,2021-2022,Other,-1.8910700141599923,-0.3834554027988071,0,0
player_c3db4dd5ff3c,Emerson Palmieri,2021-2022,Other,-1.6545880904916554,-0.7881941710683532,0,0
player_9db3cdcbdf57,Martin Palumbo,2021-2022,Other,1.2286150757176046,4.966232604439249,3,0
player_4de5bf72c091,Goran Pandev,2021-2022,Unknown,-1.3350509776640445,-0.2539144842255917,0,0
player_0512466db186,Ivor Pandur,2021-2022,Other,-1.8009529352676028,0.1002985290720751,0,0
player_468025797f9e,Milo Pantovi?,2021-2022,Other,-1.7647600962467132,-0.367808193464988,0,0
player_b4986daa79a1,Antonios Papadopoulos,2021-2022,Other,1.5465281003352425,8.287446058156053,3,0
player_acae66a1f5ad,Matondo-Merveille Papela,2021-2022,Other,-0.732660426499162,1.2445943410790197,0,0
player_f401cd4576ae,Lucas Paquetá,2021-2022,Other,-1.383182640790588,-1.062598630303555,0,0
player_9d162c8646fd,Rubén Pardo,2021-2022,Other,-1.2482731748559568,1.759217443672173,0,0
player_e31e82d460d1,Kevin Paredes,2021-2022,Other,0.4691159798623941,4.214337079085283,3,0
player_0aa96c5743f9,Leandro Paredes,2021-2022,Unknown,-0.0325169030929596,-0.693139827919562,0,0
player_00ccae0ce162,Fabiano Parisi,2021-2022,Other,-1.5497391088484969,-0.1911663175993547,0,0
player_fe1561697f73,Raúl Parra,2021-2022,Other,-1.193671473117139,0.863412484382784,0,0
player_04847a03f721,Thomas Partey,2021-2022,Unknown,-0.8276360612857301,-1.0724247695743667,0,0
player_5b6601553ff9,Mario Paali?,2021-2022,Other,-1.519133650663613,-0.8259732043710745,0,0
player_b6fbd7f8b01d,Javier Pastore,2021-2022,Unknown,-0.7315076364628617,-0.0576604278769862,0,0
player_c63addf34364,Patric,2021-2022,Unknown,-0.7182024661153414,-0.9397931051002965,0,0
player_fdfa387c1f3a,Rui Patrício,2021-2022,Unknown,-2.3771936485410348,-1.2847153000985,0,0
player_22a0b7eefd1c,Gabriel Paulista,2021-2022,Unknown,-1.0004281411984923,-1.102779043895853,0,0
player_df4f9eda9c89,Benjamin Pavard,2021-2022,Unknown,-0.8916284795163274,-1.1800446333394563,0,0
player_e326c80c1e2b,Strahinja Pavlovi?,2021-2022,Other,-0.3809553837830842,0.2909813914779553,0,0
player_8b217da9a2af,Leonardo Pavoletti,2021-2022,Other,-1.7629322260009614,-0.1054252921923109,0,0
player_5d6ac73117cc,Dimitri Payet,2021-2022,Other,-1.803703124059484,-1.0357464805350438,0,0
player_4866feca5833,Mads Pedersen,2021-2022,Other,-1.798776459244242,-0.0901290259558972,0,0
player_c6cc8094c2dc,Pedro,2021-2022,Unknown,-0.9019972069177536,-1.1976371731490587,0,0
player_e2481af06a51,João Pedro,2021-2022,Other,-2.1668359333516287,-1.0443951536797245,0,0
player_6dbaa1012362,Pedrosa,2021-2022,Other,-2.1400617111363665,-0.7331514478997543,0,0
player_532daf949e63,Gianluca Pegolo,2021-2022,Other,-1.476633786318466,0.2172942245142071,0,0
player_57c340774712,Peter Pekarík,2021-2022,Other,-1.9495277431938456,-0.6308821520372937,0,0
player_bda593907a28,Pietro Pellegri,2021-2022,Other,-0.8460513823292775,0.6234466120777932,0,0
player_407a2d9eb620,Lorenzo Pellegrini,2021-2022,Unknown,-0.8729120281761769,-1.1919283482087288,0,0
player_ef9c389b1133,Facundo Pellistri,2021-2022,Other,-1.877802267002682,0.2999462563376412,0,0
player_d39157493c35,Federico Peluso,2021-2022,Unknown,4.587729998441469,9.28676001212721,3,0
player_a307238a7863,Timothee Pembele,2021-2022,Other,-1.768804613015614,-0.1819842816096922,0,0
player_9db4831cafff,Rubén Peña,2021-2022,Other,-0.1128891112848908,1.1817264430802203,0,0
player_47196143162a,Philipp Pentke,2021-2022,Other,-1.4893217954231843,0.2528831455640556,0,0
player_b6618819f130,Nicolas Pépé,2021-2022,Other,-1.0921781897337977,-0.0270412528583466,0,0
player_2454abfbc885,Ricardo Pepi,2021-2022,Other,-1.7782133858894822,0.3359470310854203,0,0
player_ee95ac81eabe,Alberto Perea,2021-2022,Other,-1.473921775131562,0.189784690826836,0,0
player_bc67aaa31011,Victor Perea,2021-2022,Other,-1.9313591653727933,1.3919971036728107,0,0
player_c4bf972b70eb,Mathias Pereira Lage,2021-2022,Unknown,-0.7081460649388971,-0.7032482413263939,0,0
player_593d7064f84d,Brayann Pereira,2021-2022,Other,1.7110207115448968,5.729742347059302,3,0
player_634fcdb1754b,Danilo Pereira,2021-2022,Unknown,-0.7580986644870775,-1.3576373992991129,0,0
player_aa261f27369e,Ricardo Pereira,2021-2022,Unknown,-0.4688877371022079,-0.6805623195160942,0,0
player_075e1cc35bf4,Gastón Pereiro,2021-2022,Unknown,-1.1144255543090569,-0.5333740119648422,0,0
player_812632617ed4,Luan Peres Petroni,2021-2022,Other,-1.960374824180975,-0.7640354579290035,0,0
player_337c5e840aaf,Dor Peretz,2021-2022,Other,-1.4170593967047094,0.4335527931827265,0,0
player_30d29050a287,Roberto Pereyra,2021-2022,Unknown,-0.9307966822416088,-0.8444506925454683,0,0
player_1798082cf40c,Ayoze Pérez,2021-2022,Other,-0.6736236722107712,-0.0773314677806877,0,0
player_094086323675,Carles Pérez,2021-2022,Other,-0.8825182294887076,0.1852360821923192,0,0
player_5aaaca0ad89e,Iñigo Pérez,2021-2022,Other,-1.692353704300734,0.2957845107502393,0,0
player_5075cd2c19d5,Juan Pérez,2021-2022,Other,-2.207625700109184,0.3210675219025669,0,0
player_813008359ef1,Kike Pérez,2021-2022,Other,-0.7473065821137088,0.0575782743895146,0,0
player_6bf71398be93,Lucas Pérez,2021-2022,Other,-1.944242515602176,-0.2753124460729667,0,0
player_3234636c8aa3,Nehuén Pérez,2021-2022,Other,-1.6405286202525984,-0.3254773513900528,0,0
player_694f57bfca94,Ivan Perii?,2021-2022,Other,-1.9766602964019984,-0.992984126767868,0,0
player_e73c0f074d9f,Sonny Perkins,2021-2022,Other,-2.808978201102676,1.445089879655726,0,0
player_523e28bc1683,Diego Perotti,2021-2022,Unknown,-0.2939107089357372,0.1738019918640002,0,0
player_57d254f2bdca,Romain Perraud,2021-2022,Other,-1.7778574693008278,-0.2933112044214844,0,0
player_1ed50dcc19a8,Lucas Perrin,2021-2022,Other,-1.797067813680964,-0.8054738346401302,0,0
player_f9c56e087042,Mario Perrone,2021-2022,Other,-0.0672798452606093,3.44571118718286,3,0
player_e231c9fb8506,Andrea Petagna,2021-2022,Other,-1.3404593738105952,0.074706804445971,0,0
player_fb122e9192b7,Nils Petersen,2021-2022,Other,-1.4646065841843834,-0.0801943314598925,0,0
player_043a95f28d78,Danijel Petkovi?,2021-2022,Other,-2.1409035411837563,-0.2480459420607215,0,0
player_f34f8b63b1cb,Léo Pétrot,2021-2022,Other,-1.6498915062036297,-0.7374471642621265,0,0
player_01a524fbe823,Njego Petrovi?,2021-2022,Other,-1.4500518287062307,0.1564871289801105,0,0
player_43ba221c2149,Jens Petter Hauge,2021-2022,Other,-1.5429076466011815,-0.0083772406140474,0,0
player_5c3ce4df9fce,Alex Petxa,2021-2022,Other,-1.0138171610490951,0.7479676889766723,0,0
player_556b1c26b64d,Germán Pezzella,2021-2022,Other,-1.5903751316852035,-0.6285790841891186,0,0
player_c7e78bc0b849,Immanuel Pherai,2021-2022,Other,-1.9493772059755732,1.0298386884331416,0,0
player_d8d9e778e356,Romain Philippoteaux,2021-2022,Other,-1.0984304244790304,1.7974025960788436,0,0
player_e068b2015ff1,Kalvin Phillips,2021-2022,Other,-1.2625692483689013,-0.4144292382252134,0,0
player_1f59207444e4,Jaden Philogene Bidace,2021-2022,Other,-1.9456212776683877,0.9911336202827756,0,0
player_31d925006396,Jérôme Phojo,2021-2022,Other,3.4061278309174967,8.628365374767267,3,0
player_e1d31f32e316,Krzysztof Pi?tek,2021-2022,Other,-1.4121005331884644,-0.0831145527621323,0,0
player_9071462696ae,Pablo Piatti,2021-2022,Other,-1.080426434515868,0.4559154774048367,0,0
player_7758f03b04e0,Cristiano Piccini,2021-2022,Other,-0.6035633781203695,0.1599250339188074,0,0
player_25ff999bad80,Roberto Piccoli,2021-2022,Other,-1.848432910373163,0.6643965922027086,0,0
player_82bf8a17119a,Jordan Pickford,2021-2022,Other,-3.11191179227658,-0.6615657830698535,0,0
player_d6a047a59085,Jérémy Pied,2021-2022,Other,6.735825295768672,12.949922991847275,3,1
player_3dd7cc4a97d5,Amos Pieper,2021-2022,Other,-2.059232050225394,-0.6747071897600614,0,0
player_ab65e467d7a2,Ronaël Pierre-Gabriel,2021-2022,Other,-1.851472861337446,-0.7314024965190626,0,0
player_cc1f07d544d1,Erik Pieters,2021-2022,Other,-1.2674600997069292,0.1121641439055405,0,0
player_46a341bc1355,Tomás Pina Isla,2021-2022,Other,-1.7187793123462365,-0.0705721470230813,0,0
player_489bf17b58b8,Andrea Pinamonti,2021-2022,Other,-2.3861540665112044,-0.835178244171933,0,0
player_c4a86e28b97e,Orbelín Pineda,2021-2022,Other,-0.1469339777326479,0.9667007597018392,0,0
player_a06682e7c226,Ethan Pinnock,2021-2022,Other,-2.0901025443063634,-0.8703005389351725,0,0
player_1270c9b01510,Yeremi Pino,2021-2022,Other,-1.5567954093750889,-0.5766067498963933,0,0
player_151463b44dad,Carlo Pinsoglio,2021-2022,Other,-1.510953269146095,0.7284225134558979,0,0
player_6d5c832ef2bf,Riccardo Pinzi,2021-2022,Other,-0.7327529552713024,5.777959942889044,3,0
player_a97d73c3f74e,Marko Pjaca,2021-2022,Other,-1.6572388152667126,-0.2315272632085515,0,0
player_380299e83f88,Marvin Plattenhardt,2021-2022,Other,-1.889667011654848,-0.3058800603833076,0,0
player_9c6c2c94d7f0,Alassane Pléa,2021-2022,Unknown,-1.1681709364463644,-1.1107651373854812,0,0
player_a2ae241aeda7,Tommaso Pobega,2021-2022,Other,-1.5139634506834865,-0.5461615056383602,0,0
player_8ad76ba8f88e,Daniel Podence,2021-2022,Other,-1.733433076363211,-0.3184634071574387,0,0
player_c8b477f1fa82,Suf Podgoreanu,2021-2022,Other,-0.7691665119465251,0.8514228441775924,0,0
player_5d394a21e73d,Paul Pogba,2021-2022,Unknown,-0.3264552554902509,-0.740453023608101,0,0
player_767c87be5fca,Joel Pohjanpalo,2021-2022,Other,0.1376430172941402,5.122101412095737,3,0
player_5188078f107f,Matteo Politano,2021-2022,Unknown,-1.2726003960362713,-0.7666136114764333,0,0
player_4558ee4bd1a1,Julian Pollersbeck,2021-2022,Other,-1.6680829460907254,0.1013583286391111,0,0
player_38c4f7365055,Sebastian Polter,2021-2022,Other,-2.0706164066948114,-0.6522629256687777,0,0
player_89bcbecc435e,Ezequiel Ponce,2021-2022,Other,-1.3221476399015852,0.1088968364583478,0,0
player_b30d9924de6b,Marin Pongra?i?,2021-2022,Other,-1.1517824485975925,0.080761556366656,0,0
player_bf20bb33a66f,Pere Pons,2021-2022,Other,-1.929006993236848,-0.0934034361492457,0,0
player_bb9b6332e8c7,Nick Pope,2021-2022,Other,-3.2077839501921632,-0.6759868322639986,0,0
player_2ff11eb22829,Manolo Portanova,2021-2022,Other,-1.4714819301507756,-0.0649212644725255,0,0
player_dec371fcaec1,Portu,2021-2022,Other,-2.1172697213098703,-0.1557714383041144,0,0
player_ce5ded749bd9,Stefan Posch,2021-2022,Unknown,-0.9979285014584284,-1.1759858189210703,0,0
player_88a55f3a0b04,Sergio Postigo,2021-2022,Other,-1.6561070421735364,0.1480074591725702,0,0
player_8664911306cb,Yussuf Poulsen,2021-2022,Unknown,-0.8726128058934028,-0.6384786079820254,0,0
player_e4859491166b,Gaëtan Poussin,2021-2022,Other,-2.079828371263156,-0.1124353483120988,0,0
player_fb1ca0fb6d15,Darío Poveda,2021-2022,Other,-1.5033690006299658,0.2079786803866559,0,0
player_e5385d7ac3dc,José Pozo,2021-2022,Other,-0.4448177630894253,1.2444453354869358,0,0
player_72835dd1f931,Dennis Praet,2021-2022,Other,-1.750569129465798,-0.3092146610060067,0,0
player_7bdbb3466270,Mateusz Praszelik,2021-2022,Other,0.0599554403211797,2.512891560349628,0,0
player_c65683753d76,Abdón Prats,2021-2022,Other,-1.5720873206394594,0.2743101116292588,0,0
player_045e3b69fd98,Sanjin Prci?,2021-2022,Other,-1.6470106480061792,-0.6521255021153368,0,0
player_f63f30ebd680,Nicolas de Préville,2021-2022,Other,-1.8661127399594508,-0.4593429720696524,0,0
player_65f8e650d569,Isaac Price,2021-2022,Other,0.9969901506664346,3.925674583574936,3,0
player_e3d3e1288f79,Manuel Prietl,2021-2022,Other,-1.8453329137634584,-0.5291160793968366,0,0
player_5dd09c90c8ac,Alejandro Primo,2021-2022,Other,-1.6113887431158989,0.2199858516203758,0,0
player_ca2ab27fa5e7,Grischa Prömel,2021-2022,Other,-1.7875976845050172,-0.8539646171782541,0,0
player_647a682f6ada,Nick Proschwitz,2021-2022,Other,-1.5204933394788056,1.0829184609527776,0,0
player_301011f6a95b,Ivan Provedel,2021-2022,Unknown,-2.0639455074308133,-1.1342544111626054,0,0
player_dcee940e0b52,Javi Puado,2021-2022,Other,-1.9575317970603543,-0.6189714381945068,0,0
player_4fea24fd42ee,Pubill,2021-2022,Other,-1.1288285530395756,0.2737550106790395,0,0
player_09936d59ea74,Antonio Puertas,2021-2022,Other,-1.978548370663633,-0.6400387261062926,0,0
player_f0904d6ab256,Riqui Puig,2021-2022,Other,-0.76688288198624,0.002440325250622,0,0
player_cf015b87bfe0,Teemu Pukki,2021-2022,Unknown,-1.7922439850118628,-1.4565634135551857,0,0
player_b7b93c5725ce,Erick Pulgar,2021-2022,Other,-0.6788601940114226,0.2977676066408085,0,0
player_9a9cb8c63f95,Christian Pulisic,2021-2022,Unknown,-0.8698803046390617,-0.8328644530891165,0,0
player_0b7f8162c6d2,Afimico Pululu,2021-2022,Other,-0.7246237658758282,1.408668345057717,0,0
player_c648fc704071,Ignacio Pussetto,2021-2022,Other,-1.500427219119402,-0.1295281724503766,0,0
player_75e970b08b10,Niklas Pyyhtiä,2021-2022,Other,1.0733084350574686,4.452833422128816,3,0
player_4ec41f65fcde,Przemys?aw P?acheta,2021-2022,Other,-1.46540818237703,0.2840421200921146,0,0
player_6bac7101f32a,Yacine Qasmi,2021-2022,Other,-2.340361553983357,1.4802452757761713,0,0
player_caa99b6b55c8,Fabio Quagliarella,2021-2022,Unknown,-1.5201251239052254,-0.7069489985290512,0,0
player_d266e873de84,Quini,2021-2022,Other,-1.980324972552424,-0.3854687915186434,0,0
player_2f2832268a8c,Dani Raba,2021-2022,Other,0.6880578154486788,3.3872199293891714,3,0
player_d6f16266352f,Adrien Rabiot,2021-2022,Unknown,-1.2206222094899015,-1.001030930136279,0,0
player_78c8ef32d9ec,Uro Ra?i?,2021-2022,Other,-1.6652895450919432,0.0332364828549754,0,0
player_22244ab306ee,Nemanja Radoja,2021-2022,Other,-1.715630950414371,-0.0275475329832621,0,0
player_13e4816ed4e9,Nemanja Radonji?,2021-2022,Other,-0.8268916683660894,2.078288616428625,0,0
player_f600181f0050,Ivan Radovanovi?,2021-2022,Other,-1.3803866162079872,-0.174152427097012,0,0
player_14a7a1bf57ba,Ionu? Radu,2021-2022,Other,-1.616861850799331,0.2053969369033509,0,0
player_12eab4c054a8,?tefan Radu,2021-2022,Other,-1.3050367948295123,0.2329165616278522,0,0
player_36b4536a11c1,Boris Radunovi?,2021-2022,Other,-1.8038600344978504,0.1254508496850508,0,0
player_4fcaabfb7b73,Sidney Raebiger,2021-2022,Other,-1.5894058485388918,1.170887732801135,0,0
player_0841e723560b,Rafinha,2021-2022,Unknown,-0.4347336290968707,-0.6168747294067867,0,0
player_9cf9d35462eb,Antonio Raillo,2021-2022,Other,-1.4534685153391729,-0.4649687169083752,0,0
player_c97e721da208,Antonio Raimondo,2021-2022,Other,-0.7875372829200591,0.4541647620250958,0,0
player_709745be35e2,Predrag Rajkovi?,2021-2022,Other,-2.980489802614464,-0.832416810262348,0,0
player_52f739067b3f,Jesuran Rak Sakyi,2021-2022,Other,-1.2161064338480805,0.8393284059548224,0,0
player_a11405d965cf,Ivan Rakiti?,2021-2022,Other,-1.5394126147076403,-0.7495871067067004,0,0
player_e1033e9346b6,Diant Ramaj,2021-2022,Other,-1.6233312710694712,0.2954530037790226,0,0
player_6519383223b5,Jonás Ramalho,2021-2022,Other,-1.3175473553671686,0.183465054097092,0,0
player_9846fa7dd7f1,Adil Rami,2021-2022,Unknown,-0.8046109007210518,-1.0281346299859853,0,0
player_267dbeb23612,Sandro Ramírez,2021-2022,Other,-1.7351813754827183,-0.0988163222460214,0,0
player_30ae5bc2be39,Guilherme Ramos,2021-2022,Other,-1.3261224037039778,-0.0822760976196714,0,0
player_27a443f56bec,Sergio Ramos,2021-2022,Unknown,0.0139040515486241,-0.7629056795264683,0,0
player_245b25da470e,Aaron Ramsdale,2021-2022,Other,-2.876572679592627,-0.7365214700215785,0,0
player_0a95aed2acf5,Aaron Ramsey,2021-2022,Unknown,-0.4785774984384102,0.3819089673747646,0,0
player_62104d9aef96,Jacob Ramsey,2021-2022,Unknown,-1.1857633857961811,-1.2386935877603136,0,0
player_ccd022421600,Luca Ranieri,2021-2022,Other,-1.9996271189701988,-0.4596610625392063,0,0
player_e684852f1579,Andrea Ranocchia,2021-2022,Unknown,-0.2964995151251809,-0.1756694746102442,0,0
player_c42c97bf0e84,Tobias Raschl,2021-2022,Other,-1.3558854375710323,0.0842062985834295,0,0
player_b9b1c109f63a,Elba Rashani,2021-2022,Other,-1.51165554053174,-0.612616820249139,0,0
player_24dbccbf6805,Marcus Rashford,2021-2022,Unknown,-1.1248394181826902,-0.6726786308887698,0,0
player_ad653b1ee5ff,Milot Rashica,2021-2022,Other,-2.213937951899372,-0.5364626485306105,0,0
player_4aa41c7337e6,Giacomo Raspadori,2021-2022,Other,-1.933079966766568,-0.8678475353435607,0,0
player_bc7a84447660,Raúl,2021-2022,Unknown,-2.166510689666145,1.2415608735237011,0,0
player_b4a814e1e33b,David Raum,2021-2022,Unknown,-1.2693286223702236,-1.3919022825637093,0,0
player_73b60a7cd768,Nicola Ravaglia,2021-2022,Other,-0.6838430158122625,4.22574238066628,3,0
player_80e6e341d132,David Raya,2021-2022,Unknown,-1.9153687058352435,-0.9102970128884166,0,0
player_86c789801917,Ante Rebi?,2021-2022,Other,-1.5892962376479172,0.0996809667423755,0,0
player_24b0ab50dde0,Arkadiusz Reca,2021-2022,Other,-1.848366023311922,-0.3677042393502034,0,0
player_e2beeda1f526,Lluís Recasens,2021-2022,Other,-1.103757860032011,1.2670779639286351,0,0
player_9714e70da4ca,Nathan Redmond,2021-2022,Other,-2.009589736006408,-0.450379942450687,0,0
player_f5dec5be3750,Sergio Reguilón,2021-2022,Unknown,-1.0758252356250582,-0.995158041717218,0,0
player_342926143f06,Manolo Reina,2021-2022,Other,-2.486516022244273,-0.2685901252961004,0,0
player_55c03b7cfcaf,Pepe Reina,2021-2022,Unknown,-1.4379010169888704,-0.6624471773922477,0,0
player_bbd933e32ebb,Jeff Reine-Adélaïde,2021-2022,Other,-0.5813686114544919,0.5185290084983336,0,0
player_8117d49a19b1,Álex Remiro,2021-2022,Unknown,-2.241808657245876,-1.229827975827202,0,0
player_edd78fbca3f1,Panagiotis Retsos,2021-2022,Other,-1.1208986042374451,1.5423323166761826,0,0
player_40326600ba18,Marco Reus,2021-2022,Unknown,-1.0245638578610743,-1.4764870425801182,0,0
player_339bc2505cd1,Elvis Rexhbeçaj,2021-2022,Other,-2.329501919715132,-0.5350086388621359,0,0
player_9cbc7488b71a,Gio Reyna,2021-2022,Other,-0.7233468440250181,-0.0823616881674407,0,0
player_0c1630a1e82c,Bryan Reynolds,2021-2022,Other,-1.4730010938821094,1.4633646739964987,0,0
player_deeb39327c57,Nico Ribaudo,2021-2022,Other,-1.532108423326536,-0.0033019091894439,0,0
player_e8df11ef970b,Tiago Ribeiro,2021-2022,Other,-1.4730010938821094,1.4633646739964987,0,0
player_483700c69e05,Franck Ribéry,2021-2022,Unknown,-1.157108155571677,-0.5755743657552949,0,0
player_caa65f1058f6,Samuele Ricci,2021-2022,Other,-1.394933895802511,-0.5363516925423965,0,0
player_b49993deb563,Declan Rice,2021-2022,Unknown,-1.2895602993463564,-1.493472548926012,0,0
player_66c4297a18b4,Chris Richards,2021-2022,Other,-1.3450406031693236,-0.4130859041762756,0,0
player_40033adc0620,Omar Richards,2021-2022,Other,-0.6526814317817801,0.335085919186018,0,0
player_11794c03f81f,Taylor Richards,2021-2022,Other,0.8961192848912951,3.4676198015431967,3,0
player_cdac68ec9f28,Richarlison,2021-2022,Other,-2.012230918650065,-0.7025394884443362,0,0
player_e731f1c395a0,Marco Richter,2021-2022,Other,-1.7126454381679632,-0.3291116170202515,0,0
player_0372dd391c71,Diego Rico,2021-2022,Other,-1.6576632452059985,-0.3584268438358594,0,0
player_24667ee921c3,Sergio Rico,2021-2022,Unknown,-0.8284653044376464,0.8579203777663743,0,0
player_84af0560a55e,Jaïro Riedewald,2021-2022,Other,-1.2873968583560704,0.6868701040310281,0,0
player_bd92f1e922f9,Manuel Riemann,2021-2022,Other,-2.7143021184171143,-0.6701221406719052,0,0
player_998acdd5c7a6,Tomás Rincón,2021-2022,Other,-0.8394168971928532,1.281768443323139,0,0
player_e5c8cc581f32,Luis Rioja,2021-2022,Other,-2.662295741152116,-0.7818439164280258,0,0
player_3f179572ecc5,Renaud Ripart,2021-2022,Other,-1.824376285395168,-0.4656494910058255,0,0
player_98a9ed1b4808,Mihailo Risti?,2021-2022,Other,-1.652727967115147,-0.4590021000505426,0,0
player_9a2043673e4f,Matt Ritchie,2021-2022,Other,-1.6845153617317223,-0.1475951992345175,0,0
player_a1f022802343,Maxence Rivera,2021-2022,Other,-2.345899682857182,2.3538785996799927,0,0
player_525118da19b6,Rober,2021-2022,Other,-1.7577772014112778,-0.5259393410127988,0,0
player_ae7b9f9c9d8a,Connor Roberts,2021-2022,Other,-1.8504490599907728,-0.5143206088694947,0,0
player_28a67ff9dbc5,Patrick Roberts,2021-2022,Other,-0.6909959185100745,2.178430729318855,0,0
player_4409a18355bd,Tyler Roberts,2021-2022,Other,-1.4348537935714978,0.1129416063246099,0,0
player_e1c04b1f38c5,Rubén Rochina,2021-2022,Other,-1.1068527375968358,0.1000092332846825,0,0
player_b1fc5ec65096,Cimo Röcker,2021-2022,Other,-0.1814227129068188,2.9973365204866607,3,0
player_82f6f8c96fdc,Enzo Roco,2021-2022,Other,-1.984576881005484,-0.6846470999706938,0,0
player_f757fb0e2f12,Stian Rode Gregersen,2021-2022,Other,-1.6222100325648552,-0.60048757899242,0,0
player_0f8644db82d8,Sebastian Rode,2021-2022,Unknown,-0.7182896556004552,-0.4447724405501482,0,0
player_43c672d75b0d,Joe Rodon,2021-2022,Other,-1.4237455321001558,0.7817565833747127,0,0
player_2e247e2eb505,Rodrigo,2021-2022,Unknown,-1.359594081404829,-1.008330589102184,0,0
player_0b1c9a46356a,Gerson Rodrigues,2021-2022,Other,-1.1427109289517772,0.1271673331475049,0,0
player_b8b52ada6a68,Kévin Rodrigues,2021-2022,Other,-1.3994892860302184,0.4128807970587121,0,0
player_fe0841704520,Óscar Rodríguez Arnaiz,2021-2022,Other,-1.1245332892844533,0.3970566145910714,0,0
player_83d8c36bb448,Ángel Rodríguez,2021-2022,Other,-1.7937828074199385,-0.2157926536924452,0,0
player_594827264a0c,Dani Rodríguez,2021-2022,Other,-2.0814536191122563,-0.7599650994217894,0,0
player_feda31c1911c,Guido Rodríguez,2021-2022,Other,-1.5721407366429867,-0.7689472035146505,0,0
player_51d54da47da8,Jay Rodriguez,2021-2022,Other,-1.7868395360023448,-0.1068549991830339,0,0
player_673368e8216e,Ricardo Rodríguez,2021-2022,Unknown,-1.5181536049700288,-1.063715357957017,0,0
player_6c2bc4bbc976,Mads Roerslev,2021-2022,Other,-1.8300503177550165,-0.1905901368095439,0,0
player_b0201335ae06,Marko Rog,2021-2022,Other,-0.9078921085097612,0.3642526846128294,0,0
player_d4f3923781e4,Rogério,2021-2022,Other,-1.6847593860533678,-0.3933908762908227,0,0
player_5b4c864ce394,Alessio Romagnoli,2021-2022,Unknown,-0.6888931940547716,-0.8638087170257535,0,0
player_0043201834d5,Simone Romagnoli,2021-2022,Other,-1.5314475181458431,-0.6158609900517066,0,0
player_0dd2e77ac33a,Leonardo Román,2021-2022,Other,-1.7303288158393968,0.1652534353325949,0,0
player_6a9c1e000381,Cristian Romero,2021-2022,Unknown,-0.6135974418423012,-1.0737479541541162,0,0
player_7f5528f54ee6,Luka Romero,2021-2022,Other,-0.2657324018084569,0.964101385537412,0,0
player_a3dce168edcb,Sergio Romero,2021-2022,Other,-2.191746393010866,-0.2357696412440815,0,0
player_d83f7e7c1612,Oriol Romeu,2021-2022,Other,-1.9215712513063656,-0.8484136120551852,0,0
player_8c88622a9a5d,Cristiano Ronaldo,2021-2022,Unknown,-1.0298999181699904,-1.3617918314927548,0,0
player_32806edcbce9,Salomón Rondón,2021-2022,Unknown,-1.055861316355461,-0.1687504146150917,0,0
player_1afb504a4e82,Valentin Rongier,2021-2022,Other,-1.355880867053053,-0.7592042974130968,0,0
player_409edc8a382a,Marten de Roon,2021-2022,Unknown,-0.9577508523938072,-1.32312061562617,0,0
player_882536ba7f27,Unai Ropero,2021-2022,Other,-1.163562158680428,1.6641497935288725,0,0
player_cececef85938,Pablo Rosario,2021-2022,Other,-1.9226024791050276,-0.7635440780500484,0,0
player_5e2a97f1ec71,Romario Rösch,2021-2022,Other,-1.9493772059755732,1.0298386884331416,0,0
player_1700791e86e4,Danny Rose,2021-2022,Unknown,-0.7338950034603087,-0.2998933201856784,0,0
player_c1c99a21b24a,Francesco Rossi,2021-2022,Other,-1.5655770575144037,1.103209722482304,0,0
player_b58e604ffd98,Tom Rothe,2021-2022,Other,0.6191482359173544,0.7997945881606173,0,0
player_3777f1145f8b,Nicolò Rovella,2021-2022,Other,-1.3041462229149263,-0.2990348890519153,0,0
player_877c143c12a5,Jon Rowe,2021-2022,Other,-0.989420639379674,0.5518162266283593,0,0
player_220202d978f2,Amir Rrahmani,2021-2022,Unknown,-1.2996009545758027,-1.5245910019106537,0,0
player_68cfbf2fede8,Ruan,2021-2022,Other,-1.1802599859273435,0.8789215775563894,0,0
player_32252792b9dc,Rubén,2021-2022,Other,-0.989782673780328,0.7160851748535016,0,0
player_c00318b81e51,John Ruddy,2021-2022,Other,-1.9221152662695689,0.4366298772159224,0,0
player_207e1b5caf22,Antonio Rüdiger,2021-2022,Unknown,-1.184226697089223,-1.4655530634861889,0,0
player_93bfa83d4394,Sebastian Rudy,2021-2022,Other,-1.0780773276662436,0.0935634714544026,0,0
player_5ec239f75497,Matteo Ruggeri,2021-2022,Other,-1.8999400237287667,0.3226331998494761,0,0
player_6b4707ef363c,Mário Rui,2021-2022,Unknown,-1.2363665643591362,-1.4174436681596214,0,0
player_0da6dcc0885a,Aitor Ruibal,2021-2022,Other,-1.2713307643560865,0.3242384722745025,0,0
player_70434c6bd735,Fabián Ruiz Peña,2021-2022,Other,-1.3632611273106403,-1.0482487989177716,0,0
player_e501c809aa08,Isma Ruiz,2021-2022,Other,-1.2136217281834167,0.5780580583008903,0,0
player_ad387e1e0d22,Víctor Ruiz,2021-2022,Unknown,-1.0495544413832945,-0.7694915258205437,0,0
player_fd784aec743e,Lukas Rupp,2021-2022,Other,-1.5058556367774882,0.0954400713227718,0,0
player_cc7a79d5014b,Alessandro Russo,2021-2022,Other,-1.8107298588286167,1.0715849282711998,0,0
player_788f4739bfcb,Franco Russo,2021-2022,Other,-1.571709139407792,-0.2973628392764568,0,0
player_833482d8e0b8,Georginio Rutter,2021-2022,Other,-1.74203719927545,-0.3927031904916502,0,0
player_d057b16ddb19,Mathew Ryan,2021-2022,Other,-1.862840762594359,0.145347146733443,0,0
player_da06433fc9cb,Julian Ryerson,2021-2022,Unknown,-1.1992651556773906,-0.6743547811329605,0,0
player_7dfe1a19c7ed,Frederik Rønnow,2021-2022,Other,-1.9809593379627384,0.0617698272426862,0,0
player_6a9bab2b29e3,José Sá,2021-2022,Unknown,-2.405340062221802,-1.1915026969326583,0,0
player_a80baccc898b,Roli Pereira de Sa,2021-2022,Other,-1.4703418003629207,0.3212657543025702,0,0
player_ba6dea0ffd1c,Youssouf Sabaly,2021-2022,Other,-1.3241693677908903,-0.150140705344861,0,0
player_f8552591a5c2,Mathys Saban,2021-2022,Other,-1.174502009706479,1.72004178163345,0,0
player_efee862e0fcc,Stefano Sabelli,2021-2022,Other,-1.2812906237778916,0.7029440725421312,0,0
player_60d63b2e7fd8,Abdelhamid Sabiri,2021-2022,Other,-0.8493815274871754,-0.2352330747349478,0,0
player_699dd713aade,Marcel Sabitzer,2021-2022,Unknown,1.1522293644465014,2.603657523089097,3,0
player_c10dcb7fb405,Falaye Sacko,2021-2022,Other,-1.181995300544348,-0.0847423841994426,0,0
player_6886b18a1d94,Alexis Saelemaekers,2021-2022,Unknown,-1.2237082312512135,-0.8769402382768283,0,0
player_ff9440d2a7a5,Rafiki Said Ahamada,2021-2022,Other,-0.1517426775875273,1.193039444833599,0,0
player_e326f0373cb2,Wesley Saïd,2021-2022,Other,-0.9913919150393408,0.003357435959927,0,0
player_0f6f115f4248,Allan Saint-Maximin,2021-2022,Other,-2.2780501986012904,-0.7866821613877604,0,0
player_be94e4498061,Romain Saïss,2021-2022,Other,-1.829724066698244,-0.9120639740515798,0,0
player_14e4dc777fc9,Bukayo Saka,2021-2022,Unknown,-1.425532569126673,-1.4135331312541346,0,0
player_34b7ad42d798,Mamadou Sakho,2021-2022,Unknown,-1.5123109726913222,-1.1886593231703777,0,0
player_8dc9044e33de,Bakary Sako,2021-2022,Other,-1.2899364174288042,0.7789990470748897,0,0
player_33629ced8774,Jacopo Sala,2021-2022,Other,-1.1586884400834678,-0.1125897222543721,0,0
player_88009c21e878,Mohamed Salah,2021-2022,Unknown,-1.0316351915303463,-1.6444034930489682,0,0
player_6d1bd0cbca73,Eddie Salcedo,2021-2022,Other,-1.4055090310546403,0.4463859087945197,0,0
player_ab31b939d596,William Saliba,2021-2022,Unknown,-1.328556658068172,-1.5546295919161672,0,0
player_4d283b87d86f,Romain Salin,2021-2022,Other,-1.4270112138292137,0.1896900877300868,0,0
player_d7e7d5e05658,Mohammed Salisu,2021-2022,Unknown,-1.3641281522997757,-1.2711557669687956,0,0
player_4afc645fda91,Roland Sallai,2021-2022,Other,-1.7755646539624037,-0.3246785739686885,0,0
player_3fb0bb65e9a1,Yoann Salmier,2021-2022,Other,-2.0514752727219583,-0.7333370767379384,0,0
player_d013c0797b8e,Salvi,2021-2022,Other,-2.015797456252613,-0.1553136233890367,0,0
player_3f54adc4a941,Lazar Samardzic,2021-2022,Other,-0.6816922020536372,-0.0146934026464248,0,0
player_5dee3b84b412,Diadie Samassékou,2021-2022,Other,-1.4933249044503996,-0.3584436266276491,0,0
player_55396878cd52,Mama Samba Baldé,2021-2022,Other,-1.6830613570884585,-0.4162223588810011,0,0
player_a9a61835ab88,Albert Sambi Lokonga,2021-2022,Other,-1.1171899788801882,-0.1505657329793389,0,0
player_6706f0cdb682,Junior Sambia,2021-2022,Other,-1.8418495748675037,-0.1897878010347674,0,0
player_842632966b22,Luigi Samele,2021-2022,Other,3.467042489667572,3.367447494516649,3,0
player_434e8dde9f52,Fede San Emeterio,2021-2022,Other,-1.1908758923039746,0.0848054387146482,0,0
player_4e908e5a4ed2,Antonio Sanabria,2021-2022,Other,-1.837007229267788,-0.4664060689158308,0,0
player_8ff04cd499c4,Oihan Sancet,2021-2022,Other,-1.542460107555349,-0.4213423481388828,0,0
player_b160afd65d80,Antonio Sánchez,2021-2022,Other,-1.5490730475561096,-0.3116851042428637,0,0
player_981d11c618dd,Davinson Sánchez,2021-2022,Unknown,-0.8315180814985863,-0.9572584682717796,0,0
player_2b175ea87ebf,Germán Sánchez,2021-2022,Other,-2.027592154799188,-0.5011939804142295,0,0
player_913e3c4ecd73,Juan Sánchez,2021-2022,Other,13.163637398837768,41.95520021820081,2,-1
player_2dc134a5af41,Manuel Sánchez,2021-2022,Other,-1.875371261945394,-0.6183797078070741,0,0
player_f28e8aa701ba,Robert Sánchez,2021-2022,Other,-2.8864603498499326,-0.8323212314080878,0,0
player_0791aebd6306,Jadon Sancho,2021-2022,Unknown,-1.308079190902373,-1.0339205497715829,0,0
player_82c3cfc4f333,Philippe Sandler,2021-2022,Other,-1.4521188020654956,0.9228610950984694,0,0
player_907c0a2e7260,Leroy Sané,2021-2022,Unknown,-0.7225471458321113,-1.183495988075428,0,0
player_685f1c2d4397,Oier Sanjurjo,2021-2022,Other,-1.6417844136093476,0.2962332857911982,0,0
player_30275ae1696f,Mohamed Sankoh,2021-2022,Other,-1.1669476771139375,1.513867590091927,0,0
player_e6ce8cf89b6d,Morgan Sanson,2021-2022,Other,-1.3302566062896255,0.4696717570882731,0,0
player_ef37e8c20fde,Nicola Sansone,2021-2022,Other,-1.5151967472330576,0.2132330521428861,0,0
player_d70dd38a0499,Baptiste Santamaria,2021-2022,Other,-1.9862560358287784,1.30612413192691,0,0
player_58d85e4f3225,Federico Santander,2021-2022,Other,0.6743702085313726,1.4219573288440372,0,0
player_bef9b2babcf8,Jesús Santiago,2021-2022,Other,-1.1416020821878987,1.0459030505789395,0,0
player_7ea694b501ac,Samir Santos,2021-2022,Other,-1.2898755328943723,-0.3125223867771012,0,0
player_a11bfbbbcdfb,Sergio Santos,2021-2022,Other,0.3420251696715652,4.054489948470314,3,0
player_747ecc7c4f48,Alvaro Sanz,2021-2022,Other,-0.8500000179692851,1.8224642961236368,0,0
player_4d423711c7f6,Riccardo Saponara,2021-2022,Other,-1.7217685031399403,-0.2740235781907896,0,0
player_2c1a721cfd13,Pablo Sarabia,2021-2022,Unknown,8.821091437452617,5.089130049813727,3,-1
player_00654cda97c3,Marcelo Saracchi,2021-2022,Other,-0.6998250305276232,0.91631160317853,0,0
player_9d7f14d538ba,Josh Sargent,2021-2022,Other,-2.0277771137772875,-0.2565542726119236,0,0
player_6cfdd4ac1b4d,Jeremy Sarmiento,2021-2022,Other,-0.7592787048171772,1.745862786463792,0,0
player_a7db7187f271,Bouna Sarr,2021-2022,Other,-0.5089029793162961,1.6246070535691746,0,0
player_3672cb3406bc,Ismaila Sarr,2021-2022,Other,-1.863844029047485,-0.5819921566302667,0,0
player_07fadbf47df7,Malang Sarr,2021-2022,Other,-0.9337530537884816,0.1071511170087478,0,0
player_f29d2b03b1c2,Joan Sastre Vanrell,2021-2022,Other,-1.352564247428628,0.7345398968944494,0,0
player_7a97e3ebb87e,Giacomo Satalino,2021-2022,Other,-1.3449641430443433,1.512261236996839,0,0
player_3bdd564d6dfc,Martin Satriano,2021-2022,Other,-1.2203154636315594,1.70035414560985,0,0
player_b4acb176c73c,Téji Savanier,2021-2022,Other,-1.3126096678874428,-0.8816304169308035,0,0
player_e8923dc9322f,Esteban Saveljich,2021-2022,Other,-1.8334212276669768,-0.3461328372729936,0,0
player_98add928f672,Stefan Savi?,2021-2022,Other,-1.8792253683307396,-0.5860036446922603,0,0
player_3e3fd3a9907f,Joseph Scally,2021-2022,Other,-1.7469723106935886,-0.4697881460086389,0,0
player_4ec60a720a6a,Giorgio Scalvini,2021-2022,Other,-1.0084150922842814,-0.0149955599601382,0,0
player_a59078704221,Gianluca Scamacca,2021-2022,Other,-1.5946121665760855,-0.715182543913073,0,0
player_1de8fedae9db,Dane Scarlett,2021-2022,Other,-1.6564549203155543,1.038026534032819,0,0
player_7ece4eeabcb9,Kevin Schade,2021-2022,Other,-1.3922844864835666,0.0265507002878452,0,0
player_9320b3bacb0f,András Schäfer,2021-2022,Other,-0.4097197546535439,0.5954520863258036,0,0
player_1d531340f7a3,Fabian Schär,2021-2022,Unknown,-1.3533359553400768,-1.0447082839251265,0,0
player_1b23f3df0567,Louis Schaub,2021-2022,Other,-1.6028548531149869,0.1401474109064454,0,0
player_86df3cd4a8f6,Andrea Schiavone,2021-2022,Other,-1.0583664952565537,-0.1195748176315147,0,0
player_3e9c82e39e20,Patrik Schick,2021-2022,Unknown,-0.9518004708049874,-1.420624059504546,0,0
player_5744a2b7612e,Kingsley Schindler,2021-2022,Other,-1.521293229436333,0.3357948563730019,0,0
player_3f22848cf530,Xaver Schlager,2021-2022,Unknown,-0.7517456337857387,-0.5424300461965931,0,0
player_7a10ba36b96a,Keven Schlotterbeck,2021-2022,Other,-1.1006073765581803,0.67217159842902,0,0
player_ec29ab88ae62,Nico Schlotterbeck,2021-2022,Unknown,-1.119248723362959,-1.4477866490692863,0,0
player_6034d315661b,Jeffrey Schlupp,2021-2022,Other,-1.817810885106513,-0.5010637420668499,0,0
player_43ea3d808afd,Kasper Schmeichel,2021-2022,Unknown,-2.3617201268258903,-1.2508234220832015,0,0
player_f116a5d23233,Jonathan Schmid,2021-2022,Other,-1.409148734386153,0.1841344640549133,0,0
player_bcc0aaae03f2,Benno Schmitz,2021-2022,Other,-1.9301788834825908,-0.6365133022852734,0,0
player_fee1db7e0718,David Schnegg,2021-2022,Other,-1.0361328847244409,1.0626791475769664,0,0
player_484c6f266c5e,Morgan Schneiderlin,2021-2022,Other,-1.1919454155458489,0.2059978178415737,0,0
player_f30e713c92c8,Alessandro Schöpf,2021-2022,Other,-1.992773249365386,-0.6583082568049439,0,0
player_1366d51c0cbe,Jerdy Schouten,2021-2022,Unknown,-0.7930864052826798,-0.8608885413390887,0,0
player_203d93a73633,Nico Schulz,2021-2022,Unknown,-0.3573475058543408,-0.5004993127684081,0,0
player_f8a0cbe3285a,Marvin Schwäbe,2021-2022,Other,-2.1571139782813584,-0.4994156419295804,0,0
player_87387d0d43dd,Alexander Schwolow,2021-2022,Other,-2.506307462366663,-0.4705203184093044,0,0
player_2e866edd2fa5,Valentino Scotta,2021-2022,Other,0.0936768664933951,4.180557544971914,3,0
player_e492d6d865b1,Demba Seck,2021-2022,Other,-0.8829955029661595,0.5449998065844122,0,0
player_d07715e5a421,Aleksandar Sedlar,2021-2022,Other,-1.2559951130263198,0.8321940412094907,0,0
player_9ff642835669,Paul Seguin,2021-2022,Other,-1.7535437244036145,-0.4263996176971761,0,0
player_31932eb56aa6,Alidu Seidu,2021-2022,Other,-1.453076887661485,-0.1583037418621553,0,0
player_416d45d18872,Davie Selke,2021-2022,Other,-1.6640631116482067,0.0076731367666092,0,0
player_7481ac55092a,Matz Sels,2021-2022,Unknown,-2.4736388511421583,-1.1972953145420449,0,0
player_aa0e774f9b4c,Ken Sema,2021-2022,Other,-1.934614788968458,0.2700204781825371,0,0
player_e74ce1bc2d80,Nélson Semedo,2021-2022,Unknown,-1.2609097534734512,-1.061935091231733,0,0
player_77e29e705670,Lion Semi?,2021-2022,Other,-1.9474992418219803,1.0104861543579586,0,0
player_455bf7f2b41f,Adrian emper,2021-2022,Other,-1.7893576107369948,0.334815674907946,0,0
player_bc1c998ddba1,Luigi Sepe,2021-2022,Other,-2.238246824415382,-0.1795543970685566,0,0
player_b175ca4bdec5,Suat Serdar,2021-2022,Unknown,-1.3296279766395045,-0.9657604859742612,0,0
player_88341804fff5,Laurens Serpe,2021-2022,Other,-0.8216522537219281,1.2392782048014968,0,0
player_85cae250f476,Janni Serra,2021-2022,Other,-1.814470741691209,-0.1066702287325496,0,0
player_b70744095cd7,Javier Serrano,2021-2022,Other,0.1744878478132159,2.003071986377553,0,0
player_42d00db64e35,Nicolás Serrano,2021-2022,Other,-0.8361615541252496,0.2777132291490627,0,0
player_58308b8fd7c3,Zidan Sertdemir,2021-2022,Other,2.3366099522095207,6.227592985701016,3,0
player_ff4b964e8e44,Ryan Sessegnon,2021-2022,Unknown,-0.8864901514522965,-0.4813005707237516,0,0
player_03ac6499abb0,Nils Seufert,2021-2022,Other,-1.4337440408478035,0.9030678066178222,0,0
player_bbf4ba49624e,Salva Sevilla,2021-2022,Other,-1.5321351251074558,-0.4886762114043932,0,0
player_4c567f8aefa5,Stephan El Shaarawy,2021-2022,Unknown,-0.7386869670938672,-0.6667225198049237,0,0
player_5bd4697b4737,Jamie Shackleton,2021-2022,Other,-1.102092835727877,0.2538520008350134,0,0
player_40b0db9ca837,Xherdan Shaqiri,2021-2022,Unknown,-0.5607187659861099,-0.6386548102625877,0,0
player_62d062d5d206,Luke Shaw,2021-2022,Unknown,-0.9406307438697654,-0.7016866624760063,0,0
player_af06db1a483b,Jonjo Shelvey,2021-2022,Other,-1.6565581766051614,-0.5725909522754337,0,0
player_3a568aa4a990,Aimar Sher,2021-2022,Other,-0.563843675137693,1.2783406248520437,0,0
player_81aa6f7e17f9,Eldor Shomurodov,2021-2022,Other,-1.3115546355529937,0.0159590723862954,0,0
player_8981f654e408,Shola Shoretire,2021-2022,Other,-1.1449099016013626,1.5500387832695923,0,0
player_e5c3d2a77b18,Mahame Siby,2021-2022,Other,-1.5741374223231472,1.70831368654753,0,0
player_5ee6c5451793,Aboubakar Sidibé,2021-2022,Other,-0.3691464437667823,4.031042833939821,3,0
player_b36d7acc0986,Alassane Sidibe,2021-2022,Other,-0.9354394083715192,3.1974900881469126,3,0
player_bc3aa628cfb4,Djibril Sidibé,2021-2022,Unknown,-0.622462273305078,-0.2990245622654015,0,0
player_2458568b5e05,Kaj Sierhuis,2021-2022,Other,-1.3791529847281103,0.7593134690023703,0,0
player_d48f201efbe7,Francisco Sierralta,2021-2022,Other,-1.0854067413351465,-0.1473132075733181,0,0
player_73da289489e2,Arnór Sigur?sson,2021-2022,Other,-1.6179752849699047,0.778983798747031,0,0
player_daa6924f8d41,Kiliann Sildillia,2021-2022,Other,-1.32421103965232,1.0523811189347712,0,0
player_1a38c80c5b10,Adrien Silva,2021-2022,Other,-1.2075355582459375,-0.1413247524061339,0,0
player_b4f3dccfb08b,Caio Henrique Oliveira Silva,2021-2022,Other,-1.9695428329786804,-0.861465320544046,0,0
player_6a154fc36edb,David Silva,2021-2022,Unknown,-0.868835768983192,-0.9446318164648958,0,0
player_8c64a21de232,Fábio Silva,2021-2022,Other,-1.6175025824328333,0.3108664990872601,0,0
player_6644a0fa8ebb,Gabriel Silva,2021-2022,Other,-1.7006264667140123,0.23754745491819,0,0
player_e01084966f67,Jonathan Silva,2021-2022,Other,-0.6422603003016261,1.3217050144677898,0,0
player_81eebe4daf6d,Rui Silva,2021-2022,Unknown,-1.8591175511101492,-0.8167684194766519,0,0
player_f606663dffa7,Marco Silvestri,2021-2022,Other,-2.963380850110777,-0.7383247968254145,0,0
player_bad73fd059ae,Mohamed Simakan,2021-2022,Unknown,-1.0555702168893684,-1.0099339149193058,0,0
player_2b3263367580,Giovanni Simeone,2021-2022,Other,-1.790562837092657,-0.9209766204372316,0,0
player_c3f9c81ea578,Giuliano Simeone,2021-2022,Unknown,-0.9340434975051366,2.007841318901329,0,0
player_97b910d740e0,Ellis Simms,2021-2022,Other,-2.002120214872237,0.6609445007692383,0,0
player_69c92cf90c0b,Moses Simon,2021-2022,Unknown,-1.5644798435942138,-1.1182994595309097,0,0
player_c48374543044,Unai Simón,2021-2022,Other,-2.8548558116936484,-0.7167893380800945,0,0
player_5449dec1e0da,Xavi Simons,2021-2022,Unknown,-0.6571605959602297,0.7041651392318726,0,0
player_4f3eec577141,Wilfried Singo,2021-2022,Unknown,-1.393746044742894,-1.1777332731832573,0,0
player_9fad38bd03b2,Daley Sinkgraven,2021-2022,Other,-1.2880067893375828,0.318218533781044,0,0
player_2cfa7177f640,Tobias Sippel,2021-2022,Other,-1.3823471285395037,0.255217197622075,0,0
player_7fe082dff690,Hugo Siquet,2021-2022,Other,0.268122306979359,3.180017437066948,3,0
player_c842a72bbd26,Salvatore Sirigu,2021-2022,Unknown,-2.465431503675945,-1.229861493798425,0,0
player_e076bb36b64c,Issouf Sissokho,2021-2022,Other,-0.6155850238781577,0.2596135850833457,0,0
player_7c8874638aa7,Ibrahima Sissoko,2021-2022,Other,-1.8384286042174736,-0.5942160510992348,0,0
player_f602f4f37f1b,Moussa Sissoko,2021-2022,Unknown,-1.7259369223159635,-1.3904736871783654,0,0
player_c08d336309a6,Nelson Sissoko,2021-2022,Other,-0.3368564502563635,2.5597237040347154,0,0
player_edf3ea1b8d98,Sambou Sissoko,2021-2022,Other,-0.9058150939913064,0.7676206588075097,0,0
player_550bc989630e,Antonio Sivera,2021-2022,Other,-1.9292270577551047,0.4968203378538988,0,0
player_fced907a374a,Ellyes Skhiri,2021-2022,Other,-1.3720987449768964,-0.724018826808469,0,0
player_c595b944376b,Oliver Skipp,2021-2022,Unknown,-0.8320724223126168,-0.6349999005391828,0,0
player_b830457f8e34,Leo Skiri Østigård,2021-2022,Other,-1.6640765854731938,-0.0914436877876584,0,0
player_f9cd3d202d3e,?ukasz Skorupski,2021-2022,Other,-2.837044045505686,-0.7949704024914591,0,0
player_2e05024589d2,Andreas Skov Olsen,2021-2022,Other,-1.634194894846566,0.1118940607140326,0,0
player_20518b83ba86,Robert Skov,2021-2022,Other,-1.2671721174316153,0.475773519456073,0,0
player_8671af3770f9,Milan kriniar,2021-2022,Other,-1.910416927884336,-1.1535524065299487,0,0
player_ecb7494699ce,William Smallbone,2021-2022,Other,-1.315680061914578,0.9104127996647506,0,0
player_9d49c2b8a62f,Chris Smalling,2021-2022,Unknown,-1.2364264499379116,-1.2567563677521454,0,0
player_04e61100899f,Emile Smith Rowe,2021-2022,Other,-1.6511286473429885,-0.793745054137404,0,0
player_62b311f85005,Cédric Soares,2021-2022,Other,-1.5208081360956034,-0.3692070008440545,0,0
player_f2a9f13e6a5f,Danilo Soares,2021-2022,Other,-1.7489934633391448,-0.769282340423543,0,0
player_08ac764d6fde,Rubén Sobrino,2021-2022,Other,-1.825364090622451,-0.3971560350092974,0,0
player_528e9558596e,Alex Sola,2021-2022,Other,-0.9980769468186932,1.555160351108624,0,0
player_44a1ffc7a09b,Augusto Solari,2021-2022,Other,-1.3497326774566785,0.4702589842972313,0,0
player_5e3c2b3917b1,Soldado,2021-2022,Unknown,-0.6062383515741594,-0.0802438555506933,0,0
player_66786844f2da,Carlos Soler,2021-2022,Unknown,-1.3967274239703722,-1.3328505787380862,0,0
player_8bf2118b08ef,Yann Sommer,2021-2022,Unknown,-2.0997435997898712,-1.1954163033691934,0,0
player_498d3c6bfa03,Son,2021-2022,Other,-1.861447103672024,-0.5138315857597245,0,0
player_e3a55c561a5e,Brandon Soppy,2021-2022,Other,-1.657818254616536,0.4059901538803558,0,0
player_5ad6e2580a97,David Soria,2021-2022,Unknown,-2.630465438191113,-1.1432101962756505,0,0
player_05cfcfeb4d4e,Roberto Soriano,2021-2022,Other,-1.923759978971188,-0.7092103875088653,0,0
player_8f7bfc5abeba,Alberto Soro,2021-2022,Other,-1.5366459114419957,0.252712980420984,0,0
player_900134e3c9a0,Borna Sosa,2021-2022,Other,-1.9523260034533416,-0.7989976664911054,0,0
player_f23d1da52c87,Hugo Sotelo,2021-2022,Other,-1.4730010938821094,1.4633646739964987,0,0
player_37efc82d5e6b,Florian Sotoca,2021-2022,Other,-1.811282392047818,-0.7474234332774298,0,0
player_6a711ae36f32,Riccardo Sottil,2021-2022,Other,-1.6351116204744158,-0.1727394378476422,0,0
player_470943db11ea,Tomá Sou?ek,2021-2022,Other,-2.0902656062553158,-1.0027456594353203,0,0
player_0c32ba430db7,Matìas Soulé,2021-2022,Other,5.936877690380558,12.608593778200566,3,1
player_0cad276e5455,Sambou Soumano,2021-2022,Other,-1.2673509894495665,0.2764978530536312,0,0
player_d66162f9eff4,Adama Soumaoro,2021-2022,Other,-2.005576901479922,-0.5496987319746607,0,0
player_e5463bfdc80e,Boubakary Soumaré,2021-2022,Other,-1.521447363382399,-0.1404628804156803,0,0
player_760266a9a5f6,Arnaud Souquet,2021-2022,Other,-2.080717251851714,-0.5876315030477222,0,0
player_65ea60f0fa1e,Djibril Sow,2021-2022,Unknown,-1.163865543413433,-1.182894354539916,0,0
player_2bfb7d71113a,Saidou Sow,2021-2022,Other,-0.8520692797249277,-0.7544329683515881,0,0
player_81eb109ea31b,Çaðlar Söyüncü,2021-2022,Other,-1.7595654057926986,-0.8671673320984702,0,0
player_c48b5ee72e19,Leonardo Spinazzola,2021-2022,Unknown,-0.5367004366728858,0.5575242266981509,0,0
player_ef82433c9c42,Marco Sportiello,2021-2022,Unknown,-1.2523865050359382,-0.3131591043132631,0,0
player_076f1aba39ed,Tony Springett,2021-2022,Other,-1.221246977921976,0.793984762625438,0,0
player_7f03cc0a4912,Jerry St. Juste,2021-2022,Unknown,-0.3665132072987481,-0.6023421209181967,0,0
player_9425d9809a70,Anton Stach,2021-2022,Other,-1.5142267556824072,-0.4442216227537411,0,0
player_e7563ddeebff,Kostas Stafylidis,2021-2022,Other,-1.6007475581439767,-0.1956877456059726,0,0
player_5b2cf6e30e12,Luca Stanga,2021-2022,Other,0.6410167993951424,6.614878328763474,3,0
player_61ffdbbbcac8,Josip Stanii?,2021-2022,Other,-0.6622966969483781,-0.2555502712848208,0,0
player_cb4b96a4da50,Niklas Stark,2021-2022,Other,-1.7965555295768096,-0.5966221997713629,0,0
player_fb3de00be277,Jason Steele,2021-2022,Other,-1.3822546560250946,0.2080933962901713,0,0
player_a8d9f84ba459,Jed Steer,2021-2022,Other,-1.592851066727088,0.2660074732145318,0,0
player_975a46189f44,Zack Steffen,2021-2022,Other,-1.4172245003817512,0.2193651013179647,0,0
player_48d064d0b8f1,Calvin Stengs,2021-2022,Other,-1.658264972554258,-0.0461641279273947,0,0
player_b1ef0953bf9b,Pascal Stenzel,2021-2022,Other,-1.1975420060453634,-0.0998705804085192,0,0
player_afffaec9fae0,Dale Stephens,2021-2022,Other,-0.5880092241884396,1.1737794644036763,0,0
player_fc71f5bbedf6,Jack Stephens,2021-2022,Other,-1.330587074834389,0.0286360431724022,0,0
player_053afce6ba98,Raheem Sterling,2021-2022,Unknown,-0.9335123438147412,-1.3494656467577428,0,0
player_86b591b72849,Finley Stevens,2021-2022,Other,0.8380153018841783,4.922647225443858,3,0
player_ecacf3df08f0,Angelo Stiller,2021-2022,Other,-1.5813759408216683,-0.5229595766935732,0,0
player_67389b1b1dcf,Lars Stindl,2021-2022,Unknown,-0.7659988018325259,-0.762675552294726,0,0
player_a218b0e27579,Riccardo Stivanello,2021-2022,Other,-1.0154515407477436,1.0393189104487917,0,0
player_32d21cc44fd1,Kevin Stöger,2021-2022,Other,-0.5849873160128355,0.3756150713287595,0,0
player_b833b3e6ff63,Petar Stojanovi?,2021-2022,Other,-1.8117064569715609,-0.7777993879628532,0,0
player_2a35e3cabdbc,John Stones,2021-2022,Unknown,-0.603595584925142,-0.9835167135067192,0,0
player_80b71d35aeec,Thomas Strakosha,2021-2022,Other,-2.325691128148512,-0.4868683230184149,0,0
player_fa8ec38bb236,Stefan Strandberg,2021-2022,Other,-1.3681702437073056,-0.2052064881227969,0,0
player_6a73493a48e3,Dávid Strelec,2021-2022,Other,-1.365732806125641,0.0046197425091508,0,0
player_c17a2dd66f34,Tobias Strobl,2021-2022,Other,-1.260409800273296,0.3689358499458419,0,0
player_36e4299ec13f,Kevin Strootman,2021-2022,Unknown,-0.7074575183468401,-0.1069669716714493,0,0
player_fff6657c7d45,Pascal Struijk,2021-2022,Other,-1.5778497426106406,-0.5950921510594216,0,0
player_4fa1339af498,Jens Stryger Larsen,2021-2022,Other,-1.537852286367088,0.0176254912051878,0,0
player_ad79333d4c7a,Leo tulac,2021-2022,Other,-1.4041742328337483,-0.1174135119964922,0,0
player_e684f6955dfa,Stefano Sturaro,2021-2022,Unknown,-1.346513373636952,-0.4247048750886624,0,0
player_b9905aea6803,Damián Suárez,2021-2022,Other,-2.0658467618380034,-0.5771484572247149,0,0
player_3ff6c008b3e9,Denis Suárez,2021-2022,Other,-1.839186869283471,-1.0084154164660322,0,0
player_f52996d8a757,Mario Suárez,2021-2022,Unknown,-0.7304119836733338,-0.2380454034315254,0,0
player_df312cc07493,Isaac Success,2021-2022,Other,-1.3233319276953592,-0.0844726692991804,0,0
player_049d072102fa,Niklas Süle,2021-2022,Unknown,-0.8433632822509847,-1.0927123224788493,0,0
player_83d8a4244c1f,Kamaldeen Sulemana,2021-2022,Other,-1.1854499388010435,-0.17023288313662,0,0
player_970baad3943d,Crysencio Summerville,2021-2022,Other,-0.93666983457327,0.9247105828996776,0,0
player_6aea080a1b7a,Vladyslav Supriaha,2021-2022,Other,-0.8195603921495566,2.055741498321193,0,0
player_cdfc1682f1d2,Bosko Sutalo,2021-2022,Other,-1.6291156710831087,0.0413239148880929,0,0
player_75ff533d8b78,Mattias Svanberg,2021-2022,Other,-2.08418208301558,-0.668643211305337,0,0
player_9832ef309f6d,Michael Svoboda,2021-2022,Other,-1.60755316263616,-0.1679604404633366,0,0
player_2d780276d3e9,Abdoulaye Sylla,2021-2022,Other,-0.8831052290161671,0.6631325519599995,0,0
player_64420d2699bd,Mamadou Sylla,2021-2022,Other,-2.0096340866399016,0.7588837187394417,0,0
player_88ddf81b7cfe,Ádám Szalai,2021-2022,Other,-1.023565713573168,0.602724581217833,0,0
player_e48438b510ff,Wojciech Szcz?sny,2021-2022,Other,-2.6884409298655174,-0.7588995986086517,0,0
player_b6e867e1941b,Dominik Szoboszlai,2021-2022,Unknown,-0.8431341200369615,-0.9711389110339002,0,0
player_7f8a2ccfca08,Jakob Sørensen,2021-2022,Other,-1.1633913650950936,0.0376414021613302,0,0
player_75c8e2fae173,Alexander Sørloth,2021-2022,Other,-1.98570252101676,-0.3665856026108456,0,0
player_3640f3fb2b48,Tachi,2021-2022,Other,-1.457460920568772,0.7081720917517496,0,0
player_e29d5203510a,Jonathan Tah,2021-2022,Unknown,-1.4336704697724398,-1.419386449482137,0,0
player_89ae61d16290,Waniss Taibi,2021-2022,Other,-0.5431742682965898,1.5853613298188838,0,0
player_a26a8a73bbd2,Flavien Tait,2021-2022,Other,-1.5483724364882272,-0.7664606168677293,0,0
player_f3de6472f8bd,Adrien Tameze,2021-2022,Other,-2.010145989661846,-0.8201010914942553,0,0
player_fbf2df40d02b,Japhet Tanganga,2021-2022,Unknown,-0.3937219379708889,-0.3161953043762933,0,0
player_387fcb06ccc2,Renato Tapia,2021-2022,Other,-1.3983919142758707,-0.0092455849027947,0,0
player_2edbd6eb2bb2,Edmond Tapsoba,2021-2022,Other,-1.4628096181891896,-0.7132542148047185,0,0
player_c66d97d79113,Florian Tardieu,2021-2022,Other,-1.7185079022430114,-0.992396570702675,0,0
player_c57182e4b81a,Matt Targett,2021-2022,Other,-1.5386480863554326,-0.4581227246338759,0,0
player_4067c95da7bd,Oussama Targhalline,2021-2022,Other,14.447659587080787,44.42952711894805,2,-1
player_30f69badfa96,James Tarkowski,2021-2022,Other,-2.3460193404569987,-0.7841336975073319,0,0
player_8085de9651e8,Ciprian T?t?ru?anu,2021-2022,Other,-1.7940131590110748,-0.0397526128627645,0,0
player_a5ef731e6f0a,Niklas Tauer,2021-2022,Other,-0.93445774255555,0.2001410823853728,0,0
player_5a31511fef2a,Nuno Tavares,2021-2022,Other,-1.3902873377467515,-0.1585166183388555,0,0
player_3d8cb1cdc832,Charlie Taylor,2021-2022,Other,-2.3344001918717465,-0.7051184037155264,0,0
player_767a58c7e5e3,Loum Tchaouna,2021-2022,Other,-0.9641277051868709,1.061849577794286,0,0
player_393483071fb4,Warren Tchimbembé,2021-2022,Other,-1.426418214965868,0.6301825773452031,0,0
player_93ebb8133798,Aurélien Tchouaméni,2021-2022,Unknown,-0.9908395614000876,-1.399456829972249,0,0
player_a24c576554cf,Mathys Tel,2021-2022,Other,1.0508333992623466,2.1299201782157864,0,0
player_747eff9a09e9,Jordan Tell,2021-2022,Other,-1.0330583719617097,0.3919615620452082,0,0
player_11de5d137ad2,Nathan Tella,2021-2022,Other,-1.548711966448272,0.186396338942936,0,0
player_7a0fcddf84a8,Cristian Tello,2021-2022,Unknown,-0.6497663494430698,-0.426832877920666,0,0
player_c8d7f2554100,Nahuel Tenaglia,2021-2022,Other,-1.621713568948131,-0.0806325986734741,0,0
player_5420fa39d918,Marc Tenas,2021-2022,Other,-0.0727584196063321,3.569011385716645,3,0
player_50725125acca,Marc-André ter Stegen,2021-2022,Unknown,-2.0821061968994994,-1.2700512475821897,0,0
player_282ab57745e4,Filippo Terracciano,2021-2022,Other,-0.5428507201280389,3.9874927140691767,3,0
player_4bd1bb6ab061,Pietro Terracciano,2021-2022,Other,-2.5631797176061424,-0.79465887200303,0,0
player_df162c830023,Martin Terrier,2021-2022,Unknown,-1.1154874567394646,-1.6176677761498568,0,0
player_a8972f8acd54,Aleksa Terzi?,2021-2022,Other,-0.7223516813853841,0.598413796767781,0,0
player_ebbd1ab7c8c9,Robert Tesche,2021-2022,Other,-1.198545193919422,0.6331618385554946,0,0
player_c00226b26602,Tanner Tessmann,2021-2022,Other,-1.6303176412286255,0.2577034080693596,0,0
player_5c63a08f6635,Cedric Teuchert,2021-2022,Other,-1.108011565166238,0.9112308313111196,0,0
player_e01c0b50a618,Arthur Theate,2021-2022,Other,-1.8218861596219629,-0.7447272953184416,0,0
player_448602e28abe,Jan Thielmann,2021-2022,Other,-1.7631112164485587,-0.033220885826047,0,0
player_f2218d7d6405,Sada Thioub,2021-2022,Other,-1.7374601589244674,0.0934817637476144,0,0
player_0566c59c2857,Luke Thomas,2021-2022,Other,-1.774487537400374,-0.5396833474788902,0,0
player_e1bc7867a2b2,Romain Thomas,2021-2022,Other,-1.693948717425792,-0.849644500791353,0,0
player_7588774eaa86,Adrien Thomasson,2021-2022,Other,-1.5091511227312042,-0.9457896644802888,0,0
player_842cfa5d130c,Erik Thommy,2021-2022,Other,-1.1544051186227984,0.4415030014120601,0,0
player_b0c7cfa20776,Dominic Thompson,2021-2022,Other,-1.7023478601295547,0.5162236732311429,0,0
player_6b7b8d10c159,Morten Thorsby,2021-2022,Other,-2.14359378335534,-0.764344600671672,0,0
player_b5f5cbb84c72,Thuler,2021-2022,Other,-1.523260190433856,0.1860862658226775,0,0
player_9322d5a0d585,Marcus Thuram,2021-2022,Unknown,-0.9524320447268184,-0.4713182423489545,0,0
player_4d5f1e52d8e2,Khéphren Thuram-Ulie,2021-2022,Other,-1.6045786629553256,-0.6002372678889374,0,0
player_4ab9c1474cea,Alexis Tibidi,2021-2022,Other,-1.349450852408769,0.5717045449943001,0,0
player_6d186c861e16,Cheikh Tidiane Sabaly,2021-2022,Other,-1.2666552775491495,0.595178245393324,0,0
player_26619b00878c,Youri Tielemans,2021-2022,Unknown,-0.9924377727247282,-1.4138220015223504,0,0
player_069ec455f71d,Kieran Tierney,2021-2022,Unknown,-1.2687865478383635,-1.0878050742001932,0,0
player_de6aafc3981e,Malik Tillman,2021-2022,Unknown,0.0126355318087785,0.4109968658323041,0,0
player_3d78ae567ae8,Timothy Tillman,2021-2022,Other,-1.9090299036088951,-0.4526616734785863,0,0
player_aab54707b856,David Timor,2021-2022,Other,-1.344723141084436,0.5845901538014366,0,0
player_275febce2cc0,Jean-Clair Todibo,2021-2022,Other,-1.9245358845740097,-1.0544238316800203,0,0
player_4cb1c2d1b910,Umut Tohumcu,2021-2022,Other,-1.9456212776683877,0.9911336202827756,0,0
player_ddc595d072d4,Karl Toko Ekambi,2021-2022,Unknown,-1.0236104631457277,-1.3439011833140757,0,0
player_eaeb293a1420,Corentin Tolisso,2021-2022,Unknown,-0.2175819400963904,-0.5966396950611613,0,0
player_2f4adacec40b,Jeremy Toljan,2021-2022,Other,-1.6503960227692895,-0.2983894777783547,0,0
player_fb4dffc5df78,Raúl de Tomás,2021-2022,Other,-1.8090499400975475,-1.0687528869872918,0,0
player_78f732ffb482,Takehiro Tomiyasu,2021-2022,Unknown,2.166062767895228,4.96341519405249,3,0
player_116ca32504ae,James Tomkins,2021-2022,Other,-0.8852451374621181,-0.1194706766723267,0,0
player_71c393eeeb66,Fikayo Tomori,2021-2022,Unknown,-1.348647689787889,-1.2791787095966511,0,0
player_c6e2bd0770d4,Sandro Tonali,2021-2022,Unknown,-1.2210958830338905,-1.211963863342455,0,0
player_9373aace6ca9,Lorenzo Tonelli,2021-2022,Other,-1.2521417054364978,0.0379816888583376,0,0
player_5628faf6f912,Ivan Toney,2021-2022,Other,-2.13647085619768,-0.8584121291406138,0,0
player_efbe654890b6,Ernesto Torregrossa,2021-2022,Other,-1.0001292833330202,1.4491327540821146,0,0
player_78699071d198,Lucas Torreira,2021-2022,Other,-1.4145853992607589,-0.7225901040866987,0,0
player_f9e987c1edde,Raúl Torrente,2021-2022,Other,-1.6779904461241455,-0.0287149305802129,0,0
player_9903b2e7bfb7,Roberto Torres,2021-2022,Other,-1.7916330419526196,0.1671383448622132,0,0
player_bbb68c14162e,Lucas Torró,2021-2022,Other,-1.846595542568314,-0.724217989596544,0,0
player_330ac2998666,Jordan Torunarigha,2021-2022,Other,-1.3625547702238354,0.1689152916558863,0,0
player_13c7ba5ce699,Cenk Tosun,2021-2022,Other,-0.8866315480873264,2.362827336145832,0,0
player_740ac56b3d7a,Abdoulaye Touré,2021-2022,Other,-1.4592903765805207,0.3781687757589832,0,0
player_a123024be931,Almamy Touré,2021-2022,Unknown,-0.6548252388241431,-0.0648749037019947,0,0
player_446c1871c75c,Lucas Tousart,2021-2022,Unknown,-1.3217533932973349,-0.8835520254110786,0,0
player_3fac3c7bde85,Yoann Touzghar,2021-2022,Other,-2.0039429767704937,-0.3350659188352537,0,0
player_8d4cb00b0001,Andros Townsend,2021-2022,Other,-1.7102211607091489,-0.3576549476120545,0,0
player_b4f4033401d8,Adama Traoré,2021-2022,Other,-1.1624125236298426,0.3112703439512746,0,0
player_9a16f0f6511b,Amadou Traore,2021-2022,Other,-1.088847898824675,2.3419004894438507,0,0
player_c5d308863109,Bertrand Traoré,2021-2022,Unknown,-0.9440410928158254,0.1619082315131441,0,0
player_13fe9c7aca28,Boubacar Traoré,2021-2022,Other,-1.3866779478914084,-0.2818310940150385,0,0
player_366e78f27dc9,Charles Traore,2021-2022,Other,-0.887495962394524,0.1423135944723985,0,0
player_0ff289dd9073,Hamari Traoré,2021-2022,Unknown,-1.127535855343777,-1.4976746749943182,0,0
player_2858d1f61a11,Ismaël Traoré,2021-2022,Other,-2.16321669280971,-1.162539998524377,0,0
player_b9fba05bd539,Kevin Trapp,2021-2022,Unknown,-2.2434773037707405,-1.091618902097496,0,0
player_4b7a8f2971f0,Miguel Trauco,2021-2022,Other,-1.4486004208884555,-0.1757877487558641,0,0
player_2e62f798f232,Óscar Trejo,2021-2022,Other,-1.5246391265583874,-0.4261374360588686,0,0
player_5bedbbf98c74,Trézéguet,2021-2022,Other,1.2937304101199931,4.4417527040750695,3,0
player_f73e3d35b853,Simone Trimboli,2021-2022,Other,0.0796959418892419,2.3366397346805035,0,0
player_8defafe414b1,Christopher Trimmel,2021-2022,Other,-1.796649511977793,-0.5257171440777465,0,0
player_091e91f3e8b6,Trincão,2021-2022,Forward,-0.8445187157736388,-0.7228820674133181,0,0
player_cd4df99134c3,Kieran Trippier,2021-2022,Unknown,0.2217711893398714,-1.2588043123318913,0,0
player_852bf4ffbb75,William Troost-Ekong,2021-2022,Other,-1.8851375625279108,-0.1813635509770899,0,0
player_f94df3a7f1ee,Leandro Trossard,2021-2022,Unknown,-1.4097750053743874,-1.4045850611742392,0,0
player_a176e3df01e4,Adrien Truffert,2021-2022,Other,-1.5061298353802854,-0.4550764408847849,0,0
player_fb4c690d8b22,Philipp Tschauner,2021-2022,Other,-1.8332866896202735,1.8069915596800483,0,0
player_8f56b04987d2,Axel Tuanzebe,2021-2022,Other,-1.2905617858845924,0.1886316158392142,0,0
player_b24fef34a0b9,Ozan Tufan,2021-2022,Other,-1.515022993096049,0.4733838055049881,0,0
player_91dda0a0d1f6,Beñat Turrientes,2021-2022,Other,-0.9428548661466316,0.7059011182859941,0,0
player_8eb96eb40825,Tuta,2021-2022,Unknown,-0.9236233848968224,-1.30436919554208,0,0
player_d62634d2f447,Christos Tzolis,2021-2022,Unknown,-1.0068439216227991,0.070763501438552,0,0
player_0c5fb98a604f,Iyenoma Udogie,2021-2022,Other,-1.822094986376016,-0.8266854526807673,0,0
player_e7d7b48c9bb1,Matthieu Udol,2021-2022,Other,-1.320913811519987,-0.4600443251282516,0,0
player_a73ca8b4a168,Ike Ugbo,2021-2022,Other,-1.3699812093497,-0.298882027534212,0,0
player_0fe6ed79172f,Chimuanya Ugochukwu,2021-2022,Other,-0.7673664258164924,0.3346987163410117,0,0
player_8863ba2eac16,Hwang Ui-jo,2021-2022,Other,-2.147683508293699,-0.822478781710609,0,0
player_22df78a6fa63,Anthony Ujah,2021-2022,Other,0.6724038880062385,2.252078942722304,0,0
player_db26591150ec,Maximilian Ullmann,2021-2022,Other,-1.823829937111827,0.5109373072944764,0,0
player_0ba8653244e1,Sven Ulreich,2021-2022,Unknown,-1.1123424356015972,-0.5067396995159439,0,0
player_29fe216d2dbb,Samuel Umtiti,2021-2022,Unknown,-0.349633055591061,0.4265953894149241,0,0
player_ac9bc9a44ed0,Enes Ünal,2021-2022,Other,-2.024877252403043,-0.8264043514137419,0,0
player_d0e8696a7a7f,Cengiz Ünder,2021-2022,Unknown,-1.2988711288141417,-1.193553886989034,0,0
player_813ffd06e403,Dayot Upamecano,2021-2022,Unknown,-0.7316360384388367,-1.2923685467320467,0,0
player_e7d510c72ace,Benjamin Uphoff,2021-2022,Other,-1.6619099561245296,0.1641982336298218,0,0
player_7d236cb852e8,Kacper Urbanski,2021-2022,Other,-0.2364351845489175,1.643188901824948,0,0
player_fc0144921b92,Jere Uronen,2021-2022,Other,-1.489625719144226,-0.0458339122230131,0,0
player_52fcc514717d,Mark Uth,2021-2022,Unknown,-1.1027764965793372,-1.0207719935684036,0,0
player_6b46d980e451,Myrto Uzuni,2021-2022,Other,-1.6123683360505865,0.1907855886640233,0,0
player_a1d21960cec9,Antonio Vacca,2021-2022,Other,-1.3036175602708893,0.0675460699004531,0,0
player_a9faa4789102,Álvaro Vadillo,2021-2022,Other,12.322100166652756,35.726764821531695,2,-1
player_77c71eae91a0,Óscar Valentín,2021-2022,Other,-1.7069477849165904,-0.6568018509645828,0,0
player_a4003875d188,Germán Valera,2021-2022,Other,-0.2013110933200813,1.734562116754647,0,0
player_baea09791506,Yan Valery,2021-2022,Other,-1.3757325709701638,0.1943974826616409,0,0
player_6491677537b0,Martin Valjent,2021-2022,Other,-2.504083838009703,-0.8513476639260248,0,0
player_0ad1ed87ec0e,Manu Vallejo,2021-2022,Other,-1.1516379917768924,0.0777903172234556,0,0
player_acbc99cec6be,Vanderson,2021-2022,Unknown,-0.7479256082200276,-0.6594149994399875,0,0
player_7b0066152d1a,Zinho Vanheusden,2021-2022,Other,-1.4957520426986075,-0.0295006931409567,0,0
player_d38d7010eed8,Jonathan Varane,2021-2022,Other,-0.9929014883459298,2.561837564723039,0,0
player_f1b57569ab8f,Raphaël Varane,2021-2022,Unknown,-1.1633062205650744,-1.084801981799661,0,0
player_db7e83e9dd46,Jamie Vardy,2021-2022,Unknown,-1.1178166238385854,-1.1463262131861236,0,0
player_8862933d3d23,Ruben Vargas,2021-2022,Other,-2.019748208511929,-0.3718716179219847,0,0
player_631930abab85,Sebastian Vasiliadis,2021-2022,Other,-1.7013375070140857,0.0009200589990093,0,0
player_bf8a7582ed59,Johan Vásquez,2021-2022,Other,-1.862652525202695,-0.5864433218468267,0,0
player_9530b72d642e,Denis Vavro,2021-2022,Unknown,1.096092978577669,4.318306595867323,3,0
player_4d223bb15564,José Luis García Vayá,2021-2022,Other,-1.64775053909575,-0.3702055371093556,0,0
player_579f2b5c3074,Jesus Vazquez,2021-2022,Other,-1.5228644315407,0.0700873572151429,0,0
player_123a7e01ba69,Kevin Vázquez,2021-2022,Other,-1.3051991202613684,-0.3193005233782681,0,0
player_a90ffd794f93,Matías Vecino,2021-2022,Unknown,-0.4742969440005802,0.0472231417567003,0,0
player_d5b5b09afad7,Gabriel Veiga,2021-2022,Other,-0.9647031660607152,0.9808532431677977,0,0
player_1e161d999190,Miguel Veloso,2021-2022,Unknown,-0.8625193696833635,-0.5474569788976682,0,0
player_4d4e1a3f04ba,Joël Veltman,2021-2022,Unknown,-1.4049149765696538,-1.2961287034662237,0,0
player_1c44803b453d,Mickey van de Ven,2021-2022,Other,-1.072625898664774,0.5207709565873171,0,0
player_a2c4adc3b824,Unai Vencedor Paris,2021-2022,Other,-2.2155370809739914,-0.5163606950156829,0,0
player_e3bead5d399b,Lorenzo Venuti,2021-2022,Other,-1.7335029525401,-0.2781800252108469,0,0
player_9b7e71f3bbe6,Daniele Verde,2021-2022,Other,-1.8799087217556532,-0.6422971178905699,0,0
player_93f359c021d2,Simone Verdi,2021-2022,Other,-1.080559459488864,-0.1153143898832866,0,0
player_0343fa1eac95,Gonzalo Verdú,2021-2022,Other,-1.6179906461847469,0.027996973360979,0,0
player_75f7fe67c906,Jordan Veretout,2021-2022,Other,-1.7937594416345828,-0.7518818984905195,0,0
player_135336c54f87,Edoardo Vergani,2021-2022,Other,-1.4526532405612151,1.0826713205890737,0,0
player_443fb82cda65,Vincent Vermeij,2021-2022,Other,-1.8841875812074256,1.5138705823391538,0,0
player_7b8ecac5bf37,Marco Verratti,2021-2022,Unknown,-0.3833488327198077,-1.1848537304835118,0,0
player_7fdf00d7bb59,Valerio Verre,2021-2022,Other,-0.4673362088261909,0.4958444763262138,0,0
player_a9340370b3a7,Freddie Veseli,2021-2022,Other,-1.496127261032763,0.2905252581256917,0,0
player_fb1fb266a7e1,Mikel Vesga,2021-2022,Other,-1.4813411365125162,-0.1392716473160905,0,0
player_46f212e80605,Jannik Vestergaard,2021-2022,Other,-1.1313844461333376,0.2120962294931927,0,0
player_8f93fb72bdf7,Rúben Vezo,2021-2022,Other,-1.9616345155815185,-0.6365781407086747,0,0
player_7024d898f52f,Guglielmo Vicario,2021-2022,Other,-2.877183558241984,-0.8993875624865487,0,0
player_f04e40f6d17a,Aleix Vidal,2021-2022,Other,-1.6731736180734622,-0.534186874836017,0,0
player_3ce4f0bd3442,Arturo Vidal,2021-2022,Unknown,-0.0538147158244514,-0.4667473436672533,0,0
player_f3e703236ebc,Nacho Vidal,2021-2022,Other,-2.196972783915747,-0.6928776781535414,0,0
player_273b55f4c4d7,Gabriel Vidovic,2021-2022,Other,-1.261914611023385,1.486862634995228,0,0
player_0c44b663483f,Ronaldo Vieira,2021-2022,Other,-1.232689530586028,0.5556948080931049,0,0
player_3a7f9b957b2d,Nick Viergever,2021-2022,Other,-1.8776693228081165,-0.6538157592801342,0,0
player_90dd344d913c,Luca Vignali,2021-2022,Other,-1.1687507332748426,0.7971482944997694,0,0
player_5f7ec411f372,Emanuel Vignato,2021-2022,Other,-1.4415878060817988,0.3172295812518142,0,0
player_50a5ca9a3ded,Dídac Vilà,2021-2022,Other,-0.8696460357055942,1.3116856917800273,0,0
player_7946ae85f05b,Tonny Vilhena,2021-2022,Other,-1.50110207658794,0.1272789991678858,0,0
player_c022e1365b0f,Daniel Villahermosa,2021-2022,Other,-1.5661322895034722,1.3044232438973224,0,0
player_c8af761488b6,Asier Villalibre,2021-2022,Other,-1.5544473722940744,0.222858640358034,0,0
player_7c4b85eb1ab1,Gonzalo Villar,2021-2022,Other,-0.6122826235629125,0.3051973666602119,0,0
player_53422f4f98cb,Matías Viña,2021-2022,Other,-1.7481000594437974,-0.3009370772571894,0,0
player_27547d7471b4,Nicolas Viola,2021-2022,Other,-0.9291563606816738,1.1242267240143324,0,0
player_32bd50503f28,Mattia Viti,2021-2022,Other,-1.7369036405727938,-0.2558634439084294,0,0
player_57d942c333cd,Vitolo,2021-2022,Unknown,-0.5720512241688555,0.2134084726598216,0,0
player_71f1e2c08de2,Daniel Vivian,2021-2022,Other,-1.6716444987778876,-0.6985612397879051,0,0
player_9da30ae907ea,Duan Vlahovi?,2021-2022,Other,-1.3239702715019792,-0.366430802466254,0,0
player_d37af8df2a64,Nikola Vlai?,2021-2022,Other,-1.3665714311435468,0.1317151997091451,0,0
player_b2ede1149c02,Andreas Voglsammer,2021-2022,Other,-1.6093877527444451,0.0076047455493319,0,0
player_9c0ac65919ff,Kevin Vogt,2021-2022,Other,-1.9342514250655205,-0.7302626877881843,0,0
player_ca4d4eaa7eae,Mërgim Vojvoda,2021-2022,Other,-1.7926872692899096,-0.4929331688837359,0,0
player_77ce3d462d79,Kevin Volland,2021-2022,Unknown,-1.3300404058529902,-1.0966173416763891,0,0
player_405092b1a639,Cristian Volpato,2021-2022,Other,2.0618135194013827,0.3222040907430066,1,0
player_88d18056f90d,Stefan de Vrij,2021-2022,Unknown,-1.2946223695527097,-1.1581948647700755,0,0
player_3dcd69195455,ime Vrsaljko,2021-2022,Other,-1.2715136932365163,-0.0302611738610165,0,0
player_85d4e69a2153,Nikola Vuk?evi?,2021-2022,Other,-0.5896862525851525,1.3522837481340222,0,0
player_534c5126c16d,Mat?j Vydra,2021-2022,Other,-1.4412555240024745,0.1198834243362786,0,0
player_567b283d1812,Walace,2021-2022,Other,-1.8624061010709625,-0.9248616614100136,0,0
player_a0b7c8efe0f2,Theo Walcott,2021-2022,Unknown,-1.2094412912331896,0.0453542509559779,0,0
player_4a944f6b20b3,Kyle Walker,2021-2022,Unknown,-0.9221050618471478,-1.0890650236774098,0,0
player_535fcf968514,Kyle Walker-Peters,2021-2022,Other,-2.0070845690051367,-0.7592805086927363,0,0
player_841a6734fe73,Sebastian Walukiewicz,2021-2022,Other,-1.0383761618279428,0.5074818388986919,0,0
player_dcf18247f4df,Aaron Wan-Bissaka,2021-2022,Other,-1.618090760562671,-0.5622728549840197,0,0
player_1953712158d5,Paul Wanner,2021-2022,Other,-0.3662730999805151,2.005894934093173,0,0
player_b7c518a30a0b,Danny Ward,2021-2022,Other,-1.438211058561608,0.2045419536651154,0,0
player_ae0ed73419c5,Joel Ward,2021-2022,Other,-1.9384125872673372,-0.6572447030909585,0,0
player_d00efe9b48c0,James Ward-Prowse,2021-2022,Other,-1.915709659338804,-1.2568540704832107,0,0
player_096f83851b57,Magnus Warming,2021-2022,Other,-1.146205623330817,1.5256517837488186,0,0
player_f6e1b4f43bd0,Daniel Wass,2021-2022,Unknown,0.3646072528829884,2.230726264278907,0,0
player_656eda72b77b,Ollie Watkins,2021-2022,Unknown,-1.615055035911085,-1.3382550212800235,0,0
player_e8135b0b157b,Timothy Weah,2021-2022,Unknown,-1.356264224012529,-0.7687211777138466,0,0
player_cc58514fc691,Adam Webster,2021-2022,Other,-1.4141386213285516,-0.410211690478488,0,0
player_40195624c42d,Wout Weghorst,2021-2022,Other,-1.729823968827238,-0.2399019021338371,0,0
player_0fccf6b6b9c9,Noah Weißhaupt,2021-2022,Other,-0.949752466994247,1.0779010022207884,0,0
player_7d03385f721d,Danny Welbeck,2021-2022,Unknown,-1.0235634179190551,-0.8997856951507102,0,0
player_7f301267a1b9,Timo Werner,2021-2022,Unknown,-1.0042025840440496,-0.7420631439000376,0,0
player_b5b1b7259e81,Ashley Westwood,2021-2022,Other,-2.116434999165768,-0.4791772162990376,0,0
player_503fa3246fc6,Ben White,2021-2022,Unknown,-1.5429693534772213,-1.317901640596657,0,0
player_f0715f7b7bdc,Silvan Widmer,2021-2022,Other,-2.0546680491682903,-1.0281630399519632,0,0
player_5ff9408cfc34,Georginio Wijnaldum,2021-2022,Unknown,-1.3821636836924902,-0.7531603118239989,0,0
player_a1483a57a675,Jetro Willems,2021-2022,Unknown,-1.230445403459022,-0.7053414682237826,0,0
player_55dd73d060bc,Brandon Williams,2021-2022,Other,-1.8238725712836716,-0.4791269908640791,0,0
player_9c887f66cd1b,Iñaki Williams,2021-2022,Other,-2.2812279765323065,-0.7923706866136428,0,0
player_c87a9844f0bb,Neco Williams,2021-2022,Other,5.075996337828576,5.293914163221866,3,0
player_e05ecd44ffc3,Nico Williams,2021-2022,Other,-1.8973818053829088,-0.0194382494694161,0,0
player_d7c8bf9cdd17,Joe Willock,2021-2022,Other,-1.7669885985376368,-0.588508819073254,0,0
player_de1500f73fe6,Callum Wilson,2021-2022,Other,-1.5718243458569947,-0.4007299051867801,0,0
player_fc545c1d2dc6,Patrick Wimmer,2021-2022,Other,-1.7825015076607988,-0.4166728327777852,0,0
player_f03e303e4b61,Jonas Wind,2021-2022,Other,-1.3440594018128271,-0.5126950622436504,0,0
player_9253d0a561d6,Marten Winkler,2021-2022,Other,-0.8443246725947146,2.064645938741395,0,0
player_8ca417abce77,Harry Winks,2021-2022,Unknown,-0.7593571958987009,-0.4243867007188978,0,0
player_54fa5024523a,Frederik Winther,2021-2022,Other,-1.2779611635806716,0.1975048589897696,0,0
player_6238df79b861,Florian Wirtz,2021-2022,Unknown,-0.9243066770019804,-1.17375247077817,0,0
player_95ec8137d567,Yoane Wissa,2021-2022,Other,-1.8414071268502967,-0.3274730881938973,0,0
player_a21d85a2df18,Axel Witsel,2021-2022,Unknown,-0.9408364570164484,-1.123116381711973,0,0
player_f5765cf4823d,Hannes Wolf,2021-2022,Other,-0.709998893462819,0.637431402232721,0,0
player_d019cc4524b1,Marius Wolf,2021-2022,Unknown,-0.908089002644455,-0.6985679247146814,0,0
player_2f6256336590,Luca Wollschläger,2021-2022,Other,1.204232472184123,4.552080621426425,3,0
player_3b9560d9a3a8,Jeong Woo-yeong,2021-2022,Other,-1.9208206884538697,-0.4868607809458865,0,0
player_ba6510b82c3e,Chris Wood,2021-2022,Other,-2.0515333618275364,-0.2231250733221557,0,0
player_af6b7bfda489,Freddie Woodman,2021-2022,Other,-1.980751949606919,0.1310657632655495,0,0
player_ba06b218db7b,Christopher Wooh,2021-2022,Other,-1.208614256579404,-0.2433565409346795,0,0
player_c247366ea607,Joscha Wosz,2021-2022,Other,1.5769931143626046,7.134517152191671,3,0
player_f8cd12a1012b,Granit Xhaka,2021-2022,Unknown,-1.090816061800701,-1.086604898427722,0,0
player_cd47ee443cec,Sekou Yansané,2021-2022,Other,0.3855987660152973,3.4226163119692417,3,0
player_c9e10dd1f144,Andriy Yarmolenko,2021-2022,Unknown,-0.7656811024314105,-0.0041879287546025,0,0
player_a10c899d6674,Yusuf Yazýcý,2021-2022,Other,-1.078163571559898,0.3462380446467865,0,0
player_dd85e5cc049c,Kelvin Yeboah,2021-2022,Other,-1.6083726679396324,0.2399676145078292,0,0
player_732fa79a9786,Gerard Yepes,2021-2022,Other,1.5388127364426254,4.752438626953585,3,0
player_b312a67b876f,Burak Yýlmaz,2021-2022,Other,-2.025810587157188,-0.4835726556371217,0,0
player_cf03400e2f22,Okay Yokuþlu,2021-2022,Other,-0.9439414437242754,0.7964651327589592,0,0
player_301b888cf7b1,Leny Yoro,2021-2022,Other,2.2312235201447037,6.7449048734290935,3,0
player_b87f24c6fb3b,Maya Yoshida,2021-2022,Other,-1.6228502415651571,-0.6481306239412391,0,0
player_04ea38897e41,Ashley Young,2021-2022,Unknown,-1.0926860313409383,-0.5265765421261508,0,0
player_9a4d5d69f1bb,Nathan Young-Coombes,2021-2022,Other,-1.557131617030771,1.949144174836916,0,0
player_e61b7333b1a2,Zaydou Youssouf,2021-2022,Other,-1.5922879130101577,-0.3276513416070261,0,0
player_c3389acaa6fb,Mattia Zaccagni,2021-2022,Unknown,0.2324889059736663,-1.0941340692205446,0,0
player_a61032d3b73e,Dan-Axel Zagadou,2021-2022,Unknown,-0.5246346381787408,-0.600316528938668,0,0
player_267c1d25d3c9,Wilfried Zaha,2021-2022,Other,-1.8091196207702385,-1.018913021303722,0,0
player_5fd8ea7c4958,Denis Zakaria,2021-2022,Unknown,-0.5376078485895466,-0.4505802261868011,0,0
player_29c484e30a14,Joseba Zaldúa,2021-2022,Other,-1.5175821905404947,0.0606661950594444,0,0
player_7123bbc45946,Nicola Zalewski,2021-2022,Other,-1.1539228674070796,0.0113067847523071,0,0
player_182f3b16aa10,Andre-Frank Zambo Anguissa,2021-2022,Other,-1.4341181817123343,-0.5359506194301619,0,0
player_555da97ebd2e,Nicolò Zaniolo,2021-2022,Unknown,-1.0569580094069533,-0.7429641814205223,0,0
player_ed8b588cfbe9,Alessandro Zanoli,2021-2022,Other,-1.223458037258285,0.4858163538710197,0,0
player_762f07ad9c15,Mattia Zanotti,2021-2022,Other,2.7262498477721326,8.26591402728434,3,0
player_67d7987f2f13,Gabriele Zappa,2021-2022,Other,-1.688477957518843,0.0480652229900134,0,0
player_d7aa74009f86,Oier Zarraga,2021-2022,Other,-1.7889257385887969,0.0649001683216173,0,0
player_c52bf3aab45b,Simone Zaza,2021-2022,Other,-0.2146846826785478,1.0394458516671643,0,0
player_f8a038d8e09a,Akim Zedadka,2021-2022,Other,-2.21737154574318,-1.0180037900873813,0,0
player_46ec786664a6,Deyovaisio Zeefuik,2021-2022,Other,-1.5387141601530552,0.2822262998782059,0,0
player_790ade158fe0,Marvin Zeegelaar,2021-2022,Other,-1.328047284188694,0.3189446278665621,0,0
player_e5ac76668dd1,Arber Zeneli,2021-2022,Other,-1.1340335386250615,0.0205056080400735,0,0
player_857f4f7a8862,Robin Zentner,2021-2022,Other,-2.8131530780506875,-0.679416301613367,0,0
player_58110250a303,Andi Zeqiri,2021-2022,Other,-1.6545485223967278,0.0472965461706416,0,0
player_6a56322f07a0,Mehdi Zerkane,2021-2022,Other,-0.7936007552229523,1.106251889692344,0,0
player_b11331d127bd,Edon Zhegrova,2021-2022,Other,-0.7543103262317814,0.0996930066869527,0,0
player_3d78b96191ee,Luca Zidane,2021-2022,Other,-1.8774477952370343,0.0097659115484396,0,0
player_01b947dd8a63,Piotr Zieli?ski,2021-2022,Other,-1.7719838232211018,-0.7382346880813172,0,0
player_a8f4e42ccca9,David Zima,2021-2022,Other,-1.5575630611400468,-0.2056934841116503,0,0
player_8cd76f34b84f,Christoph Zimmermann,2021-2022,Other,-1.0263755327921262,0.4726597709339736,0,0
player_89f4cba68559,Oleksandr Zinchenko,2021-2022,Unknown,-0.3546387901451852,-0.8601898254357294,0,0
player_1d045ce9715c,Hakim Ziyech,2021-2022,Unknown,-0.5536860796394667,-0.7981442232998499,0,0
player_b13a3d5d9e97,Jeroen Zoet,2021-2022,Unknown,-1.2899328470062414,-0.4752895187328648,0,0
player_d4e0ad2e522a,Simon Zoller,2021-2022,Other,-0.9046223478032164,-0.0578766026288063,0,0
player_4ef32dd77f50,Nadir Zortea,2021-2022,Other,-2.0347805501592164,-0.082633410448391,0,0
player_ff7780966363,Banhie Zoukrou,2021-2022,Other,-0.5327676347577249,1.4207985108633596,0,0
player_e6089260968a,Kurt Zouma,2021-2022,Unknown,-1.3607991416481942,-1.1360294544765208,0,0
player_67d211b7a042,Petar Zovko,2021-2022,Other,-0.9404481805522836,3.597348251037271,3,0
player_83ccb83ae942,Igor Zubeldia,2021-2022,Unknown,-1.0521609168158312,-0.6834920499165805,0,0
player_f4bb13abaf22,Martín Zubimendi,2021-2022,Unknown,-1.259223719928329,-1.2648986712881105,0,0
player_96e0524f528c,Szymon ?urkowski,2021-2022,Other,-1.6378268117233177,-0.7330635565224551,0,0
player_5c0730bf50a0,Martin Ødegaard,2021-2022,Unknown,-1.263377372408405,-1.427229133402609,0,0
player_8c739cdf0841,Milan ?uri?,2021-2022,Other,-2.18100269814892,-0.4680475686848736,0,0
player_600d12373cb0,Filip ?uri?i?,2021-2022,Other,-1.060775824420796,-0.0749941028230186,0,0
player_e683ca42c21a,Harry Kane,2025-2026,Unknown,6.124975195086586,-2.9894986081372203,1,0
player_c345f923860e,Viktor Gyökeres,2025-2026,Unknown,5.278493305610585,-2.3657902899762417,1,0
player_745563c4992c,Vinícius Júnior,2025-2026,Unknown,6.368713593159215,-1.5926056472104904,1,0
player_24cce60b451f,Tijjani Reijnders,2025-2026,Unknown,4.094995242344755,-2.1350752623839373,1,0
player_4e2f58deb2b8,Maghnes Akliouche,2025-2026,Unknown,4.323446165793114,-1.856735183857048,1,0
player_207e1b5caf22,Antonio Rüdiger,2025-2026,Unknown,5.077917983305434,-1.645666944325299,1,0
player_de6aafc3981e,Malik Tillman,2025-2026,Unknown,4.590208991080275,-1.2847245318008889,1,0
player_9fea623a8193,Thilo Kehrer,2025-2026,Unknown,5.000248699676594,-1.2998719102753638,1,0
player_776c6991eb94,Vanaken,2025-2026,Midfielder,3.431030811986606,-1.400486536993361,1,0
player_8627870878f5,Achraf Hakimi,2025-2026,Unknown,6.256137689037329,-2.0665132964366384,1,0
player_9cbdac0a339a,Ryan Flamingo,2025-2026,Unknown,4.3864183855413765,-1.7358281944035938,1,0
player_2b5f6dd3d9ee,Miguel Gutiérrez,2025-2026,Defender,3.3646653703356786,-1.3788292773279034,1,0
player_7f1fe292fe92,Virgil van Dijk,2025-2026,Unknown,4.293154016764836,-1.306221397729887,1,0
player_d8dbed86e211,Joshua Kimmich,2025-2026,Unknown,6.596236670282659,-1.701263395341909,1,0
player_497cfe9fd0a4,Koundé,2025-2026,Defender,4.059397121532289,-1.377380744800992,1,0
player_5901c69fcd37,Marc Casado,2025-2026,Other,5.294826938729583,-0.5272670805864134,1,0
player_2e0f935710dc,Stefan Ristovski,2025-2026,Defender,3.2784303801915544,-0.1741748845968742,1,0
player_4296d3efdf4a,Rico Lewis,2025-2026,Unknown,3.329987368118997,-1.4779139720465069,1,0
player_cba5cf13920b,Martinelli,2025-2026,Other,1.4642387715257656,-0.1559992198986192,0,0
player_6785d93caf5d,Kamil Piątkowski,2025-2026,Other,2.509095248670158,0.2467810836797805,1,0
player_eef684f4e125,Youngwoo Seol,2025-2026,Other,1.2656602366680572,0.0138698593742143,0,0
player_46d03ff7e303,Josip Mišić,2025-2026,Midfielder,4.47271340172741,-1.1100017729246086,1,0
player_ec29ab88ae62,Nico Schlotterbeck,2025-2026,Unknown,5.026383832987841,-1.7971821523768237,1,0
player_0a654a5bb1a3,Dávid Hancko,2025-2026,Unknown,3.636601582125187,-1.306823334712692,1,0
player_8d832a5f0b97,Filip Panák,2025-2026,Unknown,1.6932879454115668,-0.8072326244868919,1,0
player_dec6a43f91eb,Nuno Mendes,2025-2026,Unknown,4.449455230709691,-0.8961091297849906,1,0
player_003eebcdf7ee,Callum McGregor,2025-2026,Unknown,3.4679406050150514,-1.1399079919211272,1,0
player_c39471220d1b,Ederson,2025-2026,Unknown,3.0099013198208544,0.4115763249402213,1,0
player_f656e13f9419,Inbeom Hwang,2025-2026,Other,3.678097240931249,-0.3212252854981292,1,0
player_ecacf3df08f0,Angelo Stiller,2025-2026,Other,3.2122555096705443,-1.0158407232970117,1,0
player_ffdbda481ba1,Morten Hjulmand,2025-2026,Midfielder,2.985506415063513,-0.3709188776521397,1,0
player_f68cf23bbd7d,Pedro Henrique,2025-2026,Other,2.1214258553160112,0.0252784448862342,1,0
player_ce5ded749bd9,Stefan Posch,2025-2026,Unknown,4.006168975386596,0.0839475463285844,1,0
player_85ff19a0b162,Benjamin André,2025-2026,Unknown,4.92911490607545,-0.1952918795557999,1,0
player_409edc8a382a,Marten de Roon,2025-2026,Unknown,4.126111912091973,-1.2872919463926842,1,0
player_9d2fdd36e488,Alphonso Davies,2025-2026,Unknown,3.3740853305871106,-1.2132451723831883,1,0
player_152112ff5ea0,Piero Hincapié,2025-2026,Unknown,4.191204644404291,-1.2985671598420638,1,0
player_6a9e2f3aff86,Maxim De Cuyper,2025-2026,Unknown,2.9346902346228423,-1.0515965732799235,1,0
player_92330bcba441,Ladislav Krejčí,2025-2026,Forward,4.225928212183156,-0.8402788860134941,1,0
player_3c831b876181,Ryan Gravenberch,2025-2026,Unknown,2.837494943733173,-0.9540850411629426,1,0
player_10f11f1d1cec,Jusuf Gazibegović,2025-2026,Other,3.1349946459586784,0.2825445363383809,1,0
player_7977f24572f1,Pierre Kalulu,2025-2026,Unknown,2.9854511129270467,-1.1119789457748417,1,0
player_529db1f8cca5,Álvaro Carreras,2025-2026,Unknown,3.661518873190055,-0.7012662717925701,1,0
player_813ffd06e403,Dayot Upamecano,2025-2026,Unknown,5.08847239437444,-0.9288497920672724,1,0
player_98f2b5fddb94,Mykola Matviyenko,2025-2026,Defender,2.6263616393197173,-1.0134314924829888,1,0
player_e29d5203510a,Jonathan Tah,2025-2026,Unknown,3.4590126006482977,-0.7553957849176273,1,0
player_2a306354f1f3,Timi Elšnik,2025-2026,Other,1.615822056004141,0.0893629411103363,0,0
player_320b3a59a649,Marquinhos,2025-2026,Unknown,4.735552436256969,-1.105554236201209,1,0
player_84989f2d11a7,Kenny Lala,2025-2026,Other,1.3328612425467474,-0.4059247487379984,0,0
player_aba74852a671,Emanuel Aiwu,2025-2026,Other,2.556542579025085,0.1187560872458291,1,0
player_636280e6b55f,Olivier Boscagli,2025-2026,Unknown,4.687528659822521,-1.2922929624347317,1,0
player_39368de2b8b9,Willi Orbán,2025-2026,Unknown,3.209099399605024,-1.1787666021829766,1,0
player_377d96a466f8,Mechele,2025-2026,Defender,4.692869403522735,-1.220439922749713,1,0
player_274cf9250dfe,Valeriy Bondar,2025-2026,Defender,3.785439895643565,-0.5878281430276882,1,0
player_902e3ffe40f2,Alexsandro,2025-2026,Unknown,2.695106534723445,-0.8837103330812235,1,0
player_e6c2b0dea64e,Willian Pacho,2025-2026,Unknown,5.4277618213834185,-1.486389311416381,1,0
player_647431b5ca55,Gabriel,2025-2026,Defender,3.5757720278358947,-0.6599733226200143,1,0
player_228d61ec7686,Martin Vitík,2025-2026,Defender,2.279177580985289,-0.2521580894328993,1,0
player_ab31b939d596,William Saliba,2025-2026,Unknown,3.043361630517772,-1.0384428919156423,1,0
player_12f77d29cb53,Theo Hernández,2025-2026,Unknown,3.377106372580415,-1.252290497013347,1,0
player_6acdf072d197,Cesar Blackman,2025-2026,Unknown,1.8519318301263532,-0.7364245665020023,1,0
player_076ba58503be,Kévin Théophile-Catherine,2025-2026,Defender,2.4338578683401515,-0.8104509907984451,1,0
player_53f220de3b4f,Nasser Djiga,2025-2026,Other,1.7330358034661892,-0.5065613107124063,1,0
player_02dc5785b8e9,Soumaula Coulibaly,2025-2026,Other,2.0349344133597294,-0.521960915349569,1,0
player_37f823fc8300,Nicolás Otamendi,2025-2026,Unknown,2.751389189024075,-1.0053321605128804,1,0
player_184b4221a52c,Joel Ordóñez,2025-2026,Unknown,3.3802713275247256,-1.1382743281202343,1,0
player_de7a3bad2022,Kenan Bajrić,2025-2026,Defender,1.836890367757837,-0.7640513573378391,1,0
player_4d8ff79c4981,Jhon Lucumi,2025-2026,Defender,4.006186760248886,-0.6725787700607956,1,0
player_2e2f62930cca,Uroš Spajić,2025-2026,Defender,3.456969763950285,-0.4829973741231741,1,0
player_80e6e341d132,David Raya,2025-2026,Unknown,-0.0065284396991931,-0.4529829370905435,0,0
player_99f45ede9ec0,Péter Gulácsi,2025-2026,Unknown,0.8249317603531499,-0.7087670722061432,0,0
player_84973003fa3c,Marco Bizot,2025-2026,Other,-0.6361550224250443,0.0024344002077919,0,0
player_8456bbf8bb2b,Timon Wellenreuther,2025-2026,Unknown,0.4020187488435743,-0.5345234992527492,0,0
player_f005172b8579,Mignolet,2025-2026,Goalkeeper,0.2819226321288494,-0.5568335536259764,0,0
player_ea34f698d8e5,Dmytro Riznyk,2025-2026,Goalkeeper,0.367052385430963,-0.5460165734845126,0,0
player_f7ef8d705c90,Alexander Nübel,2025-2026,Unknown,0.4802165667382173,-0.6014484396285068,0,0
player_32ffcf9b4afc,Peter Vindahl,2025-2026,Other,-0.6825047847596155,0.027971857001691,0,0
player_8f30574fdf94,Jan Oblak,2025-2026,Unknown,-0.1815958141983347,-0.4221513160650602,0,0
player_a8ac70db7b9d,Franco Israel,2025-2026,Other,-0.3291980396287796,-0.1089851677182009,0,0
player_8bf2118b08ef,Yann Sommer,2025-2026,Unknown,0.6826709060630954,-0.6514518166047046,0,0
player_903ef530be42,Lucas Chevalier,2025-2026,Unknown,0.0341085647605251,-0.4513447158841434,0,0
player_b875298c4692,Kjell Scherpen,2025-2026,Goalkeeper,-0.1740101122907632,-0.403054133194371,0,0
player_b43877c38f29,Marco Carnesecchi,2025-2026,Unknown,-0.1423434267524728,-0.396666233488715,0,0
player_7a636c5b80e5,Dominik Takáč,2025-2026,Unknown,-0.4036521793249034,-0.3360229743046748,0,0
player_43ea3d808afd,Kasper Schmeichel,2025-2026,Unknown,0.6805112329651117,-0.1435247013377275,0,0
player_f9cd3d202d3e,?ukasz Skorupski,2025-2026,Other,-0.3107074008749859,-0.1174508557104898,0,0
player_3765f93901da,Anatoliy Trubin,2025-2026,Unknown,0.1377473297439874,-0.5080620929328382,0,0
player_654cd720056e,Paulo Gazzaniga,2025-2026,Other,-0.0807716955210086,0.7905212878320871,0,0
player_eb339db9cbfb,Kai Havertz,2025-2026,Unknown,2.898222445479658,-1.0934283034946235,1,0
player_7b30f5c90092,Alexis Mac Allister,2025-2026,Unknown,4.295583051379746,-0.5633527401876957,1,0
player_404c040cbecd,Maximilian Mittelstädt,2025-2026,Other,3.583755508506425,-0.3941600409242971,1,0
player_1537883d3763,Dmytro Kryskiv,2025-2026,Unknown,1.8979012163183704,-0.7474120613496535,1,0
player_5412a2fe7705,Anthony Rouault,2025-2026,Other,3.2524728177645508,-0.3835997861595094,1,0
player_6b52090a8c99,Konaté,2025-2026,Defender,4.734773001159546,-1.2044768846788243,1,0
player_b7278cab3611,Iñigo Martínez,2025-2026,Unknown,4.666915755564298,-1.8250064000040973,1,0
player_4c64c0193035,Freuler,2025-2026,Midfielder,2.853460876883096,-0.3865881555236745,1,0
player_71c393eeeb66,Fikayo Tomori,2025-2026,Unknown,3.839992828905959,-0.8465379992797797,1,0
player_3e24ccc24989,Kaan Kairinen,2025-2026,Other,2.362059416612554,-1.0615351567492757,1,0
player_62ccf72976f6,Johan Bakayoko,2025-2026,Unknown,3.965891700490386,-1.2236081129469547,1,0
player_4b319caa26e5,Loïs Openda,2025-2026,Unknown,2.605324496569923,-0.5498855898511852,1,0
player_d2f463eaedb5,Georgiy Sudakov,2025-2026,Midfielder,3.353134261460082,-1.4540331454081623,1,0
player_134829ce9332,Guram Kashia,2025-2026,Defender,3.12723154379063,-0.5020484922276384,1,0
player_091e91f3e8b6,Trincão,2025-2026,Forward,2.237934098623793,-0.6743333304306809,1,0
player_9ece8c004669,Enzo Millot,2025-2026,Other,4.207639004432966,-1.4280158387982145,1,0
player_4c1598531e91,Youssouf Fofana,2025-2026,Other,3.026750779606042,0.2364309098386994,1,0
player_e4a05610152b,Daizen Maeda,2025-2026,Unknown,3.0191522527780927,-1.378356889499002,1,0
player_b11331d127bd,Edon Zhegrova,2025-2026,Other,1.931062428531464,-0.8784523396634488,1,0
player_506bb40553d7,Alistair Johnston,2025-2026,Unknown,4.041958232332165,-0.1903563246697402,1,0
player_b76de050285f,Marko Tolić,2025-2026,Midfielder,2.946550220692588,-0.0308491770822566,1,0
player_6238df79b861,Florian Wirtz,2025-2026,Unknown,4.793175051564409,-1.650209272023751,1,0
player_f242caf039ff,Grimaldo,2025-2026,Defender,3.297594976422599,-1.3741096112190307,1,0
player_19d5cc5e7754,Luuk de Jong,2025-2026,Unknown,1.8706978438442663,-0.1691953658012236,1,0
player_e055476a2c64,Zeno Debast,2025-2026,Unknown,4.259900322115063,-1.6024794938697495,1,0
player_6409449e77e2,Zappacosta,2025-2026,Defender,2.990921693852041,-1.027738430071801,1,0
player_acbc99cec6be,Vanderson,2025-2026,Unknown,4.146998823368308,-1.0760490982392483,1,0
player_4819aef7f4a9,Oscar Gloukh,2025-2026,Midfielder,3.1506401687548773,-0.7497027264139712,1,0
player_b45e4dd5a042,Quinten Timber,2025-2026,Midfielder,4.722169946041697,-0.7871766455444181,1,0
player_8e238f007796,Tigran Barseghyan,2025-2026,Forward,1.610878177991913,-0.1548591771564543,0,0
player_43b7d71496c3,Ludovic Ajorque,2025-2026,Other,2.850120560353657,0.1281167065330969,1,0
player_feee7265221f,Mehdi Taremi,2025-2026,Unknown,2.0436390338064365,-1.1645753507357783,1,0
player_1984f437aada,William Bøving,2025-2026,Forward,1.6464585007253034,-0.7946711994432201,1,0
player_4c06b737b979,Dan Ndoye,2025-2026,Other,1.0856111680594005,-0.1903039756093324,0,0
player_c352f77c485f,Minjae Kim,2025-2026,Other,3.907484880950814,-0.8033312699822782,1,0
player_7d065c83f2c4,Warren Zaïre-Emery,2025-2026,Unknown,4.191107888419458,-1.347046434728253,1,0
player_6a73493a48e3,Dávid Strelec,2025-2026,Other,0.7295296013379967,-0.4400638315243473,0,0
player_90dfb7cdc147,Jude Bellingham,2025-2026,Unknown,4.418525530288402,-0.5972481956726018,1,0
player_88009c21e878,Mohamed Salah,2025-2026,Unknown,3.772745541336385,-1.8277157438648988,1,0
player_e7ab5bb9641e,Julian Brandt,2025-2026,Unknown,3.498341846391158,-1.056432442828551,1,0
player_836712a9097a,Sam Beukema,2025-2026,Other,2.671850443182462,-0.0734141760604216,1,0
player_7cd26b18c1f3,Sandro Lauper,2025-2026,Defender,2.803084815564643,-0.2899663266019749,1,0
player_a3e3c931ec2d,Igor Paixão,2025-2026,Unknown,2.653904391142617,-1.1386565943814952,1,0
player_1070e1455da5,Manuel Akanji,2025-2026,Unknown,4.649011421183283,-1.2488048018130933,1,0
player_eeae9dbd1aa6,Lamine Yamal,2025-2026,Unknown,3.7266395178200105,-1.4139694737901327,1,0
player_37f71b355479,Atakan Karazor,2025-2026,Other,3.817297973901223,-0.5904991075880475,1,0
player_9a9cb8c63f95,Christian Pulisic,2025-2026,Unknown,3.151537539558919,-1.763400987504644,1,0
player_7c3e1342812b,Qazim Laçi,2025-2026,Midfielder,2.816102989593974,-1.1672935840197711,1,0
player_c2da9b7bb702,Filip Ugrinic,2025-2026,Unknown,3.033649324441306,-0.4440506629403084,1,0
player_5f5041792c91,Amadou Haidara,2025-2026,Unknown,3.539593411558648,-0.9712474956247948,1,0
player_8451c34aa6ff,Matteo Dams,2025-2026,Other,3.714676538234288,0.5728860516581643,1,0
player_421cab3eb590,Orkun Kökçü,2025-2026,Unknown,3.031415216123236,-1.088624711271767,1,0
player_b4f2644b70fe,Arnau Martínez,2025-2026,Unknown,3.498598438245748,-0.1241510890247093,1,0
player_d2626d98ab4a,Bradley Barcola,2025-2026,Unknown,2.001400698419288,-0.8815754357324439,1,0
player_ed6aaa4ca87e,Arne Engels,2025-2026,Unknown,4.568486522688991,-1.6986379908797722,1,0
player_81c856596937,Erling Haaland,2025-2026,Unknown,3.8468766915377337,-1.9743104717849775,1,0
player_e67b30804bcd,Rade Krunic,2025-2026,Unknown,2.280860725029783,-0.7984766444812671,1,0
player_02c696ba6e35,Mike Maignan,2025-2026,Unknown,0.4389862672393456,-0.4634465284449808,0,0
player_d62634d2f447,Christos Tzolis,2025-2026,Unknown,3.886718421349992,-1.356624498979048,1,0
player_fe34e4da279e,Trent Alexander-Arnold,2025-2026,Unknown,2.4474529487130625,-0.8504247782618182,1,0
player_a055d3e58c07,Robert Lewandowski,2025-2026,Unknown,3.872470633958624,-2.112804416257676,1,0
player_42c5190b5158,Rafael Leão,2025-2026,Unknown,2.8139267029268145,-0.5862703831855225,1,0
player_7272ddfaeae0,Vlahović,2025-2026,Forward,4.2890907505829885,-1.809649455024968,1,0
player_510a6558e27c,Djimsiti,2025-2026,Defender,4.458212079953983,-1.5828811785535728,1,0
player_1732ec7c06e5,Valverde,2025-2026,Midfielder,2.943494465148355,-0.2728033625958664,1,0
player_62d0614a655f,Bafodé Diakité,2025-2026,Unknown,1.5186148225542222,-0.1614317924457485,0,0
player_81d6b862b661,Neuer,2025-2026,Unknown,0.5713551981495926,-0.4844911353680178,0,0
player_e6185335cc99,Raphinha,2025-2026,Unknown,5.185589783299938,-2.604154403358537,1,0
player_6797bdaada0e,Antoine Griezmann,2025-2026,Unknown,3.1015964342810807,-1.3478436501706827,1,0
player_ca5deb5b7a74,Guus Til,2025-2026,Unknown,1.6857511293825758,-0.6822056602038318,1,0
player_f111b551b972,Serge Gnabry,2025-2026,Unknown,3.8266026836399782,-0.8094425013737193,1,0
player_9fb947b00475,Mahdi Camara,2025-2026,Other,3.6781072621183073,-0.3308546797021524,1,0
player_90c66fe87098,Oleksandr Zubkov,2025-2026,Midfielder,3.093578069782966,-0.9512572032904693,1,0
player_508a4029b60f,Joel Monteiro,2025-2026,Other,1.7051234846757413,0.8656879300847747,0,0
player_f0a0be3f9aa7,Mika Biereth,2025-2026,Unknown,0.6875387427448746,-0.1236788522530655,0,0
player_8257bc4870db,Kerem Aktürkoglu,2025-2026,Unknown,3.130280016960065,-1.6393729495589235,1,0
player_829d3399b17e,Malick Yalcouye,2025-2026,Unknown,2.870117640032508,0.340725909027859,1,0
player_6866413cfc92,Danylo Ihnatenko,2025-2026,Other,2.734301769139408,0.6948309343756527,1,0
player_5a0e527424c8,Martin Baturina,2025-2026,Midfielder,3.149397366784404,-0.6204034235038811,1,0
player_1d89b2af6681,Andrea Cambiaso,2025-2026,Other,1.2719864191033972,-0.3032941439001158,0,0
player_af2954167c3a,Eguinaldo,2025-2026,Other,1.296349954391208,-0.2404733352987813,0,0
player_4bd6e69e6871,Fredrik Aursnes,2025-2026,Unknown,2.7514634071122197,0.109366856167962,1,0
player_9272cbb9e792,Phil Foden,2025-2026,Unknown,5.194016802908884,-2.2289450882916064,1,0
player_cd428d977792,Ademola Lookman,2025-2026,Other,2.2632932999929496,-0.9888250889494914,1,0
player_5a7b054a9b2a,Silas,2025-2026,Unknown,2.488557404923513,-0.466212080031866,1,0
player_43020b050aa8,Benjamin Sesko,2025-2026,Unknown,3.5500246680199314,-1.1074868500550543,1,0
player_af1244de0872,Karim Konaté,2025-2026,Other,2.624065601711429,-0.7163208273471394,1,0
player_ed52ac169a9e,Kylian Mbappé,2025-2026,Unknown,3.795685964400018,-1.616485218463523,1,0
player_0d2c070ab059,Savinho,2025-2026,Unknown,2.5098644375896773,-0.4448295799870697,1,0
player_04847a03f721,Thomas Partey,2025-2026,Unknown,3.0630635339757606,-0.8121668617645728,1,0
player_aef8100d4845,Kenan Yıldız,2025-2026,Other,1.4926511330846317,-0.4695404661493938,0,0
player_fe7309f99b7d,Pau Cubarsí,2025-2026,Unknown,2.6100468482719577,-0.6625574918256117,1,0
player_d5a5ae3a791c,Jeremie Frimpong,2025-2026,Unknown,2.457079501268007,0.0066953369026694,1,0
player_d891debcb4c5,Joaquin Seys,2025-2026,Unknown,2.307211422170743,-0.0573956467167037,1,0
player_947c31e8ecbb,Benjamin Henrichs,2025-2026,Unknown,3.4885055356493377,-0.3380388314359116,1,0
player_3d17376fda10,Deniz Undav,2025-2026,Unknown,3.0040666163651824,-1.0488079024666566,1,0
player_f87bbb7887e8,Janis Blaswich,2025-2026,Unknown,0.0909756540164871,0.2160203829963968,0,0
player_042b8f6f1523,Pedri,2025-2026,Unknown,1.7540758809946508,-0.6023601520583346,1,0
player_d325b431ba49,Emerson,2025-2026,Unknown,2.267604955276206,-0.5383386888122687,1,0
player_2dc0566a92e6,Nicolas Kühn,2025-2026,Unknown,3.0572539451605776,-1.4573963791245157,1,0
player_2edbd6eb2bb2,Edmond Tapsoba,2025-2026,Other,2.698494432030589,-0.3631521802880819,1,0
player_f8cd12a1012b,Granit Xhaka,2025-2026,Unknown,3.71216943060256,-0.2026083420970103,1,0
player_a21969edec74,Liam Scales,2025-2026,Other,3.2101952287022533,-1.2960212826181796,1,0
player_b41bec53fd05,Jeff Chabot,2025-2026,Unknown,2.652147670570807,-0.6417118692082429,1,0
player_eb7cb17f1598,Denzel Dumfries,2025-2026,Unknown,2.44025127496908,0.1138705994019103,1,0
player_8764c335b0a0,Emre Can,2025-2026,Unknown,5.119887973058666,-1.7978533507954804,1,0
player_a3767e7bce0a,Ferland Mendy,2025-2026,Unknown,1.4044974846045168,-0.4274167013801666,0,0
player_49c2339760f7,Donny van de Beek,2025-2026,Unknown,2.384246692276309,-0.4140368500275391,1,0
player_b6e867e1941b,Dominik Szoboszlai,2025-2026,Unknown,2.663479543648934,-1.129180918725568,1,0
player_65088f1ff54f,Artem Bondarenko,2025-2026,Midfielder,2.4940983412595488,-0.4740852390708918,1,0
player_57b38d575ff4,Matěj Ryneš,2025-2026,Midfielder,1.8517166257991704,0.2280933661730049,0,0
player_cb5b3166f2bd,Éder Militão,2025-2026,Unknown,2.456179376518277,0.3688157985211407,1,0
player_f758bfcceb92,Serhou Guirassy,2025-2026,Unknown,3.6951768219652426,-1.9682779690638148,1,0
player_f81ed5be9223,Reo Hatate,2025-2026,Unknown,3.665739573397474,-0.6444929819638556,1,0
player_67978452f760,Julián Álvarez,2025-2026,Unknown,1.3841930473464985,-0.8058760083936296,0,0
player_ab35d555ccdd,David López,2025-2026,Other,2.6886832397041758,-0.2679275777397965,1,0
player_f94df3a7f1ee,Leandro Trossard,2025-2026,Unknown,1.646062832453125,-0.6365943167326112,1,0
player_434342ab5570,Massadio Haidara,2025-2026,Unknown,1.670764966981258,0.1295781150120393,0,0
player_e70a884b8b5c,Auston Trusty,2025-2026,Unknown,2.431445829837108,-0.5331434261071497,1,0
player_d9b3ca7eba0d,Silvère Ganvoula,2025-2026,Unknown,1.6930953233177652,-0.4821533326618387,1,0
player_3bc89ff4028c,Josko Gvardiol,2025-2026,Unknown,3.611912417847352,-0.7328001896196765,1,0
player_941ac9568f57,João Neves,2025-2026,Unknown,3.545668486547188,-0.840244128695109,1,0
player_f9094c666102,Hugo Magnetti,2025-2026,Other,3.41988706221844,-0.7090160852692365,1,0
player_20816405720b,Lamine Camara,2025-2026,Unknown,3.388433813931404,0.5063515280397438,1,0
player_d1167a97171f,Lutsharel Geertruida,2025-2026,Defender,2.1108545647804755,0.1385501861680984,1,0
player_986a6542ac73,Breel Embolo,2025-2026,Unknown,3.2819083823805544,-0.6781254985603938,1,0
player_260e1ce89e4a,Sead Kolasinac,2025-2026,Unknown,2.420112496690991,-0.5770109156978752,1,0
player_df4f9eda9c89,Benjamin Pavard,2025-2026,Unknown,1.6722582492732998,-0.4262229670108903,1,0
player_9e77676d17b5,Gernot Trauner,2025-2026,Defender,4.259992544421219,-0.2161835313251621,1,0
player_a21d85a2df18,Axel Witsel,2025-2026,Unknown,2.956379569644509,-0.0147300956322647,1,0
player_22a20e673373,Yann Bisseck,2025-2026,Unknown,1.6353990065822024,-0.4649248713225888,1,0
player_92066ccff864,Matheus Nunes,2025-2026,Unknown,3.935121298212184,-1.06140549885201,1,0
player_4f3eec577141,Wilfried Singo,2025-2026,Unknown,4.309740698508685,-1.2886669709300558,1,0
player_5cd0d4dc7d45,Kevin Wimmer,2025-2026,Defender,2.69739941211304,-0.6726789680517499,1,0
player_6debe2654505,José María Giménez,2025-2026,Unknown,4.462940921214265,-0.0718188998385051,1,0
player_966f3b942e60,Teun Koopmeiners,2025-2026,Unknown,2.0729182403359494,-0.5189434350317925,1,0
player_b49993deb563,Declan Rice,2025-2026,Unknown,1.7112806515947538,-0.7290132901781653,1,0
player_f9e987c1edde,Raúl Torrente,2025-2026,Other,1.6377747494426045,-0.0896637018451629,0,0
player_c3a3dfd93c7a,Isak Hien,2025-2026,Unknown,2.750884438560353,-0.2458477313869251,1,0
player_fcf3c7d07159,Amar Dedić,2025-2026,Other,2.5081960929169838,-0.1246213943273933,1,0
player_9389fc6a4356,Tomás Araújo,2025-2026,Unknown,2.638919300525871,-0.6894794233978436,1,0
player_7c7fb886916d,Brendan Chardonnet,2025-2026,Unknown,2.267809993600053,-0.6198649870320302,1,0
player_9a75f211c7cc,Castello Lukeba,2025-2026,Unknown,3.172447810879379,0.185798831675412,1,0
player_b3dfa1249a3c,Angelo Preciado,2025-2026,Other,1.5930095948852825,0.3934040424535099,0,0
player_8f407ab48376,Iñaki Peña,2025-2026,Other,-0.6262766042550588,0.0374352503115575,0,0
player_2b870e5ae173,Gregor Kobel,2025-2026,Unknown,0.2663356199303793,-0.4612903944705145,0,0
player_c4ea01ac57d9,Lukas Hradecky,2025-2026,Unknown,0.2464673698737709,0.0340524476260769,0,0
player_03c0db319e58,Walter Benítez,2025-2026,Unknown,0.2926561834976971,0.0305856200473993,0,0
player_08952eaddcd4,Ivan Nevistić,2025-2026,Goalkeeper,-0.2862731847800615,-0.2977068593736648,0,0
player_86b1daadbfeb,Gianluigi Donnarumma,2025-2026,Unknown,0.0996968550015605,-0.4363676911551533,0,0
player_62aaf8724952,Jonathan David,2025-2026,Unknown,3.9336600059027504,-0.8506929462969974,1,0
player_2ec4da09e73a,Takumi Minamino,2025-2026,Unknown,2.6251005111005097,-1.1579258177393377,1,0
player_57fa75a0cdfc,Gabriel Gudmundsson,2025-2026,Unknown,1.7501711677359333,-0.3242647739568594,1,0
player_e3fdd5cfde76,Ramy Bensebaini,2025-2026,Unknown,2.859642807868726,0.0355720559245593,1,0
player_105515cbe034,Balde,2025-2026,Defender,1.822959314968642,-0.2285742043158787,1,0
player_05c5e5012876,Dimitri Lavalée,2025-2026,Defender,2.845791835109687,0.291964513336616,1,0
player_d17f64de18f8,Yukhym Konoplia,2025-2026,Other,1.4103276111842369,0.6427825698739214,0,0
player_5fd8ea7c4958,Denis Zakaria,2025-2026,Unknown,3.7326299362830784,-1.2245121188121766,1,0
player_a488ba6da247,Vangelis Pavlidis,2025-2026,Unknown,2.3764480737748577,-0.5895153303399654,1,0
player_4342ea84b31b,Petar Sučić,2025-2026,Other,3.119394437439636,-0.9197006963358466,1,0
player_7544f4cb2666,Tsimikas,2025-2026,Defender,3.385019490301721,-0.2086986863944385,1,0
player_217b7204b07f,Jamie Leweling,2025-2026,Other,2.8638883577163448,-0.8343744583299805,1,0
player_dd8ae2b58998,Jordan Lotomba,2025-2026,Other,0.5695882138786282,0.1614226689189088,0,0
player_e7254879888f,Ardon Jashari,2025-2026,Unknown,2.4236650652780427,-0.1657497946748419,1,0
player_2fc216919e8b,Tochi Chukwuani,2025-2026,Other,1.7540352830175774,0.363760250373647,0,0
player_31aa310aafe1,Max Johnston,2025-2026,Unknown,0.4423811803987247,0.3588606012662291,0,0
player_392a77a5a461,Ferran Jutglà,2025-2026,Unknown,0.8617710358715487,-0.4160866896809458,0,0
player_4ebf6fde5874,Mauro Júnior,2025-2026,Unknown,2.6112996690192003,0.5222687125520068,1,0
player_ea8b01b5c443,Kyriakos Savvidis,2025-2026,Other,1.6840275547771637,-0.0726472766911499,0,0
player_4ba8b9d70ba3,Ousmane Dembélé,2025-2026,Unknown,3.63331551284992,-1.0784446099896463,1,0
player_d167a8b5937a,Álvaro Morata,2025-2026,Unknown,3.0522903997121342,0.480365096461804,1,0
player_220d8e1ddbe5,Ángel Di María,2025-2026,Unknown,1.7838727830315988,-0.7813207989327297,1,0
player_5657a6446c66,Rodrigo De Paul,2025-2026,Unknown,2.077414626519252,0.1439618046385384,1,0
player_278a94fec91d,Cody Gakpo,2025-2026,Unknown,4.221121391519385,-1.2429343541889484,1,0
player_af9bce05f743,Aleix García,2025-2026,Unknown,2.714113267815053,0.4599408507345544,1,0
player_69b39f70b989,Otar Kiteishvili,2025-2026,Other,1.26107240383397,-0.1548022775590119,0,0
player_3e0e60c9d9da,Samson Baidoo,2025-2026,Other,2.839879930512428,0.3150987073002786,1,0
player_da06433fc9cb,Julian Ryerson,2025-2026,Unknown,2.48112649401526,-0.1197025416046389,1,0
player_15ee9f0a5ec3,Koke,2025-2026,Unknown,2.4378560745636677,-0.4333107931430728,1,0
player_9c182b74a141,Giovanni Fabbian,2025-2026,Other,1.1329429171085708,0.4465967565007786,0,0
player_f391b7b32a1b,Geovany Quenda,2025-2026,Unknown,1.0641868171748217,0.067646835917723,0,0
player_ed804f9ea171,Veljko Birmančević,2025-2026,Other,0.4450426341148099,-0.110655054989625,0,0
player_14e4dc777fc9,Bukayo Saka,2025-2026,Unknown,3.2135092963504333,-1.0442846294032018,1,0
player_5449dec1e0da,Xavi Simons,2025-2026,Unknown,1.3058227762271943,-0.5861034987136748,0,0
player_f14e866eb174,Peter Olayinka,2025-2026,Forward,2.2818380492137043,-0.5099287293106736,1,0
player_d56489e7bc8d,Michael Olise,2025-2026,Unknown,4.431304526218861,-1.2861978213024097,1,0
player_022e50b6ce95,Nahuel Molina,2025-2026,Unknown,2.128620632483435,-1.2848550343669096,1,0
player_f3265377e9ee,Hugo Bueno,2025-2026,Unknown,1.721297683448136,0.0825051346764046,0,0
player_fdbb97483129,Geny Catamo,2025-2026,Other,0.9538601022910738,0.1181283770637593,0,0
player_2c4bc4bbc866,Vitinha,2025-2026,Unknown,2.1336501928544465,-0.427285305701406,1,0
player_8acb948f222b,Piotr Zielinski,2025-2026,Unknown,1.1725942418802455,-0.3266888736522161,0,0
player_2c867326d116,Antoni Milambo,2025-2026,Unknown,2.629740812785073,-1.5283149741777438,1,0
player_68fbd143026c,Cherif Ndiaye,2025-2026,Other,0.8250029446168892,0.0500728018184196,0,0
player_f248b696a79f,Pascal Gross,2025-2026,Other,2.3207870187339963,0.2469421323304289,1,0
player_699dd713aade,Marcel Sabitzer,2025-2026,Unknown,2.2225451796311204,-0.4249331807437708,1,0
player_90f0a841395b,Florentino,2025-2026,Unknown,3.7143407123253382,-0.4852963803231664,1,0
player_683a37baa975,Jamie Gittens,2025-2026,Unknown,2.946661916748515,-1.3664243727084064,1,0
player_432b7ac355a8,Kyogo Furuhashi,2025-2026,Other,0.375572270323721,-0.1345612643868039,0,0
player_63631a8a501a,Aïssa Mandi,2025-2026,Other,1.0138824112285787,0.1320085636280479,0,0
player_88d18056f90d,Stefan de Vrij,2025-2026,Unknown,1.832095690011548,-0.0117209051298996,1,0
player_fb313d0cb61f,Josha Vagnoman,2025-2026,Other,0.8110797967872687,0.0731827238746256,0,0
player_7516c94deb9b,Jaouen Hadjam,2025-2026,Other,1.7402282750704323,0.512646307884932,0,0
player_f0623195668d,Weston McKennie,2025-2026,Unknown,1.967169839420956,-0.7797418893955077,1,0
player_b784f23349e5,Nicolás Capaldo,2025-2026,Unknown,1.7870914497626726,0.3622408060080203,0,0
player_99dd9ca537eb,Ruben Loftus-Cheek,2025-2026,Unknown,1.2084131652408954,-0.3939698424961828,0,0
player_7a35ca1caaaf,Michele Di Gregorio,2025-2026,Unknown,0.6365514528612953,-0.4487580818596075,0,0
player_a00245b99ab3,Raoul Bellanova,2025-2026,Unknown,2.1194481422163887,-0.5139586452704571,1,0
player_55c5336c0bf7,Victor  Olatunji,2025-2026,Other,1.640433959131631,-0.505344886805146,1,0
player_6247fc3b1848,Lewin Blum,2025-2026,Defender,2.170671953240123,0.1342120484562733,1,0
player_e3d0f3b9a582,Carlos Augusto,2025-2026,Unknown,1.332253562900906,-0.5230425208630823,0,0
player_df177ff2fb26,Thomas Beelen,2025-2026,Unknown,2.0729604262225108,-0.2135817532096901,1,0
player_6313a8ccd2e4,Yangel Herrera,2025-2026,Other,2.4235446974946657,0.4090519141476207,1,0
player_6931a7152678,Jamal Musiala,2025-2026,Unknown,4.234277728335159,-0.77903848093314,1,0
player_a62e4719da77,Federico Gatti,2025-2026,Unknown,1.9673355780384576,-0.4297473515155435,1,0
player_cae0f573b8b4,Hidemasa Morita,2025-2026,Other,0.922498563422114,0.8804673171948447,0,0
player_54951f272ebc,Ebrima Colley,2025-2026,Other,0.5479290654422612,0.7452465906164221,0,0
player_32139f18271f,Mateo Retegui,2025-2026,Unknown,1.805522572439041,-0.3745160163248799,1,0
player_79eaf55de9ab,Conor Gallagher,2025-2026,Unknown,2.199607990105386,-0.1203731835796151,1,0
player_2e05024589d2,Andreas Skov Olsen,2025-2026,Other,0.5216009296915793,0.1494047662184746,0,0
player_74a0a808dc50,Bernardo Silva,2025-2026,Unknown,1.164859312565537,-0.3362110060050114,0,0
player_09449b36f252,Aleksandr Golovin,2025-2026,Unknown,1.9698121689205297,-0.2124166925338251,1,0
player_fd93cd080a46,Abdallah Sima,2025-2026,Unknown,3.125943329315589,-0.7769928211043655,1,0
player_935f9c41357a,Lucas Vázquez,2025-2026,Unknown,2.8802334586017637,-0.1665402922213019,1,0
player_b0689095aef0,Takuya Ogiwara,2025-2026,Unknown,2.0782163784387304,-0.3722639679693504,1,0
player_503fa3246fc6,Ben White,2025-2026,Unknown,1.4398521560271098,0.1924552668414872,0,0
player_88f8b44a406d,Nikola Moro,2025-2026,Midfielder,2.055203281159805,0.3168401566067577,1,0
player_8e71804d6d1e,Reinildo,2025-2026,Defender,3.319112765793744,0.2607776833620064,1,0
player_3b221cc45695,Hakan Çalhanoglu,2025-2026,Unknown,3.121384952952508,-1.2185958612587544,1,0
player_3ab6a9883346,Francisco Conceição,2025-2026,Unknown,2.3128906452787263,-0.3622268655847198,1,0
player_c7e7463df10c,Edimilson Fernandes,2025-2026,Unknown,2.151732440317593,-0.6121040474882868,1,0
player_22a21fc29b6d,Riccardo Orsolini,2025-2026,Other,1.1144067713290056,0.6910726581880455,0,0
player_f7974783897f,Raphael Onyedika,2025-2026,Unknown,2.956996110905528,-0.6611384649127444,1,0
player_106783eb7835,Bryan Gil,2025-2026,Forward,1.660273845811258,0.2427919260603865,0,0
player_049e9db7dfd8,Felix Nmecha,2025-2026,Unknown,3.4787024552005064,-0.8252029954552078,1,0
player_5ef16e17864d,Ilkay Gündogan,2025-2026,Unknown,3.501460024321514,-0.8996531037813269,1,0
player_5e074ad43994,Antonio Nusa,2025-2026,Other,-0.0561297810679358,0.3474064653459248,0,0
player_b15c262e4c7e,Victor Boniface,2025-2026,Unknown,1.4948400234346828,-0.7854482888463797,0,0
player_0457ad397a67,Zachary Athekame,2025-2026,Unknown,1.888549672204924,0.5467597969067073,0,0
player_387b3371ae56,Bobby Clark,2025-2026,Other,1.26541658536669,0.1914015218471828,0,0
player_12104d6e7a9d,Andrija Maksimović,2025-2026,Unknown,1.0517755977030323,0.1860505855872795,0,0
player_eb32a9dc7bf5,Ousmane Diomande,2025-2026,Unknown,0.929532178830917,-0.1656523515740612,0,0
player_91e3bf924a67,Luis Díaz,2025-2026,Unknown,4.30221659378042,-1.2628147068210347,1,0
player_92c36fee2096,Alexander Bah,2025-2026,Unknown,3.006819216688273,-0.8222153704237577,1,0
player_93ebb8133798,Aurélien Tchouaméni,2025-2026,Unknown,2.314875740940547,-0.3161763820581642,1,0
player_166ace4fd11d,Kang-in Lee,2025-2026,Forward,2.29246150591161,-0.3685401410561703,1,0
player_0c2713d16a5e,Bojan Miovski,2025-2026,Other,0.900533218374753,-0.0002613908448461,0,0
player_d2cfe169e083,Nicolò Barella,2025-2026,Unknown,2.003277585019513,0.2922261452285087,1,0
player_a41408f863b0,Mamady Diambou,2025-2026,Other,1.964869128903384,0.4613906178274306,1,0
player_95daba8ab006,Ayyoub Bouaddi,2025-2026,Unknown,1.847884285847948,0.4043111578806481,0,0
player_6d1a9135f654,Ángel Correa,2025-2026,Unknown,2.389203100209753,0.5875931944086021,1,0
player_d5accc1d44f6,Eliesse Ben Seghir,2025-2026,Unknown,1.601324818914212,0.4175106208486556,0,0
player_965ca3540d63,Greg Taylor,2025-2026,Defender,1.6675646648922446,-0.2827902636983636,0,0
player_7111ed9c0205,Dorgeles Nene,2025-2026,Other,0.8326324818364694,0.4466271682376211,0,0
player_66c122c7fad5,Nicolò Fagioli,2025-2026,Other,1.2363223847138278,0.1120413006147223,0,0
player_7319b30e9da9,Pedro Gonçalves,2025-2026,Unknown,2.3228518216611618,-0.0848680179805003,1,0
player_eca7e37f009c,Jurriën Timber,2025-2026,Unknown,1.3200038571879504,-0.0864588752618793,0,0
player_ef84bab37b31,Ismael Saibari,2025-2026,Unknown,3.571115763576079,-1.0306023853134836,1,0
player_a9e313d86e45,Lukáš Haraslín,2025-2026,Other,0.9192897178468926,0.0383654048602608,0,0
player_aa577ff36263,Charles De Ketelaere,2025-2026,Unknown,1.516626822625722,-0.3300492555647627,0,0
player_00397b7dc25a,Seedy Jatta,2025-2026,Other,-0.2211308415517748,0.4734217727454475,0,0
player_e778c8e49c6b,Sandro Kulenović,2025-2026,Forward,2.548403468830387,-1.3792590720379172,1,0
player_fe8ae1417055,Maxime Bernauer,2025-2026,Defender,1.8411779755792133,-0.1324629740750297,1,0
player_844626043e1a,Bruno Petković,2025-2026,Forward,2.3428080274197085,-0.4735872767328087,1,0
player_8d9bc30019a7,Gonçalo Inacio,2025-2026,Unknown,1.671371460301832,-0.1482666109942348,0,0
player_df8dc6794e4e,Thijs Dallinga,2025-2026,Other,0.223657267041122,0.4048758777963377,0,0
player_ab65e467d7a2,Ronaël Pierre-Gabriel,2025-2026,Other,0.1844707036629076,0.5627419752042382,0,0
player_49e23d364906,Juan Miranda,2025-2026,Other,1.1125648318974857,0.525009961844413,0,0
player_c614f69307e2,Albion Rrahmani,2025-2026,Other,0.5464299839538322,0.7027405490164074,0,0
player_60fb725e6f41,Caio Henrique,2025-2026,Unknown,1.1502149531131836,-0.0874221806707363,0,0
player_e0b94d4d7767,Khephren Thuram,2025-2026,Midfielder,1.7628348497249395,-0.1519723576557978,1,0
player_be71d8a238a1,Luka Modric,2025-2026,Unknown,2.914080407150309,0.7353441976714618,1,0
player_83b1465db931,Cristhian Stuani,2025-2026,Other,1.3163001587664918,1.2674053914090293,0,0
player_97f076f58877,Davide Frattesi,2025-2026,Unknown,0.2643214017004617,0.1954331574446833,0,0
player_728fc9342c98,Gabriel Jesus,2025-2026,Unknown,1.430500232779919,0.5055340895924008,0,0
player_004ab6d016c6,Matheus Reis,2025-2026,Unknown,0.7068225757407619,-0.0621368841252465,0,0
player_4d4b71d70b57,Kastriot Imeri,2025-2026,Other,0.6806319240481024,0.3883886039532486,0,0
player_e89b16e4fa68,Danjuma,2025-2026,Midfielder,1.854447307795248,0.0447590434427999,1,0
player_c69a5c552399,António Silva,2025-2026,Unknown,0.8122543676507049,0.0320557240906273,0,0
player_48aeb40a2e59,Locatelli,2025-2026,Midfielder,3.061185856178291,-0.034161749523674,1,0
player_d5ca38b3a6c2,Christoph Baumgartner,2025-2026,Other,0.8210054929330668,0.4835051018162656,0,0
player_a7b9caeae14e,Adam Daghim,2025-2026,Other,-0.2663393194894387,1.16325910866835,0,0
player_09a8fc18f942,Lucas Gourna-Douath,2025-2026,Other,1.2186578311572558,0.9057632717031424,0,0
player_08a1e6a69c66,Konrad Laimer,2025-2026,Unknown,1.7322298872491453,-0.0544328862024494,0,0
player_197b26ddb02f,Lang,2025-2026,Forward,2.6335622699109256,-0.2258176419176577,1,0
player_be7fbf05b622,Iván Martín,2025-2026,Other,0.7046713337439321,0.8998700022303521,0,0
player_983d099d1aa2,Pierre Lees-Melou,2025-2026,Unknown,2.846243783253416,-0.2170146204865369,1,0
player_1366d51c0cbe,Jerdy Schouten,2025-2026,Unknown,3.352610381227202,-1.3070353127945722,1,0
player_d7e7d5e05658,Mohammed Salisu,2025-2026,Unknown,2.9980312961381927,-0.5984109490126365,1,0
player_b4a814e1e33b,David Raum,2025-2026,Unknown,1.470336949800368,0.2824083710103224,0,0
player_5fb296fb3d2e,Carvajal,2025-2026,Defender,1.7645018852983942,-0.2762337781408095,1,0
player_7905ead3ef36,Jaroslav Zelený,2025-2026,Defender,1.0723099065029005,-0.1845124054538474,0,0
player_ff7780966363,Banhie Zoukrou,2025-2026,Other,0.1415828084813401,0.1454625421140743,0,0
player_049d072102fa,Niklas Süle,2025-2026,Unknown,1.6340292383657655,-0.3720048674069056,0,0
player_eb8f341d651d,Mohamed Ali Camara,2025-2026,Defender,1.6489751091935925,-0.2877060226441823,0,0
player_743d0d498459,David von Ballmoos,2025-2026,Goalkeeper,-0.3344460403241904,-0.1781336575937457,0,0
player_8e312787757e,Marvin Keller,2025-2026,Unknown,0.0566999772738853,-0.273801147144725,0,0
player_370d1110fcd1,Radosław Majecki,2025-2026,Goalkeeper,-0.3237144538809041,-0.2334132400060198,0,0
player_783eaeb24b49,Alisson Becker,2025-2026,Unknown,-0.1209340436009099,-0.234358899818828,0,0
player_0a0e827db6f9,Caoimhín Kelleher,2025-2026,Other,-0.6243957372775126,0.1414582100626527,0,0
player_b3e578206caa,Stefan Ortega,2025-2026,Unknown,-0.1324674493168245,-0.3186898766602004,0,0
player_83fdf95f0e9e,Philipp Köhn,2025-2026,Unknown,-0.2501743699982758,-0.2564387472963986,0,0
player_879c46e5e0ee,Andriy Lunin,2025-2026,Unknown,-0.2704989960040608,-0.3022472717058869,0,0
player_2a41ce619ac8,Marko Ilić,2025-2026,Other,-1.3009892767844653,0.3511013589157545,0,0
player_fae787f35f26,Thibaut Courtois,2025-2026,Unknown,-0.0525034985986685,-0.2994225378398537,0,0
player_b1fe0b2cbad8,Omri Glazer,2025-2026,Unknown,-0.1415775703757474,-0.2731545639926535,0,0
player_27fe24e529ee,Matteo Gabbia,2025-2026,Other,1.3137020314990842,0.8338231260746037,0,0
player_57c3934fbd2c,Riccardo Calafiori,2025-2026,Other,0.8541787554347342,0.7970703184961014,0,0
player_514744d00cf0,Mitchel Bakker,2025-2026,Unknown,0.8752349447986065,0.0717094755897897,0,0
player_c2774b003e77,Niklas Geyrhofer,2025-2026,Unknown,1.3118675909745057,0.4763631679917474,0,0
player_6cc087d98460,Osame Sahraoui,2025-2026,Unknown,0.4050038671869372,0.0260014099460939,0,0
player_a218b248bdb4,Alessandro Bastoni,2025-2026,Unknown,2.183591155801932,0.0575995769741663,1,0
player_478dc0e94eb8,Henrikh Mkhitaryan,2025-2026,Unknown,2.3091767670423136,0.4274967974223407,1,0
player_2ff5e674cf5b,Rodrygo,2025-2026,Unknown,1.6103687847004566,-0.3395979352961846,0,0
player_1e22a9793436,Ayase Ueda,2025-2026,Unknown,0.5754632854397984,-0.7057854934605445,0,0
player_d7e6980f837b,Ermedin Demirović,2025-2026,Other,0.7191163784109922,1.3354872693115567,0,0
player_a5d084b2fa15,Maximiliano Araújo,2025-2026,Unknown,1.902747161154758,-0.4803857585828177,1,0
player_32fe4d4cbeb1,Fabián Ruiz,2025-2026,Unknown,1.4032321379897554,0.2571568164114659,0,0
player_9feca16902b3,Aleksa Terzić,2025-2026,Other,-0.0271655549322861,0.2366553699820545,0,0
player_0c9f9c6da48b,Pašalić,2025-2026,Midfielder,1.8808373699005905,0.0123900047498672,1,0
player_989e9d1056b1,Santiago Castro,2025-2026,Unknown,0.4448423818975373,0.651900387458749,0,0
player_193190f20cce,Daniel Bragança,2025-2026,Midfielder,3.2604055894172146,0.0263943631232877,1,0
player_556ebbfe37b7,Charalampos Lykogiannis,2025-2026,Other,0.766241515931149,0.6322840267178157,0,0
player_de452ea371c3,Núñez,2025-2026,Forward,2.181666049032096,-0.3995980309780237,1,0
player_5591b56afdad,Dálcio Gomes,2025-2026,Other,0.239655921255031,0.6598187148667186,0,0
player_f64ff5c24b7a,Cheikh Niasse,2025-2026,Other,1.43658574984591,1.3668883402275642,0,0
player_c69b4515a317,Raphaël Guerreiro,2025-2026,Unknown,1.7648462141183203,-0.7628535467315479,1,0
player_7f72ddbb0bf6,Aleksandar Pavlovic,2025-2026,Unknown,2.2118548088489858,-0.1694239878731107,1,0
player_e64154c5b0f0,João Palhinha,2025-2026,Unknown,2.523716111022281,0.0413484582066784,1,0
player_63ea2b82220d,Ibrahim Osman,2025-2026,Unknown,0.56289586913376,1.073107741440308,0,0
player_efd2a9529204,Chris Führich,2025-2026,Other,-0.2744885098233291,0.5174092755515151,0,0
player_1e17f07dd9e9,Matteo Darmian,2025-2026,Unknown,0.238774361257829,-0.0633118178468842,0,0
player_61b64f5179fc,Romain Del Castillo,2025-2026,Other,-0.1472853851753447,0.5861352734916192,0,0
player_0e793d0901e9,Nuno Santos,2025-2026,Forward,1.76104153555762,-0.8636902254173384,1,0
player_2a35e3cabdbc,John Stones,2025-2026,Unknown,3.3484848880126563,-0.3796482318322456,1,0
player_ca6a659464b0,Tomáš Wiesner,2025-2026,Defender,0.5302683609834751,0.1476243354776613,0,0
player_e3e8d0566205,Odilon Kossounou,2025-2026,Defender,2.2929108875033912,-0.1020571749569115,1,0
player_9eac63c9ae77,Arijan Ademi,2025-2026,Midfielder,1.6895109059576343,0.7463361120255447,0,0
player_c3164281ff66,Cameron Carter-Vickers,2025-2026,Unknown,2.241542351019729,0.3190423893215297,1,0
player_e5cecdcca45b,Alex Valle,2025-2026,Other,0.1252553812786757,0.3980673840296435,0,0
player_4f0d0daef77a,Juan Cabal,2025-2026,Unknown,1.6633596423585564,0.4141525120441824,0,0
player_e93e18f6de9d,Thomas Meunier,2025-2026,Unknown,1.3954976947619766,0.5543987676067674,0,0
player_ec878b562dc2,Waldemar Anton,2025-2026,Unknown,1.3871548368473223,0.1591104450650436,0,0
player_8ee16c178925,Exequiel Palacios,2025-2026,Unknown,2.49673460872666,0.3863481316584259,1,0
player_a97d73c3f74e,Marko Pjaca,2025-2026,Other,1.2195744452829855,-0.1311178575242007,0,0
player_24e5a1ce2cc9,Donyell Malen,2025-2026,Unknown,2.286190399058914,-0.4288927998656323,1,0
player_6a66c54972da,Hugo Vetlesen,2025-2026,Unknown,1.0682143478874118,0.9234868522015968,0,0
player_67ebeea09f7d,Samuel Lino,2025-2026,Unknown,1.335661877852061,0.2259941806519997,0,0
player_7331e24f5e7e,Lautaro Martínez,2025-2026,Unknown,1.9227202380713933,0.1610797900613583,1,0
player_be099bd1bc54,Łukasz Łakomy,2025-2026,Unknown,1.3699209710319464,0.2007096593383654,0,0
player_6d6e485a2b02,Tomi Horvat,2025-2026,Other,0.1942254942491301,1.2401534371578764,0,0
player_e82d8da90d33,El Bilal Touré,2025-2026,Other,0.4694086846473361,0.3638401367072905,0,0
player_7d236cb852e8,Kacper Urbanski,2025-2026,Other,0.0440719217285125,0.5940205135370157,0,0
player_3cc0535ac350,Vladimír Weiss,2025-2026,Forward,1.542766318811602,0.6769149586973747,0,0
player_7a5b39a3a7e1,Arthur Vermeeren,2025-2026,Other,0.4846070448212919,0.7293652375805438,0,0
player_c6768acae2f9,Nicolò Savona,2025-2026,Unknown,0.4909170312968307,0.2371221454985703,0,0
player_16603586f1ea,Anrie Chase,2025-2026,Other,0.1406877485733279,1.2991397085729532,0,0
player_75c8e2fae173,Alexander Sørloth,2025-2026,Other,0.9938932937045613,0.5384986754211,0,0
player_56e083e708c0,Javier Galán,2025-2026,Other,0.6158601603546321,1.112686677201322,0,0
player_ac6060a318e0,Rúben Dias,2025-2026,Unknown,1.7747303426931114,0.804122975329913,0,0
player_4fb98a432b0a,Karim Adeyemi,2025-2026,Unknown,2.856795386376777,-1.247653896729597,1,0
player_a64fb0969d24,Alan Virginius,2025-2026,Other,-0.9295140032381644,0.756497558821614,0,0
player_62463dc3d50a,Maximilian Beier,2025-2026,Unknown,1.09787397816433,0.2310549076846043,0,0
player_9d5e3ecdeb4c,Kevin,2025-2026,Unknown,0.8606999281656709,0.1743164157157461,0,0
player_b243bf1b08da,Nicolas Seiwald,2025-2026,Unknown,0.3939015306285542,0.2786461647318161,0,0
player_1cde35de5d0e,Camavinga,2025-2026,Midfielder,3.1181977840357056,1.5104903642884293,1,0
player_d24a9cc977d2,Stefan Bajcetic,2025-2026,Unknown,1.4576882518766825,0.4479230923744107,0,0
player_b0a57f780662,Asensio,2025-2026,Forward,0.2940795465476902,0.2199440666276071,0,0
player_30ced4451997,Mama Baldé,2025-2026,Unknown,0.6770459945007787,0.3563662878158182,0,0
player_227fa4b98fcc,Marko Arnautović,2025-2026,Forward,1.4801127131519878,-0.5562516536211235,0,0
player_3f54adc4a941,Lazar Samardzic,2025-2026,Other,0.12531121931573,0.5727836674368137,0,0
player_7b38e9b90548,Kamory Doumbia,2025-2026,Other,0.7961594849139679,0.6250241986132986,0,0
player_8fa2e3ddfe8d,Robert Andrich,2025-2026,Other,1.7507389922777543,0.6606828303822895,0,0
player_223a9432b6ba,Marcos Llorente,2025-2026,Unknown,0.9049247093134531,0.1123237796448723,0,0
player_2c04bdd6f52e,Ngal'ayel Mukau,2025-2026,Unknown,0.2512975598983048,0.1729901749703196,0,0
player_b66646b1e22b,Loris Benito,2025-2026,Other,0.2249488331931868,0.6318970508821717,0,0
player_fb4099f54a7b,Danylo Sikan,2025-2026,Forward,0.5124253703582368,0.3780414292319657,0,0
player_09bd9c0a655a,Juanpe,2025-2026,Unknown,1.9863672821724296,-0.8919403162011783,1,0
player_d83f7e7c1612,Oriol Romeu,2025-2026,Other,1.0385327099488728,1.2879507614397423,0,0
player_9c569aa0a194,Mattia Perin,2025-2026,Other,-0.5720574955002267,0.9977779711095176,0,0
player_6f85fd1c6d70,Mads Bidstrup,2025-2026,Other,0.8643177830510065,1.082633202950333,0,0
player_c4b2cb476bba,Samuel Iling-Junior,2025-2026,Other,-0.3373696747047998,0.9825303625102816,0,0
player_ac7a0857b92d,Amine Adli,2025-2026,Unknown,1.3789563760818149,0.2396020259502586,0,0
player_9ae39616f4af,Adam Idah,2025-2026,Other,0.1565070117279351,0.2245607880066239,0,0
player_f1adc4a3d850,Matias Fernandez-Pardo,2025-2026,Unknown,0.0725430865085315,0.3992632046021065,0,0
player_9cac928bd847,Viktor Tsygankov,2025-2026,Forward,0.8379537932991369,0.0407309162493647,0,0
player_a50a56678996,Sharani Zuberu,2025-2026,Unknown,0.4596546750619383,0.346878578498882,0,0
player_62bf43e2db26,Danilo,2025-2026,Unknown,2.4202912286072062,1.2601218958083653,1,0
player_a96e7c5895a0,Mikel Merino,2025-2026,Unknown,1.0747869798679248,0.3462415209317115,0,0
player_92522eaff06a,Tiago Santos,2025-2026,Other,0.293419158691705,0.7886694557132655,0,0
player_5d51ac6002bb,Francesco Acerbi,2025-2026,Unknown,0.1234585131241971,0.1536943447542746,0,0
player_64fd3759995d,Lovro Zvonarek,2025-2026,Other,-0.4823964825887143,0.8491173092379193,0,0
player_009f113733ae,Jeremy Doku,2025-2026,Other,0.8359424904250357,0.6161421461428226,0,0
player_e6fc2b934f4b,Frenkie de Jong,2025-2026,Unknown,1.5821479491727837,0.5635146457254145,0,0
player_907c0a2e7260,Leroy Sané,2025-2026,Unknown,1.8393764793128968,-0.195740673097894,1,0
player_0d0f8a3128d8,Nino Marcelli,2025-2026,Unknown,0.072306828743635,0.290334465481403,0,0
player_42a03214901c,Jonas Hofmann,2025-2026,Unknown,0.2292210929841529,0.0753159106635417,0,0
player_9322d5a0d585,Marcus Thuram,2025-2026,Unknown,1.491544836837134,-0.0639214427946479,0,0
player_9d01ed86b736,Rémy Cabella,2025-2026,Unknown,0.6375098534560798,0.2897718529602998,0,0
player_5ec239f75497,Matteo Ruggeri,2025-2026,Other,-0.2637078436138507,0.9298648843157664,0,0
player_46cb40011cbb,Kevin Kampl,2025-2026,Unknown,1.0268708412258314,0.1833750543787938,0,0
player_602d787d0e50,El Chadaille Bitshiabu,2025-2026,Other,-0.1954301283961582,0.6824612348872338,0,0
player_eb8a15dd10ea,Richard Ledezma,2025-2026,Unknown,1.2201956326786227,1.086923243347271,0,0
player_244491437a8b,Mateo Kovacic,2025-2026,Unknown,1.6135057408591775,0.9786283573543348,0,0
player_18713a12b134,Renato Sanches,2025-2026,Unknown,0.1094029149239495,0.8004266334917319,0,0
player_aa4ac908f1e2,Soungoutou Magassa,2025-2026,Other,0.1527220094209197,0.8449439700372857,0,0
player_71dfb59dce21,Yunus Musah,2025-2026,Unknown,0.5924776805858621,0.3374197272790211,0,0
player_f9407dc07aae,Paulo Bernardo,2025-2026,Midfielder,0.7700872896946295,0.6429727624398169,0,0
player_3407a408511d,Randal Kolo Muani,2025-2026,Unknown,0.7194648359821435,0.5166430447173127,0,0
player_c3f9c81ea578,Giuliano Simeone,2025-2026,Unknown,0.0286245523068889,0.3585280218762439,0,0
player_b0201335ae06,Marko Rog,2025-2026,Other,0.8464232980881401,1.2763195401996552,0,0
player_b73717357625,Tammy Abraham,2025-2026,Unknown,-0.4606119618007843,0.5074877257704346,0,0
player_ef05d0a3177c,Hendry Blank,2025-2026,Unknown,0.8109888799129492,0.4031566330861464,0,0
player_072586a7c5ad,Désiré Doué,2025-2026,Unknown,-0.0239133008995812,0.5636321445365305,0,0
player_eb81edcdfff5,Zeki Amdouni,2025-2026,Other,0.2102856703434825,1.371833126399595,0,0
player_ece9d25a0ca6,Jack Grealish,2025-2026,Unknown,0.2159993727760834,0.1932434822539541,0,0
player_3e9c82e39e20,Patrik Schick,2025-2026,Unknown,-0.0025526815764245,0.1945718950960321,0,0
player_449dbe64c804,Gerard Martín,2025-2026,Unknown,0.8857741383157575,0.513617575179641,0,0
player_8816fab38e5d,Ferran Torres,2025-2026,Unknown,0.4067113811012133,0.0380746254871854,0,0
player_292fc28cee82,Darian Males,2025-2026,Forward,0.6459346747326401,0.9988719797032608,0,0
player_733a98bec2ac,Bruno Duarte,2025-2026,Forward,0.4278372403713574,0.3246249202993502,0,0
player_bb382a42167f,Angel Gomes,2025-2026,Other,0.7536490663526775,1.8950076903510007,0,0
player_90b64822622d,Issa Kaboré,2025-2026,Other,0.2790983394748075,2.042778928449575,0,0
player_df162c830023,Martin Terrier,2025-2026,Unknown,-0.576528215895218,0.4548392041976893,0,0
player_2bbcad916c25,Andy Robertson,2025-2026,Other,0.1397716027962783,1.4939743056863546,0,0
player_620fee44416c,Malick Thiaw,2025-2026,Unknown,0.8749573614419885,-0.4001893117428345,0,0
player_1e32ff3d479e,Luka Ivanusec,2025-2026,Unknown,-0.3592410063018189,0.3515358100796936,0,0
player_7bd3801e1972,Diogo Jota,2025-2026,Unknown,0.3286560050027268,0.2172296872562286,0,0
player_62bc04aefa94,Rick Karsdorp,2025-2026,Unknown,0.7747281066712395,0.9809658881140544,0,0
player_12f049a8e56a,Bremer,2025-2026,Other,0.8859566749715126,1.071650815083964,0,0
player_b2eefa877575,Jones,2025-2026,Midfielder,1.2362307865273552,0.2004551661588597,0,0
player_f070f8e348b8,Kingsley Coman,2025-2026,Unknown,1.1987034295125465,0.5716034389319009,0,0
player_ed21be524f85,Fermín López,2025-2026,Unknown,1.6803477054768774,-0.6092577062466495,1,0
player_942e3f3a78fd,Dario Špikić,2025-2026,Other,0.7372369711017933,0.1709855627451731,0,0
player_0f027e51d59a,Rodrigo Riquelme,2025-2026,Other,-0.717110001976885,0.7965290759890795,0,0
player_52af92c53b81,Alejandro Francés,2025-2026,Unknown,1.425293783783948,1.167333821003638,0,0
player_9f9d744d76a1,Jan-Niklas Beste,2025-2026,Other,0.5269137799951709,0.3884514033167647,0,0
player_3f777be0f094,Strahinja Pavlovic,2025-2026,Unknown,0.0998747595442346,0.4266752621096024,0,0
player_14e4e631fb2c,Anis Hadj Moussa,2025-2026,Unknown,0.9128515579766296,-0.2702396032943724,0,0
player_c9292ce170f3,George Ilenikhena,2025-2026,Other,0.3509350759571555,0.387081078456695,0,0
player_76f9d784ac8d,Milan Rodić,2025-2026,Defender,0.0695921398263504,0.506725412656564,0,0
player_3912300087e5,Pablo Barrios,2025-2026,Unknown,0.3693734006614695,0.0993761422199416,0,0
player_b20664339dc5,Maurits Kjærgaard,2025-2026,Other,-0.1767250101861245,0.3968576228711312,0,0
player_999d89d1817f,Rodri,2025-2026,Unknown,1.4893349362949715,0.3136988409688834,0,0
player_ca87a85f0bc3,Jon Gorenc Stanković,2025-2026,Other,0.1001922882333893,1.2202398885697054,0,0
player_51c3d84ddb2b,Mirko Ivanić,2025-2026,Midfielder,0.1969387531797287,-0.1000281815565921,0,0
player_6e18d42eb159,Elias Cobbaut,2025-2026,Defender,0.1939601256311806,0.0100511386552755,0,0
player_4cc574b1b977,Clément Lenglet,2025-2026,Unknown,0.8513666055250712,0.2047548849281967,0,0
player_7951e8578d60,Siemen Voet,2025-2026,Other,-0.1301908506208398,0.5872537274233413,0,0
player_b278b37f2470,Julien Le Cardinal,2025-2026,Unknown,0.9965004281236493,0.7568569157781851,0,0
player_2ce451d96d3f,Samy Mmaee,2025-2026,Defender,0.3390728139458205,-0.0348615768981605,0,0
player_bbaee7fc46e1,Santiago Gimenez,2025-2026,Unknown,-0.6779212104396619,-0.0342639275590329,0,0
player_be17c68d91ad,Robin Le Normand,2025-2026,Unknown,0.5822648826337274,0.5720627881653809,0,0
player_39f3e93a9159,Daley Blind,2025-2026,Unknown,0.3922026413901266,0.0700838856448281,0,0
player_3dedbafc978e,Jahmai Simpson-Pusey,2025-2026,Unknown,0.284387859215984,-0.0467558333141726,0,0
player_978ef395a68e,Asger Sørensen,2025-2026,Defender,0.0940627967912784,-0.2104320028482103,0,0
player_3c3c583c0806,Alexander Meyer,2025-2026,Unknown,-0.1713046098398691,-0.1076195536603334,0,0
player_dd1533a90234,Danijel Zagorac,2025-2026,Goalkeeper,-0.5483625258499271,-0.0681424994907232,0,0
player_8dffd61e037b,Matvei Safonov,2025-2026,Goalkeeper,-0.5756328683056594,-0.1072564226235736,0,0
player_185a7c156d69,Joël Drommel,2025-2026,Unknown,-0.2137562745525604,-0.1100754451458599,0,0
player_5cc8f049b56a,Matej Kovar,2025-2026,Unknown,-0.2421531638146203,-0.148706314985499,0,0
player_50725125acca,Marc-André ter Stegen,2025-2026,Unknown,-0.3264788602234855,-0.0332721214061785,0,0
player_d1b0f1a319ed,Marlon Gomes,2025-2026,Unknown,0.4944737931277733,1.2218300543821696,0,0
player_7cf364e9d8ab,Vanja Drkušić,2025-2026,Other,-0.0450670056547679,0.4540477825301383,0,0
player_68242bd1ada5,Guélor Kanga,2025-2026,Midfielder,0.6574967776914913,0.476980595927686,0,0
player_5ee31c8ba2cc,Meschack Elia,2025-2026,Forward,0.1449426797496574,1.036227629809407,0,0
player_c48739e781f2,Romain Faivre,2025-2026,Unknown,-0.3748045963053917,0.4842130948975303,0,0
player_d924d93ac10f,Cedric Itten,2025-2026,Other,-0.8751980435182661,1.1221410795790483,0,0
player_6210d6b62356,Juraj Kucka,2025-2026,Other,-0.1602433541682783,0.3888874891244503,0,0
player_0918e2800455,Jordan Amavi,2025-2026,Other,-0.9366362271880648,0.4955756595988932,0,0
player_555da97ebd2e,Nicolò Zaniolo,2025-2026,Unknown,1.056891692853125,0.4717147995709813,0,0
player_3365e7eb8e9e,Thomas Müller,2025-2026,Unknown,0.0066348986820966,0.4334615831025833,0,0
player_19e4a5566daa,Casper Nielsen,2025-2026,Other,-0.0356820528034078,1.2630606125013275,0,0
player_87d19e4e75c3,Nicolás González,2025-2026,Unknown,1.0148017986152789,-0.3624368050444844,0,0
player_d1d554304cf4,Christian Mawissa,2025-2026,Unknown,0.5034397733583443,1.6819333991070444,0,0
player_4dd335579a4f,Benjamin Rollheiser,2025-2026,Unknown,-0.1031820725475243,0.4934472360835152,0,0
player_c71dddfdb272,Selvi Clua,2025-2026,Unknown,0.2193054068519561,0.1718748295587515,0,0
player_c1288caf3ebe,Luka Ilić,2025-2026,Midfielder,0.33649807450334,0.69241508593771,0,0
player_e8135b0b157b,Timothy Weah,2025-2026,Unknown,0.257288479243656,0.7405729787969023,0,0
player_c6bc457ab326,Leandro Morgalla,2025-2026,Other,-0.151376209203199,1.1185055299524072,0,0
player_8e35c9fffa17,Jakub Pešek,2025-2026,Forward,-0.5563880887273468,0.1671888742136695,0,0
player_4b2f586672ee,Fran García,2025-2026,Defender,0.6780069866788526,0.6449713271729908,0,0
player_2dfb0b34c4fb,Stepanenko,2025-2026,Midfielder,0.9797700074828491,1.2807601218299631,0,0
player_11de5d137ad2,Nathan Tella,2025-2026,Other,-0.1359521528524627,1.278468649441808,0,0
player_ec555200b37c,Ramiz Zerrouki,2025-2026,Other,-0.4232360635072183,1.058651912208882,0,0
player_8f11d2da2382,Nathan Aké,2025-2026,Unknown,1.4278542882296743,0.30811495795506,0,0
player_8a4f22f428c0,Nordi Mukiele,2025-2026,Unknown,0.2976393439541471,0.2494881764895024,0,0
player_3d9b09492a7c,Ermal Krasniqi,2025-2026,Other,-0.2357647539047812,1.3653451484818613,0,0
player_b1ef0953bf9b,Pascal Stenzel,2025-2026,Other,-0.4869877826558962,1.5007383995151593,0,0
player_afaf692bfe68,Erencan Yardımcı,2025-2026,Other,-0.2808850522541551,1.860398637696678,0,0
player_e8b4ab1dba02,Gijs Smal,2025-2026,Unknown,-0.2174960109563907,0.6337105328798163,0,0
player_9b87fea1dc5b,Newertton,2025-2026,Other,-0.6754718253609051,1.0590702048841198,0,0
player_a2ae241aeda7,Tommaso Pobega,2025-2026,Other,-0.6377996232527267,1.0813884863072856,0,0
player_eb3432755ef1,Amady Camara,2025-2026,Unknown,-0.1097296148650502,0.4383415967582103,0,0
player_fa83f49c2738,Davide Calabria,2025-2026,Unknown,0.1843598140933534,1.150963984283158,0,0
player_c66a5915ec86,Chemsdine Talbi,2025-2026,Unknown,-0.0776795308134605,0.3118911184024905,0,0
player_d8e6747686b6,Bart Nieuwkoop,2025-2026,Defender,0.724123729308353,0.3947540187449533,0,0
player_e850f2d5a822,Endrick,2025-2026,Unknown,1.850462533825276,0.6482395758122569,0,0
player_880d12955f99,Fabian Rieder,2025-2026,Midfielder,1.2675094491486203,0.945409118026808,0,0
player_5d978bac3469,Cuadrado,2025-2026,Midfielder,0.7259234057697403,0.8219704445505873,0,0
player_12004b8a6c60,Moussa Yeo,2025-2026,Unknown,0.0793005463397186,0.5998596445766406,0,0
player_023fca33041c,Folarin Balogun,2025-2026,Other,-0.0543027301908032,1.3224195111255774,0,0
player_563c524deb87,Alexander Schlager,2025-2026,Goalkeeper,0.0731814013718226,0.1328815458822262,0,0
player_6c70c129ef0a,Michał Skóraś,2025-2026,Forward,0.8256589888446175,1.921518035694328,0,0
player_25ae657ead27,Yan Couto,2025-2026,Unknown,-0.0986871024778141,0.6089765822178727,0,0
player_e840a4dd414d,Mohamed Bayo,2025-2026,Other,-0.6061045351908916,0.8044836220740929,0,0
player_90dbd5f4e958,Gustaf Nilsson,2025-2026,Other,-1.2021227049433694,0.5567325395039967,0,0
player_de28339a6717,Eduardo Quaresma,2025-2026,Defender,1.184487307471248,1.0640514181935123,0,0
player_d0cbfda69cf9,Kyriani Sabbe,2025-2026,Unknown,1.473026357601936,-0.4287194574393856,0,0
player_2ce777b8fff2,Joey Veerman,2025-2026,Unknown,0.2148472216732055,0.1789128383435407,0,0
player_8664911306cb,Yussuf Poulsen,2025-2026,Unknown,-0.3117076788208887,0.993178623298493,0,0
player_a44566da36ad,Jonas Martin,2025-2026,Other,0.2797141629118689,1.0107845579607442,0,0
player_44c60b8eb798,Ricardo Esgaio,2025-2026,Unknown,0.0782587470310642,0.5335174309747351,0,0
player_79ebe1f3ff2b,Couhaib Driouech,2025-2026,Unknown,0.0987499887352698,0.9001552298850274,0,0
player_7a5f93c6083f,James Mcatee,2025-2026,Other,1.0114406528724844,0.8568061982749443,0,0
player_c58128c7773c,Kevin De Bruyne,2025-2026,Unknown,0.6049839508882784,1.015765342648021,0,0
player_97521ac610ac,Chris-Kévin Nadje,2025-2026,Unknown,0.962425245503822,0.7384455133516051,0,0
player_ef4151d18e2b,Felício Milson,2025-2026,Unknown,1.994922693244248,-0.4528985661859812,1,0
player_38b848671a92,Noah Okafor,2025-2026,Unknown,-0.0824469435633762,0.4721163271469673,0,0
player_d0f7184cba83,Vinicius Tobias,2025-2026,Other,-0.1104508969899262,1.6408581041176755,0,0
player_ccd010ac777f,Luka Stojković,2025-2026,Unknown,0.1602679770289382,0.89538993524781,0,0
player_7209e338e67f,Federico Dimarco,2025-2026,Unknown,0.2806995926296404,0.6283699562016877,0,0
player_41f9dce758ac,Dani Olmo,2025-2026,Unknown,-0.4424218191282026,0.6886212519423858,0,0
player_e09e0a7ce1f1,Jens Odgaard,2025-2026,Other,-0.7383633141699925,1.1952485819312697,0,0
player_fe9474e2d8e1,Lassina Traoré,2025-2026,Forward,0.1502279982903437,0.8658022314484664,0,0
player_8a5d6de93055,Javi Serrano,2025-2026,Midfielder,0.854926101425856,1.2926281229463368,0,0
player_d81f78072bb4,John Mellberg,2025-2026,Other,0.2318156322050045,1.47305615368215,0,0
player_55eb8e5ee008,Alaa Ghram,2025-2026,Unknown,0.4184293115550157,1.4960569949421454,0,0
player_6d60b12e4036,Brahim Díaz,2025-2026,Unknown,0.1900468436017859,0.3978094435663511,0,0
player_7942acfcfa7d,Jakub Kiwior,2025-2026,Unknown,0.230783357476591,0.902955340074654,0,0
player_6f735d005f02,Ousmane Toure,2025-2026,Unknown,0.4174868219626997,1.4140397174900143,0,0
player_0ba8653244e1,Sven Ulreich,2025-2026,Unknown,-0.3330035778266366,0.2717089125301808,0,0
player_5cfeffd21e82,Douglas Luiz,2025-2026,Unknown,0.0248997237928018,0.9202527100352887,0,0
player_dc0a5b1358e4,Hyunjun,2025-2026,Unknown,0.0695728649794677,0.7898784994315494,0,0
player_e80e8e281750,Leon Goretzka,2025-2026,Unknown,2.591493198684458,1.0784732497112928,1,0
player_210f155fdd96,Kryštof Daněk,2025-2026,Unknown,-0.6329240453488699,0.4922712556563315,0,0
player_ec463f59c022,Julien Duranville,2025-2026,Other,0.2978372994308664,1.0286983132591765,0,0
player_9b62d9b38fbf,Chukwueze,2025-2026,Midfielder,0.9170436278831828,1.3774102332447842,0,0
player_1688f6585a3f,Cristian Portu,2025-2026,Forward,0.0146036706829063,0.7024221752679474,0,0
player_c4e884e3ec08,Yáser Asprilla,2025-2026,Unknown,0.0616609571144039,0.982903107217363,0,0
player_69d4d50d86af,Kristjan Asllani,2025-2026,Unknown,0.1264793796421955,1.0497167016433715,0,0
player_3bddb43380ae,Arda Güler,2025-2026,Other,-0.3654702013178443,1.2795582812683417,0,0
player_053afce6ba98,Raheem Sterling,2025-2026,Unknown,-0.0967269912390413,1.0340612806340952,0,0
player_b9f19e2ee3fa,Lorenzo Torriani,2025-2026,Unknown,-0.5590284146520389,0.4451776058931646,0,0
player_c4bf972b70eb,Mathias Pereira Lage,2025-2026,Unknown,0.5476357351530886,0.2539939893938817,0,0
player_2587a33c4f87,Róbert Mak,2025-2026,Forward,0.2618250336971118,1.058170042942429,0,0
player_f7edddd4ffb1,Jeremiah St. Juste,2025-2026,Other,-0.94334227457996,1.0754355463264216,0,0
player_57c772d84bc3,Ansu Fati,2025-2026,Other,-0.3713021821506271,1.603745146806647,0,0
player_2efb46bed4b7,Jorginho,2025-2026,Unknown,0.0442806829078846,1.1666881158391662,0,0
player_301cb01998b9,Sergi Dominguez,2025-2026,Other,-0.3256332858927767,1.5650924781484032,0,0
player_443d27ab0afe,Julián Carranza,2025-2026,Unknown,-0.2918270156138304,0.7173613479237376,0,0
player_d6a956f186a1,Jhon Solís,2025-2026,Other,-0.9393849193269768,1.2270122704063118,0,0
player_a2a0f31e35c9,Eljif Elmas,2025-2026,Unknown,-0.2245659290650254,0.9749055835434054,0,0
player_788fd7bc782e,Július Szöke,2025-2026,Unknown,-0.3931901645738821,0.8541682540098147,0,0
player_e79079d0397d,Pau Victor,2025-2026,Unknown,0.0525220556315658,1.1875677097798412,0,0
player_727a97a46d87,Lukáš Sadílek,2025-2026,Other,-0.7343277313502327,1.0435681864220876,0,0
player_580212ad667d,Krépin Diatta,2025-2026,Unknown,0.1300458643735052,1.2143736589226233,0,0
player_c8dbe583981a,Idjessi Metsoko,2025-2026,Unknown,-0.3533144176808701,0.9642951355440952,0,0
player_dffbcd39480b,Arthur Cabral,2025-2026,Forward,-0.4990499603068489,0.9993057616738968,0,0
player_c591472f6c42,Michel Aebischer,2025-2026,Other,-0.0751112228526327,2.5003174463923727,0,0
player_0ebff836c820,James Forrest,2025-2026,Unknown,-0.4573695952432254,0.6447380485338672,0,0
player_dfc12f9896be,Gavi,2025-2026,Unknown,0.2713875237430123,1.3417025109514673,0,0
player_d668284e9e8b,Ceballos,2025-2026,Midfielder,0.8253224565771891,1.382435617816056,0,0
player_1efd23f634ce,Rhodri Smith,2025-2026,Unknown,-0.311992819349924,0.549768914208926,0,0
player_a25f0df7c709,Nicolò Casale,2025-2026,Other,-0.6063858563961996,1.2049985074906082,0,0
player_6f8f849d9de8,Ibrahim Salah,2025-2026,Other,-0.1056704862955597,2.4832446931575127,0,0
player_cc1e4c1e31fb,Héctor Fort,2025-2026,Unknown,0.6977829668421501,1.649746757117115,0,0
player_9a187c2cc23a,Abdu Conté,2025-2026,Other,-1.2286394071709803,1.1420625240210018,0,0
player_9f3c08d8b13e,Gomez,2025-2026,Defender,0.6526095753620054,1.288519900040352,0,0
player_1ca918f9eda8,Pedrinho,2025-2026,Midfielder,0.7900625968280679,1.0287085988163425,0,0
player_fac66368f430,Ognjen Mimović,2025-2026,Unknown,-0.1687428307657273,0.8819416375121946,0,0
player_5da75ee4a22a,Aleksandar Katai,2025-2026,Forward,-0.4717545000917313,0.6345736292016927,0,0
player_33c85ca25f0e,Vasilije Adžić,2025-2026,Other,-0.8147735550340011,1.4413375349915607,0,0
player_ae845fc0c991,Eric Dier,2025-2026,Unknown,0.1489835322696419,1.1408250393356114,0,0
player_2454abfbc885,Ricardo Pepi,2025-2026,Other,-0.9050135086520876,1.2310100444363177,0,0
player_95a47ce8e1e2,Nemanja Radonjić,2025-2026,Forward,-0.3816122243799526,0.5819747180823737,0,0
player_94977695d9c2,Lukas Kačavenda,2025-2026,Unknown,1.0154910210126198,2.883782545099399,3,0
player_053b1bc0b308,Arbër Hoxha,2025-2026,Other,-0.799279698139171,1.5427844391831855,0,0
player_1c3d6bf773d2,Romeo Vermant,2025-2026,Other,-0.9080649575355632,1.8079218288021093,0,0
player_f4274f72c6ed,Myles Lewis-Skelly,2025-2026,Unknown,-0.1281660292834481,1.0047989287238714,0,0
player_137b162b76c7,Fredrik Oppegård,2025-2026,Defender,0.5356894122853146,1.2349635821231173,0,0
player_ced4ad326542,Jeyland Mitchell,2025-2026,Unknown,0.0360439740981446,1.4018314859147294,0,0
player_9471bd863100,Daouda Guindo,2025-2026,Other,0.84580421601655,0.0881401027014813,0,0
player_b87f9f401c32,Anthony Ralston,2025-2026,Defender,0.2360691981257342,1.1579447295722998,0,0
player_0c92f12a89d7,Eliot Matazo,2025-2026,Other,-1.022732012110603,1.320078751840885,0,0
player_f639a81f5793,Luis Palma,2025-2026,Unknown,-0.3347566700844663,0.6975472662793243,0,0
player_372ab6f8e02b,Conrad Harder,2025-2026,Unknown,0.2314497736854653,1.0943089125308028,0,0
player_9801a71c66f4,Conor Bradley,2025-2026,Unknown,-0.0957777817203477,1.4020698177484312,0,0
player_e3db9cafa552,Francesco Camarda,2025-2026,Other,-0.7522857035016657,1.9785044219649133,0,0
player_7269c76bdda1,Bjorn Meijer,2025-2026,Unknown,-0.689082183633362,0.8794804836082245,0,0
player_01031996771f,Luke McCowan,2025-2026,Unknown,-1.034353247554776,0.7787277618230538,0,0
player_b535539000ec,Artur Gajdoš,2025-2026,Other,0.4003472365358106,3.128576748388196,3,0
player_e992feae0008,Cole Campbell,2025-2026,Other,-2.2176362727114824,1.371093483054543,0,0
player_5c35be98496a,Assan Ouedraogo,2025-2026,Unknown,-1.1434868886102802,1.007056405078031,0,0
player_593299b30ae0,Isaac Babadi,2025-2026,Unknown,1.097703082608615,3.4939520113529845,3,0
player_547563f2b875,Jeanuel Belocian,2025-2026,Other,-0.8904465909272509,1.3176818006561817,0,0
player_57466ab0d34c,Min-su Kim,2025-2026,Unknown,-0.2558591321371902,0.9107627792383428,0,0
player_b93844b0a3f0,Indrit Tuci,2025-2026,Unknown,-1.0658741233591618,0.7732171251165417,0,0
player_4a944f6b20b3,Kyle Walker,2025-2026,Unknown,0.2663513883157576,1.1142286474842682,0,0
player_4269ee112bc1,Jastin García,2025-2026,Unknown,-0.5786666889721622,1.3924079132828031,0,0
player_b81f6b71811f,Lukáš Pauschek,2025-2026,Other,-1.3379996055866656,1.6257207740170057,0,0
player_a7d6c89c3843,Matúš Vojtko,2025-2026,Other,-1.036656628594706,1.3083287154372951,0,0
player_69cab7cb03a9,Eric García,2025-2026,Unknown,0.46917442762022,2.0504944534287044,0,0
player_65e2ed04c7c2,André Silva,2025-2026,Unknown,-0.4410691589730441,0.7634688101517954,0,0
player_02b078571f40,Senny Mayulu,2025-2026,Other,-1.3344595167270763,1.3255537291256456,0,0
player_147de566c9ca,Kassoum Ouattara,2025-2026,Other,-1.3370353368247865,2.399368093699774,0,0
player_fea7c9cc4081,Jarzinho Malanga,2025-2026,Other,-0.8594683943398868,1.3541857508850936,0,0
player_391c348778d7,Nico O’Reilly,2025-2026,Unknown,-0.4870455475967407,0.5940960036538118,0,0
player_f3a1bc76341d,Gregory Wüthrich,2025-2026,Defender,0.1566471400905531,0.8542997406515573,0,0
player_e978bc1805d8,Stefan Hierländer,2025-2026,Other,-1.2262330328567697,1.4200289926894274,0,0
player_2d780aa39437,Ethan Nwaneri,2025-2026,Unknown,-0.220396412371842,1.2887591923910215,0,0
player_4c92f0374994,Samuel Mbangula,2025-2026,Other,-1.0959056747545184,1.7237263585777087,0,0
player_3144e42bde72,Lewis Ferguson,2025-2026,Unknown,-0.6681301004025861,0.9764105575618944,0,0
player_89f4cba68559,Oleksandr Zinchenko,2025-2026,Unknown,-0.0427985872516352,1.540159332034848,0,0
player_df9555fa77e9,Yegor Prutsev,2025-2026,Other,-2.217688240904522,1.4427512055156797,0,0
player_fd88d26e039f,Facundo Gonzalez,2025-2026,Unknown,-0.2007976859995925,1.3678645665536315,0,0
player_3895b73e44dc,Pablo Torre,2025-2026,Other,-1.0067543657137987,1.1283005659723044,0,0
player_db3e248ac4cc,Markus Solbakken,2025-2026,Unknown,0.3084004204793464,2.383654517424373,0,0
player_d73671d240a3,Petar Ratkov,2025-2026,Other,-1.0367229742353514,1.092905622244496,0,0
player_843b6c9684bd,Ben Godfrey,2025-2026,Other,-0.7137330026319156,1.52975420137384,0,0
player_0c50e7983166,Leandro Barreiro,2025-2026,Unknown,1.625245376323,4.228462290225871,3,0
player_adeaa3a3cad6,Marco Brescianini,2025-2026,Midfielder,-1.2108212165832264,1.0865757037943735,0,0
player_57e94e00322d,Andres Cuenca,2025-2026,Other,-0.6950499383151973,1.7399769873172444,0,0
player_b5f284825124,Martin Suchomel,2025-2026,Unknown,0.0346063085510888,2.30865021271846,0,0
player_a24c576554cf,Mathys Tel,2025-2026,Other,0.2521240423241341,3.188889614505212,3,0
player_be77c3d1f06e,Adamo Nagalo,2025-2026,Unknown,-0.3546607369946314,0.9488894489197852,0,0
player_a624214365ca,Alen Mustafić,2025-2026,Other,-0.8051473922963472,2.338503953396544,0,0
player_1cf1afefd02b,Andreas Schjelderup,2025-2026,Unknown,0.936762236318004,3.905805790591984,3,0
player_4fd5f330286d,Jarell Quansah,2025-2026,Unknown,-0.1791146229326616,1.37792859367524,0,0
player_8b3cee71ae0b,Gjivai Zechiel,2025-2026,Unknown,1.121231053110192,4.689050632312764,3,0
player_d982bec9d7e9,Jonas Rouhi,2025-2026,Unknown,0.1747945514216677,2.206978082073375,0,0
player_a61032d3b73e,Dan-Axel Zagadou,2025-2026,Unknown,2.7067949238750884,6.44279255750932,3,0
player_a901d682d606,Ayman Azhil,2025-2026,Midfielder,-0.3655393282533501,0.6712867477124524,0,0
player_6702b9102d6a,Konstantin Schopp,2025-2026,Unknown,0.1747945514216677,2.206978082073375,0,0
player_5c0730bf50a0,Martin Ødegaard,2025-2026,Unknown,-0.3141517485627833,1.1218824631762006,0,0
player_b9272c9ba3de,Chiesa,2025-2026,Forward,-0.0746220187307823,1.1164663052651849,0,0
player_4b4bda32e06f,Wataru Endo,2025-2026,Other,1.2166998889247744,8.94544584542237,3,0
player_8b0a983229c6,Bartol Franjić,2025-2026,Midfielder,0.8932437426064762,4.456687279884806,3,0
player_788dbb4eb485,Lucas Beraldo,2025-2026,Unknown,1.3971603013827958,4.919717129316311,3,0
